[2025-06-20T14:34:48.563+0000] {processor.py:161} INFO - Started process (PID=99) to work on /home/airflow/.local/lib/python3.12/site-packages/airflow/example_dags/example_setup_teardown_taskflow.py
[2025-06-20T14:34:48.564+0000] {processor.py:830} INFO - Processing file /home/airflow/.local/lib/python3.12/site-packages/airflow/example_dags/example_setup_teardown_taskflow.py for tasks to queue
[2025-06-20T14:34:48.566+0000] {logging_mixin.py:188} INFO - [2025-06-20T14:34:48.566+0000] {dagbag.py:540} INFO - Filling up the DagBag from /home/airflow/.local/lib/python3.12/site-packages/airflow/example_dags/example_setup_teardown_taskflow.py
[2025-06-20T14:34:48.581+0000] {processor.py:840} INFO - DAG(s) 'example_setup_teardown_taskflow' retrieved from /home/airflow/.local/lib/python3.12/site-packages/airflow/example_dags/example_setup_teardown_taskflow.py
[2025-06-20T14:34:48.592+0000] {logging_mixin.py:188} INFO - [2025-06-20T14:34:48.592+0000] {dag.py:3096} INFO - Sync 1 DAGs
[2025-06-20T14:34:48.616+0000] {logging_mixin.py:188} INFO - [2025-06-20T14:34:48.615+0000] {dag.py:3954} INFO - Setting next_dagrun for example_setup_teardown_taskflow to 2025-06-19 00:00:00+00:00, run_after=2025-06-20 00:00:00+00:00
[2025-06-20T14:34:48.635+0000] {processor.py:183} INFO - Processing /home/airflow/.local/lib/python3.12/site-packages/airflow/example_dags/example_setup_teardown_taskflow.py took 0.078 seconds
[2025-06-20T14:35:20.248+0000] {processor.py:161} INFO - Started process (PID=163) to work on /home/airflow/.local/lib/python3.12/site-packages/airflow/example_dags/example_setup_teardown_taskflow.py
[2025-06-20T14:35:20.249+0000] {processor.py:830} INFO - Processing file /home/airflow/.local/lib/python3.12/site-packages/airflow/example_dags/example_setup_teardown_taskflow.py for tasks to queue
[2025-06-20T14:35:20.251+0000] {logging_mixin.py:188} INFO - [2025-06-20T14:35:20.251+0000] {dagbag.py:540} INFO - Filling up the DagBag from /home/airflow/.local/lib/python3.12/site-packages/airflow/example_dags/example_setup_teardown_taskflow.py
[2025-06-20T14:35:20.260+0000] {processor.py:840} INFO - DAG(s) 'example_setup_teardown_taskflow' retrieved from /home/airflow/.local/lib/python3.12/site-packages/airflow/example_dags/example_setup_teardown_taskflow.py
[2025-06-20T14:35:20.361+0000] {logging_mixin.py:188} INFO - [2025-06-20T14:35:20.361+0000] {dag.py:3096} INFO - Sync 1 DAGs
[2025-06-20T14:35:20.379+0000] {logging_mixin.py:188} INFO - [2025-06-20T14:35:20.379+0000] {dag.py:3954} INFO - Setting next_dagrun for example_setup_teardown_taskflow to 2025-06-19 00:00:00+00:00, run_after=2025-06-20 00:00:00+00:00
[2025-06-20T14:35:20.394+0000] {processor.py:183} INFO - Processing /home/airflow/.local/lib/python3.12/site-packages/airflow/example_dags/example_setup_teardown_taskflow.py took 0.152 seconds
[2025-06-20T14:35:50.849+0000] {processor.py:161} INFO - Started process (PID=221) to work on /home/airflow/.local/lib/python3.12/site-packages/airflow/example_dags/example_setup_teardown_taskflow.py
[2025-06-20T14:35:50.850+0000] {processor.py:830} INFO - Processing file /home/airflow/.local/lib/python3.12/site-packages/airflow/example_dags/example_setup_teardown_taskflow.py for tasks to queue
[2025-06-20T14:35:50.852+0000] {logging_mixin.py:188} INFO - [2025-06-20T14:35:50.851+0000] {dagbag.py:540} INFO - Filling up the DagBag from /home/airflow/.local/lib/python3.12/site-packages/airflow/example_dags/example_setup_teardown_taskflow.py
[2025-06-20T14:35:50.861+0000] {processor.py:840} INFO - DAG(s) 'example_setup_teardown_taskflow' retrieved from /home/airflow/.local/lib/python3.12/site-packages/airflow/example_dags/example_setup_teardown_taskflow.py
[2025-06-20T14:35:50.883+0000] {logging_mixin.py:188} INFO - [2025-06-20T14:35:50.883+0000] {dag.py:3096} INFO - Sync 1 DAGs
[2025-06-20T14:35:50.904+0000] {logging_mixin.py:188} INFO - [2025-06-20T14:35:50.904+0000] {dag.py:3954} INFO - Setting next_dagrun for example_setup_teardown_taskflow to 2025-06-19 00:00:00+00:00, run_after=2025-06-20 00:00:00+00:00
[2025-06-20T14:35:50.919+0000] {processor.py:183} INFO - Processing /home/airflow/.local/lib/python3.12/site-packages/airflow/example_dags/example_setup_teardown_taskflow.py took 0.076 seconds
[2025-06-20T14:36:21.868+0000] {processor.py:161} INFO - Started process (PID=279) to work on /home/airflow/.local/lib/python3.12/site-packages/airflow/example_dags/example_setup_teardown_taskflow.py
[2025-06-20T14:36:21.869+0000] {processor.py:830} INFO - Processing file /home/airflow/.local/lib/python3.12/site-packages/airflow/example_dags/example_setup_teardown_taskflow.py for tasks to queue
[2025-06-20T14:36:21.871+0000] {logging_mixin.py:188} INFO - [2025-06-20T14:36:21.871+0000] {dagbag.py:540} INFO - Filling up the DagBag from /home/airflow/.local/lib/python3.12/site-packages/airflow/example_dags/example_setup_teardown_taskflow.py
[2025-06-20T14:36:21.880+0000] {processor.py:840} INFO - DAG(s) 'example_setup_teardown_taskflow' retrieved from /home/airflow/.local/lib/python3.12/site-packages/airflow/example_dags/example_setup_teardown_taskflow.py
[2025-06-20T14:36:21.902+0000] {logging_mixin.py:188} INFO - [2025-06-20T14:36:21.902+0000] {dag.py:3096} INFO - Sync 1 DAGs
[2025-06-20T14:36:21.923+0000] {logging_mixin.py:188} INFO - [2025-06-20T14:36:21.922+0000] {dag.py:3954} INFO - Setting next_dagrun for example_setup_teardown_taskflow to 2025-06-19 00:00:00+00:00, run_after=2025-06-20 00:00:00+00:00
[2025-06-20T14:36:21.941+0000] {processor.py:183} INFO - Processing /home/airflow/.local/lib/python3.12/site-packages/airflow/example_dags/example_setup_teardown_taskflow.py took 0.079 seconds
[2025-06-20T14:36:52.490+0000] {processor.py:161} INFO - Started process (PID=337) to work on /home/airflow/.local/lib/python3.12/site-packages/airflow/example_dags/example_setup_teardown_taskflow.py
[2025-06-20T14:36:52.491+0000] {processor.py:830} INFO - Processing file /home/airflow/.local/lib/python3.12/site-packages/airflow/example_dags/example_setup_teardown_taskflow.py for tasks to queue
[2025-06-20T14:36:52.493+0000] {logging_mixin.py:188} INFO - [2025-06-20T14:36:52.493+0000] {dagbag.py:540} INFO - Filling up the DagBag from /home/airflow/.local/lib/python3.12/site-packages/airflow/example_dags/example_setup_teardown_taskflow.py
[2025-06-20T14:36:52.502+0000] {processor.py:840} INFO - DAG(s) 'example_setup_teardown_taskflow' retrieved from /home/airflow/.local/lib/python3.12/site-packages/airflow/example_dags/example_setup_teardown_taskflow.py
[2025-06-20T14:36:52.523+0000] {logging_mixin.py:188} INFO - [2025-06-20T14:36:52.523+0000] {dag.py:3096} INFO - Sync 1 DAGs
[2025-06-20T14:36:52.542+0000] {logging_mixin.py:188} INFO - [2025-06-20T14:36:52.542+0000] {dag.py:3954} INFO - Setting next_dagrun for example_setup_teardown_taskflow to 2025-06-19 00:00:00+00:00, run_after=2025-06-20 00:00:00+00:00
[2025-06-20T14:36:52.557+0000] {processor.py:183} INFO - Processing /home/airflow/.local/lib/python3.12/site-packages/airflow/example_dags/example_setup_teardown_taskflow.py took 0.073 seconds
[2025-06-20T14:37:22.973+0000] {processor.py:161} INFO - Started process (PID=411) to work on /home/airflow/.local/lib/python3.12/site-packages/airflow/example_dags/example_setup_teardown_taskflow.py
[2025-06-20T14:37:22.974+0000] {processor.py:830} INFO - Processing file /home/airflow/.local/lib/python3.12/site-packages/airflow/example_dags/example_setup_teardown_taskflow.py for tasks to queue
[2025-06-20T14:37:22.976+0000] {logging_mixin.py:188} INFO - [2025-06-20T14:37:22.976+0000] {dagbag.py:540} INFO - Filling up the DagBag from /home/airflow/.local/lib/python3.12/site-packages/airflow/example_dags/example_setup_teardown_taskflow.py
[2025-06-20T14:37:22.985+0000] {processor.py:840} INFO - DAG(s) 'example_setup_teardown_taskflow' retrieved from /home/airflow/.local/lib/python3.12/site-packages/airflow/example_dags/example_setup_teardown_taskflow.py
[2025-06-20T14:37:23.006+0000] {logging_mixin.py:188} INFO - [2025-06-20T14:37:23.006+0000] {dag.py:3096} INFO - Sync 1 DAGs
[2025-06-20T14:37:23.025+0000] {logging_mixin.py:188} INFO - [2025-06-20T14:37:23.025+0000] {dag.py:3954} INFO - Setting next_dagrun for example_setup_teardown_taskflow to 2025-06-19 00:00:00+00:00, run_after=2025-06-20 00:00:00+00:00
[2025-06-20T14:37:23.040+0000] {processor.py:183} INFO - Processing /home/airflow/.local/lib/python3.12/site-packages/airflow/example_dags/example_setup_teardown_taskflow.py took 0.073 seconds
[2025-06-20T14:37:53.534+0000] {processor.py:161} INFO - Started process (PID=469) to work on /home/airflow/.local/lib/python3.12/site-packages/airflow/example_dags/example_setup_teardown_taskflow.py
[2025-06-20T14:37:53.535+0000] {processor.py:830} INFO - Processing file /home/airflow/.local/lib/python3.12/site-packages/airflow/example_dags/example_setup_teardown_taskflow.py for tasks to queue
[2025-06-20T14:37:53.537+0000] {logging_mixin.py:188} INFO - [2025-06-20T14:37:53.536+0000] {dagbag.py:540} INFO - Filling up the DagBag from /home/airflow/.local/lib/python3.12/site-packages/airflow/example_dags/example_setup_teardown_taskflow.py
[2025-06-20T14:37:53.545+0000] {processor.py:840} INFO - DAG(s) 'example_setup_teardown_taskflow' retrieved from /home/airflow/.local/lib/python3.12/site-packages/airflow/example_dags/example_setup_teardown_taskflow.py
[2025-06-20T14:37:53.566+0000] {logging_mixin.py:188} INFO - [2025-06-20T14:37:53.565+0000] {dag.py:3096} INFO - Sync 1 DAGs
[2025-06-20T14:37:53.585+0000] {logging_mixin.py:188} INFO - [2025-06-20T14:37:53.585+0000] {dag.py:3954} INFO - Setting next_dagrun for example_setup_teardown_taskflow to 2025-06-19 00:00:00+00:00, run_after=2025-06-20 00:00:00+00:00
[2025-06-20T14:37:53.600+0000] {processor.py:183} INFO - Processing /home/airflow/.local/lib/python3.12/site-packages/airflow/example_dags/example_setup_teardown_taskflow.py took 0.072 seconds
[2025-06-20T14:38:24.071+0000] {processor.py:161} INFO - Started process (PID=527) to work on /home/airflow/.local/lib/python3.12/site-packages/airflow/example_dags/example_setup_teardown_taskflow.py
[2025-06-20T14:38:24.072+0000] {processor.py:830} INFO - Processing file /home/airflow/.local/lib/python3.12/site-packages/airflow/example_dags/example_setup_teardown_taskflow.py for tasks to queue
[2025-06-20T14:38:24.074+0000] {logging_mixin.py:188} INFO - [2025-06-20T14:38:24.074+0000] {dagbag.py:540} INFO - Filling up the DagBag from /home/airflow/.local/lib/python3.12/site-packages/airflow/example_dags/example_setup_teardown_taskflow.py
[2025-06-20T14:38:24.084+0000] {processor.py:840} INFO - DAG(s) 'example_setup_teardown_taskflow' retrieved from /home/airflow/.local/lib/python3.12/site-packages/airflow/example_dags/example_setup_teardown_taskflow.py
[2025-06-20T14:38:24.107+0000] {logging_mixin.py:188} INFO - [2025-06-20T14:38:24.107+0000] {dag.py:3096} INFO - Sync 1 DAGs
[2025-06-20T14:38:24.130+0000] {logging_mixin.py:188} INFO - [2025-06-20T14:38:24.130+0000] {dag.py:3954} INFO - Setting next_dagrun for example_setup_teardown_taskflow to 2025-06-19 00:00:00+00:00, run_after=2025-06-20 00:00:00+00:00
[2025-06-20T14:38:24.151+0000] {processor.py:183} INFO - Processing /home/airflow/.local/lib/python3.12/site-packages/airflow/example_dags/example_setup_teardown_taskflow.py took 0.086 seconds
[2025-06-20T14:38:54.942+0000] {processor.py:161} INFO - Started process (PID=585) to work on /home/airflow/.local/lib/python3.12/site-packages/airflow/example_dags/example_setup_teardown_taskflow.py
[2025-06-20T14:38:54.943+0000] {processor.py:830} INFO - Processing file /home/airflow/.local/lib/python3.12/site-packages/airflow/example_dags/example_setup_teardown_taskflow.py for tasks to queue
[2025-06-20T14:38:54.945+0000] {logging_mixin.py:188} INFO - [2025-06-20T14:38:54.945+0000] {dagbag.py:540} INFO - Filling up the DagBag from /home/airflow/.local/lib/python3.12/site-packages/airflow/example_dags/example_setup_teardown_taskflow.py
[2025-06-20T14:38:54.954+0000] {processor.py:840} INFO - DAG(s) 'example_setup_teardown_taskflow' retrieved from /home/airflow/.local/lib/python3.12/site-packages/airflow/example_dags/example_setup_teardown_taskflow.py
[2025-06-20T14:38:54.975+0000] {logging_mixin.py:188} INFO - [2025-06-20T14:38:54.975+0000] {dag.py:3096} INFO - Sync 1 DAGs
[2025-06-20T14:38:54.994+0000] {logging_mixin.py:188} INFO - [2025-06-20T14:38:54.994+0000] {dag.py:3954} INFO - Setting next_dagrun for example_setup_teardown_taskflow to 2025-06-19 00:00:00+00:00, run_after=2025-06-20 00:00:00+00:00
[2025-06-20T14:38:55.010+0000] {processor.py:183} INFO - Processing /home/airflow/.local/lib/python3.12/site-packages/airflow/example_dags/example_setup_teardown_taskflow.py took 0.074 seconds
[2025-06-20T14:39:25.180+0000] {processor.py:161} INFO - Started process (PID=643) to work on /home/airflow/.local/lib/python3.12/site-packages/airflow/example_dags/example_setup_teardown_taskflow.py
[2025-06-20T14:39:25.181+0000] {processor.py:830} INFO - Processing file /home/airflow/.local/lib/python3.12/site-packages/airflow/example_dags/example_setup_teardown_taskflow.py for tasks to queue
[2025-06-20T14:39:25.182+0000] {logging_mixin.py:188} INFO - [2025-06-20T14:39:25.182+0000] {dagbag.py:540} INFO - Filling up the DagBag from /home/airflow/.local/lib/python3.12/site-packages/airflow/example_dags/example_setup_teardown_taskflow.py
[2025-06-20T14:39:25.191+0000] {processor.py:840} INFO - DAG(s) 'example_setup_teardown_taskflow' retrieved from /home/airflow/.local/lib/python3.12/site-packages/airflow/example_dags/example_setup_teardown_taskflow.py
[2025-06-20T14:39:25.212+0000] {logging_mixin.py:188} INFO - [2025-06-20T14:39:25.211+0000] {dag.py:3096} INFO - Sync 1 DAGs
[2025-06-20T14:39:25.231+0000] {logging_mixin.py:188} INFO - [2025-06-20T14:39:25.231+0000] {dag.py:3954} INFO - Setting next_dagrun for example_setup_teardown_taskflow to 2025-06-19 00:00:00+00:00, run_after=2025-06-20 00:00:00+00:00
[2025-06-20T14:39:25.248+0000] {processor.py:183} INFO - Processing /home/airflow/.local/lib/python3.12/site-packages/airflow/example_dags/example_setup_teardown_taskflow.py took 0.074 seconds
[2025-06-20T14:39:55.521+0000] {processor.py:161} INFO - Started process (PID=701) to work on /home/airflow/.local/lib/python3.12/site-packages/airflow/example_dags/example_setup_teardown_taskflow.py
[2025-06-20T14:39:55.522+0000] {processor.py:830} INFO - Processing file /home/airflow/.local/lib/python3.12/site-packages/airflow/example_dags/example_setup_teardown_taskflow.py for tasks to queue
[2025-06-20T14:39:55.524+0000] {logging_mixin.py:188} INFO - [2025-06-20T14:39:55.524+0000] {dagbag.py:540} INFO - Filling up the DagBag from /home/airflow/.local/lib/python3.12/site-packages/airflow/example_dags/example_setup_teardown_taskflow.py
[2025-06-20T14:39:55.535+0000] {processor.py:840} INFO - DAG(s) 'example_setup_teardown_taskflow' retrieved from /home/airflow/.local/lib/python3.12/site-packages/airflow/example_dags/example_setup_teardown_taskflow.py
[2025-06-20T14:39:55.559+0000] {logging_mixin.py:188} INFO - [2025-06-20T14:39:55.558+0000] {dag.py:3096} INFO - Sync 1 DAGs
[2025-06-20T14:39:55.580+0000] {logging_mixin.py:188} INFO - [2025-06-20T14:39:55.580+0000] {dag.py:3954} INFO - Setting next_dagrun for example_setup_teardown_taskflow to 2025-06-19 00:00:00+00:00, run_after=2025-06-20 00:00:00+00:00
[2025-06-20T14:39:55.597+0000] {processor.py:183} INFO - Processing /home/airflow/.local/lib/python3.12/site-packages/airflow/example_dags/example_setup_teardown_taskflow.py took 0.083 seconds
[2025-06-20T14:40:25.807+0000] {processor.py:161} INFO - Started process (PID=759) to work on /home/airflow/.local/lib/python3.12/site-packages/airflow/example_dags/example_setup_teardown_taskflow.py
[2025-06-20T14:40:25.808+0000] {processor.py:830} INFO - Processing file /home/airflow/.local/lib/python3.12/site-packages/airflow/example_dags/example_setup_teardown_taskflow.py for tasks to queue
[2025-06-20T14:40:25.810+0000] {logging_mixin.py:188} INFO - [2025-06-20T14:40:25.809+0000] {dagbag.py:540} INFO - Filling up the DagBag from /home/airflow/.local/lib/python3.12/site-packages/airflow/example_dags/example_setup_teardown_taskflow.py
[2025-06-20T14:40:25.819+0000] {processor.py:840} INFO - DAG(s) 'example_setup_teardown_taskflow' retrieved from /home/airflow/.local/lib/python3.12/site-packages/airflow/example_dags/example_setup_teardown_taskflow.py
[2025-06-20T14:40:25.839+0000] {logging_mixin.py:188} INFO - [2025-06-20T14:40:25.839+0000] {dag.py:3096} INFO - Sync 1 DAGs
[2025-06-20T14:40:25.859+0000] {logging_mixin.py:188} INFO - [2025-06-20T14:40:25.859+0000] {dag.py:3954} INFO - Setting next_dagrun for example_setup_teardown_taskflow to 2025-06-19 00:00:00+00:00, run_after=2025-06-20 00:00:00+00:00
[2025-06-20T14:40:25.874+0000] {processor.py:183} INFO - Processing /home/airflow/.local/lib/python3.12/site-packages/airflow/example_dags/example_setup_teardown_taskflow.py took 0.072 seconds
[2025-06-20T14:40:56.022+0000] {processor.py:161} INFO - Started process (PID=817) to work on /home/airflow/.local/lib/python3.12/site-packages/airflow/example_dags/example_setup_teardown_taskflow.py
[2025-06-20T14:40:56.023+0000] {processor.py:830} INFO - Processing file /home/airflow/.local/lib/python3.12/site-packages/airflow/example_dags/example_setup_teardown_taskflow.py for tasks to queue
[2025-06-20T14:40:56.025+0000] {logging_mixin.py:188} INFO - [2025-06-20T14:40:56.024+0000] {dagbag.py:540} INFO - Filling up the DagBag from /home/airflow/.local/lib/python3.12/site-packages/airflow/example_dags/example_setup_teardown_taskflow.py
[2025-06-20T14:40:56.034+0000] {processor.py:840} INFO - DAG(s) 'example_setup_teardown_taskflow' retrieved from /home/airflow/.local/lib/python3.12/site-packages/airflow/example_dags/example_setup_teardown_taskflow.py
[2025-06-20T14:40:56.055+0000] {logging_mixin.py:188} INFO - [2025-06-20T14:40:56.054+0000] {dag.py:3096} INFO - Sync 1 DAGs
[2025-06-20T14:40:56.074+0000] {logging_mixin.py:188} INFO - [2025-06-20T14:40:56.074+0000] {dag.py:3954} INFO - Setting next_dagrun for example_setup_teardown_taskflow to 2025-06-19 00:00:00+00:00, run_after=2025-06-20 00:00:00+00:00
[2025-06-20T14:40:56.090+0000] {processor.py:183} INFO - Processing /home/airflow/.local/lib/python3.12/site-packages/airflow/example_dags/example_setup_teardown_taskflow.py took 0.074 seconds
[2025-06-20T14:41:26.641+0000] {processor.py:161} INFO - Started process (PID=875) to work on /home/airflow/.local/lib/python3.12/site-packages/airflow/example_dags/example_setup_teardown_taskflow.py
[2025-06-20T14:41:26.641+0000] {processor.py:830} INFO - Processing file /home/airflow/.local/lib/python3.12/site-packages/airflow/example_dags/example_setup_teardown_taskflow.py for tasks to queue
[2025-06-20T14:41:26.643+0000] {logging_mixin.py:188} INFO - [2025-06-20T14:41:26.643+0000] {dagbag.py:540} INFO - Filling up the DagBag from /home/airflow/.local/lib/python3.12/site-packages/airflow/example_dags/example_setup_teardown_taskflow.py
[2025-06-20T14:41:26.652+0000] {processor.py:840} INFO - DAG(s) 'example_setup_teardown_taskflow' retrieved from /home/airflow/.local/lib/python3.12/site-packages/airflow/example_dags/example_setup_teardown_taskflow.py
[2025-06-20T14:41:26.673+0000] {logging_mixin.py:188} INFO - [2025-06-20T14:41:26.672+0000] {dag.py:3096} INFO - Sync 1 DAGs
[2025-06-20T14:41:26.693+0000] {logging_mixin.py:188} INFO - [2025-06-20T14:41:26.692+0000] {dag.py:3954} INFO - Setting next_dagrun for example_setup_teardown_taskflow to 2025-06-19 00:00:00+00:00, run_after=2025-06-20 00:00:00+00:00
[2025-06-20T14:41:26.709+0000] {processor.py:183} INFO - Processing /home/airflow/.local/lib/python3.12/site-packages/airflow/example_dags/example_setup_teardown_taskflow.py took 0.074 seconds
[2025-06-20T14:41:57.776+0000] {processor.py:161} INFO - Started process (PID=933) to work on /home/airflow/.local/lib/python3.12/site-packages/airflow/example_dags/example_setup_teardown_taskflow.py
[2025-06-20T14:41:57.777+0000] {processor.py:830} INFO - Processing file /home/airflow/.local/lib/python3.12/site-packages/airflow/example_dags/example_setup_teardown_taskflow.py for tasks to queue
[2025-06-20T14:41:57.779+0000] {logging_mixin.py:188} INFO - [2025-06-20T14:41:57.779+0000] {dagbag.py:540} INFO - Filling up the DagBag from /home/airflow/.local/lib/python3.12/site-packages/airflow/example_dags/example_setup_teardown_taskflow.py
[2025-06-20T14:41:57.788+0000] {processor.py:840} INFO - DAG(s) 'example_setup_teardown_taskflow' retrieved from /home/airflow/.local/lib/python3.12/site-packages/airflow/example_dags/example_setup_teardown_taskflow.py
[2025-06-20T14:41:57.809+0000] {logging_mixin.py:188} INFO - [2025-06-20T14:41:57.808+0000] {dag.py:3096} INFO - Sync 1 DAGs
[2025-06-20T14:41:57.828+0000] {logging_mixin.py:188} INFO - [2025-06-20T14:41:57.828+0000] {dag.py:3954} INFO - Setting next_dagrun for example_setup_teardown_taskflow to 2025-06-19 00:00:00+00:00, run_after=2025-06-20 00:00:00+00:00
[2025-06-20T14:41:57.843+0000] {processor.py:183} INFO - Processing /home/airflow/.local/lib/python3.12/site-packages/airflow/example_dags/example_setup_teardown_taskflow.py took 0.073 seconds
[2025-06-20T14:42:28.218+0000] {processor.py:161} INFO - Started process (PID=991) to work on /home/airflow/.local/lib/python3.12/site-packages/airflow/example_dags/example_setup_teardown_taskflow.py
[2025-06-20T14:42:28.219+0000] {processor.py:830} INFO - Processing file /home/airflow/.local/lib/python3.12/site-packages/airflow/example_dags/example_setup_teardown_taskflow.py for tasks to queue
[2025-06-20T14:42:28.221+0000] {logging_mixin.py:188} INFO - [2025-06-20T14:42:28.221+0000] {dagbag.py:540} INFO - Filling up the DagBag from /home/airflow/.local/lib/python3.12/site-packages/airflow/example_dags/example_setup_teardown_taskflow.py
[2025-06-20T14:42:28.230+0000] {processor.py:840} INFO - DAG(s) 'example_setup_teardown_taskflow' retrieved from /home/airflow/.local/lib/python3.12/site-packages/airflow/example_dags/example_setup_teardown_taskflow.py
[2025-06-20T14:42:28.251+0000] {logging_mixin.py:188} INFO - [2025-06-20T14:42:28.251+0000] {dag.py:3096} INFO - Sync 1 DAGs
[2025-06-20T14:42:28.271+0000] {logging_mixin.py:188} INFO - [2025-06-20T14:42:28.271+0000] {dag.py:3954} INFO - Setting next_dagrun for example_setup_teardown_taskflow to 2025-06-19 00:00:00+00:00, run_after=2025-06-20 00:00:00+00:00
[2025-06-20T14:42:28.287+0000] {processor.py:183} INFO - Processing /home/airflow/.local/lib/python3.12/site-packages/airflow/example_dags/example_setup_teardown_taskflow.py took 0.076 seconds
[2025-06-20T14:42:58.653+0000] {processor.py:161} INFO - Started process (PID=1049) to work on /home/airflow/.local/lib/python3.12/site-packages/airflow/example_dags/example_setup_teardown_taskflow.py
[2025-06-20T14:42:58.654+0000] {processor.py:830} INFO - Processing file /home/airflow/.local/lib/python3.12/site-packages/airflow/example_dags/example_setup_teardown_taskflow.py for tasks to queue
[2025-06-20T14:42:58.656+0000] {logging_mixin.py:188} INFO - [2025-06-20T14:42:58.655+0000] {dagbag.py:540} INFO - Filling up the DagBag from /home/airflow/.local/lib/python3.12/site-packages/airflow/example_dags/example_setup_teardown_taskflow.py
[2025-06-20T14:42:58.664+0000] {processor.py:840} INFO - DAG(s) 'example_setup_teardown_taskflow' retrieved from /home/airflow/.local/lib/python3.12/site-packages/airflow/example_dags/example_setup_teardown_taskflow.py
[2025-06-20T14:42:58.685+0000] {logging_mixin.py:188} INFO - [2025-06-20T14:42:58.685+0000] {dag.py:3096} INFO - Sync 1 DAGs
[2025-06-20T14:42:58.704+0000] {logging_mixin.py:188} INFO - [2025-06-20T14:42:58.704+0000] {dag.py:3954} INFO - Setting next_dagrun for example_setup_teardown_taskflow to 2025-06-19 00:00:00+00:00, run_after=2025-06-20 00:00:00+00:00
[2025-06-20T14:42:58.720+0000] {processor.py:183} INFO - Processing /home/airflow/.local/lib/python3.12/site-packages/airflow/example_dags/example_setup_teardown_taskflow.py took 0.073 seconds
[2025-06-20T14:43:29.348+0000] {processor.py:161} INFO - Started process (PID=1107) to work on /home/airflow/.local/lib/python3.12/site-packages/airflow/example_dags/example_setup_teardown_taskflow.py
[2025-06-20T14:43:29.349+0000] {processor.py:830} INFO - Processing file /home/airflow/.local/lib/python3.12/site-packages/airflow/example_dags/example_setup_teardown_taskflow.py for tasks to queue
[2025-06-20T14:43:29.351+0000] {logging_mixin.py:188} INFO - [2025-06-20T14:43:29.351+0000] {dagbag.py:540} INFO - Filling up the DagBag from /home/airflow/.local/lib/python3.12/site-packages/airflow/example_dags/example_setup_teardown_taskflow.py
[2025-06-20T14:43:29.360+0000] {processor.py:840} INFO - DAG(s) 'example_setup_teardown_taskflow' retrieved from /home/airflow/.local/lib/python3.12/site-packages/airflow/example_dags/example_setup_teardown_taskflow.py
[2025-06-20T14:43:29.381+0000] {logging_mixin.py:188} INFO - [2025-06-20T14:43:29.381+0000] {dag.py:3096} INFO - Sync 1 DAGs
[2025-06-20T14:43:29.401+0000] {logging_mixin.py:188} INFO - [2025-06-20T14:43:29.401+0000] {dag.py:3954} INFO - Setting next_dagrun for example_setup_teardown_taskflow to 2025-06-19 00:00:00+00:00, run_after=2025-06-20 00:00:00+00:00
[2025-06-20T14:43:29.416+0000] {processor.py:183} INFO - Processing /home/airflow/.local/lib/python3.12/site-packages/airflow/example_dags/example_setup_teardown_taskflow.py took 0.074 seconds
[2025-06-20T14:44:00.207+0000] {processor.py:161} INFO - Started process (PID=1165) to work on /home/airflow/.local/lib/python3.12/site-packages/airflow/example_dags/example_setup_teardown_taskflow.py
[2025-06-20T14:44:00.208+0000] {processor.py:830} INFO - Processing file /home/airflow/.local/lib/python3.12/site-packages/airflow/example_dags/example_setup_teardown_taskflow.py for tasks to queue
[2025-06-20T14:44:00.210+0000] {logging_mixin.py:188} INFO - [2025-06-20T14:44:00.210+0000] {dagbag.py:540} INFO - Filling up the DagBag from /home/airflow/.local/lib/python3.12/site-packages/airflow/example_dags/example_setup_teardown_taskflow.py
[2025-06-20T14:44:00.223+0000] {processor.py:840} INFO - DAG(s) 'example_setup_teardown_taskflow' retrieved from /home/airflow/.local/lib/python3.12/site-packages/airflow/example_dags/example_setup_teardown_taskflow.py
[2025-06-20T14:44:00.245+0000] {logging_mixin.py:188} INFO - [2025-06-20T14:44:00.244+0000] {dag.py:3096} INFO - Sync 1 DAGs
[2025-06-20T14:44:00.377+0000] {logging_mixin.py:188} INFO - [2025-06-20T14:44:00.377+0000] {dag.py:3954} INFO - Setting next_dagrun for example_setup_teardown_taskflow to 2025-06-19 00:00:00+00:00, run_after=2025-06-20 00:00:00+00:00
[2025-06-20T14:44:00.391+0000] {processor.py:183} INFO - Processing /home/airflow/.local/lib/python3.12/site-packages/airflow/example_dags/example_setup_teardown_taskflow.py took 0.191 seconds
[2025-06-20T14:44:30.563+0000] {processor.py:161} INFO - Started process (PID=1223) to work on /home/airflow/.local/lib/python3.12/site-packages/airflow/example_dags/example_setup_teardown_taskflow.py
[2025-06-20T14:44:30.564+0000] {processor.py:830} INFO - Processing file /home/airflow/.local/lib/python3.12/site-packages/airflow/example_dags/example_setup_teardown_taskflow.py for tasks to queue
[2025-06-20T14:44:30.566+0000] {logging_mixin.py:188} INFO - [2025-06-20T14:44:30.566+0000] {dagbag.py:540} INFO - Filling up the DagBag from /home/airflow/.local/lib/python3.12/site-packages/airflow/example_dags/example_setup_teardown_taskflow.py
[2025-06-20T14:44:30.576+0000] {processor.py:840} INFO - DAG(s) 'example_setup_teardown_taskflow' retrieved from /home/airflow/.local/lib/python3.12/site-packages/airflow/example_dags/example_setup_teardown_taskflow.py
[2025-06-20T14:44:30.597+0000] {logging_mixin.py:188} INFO - [2025-06-20T14:44:30.597+0000] {dag.py:3096} INFO - Sync 1 DAGs
[2025-06-20T14:44:30.619+0000] {logging_mixin.py:188} INFO - [2025-06-20T14:44:30.618+0000] {dag.py:3954} INFO - Setting next_dagrun for example_setup_teardown_taskflow to 2025-06-19 00:00:00+00:00, run_after=2025-06-20 00:00:00+00:00
[2025-06-20T14:44:30.745+0000] {processor.py:183} INFO - Processing /home/airflow/.local/lib/python3.12/site-packages/airflow/example_dags/example_setup_teardown_taskflow.py took 0.188 seconds
[2025-06-20T14:45:01.439+0000] {processor.py:161} INFO - Started process (PID=1281) to work on /home/airflow/.local/lib/python3.12/site-packages/airflow/example_dags/example_setup_teardown_taskflow.py
[2025-06-20T14:45:01.440+0000] {processor.py:830} INFO - Processing file /home/airflow/.local/lib/python3.12/site-packages/airflow/example_dags/example_setup_teardown_taskflow.py for tasks to queue
[2025-06-20T14:45:01.442+0000] {logging_mixin.py:188} INFO - [2025-06-20T14:45:01.441+0000] {dagbag.py:540} INFO - Filling up the DagBag from /home/airflow/.local/lib/python3.12/site-packages/airflow/example_dags/example_setup_teardown_taskflow.py
[2025-06-20T14:45:01.451+0000] {processor.py:840} INFO - DAG(s) 'example_setup_teardown_taskflow' retrieved from /home/airflow/.local/lib/python3.12/site-packages/airflow/example_dags/example_setup_teardown_taskflow.py
[2025-06-20T14:45:01.472+0000] {logging_mixin.py:188} INFO - [2025-06-20T14:45:01.472+0000] {dag.py:3096} INFO - Sync 1 DAGs
[2025-06-20T14:45:01.492+0000] {logging_mixin.py:188} INFO - [2025-06-20T14:45:01.491+0000] {dag.py:3954} INFO - Setting next_dagrun for example_setup_teardown_taskflow to 2025-06-19 00:00:00+00:00, run_after=2025-06-20 00:00:00+00:00
[2025-06-20T14:45:01.507+0000] {processor.py:183} INFO - Processing /home/airflow/.local/lib/python3.12/site-packages/airflow/example_dags/example_setup_teardown_taskflow.py took 0.074 seconds
[2025-06-20T14:45:32.002+0000] {processor.py:161} INFO - Started process (PID=1339) to work on /home/airflow/.local/lib/python3.12/site-packages/airflow/example_dags/example_setup_teardown_taskflow.py
[2025-06-20T14:45:32.003+0000] {processor.py:830} INFO - Processing file /home/airflow/.local/lib/python3.12/site-packages/airflow/example_dags/example_setup_teardown_taskflow.py for tasks to queue
[2025-06-20T14:45:32.005+0000] {logging_mixin.py:188} INFO - [2025-06-20T14:45:32.005+0000] {dagbag.py:540} INFO - Filling up the DagBag from /home/airflow/.local/lib/python3.12/site-packages/airflow/example_dags/example_setup_teardown_taskflow.py
[2025-06-20T14:45:32.017+0000] {processor.py:840} INFO - DAG(s) 'example_setup_teardown_taskflow' retrieved from /home/airflow/.local/lib/python3.12/site-packages/airflow/example_dags/example_setup_teardown_taskflow.py
[2025-06-20T14:45:32.038+0000] {logging_mixin.py:188} INFO - [2025-06-20T14:45:32.037+0000] {dag.py:3096} INFO - Sync 1 DAGs
[2025-06-20T14:45:32.057+0000] {logging_mixin.py:188} INFO - [2025-06-20T14:45:32.057+0000] {dag.py:3954} INFO - Setting next_dagrun for example_setup_teardown_taskflow to 2025-06-19 00:00:00+00:00, run_after=2025-06-20 00:00:00+00:00
[2025-06-20T14:45:32.073+0000] {processor.py:183} INFO - Processing /home/airflow/.local/lib/python3.12/site-packages/airflow/example_dags/example_setup_teardown_taskflow.py took 0.077 seconds
[2025-06-20T14:46:02.231+0000] {processor.py:161} INFO - Started process (PID=1397) to work on /home/airflow/.local/lib/python3.12/site-packages/airflow/example_dags/example_setup_teardown_taskflow.py
[2025-06-20T14:46:02.232+0000] {processor.py:830} INFO - Processing file /home/airflow/.local/lib/python3.12/site-packages/airflow/example_dags/example_setup_teardown_taskflow.py for tasks to queue
[2025-06-20T14:46:02.234+0000] {logging_mixin.py:188} INFO - [2025-06-20T14:46:02.234+0000] {dagbag.py:540} INFO - Filling up the DagBag from /home/airflow/.local/lib/python3.12/site-packages/airflow/example_dags/example_setup_teardown_taskflow.py
[2025-06-20T14:46:02.243+0000] {processor.py:840} INFO - DAG(s) 'example_setup_teardown_taskflow' retrieved from /home/airflow/.local/lib/python3.12/site-packages/airflow/example_dags/example_setup_teardown_taskflow.py
[2025-06-20T14:46:02.264+0000] {logging_mixin.py:188} INFO - [2025-06-20T14:46:02.264+0000] {dag.py:3096} INFO - Sync 1 DAGs
[2025-06-20T14:46:02.285+0000] {logging_mixin.py:188} INFO - [2025-06-20T14:46:02.284+0000] {dag.py:3954} INFO - Setting next_dagrun for example_setup_teardown_taskflow to 2025-06-19 00:00:00+00:00, run_after=2025-06-20 00:00:00+00:00
[2025-06-20T14:46:02.300+0000] {processor.py:183} INFO - Processing /home/airflow/.local/lib/python3.12/site-packages/airflow/example_dags/example_setup_teardown_taskflow.py took 0.076 seconds
[2025-06-20T14:46:32.496+0000] {processor.py:161} INFO - Started process (PID=1455) to work on /home/airflow/.local/lib/python3.12/site-packages/airflow/example_dags/example_setup_teardown_taskflow.py
[2025-06-20T14:46:32.497+0000] {processor.py:830} INFO - Processing file /home/airflow/.local/lib/python3.12/site-packages/airflow/example_dags/example_setup_teardown_taskflow.py for tasks to queue
[2025-06-20T14:46:32.499+0000] {logging_mixin.py:188} INFO - [2025-06-20T14:46:32.498+0000] {dagbag.py:540} INFO - Filling up the DagBag from /home/airflow/.local/lib/python3.12/site-packages/airflow/example_dags/example_setup_teardown_taskflow.py
[2025-06-20T14:46:32.508+0000] {processor.py:840} INFO - DAG(s) 'example_setup_teardown_taskflow' retrieved from /home/airflow/.local/lib/python3.12/site-packages/airflow/example_dags/example_setup_teardown_taskflow.py
[2025-06-20T14:46:32.530+0000] {logging_mixin.py:188} INFO - [2025-06-20T14:46:32.530+0000] {dag.py:3096} INFO - Sync 1 DAGs
[2025-06-20T14:46:32.550+0000] {logging_mixin.py:188} INFO - [2025-06-20T14:46:32.550+0000] {dag.py:3954} INFO - Setting next_dagrun for example_setup_teardown_taskflow to 2025-06-19 00:00:00+00:00, run_after=2025-06-20 00:00:00+00:00
[2025-06-20T14:46:32.566+0000] {processor.py:183} INFO - Processing /home/airflow/.local/lib/python3.12/site-packages/airflow/example_dags/example_setup_teardown_taskflow.py took 0.076 seconds
[2025-06-20T14:47:02.668+0000] {processor.py:161} INFO - Started process (PID=1513) to work on /home/airflow/.local/lib/python3.12/site-packages/airflow/example_dags/example_setup_teardown_taskflow.py
[2025-06-20T14:47:02.669+0000] {processor.py:830} INFO - Processing file /home/airflow/.local/lib/python3.12/site-packages/airflow/example_dags/example_setup_teardown_taskflow.py for tasks to queue
[2025-06-20T14:47:02.670+0000] {logging_mixin.py:188} INFO - [2025-06-20T14:47:02.670+0000] {dagbag.py:540} INFO - Filling up the DagBag from /home/airflow/.local/lib/python3.12/site-packages/airflow/example_dags/example_setup_teardown_taskflow.py
[2025-06-20T14:47:02.680+0000] {processor.py:840} INFO - DAG(s) 'example_setup_teardown_taskflow' retrieved from /home/airflow/.local/lib/python3.12/site-packages/airflow/example_dags/example_setup_teardown_taskflow.py
[2025-06-20T14:47:02.701+0000] {logging_mixin.py:188} INFO - [2025-06-20T14:47:02.701+0000] {dag.py:3096} INFO - Sync 1 DAGs
[2025-06-20T14:47:02.721+0000] {logging_mixin.py:188} INFO - [2025-06-20T14:47:02.721+0000] {dag.py:3954} INFO - Setting next_dagrun for example_setup_teardown_taskflow to 2025-06-19 00:00:00+00:00, run_after=2025-06-20 00:00:00+00:00
[2025-06-20T14:47:02.737+0000] {processor.py:183} INFO - Processing /home/airflow/.local/lib/python3.12/site-packages/airflow/example_dags/example_setup_teardown_taskflow.py took 0.076 seconds
[2025-06-20T14:47:32.778+0000] {processor.py:161} INFO - Started process (PID=1570) to work on /home/airflow/.local/lib/python3.12/site-packages/airflow/example_dags/example_setup_teardown_taskflow.py
[2025-06-20T14:47:32.779+0000] {processor.py:830} INFO - Processing file /home/airflow/.local/lib/python3.12/site-packages/airflow/example_dags/example_setup_teardown_taskflow.py for tasks to queue
[2025-06-20T14:47:32.781+0000] {logging_mixin.py:188} INFO - [2025-06-20T14:47:32.781+0000] {dagbag.py:540} INFO - Filling up the DagBag from /home/airflow/.local/lib/python3.12/site-packages/airflow/example_dags/example_setup_teardown_taskflow.py
[2025-06-20T14:47:32.791+0000] {processor.py:840} INFO - DAG(s) 'example_setup_teardown_taskflow' retrieved from /home/airflow/.local/lib/python3.12/site-packages/airflow/example_dags/example_setup_teardown_taskflow.py
[2025-06-20T14:47:32.813+0000] {logging_mixin.py:188} INFO - [2025-06-20T14:47:32.813+0000] {dag.py:3096} INFO - Sync 1 DAGs
[2025-06-20T14:47:32.833+0000] {logging_mixin.py:188} INFO - [2025-06-20T14:47:32.832+0000] {dag.py:3954} INFO - Setting next_dagrun for example_setup_teardown_taskflow to 2025-06-19 00:00:00+00:00, run_after=2025-06-20 00:00:00+00:00
[2025-06-20T14:47:32.848+0000] {processor.py:183} INFO - Processing /home/airflow/.local/lib/python3.12/site-packages/airflow/example_dags/example_setup_teardown_taskflow.py took 0.075 seconds
[2025-06-20T14:48:03.309+0000] {processor.py:161} INFO - Started process (PID=1628) to work on /home/airflow/.local/lib/python3.12/site-packages/airflow/example_dags/example_setup_teardown_taskflow.py
[2025-06-20T14:48:03.310+0000] {processor.py:830} INFO - Processing file /home/airflow/.local/lib/python3.12/site-packages/airflow/example_dags/example_setup_teardown_taskflow.py for tasks to queue
[2025-06-20T14:48:03.313+0000] {logging_mixin.py:188} INFO - [2025-06-20T14:48:03.313+0000] {dagbag.py:540} INFO - Filling up the DagBag from /home/airflow/.local/lib/python3.12/site-packages/airflow/example_dags/example_setup_teardown_taskflow.py
[2025-06-20T14:48:03.324+0000] {processor.py:840} INFO - DAG(s) 'example_setup_teardown_taskflow' retrieved from /home/airflow/.local/lib/python3.12/site-packages/airflow/example_dags/example_setup_teardown_taskflow.py
[2025-06-20T14:48:03.345+0000] {logging_mixin.py:188} INFO - [2025-06-20T14:48:03.345+0000] {dag.py:3096} INFO - Sync 1 DAGs
[2025-06-20T14:48:03.365+0000] {logging_mixin.py:188} INFO - [2025-06-20T14:48:03.365+0000] {dag.py:3954} INFO - Setting next_dagrun for example_setup_teardown_taskflow to 2025-06-19 00:00:00+00:00, run_after=2025-06-20 00:00:00+00:00
[2025-06-20T14:48:03.381+0000] {processor.py:183} INFO - Processing /home/airflow/.local/lib/python3.12/site-packages/airflow/example_dags/example_setup_teardown_taskflow.py took 0.078 seconds
[2025-06-20T14:48:33.453+0000] {processor.py:161} INFO - Started process (PID=1686) to work on /home/airflow/.local/lib/python3.12/site-packages/airflow/example_dags/example_setup_teardown_taskflow.py
[2025-06-20T14:48:33.454+0000] {processor.py:830} INFO - Processing file /home/airflow/.local/lib/python3.12/site-packages/airflow/example_dags/example_setup_teardown_taskflow.py for tasks to queue
[2025-06-20T14:48:33.455+0000] {logging_mixin.py:188} INFO - [2025-06-20T14:48:33.455+0000] {dagbag.py:540} INFO - Filling up the DagBag from /home/airflow/.local/lib/python3.12/site-packages/airflow/example_dags/example_setup_teardown_taskflow.py
[2025-06-20T14:48:33.465+0000] {processor.py:840} INFO - DAG(s) 'example_setup_teardown_taskflow' retrieved from /home/airflow/.local/lib/python3.12/site-packages/airflow/example_dags/example_setup_teardown_taskflow.py
[2025-06-20T14:48:33.486+0000] {logging_mixin.py:188} INFO - [2025-06-20T14:48:33.486+0000] {dag.py:3096} INFO - Sync 1 DAGs
[2025-06-20T14:48:33.507+0000] {logging_mixin.py:188} INFO - [2025-06-20T14:48:33.506+0000] {dag.py:3954} INFO - Setting next_dagrun for example_setup_teardown_taskflow to 2025-06-19 00:00:00+00:00, run_after=2025-06-20 00:00:00+00:00
[2025-06-20T14:48:33.523+0000] {processor.py:183} INFO - Processing /home/airflow/.local/lib/python3.12/site-packages/airflow/example_dags/example_setup_teardown_taskflow.py took 0.076 seconds
[2025-06-20T14:49:03.774+0000] {processor.py:161} INFO - Started process (PID=1744) to work on /home/airflow/.local/lib/python3.12/site-packages/airflow/example_dags/example_setup_teardown_taskflow.py
[2025-06-20T14:49:03.775+0000] {processor.py:830} INFO - Processing file /home/airflow/.local/lib/python3.12/site-packages/airflow/example_dags/example_setup_teardown_taskflow.py for tasks to queue
[2025-06-20T14:49:03.777+0000] {logging_mixin.py:188} INFO - [2025-06-20T14:49:03.777+0000] {dagbag.py:540} INFO - Filling up the DagBag from /home/airflow/.local/lib/python3.12/site-packages/airflow/example_dags/example_setup_teardown_taskflow.py
[2025-06-20T14:49:03.786+0000] {processor.py:840} INFO - DAG(s) 'example_setup_teardown_taskflow' retrieved from /home/airflow/.local/lib/python3.12/site-packages/airflow/example_dags/example_setup_teardown_taskflow.py
[2025-06-20T14:49:03.806+0000] {logging_mixin.py:188} INFO - [2025-06-20T14:49:03.806+0000] {dag.py:3096} INFO - Sync 1 DAGs
[2025-06-20T14:49:03.825+0000] {logging_mixin.py:188} INFO - [2025-06-20T14:49:03.825+0000] {dag.py:3954} INFO - Setting next_dagrun for example_setup_teardown_taskflow to 2025-06-19 00:00:00+00:00, run_after=2025-06-20 00:00:00+00:00
[2025-06-20T14:49:03.840+0000] {processor.py:183} INFO - Processing /home/airflow/.local/lib/python3.12/site-packages/airflow/example_dags/example_setup_teardown_taskflow.py took 0.072 seconds
[2025-06-20T14:49:34.148+0000] {processor.py:161} INFO - Started process (PID=1802) to work on /home/airflow/.local/lib/python3.12/site-packages/airflow/example_dags/example_setup_teardown_taskflow.py
[2025-06-20T14:49:34.149+0000] {processor.py:830} INFO - Processing file /home/airflow/.local/lib/python3.12/site-packages/airflow/example_dags/example_setup_teardown_taskflow.py for tasks to queue
[2025-06-20T14:49:34.151+0000] {logging_mixin.py:188} INFO - [2025-06-20T14:49:34.151+0000] {dagbag.py:540} INFO - Filling up the DagBag from /home/airflow/.local/lib/python3.12/site-packages/airflow/example_dags/example_setup_teardown_taskflow.py
[2025-06-20T14:49:34.160+0000] {processor.py:840} INFO - DAG(s) 'example_setup_teardown_taskflow' retrieved from /home/airflow/.local/lib/python3.12/site-packages/airflow/example_dags/example_setup_teardown_taskflow.py
[2025-06-20T14:49:34.181+0000] {logging_mixin.py:188} INFO - [2025-06-20T14:49:34.181+0000] {dag.py:3096} INFO - Sync 1 DAGs
[2025-06-20T14:49:34.200+0000] {logging_mixin.py:188} INFO - [2025-06-20T14:49:34.200+0000] {dag.py:3954} INFO - Setting next_dagrun for example_setup_teardown_taskflow to 2025-06-19 00:00:00+00:00, run_after=2025-06-20 00:00:00+00:00
[2025-06-20T14:49:34.216+0000] {processor.py:183} INFO - Processing /home/airflow/.local/lib/python3.12/site-packages/airflow/example_dags/example_setup_teardown_taskflow.py took 0.074 seconds
[2025-06-20T14:50:04.338+0000] {processor.py:161} INFO - Started process (PID=1860) to work on /home/airflow/.local/lib/python3.12/site-packages/airflow/example_dags/example_setup_teardown_taskflow.py
[2025-06-20T14:50:04.339+0000] {processor.py:830} INFO - Processing file /home/airflow/.local/lib/python3.12/site-packages/airflow/example_dags/example_setup_teardown_taskflow.py for tasks to queue
[2025-06-20T14:50:04.341+0000] {logging_mixin.py:188} INFO - [2025-06-20T14:50:04.341+0000] {dagbag.py:540} INFO - Filling up the DagBag from /home/airflow/.local/lib/python3.12/site-packages/airflow/example_dags/example_setup_teardown_taskflow.py
[2025-06-20T14:50:04.351+0000] {processor.py:840} INFO - DAG(s) 'example_setup_teardown_taskflow' retrieved from /home/airflow/.local/lib/python3.12/site-packages/airflow/example_dags/example_setup_teardown_taskflow.py
[2025-06-20T14:50:04.373+0000] {logging_mixin.py:188} INFO - [2025-06-20T14:50:04.372+0000] {dag.py:3096} INFO - Sync 1 DAGs
[2025-06-20T14:50:04.392+0000] {logging_mixin.py:188} INFO - [2025-06-20T14:50:04.392+0000] {dag.py:3954} INFO - Setting next_dagrun for example_setup_teardown_taskflow to 2025-06-19 00:00:00+00:00, run_after=2025-06-20 00:00:00+00:00
[2025-06-20T14:50:04.408+0000] {processor.py:183} INFO - Processing /home/airflow/.local/lib/python3.12/site-packages/airflow/example_dags/example_setup_teardown_taskflow.py took 0.075 seconds
[2025-06-20T14:50:35.411+0000] {processor.py:161} INFO - Started process (PID=1918) to work on /home/airflow/.local/lib/python3.12/site-packages/airflow/example_dags/example_setup_teardown_taskflow.py
[2025-06-20T14:50:35.412+0000] {processor.py:830} INFO - Processing file /home/airflow/.local/lib/python3.12/site-packages/airflow/example_dags/example_setup_teardown_taskflow.py for tasks to queue
[2025-06-20T14:50:35.414+0000] {logging_mixin.py:188} INFO - [2025-06-20T14:50:35.413+0000] {dagbag.py:540} INFO - Filling up the DagBag from /home/airflow/.local/lib/python3.12/site-packages/airflow/example_dags/example_setup_teardown_taskflow.py
[2025-06-20T14:50:35.423+0000] {processor.py:840} INFO - DAG(s) 'example_setup_teardown_taskflow' retrieved from /home/airflow/.local/lib/python3.12/site-packages/airflow/example_dags/example_setup_teardown_taskflow.py
[2025-06-20T14:50:35.444+0000] {logging_mixin.py:188} INFO - [2025-06-20T14:50:35.443+0000] {dag.py:3096} INFO - Sync 1 DAGs
[2025-06-20T14:50:35.465+0000] {logging_mixin.py:188} INFO - [2025-06-20T14:50:35.464+0000] {dag.py:3954} INFO - Setting next_dagrun for example_setup_teardown_taskflow to 2025-06-19 00:00:00+00:00, run_after=2025-06-20 00:00:00+00:00
[2025-06-20T14:50:35.480+0000] {processor.py:183} INFO - Processing /home/airflow/.local/lib/python3.12/site-packages/airflow/example_dags/example_setup_teardown_taskflow.py took 0.076 seconds
[2025-06-20T14:51:05.608+0000] {processor.py:161} INFO - Started process (PID=1976) to work on /home/airflow/.local/lib/python3.12/site-packages/airflow/example_dags/example_setup_teardown_taskflow.py
[2025-06-20T14:51:05.609+0000] {processor.py:830} INFO - Processing file /home/airflow/.local/lib/python3.12/site-packages/airflow/example_dags/example_setup_teardown_taskflow.py for tasks to queue
[2025-06-20T14:51:05.610+0000] {logging_mixin.py:188} INFO - [2025-06-20T14:51:05.610+0000] {dagbag.py:540} INFO - Filling up the DagBag from /home/airflow/.local/lib/python3.12/site-packages/airflow/example_dags/example_setup_teardown_taskflow.py
[2025-06-20T14:51:05.620+0000] {processor.py:840} INFO - DAG(s) 'example_setup_teardown_taskflow' retrieved from /home/airflow/.local/lib/python3.12/site-packages/airflow/example_dags/example_setup_teardown_taskflow.py
[2025-06-20T14:51:05.641+0000] {logging_mixin.py:188} INFO - [2025-06-20T14:51:05.641+0000] {dag.py:3096} INFO - Sync 1 DAGs
[2025-06-20T14:51:05.665+0000] {logging_mixin.py:188} INFO - [2025-06-20T14:51:05.665+0000] {dag.py:3954} INFO - Setting next_dagrun for example_setup_teardown_taskflow to 2025-06-19 00:00:00+00:00, run_after=2025-06-20 00:00:00+00:00
[2025-06-20T14:51:05.681+0000] {processor.py:183} INFO - Processing /home/airflow/.local/lib/python3.12/site-packages/airflow/example_dags/example_setup_teardown_taskflow.py took 0.080 seconds
[2025-06-20T14:51:35.757+0000] {processor.py:161} INFO - Started process (PID=2034) to work on /home/airflow/.local/lib/python3.12/site-packages/airflow/example_dags/example_setup_teardown_taskflow.py
[2025-06-20T14:51:35.758+0000] {processor.py:830} INFO - Processing file /home/airflow/.local/lib/python3.12/site-packages/airflow/example_dags/example_setup_teardown_taskflow.py for tasks to queue
[2025-06-20T14:51:35.759+0000] {logging_mixin.py:188} INFO - [2025-06-20T14:51:35.759+0000] {dagbag.py:540} INFO - Filling up the DagBag from /home/airflow/.local/lib/python3.12/site-packages/airflow/example_dags/example_setup_teardown_taskflow.py
[2025-06-20T14:51:35.770+0000] {processor.py:840} INFO - DAG(s) 'example_setup_teardown_taskflow' retrieved from /home/airflow/.local/lib/python3.12/site-packages/airflow/example_dags/example_setup_teardown_taskflow.py
[2025-06-20T14:51:35.793+0000] {logging_mixin.py:188} INFO - [2025-06-20T14:51:35.793+0000] {dag.py:3096} INFO - Sync 1 DAGs
[2025-06-20T14:51:35.814+0000] {logging_mixin.py:188} INFO - [2025-06-20T14:51:35.814+0000] {dag.py:3954} INFO - Setting next_dagrun for example_setup_teardown_taskflow to 2025-06-19 00:00:00+00:00, run_after=2025-06-20 00:00:00+00:00
[2025-06-20T14:51:35.830+0000] {processor.py:183} INFO - Processing /home/airflow/.local/lib/python3.12/site-packages/airflow/example_dags/example_setup_teardown_taskflow.py took 0.080 seconds
[2025-06-20T14:52:05.955+0000] {processor.py:161} INFO - Started process (PID=2092) to work on /home/airflow/.local/lib/python3.12/site-packages/airflow/example_dags/example_setup_teardown_taskflow.py
[2025-06-20T14:52:05.956+0000] {processor.py:830} INFO - Processing file /home/airflow/.local/lib/python3.12/site-packages/airflow/example_dags/example_setup_teardown_taskflow.py for tasks to queue
[2025-06-20T14:52:05.958+0000] {logging_mixin.py:188} INFO - [2025-06-20T14:52:05.958+0000] {dagbag.py:540} INFO - Filling up the DagBag from /home/airflow/.local/lib/python3.12/site-packages/airflow/example_dags/example_setup_teardown_taskflow.py
[2025-06-20T14:52:05.968+0000] {processor.py:840} INFO - DAG(s) 'example_setup_teardown_taskflow' retrieved from /home/airflow/.local/lib/python3.12/site-packages/airflow/example_dags/example_setup_teardown_taskflow.py
[2025-06-20T14:52:05.990+0000] {logging_mixin.py:188} INFO - [2025-06-20T14:52:05.989+0000] {dag.py:3096} INFO - Sync 1 DAGs
[2025-06-20T14:52:06.009+0000] {logging_mixin.py:188} INFO - [2025-06-20T14:52:06.009+0000] {dag.py:3954} INFO - Setting next_dagrun for example_setup_teardown_taskflow to 2025-06-19 00:00:00+00:00, run_after=2025-06-20 00:00:00+00:00
[2025-06-20T14:52:06.025+0000] {processor.py:183} INFO - Processing /home/airflow/.local/lib/python3.12/site-packages/airflow/example_dags/example_setup_teardown_taskflow.py took 0.077 seconds
[2025-06-20T14:52:37.049+0000] {processor.py:161} INFO - Started process (PID=2150) to work on /home/airflow/.local/lib/python3.12/site-packages/airflow/example_dags/example_setup_teardown_taskflow.py
[2025-06-20T14:52:37.050+0000] {processor.py:830} INFO - Processing file /home/airflow/.local/lib/python3.12/site-packages/airflow/example_dags/example_setup_teardown_taskflow.py for tasks to queue
[2025-06-20T14:52:37.052+0000] {logging_mixin.py:188} INFO - [2025-06-20T14:52:37.052+0000] {dagbag.py:540} INFO - Filling up the DagBag from /home/airflow/.local/lib/python3.12/site-packages/airflow/example_dags/example_setup_teardown_taskflow.py
[2025-06-20T14:52:37.061+0000] {processor.py:840} INFO - DAG(s) 'example_setup_teardown_taskflow' retrieved from /home/airflow/.local/lib/python3.12/site-packages/airflow/example_dags/example_setup_teardown_taskflow.py
[2025-06-20T14:52:37.082+0000] {logging_mixin.py:188} INFO - [2025-06-20T14:52:37.082+0000] {dag.py:3096} INFO - Sync 1 DAGs
[2025-06-20T14:52:37.102+0000] {logging_mixin.py:188} INFO - [2025-06-20T14:52:37.101+0000] {dag.py:3954} INFO - Setting next_dagrun for example_setup_teardown_taskflow to 2025-06-19 00:00:00+00:00, run_after=2025-06-20 00:00:00+00:00
[2025-06-20T14:52:37.117+0000] {processor.py:183} INFO - Processing /home/airflow/.local/lib/python3.12/site-packages/airflow/example_dags/example_setup_teardown_taskflow.py took 0.074 seconds
[2025-06-20T14:53:07.199+0000] {processor.py:161} INFO - Started process (PID=2208) to work on /home/airflow/.local/lib/python3.12/site-packages/airflow/example_dags/example_setup_teardown_taskflow.py
[2025-06-20T14:53:07.200+0000] {processor.py:830} INFO - Processing file /home/airflow/.local/lib/python3.12/site-packages/airflow/example_dags/example_setup_teardown_taskflow.py for tasks to queue
[2025-06-20T14:53:07.202+0000] {logging_mixin.py:188} INFO - [2025-06-20T14:53:07.202+0000] {dagbag.py:540} INFO - Filling up the DagBag from /home/airflow/.local/lib/python3.12/site-packages/airflow/example_dags/example_setup_teardown_taskflow.py
[2025-06-20T14:53:07.211+0000] {processor.py:840} INFO - DAG(s) 'example_setup_teardown_taskflow' retrieved from /home/airflow/.local/lib/python3.12/site-packages/airflow/example_dags/example_setup_teardown_taskflow.py
[2025-06-20T14:53:07.234+0000] {logging_mixin.py:188} INFO - [2025-06-20T14:53:07.234+0000] {dag.py:3096} INFO - Sync 1 DAGs
[2025-06-20T14:53:07.254+0000] {logging_mixin.py:188} INFO - [2025-06-20T14:53:07.254+0000] {dag.py:3954} INFO - Setting next_dagrun for example_setup_teardown_taskflow to 2025-06-19 00:00:00+00:00, run_after=2025-06-20 00:00:00+00:00
[2025-06-20T14:53:07.269+0000] {processor.py:183} INFO - Processing /home/airflow/.local/lib/python3.12/site-packages/airflow/example_dags/example_setup_teardown_taskflow.py took 0.076 seconds
[2025-06-20T14:53:37.516+0000] {processor.py:161} INFO - Started process (PID=2266) to work on /home/airflow/.local/lib/python3.12/site-packages/airflow/example_dags/example_setup_teardown_taskflow.py
[2025-06-20T14:53:37.517+0000] {processor.py:830} INFO - Processing file /home/airflow/.local/lib/python3.12/site-packages/airflow/example_dags/example_setup_teardown_taskflow.py for tasks to queue
[2025-06-20T14:53:37.519+0000] {logging_mixin.py:188} INFO - [2025-06-20T14:53:37.519+0000] {dagbag.py:540} INFO - Filling up the DagBag from /home/airflow/.local/lib/python3.12/site-packages/airflow/example_dags/example_setup_teardown_taskflow.py
[2025-06-20T14:53:37.529+0000] {processor.py:840} INFO - DAG(s) 'example_setup_teardown_taskflow' retrieved from /home/airflow/.local/lib/python3.12/site-packages/airflow/example_dags/example_setup_teardown_taskflow.py
[2025-06-20T14:53:37.553+0000] {logging_mixin.py:188} INFO - [2025-06-20T14:53:37.553+0000] {dag.py:3096} INFO - Sync 1 DAGs
[2025-06-20T14:53:37.573+0000] {logging_mixin.py:188} INFO - [2025-06-20T14:53:37.573+0000] {dag.py:3954} INFO - Setting next_dagrun for example_setup_teardown_taskflow to 2025-06-19 00:00:00+00:00, run_after=2025-06-20 00:00:00+00:00
[2025-06-20T14:53:37.588+0000] {processor.py:183} INFO - Processing /home/airflow/.local/lib/python3.12/site-packages/airflow/example_dags/example_setup_teardown_taskflow.py took 0.078 seconds
[2025-06-20T14:54:08.433+0000] {processor.py:161} INFO - Started process (PID=2324) to work on /home/airflow/.local/lib/python3.12/site-packages/airflow/example_dags/example_setup_teardown_taskflow.py
[2025-06-20T14:54:08.434+0000] {processor.py:830} INFO - Processing file /home/airflow/.local/lib/python3.12/site-packages/airflow/example_dags/example_setup_teardown_taskflow.py for tasks to queue
[2025-06-20T14:54:08.436+0000] {logging_mixin.py:188} INFO - [2025-06-20T14:54:08.436+0000] {dagbag.py:540} INFO - Filling up the DagBag from /home/airflow/.local/lib/python3.12/site-packages/airflow/example_dags/example_setup_teardown_taskflow.py
[2025-06-20T14:54:08.445+0000] {processor.py:840} INFO - DAG(s) 'example_setup_teardown_taskflow' retrieved from /home/airflow/.local/lib/python3.12/site-packages/airflow/example_dags/example_setup_teardown_taskflow.py
[2025-06-20T14:54:08.475+0000] {logging_mixin.py:188} INFO - [2025-06-20T14:54:08.474+0000] {dag.py:3096} INFO - Sync 1 DAGs
[2025-06-20T14:54:08.497+0000] {logging_mixin.py:188} INFO - [2025-06-20T14:54:08.497+0000] {dag.py:3954} INFO - Setting next_dagrun for example_setup_teardown_taskflow to 2025-06-19 00:00:00+00:00, run_after=2025-06-20 00:00:00+00:00
[2025-06-20T14:54:08.514+0000] {processor.py:183} INFO - Processing /home/airflow/.local/lib/python3.12/site-packages/airflow/example_dags/example_setup_teardown_taskflow.py took 0.087 seconds
[2025-06-20T14:54:39.491+0000] {processor.py:161} INFO - Started process (PID=2382) to work on /home/airflow/.local/lib/python3.12/site-packages/airflow/example_dags/example_setup_teardown_taskflow.py
[2025-06-20T14:54:39.492+0000] {processor.py:830} INFO - Processing file /home/airflow/.local/lib/python3.12/site-packages/airflow/example_dags/example_setup_teardown_taskflow.py for tasks to queue
[2025-06-20T14:54:39.494+0000] {logging_mixin.py:188} INFO - [2025-06-20T14:54:39.494+0000] {dagbag.py:540} INFO - Filling up the DagBag from /home/airflow/.local/lib/python3.12/site-packages/airflow/example_dags/example_setup_teardown_taskflow.py
[2025-06-20T14:54:39.504+0000] {processor.py:840} INFO - DAG(s) 'example_setup_teardown_taskflow' retrieved from /home/airflow/.local/lib/python3.12/site-packages/airflow/example_dags/example_setup_teardown_taskflow.py
[2025-06-20T14:54:39.526+0000] {logging_mixin.py:188} INFO - [2025-06-20T14:54:39.526+0000] {dag.py:3096} INFO - Sync 1 DAGs
[2025-06-20T14:54:39.546+0000] {logging_mixin.py:188} INFO - [2025-06-20T14:54:39.546+0000] {dag.py:3954} INFO - Setting next_dagrun for example_setup_teardown_taskflow to 2025-06-19 00:00:00+00:00, run_after=2025-06-20 00:00:00+00:00
[2025-06-20T14:54:39.562+0000] {processor.py:183} INFO - Processing /home/airflow/.local/lib/python3.12/site-packages/airflow/example_dags/example_setup_teardown_taskflow.py took 0.077 seconds
[2025-06-20T14:55:09.712+0000] {processor.py:161} INFO - Started process (PID=2441) to work on /home/airflow/.local/lib/python3.12/site-packages/airflow/example_dags/example_setup_teardown_taskflow.py
[2025-06-20T14:55:09.713+0000] {processor.py:830} INFO - Processing file /home/airflow/.local/lib/python3.12/site-packages/airflow/example_dags/example_setup_teardown_taskflow.py for tasks to queue
[2025-06-20T14:55:09.715+0000] {logging_mixin.py:188} INFO - [2025-06-20T14:55:09.714+0000] {dagbag.py:540} INFO - Filling up the DagBag from /home/airflow/.local/lib/python3.12/site-packages/airflow/example_dags/example_setup_teardown_taskflow.py
[2025-06-20T14:55:09.724+0000] {processor.py:840} INFO - DAG(s) 'example_setup_teardown_taskflow' retrieved from /home/airflow/.local/lib/python3.12/site-packages/airflow/example_dags/example_setup_teardown_taskflow.py
[2025-06-20T14:55:09.744+0000] {logging_mixin.py:188} INFO - [2025-06-20T14:55:09.744+0000] {dag.py:3096} INFO - Sync 1 DAGs
[2025-06-20T14:55:09.764+0000] {logging_mixin.py:188} INFO - [2025-06-20T14:55:09.764+0000] {dag.py:3954} INFO - Setting next_dagrun for example_setup_teardown_taskflow to 2025-06-19 00:00:00+00:00, run_after=2025-06-20 00:00:00+00:00
[2025-06-20T14:55:09.780+0000] {processor.py:183} INFO - Processing /home/airflow/.local/lib/python3.12/site-packages/airflow/example_dags/example_setup_teardown_taskflow.py took 0.074 seconds
[2025-06-20T14:55:39.871+0000] {processor.py:161} INFO - Started process (PID=2500) to work on /home/airflow/.local/lib/python3.12/site-packages/airflow/example_dags/example_setup_teardown_taskflow.py
[2025-06-20T14:55:39.872+0000] {processor.py:830} INFO - Processing file /home/airflow/.local/lib/python3.12/site-packages/airflow/example_dags/example_setup_teardown_taskflow.py for tasks to queue
[2025-06-20T14:55:39.874+0000] {logging_mixin.py:188} INFO - [2025-06-20T14:55:39.874+0000] {dagbag.py:540} INFO - Filling up the DagBag from /home/airflow/.local/lib/python3.12/site-packages/airflow/example_dags/example_setup_teardown_taskflow.py
[2025-06-20T14:55:39.884+0000] {processor.py:840} INFO - DAG(s) 'example_setup_teardown_taskflow' retrieved from /home/airflow/.local/lib/python3.12/site-packages/airflow/example_dags/example_setup_teardown_taskflow.py
[2025-06-20T14:55:39.904+0000] {logging_mixin.py:188} INFO - [2025-06-20T14:55:39.904+0000] {dag.py:3096} INFO - Sync 1 DAGs
[2025-06-20T14:55:39.924+0000] {logging_mixin.py:188} INFO - [2025-06-20T14:55:39.924+0000] {dag.py:3954} INFO - Setting next_dagrun for example_setup_teardown_taskflow to 2025-06-19 00:00:00+00:00, run_after=2025-06-20 00:00:00+00:00
[2025-06-20T14:55:39.940+0000] {processor.py:183} INFO - Processing /home/airflow/.local/lib/python3.12/site-packages/airflow/example_dags/example_setup_teardown_taskflow.py took 0.075 seconds
[2025-06-20T14:56:10.261+0000] {processor.py:161} INFO - Started process (PID=2559) to work on /home/airflow/.local/lib/python3.12/site-packages/airflow/example_dags/example_setup_teardown_taskflow.py
[2025-06-20T14:56:10.262+0000] {processor.py:830} INFO - Processing file /home/airflow/.local/lib/python3.12/site-packages/airflow/example_dags/example_setup_teardown_taskflow.py for tasks to queue
[2025-06-20T14:56:10.264+0000] {logging_mixin.py:188} INFO - [2025-06-20T14:56:10.264+0000] {dagbag.py:540} INFO - Filling up the DagBag from /home/airflow/.local/lib/python3.12/site-packages/airflow/example_dags/example_setup_teardown_taskflow.py
[2025-06-20T14:56:10.274+0000] {processor.py:840} INFO - DAG(s) 'example_setup_teardown_taskflow' retrieved from /home/airflow/.local/lib/python3.12/site-packages/airflow/example_dags/example_setup_teardown_taskflow.py
[2025-06-20T14:56:10.294+0000] {logging_mixin.py:188} INFO - [2025-06-20T14:56:10.294+0000] {dag.py:3096} INFO - Sync 1 DAGs
[2025-06-20T14:56:10.313+0000] {logging_mixin.py:188} INFO - [2025-06-20T14:56:10.313+0000] {dag.py:3954} INFO - Setting next_dagrun for example_setup_teardown_taskflow to 2025-06-19 00:00:00+00:00, run_after=2025-06-20 00:00:00+00:00
[2025-06-20T14:56:10.329+0000] {processor.py:183} INFO - Processing /home/airflow/.local/lib/python3.12/site-packages/airflow/example_dags/example_setup_teardown_taskflow.py took 0.074 seconds
[2025-06-20T14:56:40.446+0000] {processor.py:161} INFO - Started process (PID=2618) to work on /home/airflow/.local/lib/python3.12/site-packages/airflow/example_dags/example_setup_teardown_taskflow.py
[2025-06-20T14:56:40.447+0000] {processor.py:830} INFO - Processing file /home/airflow/.local/lib/python3.12/site-packages/airflow/example_dags/example_setup_teardown_taskflow.py for tasks to queue
[2025-06-20T14:56:40.449+0000] {logging_mixin.py:188} INFO - [2025-06-20T14:56:40.448+0000] {dagbag.py:540} INFO - Filling up the DagBag from /home/airflow/.local/lib/python3.12/site-packages/airflow/example_dags/example_setup_teardown_taskflow.py
[2025-06-20T14:56:40.458+0000] {processor.py:840} INFO - DAG(s) 'example_setup_teardown_taskflow' retrieved from /home/airflow/.local/lib/python3.12/site-packages/airflow/example_dags/example_setup_teardown_taskflow.py
[2025-06-20T14:56:40.479+0000] {logging_mixin.py:188} INFO - [2025-06-20T14:56:40.479+0000] {dag.py:3096} INFO - Sync 1 DAGs
[2025-06-20T14:56:40.499+0000] {logging_mixin.py:188} INFO - [2025-06-20T14:56:40.499+0000] {dag.py:3954} INFO - Setting next_dagrun for example_setup_teardown_taskflow to 2025-06-19 00:00:00+00:00, run_after=2025-06-20 00:00:00+00:00
[2025-06-20T14:56:40.515+0000] {processor.py:183} INFO - Processing /home/airflow/.local/lib/python3.12/site-packages/airflow/example_dags/example_setup_teardown_taskflow.py took 0.076 seconds
[2025-06-20T14:57:10.674+0000] {processor.py:161} INFO - Started process (PID=2677) to work on /home/airflow/.local/lib/python3.12/site-packages/airflow/example_dags/example_setup_teardown_taskflow.py
[2025-06-20T14:57:10.675+0000] {processor.py:830} INFO - Processing file /home/airflow/.local/lib/python3.12/site-packages/airflow/example_dags/example_setup_teardown_taskflow.py for tasks to queue
[2025-06-20T14:57:10.678+0000] {logging_mixin.py:188} INFO - [2025-06-20T14:57:10.677+0000] {dagbag.py:540} INFO - Filling up the DagBag from /home/airflow/.local/lib/python3.12/site-packages/airflow/example_dags/example_setup_teardown_taskflow.py
[2025-06-20T14:57:10.689+0000] {processor.py:840} INFO - DAG(s) 'example_setup_teardown_taskflow' retrieved from /home/airflow/.local/lib/python3.12/site-packages/airflow/example_dags/example_setup_teardown_taskflow.py
[2025-06-20T14:57:10.711+0000] {logging_mixin.py:188} INFO - [2025-06-20T14:57:10.711+0000] {dag.py:3096} INFO - Sync 1 DAGs
[2025-06-20T14:57:10.733+0000] {logging_mixin.py:188} INFO - [2025-06-20T14:57:10.733+0000] {dag.py:3954} INFO - Setting next_dagrun for example_setup_teardown_taskflow to 2025-06-19 00:00:00+00:00, run_after=2025-06-20 00:00:00+00:00
[2025-06-20T14:57:10.749+0000] {processor.py:183} INFO - Processing /home/airflow/.local/lib/python3.12/site-packages/airflow/example_dags/example_setup_teardown_taskflow.py took 0.080 seconds
[2025-06-20T14:57:40.914+0000] {processor.py:161} INFO - Started process (PID=2736) to work on /home/airflow/.local/lib/python3.12/site-packages/airflow/example_dags/example_setup_teardown_taskflow.py
[2025-06-20T14:57:40.915+0000] {processor.py:830} INFO - Processing file /home/airflow/.local/lib/python3.12/site-packages/airflow/example_dags/example_setup_teardown_taskflow.py for tasks to queue
[2025-06-20T14:57:40.917+0000] {logging_mixin.py:188} INFO - [2025-06-20T14:57:40.916+0000] {dagbag.py:540} INFO - Filling up the DagBag from /home/airflow/.local/lib/python3.12/site-packages/airflow/example_dags/example_setup_teardown_taskflow.py
[2025-06-20T14:57:40.926+0000] {processor.py:840} INFO - DAG(s) 'example_setup_teardown_taskflow' retrieved from /home/airflow/.local/lib/python3.12/site-packages/airflow/example_dags/example_setup_teardown_taskflow.py
[2025-06-20T14:57:40.948+0000] {logging_mixin.py:188} INFO - [2025-06-20T14:57:40.948+0000] {dag.py:3096} INFO - Sync 1 DAGs
[2025-06-20T14:57:40.968+0000] {logging_mixin.py:188} INFO - [2025-06-20T14:57:40.968+0000] {dag.py:3954} INFO - Setting next_dagrun for example_setup_teardown_taskflow to 2025-06-19 00:00:00+00:00, run_after=2025-06-20 00:00:00+00:00
[2025-06-20T14:57:40.984+0000] {processor.py:183} INFO - Processing /home/airflow/.local/lib/python3.12/site-packages/airflow/example_dags/example_setup_teardown_taskflow.py took 0.076 seconds
[2025-06-20T14:58:11.093+0000] {processor.py:161} INFO - Started process (PID=2795) to work on /home/airflow/.local/lib/python3.12/site-packages/airflow/example_dags/example_setup_teardown_taskflow.py
[2025-06-20T14:58:11.094+0000] {processor.py:830} INFO - Processing file /home/airflow/.local/lib/python3.12/site-packages/airflow/example_dags/example_setup_teardown_taskflow.py for tasks to queue
[2025-06-20T14:58:11.095+0000] {logging_mixin.py:188} INFO - [2025-06-20T14:58:11.095+0000] {dagbag.py:540} INFO - Filling up the DagBag from /home/airflow/.local/lib/python3.12/site-packages/airflow/example_dags/example_setup_teardown_taskflow.py
[2025-06-20T14:58:11.105+0000] {processor.py:840} INFO - DAG(s) 'example_setup_teardown_taskflow' retrieved from /home/airflow/.local/lib/python3.12/site-packages/airflow/example_dags/example_setup_teardown_taskflow.py
[2025-06-20T14:58:11.127+0000] {logging_mixin.py:188} INFO - [2025-06-20T14:58:11.127+0000] {dag.py:3096} INFO - Sync 1 DAGs
[2025-06-20T14:58:11.148+0000] {logging_mixin.py:188} INFO - [2025-06-20T14:58:11.148+0000] {dag.py:3954} INFO - Setting next_dagrun for example_setup_teardown_taskflow to 2025-06-19 00:00:00+00:00, run_after=2025-06-20 00:00:00+00:00
[2025-06-20T14:58:11.165+0000] {processor.py:183} INFO - Processing /home/airflow/.local/lib/python3.12/site-packages/airflow/example_dags/example_setup_teardown_taskflow.py took 0.079 seconds
[2025-06-20T14:58:41.259+0000] {processor.py:161} INFO - Started process (PID=2854) to work on /home/airflow/.local/lib/python3.12/site-packages/airflow/example_dags/example_setup_teardown_taskflow.py
[2025-06-20T14:58:41.260+0000] {processor.py:830} INFO - Processing file /home/airflow/.local/lib/python3.12/site-packages/airflow/example_dags/example_setup_teardown_taskflow.py for tasks to queue
[2025-06-20T14:58:41.262+0000] {logging_mixin.py:188} INFO - [2025-06-20T14:58:41.262+0000] {dagbag.py:540} INFO - Filling up the DagBag from /home/airflow/.local/lib/python3.12/site-packages/airflow/example_dags/example_setup_teardown_taskflow.py
[2025-06-20T14:58:41.273+0000] {processor.py:840} INFO - DAG(s) 'example_setup_teardown_taskflow' retrieved from /home/airflow/.local/lib/python3.12/site-packages/airflow/example_dags/example_setup_teardown_taskflow.py
[2025-06-20T14:58:41.295+0000] {logging_mixin.py:188} INFO - [2025-06-20T14:58:41.295+0000] {dag.py:3096} INFO - Sync 1 DAGs
[2025-06-20T14:58:41.317+0000] {logging_mixin.py:188} INFO - [2025-06-20T14:58:41.317+0000] {dag.py:3954} INFO - Setting next_dagrun for example_setup_teardown_taskflow to 2025-06-19 00:00:00+00:00, run_after=2025-06-20 00:00:00+00:00
[2025-06-20T14:58:41.333+0000] {processor.py:183} INFO - Processing /home/airflow/.local/lib/python3.12/site-packages/airflow/example_dags/example_setup_teardown_taskflow.py took 0.082 seconds
[2025-06-20T14:59:11.578+0000] {processor.py:161} INFO - Started process (PID=2913) to work on /home/airflow/.local/lib/python3.12/site-packages/airflow/example_dags/example_setup_teardown_taskflow.py
[2025-06-20T14:59:11.579+0000] {processor.py:830} INFO - Processing file /home/airflow/.local/lib/python3.12/site-packages/airflow/example_dags/example_setup_teardown_taskflow.py for tasks to queue
[2025-06-20T14:59:11.581+0000] {logging_mixin.py:188} INFO - [2025-06-20T14:59:11.580+0000] {dagbag.py:540} INFO - Filling up the DagBag from /home/airflow/.local/lib/python3.12/site-packages/airflow/example_dags/example_setup_teardown_taskflow.py
[2025-06-20T14:59:11.590+0000] {processor.py:840} INFO - DAG(s) 'example_setup_teardown_taskflow' retrieved from /home/airflow/.local/lib/python3.12/site-packages/airflow/example_dags/example_setup_teardown_taskflow.py
[2025-06-20T14:59:11.611+0000] {logging_mixin.py:188} INFO - [2025-06-20T14:59:11.611+0000] {dag.py:3096} INFO - Sync 1 DAGs
[2025-06-20T14:59:11.632+0000] {logging_mixin.py:188} INFO - [2025-06-20T14:59:11.632+0000] {dag.py:3954} INFO - Setting next_dagrun for example_setup_teardown_taskflow to 2025-06-19 00:00:00+00:00, run_after=2025-06-20 00:00:00+00:00
[2025-06-20T14:59:11.648+0000] {processor.py:183} INFO - Processing /home/airflow/.local/lib/python3.12/site-packages/airflow/example_dags/example_setup_teardown_taskflow.py took 0.076 seconds
[2025-06-20T14:59:42.060+0000] {processor.py:161} INFO - Started process (PID=2972) to work on /home/airflow/.local/lib/python3.12/site-packages/airflow/example_dags/example_setup_teardown_taskflow.py
[2025-06-20T14:59:42.061+0000] {processor.py:830} INFO - Processing file /home/airflow/.local/lib/python3.12/site-packages/airflow/example_dags/example_setup_teardown_taskflow.py for tasks to queue
[2025-06-20T14:59:42.063+0000] {logging_mixin.py:188} INFO - [2025-06-20T14:59:42.063+0000] {dagbag.py:540} INFO - Filling up the DagBag from /home/airflow/.local/lib/python3.12/site-packages/airflow/example_dags/example_setup_teardown_taskflow.py
[2025-06-20T14:59:42.072+0000] {processor.py:840} INFO - DAG(s) 'example_setup_teardown_taskflow' retrieved from /home/airflow/.local/lib/python3.12/site-packages/airflow/example_dags/example_setup_teardown_taskflow.py
[2025-06-20T14:59:42.092+0000] {logging_mixin.py:188} INFO - [2025-06-20T14:59:42.092+0000] {dag.py:3096} INFO - Sync 1 DAGs
[2025-06-20T14:59:42.111+0000] {logging_mixin.py:188} INFO - [2025-06-20T14:59:42.111+0000] {dag.py:3954} INFO - Setting next_dagrun for example_setup_teardown_taskflow to 2025-06-19 00:00:00+00:00, run_after=2025-06-20 00:00:00+00:00
[2025-06-20T14:59:42.127+0000] {processor.py:183} INFO - Processing /home/airflow/.local/lib/python3.12/site-packages/airflow/example_dags/example_setup_teardown_taskflow.py took 0.073 seconds
[2025-06-20T15:00:12.521+0000] {processor.py:161} INFO - Started process (PID=3031) to work on /home/airflow/.local/lib/python3.12/site-packages/airflow/example_dags/example_setup_teardown_taskflow.py
[2025-06-20T15:00:12.522+0000] {processor.py:830} INFO - Processing file /home/airflow/.local/lib/python3.12/site-packages/airflow/example_dags/example_setup_teardown_taskflow.py for tasks to queue
[2025-06-20T15:00:12.524+0000] {logging_mixin.py:188} INFO - [2025-06-20T15:00:12.523+0000] {dagbag.py:540} INFO - Filling up the DagBag from /home/airflow/.local/lib/python3.12/site-packages/airflow/example_dags/example_setup_teardown_taskflow.py
[2025-06-20T15:00:12.533+0000] {processor.py:840} INFO - DAG(s) 'example_setup_teardown_taskflow' retrieved from /home/airflow/.local/lib/python3.12/site-packages/airflow/example_dags/example_setup_teardown_taskflow.py
[2025-06-20T15:00:12.554+0000] {logging_mixin.py:188} INFO - [2025-06-20T15:00:12.554+0000] {dag.py:3096} INFO - Sync 1 DAGs
[2025-06-20T15:00:12.575+0000] {logging_mixin.py:188} INFO - [2025-06-20T15:00:12.575+0000] {dag.py:3954} INFO - Setting next_dagrun for example_setup_teardown_taskflow to 2025-06-19 00:00:00+00:00, run_after=2025-06-20 00:00:00+00:00
[2025-06-20T15:00:12.592+0000] {processor.py:183} INFO - Processing /home/airflow/.local/lib/python3.12/site-packages/airflow/example_dags/example_setup_teardown_taskflow.py took 0.077 seconds
[2025-06-20T15:00:42.810+0000] {processor.py:161} INFO - Started process (PID=3090) to work on /home/airflow/.local/lib/python3.12/site-packages/airflow/example_dags/example_setup_teardown_taskflow.py
[2025-06-20T15:00:42.811+0000] {processor.py:830} INFO - Processing file /home/airflow/.local/lib/python3.12/site-packages/airflow/example_dags/example_setup_teardown_taskflow.py for tasks to queue
[2025-06-20T15:00:42.813+0000] {logging_mixin.py:188} INFO - [2025-06-20T15:00:42.812+0000] {dagbag.py:540} INFO - Filling up the DagBag from /home/airflow/.local/lib/python3.12/site-packages/airflow/example_dags/example_setup_teardown_taskflow.py
[2025-06-20T15:00:42.822+0000] {processor.py:840} INFO - DAG(s) 'example_setup_teardown_taskflow' retrieved from /home/airflow/.local/lib/python3.12/site-packages/airflow/example_dags/example_setup_teardown_taskflow.py
[2025-06-20T15:00:42.843+0000] {logging_mixin.py:188} INFO - [2025-06-20T15:00:42.843+0000] {dag.py:3096} INFO - Sync 1 DAGs
[2025-06-20T15:00:42.865+0000] {logging_mixin.py:188} INFO - [2025-06-20T15:00:42.865+0000] {dag.py:3954} INFO - Setting next_dagrun for example_setup_teardown_taskflow to 2025-06-19 00:00:00+00:00, run_after=2025-06-20 00:00:00+00:00
[2025-06-20T15:00:42.882+0000] {processor.py:183} INFO - Processing /home/airflow/.local/lib/python3.12/site-packages/airflow/example_dags/example_setup_teardown_taskflow.py took 0.078 seconds
[2025-06-20T15:01:13.042+0000] {processor.py:161} INFO - Started process (PID=3149) to work on /home/airflow/.local/lib/python3.12/site-packages/airflow/example_dags/example_setup_teardown_taskflow.py
[2025-06-20T15:01:13.043+0000] {processor.py:830} INFO - Processing file /home/airflow/.local/lib/python3.12/site-packages/airflow/example_dags/example_setup_teardown_taskflow.py for tasks to queue
[2025-06-20T15:01:13.045+0000] {logging_mixin.py:188} INFO - [2025-06-20T15:01:13.045+0000] {dagbag.py:540} INFO - Filling up the DagBag from /home/airflow/.local/lib/python3.12/site-packages/airflow/example_dags/example_setup_teardown_taskflow.py
[2025-06-20T15:01:13.054+0000] {processor.py:840} INFO - DAG(s) 'example_setup_teardown_taskflow' retrieved from /home/airflow/.local/lib/python3.12/site-packages/airflow/example_dags/example_setup_teardown_taskflow.py
[2025-06-20T15:01:13.075+0000] {logging_mixin.py:188} INFO - [2025-06-20T15:01:13.075+0000] {dag.py:3096} INFO - Sync 1 DAGs
[2025-06-20T15:01:13.095+0000] {logging_mixin.py:188} INFO - [2025-06-20T15:01:13.094+0000] {dag.py:3954} INFO - Setting next_dagrun for example_setup_teardown_taskflow to 2025-06-19 00:00:00+00:00, run_after=2025-06-20 00:00:00+00:00
[2025-06-20T15:01:13.110+0000] {processor.py:183} INFO - Processing /home/airflow/.local/lib/python3.12/site-packages/airflow/example_dags/example_setup_teardown_taskflow.py took 0.074 seconds
[2025-06-20T15:01:43.784+0000] {processor.py:161} INFO - Started process (PID=3208) to work on /home/airflow/.local/lib/python3.12/site-packages/airflow/example_dags/example_setup_teardown_taskflow.py
[2025-06-20T15:01:43.785+0000] {processor.py:830} INFO - Processing file /home/airflow/.local/lib/python3.12/site-packages/airflow/example_dags/example_setup_teardown_taskflow.py for tasks to queue
[2025-06-20T15:01:43.787+0000] {logging_mixin.py:188} INFO - [2025-06-20T15:01:43.787+0000] {dagbag.py:540} INFO - Filling up the DagBag from /home/airflow/.local/lib/python3.12/site-packages/airflow/example_dags/example_setup_teardown_taskflow.py
[2025-06-20T15:01:43.796+0000] {processor.py:840} INFO - DAG(s) 'example_setup_teardown_taskflow' retrieved from /home/airflow/.local/lib/python3.12/site-packages/airflow/example_dags/example_setup_teardown_taskflow.py
[2025-06-20T15:01:43.816+0000] {logging_mixin.py:188} INFO - [2025-06-20T15:01:43.816+0000] {dag.py:3096} INFO - Sync 1 DAGs
[2025-06-20T15:01:43.835+0000] {logging_mixin.py:188} INFO - [2025-06-20T15:01:43.835+0000] {dag.py:3954} INFO - Setting next_dagrun for example_setup_teardown_taskflow to 2025-06-19 00:00:00+00:00, run_after=2025-06-20 00:00:00+00:00
[2025-06-20T15:01:43.850+0000] {processor.py:183} INFO - Processing /home/airflow/.local/lib/python3.12/site-packages/airflow/example_dags/example_setup_teardown_taskflow.py took 0.072 seconds
[2025-06-20T15:02:14.496+0000] {processor.py:161} INFO - Started process (PID=3267) to work on /home/airflow/.local/lib/python3.12/site-packages/airflow/example_dags/example_setup_teardown_taskflow.py
[2025-06-20T15:02:14.497+0000] {processor.py:830} INFO - Processing file /home/airflow/.local/lib/python3.12/site-packages/airflow/example_dags/example_setup_teardown_taskflow.py for tasks to queue
[2025-06-20T15:02:14.499+0000] {logging_mixin.py:188} INFO - [2025-06-20T15:02:14.499+0000] {dagbag.py:540} INFO - Filling up the DagBag from /home/airflow/.local/lib/python3.12/site-packages/airflow/example_dags/example_setup_teardown_taskflow.py
[2025-06-20T15:02:14.508+0000] {processor.py:840} INFO - DAG(s) 'example_setup_teardown_taskflow' retrieved from /home/airflow/.local/lib/python3.12/site-packages/airflow/example_dags/example_setup_teardown_taskflow.py
[2025-06-20T15:02:14.530+0000] {logging_mixin.py:188} INFO - [2025-06-20T15:02:14.530+0000] {dag.py:3096} INFO - Sync 1 DAGs
[2025-06-20T15:02:14.551+0000] {logging_mixin.py:188} INFO - [2025-06-20T15:02:14.550+0000] {dag.py:3954} INFO - Setting next_dagrun for example_setup_teardown_taskflow to 2025-06-19 00:00:00+00:00, run_after=2025-06-20 00:00:00+00:00
[2025-06-20T15:02:14.566+0000] {processor.py:183} INFO - Processing /home/airflow/.local/lib/python3.12/site-packages/airflow/example_dags/example_setup_teardown_taskflow.py took 0.077 seconds
[2025-06-20T15:02:45.173+0000] {processor.py:161} INFO - Started process (PID=3326) to work on /home/airflow/.local/lib/python3.12/site-packages/airflow/example_dags/example_setup_teardown_taskflow.py
[2025-06-20T15:02:45.174+0000] {processor.py:830} INFO - Processing file /home/airflow/.local/lib/python3.12/site-packages/airflow/example_dags/example_setup_teardown_taskflow.py for tasks to queue
[2025-06-20T15:02:45.176+0000] {logging_mixin.py:188} INFO - [2025-06-20T15:02:45.176+0000] {dagbag.py:540} INFO - Filling up the DagBag from /home/airflow/.local/lib/python3.12/site-packages/airflow/example_dags/example_setup_teardown_taskflow.py
[2025-06-20T15:02:45.185+0000] {processor.py:840} INFO - DAG(s) 'example_setup_teardown_taskflow' retrieved from /home/airflow/.local/lib/python3.12/site-packages/airflow/example_dags/example_setup_teardown_taskflow.py
[2025-06-20T15:02:45.206+0000] {logging_mixin.py:188} INFO - [2025-06-20T15:02:45.206+0000] {dag.py:3096} INFO - Sync 1 DAGs
[2025-06-20T15:02:45.227+0000] {logging_mixin.py:188} INFO - [2025-06-20T15:02:45.227+0000] {dag.py:3954} INFO - Setting next_dagrun for example_setup_teardown_taskflow to 2025-06-19 00:00:00+00:00, run_after=2025-06-20 00:00:00+00:00
[2025-06-20T15:02:45.244+0000] {processor.py:183} INFO - Processing /home/airflow/.local/lib/python3.12/site-packages/airflow/example_dags/example_setup_teardown_taskflow.py took 0.077 seconds
[2025-06-20T15:03:15.878+0000] {processor.py:161} INFO - Started process (PID=3385) to work on /home/airflow/.local/lib/python3.12/site-packages/airflow/example_dags/example_setup_teardown_taskflow.py
[2025-06-20T15:03:15.880+0000] {processor.py:830} INFO - Processing file /home/airflow/.local/lib/python3.12/site-packages/airflow/example_dags/example_setup_teardown_taskflow.py for tasks to queue
[2025-06-20T15:03:15.882+0000] {logging_mixin.py:188} INFO - [2025-06-20T15:03:15.881+0000] {dagbag.py:540} INFO - Filling up the DagBag from /home/airflow/.local/lib/python3.12/site-packages/airflow/example_dags/example_setup_teardown_taskflow.py
[2025-06-20T15:03:15.895+0000] {processor.py:840} INFO - DAG(s) 'example_setup_teardown_taskflow' retrieved from /home/airflow/.local/lib/python3.12/site-packages/airflow/example_dags/example_setup_teardown_taskflow.py
[2025-06-20T15:03:15.920+0000] {logging_mixin.py:188} INFO - [2025-06-20T15:03:15.920+0000] {dag.py:3096} INFO - Sync 1 DAGs
[2025-06-20T15:03:15.941+0000] {logging_mixin.py:188} INFO - [2025-06-20T15:03:15.941+0000] {dag.py:3954} INFO - Setting next_dagrun for example_setup_teardown_taskflow to 2025-06-19 00:00:00+00:00, run_after=2025-06-20 00:00:00+00:00
[2025-06-20T15:03:15.957+0000] {processor.py:183} INFO - Processing /home/airflow/.local/lib/python3.12/site-packages/airflow/example_dags/example_setup_teardown_taskflow.py took 0.086 seconds
[2025-06-20T15:03:46.353+0000] {processor.py:161} INFO - Started process (PID=3444) to work on /home/airflow/.local/lib/python3.12/site-packages/airflow/example_dags/example_setup_teardown_taskflow.py
[2025-06-20T15:03:46.354+0000] {processor.py:830} INFO - Processing file /home/airflow/.local/lib/python3.12/site-packages/airflow/example_dags/example_setup_teardown_taskflow.py for tasks to queue
[2025-06-20T15:03:46.356+0000] {logging_mixin.py:188} INFO - [2025-06-20T15:03:46.355+0000] {dagbag.py:540} INFO - Filling up the DagBag from /home/airflow/.local/lib/python3.12/site-packages/airflow/example_dags/example_setup_teardown_taskflow.py
[2025-06-20T15:03:46.365+0000] {processor.py:840} INFO - DAG(s) 'example_setup_teardown_taskflow' retrieved from /home/airflow/.local/lib/python3.12/site-packages/airflow/example_dags/example_setup_teardown_taskflow.py
[2025-06-20T15:03:46.388+0000] {logging_mixin.py:188} INFO - [2025-06-20T15:03:46.388+0000] {dag.py:3096} INFO - Sync 1 DAGs
[2025-06-20T15:03:46.408+0000] {logging_mixin.py:188} INFO - [2025-06-20T15:03:46.408+0000] {dag.py:3954} INFO - Setting next_dagrun for example_setup_teardown_taskflow to 2025-06-19 00:00:00+00:00, run_after=2025-06-20 00:00:00+00:00
[2025-06-20T15:03:46.424+0000] {processor.py:183} INFO - Processing /home/airflow/.local/lib/python3.12/site-packages/airflow/example_dags/example_setup_teardown_taskflow.py took 0.078 seconds
[2025-06-20T15:04:17.090+0000] {processor.py:161} INFO - Started process (PID=3501) to work on /home/airflow/.local/lib/python3.12/site-packages/airflow/example_dags/example_setup_teardown_taskflow.py
[2025-06-20T15:04:17.091+0000] {processor.py:830} INFO - Processing file /home/airflow/.local/lib/python3.12/site-packages/airflow/example_dags/example_setup_teardown_taskflow.py for tasks to queue
[2025-06-20T15:04:17.092+0000] {logging_mixin.py:188} INFO - [2025-06-20T15:04:17.092+0000] {dagbag.py:540} INFO - Filling up the DagBag from /home/airflow/.local/lib/python3.12/site-packages/airflow/example_dags/example_setup_teardown_taskflow.py
[2025-06-20T15:04:17.102+0000] {processor.py:840} INFO - DAG(s) 'example_setup_teardown_taskflow' retrieved from /home/airflow/.local/lib/python3.12/site-packages/airflow/example_dags/example_setup_teardown_taskflow.py
[2025-06-20T15:04:17.125+0000] {logging_mixin.py:188} INFO - [2025-06-20T15:04:17.124+0000] {dag.py:3096} INFO - Sync 1 DAGs
[2025-06-20T15:04:17.146+0000] {logging_mixin.py:188} INFO - [2025-06-20T15:04:17.146+0000] {dag.py:3954} INFO - Setting next_dagrun for example_setup_teardown_taskflow to 2025-06-19 00:00:00+00:00, run_after=2025-06-20 00:00:00+00:00
[2025-06-20T15:04:17.162+0000] {processor.py:183} INFO - Processing /home/airflow/.local/lib/python3.12/site-packages/airflow/example_dags/example_setup_teardown_taskflow.py took 0.079 seconds
[2025-06-20T15:04:47.944+0000] {processor.py:161} INFO - Started process (PID=3560) to work on /home/airflow/.local/lib/python3.12/site-packages/airflow/example_dags/example_setup_teardown_taskflow.py
[2025-06-20T15:04:47.945+0000] {processor.py:830} INFO - Processing file /home/airflow/.local/lib/python3.12/site-packages/airflow/example_dags/example_setup_teardown_taskflow.py for tasks to queue
[2025-06-20T15:04:47.947+0000] {logging_mixin.py:188} INFO - [2025-06-20T15:04:47.947+0000] {dagbag.py:540} INFO - Filling up the DagBag from /home/airflow/.local/lib/python3.12/site-packages/airflow/example_dags/example_setup_teardown_taskflow.py
[2025-06-20T15:04:47.957+0000] {processor.py:840} INFO - DAG(s) 'example_setup_teardown_taskflow' retrieved from /home/airflow/.local/lib/python3.12/site-packages/airflow/example_dags/example_setup_teardown_taskflow.py
[2025-06-20T15:04:47.979+0000] {logging_mixin.py:188} INFO - [2025-06-20T15:04:47.978+0000] {dag.py:3096} INFO - Sync 1 DAGs
[2025-06-20T15:04:47.998+0000] {logging_mixin.py:188} INFO - [2025-06-20T15:04:47.998+0000] {dag.py:3954} INFO - Setting next_dagrun for example_setup_teardown_taskflow to 2025-06-19 00:00:00+00:00, run_after=2025-06-20 00:00:00+00:00
[2025-06-20T15:04:48.014+0000] {processor.py:183} INFO - Processing /home/airflow/.local/lib/python3.12/site-packages/airflow/example_dags/example_setup_teardown_taskflow.py took 0.077 seconds
[2025-06-20T15:05:18.210+0000] {processor.py:161} INFO - Started process (PID=3619) to work on /home/airflow/.local/lib/python3.12/site-packages/airflow/example_dags/example_setup_teardown_taskflow.py
[2025-06-20T15:05:18.211+0000] {processor.py:830} INFO - Processing file /home/airflow/.local/lib/python3.12/site-packages/airflow/example_dags/example_setup_teardown_taskflow.py for tasks to queue
[2025-06-20T15:05:18.212+0000] {logging_mixin.py:188} INFO - [2025-06-20T15:05:18.212+0000] {dagbag.py:540} INFO - Filling up the DagBag from /home/airflow/.local/lib/python3.12/site-packages/airflow/example_dags/example_setup_teardown_taskflow.py
[2025-06-20T15:05:18.221+0000] {processor.py:840} INFO - DAG(s) 'example_setup_teardown_taskflow' retrieved from /home/airflow/.local/lib/python3.12/site-packages/airflow/example_dags/example_setup_teardown_taskflow.py
[2025-06-20T15:05:18.241+0000] {logging_mixin.py:188} INFO - [2025-06-20T15:05:18.241+0000] {dag.py:3096} INFO - Sync 1 DAGs
[2025-06-20T15:05:18.261+0000] {logging_mixin.py:188} INFO - [2025-06-20T15:05:18.260+0000] {dag.py:3954} INFO - Setting next_dagrun for example_setup_teardown_taskflow to 2025-06-19 00:00:00+00:00, run_after=2025-06-20 00:00:00+00:00
[2025-06-20T15:05:18.276+0000] {processor.py:183} INFO - Processing /home/airflow/.local/lib/python3.12/site-packages/airflow/example_dags/example_setup_teardown_taskflow.py took 0.072 seconds
[2025-06-20T15:05:48.506+0000] {processor.py:161} INFO - Started process (PID=3678) to work on /home/airflow/.local/lib/python3.12/site-packages/airflow/example_dags/example_setup_teardown_taskflow.py
[2025-06-20T15:05:48.507+0000] {processor.py:830} INFO - Processing file /home/airflow/.local/lib/python3.12/site-packages/airflow/example_dags/example_setup_teardown_taskflow.py for tasks to queue
[2025-06-20T15:05:48.509+0000] {logging_mixin.py:188} INFO - [2025-06-20T15:05:48.509+0000] {dagbag.py:540} INFO - Filling up the DagBag from /home/airflow/.local/lib/python3.12/site-packages/airflow/example_dags/example_setup_teardown_taskflow.py
[2025-06-20T15:05:48.518+0000] {processor.py:840} INFO - DAG(s) 'example_setup_teardown_taskflow' retrieved from /home/airflow/.local/lib/python3.12/site-packages/airflow/example_dags/example_setup_teardown_taskflow.py
[2025-06-20T15:05:48.540+0000] {logging_mixin.py:188} INFO - [2025-06-20T15:05:48.540+0000] {dag.py:3096} INFO - Sync 1 DAGs
[2025-06-20T15:05:48.560+0000] {logging_mixin.py:188} INFO - [2025-06-20T15:05:48.559+0000] {dag.py:3954} INFO - Setting next_dagrun for example_setup_teardown_taskflow to 2025-06-19 00:00:00+00:00, run_after=2025-06-20 00:00:00+00:00
[2025-06-20T15:05:48.575+0000] {processor.py:183} INFO - Processing /home/airflow/.local/lib/python3.12/site-packages/airflow/example_dags/example_setup_teardown_taskflow.py took 0.074 seconds
[2025-06-20T15:06:18.780+0000] {processor.py:161} INFO - Started process (PID=3737) to work on /home/airflow/.local/lib/python3.12/site-packages/airflow/example_dags/example_setup_teardown_taskflow.py
[2025-06-20T15:06:18.781+0000] {processor.py:830} INFO - Processing file /home/airflow/.local/lib/python3.12/site-packages/airflow/example_dags/example_setup_teardown_taskflow.py for tasks to queue
[2025-06-20T15:06:18.783+0000] {logging_mixin.py:188} INFO - [2025-06-20T15:06:18.783+0000] {dagbag.py:540} INFO - Filling up the DagBag from /home/airflow/.local/lib/python3.12/site-packages/airflow/example_dags/example_setup_teardown_taskflow.py
[2025-06-20T15:06:18.794+0000] {processor.py:840} INFO - DAG(s) 'example_setup_teardown_taskflow' retrieved from /home/airflow/.local/lib/python3.12/site-packages/airflow/example_dags/example_setup_teardown_taskflow.py
[2025-06-20T15:06:18.820+0000] {logging_mixin.py:188} INFO - [2025-06-20T15:06:18.820+0000] {dag.py:3096} INFO - Sync 1 DAGs
[2025-06-20T15:06:18.843+0000] {logging_mixin.py:188} INFO - [2025-06-20T15:06:18.842+0000] {dag.py:3954} INFO - Setting next_dagrun for example_setup_teardown_taskflow to 2025-06-19 00:00:00+00:00, run_after=2025-06-20 00:00:00+00:00
[2025-06-20T15:06:18.861+0000] {processor.py:183} INFO - Processing /home/airflow/.local/lib/python3.12/site-packages/airflow/example_dags/example_setup_teardown_taskflow.py took 0.088 seconds
[2025-06-20T15:06:49.060+0000] {processor.py:161} INFO - Started process (PID=3796) to work on /home/airflow/.local/lib/python3.12/site-packages/airflow/example_dags/example_setup_teardown_taskflow.py
[2025-06-20T15:06:49.060+0000] {processor.py:830} INFO - Processing file /home/airflow/.local/lib/python3.12/site-packages/airflow/example_dags/example_setup_teardown_taskflow.py for tasks to queue
[2025-06-20T15:06:49.062+0000] {logging_mixin.py:188} INFO - [2025-06-20T15:06:49.062+0000] {dagbag.py:540} INFO - Filling up the DagBag from /home/airflow/.local/lib/python3.12/site-packages/airflow/example_dags/example_setup_teardown_taskflow.py
[2025-06-20T15:06:49.072+0000] {processor.py:840} INFO - DAG(s) 'example_setup_teardown_taskflow' retrieved from /home/airflow/.local/lib/python3.12/site-packages/airflow/example_dags/example_setup_teardown_taskflow.py
[2025-06-20T15:06:49.094+0000] {logging_mixin.py:188} INFO - [2025-06-20T15:06:49.094+0000] {dag.py:3096} INFO - Sync 1 DAGs
[2025-06-20T15:06:49.115+0000] {logging_mixin.py:188} INFO - [2025-06-20T15:06:49.114+0000] {dag.py:3954} INFO - Setting next_dagrun for example_setup_teardown_taskflow to 2025-06-19 00:00:00+00:00, run_after=2025-06-20 00:00:00+00:00
[2025-06-20T15:06:49.130+0000] {processor.py:183} INFO - Processing /home/airflow/.local/lib/python3.12/site-packages/airflow/example_dags/example_setup_teardown_taskflow.py took 0.077 seconds
[2025-06-20T15:07:19.323+0000] {processor.py:161} INFO - Started process (PID=3855) to work on /home/airflow/.local/lib/python3.12/site-packages/airflow/example_dags/example_setup_teardown_taskflow.py
[2025-06-20T15:07:19.323+0000] {processor.py:830} INFO - Processing file /home/airflow/.local/lib/python3.12/site-packages/airflow/example_dags/example_setup_teardown_taskflow.py for tasks to queue
[2025-06-20T15:07:19.325+0000] {logging_mixin.py:188} INFO - [2025-06-20T15:07:19.325+0000] {dagbag.py:540} INFO - Filling up the DagBag from /home/airflow/.local/lib/python3.12/site-packages/airflow/example_dags/example_setup_teardown_taskflow.py
[2025-06-20T15:07:19.334+0000] {processor.py:840} INFO - DAG(s) 'example_setup_teardown_taskflow' retrieved from /home/airflow/.local/lib/python3.12/site-packages/airflow/example_dags/example_setup_teardown_taskflow.py
[2025-06-20T15:07:19.355+0000] {logging_mixin.py:188} INFO - [2025-06-20T15:07:19.355+0000] {dag.py:3096} INFO - Sync 1 DAGs
[2025-06-20T15:07:19.376+0000] {logging_mixin.py:188} INFO - [2025-06-20T15:07:19.376+0000] {dag.py:3954} INFO - Setting next_dagrun for example_setup_teardown_taskflow to 2025-06-19 00:00:00+00:00, run_after=2025-06-20 00:00:00+00:00
[2025-06-20T15:07:19.392+0000] {processor.py:183} INFO - Processing /home/airflow/.local/lib/python3.12/site-packages/airflow/example_dags/example_setup_teardown_taskflow.py took 0.076 seconds
[2025-06-20T15:07:49.562+0000] {processor.py:161} INFO - Started process (PID=3914) to work on /home/airflow/.local/lib/python3.12/site-packages/airflow/example_dags/example_setup_teardown_taskflow.py
[2025-06-20T15:07:49.563+0000] {processor.py:830} INFO - Processing file /home/airflow/.local/lib/python3.12/site-packages/airflow/example_dags/example_setup_teardown_taskflow.py for tasks to queue
[2025-06-20T15:07:49.565+0000] {logging_mixin.py:188} INFO - [2025-06-20T15:07:49.565+0000] {dagbag.py:540} INFO - Filling up the DagBag from /home/airflow/.local/lib/python3.12/site-packages/airflow/example_dags/example_setup_teardown_taskflow.py
[2025-06-20T15:07:49.576+0000] {processor.py:840} INFO - DAG(s) 'example_setup_teardown_taskflow' retrieved from /home/airflow/.local/lib/python3.12/site-packages/airflow/example_dags/example_setup_teardown_taskflow.py
[2025-06-20T15:07:49.599+0000] {logging_mixin.py:188} INFO - [2025-06-20T15:07:49.599+0000] {dag.py:3096} INFO - Sync 1 DAGs
[2025-06-20T15:07:49.620+0000] {logging_mixin.py:188} INFO - [2025-06-20T15:07:49.620+0000] {dag.py:3954} INFO - Setting next_dagrun for example_setup_teardown_taskflow to 2025-06-19 00:00:00+00:00, run_after=2025-06-20 00:00:00+00:00
[2025-06-20T15:07:49.636+0000] {processor.py:183} INFO - Processing /home/airflow/.local/lib/python3.12/site-packages/airflow/example_dags/example_setup_teardown_taskflow.py took 0.081 seconds
[2025-06-20T15:08:19.957+0000] {processor.py:161} INFO - Started process (PID=3973) to work on /home/airflow/.local/lib/python3.12/site-packages/airflow/example_dags/example_setup_teardown_taskflow.py
[2025-06-20T15:08:19.957+0000] {processor.py:830} INFO - Processing file /home/airflow/.local/lib/python3.12/site-packages/airflow/example_dags/example_setup_teardown_taskflow.py for tasks to queue
[2025-06-20T15:08:19.959+0000] {logging_mixin.py:188} INFO - [2025-06-20T15:08:19.959+0000] {dagbag.py:540} INFO - Filling up the DagBag from /home/airflow/.local/lib/python3.12/site-packages/airflow/example_dags/example_setup_teardown_taskflow.py
[2025-06-20T15:08:19.969+0000] {processor.py:840} INFO - DAG(s) 'example_setup_teardown_taskflow' retrieved from /home/airflow/.local/lib/python3.12/site-packages/airflow/example_dags/example_setup_teardown_taskflow.py
[2025-06-20T15:08:19.989+0000] {logging_mixin.py:188} INFO - [2025-06-20T15:08:19.989+0000] {dag.py:3096} INFO - Sync 1 DAGs
[2025-06-20T15:08:20.009+0000] {logging_mixin.py:188} INFO - [2025-06-20T15:08:20.009+0000] {dag.py:3954} INFO - Setting next_dagrun for example_setup_teardown_taskflow to 2025-06-19 00:00:00+00:00, run_after=2025-06-20 00:00:00+00:00
[2025-06-20T15:08:20.025+0000] {processor.py:183} INFO - Processing /home/airflow/.local/lib/python3.12/site-packages/airflow/example_dags/example_setup_teardown_taskflow.py took 0.074 seconds
[2025-06-20T15:08:50.887+0000] {processor.py:161} INFO - Started process (PID=4032) to work on /home/airflow/.local/lib/python3.12/site-packages/airflow/example_dags/example_setup_teardown_taskflow.py
[2025-06-20T15:08:50.888+0000] {processor.py:830} INFO - Processing file /home/airflow/.local/lib/python3.12/site-packages/airflow/example_dags/example_setup_teardown_taskflow.py for tasks to queue
[2025-06-20T15:08:50.890+0000] {logging_mixin.py:188} INFO - [2025-06-20T15:08:50.890+0000] {dagbag.py:540} INFO - Filling up the DagBag from /home/airflow/.local/lib/python3.12/site-packages/airflow/example_dags/example_setup_teardown_taskflow.py
[2025-06-20T15:08:50.902+0000] {processor.py:840} INFO - DAG(s) 'example_setup_teardown_taskflow' retrieved from /home/airflow/.local/lib/python3.12/site-packages/airflow/example_dags/example_setup_teardown_taskflow.py
[2025-06-20T15:08:50.928+0000] {logging_mixin.py:188} INFO - [2025-06-20T15:08:50.927+0000] {dag.py:3096} INFO - Sync 1 DAGs
[2025-06-20T15:08:50.953+0000] {logging_mixin.py:188} INFO - [2025-06-20T15:08:50.953+0000] {dag.py:3954} INFO - Setting next_dagrun for example_setup_teardown_taskflow to 2025-06-19 00:00:00+00:00, run_after=2025-06-20 00:00:00+00:00
[2025-06-20T15:08:50.971+0000] {processor.py:183} INFO - Processing /home/airflow/.local/lib/python3.12/site-packages/airflow/example_dags/example_setup_teardown_taskflow.py took 0.090 seconds
[2025-06-20T15:09:21.065+0000] {processor.py:161} INFO - Started process (PID=4091) to work on /home/airflow/.local/lib/python3.12/site-packages/airflow/example_dags/example_setup_teardown_taskflow.py
[2025-06-20T15:09:21.066+0000] {processor.py:830} INFO - Processing file /home/airflow/.local/lib/python3.12/site-packages/airflow/example_dags/example_setup_teardown_taskflow.py for tasks to queue
[2025-06-20T15:09:21.068+0000] {logging_mixin.py:188} INFO - [2025-06-20T15:09:21.068+0000] {dagbag.py:540} INFO - Filling up the DagBag from /home/airflow/.local/lib/python3.12/site-packages/airflow/example_dags/example_setup_teardown_taskflow.py
[2025-06-20T15:09:21.077+0000] {processor.py:840} INFO - DAG(s) 'example_setup_teardown_taskflow' retrieved from /home/airflow/.local/lib/python3.12/site-packages/airflow/example_dags/example_setup_teardown_taskflow.py
[2025-06-20T15:09:21.098+0000] {logging_mixin.py:188} INFO - [2025-06-20T15:09:21.098+0000] {dag.py:3096} INFO - Sync 1 DAGs
[2025-06-20T15:09:21.118+0000] {logging_mixin.py:188} INFO - [2025-06-20T15:09:21.118+0000] {dag.py:3954} INFO - Setting next_dagrun for example_setup_teardown_taskflow to 2025-06-19 00:00:00+00:00, run_after=2025-06-20 00:00:00+00:00
[2025-06-20T15:09:21.134+0000] {processor.py:183} INFO - Processing /home/airflow/.local/lib/python3.12/site-packages/airflow/example_dags/example_setup_teardown_taskflow.py took 0.075 seconds
[2025-06-20T15:09:51.301+0000] {processor.py:161} INFO - Started process (PID=4150) to work on /home/airflow/.local/lib/python3.12/site-packages/airflow/example_dags/example_setup_teardown_taskflow.py
[2025-06-20T15:09:51.302+0000] {processor.py:830} INFO - Processing file /home/airflow/.local/lib/python3.12/site-packages/airflow/example_dags/example_setup_teardown_taskflow.py for tasks to queue
[2025-06-20T15:09:51.304+0000] {logging_mixin.py:188} INFO - [2025-06-20T15:09:51.303+0000] {dagbag.py:540} INFO - Filling up the DagBag from /home/airflow/.local/lib/python3.12/site-packages/airflow/example_dags/example_setup_teardown_taskflow.py
[2025-06-20T15:09:51.314+0000] {processor.py:840} INFO - DAG(s) 'example_setup_teardown_taskflow' retrieved from /home/airflow/.local/lib/python3.12/site-packages/airflow/example_dags/example_setup_teardown_taskflow.py
[2025-06-20T15:09:51.335+0000] {logging_mixin.py:188} INFO - [2025-06-20T15:09:51.335+0000] {dag.py:3096} INFO - Sync 1 DAGs
[2025-06-20T15:09:51.357+0000] {logging_mixin.py:188} INFO - [2025-06-20T15:09:51.356+0000] {dag.py:3954} INFO - Setting next_dagrun for example_setup_teardown_taskflow to 2025-06-19 00:00:00+00:00, run_after=2025-06-20 00:00:00+00:00
[2025-06-20T15:09:51.373+0000] {processor.py:183} INFO - Processing /home/airflow/.local/lib/python3.12/site-packages/airflow/example_dags/example_setup_teardown_taskflow.py took 0.078 seconds
[2025-06-20T15:10:21.481+0000] {processor.py:161} INFO - Started process (PID=4209) to work on /home/airflow/.local/lib/python3.12/site-packages/airflow/example_dags/example_setup_teardown_taskflow.py
[2025-06-20T15:10:21.482+0000] {processor.py:830} INFO - Processing file /home/airflow/.local/lib/python3.12/site-packages/airflow/example_dags/example_setup_teardown_taskflow.py for tasks to queue
[2025-06-20T15:10:21.484+0000] {logging_mixin.py:188} INFO - [2025-06-20T15:10:21.483+0000] {dagbag.py:540} INFO - Filling up the DagBag from /home/airflow/.local/lib/python3.12/site-packages/airflow/example_dags/example_setup_teardown_taskflow.py
[2025-06-20T15:10:21.493+0000] {processor.py:840} INFO - DAG(s) 'example_setup_teardown_taskflow' retrieved from /home/airflow/.local/lib/python3.12/site-packages/airflow/example_dags/example_setup_teardown_taskflow.py
[2025-06-20T15:10:21.515+0000] {logging_mixin.py:188} INFO - [2025-06-20T15:10:21.515+0000] {dag.py:3096} INFO - Sync 1 DAGs
[2025-06-20T15:10:21.535+0000] {logging_mixin.py:188} INFO - [2025-06-20T15:10:21.535+0000] {dag.py:3954} INFO - Setting next_dagrun for example_setup_teardown_taskflow to 2025-06-19 00:00:00+00:00, run_after=2025-06-20 00:00:00+00:00
[2025-06-20T15:10:21.552+0000] {processor.py:183} INFO - Processing /home/airflow/.local/lib/python3.12/site-packages/airflow/example_dags/example_setup_teardown_taskflow.py took 0.078 seconds
[2025-06-20T15:10:52.275+0000] {processor.py:161} INFO - Started process (PID=4268) to work on /home/airflow/.local/lib/python3.12/site-packages/airflow/example_dags/example_setup_teardown_taskflow.py
[2025-06-20T15:10:52.276+0000] {processor.py:830} INFO - Processing file /home/airflow/.local/lib/python3.12/site-packages/airflow/example_dags/example_setup_teardown_taskflow.py for tasks to queue
[2025-06-20T15:10:52.279+0000] {logging_mixin.py:188} INFO - [2025-06-20T15:10:52.278+0000] {dagbag.py:540} INFO - Filling up the DagBag from /home/airflow/.local/lib/python3.12/site-packages/airflow/example_dags/example_setup_teardown_taskflow.py
[2025-06-20T15:10:52.293+0000] {processor.py:840} INFO - DAG(s) 'example_setup_teardown_taskflow' retrieved from /home/airflow/.local/lib/python3.12/site-packages/airflow/example_dags/example_setup_teardown_taskflow.py
[2025-06-20T15:10:52.319+0000] {logging_mixin.py:188} INFO - [2025-06-20T15:10:52.319+0000] {dag.py:3096} INFO - Sync 1 DAGs
[2025-06-20T15:10:52.340+0000] {logging_mixin.py:188} INFO - [2025-06-20T15:10:52.340+0000] {dag.py:3954} INFO - Setting next_dagrun for example_setup_teardown_taskflow to 2025-06-19 00:00:00+00:00, run_after=2025-06-20 00:00:00+00:00
[2025-06-20T15:10:52.357+0000] {processor.py:183} INFO - Processing /home/airflow/.local/lib/python3.12/site-packages/airflow/example_dags/example_setup_teardown_taskflow.py took 0.088 seconds
[2025-06-20T15:11:23.145+0000] {processor.py:161} INFO - Started process (PID=4327) to work on /home/airflow/.local/lib/python3.12/site-packages/airflow/example_dags/example_setup_teardown_taskflow.py
[2025-06-20T15:11:23.146+0000] {processor.py:830} INFO - Processing file /home/airflow/.local/lib/python3.12/site-packages/airflow/example_dags/example_setup_teardown_taskflow.py for tasks to queue
[2025-06-20T15:11:23.147+0000] {logging_mixin.py:188} INFO - [2025-06-20T15:11:23.147+0000] {dagbag.py:540} INFO - Filling up the DagBag from /home/airflow/.local/lib/python3.12/site-packages/airflow/example_dags/example_setup_teardown_taskflow.py
[2025-06-20T15:11:23.157+0000] {processor.py:840} INFO - DAG(s) 'example_setup_teardown_taskflow' retrieved from /home/airflow/.local/lib/python3.12/site-packages/airflow/example_dags/example_setup_teardown_taskflow.py
[2025-06-20T15:11:23.177+0000] {logging_mixin.py:188} INFO - [2025-06-20T15:11:23.177+0000] {dag.py:3096} INFO - Sync 1 DAGs
[2025-06-20T15:11:23.198+0000] {logging_mixin.py:188} INFO - [2025-06-20T15:11:23.198+0000] {dag.py:3954} INFO - Setting next_dagrun for example_setup_teardown_taskflow to 2025-06-19 00:00:00+00:00, run_after=2025-06-20 00:00:00+00:00
[2025-06-20T15:11:23.214+0000] {processor.py:183} INFO - Processing /home/airflow/.local/lib/python3.12/site-packages/airflow/example_dags/example_setup_teardown_taskflow.py took 0.076 seconds
[2025-06-20T15:11:53.512+0000] {processor.py:161} INFO - Started process (PID=4386) to work on /home/airflow/.local/lib/python3.12/site-packages/airflow/example_dags/example_setup_teardown_taskflow.py
[2025-06-20T15:11:53.513+0000] {processor.py:830} INFO - Processing file /home/airflow/.local/lib/python3.12/site-packages/airflow/example_dags/example_setup_teardown_taskflow.py for tasks to queue
[2025-06-20T15:11:53.515+0000] {logging_mixin.py:188} INFO - [2025-06-20T15:11:53.514+0000] {dagbag.py:540} INFO - Filling up the DagBag from /home/airflow/.local/lib/python3.12/site-packages/airflow/example_dags/example_setup_teardown_taskflow.py
[2025-06-20T15:11:53.524+0000] {processor.py:840} INFO - DAG(s) 'example_setup_teardown_taskflow' retrieved from /home/airflow/.local/lib/python3.12/site-packages/airflow/example_dags/example_setup_teardown_taskflow.py
[2025-06-20T15:11:53.545+0000] {logging_mixin.py:188} INFO - [2025-06-20T15:11:53.545+0000] {dag.py:3096} INFO - Sync 1 DAGs
[2025-06-20T15:11:53.564+0000] {logging_mixin.py:188} INFO - [2025-06-20T15:11:53.564+0000] {dag.py:3954} INFO - Setting next_dagrun for example_setup_teardown_taskflow to 2025-06-19 00:00:00+00:00, run_after=2025-06-20 00:00:00+00:00
[2025-06-20T15:11:53.580+0000] {processor.py:183} INFO - Processing /home/airflow/.local/lib/python3.12/site-packages/airflow/example_dags/example_setup_teardown_taskflow.py took 0.074 seconds
[2025-06-20T15:12:23.655+0000] {processor.py:161} INFO - Started process (PID=4445) to work on /home/airflow/.local/lib/python3.12/site-packages/airflow/example_dags/example_setup_teardown_taskflow.py
[2025-06-20T15:12:23.656+0000] {processor.py:830} INFO - Processing file /home/airflow/.local/lib/python3.12/site-packages/airflow/example_dags/example_setup_teardown_taskflow.py for tasks to queue
[2025-06-20T15:12:23.657+0000] {logging_mixin.py:188} INFO - [2025-06-20T15:12:23.657+0000] {dagbag.py:540} INFO - Filling up the DagBag from /home/airflow/.local/lib/python3.12/site-packages/airflow/example_dags/example_setup_teardown_taskflow.py
[2025-06-20T15:12:23.667+0000] {processor.py:840} INFO - DAG(s) 'example_setup_teardown_taskflow' retrieved from /home/airflow/.local/lib/python3.12/site-packages/airflow/example_dags/example_setup_teardown_taskflow.py
[2025-06-20T15:12:23.687+0000] {logging_mixin.py:188} INFO - [2025-06-20T15:12:23.687+0000] {dag.py:3096} INFO - Sync 1 DAGs
[2025-06-20T15:12:23.706+0000] {logging_mixin.py:188} INFO - [2025-06-20T15:12:23.706+0000] {dag.py:3954} INFO - Setting next_dagrun for example_setup_teardown_taskflow to 2025-06-19 00:00:00+00:00, run_after=2025-06-20 00:00:00+00:00
[2025-06-20T15:12:23.721+0000] {processor.py:183} INFO - Processing /home/airflow/.local/lib/python3.12/site-packages/airflow/example_dags/example_setup_teardown_taskflow.py took 0.073 seconds
[2025-06-20T15:12:54.514+0000] {processor.py:161} INFO - Started process (PID=4510) to work on /home/airflow/.local/lib/python3.12/site-packages/airflow/example_dags/example_setup_teardown_taskflow.py
[2025-06-20T15:12:54.515+0000] {processor.py:830} INFO - Processing file /home/airflow/.local/lib/python3.12/site-packages/airflow/example_dags/example_setup_teardown_taskflow.py for tasks to queue
[2025-06-20T15:12:54.517+0000] {logging_mixin.py:188} INFO - [2025-06-20T15:12:54.517+0000] {dagbag.py:540} INFO - Filling up the DagBag from /home/airflow/.local/lib/python3.12/site-packages/airflow/example_dags/example_setup_teardown_taskflow.py
[2025-06-20T15:12:54.527+0000] {processor.py:840} INFO - DAG(s) 'example_setup_teardown_taskflow' retrieved from /home/airflow/.local/lib/python3.12/site-packages/airflow/example_dags/example_setup_teardown_taskflow.py
[2025-06-20T15:12:54.548+0000] {logging_mixin.py:188} INFO - [2025-06-20T15:12:54.548+0000] {dag.py:3096} INFO - Sync 1 DAGs
[2025-06-20T15:12:54.568+0000] {logging_mixin.py:188} INFO - [2025-06-20T15:12:54.568+0000] {dag.py:3954} INFO - Setting next_dagrun for example_setup_teardown_taskflow to 2025-06-19 00:00:00+00:00, run_after=2025-06-20 00:00:00+00:00
[2025-06-20T15:12:54.584+0000] {processor.py:183} INFO - Processing /home/airflow/.local/lib/python3.12/site-packages/airflow/example_dags/example_setup_teardown_taskflow.py took 0.076 seconds
[2025-06-20T15:13:24.679+0000] {processor.py:161} INFO - Started process (PID=4569) to work on /home/airflow/.local/lib/python3.12/site-packages/airflow/example_dags/example_setup_teardown_taskflow.py
[2025-06-20T15:13:24.680+0000] {processor.py:830} INFO - Processing file /home/airflow/.local/lib/python3.12/site-packages/airflow/example_dags/example_setup_teardown_taskflow.py for tasks to queue
[2025-06-20T15:13:24.682+0000] {logging_mixin.py:188} INFO - [2025-06-20T15:13:24.682+0000] {dagbag.py:540} INFO - Filling up the DagBag from /home/airflow/.local/lib/python3.12/site-packages/airflow/example_dags/example_setup_teardown_taskflow.py
[2025-06-20T15:13:24.691+0000] {processor.py:840} INFO - DAG(s) 'example_setup_teardown_taskflow' retrieved from /home/airflow/.local/lib/python3.12/site-packages/airflow/example_dags/example_setup_teardown_taskflow.py
[2025-06-20T15:13:24.713+0000] {logging_mixin.py:188} INFO - [2025-06-20T15:13:24.713+0000] {dag.py:3096} INFO - Sync 1 DAGs
[2025-06-20T15:13:24.733+0000] {logging_mixin.py:188} INFO - [2025-06-20T15:13:24.732+0000] {dag.py:3954} INFO - Setting next_dagrun for example_setup_teardown_taskflow to 2025-06-19 00:00:00+00:00, run_after=2025-06-20 00:00:00+00:00
[2025-06-20T15:13:24.748+0000] {processor.py:183} INFO - Processing /home/airflow/.local/lib/python3.12/site-packages/airflow/example_dags/example_setup_teardown_taskflow.py took 0.075 seconds
[2025-06-20T15:13:54.933+0000] {processor.py:161} INFO - Started process (PID=4628) to work on /home/airflow/.local/lib/python3.12/site-packages/airflow/example_dags/example_setup_teardown_taskflow.py
[2025-06-20T15:13:54.934+0000] {processor.py:830} INFO - Processing file /home/airflow/.local/lib/python3.12/site-packages/airflow/example_dags/example_setup_teardown_taskflow.py for tasks to queue
[2025-06-20T15:13:54.936+0000] {logging_mixin.py:188} INFO - [2025-06-20T15:13:54.936+0000] {dagbag.py:540} INFO - Filling up the DagBag from /home/airflow/.local/lib/python3.12/site-packages/airflow/example_dags/example_setup_teardown_taskflow.py
[2025-06-20T15:13:54.945+0000] {processor.py:840} INFO - DAG(s) 'example_setup_teardown_taskflow' retrieved from /home/airflow/.local/lib/python3.12/site-packages/airflow/example_dags/example_setup_teardown_taskflow.py
[2025-06-20T15:13:54.967+0000] {logging_mixin.py:188} INFO - [2025-06-20T15:13:54.967+0000] {dag.py:3096} INFO - Sync 1 DAGs
[2025-06-20T15:13:54.986+0000] {logging_mixin.py:188} INFO - [2025-06-20T15:13:54.986+0000] {dag.py:3954} INFO - Setting next_dagrun for example_setup_teardown_taskflow to 2025-06-19 00:00:00+00:00, run_after=2025-06-20 00:00:00+00:00
[2025-06-20T15:13:55.002+0000] {processor.py:183} INFO - Processing /home/airflow/.local/lib/python3.12/site-packages/airflow/example_dags/example_setup_teardown_taskflow.py took 0.075 seconds
[2025-06-20T15:14:25.126+0000] {processor.py:161} INFO - Started process (PID=4687) to work on /home/airflow/.local/lib/python3.12/site-packages/airflow/example_dags/example_setup_teardown_taskflow.py
[2025-06-20T15:14:25.127+0000] {processor.py:830} INFO - Processing file /home/airflow/.local/lib/python3.12/site-packages/airflow/example_dags/example_setup_teardown_taskflow.py for tasks to queue
[2025-06-20T15:14:25.129+0000] {logging_mixin.py:188} INFO - [2025-06-20T15:14:25.129+0000] {dagbag.py:540} INFO - Filling up the DagBag from /home/airflow/.local/lib/python3.12/site-packages/airflow/example_dags/example_setup_teardown_taskflow.py
[2025-06-20T15:14:25.139+0000] {processor.py:840} INFO - DAG(s) 'example_setup_teardown_taskflow' retrieved from /home/airflow/.local/lib/python3.12/site-packages/airflow/example_dags/example_setup_teardown_taskflow.py
[2025-06-20T15:14:25.161+0000] {logging_mixin.py:188} INFO - [2025-06-20T15:14:25.161+0000] {dag.py:3096} INFO - Sync 1 DAGs
[2025-06-20T15:14:25.181+0000] {logging_mixin.py:188} INFO - [2025-06-20T15:14:25.181+0000] {dag.py:3954} INFO - Setting next_dagrun for example_setup_teardown_taskflow to 2025-06-19 00:00:00+00:00, run_after=2025-06-20 00:00:00+00:00
[2025-06-20T15:14:25.198+0000] {processor.py:183} INFO - Processing /home/airflow/.local/lib/python3.12/site-packages/airflow/example_dags/example_setup_teardown_taskflow.py took 0.078 seconds
[2025-06-20T15:14:55.549+0000] {processor.py:161} INFO - Started process (PID=4746) to work on /home/airflow/.local/lib/python3.12/site-packages/airflow/example_dags/example_setup_teardown_taskflow.py
[2025-06-20T15:14:55.550+0000] {processor.py:830} INFO - Processing file /home/airflow/.local/lib/python3.12/site-packages/airflow/example_dags/example_setup_teardown_taskflow.py for tasks to queue
[2025-06-20T15:14:55.553+0000] {logging_mixin.py:188} INFO - [2025-06-20T15:14:55.552+0000] {dagbag.py:540} INFO - Filling up the DagBag from /home/airflow/.local/lib/python3.12/site-packages/airflow/example_dags/example_setup_teardown_taskflow.py
[2025-06-20T15:14:55.562+0000] {processor.py:840} INFO - DAG(s) 'example_setup_teardown_taskflow' retrieved from /home/airflow/.local/lib/python3.12/site-packages/airflow/example_dags/example_setup_teardown_taskflow.py
[2025-06-20T15:14:55.584+0000] {logging_mixin.py:188} INFO - [2025-06-20T15:14:55.584+0000] {dag.py:3096} INFO - Sync 1 DAGs
[2025-06-20T15:14:55.604+0000] {logging_mixin.py:188} INFO - [2025-06-20T15:14:55.603+0000] {dag.py:3954} INFO - Setting next_dagrun for example_setup_teardown_taskflow to 2025-06-19 00:00:00+00:00, run_after=2025-06-20 00:00:00+00:00
[2025-06-20T15:14:55.620+0000] {processor.py:183} INFO - Processing /home/airflow/.local/lib/python3.12/site-packages/airflow/example_dags/example_setup_teardown_taskflow.py took 0.076 seconds
[2025-06-20T15:15:25.775+0000] {processor.py:161} INFO - Started process (PID=4805) to work on /home/airflow/.local/lib/python3.12/site-packages/airflow/example_dags/example_setup_teardown_taskflow.py
[2025-06-20T15:15:25.776+0000] {processor.py:830} INFO - Processing file /home/airflow/.local/lib/python3.12/site-packages/airflow/example_dags/example_setup_teardown_taskflow.py for tasks to queue
[2025-06-20T15:15:25.779+0000] {logging_mixin.py:188} INFO - [2025-06-20T15:15:25.778+0000] {dagbag.py:540} INFO - Filling up the DagBag from /home/airflow/.local/lib/python3.12/site-packages/airflow/example_dags/example_setup_teardown_taskflow.py
[2025-06-20T15:15:25.792+0000] {processor.py:840} INFO - DAG(s) 'example_setup_teardown_taskflow' retrieved from /home/airflow/.local/lib/python3.12/site-packages/airflow/example_dags/example_setup_teardown_taskflow.py
[2025-06-20T15:15:25.821+0000] {logging_mixin.py:188} INFO - [2025-06-20T15:15:25.821+0000] {dag.py:3096} INFO - Sync 1 DAGs
[2025-06-20T15:15:25.854+0000] {logging_mixin.py:188} INFO - [2025-06-20T15:15:25.854+0000] {dag.py:3954} INFO - Setting next_dagrun for example_setup_teardown_taskflow to 2025-06-19 00:00:00+00:00, run_after=2025-06-20 00:00:00+00:00
[2025-06-20T15:15:25.874+0000] {processor.py:183} INFO - Processing /home/airflow/.local/lib/python3.12/site-packages/airflow/example_dags/example_setup_teardown_taskflow.py took 0.106 seconds
[2025-06-20T15:15:56.371+0000] {processor.py:161} INFO - Started process (PID=4864) to work on /home/airflow/.local/lib/python3.12/site-packages/airflow/example_dags/example_setup_teardown_taskflow.py
[2025-06-20T15:15:56.372+0000] {processor.py:830} INFO - Processing file /home/airflow/.local/lib/python3.12/site-packages/airflow/example_dags/example_setup_teardown_taskflow.py for tasks to queue
[2025-06-20T15:15:56.374+0000] {logging_mixin.py:188} INFO - [2025-06-20T15:15:56.374+0000] {dagbag.py:540} INFO - Filling up the DagBag from /home/airflow/.local/lib/python3.12/site-packages/airflow/example_dags/example_setup_teardown_taskflow.py
[2025-06-20T15:15:56.383+0000] {processor.py:840} INFO - DAG(s) 'example_setup_teardown_taskflow' retrieved from /home/airflow/.local/lib/python3.12/site-packages/airflow/example_dags/example_setup_teardown_taskflow.py
[2025-06-20T15:15:56.404+0000] {logging_mixin.py:188} INFO - [2025-06-20T15:15:56.404+0000] {dag.py:3096} INFO - Sync 1 DAGs
[2025-06-20T15:15:56.425+0000] {logging_mixin.py:188} INFO - [2025-06-20T15:15:56.425+0000] {dag.py:3954} INFO - Setting next_dagrun for example_setup_teardown_taskflow to 2025-06-19 00:00:00+00:00, run_after=2025-06-20 00:00:00+00:00
[2025-06-20T15:15:56.441+0000] {processor.py:183} INFO - Processing /home/airflow/.local/lib/python3.12/site-packages/airflow/example_dags/example_setup_teardown_taskflow.py took 0.076 seconds
[2025-06-20T15:16:27.162+0000] {processor.py:161} INFO - Started process (PID=4923) to work on /home/airflow/.local/lib/python3.12/site-packages/airflow/example_dags/example_setup_teardown_taskflow.py
[2025-06-20T15:16:27.163+0000] {processor.py:830} INFO - Processing file /home/airflow/.local/lib/python3.12/site-packages/airflow/example_dags/example_setup_teardown_taskflow.py for tasks to queue
[2025-06-20T15:16:27.165+0000] {logging_mixin.py:188} INFO - [2025-06-20T15:16:27.164+0000] {dagbag.py:540} INFO - Filling up the DagBag from /home/airflow/.local/lib/python3.12/site-packages/airflow/example_dags/example_setup_teardown_taskflow.py
[2025-06-20T15:16:27.174+0000] {processor.py:840} INFO - DAG(s) 'example_setup_teardown_taskflow' retrieved from /home/airflow/.local/lib/python3.12/site-packages/airflow/example_dags/example_setup_teardown_taskflow.py
[2025-06-20T15:16:27.198+0000] {logging_mixin.py:188} INFO - [2025-06-20T15:16:27.198+0000] {dag.py:3096} INFO - Sync 1 DAGs
[2025-06-20T15:16:27.222+0000] {logging_mixin.py:188} INFO - [2025-06-20T15:16:27.221+0000] {dag.py:3954} INFO - Setting next_dagrun for example_setup_teardown_taskflow to 2025-06-19 00:00:00+00:00, run_after=2025-06-20 00:00:00+00:00
[2025-06-20T15:16:27.239+0000] {processor.py:183} INFO - Processing /home/airflow/.local/lib/python3.12/site-packages/airflow/example_dags/example_setup_teardown_taskflow.py took 0.084 seconds
[2025-06-20T15:16:58.071+0000] {processor.py:161} INFO - Started process (PID=4982) to work on /home/airflow/.local/lib/python3.12/site-packages/airflow/example_dags/example_setup_teardown_taskflow.py
[2025-06-20T15:16:58.072+0000] {processor.py:830} INFO - Processing file /home/airflow/.local/lib/python3.12/site-packages/airflow/example_dags/example_setup_teardown_taskflow.py for tasks to queue
[2025-06-20T15:16:58.074+0000] {logging_mixin.py:188} INFO - [2025-06-20T15:16:58.073+0000] {dagbag.py:540} INFO - Filling up the DagBag from /home/airflow/.local/lib/python3.12/site-packages/airflow/example_dags/example_setup_teardown_taskflow.py
[2025-06-20T15:16:58.083+0000] {processor.py:840} INFO - DAG(s) 'example_setup_teardown_taskflow' retrieved from /home/airflow/.local/lib/python3.12/site-packages/airflow/example_dags/example_setup_teardown_taskflow.py
[2025-06-20T15:16:58.106+0000] {logging_mixin.py:188} INFO - [2025-06-20T15:16:58.106+0000] {dag.py:3096} INFO - Sync 1 DAGs
[2025-06-20T15:16:58.127+0000] {logging_mixin.py:188} INFO - [2025-06-20T15:16:58.127+0000] {dag.py:3954} INFO - Setting next_dagrun for example_setup_teardown_taskflow to 2025-06-19 00:00:00+00:00, run_after=2025-06-20 00:00:00+00:00
[2025-06-20T15:16:58.146+0000] {processor.py:183} INFO - Processing /home/airflow/.local/lib/python3.12/site-packages/airflow/example_dags/example_setup_teardown_taskflow.py took 0.081 seconds
[2025-06-20T15:17:28.343+0000] {processor.py:161} INFO - Started process (PID=5041) to work on /home/airflow/.local/lib/python3.12/site-packages/airflow/example_dags/example_setup_teardown_taskflow.py
[2025-06-20T15:17:28.344+0000] {processor.py:830} INFO - Processing file /home/airflow/.local/lib/python3.12/site-packages/airflow/example_dags/example_setup_teardown_taskflow.py for tasks to queue
[2025-06-20T15:17:28.346+0000] {logging_mixin.py:188} INFO - [2025-06-20T15:17:28.345+0000] {dagbag.py:540} INFO - Filling up the DagBag from /home/airflow/.local/lib/python3.12/site-packages/airflow/example_dags/example_setup_teardown_taskflow.py
[2025-06-20T15:17:28.355+0000] {processor.py:840} INFO - DAG(s) 'example_setup_teardown_taskflow' retrieved from /home/airflow/.local/lib/python3.12/site-packages/airflow/example_dags/example_setup_teardown_taskflow.py
[2025-06-20T15:17:28.376+0000] {logging_mixin.py:188} INFO - [2025-06-20T15:17:28.376+0000] {dag.py:3096} INFO - Sync 1 DAGs
[2025-06-20T15:17:28.397+0000] {logging_mixin.py:188} INFO - [2025-06-20T15:17:28.397+0000] {dag.py:3954} INFO - Setting next_dagrun for example_setup_teardown_taskflow to 2025-06-19 00:00:00+00:00, run_after=2025-06-20 00:00:00+00:00
[2025-06-20T15:17:28.412+0000] {processor.py:183} INFO - Processing /home/airflow/.local/lib/python3.12/site-packages/airflow/example_dags/example_setup_teardown_taskflow.py took 0.075 seconds
[2025-06-20T15:17:58.596+0000] {processor.py:161} INFO - Started process (PID=5100) to work on /home/airflow/.local/lib/python3.12/site-packages/airflow/example_dags/example_setup_teardown_taskflow.py
[2025-06-20T15:17:58.597+0000] {processor.py:830} INFO - Processing file /home/airflow/.local/lib/python3.12/site-packages/airflow/example_dags/example_setup_teardown_taskflow.py for tasks to queue
[2025-06-20T15:17:58.598+0000] {logging_mixin.py:188} INFO - [2025-06-20T15:17:58.598+0000] {dagbag.py:540} INFO - Filling up the DagBag from /home/airflow/.local/lib/python3.12/site-packages/airflow/example_dags/example_setup_teardown_taskflow.py
[2025-06-20T15:17:58.607+0000] {processor.py:840} INFO - DAG(s) 'example_setup_teardown_taskflow' retrieved from /home/airflow/.local/lib/python3.12/site-packages/airflow/example_dags/example_setup_teardown_taskflow.py
[2025-06-20T15:17:58.628+0000] {logging_mixin.py:188} INFO - [2025-06-20T15:17:58.628+0000] {dag.py:3096} INFO - Sync 1 DAGs
[2025-06-20T15:17:58.648+0000] {logging_mixin.py:188} INFO - [2025-06-20T15:17:58.648+0000] {dag.py:3954} INFO - Setting next_dagrun for example_setup_teardown_taskflow to 2025-06-19 00:00:00+00:00, run_after=2025-06-20 00:00:00+00:00
[2025-06-20T15:17:58.663+0000] {processor.py:183} INFO - Processing /home/airflow/.local/lib/python3.12/site-packages/airflow/example_dags/example_setup_teardown_taskflow.py took 0.074 seconds
[2025-06-20T15:18:29.376+0000] {processor.py:161} INFO - Started process (PID=5160) to work on /home/airflow/.local/lib/python3.12/site-packages/airflow/example_dags/example_setup_teardown_taskflow.py
[2025-06-20T15:18:29.377+0000] {processor.py:830} INFO - Processing file /home/airflow/.local/lib/python3.12/site-packages/airflow/example_dags/example_setup_teardown_taskflow.py for tasks to queue
[2025-06-20T15:18:29.379+0000] {logging_mixin.py:188} INFO - [2025-06-20T15:18:29.379+0000] {dagbag.py:540} INFO - Filling up the DagBag from /home/airflow/.local/lib/python3.12/site-packages/airflow/example_dags/example_setup_teardown_taskflow.py
[2025-06-20T15:18:29.390+0000] {processor.py:840} INFO - DAG(s) 'example_setup_teardown_taskflow' retrieved from /home/airflow/.local/lib/python3.12/site-packages/airflow/example_dags/example_setup_teardown_taskflow.py
[2025-06-20T15:18:29.413+0000] {logging_mixin.py:188} INFO - [2025-06-20T15:18:29.413+0000] {dag.py:3096} INFO - Sync 1 DAGs
[2025-06-20T15:18:29.434+0000] {logging_mixin.py:188} INFO - [2025-06-20T15:18:29.434+0000] {dag.py:3954} INFO - Setting next_dagrun for example_setup_teardown_taskflow to 2025-06-19 00:00:00+00:00, run_after=2025-06-20 00:00:00+00:00
[2025-06-20T15:18:29.450+0000] {processor.py:183} INFO - Processing /home/airflow/.local/lib/python3.12/site-packages/airflow/example_dags/example_setup_teardown_taskflow.py took 0.080 seconds
[2025-06-20T15:18:59.605+0000] {processor.py:161} INFO - Started process (PID=5219) to work on /home/airflow/.local/lib/python3.12/site-packages/airflow/example_dags/example_setup_teardown_taskflow.py
[2025-06-20T15:18:59.606+0000] {processor.py:830} INFO - Processing file /home/airflow/.local/lib/python3.12/site-packages/airflow/example_dags/example_setup_teardown_taskflow.py for tasks to queue
[2025-06-20T15:18:59.608+0000] {logging_mixin.py:188} INFO - [2025-06-20T15:18:59.608+0000] {dagbag.py:540} INFO - Filling up the DagBag from /home/airflow/.local/lib/python3.12/site-packages/airflow/example_dags/example_setup_teardown_taskflow.py
[2025-06-20T15:18:59.618+0000] {processor.py:840} INFO - DAG(s) 'example_setup_teardown_taskflow' retrieved from /home/airflow/.local/lib/python3.12/site-packages/airflow/example_dags/example_setup_teardown_taskflow.py
[2025-06-20T15:18:59.639+0000] {logging_mixin.py:188} INFO - [2025-06-20T15:18:59.639+0000] {dag.py:3096} INFO - Sync 1 DAGs
[2025-06-20T15:18:59.659+0000] {logging_mixin.py:188} INFO - [2025-06-20T15:18:59.659+0000] {dag.py:3954} INFO - Setting next_dagrun for example_setup_teardown_taskflow to 2025-06-19 00:00:00+00:00, run_after=2025-06-20 00:00:00+00:00
[2025-06-20T15:18:59.674+0000] {processor.py:183} INFO - Processing /home/airflow/.local/lib/python3.12/site-packages/airflow/example_dags/example_setup_teardown_taskflow.py took 0.075 seconds
[2025-06-20T15:19:29.871+0000] {processor.py:161} INFO - Started process (PID=5278) to work on /home/airflow/.local/lib/python3.12/site-packages/airflow/example_dags/example_setup_teardown_taskflow.py
[2025-06-20T15:19:29.872+0000] {processor.py:830} INFO - Processing file /home/airflow/.local/lib/python3.12/site-packages/airflow/example_dags/example_setup_teardown_taskflow.py for tasks to queue
[2025-06-20T15:19:29.874+0000] {logging_mixin.py:188} INFO - [2025-06-20T15:19:29.874+0000] {dagbag.py:540} INFO - Filling up the DagBag from /home/airflow/.local/lib/python3.12/site-packages/airflow/example_dags/example_setup_teardown_taskflow.py
[2025-06-20T15:19:29.883+0000] {processor.py:840} INFO - DAG(s) 'example_setup_teardown_taskflow' retrieved from /home/airflow/.local/lib/python3.12/site-packages/airflow/example_dags/example_setup_teardown_taskflow.py
[2025-06-20T15:19:29.905+0000] {logging_mixin.py:188} INFO - [2025-06-20T15:19:29.905+0000] {dag.py:3096} INFO - Sync 1 DAGs
[2025-06-20T15:19:29.925+0000] {logging_mixin.py:188} INFO - [2025-06-20T15:19:29.925+0000] {dag.py:3954} INFO - Setting next_dagrun for example_setup_teardown_taskflow to 2025-06-19 00:00:00+00:00, run_after=2025-06-20 00:00:00+00:00
[2025-06-20T15:19:29.941+0000] {processor.py:183} INFO - Processing /home/airflow/.local/lib/python3.12/site-packages/airflow/example_dags/example_setup_teardown_taskflow.py took 0.075 seconds
[2025-06-20T15:20:00.100+0000] {processor.py:161} INFO - Started process (PID=5337) to work on /home/airflow/.local/lib/python3.12/site-packages/airflow/example_dags/example_setup_teardown_taskflow.py
[2025-06-20T15:20:00.101+0000] {processor.py:830} INFO - Processing file /home/airflow/.local/lib/python3.12/site-packages/airflow/example_dags/example_setup_teardown_taskflow.py for tasks to queue
[2025-06-20T15:20:00.103+0000] {logging_mixin.py:188} INFO - [2025-06-20T15:20:00.103+0000] {dagbag.py:540} INFO - Filling up the DagBag from /home/airflow/.local/lib/python3.12/site-packages/airflow/example_dags/example_setup_teardown_taskflow.py
[2025-06-20T15:20:00.113+0000] {processor.py:840} INFO - DAG(s) 'example_setup_teardown_taskflow' retrieved from /home/airflow/.local/lib/python3.12/site-packages/airflow/example_dags/example_setup_teardown_taskflow.py
[2025-06-20T15:20:00.134+0000] {logging_mixin.py:188} INFO - [2025-06-20T15:20:00.134+0000] {dag.py:3096} INFO - Sync 1 DAGs
[2025-06-20T15:20:00.155+0000] {logging_mixin.py:188} INFO - [2025-06-20T15:20:00.154+0000] {dag.py:3954} INFO - Setting next_dagrun for example_setup_teardown_taskflow to 2025-06-19 00:00:00+00:00, run_after=2025-06-20 00:00:00+00:00
[2025-06-20T15:20:00.170+0000] {processor.py:183} INFO - Processing /home/airflow/.local/lib/python3.12/site-packages/airflow/example_dags/example_setup_teardown_taskflow.py took 0.076 seconds
[2025-06-20T15:20:30.381+0000] {processor.py:161} INFO - Started process (PID=5396) to work on /home/airflow/.local/lib/python3.12/site-packages/airflow/example_dags/example_setup_teardown_taskflow.py
[2025-06-20T15:20:30.382+0000] {processor.py:830} INFO - Processing file /home/airflow/.local/lib/python3.12/site-packages/airflow/example_dags/example_setup_teardown_taskflow.py for tasks to queue
[2025-06-20T15:20:30.383+0000] {logging_mixin.py:188} INFO - [2025-06-20T15:20:30.383+0000] {dagbag.py:540} INFO - Filling up the DagBag from /home/airflow/.local/lib/python3.12/site-packages/airflow/example_dags/example_setup_teardown_taskflow.py
[2025-06-20T15:20:30.392+0000] {processor.py:840} INFO - DAG(s) 'example_setup_teardown_taskflow' retrieved from /home/airflow/.local/lib/python3.12/site-packages/airflow/example_dags/example_setup_teardown_taskflow.py
[2025-06-20T15:20:30.413+0000] {logging_mixin.py:188} INFO - [2025-06-20T15:20:30.413+0000] {dag.py:3096} INFO - Sync 1 DAGs
[2025-06-20T15:20:30.432+0000] {logging_mixin.py:188} INFO - [2025-06-20T15:20:30.432+0000] {dag.py:3954} INFO - Setting next_dagrun for example_setup_teardown_taskflow to 2025-06-19 00:00:00+00:00, run_after=2025-06-20 00:00:00+00:00
[2025-06-20T15:20:30.448+0000] {processor.py:183} INFO - Processing /home/airflow/.local/lib/python3.12/site-packages/airflow/example_dags/example_setup_teardown_taskflow.py took 0.074 seconds
[2025-06-20T15:21:00.644+0000] {processor.py:161} INFO - Started process (PID=5455) to work on /home/airflow/.local/lib/python3.12/site-packages/airflow/example_dags/example_setup_teardown_taskflow.py
[2025-06-20T15:21:00.645+0000] {processor.py:830} INFO - Processing file /home/airflow/.local/lib/python3.12/site-packages/airflow/example_dags/example_setup_teardown_taskflow.py for tasks to queue
[2025-06-20T15:21:00.647+0000] {logging_mixin.py:188} INFO - [2025-06-20T15:21:00.646+0000] {dagbag.py:540} INFO - Filling up the DagBag from /home/airflow/.local/lib/python3.12/site-packages/airflow/example_dags/example_setup_teardown_taskflow.py
[2025-06-20T15:21:00.656+0000] {processor.py:840} INFO - DAG(s) 'example_setup_teardown_taskflow' retrieved from /home/airflow/.local/lib/python3.12/site-packages/airflow/example_dags/example_setup_teardown_taskflow.py
[2025-06-20T15:21:00.679+0000] {logging_mixin.py:188} INFO - [2025-06-20T15:21:00.678+0000] {dag.py:3096} INFO - Sync 1 DAGs
[2025-06-20T15:21:00.699+0000] {logging_mixin.py:188} INFO - [2025-06-20T15:21:00.698+0000] {dag.py:3954} INFO - Setting next_dagrun for example_setup_teardown_taskflow to 2025-06-19 00:00:00+00:00, run_after=2025-06-20 00:00:00+00:00
[2025-06-20T15:21:00.715+0000] {processor.py:183} INFO - Processing /home/airflow/.local/lib/python3.12/site-packages/airflow/example_dags/example_setup_teardown_taskflow.py took 0.077 seconds
[2025-06-20T15:21:30.935+0000] {processor.py:161} INFO - Started process (PID=5514) to work on /home/airflow/.local/lib/python3.12/site-packages/airflow/example_dags/example_setup_teardown_taskflow.py
[2025-06-20T15:21:30.936+0000] {processor.py:830} INFO - Processing file /home/airflow/.local/lib/python3.12/site-packages/airflow/example_dags/example_setup_teardown_taskflow.py for tasks to queue
[2025-06-20T15:21:30.938+0000] {logging_mixin.py:188} INFO - [2025-06-20T15:21:30.938+0000] {dagbag.py:540} INFO - Filling up the DagBag from /home/airflow/.local/lib/python3.12/site-packages/airflow/example_dags/example_setup_teardown_taskflow.py
[2025-06-20T15:21:30.949+0000] {processor.py:840} INFO - DAG(s) 'example_setup_teardown_taskflow' retrieved from /home/airflow/.local/lib/python3.12/site-packages/airflow/example_dags/example_setup_teardown_taskflow.py
[2025-06-20T15:21:30.972+0000] {logging_mixin.py:188} INFO - [2025-06-20T15:21:30.972+0000] {dag.py:3096} INFO - Sync 1 DAGs
[2025-06-20T15:21:30.993+0000] {logging_mixin.py:188} INFO - [2025-06-20T15:21:30.993+0000] {dag.py:3954} INFO - Setting next_dagrun for example_setup_teardown_taskflow to 2025-06-19 00:00:00+00:00, run_after=2025-06-20 00:00:00+00:00
[2025-06-20T15:21:31.009+0000] {processor.py:183} INFO - Processing /home/airflow/.local/lib/python3.12/site-packages/airflow/example_dags/example_setup_teardown_taskflow.py took 0.080 seconds
[2025-06-20T15:22:01.311+0000] {processor.py:161} INFO - Started process (PID=5573) to work on /home/airflow/.local/lib/python3.12/site-packages/airflow/example_dags/example_setup_teardown_taskflow.py
[2025-06-20T15:22:01.313+0000] {processor.py:830} INFO - Processing file /home/airflow/.local/lib/python3.12/site-packages/airflow/example_dags/example_setup_teardown_taskflow.py for tasks to queue
[2025-06-20T15:22:01.315+0000] {logging_mixin.py:188} INFO - [2025-06-20T15:22:01.314+0000] {dagbag.py:540} INFO - Filling up the DagBag from /home/airflow/.local/lib/python3.12/site-packages/airflow/example_dags/example_setup_teardown_taskflow.py
[2025-06-20T15:22:01.325+0000] {processor.py:840} INFO - DAG(s) 'example_setup_teardown_taskflow' retrieved from /home/airflow/.local/lib/python3.12/site-packages/airflow/example_dags/example_setup_teardown_taskflow.py
[2025-06-20T15:22:01.347+0000] {logging_mixin.py:188} INFO - [2025-06-20T15:22:01.347+0000] {dag.py:3096} INFO - Sync 1 DAGs
[2025-06-20T15:22:01.368+0000] {logging_mixin.py:188} INFO - [2025-06-20T15:22:01.368+0000] {dag.py:3954} INFO - Setting next_dagrun for example_setup_teardown_taskflow to 2025-06-19 00:00:00+00:00, run_after=2025-06-20 00:00:00+00:00
[2025-06-20T15:22:01.384+0000] {processor.py:183} INFO - Processing /home/airflow/.local/lib/python3.12/site-packages/airflow/example_dags/example_setup_teardown_taskflow.py took 0.079 seconds
[2025-06-20T15:22:31.493+0000] {processor.py:161} INFO - Started process (PID=5632) to work on /home/airflow/.local/lib/python3.12/site-packages/airflow/example_dags/example_setup_teardown_taskflow.py
[2025-06-20T15:22:31.494+0000] {processor.py:830} INFO - Processing file /home/airflow/.local/lib/python3.12/site-packages/airflow/example_dags/example_setup_teardown_taskflow.py for tasks to queue
[2025-06-20T15:22:31.496+0000] {logging_mixin.py:188} INFO - [2025-06-20T15:22:31.495+0000] {dagbag.py:540} INFO - Filling up the DagBag from /home/airflow/.local/lib/python3.12/site-packages/airflow/example_dags/example_setup_teardown_taskflow.py
[2025-06-20T15:22:31.505+0000] {processor.py:840} INFO - DAG(s) 'example_setup_teardown_taskflow' retrieved from /home/airflow/.local/lib/python3.12/site-packages/airflow/example_dags/example_setup_teardown_taskflow.py
[2025-06-20T15:22:31.526+0000] {logging_mixin.py:188} INFO - [2025-06-20T15:22:31.526+0000] {dag.py:3096} INFO - Sync 1 DAGs
[2025-06-20T15:22:31.545+0000] {logging_mixin.py:188} INFO - [2025-06-20T15:22:31.545+0000] {dag.py:3954} INFO - Setting next_dagrun for example_setup_teardown_taskflow to 2025-06-19 00:00:00+00:00, run_after=2025-06-20 00:00:00+00:00
[2025-06-20T15:22:31.561+0000] {processor.py:183} INFO - Processing /home/airflow/.local/lib/python3.12/site-packages/airflow/example_dags/example_setup_teardown_taskflow.py took 0.074 seconds
[2025-06-20T15:23:01.797+0000] {processor.py:161} INFO - Started process (PID=5691) to work on /home/airflow/.local/lib/python3.12/site-packages/airflow/example_dags/example_setup_teardown_taskflow.py
[2025-06-20T15:23:01.797+0000] {processor.py:830} INFO - Processing file /home/airflow/.local/lib/python3.12/site-packages/airflow/example_dags/example_setup_teardown_taskflow.py for tasks to queue
[2025-06-20T15:23:01.799+0000] {logging_mixin.py:188} INFO - [2025-06-20T15:23:01.799+0000] {dagbag.py:540} INFO - Filling up the DagBag from /home/airflow/.local/lib/python3.12/site-packages/airflow/example_dags/example_setup_teardown_taskflow.py
[2025-06-20T15:23:01.808+0000] {processor.py:840} INFO - DAG(s) 'example_setup_teardown_taskflow' retrieved from /home/airflow/.local/lib/python3.12/site-packages/airflow/example_dags/example_setup_teardown_taskflow.py
[2025-06-20T15:23:01.828+0000] {logging_mixin.py:188} INFO - [2025-06-20T15:23:01.828+0000] {dag.py:3096} INFO - Sync 1 DAGs
[2025-06-20T15:23:01.848+0000] {logging_mixin.py:188} INFO - [2025-06-20T15:23:01.848+0000] {dag.py:3954} INFO - Setting next_dagrun for example_setup_teardown_taskflow to 2025-06-19 00:00:00+00:00, run_after=2025-06-20 00:00:00+00:00
[2025-06-20T15:23:01.863+0000] {processor.py:183} INFO - Processing /home/airflow/.local/lib/python3.12/site-packages/airflow/example_dags/example_setup_teardown_taskflow.py took 0.073 seconds
[2025-06-20T15:23:32.193+0000] {processor.py:161} INFO - Started process (PID=5750) to work on /home/airflow/.local/lib/python3.12/site-packages/airflow/example_dags/example_setup_teardown_taskflow.py
[2025-06-20T15:23:32.194+0000] {processor.py:830} INFO - Processing file /home/airflow/.local/lib/python3.12/site-packages/airflow/example_dags/example_setup_teardown_taskflow.py for tasks to queue
[2025-06-20T15:23:32.196+0000] {logging_mixin.py:188} INFO - [2025-06-20T15:23:32.196+0000] {dagbag.py:540} INFO - Filling up the DagBag from /home/airflow/.local/lib/python3.12/site-packages/airflow/example_dags/example_setup_teardown_taskflow.py
[2025-06-20T15:23:32.205+0000] {processor.py:840} INFO - DAG(s) 'example_setup_teardown_taskflow' retrieved from /home/airflow/.local/lib/python3.12/site-packages/airflow/example_dags/example_setup_teardown_taskflow.py
[2025-06-20T15:23:32.227+0000] {logging_mixin.py:188} INFO - [2025-06-20T15:23:32.227+0000] {dag.py:3096} INFO - Sync 1 DAGs
[2025-06-20T15:23:32.247+0000] {logging_mixin.py:188} INFO - [2025-06-20T15:23:32.246+0000] {dag.py:3954} INFO - Setting next_dagrun for example_setup_teardown_taskflow to 2025-06-19 00:00:00+00:00, run_after=2025-06-20 00:00:00+00:00
[2025-06-20T15:23:32.262+0000] {processor.py:183} INFO - Processing /home/airflow/.local/lib/python3.12/site-packages/airflow/example_dags/example_setup_teardown_taskflow.py took 0.075 seconds
[2025-06-20T15:24:02.388+0000] {processor.py:161} INFO - Started process (PID=5809) to work on /home/airflow/.local/lib/python3.12/site-packages/airflow/example_dags/example_setup_teardown_taskflow.py
[2025-06-20T15:24:02.389+0000] {processor.py:830} INFO - Processing file /home/airflow/.local/lib/python3.12/site-packages/airflow/example_dags/example_setup_teardown_taskflow.py for tasks to queue
[2025-06-20T15:24:02.391+0000] {logging_mixin.py:188} INFO - [2025-06-20T15:24:02.390+0000] {dagbag.py:540} INFO - Filling up the DagBag from /home/airflow/.local/lib/python3.12/site-packages/airflow/example_dags/example_setup_teardown_taskflow.py
[2025-06-20T15:24:02.400+0000] {processor.py:840} INFO - DAG(s) 'example_setup_teardown_taskflow' retrieved from /home/airflow/.local/lib/python3.12/site-packages/airflow/example_dags/example_setup_teardown_taskflow.py
[2025-06-20T15:24:02.420+0000] {logging_mixin.py:188} INFO - [2025-06-20T15:24:02.420+0000] {dag.py:3096} INFO - Sync 1 DAGs
[2025-06-20T15:24:02.440+0000] {logging_mixin.py:188} INFO - [2025-06-20T15:24:02.440+0000] {dag.py:3954} INFO - Setting next_dagrun for example_setup_teardown_taskflow to 2025-06-19 00:00:00+00:00, run_after=2025-06-20 00:00:00+00:00
[2025-06-20T15:24:02.455+0000] {processor.py:183} INFO - Processing /home/airflow/.local/lib/python3.12/site-packages/airflow/example_dags/example_setup_teardown_taskflow.py took 0.073 seconds
[2025-06-20T15:24:33.184+0000] {processor.py:161} INFO - Started process (PID=5868) to work on /home/airflow/.local/lib/python3.12/site-packages/airflow/example_dags/example_setup_teardown_taskflow.py
[2025-06-20T15:24:33.185+0000] {processor.py:830} INFO - Processing file /home/airflow/.local/lib/python3.12/site-packages/airflow/example_dags/example_setup_teardown_taskflow.py for tasks to queue
[2025-06-20T15:24:33.187+0000] {logging_mixin.py:188} INFO - [2025-06-20T15:24:33.187+0000] {dagbag.py:540} INFO - Filling up the DagBag from /home/airflow/.local/lib/python3.12/site-packages/airflow/example_dags/example_setup_teardown_taskflow.py
[2025-06-20T15:24:33.196+0000] {processor.py:840} INFO - DAG(s) 'example_setup_teardown_taskflow' retrieved from /home/airflow/.local/lib/python3.12/site-packages/airflow/example_dags/example_setup_teardown_taskflow.py
[2025-06-20T15:24:33.218+0000] {logging_mixin.py:188} INFO - [2025-06-20T15:24:33.218+0000] {dag.py:3096} INFO - Sync 1 DAGs
[2025-06-20T15:24:33.238+0000] {logging_mixin.py:188} INFO - [2025-06-20T15:24:33.237+0000] {dag.py:3954} INFO - Setting next_dagrun for example_setup_teardown_taskflow to 2025-06-19 00:00:00+00:00, run_after=2025-06-20 00:00:00+00:00
[2025-06-20T15:24:33.253+0000] {processor.py:183} INFO - Processing /home/airflow/.local/lib/python3.12/site-packages/airflow/example_dags/example_setup_teardown_taskflow.py took 0.076 seconds
[2025-06-20T15:25:03.380+0000] {processor.py:161} INFO - Started process (PID=5925) to work on /home/airflow/.local/lib/python3.12/site-packages/airflow/example_dags/example_setup_teardown_taskflow.py
[2025-06-20T15:25:03.381+0000] {processor.py:830} INFO - Processing file /home/airflow/.local/lib/python3.12/site-packages/airflow/example_dags/example_setup_teardown_taskflow.py for tasks to queue
[2025-06-20T15:25:03.383+0000] {logging_mixin.py:188} INFO - [2025-06-20T15:25:03.383+0000] {dagbag.py:540} INFO - Filling up the DagBag from /home/airflow/.local/lib/python3.12/site-packages/airflow/example_dags/example_setup_teardown_taskflow.py
[2025-06-20T15:25:03.394+0000] {processor.py:840} INFO - DAG(s) 'example_setup_teardown_taskflow' retrieved from /home/airflow/.local/lib/python3.12/site-packages/airflow/example_dags/example_setup_teardown_taskflow.py
[2025-06-20T15:25:03.417+0000] {logging_mixin.py:188} INFO - [2025-06-20T15:25:03.417+0000] {dag.py:3096} INFO - Sync 1 DAGs
[2025-06-20T15:25:03.440+0000] {logging_mixin.py:188} INFO - [2025-06-20T15:25:03.439+0000] {dag.py:3954} INFO - Setting next_dagrun for example_setup_teardown_taskflow to 2025-06-19 00:00:00+00:00, run_after=2025-06-20 00:00:00+00:00
[2025-06-20T15:25:03.458+0000] {processor.py:183} INFO - Processing /home/airflow/.local/lib/python3.12/site-packages/airflow/example_dags/example_setup_teardown_taskflow.py took 0.083 seconds
[2025-06-20T15:25:33.924+0000] {processor.py:161} INFO - Started process (PID=5984) to work on /home/airflow/.local/lib/python3.12/site-packages/airflow/example_dags/example_setup_teardown_taskflow.py
[2025-06-20T15:25:33.924+0000] {processor.py:830} INFO - Processing file /home/airflow/.local/lib/python3.12/site-packages/airflow/example_dags/example_setup_teardown_taskflow.py for tasks to queue
[2025-06-20T15:25:33.926+0000] {logging_mixin.py:188} INFO - [2025-06-20T15:25:33.926+0000] {dagbag.py:540} INFO - Filling up the DagBag from /home/airflow/.local/lib/python3.12/site-packages/airflow/example_dags/example_setup_teardown_taskflow.py
[2025-06-20T15:25:33.938+0000] {processor.py:840} INFO - DAG(s) 'example_setup_teardown_taskflow' retrieved from /home/airflow/.local/lib/python3.12/site-packages/airflow/example_dags/example_setup_teardown_taskflow.py
[2025-06-20T15:25:33.959+0000] {logging_mixin.py:188} INFO - [2025-06-20T15:25:33.958+0000] {dag.py:3096} INFO - Sync 1 DAGs
[2025-06-20T15:25:33.978+0000] {logging_mixin.py:188} INFO - [2025-06-20T15:25:33.978+0000] {dag.py:3954} INFO - Setting next_dagrun for example_setup_teardown_taskflow to 2025-06-19 00:00:00+00:00, run_after=2025-06-20 00:00:00+00:00
[2025-06-20T15:25:33.993+0000] {processor.py:183} INFO - Processing /home/airflow/.local/lib/python3.12/site-packages/airflow/example_dags/example_setup_teardown_taskflow.py took 0.076 seconds
[2025-06-20T15:26:04.679+0000] {processor.py:161} INFO - Started process (PID=6043) to work on /home/airflow/.local/lib/python3.12/site-packages/airflow/example_dags/example_setup_teardown_taskflow.py
[2025-06-20T15:26:04.681+0000] {processor.py:830} INFO - Processing file /home/airflow/.local/lib/python3.12/site-packages/airflow/example_dags/example_setup_teardown_taskflow.py for tasks to queue
[2025-06-20T15:26:04.683+0000] {logging_mixin.py:188} INFO - [2025-06-20T15:26:04.682+0000] {dagbag.py:540} INFO - Filling up the DagBag from /home/airflow/.local/lib/python3.12/site-packages/airflow/example_dags/example_setup_teardown_taskflow.py
[2025-06-20T15:26:04.694+0000] {processor.py:840} INFO - DAG(s) 'example_setup_teardown_taskflow' retrieved from /home/airflow/.local/lib/python3.12/site-packages/airflow/example_dags/example_setup_teardown_taskflow.py
[2025-06-20T15:26:04.716+0000] {logging_mixin.py:188} INFO - [2025-06-20T15:26:04.716+0000] {dag.py:3096} INFO - Sync 1 DAGs
[2025-06-20T15:26:04.739+0000] {logging_mixin.py:188} INFO - [2025-06-20T15:26:04.739+0000] {dag.py:3954} INFO - Setting next_dagrun for example_setup_teardown_taskflow to 2025-06-19 00:00:00+00:00, run_after=2025-06-20 00:00:00+00:00
[2025-06-20T15:26:04.755+0000] {processor.py:183} INFO - Processing /home/airflow/.local/lib/python3.12/site-packages/airflow/example_dags/example_setup_teardown_taskflow.py took 0.083 seconds
[2025-06-20T15:26:34.995+0000] {processor.py:161} INFO - Started process (PID=6102) to work on /home/airflow/.local/lib/python3.12/site-packages/airflow/example_dags/example_setup_teardown_taskflow.py
[2025-06-20T15:26:34.996+0000] {processor.py:830} INFO - Processing file /home/airflow/.local/lib/python3.12/site-packages/airflow/example_dags/example_setup_teardown_taskflow.py for tasks to queue
[2025-06-20T15:26:34.998+0000] {logging_mixin.py:188} INFO - [2025-06-20T15:26:34.998+0000] {dagbag.py:540} INFO - Filling up the DagBag from /home/airflow/.local/lib/python3.12/site-packages/airflow/example_dags/example_setup_teardown_taskflow.py
[2025-06-20T15:26:35.007+0000] {processor.py:840} INFO - DAG(s) 'example_setup_teardown_taskflow' retrieved from /home/airflow/.local/lib/python3.12/site-packages/airflow/example_dags/example_setup_teardown_taskflow.py
[2025-06-20T15:26:35.028+0000] {logging_mixin.py:188} INFO - [2025-06-20T15:26:35.028+0000] {dag.py:3096} INFO - Sync 1 DAGs
[2025-06-20T15:26:35.049+0000] {logging_mixin.py:188} INFO - [2025-06-20T15:26:35.049+0000] {dag.py:3954} INFO - Setting next_dagrun for example_setup_teardown_taskflow to 2025-06-19 00:00:00+00:00, run_after=2025-06-20 00:00:00+00:00
[2025-06-20T15:26:35.065+0000] {processor.py:183} INFO - Processing /home/airflow/.local/lib/python3.12/site-packages/airflow/example_dags/example_setup_teardown_taskflow.py took 0.076 seconds
[2025-06-20T15:27:05.170+0000] {processor.py:161} INFO - Started process (PID=6161) to work on /home/airflow/.local/lib/python3.12/site-packages/airflow/example_dags/example_setup_teardown_taskflow.py
[2025-06-20T15:27:05.171+0000] {processor.py:830} INFO - Processing file /home/airflow/.local/lib/python3.12/site-packages/airflow/example_dags/example_setup_teardown_taskflow.py for tasks to queue
[2025-06-20T15:27:05.173+0000] {logging_mixin.py:188} INFO - [2025-06-20T15:27:05.172+0000] {dagbag.py:540} INFO - Filling up the DagBag from /home/airflow/.local/lib/python3.12/site-packages/airflow/example_dags/example_setup_teardown_taskflow.py
[2025-06-20T15:27:05.182+0000] {processor.py:840} INFO - DAG(s) 'example_setup_teardown_taskflow' retrieved from /home/airflow/.local/lib/python3.12/site-packages/airflow/example_dags/example_setup_teardown_taskflow.py
[2025-06-20T15:27:05.203+0000] {logging_mixin.py:188} INFO - [2025-06-20T15:27:05.203+0000] {dag.py:3096} INFO - Sync 1 DAGs
[2025-06-20T15:27:05.225+0000] {logging_mixin.py:188} INFO - [2025-06-20T15:27:05.224+0000] {dag.py:3954} INFO - Setting next_dagrun for example_setup_teardown_taskflow to 2025-06-19 00:00:00+00:00, run_after=2025-06-20 00:00:00+00:00
[2025-06-20T15:27:05.241+0000] {processor.py:183} INFO - Processing /home/airflow/.local/lib/python3.12/site-packages/airflow/example_dags/example_setup_teardown_taskflow.py took 0.077 seconds
[2025-06-20T15:27:35.395+0000] {processor.py:161} INFO - Started process (PID=6220) to work on /home/airflow/.local/lib/python3.12/site-packages/airflow/example_dags/example_setup_teardown_taskflow.py
[2025-06-20T15:27:35.396+0000] {processor.py:830} INFO - Processing file /home/airflow/.local/lib/python3.12/site-packages/airflow/example_dags/example_setup_teardown_taskflow.py for tasks to queue
[2025-06-20T15:27:35.397+0000] {logging_mixin.py:188} INFO - [2025-06-20T15:27:35.397+0000] {dagbag.py:540} INFO - Filling up the DagBag from /home/airflow/.local/lib/python3.12/site-packages/airflow/example_dags/example_setup_teardown_taskflow.py
[2025-06-20T15:27:35.407+0000] {processor.py:840} INFO - DAG(s) 'example_setup_teardown_taskflow' retrieved from /home/airflow/.local/lib/python3.12/site-packages/airflow/example_dags/example_setup_teardown_taskflow.py
[2025-06-20T15:27:35.429+0000] {logging_mixin.py:188} INFO - [2025-06-20T15:27:35.428+0000] {dag.py:3096} INFO - Sync 1 DAGs
[2025-06-20T15:27:35.448+0000] {logging_mixin.py:188} INFO - [2025-06-20T15:27:35.448+0000] {dag.py:3954} INFO - Setting next_dagrun for example_setup_teardown_taskflow to 2025-06-19 00:00:00+00:00, run_after=2025-06-20 00:00:00+00:00
[2025-06-20T15:27:35.464+0000] {processor.py:183} INFO - Processing /home/airflow/.local/lib/python3.12/site-packages/airflow/example_dags/example_setup_teardown_taskflow.py took 0.075 seconds
[2025-06-20T15:28:05.843+0000] {processor.py:161} INFO - Started process (PID=6279) to work on /home/airflow/.local/lib/python3.12/site-packages/airflow/example_dags/example_setup_teardown_taskflow.py
[2025-06-20T15:28:05.844+0000] {processor.py:830} INFO - Processing file /home/airflow/.local/lib/python3.12/site-packages/airflow/example_dags/example_setup_teardown_taskflow.py for tasks to queue
[2025-06-20T15:28:05.846+0000] {logging_mixin.py:188} INFO - [2025-06-20T15:28:05.846+0000] {dagbag.py:540} INFO - Filling up the DagBag from /home/airflow/.local/lib/python3.12/site-packages/airflow/example_dags/example_setup_teardown_taskflow.py
[2025-06-20T15:28:05.855+0000] {processor.py:840} INFO - DAG(s) 'example_setup_teardown_taskflow' retrieved from /home/airflow/.local/lib/python3.12/site-packages/airflow/example_dags/example_setup_teardown_taskflow.py
[2025-06-20T15:28:05.877+0000] {logging_mixin.py:188} INFO - [2025-06-20T15:28:05.877+0000] {dag.py:3096} INFO - Sync 1 DAGs
[2025-06-20T15:28:05.897+0000] {logging_mixin.py:188} INFO - [2025-06-20T15:28:05.897+0000] {dag.py:3954} INFO - Setting next_dagrun for example_setup_teardown_taskflow to 2025-06-19 00:00:00+00:00, run_after=2025-06-20 00:00:00+00:00
[2025-06-20T15:28:05.913+0000] {processor.py:183} INFO - Processing /home/airflow/.local/lib/python3.12/site-packages/airflow/example_dags/example_setup_teardown_taskflow.py took 0.076 seconds
[2025-06-20T15:28:36.829+0000] {processor.py:161} INFO - Started process (PID=6338) to work on /home/airflow/.local/lib/python3.12/site-packages/airflow/example_dags/example_setup_teardown_taskflow.py
[2025-06-20T15:28:36.830+0000] {processor.py:830} INFO - Processing file /home/airflow/.local/lib/python3.12/site-packages/airflow/example_dags/example_setup_teardown_taskflow.py for tasks to queue
[2025-06-20T15:28:36.832+0000] {logging_mixin.py:188} INFO - [2025-06-20T15:28:36.831+0000] {dagbag.py:540} INFO - Filling up the DagBag from /home/airflow/.local/lib/python3.12/site-packages/airflow/example_dags/example_setup_teardown_taskflow.py
[2025-06-20T15:28:36.841+0000] {processor.py:840} INFO - DAG(s) 'example_setup_teardown_taskflow' retrieved from /home/airflow/.local/lib/python3.12/site-packages/airflow/example_dags/example_setup_teardown_taskflow.py
[2025-06-20T15:28:36.862+0000] {logging_mixin.py:188} INFO - [2025-06-20T15:28:36.862+0000] {dag.py:3096} INFO - Sync 1 DAGs
[2025-06-20T15:28:36.884+0000] {logging_mixin.py:188} INFO - [2025-06-20T15:28:36.884+0000] {dag.py:3954} INFO - Setting next_dagrun for example_setup_teardown_taskflow to 2025-06-19 00:00:00+00:00, run_after=2025-06-20 00:00:00+00:00
[2025-06-20T15:28:36.900+0000] {processor.py:183} INFO - Processing /home/airflow/.local/lib/python3.12/site-packages/airflow/example_dags/example_setup_teardown_taskflow.py took 0.077 seconds
[2025-06-20T15:29:07.152+0000] {processor.py:161} INFO - Started process (PID=6397) to work on /home/airflow/.local/lib/python3.12/site-packages/airflow/example_dags/example_setup_teardown_taskflow.py
[2025-06-20T15:29:07.153+0000] {processor.py:830} INFO - Processing file /home/airflow/.local/lib/python3.12/site-packages/airflow/example_dags/example_setup_teardown_taskflow.py for tasks to queue
[2025-06-20T15:29:07.155+0000] {logging_mixin.py:188} INFO - [2025-06-20T15:29:07.154+0000] {dagbag.py:540} INFO - Filling up the DagBag from /home/airflow/.local/lib/python3.12/site-packages/airflow/example_dags/example_setup_teardown_taskflow.py
[2025-06-20T15:29:07.164+0000] {processor.py:840} INFO - DAG(s) 'example_setup_teardown_taskflow' retrieved from /home/airflow/.local/lib/python3.12/site-packages/airflow/example_dags/example_setup_teardown_taskflow.py
[2025-06-20T15:29:07.184+0000] {logging_mixin.py:188} INFO - [2025-06-20T15:29:07.184+0000] {dag.py:3096} INFO - Sync 1 DAGs
[2025-06-20T15:29:07.204+0000] {logging_mixin.py:188} INFO - [2025-06-20T15:29:07.204+0000] {dag.py:3954} INFO - Setting next_dagrun for example_setup_teardown_taskflow to 2025-06-19 00:00:00+00:00, run_after=2025-06-20 00:00:00+00:00
[2025-06-20T15:29:07.330+0000] {processor.py:183} INFO - Processing /home/airflow/.local/lib/python3.12/site-packages/airflow/example_dags/example_setup_teardown_taskflow.py took 0.184 seconds
[2025-06-20T15:29:38.200+0000] {processor.py:161} INFO - Started process (PID=6456) to work on /home/airflow/.local/lib/python3.12/site-packages/airflow/example_dags/example_setup_teardown_taskflow.py
[2025-06-20T15:29:38.201+0000] {processor.py:830} INFO - Processing file /home/airflow/.local/lib/python3.12/site-packages/airflow/example_dags/example_setup_teardown_taskflow.py for tasks to queue
[2025-06-20T15:29:38.203+0000] {logging_mixin.py:188} INFO - [2025-06-20T15:29:38.202+0000] {dagbag.py:540} INFO - Filling up the DagBag from /home/airflow/.local/lib/python3.12/site-packages/airflow/example_dags/example_setup_teardown_taskflow.py
[2025-06-20T15:29:38.212+0000] {processor.py:840} INFO - DAG(s) 'example_setup_teardown_taskflow' retrieved from /home/airflow/.local/lib/python3.12/site-packages/airflow/example_dags/example_setup_teardown_taskflow.py
[2025-06-20T15:29:38.233+0000] {logging_mixin.py:188} INFO - [2025-06-20T15:29:38.233+0000] {dag.py:3096} INFO - Sync 1 DAGs
[2025-06-20T15:29:38.253+0000] {logging_mixin.py:188} INFO - [2025-06-20T15:29:38.253+0000] {dag.py:3954} INFO - Setting next_dagrun for example_setup_teardown_taskflow to 2025-06-19 00:00:00+00:00, run_after=2025-06-20 00:00:00+00:00
[2025-06-20T15:29:38.269+0000] {processor.py:183} INFO - Processing /home/airflow/.local/lib/python3.12/site-packages/airflow/example_dags/example_setup_teardown_taskflow.py took 0.075 seconds
[2025-06-20T15:30:09.224+0000] {processor.py:161} INFO - Started process (PID=6515) to work on /home/airflow/.local/lib/python3.12/site-packages/airflow/example_dags/example_setup_teardown_taskflow.py
[2025-06-20T15:30:09.225+0000] {processor.py:830} INFO - Processing file /home/airflow/.local/lib/python3.12/site-packages/airflow/example_dags/example_setup_teardown_taskflow.py for tasks to queue
[2025-06-20T15:30:09.227+0000] {logging_mixin.py:188} INFO - [2025-06-20T15:30:09.227+0000] {dagbag.py:540} INFO - Filling up the DagBag from /home/airflow/.local/lib/python3.12/site-packages/airflow/example_dags/example_setup_teardown_taskflow.py
[2025-06-20T15:30:09.236+0000] {processor.py:840} INFO - DAG(s) 'example_setup_teardown_taskflow' retrieved from /home/airflow/.local/lib/python3.12/site-packages/airflow/example_dags/example_setup_teardown_taskflow.py
[2025-06-20T15:30:09.257+0000] {logging_mixin.py:188} INFO - [2025-06-20T15:30:09.257+0000] {dag.py:3096} INFO - Sync 1 DAGs
[2025-06-20T15:30:09.277+0000] {logging_mixin.py:188} INFO - [2025-06-20T15:30:09.277+0000] {dag.py:3954} INFO - Setting next_dagrun for example_setup_teardown_taskflow to 2025-06-19 00:00:00+00:00, run_after=2025-06-20 00:00:00+00:00
[2025-06-20T15:30:09.293+0000] {processor.py:183} INFO - Processing /home/airflow/.local/lib/python3.12/site-packages/airflow/example_dags/example_setup_teardown_taskflow.py took 0.075 seconds
[2025-06-20T15:30:39.771+0000] {processor.py:161} INFO - Started process (PID=6574) to work on /home/airflow/.local/lib/python3.12/site-packages/airflow/example_dags/example_setup_teardown_taskflow.py
[2025-06-20T15:30:39.772+0000] {processor.py:830} INFO - Processing file /home/airflow/.local/lib/python3.12/site-packages/airflow/example_dags/example_setup_teardown_taskflow.py for tasks to queue
[2025-06-20T15:30:39.774+0000] {logging_mixin.py:188} INFO - [2025-06-20T15:30:39.774+0000] {dagbag.py:540} INFO - Filling up the DagBag from /home/airflow/.local/lib/python3.12/site-packages/airflow/example_dags/example_setup_teardown_taskflow.py
[2025-06-20T15:30:39.784+0000] {processor.py:840} INFO - DAG(s) 'example_setup_teardown_taskflow' retrieved from /home/airflow/.local/lib/python3.12/site-packages/airflow/example_dags/example_setup_teardown_taskflow.py
[2025-06-20T15:30:39.805+0000] {logging_mixin.py:188} INFO - [2025-06-20T15:30:39.805+0000] {dag.py:3096} INFO - Sync 1 DAGs
[2025-06-20T15:30:39.824+0000] {logging_mixin.py:188} INFO - [2025-06-20T15:30:39.824+0000] {dag.py:3954} INFO - Setting next_dagrun for example_setup_teardown_taskflow to 2025-06-19 00:00:00+00:00, run_after=2025-06-20 00:00:00+00:00
[2025-06-20T15:30:39.839+0000] {processor.py:183} INFO - Processing /home/airflow/.local/lib/python3.12/site-packages/airflow/example_dags/example_setup_teardown_taskflow.py took 0.075 seconds
[2025-06-20T15:31:11.004+0000] {processor.py:161} INFO - Started process (PID=6633) to work on /home/airflow/.local/lib/python3.12/site-packages/airflow/example_dags/example_setup_teardown_taskflow.py
[2025-06-20T15:31:11.005+0000] {processor.py:830} INFO - Processing file /home/airflow/.local/lib/python3.12/site-packages/airflow/example_dags/example_setup_teardown_taskflow.py for tasks to queue
[2025-06-20T15:31:11.006+0000] {logging_mixin.py:188} INFO - [2025-06-20T15:31:11.006+0000] {dagbag.py:540} INFO - Filling up the DagBag from /home/airflow/.local/lib/python3.12/site-packages/airflow/example_dags/example_setup_teardown_taskflow.py
[2025-06-20T15:31:11.016+0000] {processor.py:840} INFO - DAG(s) 'example_setup_teardown_taskflow' retrieved from /home/airflow/.local/lib/python3.12/site-packages/airflow/example_dags/example_setup_teardown_taskflow.py
[2025-06-20T15:31:11.037+0000] {logging_mixin.py:188} INFO - [2025-06-20T15:31:11.037+0000] {dag.py:3096} INFO - Sync 1 DAGs
[2025-06-20T15:31:11.162+0000] {logging_mixin.py:188} INFO - [2025-06-20T15:31:11.161+0000] {dag.py:3954} INFO - Setting next_dagrun for example_setup_teardown_taskflow to 2025-06-19 00:00:00+00:00, run_after=2025-06-20 00:00:00+00:00
[2025-06-20T15:31:11.176+0000] {processor.py:183} INFO - Processing /home/airflow/.local/lib/python3.12/site-packages/airflow/example_dags/example_setup_teardown_taskflow.py took 0.178 seconds
[2025-06-20T15:31:41.529+0000] {processor.py:161} INFO - Started process (PID=6692) to work on /home/airflow/.local/lib/python3.12/site-packages/airflow/example_dags/example_setup_teardown_taskflow.py
[2025-06-20T15:31:41.530+0000] {processor.py:830} INFO - Processing file /home/airflow/.local/lib/python3.12/site-packages/airflow/example_dags/example_setup_teardown_taskflow.py for tasks to queue
[2025-06-20T15:31:41.532+0000] {logging_mixin.py:188} INFO - [2025-06-20T15:31:41.532+0000] {dagbag.py:540} INFO - Filling up the DagBag from /home/airflow/.local/lib/python3.12/site-packages/airflow/example_dags/example_setup_teardown_taskflow.py
[2025-06-20T15:31:41.541+0000] {processor.py:840} INFO - DAG(s) 'example_setup_teardown_taskflow' retrieved from /home/airflow/.local/lib/python3.12/site-packages/airflow/example_dags/example_setup_teardown_taskflow.py
[2025-06-20T15:31:41.562+0000] {logging_mixin.py:188} INFO - [2025-06-20T15:31:41.561+0000] {dag.py:3096} INFO - Sync 1 DAGs
[2025-06-20T15:31:41.582+0000] {logging_mixin.py:188} INFO - [2025-06-20T15:31:41.582+0000] {dag.py:3954} INFO - Setting next_dagrun for example_setup_teardown_taskflow to 2025-06-19 00:00:00+00:00, run_after=2025-06-20 00:00:00+00:00
[2025-06-20T15:31:41.597+0000] {processor.py:183} INFO - Processing /home/airflow/.local/lib/python3.12/site-packages/airflow/example_dags/example_setup_teardown_taskflow.py took 0.074 seconds
[2025-06-20T15:32:12.324+0000] {processor.py:161} INFO - Started process (PID=6751) to work on /home/airflow/.local/lib/python3.12/site-packages/airflow/example_dags/example_setup_teardown_taskflow.py
[2025-06-20T15:32:12.325+0000] {processor.py:830} INFO - Processing file /home/airflow/.local/lib/python3.12/site-packages/airflow/example_dags/example_setup_teardown_taskflow.py for tasks to queue
[2025-06-20T15:32:12.327+0000] {logging_mixin.py:188} INFO - [2025-06-20T15:32:12.327+0000] {dagbag.py:540} INFO - Filling up the DagBag from /home/airflow/.local/lib/python3.12/site-packages/airflow/example_dags/example_setup_teardown_taskflow.py
[2025-06-20T15:32:12.336+0000] {processor.py:840} INFO - DAG(s) 'example_setup_teardown_taskflow' retrieved from /home/airflow/.local/lib/python3.12/site-packages/airflow/example_dags/example_setup_teardown_taskflow.py
[2025-06-20T15:32:12.356+0000] {logging_mixin.py:188} INFO - [2025-06-20T15:32:12.356+0000] {dag.py:3096} INFO - Sync 1 DAGs
[2025-06-20T15:32:12.376+0000] {logging_mixin.py:188} INFO - [2025-06-20T15:32:12.375+0000] {dag.py:3954} INFO - Setting next_dagrun for example_setup_teardown_taskflow to 2025-06-19 00:00:00+00:00, run_after=2025-06-20 00:00:00+00:00
[2025-06-20T15:32:12.391+0000] {processor.py:183} INFO - Processing /home/airflow/.local/lib/python3.12/site-packages/airflow/example_dags/example_setup_teardown_taskflow.py took 0.073 seconds
[2025-06-20T15:32:42.997+0000] {processor.py:161} INFO - Started process (PID=6810) to work on /home/airflow/.local/lib/python3.12/site-packages/airflow/example_dags/example_setup_teardown_taskflow.py
[2025-06-20T15:32:42.998+0000] {processor.py:830} INFO - Processing file /home/airflow/.local/lib/python3.12/site-packages/airflow/example_dags/example_setup_teardown_taskflow.py for tasks to queue
[2025-06-20T15:32:43.000+0000] {logging_mixin.py:188} INFO - [2025-06-20T15:32:42.999+0000] {dagbag.py:540} INFO - Filling up the DagBag from /home/airflow/.local/lib/python3.12/site-packages/airflow/example_dags/example_setup_teardown_taskflow.py
[2025-06-20T15:32:43.009+0000] {processor.py:840} INFO - DAG(s) 'example_setup_teardown_taskflow' retrieved from /home/airflow/.local/lib/python3.12/site-packages/airflow/example_dags/example_setup_teardown_taskflow.py
[2025-06-20T15:32:43.031+0000] {logging_mixin.py:188} INFO - [2025-06-20T15:32:43.031+0000] {dag.py:3096} INFO - Sync 1 DAGs
[2025-06-20T15:32:43.053+0000] {logging_mixin.py:188} INFO - [2025-06-20T15:32:43.053+0000] {dag.py:3954} INFO - Setting next_dagrun for example_setup_teardown_taskflow to 2025-06-19 00:00:00+00:00, run_after=2025-06-20 00:00:00+00:00
[2025-06-20T15:32:43.070+0000] {processor.py:183} INFO - Processing /home/airflow/.local/lib/python3.12/site-packages/airflow/example_dags/example_setup_teardown_taskflow.py took 0.079 seconds
[2025-06-20T15:33:13.741+0000] {processor.py:161} INFO - Started process (PID=6869) to work on /home/airflow/.local/lib/python3.12/site-packages/airflow/example_dags/example_setup_teardown_taskflow.py
[2025-06-20T15:33:13.742+0000] {processor.py:830} INFO - Processing file /home/airflow/.local/lib/python3.12/site-packages/airflow/example_dags/example_setup_teardown_taskflow.py for tasks to queue
[2025-06-20T15:33:13.744+0000] {logging_mixin.py:188} INFO - [2025-06-20T15:33:13.744+0000] {dagbag.py:540} INFO - Filling up the DagBag from /home/airflow/.local/lib/python3.12/site-packages/airflow/example_dags/example_setup_teardown_taskflow.py
[2025-06-20T15:33:13.753+0000] {processor.py:840} INFO - DAG(s) 'example_setup_teardown_taskflow' retrieved from /home/airflow/.local/lib/python3.12/site-packages/airflow/example_dags/example_setup_teardown_taskflow.py
[2025-06-20T15:33:13.775+0000] {logging_mixin.py:188} INFO - [2025-06-20T15:33:13.775+0000] {dag.py:3096} INFO - Sync 1 DAGs
[2025-06-20T15:33:13.796+0000] {logging_mixin.py:188} INFO - [2025-06-20T15:33:13.796+0000] {dag.py:3954} INFO - Setting next_dagrun for example_setup_teardown_taskflow to 2025-06-19 00:00:00+00:00, run_after=2025-06-20 00:00:00+00:00
[2025-06-20T15:33:13.812+0000] {processor.py:183} INFO - Processing /home/airflow/.local/lib/python3.12/site-packages/airflow/example_dags/example_setup_teardown_taskflow.py took 0.077 seconds
[2025-06-20T15:33:44.443+0000] {processor.py:161} INFO - Started process (PID=6928) to work on /home/airflow/.local/lib/python3.12/site-packages/airflow/example_dags/example_setup_teardown_taskflow.py
[2025-06-20T15:33:44.444+0000] {processor.py:830} INFO - Processing file /home/airflow/.local/lib/python3.12/site-packages/airflow/example_dags/example_setup_teardown_taskflow.py for tasks to queue
[2025-06-20T15:33:44.446+0000] {logging_mixin.py:188} INFO - [2025-06-20T15:33:44.445+0000] {dagbag.py:540} INFO - Filling up the DagBag from /home/airflow/.local/lib/python3.12/site-packages/airflow/example_dags/example_setup_teardown_taskflow.py
[2025-06-20T15:33:44.455+0000] {processor.py:840} INFO - DAG(s) 'example_setup_teardown_taskflow' retrieved from /home/airflow/.local/lib/python3.12/site-packages/airflow/example_dags/example_setup_teardown_taskflow.py
[2025-06-20T15:33:44.476+0000] {logging_mixin.py:188} INFO - [2025-06-20T15:33:44.476+0000] {dag.py:3096} INFO - Sync 1 DAGs
[2025-06-20T15:33:44.497+0000] {logging_mixin.py:188} INFO - [2025-06-20T15:33:44.497+0000] {dag.py:3954} INFO - Setting next_dagrun for example_setup_teardown_taskflow to 2025-06-19 00:00:00+00:00, run_after=2025-06-20 00:00:00+00:00
[2025-06-20T15:33:44.513+0000] {processor.py:183} INFO - Processing /home/airflow/.local/lib/python3.12/site-packages/airflow/example_dags/example_setup_teardown_taskflow.py took 0.077 seconds
[2025-06-20T15:34:15.209+0000] {processor.py:161} INFO - Started process (PID=6987) to work on /home/airflow/.local/lib/python3.12/site-packages/airflow/example_dags/example_setup_teardown_taskflow.py
[2025-06-20T15:34:15.210+0000] {processor.py:830} INFO - Processing file /home/airflow/.local/lib/python3.12/site-packages/airflow/example_dags/example_setup_teardown_taskflow.py for tasks to queue
[2025-06-20T15:34:15.212+0000] {logging_mixin.py:188} INFO - [2025-06-20T15:34:15.211+0000] {dagbag.py:540} INFO - Filling up the DagBag from /home/airflow/.local/lib/python3.12/site-packages/airflow/example_dags/example_setup_teardown_taskflow.py
[2025-06-20T15:34:15.221+0000] {processor.py:840} INFO - DAG(s) 'example_setup_teardown_taskflow' retrieved from /home/airflow/.local/lib/python3.12/site-packages/airflow/example_dags/example_setup_teardown_taskflow.py
[2025-06-20T15:34:15.242+0000] {logging_mixin.py:188} INFO - [2025-06-20T15:34:15.242+0000] {dag.py:3096} INFO - Sync 1 DAGs
[2025-06-20T15:34:15.263+0000] {logging_mixin.py:188} INFO - [2025-06-20T15:34:15.263+0000] {dag.py:3954} INFO - Setting next_dagrun for example_setup_teardown_taskflow to 2025-06-19 00:00:00+00:00, run_after=2025-06-20 00:00:00+00:00
[2025-06-20T15:34:15.279+0000] {processor.py:183} INFO - Processing /home/airflow/.local/lib/python3.12/site-packages/airflow/example_dags/example_setup_teardown_taskflow.py took 0.076 seconds
[2025-06-20T15:34:46.024+0000] {processor.py:161} INFO - Started process (PID=7046) to work on /home/airflow/.local/lib/python3.12/site-packages/airflow/example_dags/example_setup_teardown_taskflow.py
[2025-06-20T15:34:46.025+0000] {processor.py:830} INFO - Processing file /home/airflow/.local/lib/python3.12/site-packages/airflow/example_dags/example_setup_teardown_taskflow.py for tasks to queue
[2025-06-20T15:34:46.027+0000] {logging_mixin.py:188} INFO - [2025-06-20T15:34:46.026+0000] {dagbag.py:540} INFO - Filling up the DagBag from /home/airflow/.local/lib/python3.12/site-packages/airflow/example_dags/example_setup_teardown_taskflow.py
[2025-06-20T15:34:46.036+0000] {processor.py:840} INFO - DAG(s) 'example_setup_teardown_taskflow' retrieved from /home/airflow/.local/lib/python3.12/site-packages/airflow/example_dags/example_setup_teardown_taskflow.py
[2025-06-20T15:34:46.057+0000] {logging_mixin.py:188} INFO - [2025-06-20T15:34:46.057+0000] {dag.py:3096} INFO - Sync 1 DAGs
[2025-06-20T15:34:46.078+0000] {logging_mixin.py:188} INFO - [2025-06-20T15:34:46.078+0000] {dag.py:3954} INFO - Setting next_dagrun for example_setup_teardown_taskflow to 2025-06-19 00:00:00+00:00, run_after=2025-06-20 00:00:00+00:00
[2025-06-20T15:34:46.094+0000] {processor.py:183} INFO - Processing /home/airflow/.local/lib/python3.12/site-packages/airflow/example_dags/example_setup_teardown_taskflow.py took 0.076 seconds
[2025-06-20T15:35:16.212+0000] {processor.py:161} INFO - Started process (PID=7105) to work on /home/airflow/.local/lib/python3.12/site-packages/airflow/example_dags/example_setup_teardown_taskflow.py
[2025-06-20T15:35:16.213+0000] {processor.py:830} INFO - Processing file /home/airflow/.local/lib/python3.12/site-packages/airflow/example_dags/example_setup_teardown_taskflow.py for tasks to queue
[2025-06-20T15:35:16.215+0000] {logging_mixin.py:188} INFO - [2025-06-20T15:35:16.215+0000] {dagbag.py:540} INFO - Filling up the DagBag from /home/airflow/.local/lib/python3.12/site-packages/airflow/example_dags/example_setup_teardown_taskflow.py
[2025-06-20T15:35:16.224+0000] {processor.py:840} INFO - DAG(s) 'example_setup_teardown_taskflow' retrieved from /home/airflow/.local/lib/python3.12/site-packages/airflow/example_dags/example_setup_teardown_taskflow.py
[2025-06-20T15:35:16.248+0000] {logging_mixin.py:188} INFO - [2025-06-20T15:35:16.247+0000] {dag.py:3096} INFO - Sync 1 DAGs
[2025-06-20T15:35:16.267+0000] {logging_mixin.py:188} INFO - [2025-06-20T15:35:16.267+0000] {dag.py:3954} INFO - Setting next_dagrun for example_setup_teardown_taskflow to 2025-06-19 00:00:00+00:00, run_after=2025-06-20 00:00:00+00:00
[2025-06-20T15:35:16.283+0000] {processor.py:183} INFO - Processing /home/airflow/.local/lib/python3.12/site-packages/airflow/example_dags/example_setup_teardown_taskflow.py took 0.077 seconds
[2025-06-20T15:35:46.436+0000] {processor.py:161} INFO - Started process (PID=7164) to work on /home/airflow/.local/lib/python3.12/site-packages/airflow/example_dags/example_setup_teardown_taskflow.py
[2025-06-20T15:35:46.437+0000] {processor.py:830} INFO - Processing file /home/airflow/.local/lib/python3.12/site-packages/airflow/example_dags/example_setup_teardown_taskflow.py for tasks to queue
[2025-06-20T15:35:46.439+0000] {logging_mixin.py:188} INFO - [2025-06-20T15:35:46.439+0000] {dagbag.py:540} INFO - Filling up the DagBag from /home/airflow/.local/lib/python3.12/site-packages/airflow/example_dags/example_setup_teardown_taskflow.py
[2025-06-20T15:35:46.448+0000] {processor.py:840} INFO - DAG(s) 'example_setup_teardown_taskflow' retrieved from /home/airflow/.local/lib/python3.12/site-packages/airflow/example_dags/example_setup_teardown_taskflow.py
[2025-06-20T15:35:46.470+0000] {logging_mixin.py:188} INFO - [2025-06-20T15:35:46.470+0000] {dag.py:3096} INFO - Sync 1 DAGs
[2025-06-20T15:35:46.491+0000] {logging_mixin.py:188} INFO - [2025-06-20T15:35:46.491+0000] {dag.py:3954} INFO - Setting next_dagrun for example_setup_teardown_taskflow to 2025-06-19 00:00:00+00:00, run_after=2025-06-20 00:00:00+00:00
[2025-06-20T15:35:46.507+0000] {processor.py:183} INFO - Processing /home/airflow/.local/lib/python3.12/site-packages/airflow/example_dags/example_setup_teardown_taskflow.py took 0.077 seconds
[2025-06-20T15:36:16.783+0000] {processor.py:161} INFO - Started process (PID=7223) to work on /home/airflow/.local/lib/python3.12/site-packages/airflow/example_dags/example_setup_teardown_taskflow.py
[2025-06-20T15:36:16.786+0000] {processor.py:830} INFO - Processing file /home/airflow/.local/lib/python3.12/site-packages/airflow/example_dags/example_setup_teardown_taskflow.py for tasks to queue
[2025-06-20T15:36:16.789+0000] {logging_mixin.py:188} INFO - [2025-06-20T15:36:16.788+0000] {dagbag.py:540} INFO - Filling up the DagBag from /home/airflow/.local/lib/python3.12/site-packages/airflow/example_dags/example_setup_teardown_taskflow.py
[2025-06-20T15:36:16.804+0000] {processor.py:840} INFO - DAG(s) 'example_setup_teardown_taskflow' retrieved from /home/airflow/.local/lib/python3.12/site-packages/airflow/example_dags/example_setup_teardown_taskflow.py
[2025-06-20T15:36:16.833+0000] {logging_mixin.py:188} INFO - [2025-06-20T15:36:16.833+0000] {dag.py:3096} INFO - Sync 1 DAGs
[2025-06-20T15:36:16.863+0000] {logging_mixin.py:188} INFO - [2025-06-20T15:36:16.863+0000] {dag.py:3954} INFO - Setting next_dagrun for example_setup_teardown_taskflow to 2025-06-19 00:00:00+00:00, run_after=2025-06-20 00:00:00+00:00
[2025-06-20T15:36:16.883+0000] {processor.py:183} INFO - Processing /home/airflow/.local/lib/python3.12/site-packages/airflow/example_dags/example_setup_teardown_taskflow.py took 0.108 seconds
[2025-06-20T15:36:47.916+0000] {processor.py:161} INFO - Started process (PID=7282) to work on /home/airflow/.local/lib/python3.12/site-packages/airflow/example_dags/example_setup_teardown_taskflow.py
[2025-06-20T15:36:47.917+0000] {processor.py:830} INFO - Processing file /home/airflow/.local/lib/python3.12/site-packages/airflow/example_dags/example_setup_teardown_taskflow.py for tasks to queue
[2025-06-20T15:36:47.919+0000] {logging_mixin.py:188} INFO - [2025-06-20T15:36:47.919+0000] {dagbag.py:540} INFO - Filling up the DagBag from /home/airflow/.local/lib/python3.12/site-packages/airflow/example_dags/example_setup_teardown_taskflow.py
[2025-06-20T15:36:47.928+0000] {processor.py:840} INFO - DAG(s) 'example_setup_teardown_taskflow' retrieved from /home/airflow/.local/lib/python3.12/site-packages/airflow/example_dags/example_setup_teardown_taskflow.py
[2025-06-20T15:36:47.949+0000] {logging_mixin.py:188} INFO - [2025-06-20T15:36:47.948+0000] {dag.py:3096} INFO - Sync 1 DAGs
[2025-06-20T15:36:47.968+0000] {logging_mixin.py:188} INFO - [2025-06-20T15:36:47.968+0000] {dag.py:3954} INFO - Setting next_dagrun for example_setup_teardown_taskflow to 2025-06-19 00:00:00+00:00, run_after=2025-06-20 00:00:00+00:00
[2025-06-20T15:36:47.983+0000] {processor.py:183} INFO - Processing /home/airflow/.local/lib/python3.12/site-packages/airflow/example_dags/example_setup_teardown_taskflow.py took 0.073 seconds
[2025-06-20T15:37:18.098+0000] {processor.py:161} INFO - Started process (PID=7341) to work on /home/airflow/.local/lib/python3.12/site-packages/airflow/example_dags/example_setup_teardown_taskflow.py
[2025-06-20T15:37:18.099+0000] {processor.py:830} INFO - Processing file /home/airflow/.local/lib/python3.12/site-packages/airflow/example_dags/example_setup_teardown_taskflow.py for tasks to queue
[2025-06-20T15:37:18.102+0000] {logging_mixin.py:188} INFO - [2025-06-20T15:37:18.102+0000] {dagbag.py:540} INFO - Filling up the DagBag from /home/airflow/.local/lib/python3.12/site-packages/airflow/example_dags/example_setup_teardown_taskflow.py
[2025-06-20T15:37:18.112+0000] {processor.py:840} INFO - DAG(s) 'example_setup_teardown_taskflow' retrieved from /home/airflow/.local/lib/python3.12/site-packages/airflow/example_dags/example_setup_teardown_taskflow.py
[2025-06-20T15:37:18.138+0000] {logging_mixin.py:188} INFO - [2025-06-20T15:37:18.138+0000] {dag.py:3096} INFO - Sync 1 DAGs
[2025-06-20T15:37:18.158+0000] {logging_mixin.py:188} INFO - [2025-06-20T15:37:18.158+0000] {dag.py:3954} INFO - Setting next_dagrun for example_setup_teardown_taskflow to 2025-06-19 00:00:00+00:00, run_after=2025-06-20 00:00:00+00:00
[2025-06-20T15:37:18.173+0000] {processor.py:183} INFO - Processing /home/airflow/.local/lib/python3.12/site-packages/airflow/example_dags/example_setup_teardown_taskflow.py took 0.081 seconds
[2025-06-20T15:37:48.449+0000] {processor.py:161} INFO - Started process (PID=7400) to work on /home/airflow/.local/lib/python3.12/site-packages/airflow/example_dags/example_setup_teardown_taskflow.py
[2025-06-20T15:37:48.450+0000] {processor.py:830} INFO - Processing file /home/airflow/.local/lib/python3.12/site-packages/airflow/example_dags/example_setup_teardown_taskflow.py for tasks to queue
[2025-06-20T15:37:48.452+0000] {logging_mixin.py:188} INFO - [2025-06-20T15:37:48.452+0000] {dagbag.py:540} INFO - Filling up the DagBag from /home/airflow/.local/lib/python3.12/site-packages/airflow/example_dags/example_setup_teardown_taskflow.py
[2025-06-20T15:37:48.461+0000] {processor.py:840} INFO - DAG(s) 'example_setup_teardown_taskflow' retrieved from /home/airflow/.local/lib/python3.12/site-packages/airflow/example_dags/example_setup_teardown_taskflow.py
[2025-06-20T15:37:48.482+0000] {logging_mixin.py:188} INFO - [2025-06-20T15:37:48.482+0000] {dag.py:3096} INFO - Sync 1 DAGs
[2025-06-20T15:37:48.502+0000] {logging_mixin.py:188} INFO - [2025-06-20T15:37:48.501+0000] {dag.py:3954} INFO - Setting next_dagrun for example_setup_teardown_taskflow to 2025-06-19 00:00:00+00:00, run_after=2025-06-20 00:00:00+00:00
[2025-06-20T15:37:48.517+0000] {processor.py:183} INFO - Processing /home/airflow/.local/lib/python3.12/site-packages/airflow/example_dags/example_setup_teardown_taskflow.py took 0.074 seconds
[2025-06-20T15:38:18.561+0000] {processor.py:161} INFO - Started process (PID=7459) to work on /home/airflow/.local/lib/python3.12/site-packages/airflow/example_dags/example_setup_teardown_taskflow.py
[2025-06-20T15:38:18.562+0000] {processor.py:830} INFO - Processing file /home/airflow/.local/lib/python3.12/site-packages/airflow/example_dags/example_setup_teardown_taskflow.py for tasks to queue
[2025-06-20T15:38:18.563+0000] {logging_mixin.py:188} INFO - [2025-06-20T15:38:18.563+0000] {dagbag.py:540} INFO - Filling up the DagBag from /home/airflow/.local/lib/python3.12/site-packages/airflow/example_dags/example_setup_teardown_taskflow.py
[2025-06-20T15:38:18.572+0000] {processor.py:840} INFO - DAG(s) 'example_setup_teardown_taskflow' retrieved from /home/airflow/.local/lib/python3.12/site-packages/airflow/example_dags/example_setup_teardown_taskflow.py
[2025-06-20T15:38:18.593+0000] {logging_mixin.py:188} INFO - [2025-06-20T15:38:18.593+0000] {dag.py:3096} INFO - Sync 1 DAGs
[2025-06-20T15:38:18.613+0000] {logging_mixin.py:188} INFO - [2025-06-20T15:38:18.612+0000] {dag.py:3954} INFO - Setting next_dagrun for example_setup_teardown_taskflow to 2025-06-19 00:00:00+00:00, run_after=2025-06-20 00:00:00+00:00
[2025-06-20T15:38:18.628+0000] {processor.py:183} INFO - Processing /home/airflow/.local/lib/python3.12/site-packages/airflow/example_dags/example_setup_teardown_taskflow.py took 0.074 seconds
[2025-06-20T15:38:49.234+0000] {processor.py:161} INFO - Started process (PID=7518) to work on /home/airflow/.local/lib/python3.12/site-packages/airflow/example_dags/example_setup_teardown_taskflow.py
[2025-06-20T15:38:49.235+0000] {processor.py:830} INFO - Processing file /home/airflow/.local/lib/python3.12/site-packages/airflow/example_dags/example_setup_teardown_taskflow.py for tasks to queue
[2025-06-20T15:38:49.238+0000] {logging_mixin.py:188} INFO - [2025-06-20T15:38:49.238+0000] {dagbag.py:540} INFO - Filling up the DagBag from /home/airflow/.local/lib/python3.12/site-packages/airflow/example_dags/example_setup_teardown_taskflow.py
[2025-06-20T15:38:49.247+0000] {processor.py:840} INFO - DAG(s) 'example_setup_teardown_taskflow' retrieved from /home/airflow/.local/lib/python3.12/site-packages/airflow/example_dags/example_setup_teardown_taskflow.py
[2025-06-20T15:38:49.268+0000] {logging_mixin.py:188} INFO - [2025-06-20T15:38:49.268+0000] {dag.py:3096} INFO - Sync 1 DAGs
[2025-06-20T15:38:49.288+0000] {logging_mixin.py:188} INFO - [2025-06-20T15:38:49.288+0000] {dag.py:3954} INFO - Setting next_dagrun for example_setup_teardown_taskflow to 2025-06-19 00:00:00+00:00, run_after=2025-06-20 00:00:00+00:00
[2025-06-20T15:38:49.304+0000] {processor.py:183} INFO - Processing /home/airflow/.local/lib/python3.12/site-packages/airflow/example_dags/example_setup_teardown_taskflow.py took 0.076 seconds
[2025-06-20T15:39:19.917+0000] {processor.py:161} INFO - Started process (PID=7577) to work on /home/airflow/.local/lib/python3.12/site-packages/airflow/example_dags/example_setup_teardown_taskflow.py
[2025-06-20T15:39:19.918+0000] {processor.py:830} INFO - Processing file /home/airflow/.local/lib/python3.12/site-packages/airflow/example_dags/example_setup_teardown_taskflow.py for tasks to queue
[2025-06-20T15:39:19.921+0000] {logging_mixin.py:188} INFO - [2025-06-20T15:39:19.920+0000] {dagbag.py:540} INFO - Filling up the DagBag from /home/airflow/.local/lib/python3.12/site-packages/airflow/example_dags/example_setup_teardown_taskflow.py
[2025-06-20T15:39:19.930+0000] {processor.py:840} INFO - DAG(s) 'example_setup_teardown_taskflow' retrieved from /home/airflow/.local/lib/python3.12/site-packages/airflow/example_dags/example_setup_teardown_taskflow.py
[2025-06-20T15:39:19.951+0000] {logging_mixin.py:188} INFO - [2025-06-20T15:39:19.951+0000] {dag.py:3096} INFO - Sync 1 DAGs
[2025-06-20T15:39:19.972+0000] {logging_mixin.py:188} INFO - [2025-06-20T15:39:19.972+0000] {dag.py:3954} INFO - Setting next_dagrun for example_setup_teardown_taskflow to 2025-06-19 00:00:00+00:00, run_after=2025-06-20 00:00:00+00:00
[2025-06-20T15:39:19.988+0000] {processor.py:183} INFO - Processing /home/airflow/.local/lib/python3.12/site-packages/airflow/example_dags/example_setup_teardown_taskflow.py took 0.077 seconds
[2025-06-20T15:39:50.499+0000] {processor.py:161} INFO - Started process (PID=7636) to work on /home/airflow/.local/lib/python3.12/site-packages/airflow/example_dags/example_setup_teardown_taskflow.py
[2025-06-20T15:39:50.500+0000] {processor.py:830} INFO - Processing file /home/airflow/.local/lib/python3.12/site-packages/airflow/example_dags/example_setup_teardown_taskflow.py for tasks to queue
[2025-06-20T15:39:50.502+0000] {logging_mixin.py:188} INFO - [2025-06-20T15:39:50.502+0000] {dagbag.py:540} INFO - Filling up the DagBag from /home/airflow/.local/lib/python3.12/site-packages/airflow/example_dags/example_setup_teardown_taskflow.py
[2025-06-20T15:39:50.511+0000] {processor.py:840} INFO - DAG(s) 'example_setup_teardown_taskflow' retrieved from /home/airflow/.local/lib/python3.12/site-packages/airflow/example_dags/example_setup_teardown_taskflow.py
[2025-06-20T15:39:50.532+0000] {logging_mixin.py:188} INFO - [2025-06-20T15:39:50.532+0000] {dag.py:3096} INFO - Sync 1 DAGs
[2025-06-20T15:39:50.552+0000] {logging_mixin.py:188} INFO - [2025-06-20T15:39:50.552+0000] {dag.py:3954} INFO - Setting next_dagrun for example_setup_teardown_taskflow to 2025-06-19 00:00:00+00:00, run_after=2025-06-20 00:00:00+00:00
[2025-06-20T15:39:50.568+0000] {processor.py:183} INFO - Processing /home/airflow/.local/lib/python3.12/site-packages/airflow/example_dags/example_setup_teardown_taskflow.py took 0.075 seconds
[2025-06-20T15:40:21.227+0000] {processor.py:161} INFO - Started process (PID=7695) to work on /home/airflow/.local/lib/python3.12/site-packages/airflow/example_dags/example_setup_teardown_taskflow.py
[2025-06-20T15:40:21.228+0000] {processor.py:830} INFO - Processing file /home/airflow/.local/lib/python3.12/site-packages/airflow/example_dags/example_setup_teardown_taskflow.py for tasks to queue
[2025-06-20T15:40:21.230+0000] {logging_mixin.py:188} INFO - [2025-06-20T15:40:21.230+0000] {dagbag.py:540} INFO - Filling up the DagBag from /home/airflow/.local/lib/python3.12/site-packages/airflow/example_dags/example_setup_teardown_taskflow.py
[2025-06-20T15:40:21.240+0000] {processor.py:840} INFO - DAG(s) 'example_setup_teardown_taskflow' retrieved from /home/airflow/.local/lib/python3.12/site-packages/airflow/example_dags/example_setup_teardown_taskflow.py
[2025-06-20T15:40:21.261+0000] {logging_mixin.py:188} INFO - [2025-06-20T15:40:21.261+0000] {dag.py:3096} INFO - Sync 1 DAGs
[2025-06-20T15:40:21.281+0000] {logging_mixin.py:188} INFO - [2025-06-20T15:40:21.281+0000] {dag.py:3954} INFO - Setting next_dagrun for example_setup_teardown_taskflow to 2025-06-19 00:00:00+00:00, run_after=2025-06-20 00:00:00+00:00
[2025-06-20T15:40:21.297+0000] {processor.py:183} INFO - Processing /home/airflow/.local/lib/python3.12/site-packages/airflow/example_dags/example_setup_teardown_taskflow.py took 0.076 seconds
[2025-06-20T15:40:51.753+0000] {processor.py:161} INFO - Started process (PID=7754) to work on /home/airflow/.local/lib/python3.12/site-packages/airflow/example_dags/example_setup_teardown_taskflow.py
[2025-06-20T15:40:51.754+0000] {processor.py:830} INFO - Processing file /home/airflow/.local/lib/python3.12/site-packages/airflow/example_dags/example_setup_teardown_taskflow.py for tasks to queue
[2025-06-20T15:40:51.756+0000] {logging_mixin.py:188} INFO - [2025-06-20T15:40:51.756+0000] {dagbag.py:540} INFO - Filling up the DagBag from /home/airflow/.local/lib/python3.12/site-packages/airflow/example_dags/example_setup_teardown_taskflow.py
[2025-06-20T15:40:51.766+0000] {processor.py:840} INFO - DAG(s) 'example_setup_teardown_taskflow' retrieved from /home/airflow/.local/lib/python3.12/site-packages/airflow/example_dags/example_setup_teardown_taskflow.py
[2025-06-20T15:40:51.789+0000] {logging_mixin.py:188} INFO - [2025-06-20T15:40:51.789+0000] {dag.py:3096} INFO - Sync 1 DAGs
[2025-06-20T15:40:51.811+0000] {logging_mixin.py:188} INFO - [2025-06-20T15:40:51.811+0000] {dag.py:3954} INFO - Setting next_dagrun for example_setup_teardown_taskflow to 2025-06-19 00:00:00+00:00, run_after=2025-06-20 00:00:00+00:00
[2025-06-20T15:40:51.827+0000] {processor.py:183} INFO - Processing /home/airflow/.local/lib/python3.12/site-packages/airflow/example_dags/example_setup_teardown_taskflow.py took 0.080 seconds
[2025-06-20T15:41:22.345+0000] {processor.py:161} INFO - Started process (PID=7813) to work on /home/airflow/.local/lib/python3.12/site-packages/airflow/example_dags/example_setup_teardown_taskflow.py
[2025-06-20T15:41:22.346+0000] {processor.py:830} INFO - Processing file /home/airflow/.local/lib/python3.12/site-packages/airflow/example_dags/example_setup_teardown_taskflow.py for tasks to queue
[2025-06-20T15:41:22.349+0000] {logging_mixin.py:188} INFO - [2025-06-20T15:41:22.349+0000] {dagbag.py:540} INFO - Filling up the DagBag from /home/airflow/.local/lib/python3.12/site-packages/airflow/example_dags/example_setup_teardown_taskflow.py
[2025-06-20T15:41:22.358+0000] {processor.py:840} INFO - DAG(s) 'example_setup_teardown_taskflow' retrieved from /home/airflow/.local/lib/python3.12/site-packages/airflow/example_dags/example_setup_teardown_taskflow.py
[2025-06-20T15:41:22.379+0000] {logging_mixin.py:188} INFO - [2025-06-20T15:41:22.378+0000] {dag.py:3096} INFO - Sync 1 DAGs
[2025-06-20T15:41:22.398+0000] {logging_mixin.py:188} INFO - [2025-06-20T15:41:22.398+0000] {dag.py:3954} INFO - Setting next_dagrun for example_setup_teardown_taskflow to 2025-06-19 00:00:00+00:00, run_after=2025-06-20 00:00:00+00:00
[2025-06-20T15:41:22.413+0000] {processor.py:183} INFO - Processing /home/airflow/.local/lib/python3.12/site-packages/airflow/example_dags/example_setup_teardown_taskflow.py took 0.074 seconds
[2025-06-20T15:41:53.031+0000] {processor.py:161} INFO - Started process (PID=7872) to work on /home/airflow/.local/lib/python3.12/site-packages/airflow/example_dags/example_setup_teardown_taskflow.py
[2025-06-20T15:41:53.032+0000] {processor.py:830} INFO - Processing file /home/airflow/.local/lib/python3.12/site-packages/airflow/example_dags/example_setup_teardown_taskflow.py for tasks to queue
[2025-06-20T15:41:53.035+0000] {logging_mixin.py:188} INFO - [2025-06-20T15:41:53.035+0000] {dagbag.py:540} INFO - Filling up the DagBag from /home/airflow/.local/lib/python3.12/site-packages/airflow/example_dags/example_setup_teardown_taskflow.py
[2025-06-20T15:41:53.044+0000] {processor.py:840} INFO - DAG(s) 'example_setup_teardown_taskflow' retrieved from /home/airflow/.local/lib/python3.12/site-packages/airflow/example_dags/example_setup_teardown_taskflow.py
[2025-06-20T15:41:53.067+0000] {logging_mixin.py:188} INFO - [2025-06-20T15:41:53.066+0000] {dag.py:3096} INFO - Sync 1 DAGs
[2025-06-20T15:41:53.088+0000] {logging_mixin.py:188} INFO - [2025-06-20T15:41:53.088+0000] {dag.py:3954} INFO - Setting next_dagrun for example_setup_teardown_taskflow to 2025-06-19 00:00:00+00:00, run_after=2025-06-20 00:00:00+00:00
[2025-06-20T15:41:53.105+0000] {processor.py:183} INFO - Processing /home/airflow/.local/lib/python3.12/site-packages/airflow/example_dags/example_setup_teardown_taskflow.py took 0.081 seconds
[2025-06-20T15:42:23.645+0000] {processor.py:161} INFO - Started process (PID=7931) to work on /home/airflow/.local/lib/python3.12/site-packages/airflow/example_dags/example_setup_teardown_taskflow.py
[2025-06-20T15:42:23.646+0000] {processor.py:830} INFO - Processing file /home/airflow/.local/lib/python3.12/site-packages/airflow/example_dags/example_setup_teardown_taskflow.py for tasks to queue
[2025-06-20T15:42:23.648+0000] {logging_mixin.py:188} INFO - [2025-06-20T15:42:23.648+0000] {dagbag.py:540} INFO - Filling up the DagBag from /home/airflow/.local/lib/python3.12/site-packages/airflow/example_dags/example_setup_teardown_taskflow.py
[2025-06-20T15:42:23.657+0000] {processor.py:840} INFO - DAG(s) 'example_setup_teardown_taskflow' retrieved from /home/airflow/.local/lib/python3.12/site-packages/airflow/example_dags/example_setup_teardown_taskflow.py
[2025-06-20T15:42:23.678+0000] {logging_mixin.py:188} INFO - [2025-06-20T15:42:23.678+0000] {dag.py:3096} INFO - Sync 1 DAGs
[2025-06-20T15:42:23.698+0000] {logging_mixin.py:188} INFO - [2025-06-20T15:42:23.698+0000] {dag.py:3954} INFO - Setting next_dagrun for example_setup_teardown_taskflow to 2025-06-19 00:00:00+00:00, run_after=2025-06-20 00:00:00+00:00
[2025-06-20T15:42:23.714+0000] {processor.py:183} INFO - Processing /home/airflow/.local/lib/python3.12/site-packages/airflow/example_dags/example_setup_teardown_taskflow.py took 0.074 seconds
[2025-06-20T15:42:54.504+0000] {processor.py:161} INFO - Started process (PID=7990) to work on /home/airflow/.local/lib/python3.12/site-packages/airflow/example_dags/example_setup_teardown_taskflow.py
[2025-06-20T15:42:54.505+0000] {processor.py:830} INFO - Processing file /home/airflow/.local/lib/python3.12/site-packages/airflow/example_dags/example_setup_teardown_taskflow.py for tasks to queue
[2025-06-20T15:42:54.507+0000] {logging_mixin.py:188} INFO - [2025-06-20T15:42:54.507+0000] {dagbag.py:540} INFO - Filling up the DagBag from /home/airflow/.local/lib/python3.12/site-packages/airflow/example_dags/example_setup_teardown_taskflow.py
[2025-06-20T15:42:54.517+0000] {processor.py:840} INFO - DAG(s) 'example_setup_teardown_taskflow' retrieved from /home/airflow/.local/lib/python3.12/site-packages/airflow/example_dags/example_setup_teardown_taskflow.py
[2025-06-20T15:42:54.538+0000] {logging_mixin.py:188} INFO - [2025-06-20T15:42:54.537+0000] {dag.py:3096} INFO - Sync 1 DAGs
[2025-06-20T15:42:54.558+0000] {logging_mixin.py:188} INFO - [2025-06-20T15:42:54.557+0000] {dag.py:3954} INFO - Setting next_dagrun for example_setup_teardown_taskflow to 2025-06-19 00:00:00+00:00, run_after=2025-06-20 00:00:00+00:00
[2025-06-20T15:42:54.573+0000] {processor.py:183} INFO - Processing /home/airflow/.local/lib/python3.12/site-packages/airflow/example_dags/example_setup_teardown_taskflow.py took 0.075 seconds
[2025-06-20T15:43:25.055+0000] {processor.py:161} INFO - Started process (PID=8049) to work on /home/airflow/.local/lib/python3.12/site-packages/airflow/example_dags/example_setup_teardown_taskflow.py
[2025-06-20T15:43:25.056+0000] {processor.py:830} INFO - Processing file /home/airflow/.local/lib/python3.12/site-packages/airflow/example_dags/example_setup_teardown_taskflow.py for tasks to queue
[2025-06-20T15:43:25.058+0000] {logging_mixin.py:188} INFO - [2025-06-20T15:43:25.058+0000] {dagbag.py:540} INFO - Filling up the DagBag from /home/airflow/.local/lib/python3.12/site-packages/airflow/example_dags/example_setup_teardown_taskflow.py
[2025-06-20T15:43:25.067+0000] {processor.py:840} INFO - DAG(s) 'example_setup_teardown_taskflow' retrieved from /home/airflow/.local/lib/python3.12/site-packages/airflow/example_dags/example_setup_teardown_taskflow.py
[2025-06-20T15:43:25.088+0000] {logging_mixin.py:188} INFO - [2025-06-20T15:43:25.088+0000] {dag.py:3096} INFO - Sync 1 DAGs
[2025-06-20T15:43:25.108+0000] {logging_mixin.py:188} INFO - [2025-06-20T15:43:25.108+0000] {dag.py:3954} INFO - Setting next_dagrun for example_setup_teardown_taskflow to 2025-06-19 00:00:00+00:00, run_after=2025-06-20 00:00:00+00:00
[2025-06-20T15:43:25.124+0000] {processor.py:183} INFO - Processing /home/airflow/.local/lib/python3.12/site-packages/airflow/example_dags/example_setup_teardown_taskflow.py took 0.075 seconds
[2025-06-20T15:43:55.789+0000] {processor.py:161} INFO - Started process (PID=8108) to work on /home/airflow/.local/lib/python3.12/site-packages/airflow/example_dags/example_setup_teardown_taskflow.py
[2025-06-20T15:43:55.790+0000] {processor.py:830} INFO - Processing file /home/airflow/.local/lib/python3.12/site-packages/airflow/example_dags/example_setup_teardown_taskflow.py for tasks to queue
[2025-06-20T15:43:55.793+0000] {logging_mixin.py:188} INFO - [2025-06-20T15:43:55.793+0000] {dagbag.py:540} INFO - Filling up the DagBag from /home/airflow/.local/lib/python3.12/site-packages/airflow/example_dags/example_setup_teardown_taskflow.py
[2025-06-20T15:43:55.801+0000] {processor.py:840} INFO - DAG(s) 'example_setup_teardown_taskflow' retrieved from /home/airflow/.local/lib/python3.12/site-packages/airflow/example_dags/example_setup_teardown_taskflow.py
[2025-06-20T15:43:55.823+0000] {logging_mixin.py:188} INFO - [2025-06-20T15:43:55.823+0000] {dag.py:3096} INFO - Sync 1 DAGs
[2025-06-20T15:43:55.843+0000] {logging_mixin.py:188} INFO - [2025-06-20T15:43:55.842+0000] {dag.py:3954} INFO - Setting next_dagrun for example_setup_teardown_taskflow to 2025-06-19 00:00:00+00:00, run_after=2025-06-20 00:00:00+00:00
[2025-06-20T15:43:55.858+0000] {processor.py:183} INFO - Processing /home/airflow/.local/lib/python3.12/site-packages/airflow/example_dags/example_setup_teardown_taskflow.py took 0.075 seconds
[2025-06-20T15:44:26.404+0000] {processor.py:161} INFO - Started process (PID=8167) to work on /home/airflow/.local/lib/python3.12/site-packages/airflow/example_dags/example_setup_teardown_taskflow.py
[2025-06-20T15:44:26.405+0000] {processor.py:830} INFO - Processing file /home/airflow/.local/lib/python3.12/site-packages/airflow/example_dags/example_setup_teardown_taskflow.py for tasks to queue
[2025-06-20T15:44:26.408+0000] {logging_mixin.py:188} INFO - [2025-06-20T15:44:26.407+0000] {dagbag.py:540} INFO - Filling up the DagBag from /home/airflow/.local/lib/python3.12/site-packages/airflow/example_dags/example_setup_teardown_taskflow.py
[2025-06-20T15:44:26.416+0000] {processor.py:840} INFO - DAG(s) 'example_setup_teardown_taskflow' retrieved from /home/airflow/.local/lib/python3.12/site-packages/airflow/example_dags/example_setup_teardown_taskflow.py
[2025-06-20T15:44:26.437+0000] {logging_mixin.py:188} INFO - [2025-06-20T15:44:26.437+0000] {dag.py:3096} INFO - Sync 1 DAGs
[2025-06-20T15:44:26.459+0000] {logging_mixin.py:188} INFO - [2025-06-20T15:44:26.459+0000] {dag.py:3954} INFO - Setting next_dagrun for example_setup_teardown_taskflow to 2025-06-19 00:00:00+00:00, run_after=2025-06-20 00:00:00+00:00
[2025-06-20T15:44:26.474+0000] {processor.py:183} INFO - Processing /home/airflow/.local/lib/python3.12/site-packages/airflow/example_dags/example_setup_teardown_taskflow.py took 0.077 seconds
[2025-06-20T15:44:57.143+0000] {processor.py:161} INFO - Started process (PID=8226) to work on /home/airflow/.local/lib/python3.12/site-packages/airflow/example_dags/example_setup_teardown_taskflow.py
[2025-06-20T15:44:57.144+0000] {processor.py:830} INFO - Processing file /home/airflow/.local/lib/python3.12/site-packages/airflow/example_dags/example_setup_teardown_taskflow.py for tasks to queue
[2025-06-20T15:44:57.147+0000] {logging_mixin.py:188} INFO - [2025-06-20T15:44:57.146+0000] {dagbag.py:540} INFO - Filling up the DagBag from /home/airflow/.local/lib/python3.12/site-packages/airflow/example_dags/example_setup_teardown_taskflow.py
[2025-06-20T15:44:57.161+0000] {processor.py:840} INFO - DAG(s) 'example_setup_teardown_taskflow' retrieved from /home/airflow/.local/lib/python3.12/site-packages/airflow/example_dags/example_setup_teardown_taskflow.py
[2025-06-20T15:44:57.192+0000] {logging_mixin.py:188} INFO - [2025-06-20T15:44:57.192+0000] {dag.py:3096} INFO - Sync 1 DAGs
[2025-06-20T15:44:57.216+0000] {logging_mixin.py:188} INFO - [2025-06-20T15:44:57.215+0000] {dag.py:3954} INFO - Setting next_dagrun for example_setup_teardown_taskflow to 2025-06-19 00:00:00+00:00, run_after=2025-06-20 00:00:00+00:00
[2025-06-20T15:44:57.239+0000] {processor.py:183} INFO - Processing /home/airflow/.local/lib/python3.12/site-packages/airflow/example_dags/example_setup_teardown_taskflow.py took 0.105 seconds
[2025-06-20T15:45:27.985+0000] {processor.py:161} INFO - Started process (PID=8285) to work on /home/airflow/.local/lib/python3.12/site-packages/airflow/example_dags/example_setup_teardown_taskflow.py
[2025-06-20T15:45:27.986+0000] {processor.py:830} INFO - Processing file /home/airflow/.local/lib/python3.12/site-packages/airflow/example_dags/example_setup_teardown_taskflow.py for tasks to queue
[2025-06-20T15:45:27.989+0000] {logging_mixin.py:188} INFO - [2025-06-20T15:45:27.989+0000] {dagbag.py:540} INFO - Filling up the DagBag from /home/airflow/.local/lib/python3.12/site-packages/airflow/example_dags/example_setup_teardown_taskflow.py
[2025-06-20T15:45:27.998+0000] {processor.py:840} INFO - DAG(s) 'example_setup_teardown_taskflow' retrieved from /home/airflow/.local/lib/python3.12/site-packages/airflow/example_dags/example_setup_teardown_taskflow.py
[2025-06-20T15:45:28.019+0000] {logging_mixin.py:188} INFO - [2025-06-20T15:45:28.019+0000] {dag.py:3096} INFO - Sync 1 DAGs
[2025-06-20T15:45:28.042+0000] {logging_mixin.py:188} INFO - [2025-06-20T15:45:28.042+0000] {dag.py:3954} INFO - Setting next_dagrun for example_setup_teardown_taskflow to 2025-06-19 00:00:00+00:00, run_after=2025-06-20 00:00:00+00:00
[2025-06-20T15:45:28.058+0000] {processor.py:183} INFO - Processing /home/airflow/.local/lib/python3.12/site-packages/airflow/example_dags/example_setup_teardown_taskflow.py took 0.080 seconds
[2025-06-20T15:45:58.377+0000] {processor.py:161} INFO - Started process (PID=8344) to work on /home/airflow/.local/lib/python3.12/site-packages/airflow/example_dags/example_setup_teardown_taskflow.py
[2025-06-20T15:45:58.377+0000] {processor.py:830} INFO - Processing file /home/airflow/.local/lib/python3.12/site-packages/airflow/example_dags/example_setup_teardown_taskflow.py for tasks to queue
[2025-06-20T15:45:58.379+0000] {logging_mixin.py:188} INFO - [2025-06-20T15:45:58.379+0000] {dagbag.py:540} INFO - Filling up the DagBag from /home/airflow/.local/lib/python3.12/site-packages/airflow/example_dags/example_setup_teardown_taskflow.py
[2025-06-20T15:45:58.389+0000] {processor.py:840} INFO - DAG(s) 'example_setup_teardown_taskflow' retrieved from /home/airflow/.local/lib/python3.12/site-packages/airflow/example_dags/example_setup_teardown_taskflow.py
[2025-06-20T15:45:58.410+0000] {logging_mixin.py:188} INFO - [2025-06-20T15:45:58.410+0000] {dag.py:3096} INFO - Sync 1 DAGs
[2025-06-20T15:45:58.432+0000] {logging_mixin.py:188} INFO - [2025-06-20T15:45:58.432+0000] {dag.py:3954} INFO - Setting next_dagrun for example_setup_teardown_taskflow to 2025-06-19 00:00:00+00:00, run_after=2025-06-20 00:00:00+00:00
[2025-06-20T15:45:58.449+0000] {processor.py:183} INFO - Processing /home/airflow/.local/lib/python3.12/site-packages/airflow/example_dags/example_setup_teardown_taskflow.py took 0.078 seconds
[2025-06-20T15:46:29.363+0000] {processor.py:161} INFO - Started process (PID=8409) to work on /home/airflow/.local/lib/python3.12/site-packages/airflow/example_dags/example_setup_teardown_taskflow.py
[2025-06-20T15:46:29.364+0000] {processor.py:830} INFO - Processing file /home/airflow/.local/lib/python3.12/site-packages/airflow/example_dags/example_setup_teardown_taskflow.py for tasks to queue
[2025-06-20T15:46:29.366+0000] {logging_mixin.py:188} INFO - [2025-06-20T15:46:29.366+0000] {dagbag.py:540} INFO - Filling up the DagBag from /home/airflow/.local/lib/python3.12/site-packages/airflow/example_dags/example_setup_teardown_taskflow.py
[2025-06-20T15:46:29.375+0000] {processor.py:840} INFO - DAG(s) 'example_setup_teardown_taskflow' retrieved from /home/airflow/.local/lib/python3.12/site-packages/airflow/example_dags/example_setup_teardown_taskflow.py
[2025-06-20T15:46:29.397+0000] {logging_mixin.py:188} INFO - [2025-06-20T15:46:29.397+0000] {dag.py:3096} INFO - Sync 1 DAGs
[2025-06-20T15:46:29.417+0000] {logging_mixin.py:188} INFO - [2025-06-20T15:46:29.417+0000] {dag.py:3954} INFO - Setting next_dagrun for example_setup_teardown_taskflow to 2025-06-19 00:00:00+00:00, run_after=2025-06-20 00:00:00+00:00
[2025-06-20T15:46:29.433+0000] {processor.py:183} INFO - Processing /home/airflow/.local/lib/python3.12/site-packages/airflow/example_dags/example_setup_teardown_taskflow.py took 0.076 seconds
[2025-06-20T15:46:59.922+0000] {processor.py:161} INFO - Started process (PID=8468) to work on /home/airflow/.local/lib/python3.12/site-packages/airflow/example_dags/example_setup_teardown_taskflow.py
[2025-06-20T15:46:59.923+0000] {processor.py:830} INFO - Processing file /home/airflow/.local/lib/python3.12/site-packages/airflow/example_dags/example_setup_teardown_taskflow.py for tasks to queue
[2025-06-20T15:46:59.925+0000] {logging_mixin.py:188} INFO - [2025-06-20T15:46:59.924+0000] {dagbag.py:540} INFO - Filling up the DagBag from /home/airflow/.local/lib/python3.12/site-packages/airflow/example_dags/example_setup_teardown_taskflow.py
[2025-06-20T15:46:59.933+0000] {processor.py:840} INFO - DAG(s) 'example_setup_teardown_taskflow' retrieved from /home/airflow/.local/lib/python3.12/site-packages/airflow/example_dags/example_setup_teardown_taskflow.py
[2025-06-20T15:46:59.955+0000] {logging_mixin.py:188} INFO - [2025-06-20T15:46:59.955+0000] {dag.py:3096} INFO - Sync 1 DAGs
[2025-06-20T15:46:59.975+0000] {logging_mixin.py:188} INFO - [2025-06-20T15:46:59.975+0000] {dag.py:3954} INFO - Setting next_dagrun for example_setup_teardown_taskflow to 2025-06-19 00:00:00+00:00, run_after=2025-06-20 00:00:00+00:00
[2025-06-20T15:46:59.990+0000] {processor.py:183} INFO - Processing /home/airflow/.local/lib/python3.12/site-packages/airflow/example_dags/example_setup_teardown_taskflow.py took 0.075 seconds
[2025-06-20T15:47:30.635+0000] {processor.py:161} INFO - Started process (PID=8527) to work on /home/airflow/.local/lib/python3.12/site-packages/airflow/example_dags/example_setup_teardown_taskflow.py
[2025-06-20T15:47:30.636+0000] {processor.py:830} INFO - Processing file /home/airflow/.local/lib/python3.12/site-packages/airflow/example_dags/example_setup_teardown_taskflow.py for tasks to queue
[2025-06-20T15:47:30.638+0000] {logging_mixin.py:188} INFO - [2025-06-20T15:47:30.638+0000] {dagbag.py:540} INFO - Filling up the DagBag from /home/airflow/.local/lib/python3.12/site-packages/airflow/example_dags/example_setup_teardown_taskflow.py
[2025-06-20T15:47:30.647+0000] {processor.py:840} INFO - DAG(s) 'example_setup_teardown_taskflow' retrieved from /home/airflow/.local/lib/python3.12/site-packages/airflow/example_dags/example_setup_teardown_taskflow.py
[2025-06-20T15:47:30.669+0000] {logging_mixin.py:188} INFO - [2025-06-20T15:47:30.669+0000] {dag.py:3096} INFO - Sync 1 DAGs
[2025-06-20T15:47:30.689+0000] {logging_mixin.py:188} INFO - [2025-06-20T15:47:30.689+0000] {dag.py:3954} INFO - Setting next_dagrun for example_setup_teardown_taskflow to 2025-06-19 00:00:00+00:00, run_after=2025-06-20 00:00:00+00:00
[2025-06-20T15:47:30.705+0000] {processor.py:183} INFO - Processing /home/airflow/.local/lib/python3.12/site-packages/airflow/example_dags/example_setup_teardown_taskflow.py took 0.076 seconds
[2025-06-20T15:48:01.347+0000] {processor.py:161} INFO - Started process (PID=8586) to work on /home/airflow/.local/lib/python3.12/site-packages/airflow/example_dags/example_setup_teardown_taskflow.py
[2025-06-20T15:48:01.348+0000] {processor.py:830} INFO - Processing file /home/airflow/.local/lib/python3.12/site-packages/airflow/example_dags/example_setup_teardown_taskflow.py for tasks to queue
[2025-06-20T15:48:01.350+0000] {logging_mixin.py:188} INFO - [2025-06-20T15:48:01.350+0000] {dagbag.py:540} INFO - Filling up the DagBag from /home/airflow/.local/lib/python3.12/site-packages/airflow/example_dags/example_setup_teardown_taskflow.py
[2025-06-20T15:48:01.359+0000] {processor.py:840} INFO - DAG(s) 'example_setup_teardown_taskflow' retrieved from /home/airflow/.local/lib/python3.12/site-packages/airflow/example_dags/example_setup_teardown_taskflow.py
[2025-06-20T15:48:01.380+0000] {logging_mixin.py:188} INFO - [2025-06-20T15:48:01.380+0000] {dag.py:3096} INFO - Sync 1 DAGs
[2025-06-20T15:48:01.399+0000] {logging_mixin.py:188} INFO - [2025-06-20T15:48:01.399+0000] {dag.py:3954} INFO - Setting next_dagrun for example_setup_teardown_taskflow to 2025-06-19 00:00:00+00:00, run_after=2025-06-20 00:00:00+00:00
[2025-06-20T15:48:01.414+0000] {processor.py:183} INFO - Processing /home/airflow/.local/lib/python3.12/site-packages/airflow/example_dags/example_setup_teardown_taskflow.py took 0.073 seconds
[2025-06-20T15:48:32.096+0000] {processor.py:161} INFO - Started process (PID=8645) to work on /home/airflow/.local/lib/python3.12/site-packages/airflow/example_dags/example_setup_teardown_taskflow.py
[2025-06-20T15:48:32.097+0000] {processor.py:830} INFO - Processing file /home/airflow/.local/lib/python3.12/site-packages/airflow/example_dags/example_setup_teardown_taskflow.py for tasks to queue
[2025-06-20T15:48:32.099+0000] {logging_mixin.py:188} INFO - [2025-06-20T15:48:32.099+0000] {dagbag.py:540} INFO - Filling up the DagBag from /home/airflow/.local/lib/python3.12/site-packages/airflow/example_dags/example_setup_teardown_taskflow.py
[2025-06-20T15:48:32.108+0000] {processor.py:840} INFO - DAG(s) 'example_setup_teardown_taskflow' retrieved from /home/airflow/.local/lib/python3.12/site-packages/airflow/example_dags/example_setup_teardown_taskflow.py
[2025-06-20T15:48:32.130+0000] {logging_mixin.py:188} INFO - [2025-06-20T15:48:32.129+0000] {dag.py:3096} INFO - Sync 1 DAGs
[2025-06-20T15:48:32.150+0000] {logging_mixin.py:188} INFO - [2025-06-20T15:48:32.150+0000] {dag.py:3954} INFO - Setting next_dagrun for example_setup_teardown_taskflow to 2025-06-19 00:00:00+00:00, run_after=2025-06-20 00:00:00+00:00
[2025-06-20T15:48:32.165+0000] {processor.py:183} INFO - Processing /home/airflow/.local/lib/python3.12/site-packages/airflow/example_dags/example_setup_teardown_taskflow.py took 0.076 seconds
[2025-06-20T15:49:02.835+0000] {processor.py:161} INFO - Started process (PID=8704) to work on /home/airflow/.local/lib/python3.12/site-packages/airflow/example_dags/example_setup_teardown_taskflow.py
[2025-06-20T15:49:02.836+0000] {processor.py:830} INFO - Processing file /home/airflow/.local/lib/python3.12/site-packages/airflow/example_dags/example_setup_teardown_taskflow.py for tasks to queue
[2025-06-20T15:49:02.838+0000] {logging_mixin.py:188} INFO - [2025-06-20T15:49:02.837+0000] {dagbag.py:540} INFO - Filling up the DagBag from /home/airflow/.local/lib/python3.12/site-packages/airflow/example_dags/example_setup_teardown_taskflow.py
[2025-06-20T15:49:02.847+0000] {processor.py:840} INFO - DAG(s) 'example_setup_teardown_taskflow' retrieved from /home/airflow/.local/lib/python3.12/site-packages/airflow/example_dags/example_setup_teardown_taskflow.py
[2025-06-20T15:49:02.867+0000] {logging_mixin.py:188} INFO - [2025-06-20T15:49:02.867+0000] {dag.py:3096} INFO - Sync 1 DAGs
[2025-06-20T15:49:02.887+0000] {logging_mixin.py:188} INFO - [2025-06-20T15:49:02.887+0000] {dag.py:3954} INFO - Setting next_dagrun for example_setup_teardown_taskflow to 2025-06-19 00:00:00+00:00, run_after=2025-06-20 00:00:00+00:00
[2025-06-20T15:49:02.902+0000] {processor.py:183} INFO - Processing /home/airflow/.local/lib/python3.12/site-packages/airflow/example_dags/example_setup_teardown_taskflow.py took 0.074 seconds
[2025-06-20T15:49:33.535+0000] {processor.py:161} INFO - Started process (PID=8763) to work on /home/airflow/.local/lib/python3.12/site-packages/airflow/example_dags/example_setup_teardown_taskflow.py
[2025-06-20T15:49:33.536+0000] {processor.py:830} INFO - Processing file /home/airflow/.local/lib/python3.12/site-packages/airflow/example_dags/example_setup_teardown_taskflow.py for tasks to queue
[2025-06-20T15:49:33.538+0000] {logging_mixin.py:188} INFO - [2025-06-20T15:49:33.538+0000] {dagbag.py:540} INFO - Filling up the DagBag from /home/airflow/.local/lib/python3.12/site-packages/airflow/example_dags/example_setup_teardown_taskflow.py
[2025-06-20T15:49:33.547+0000] {processor.py:840} INFO - DAG(s) 'example_setup_teardown_taskflow' retrieved from /home/airflow/.local/lib/python3.12/site-packages/airflow/example_dags/example_setup_teardown_taskflow.py
[2025-06-20T15:49:33.570+0000] {logging_mixin.py:188} INFO - [2025-06-20T15:49:33.569+0000] {dag.py:3096} INFO - Sync 1 DAGs
[2025-06-20T15:49:33.590+0000] {logging_mixin.py:188} INFO - [2025-06-20T15:49:33.589+0000] {dag.py:3954} INFO - Setting next_dagrun for example_setup_teardown_taskflow to 2025-06-19 00:00:00+00:00, run_after=2025-06-20 00:00:00+00:00
[2025-06-20T15:49:33.605+0000] {processor.py:183} INFO - Processing /home/airflow/.local/lib/python3.12/site-packages/airflow/example_dags/example_setup_teardown_taskflow.py took 0.076 seconds
[2025-06-20T15:50:04.202+0000] {processor.py:161} INFO - Started process (PID=8822) to work on /home/airflow/.local/lib/python3.12/site-packages/airflow/example_dags/example_setup_teardown_taskflow.py
[2025-06-20T15:50:04.203+0000] {processor.py:830} INFO - Processing file /home/airflow/.local/lib/python3.12/site-packages/airflow/example_dags/example_setup_teardown_taskflow.py for tasks to queue
[2025-06-20T15:50:04.205+0000] {logging_mixin.py:188} INFO - [2025-06-20T15:50:04.205+0000] {dagbag.py:540} INFO - Filling up the DagBag from /home/airflow/.local/lib/python3.12/site-packages/airflow/example_dags/example_setup_teardown_taskflow.py
[2025-06-20T15:50:04.214+0000] {processor.py:840} INFO - DAG(s) 'example_setup_teardown_taskflow' retrieved from /home/airflow/.local/lib/python3.12/site-packages/airflow/example_dags/example_setup_teardown_taskflow.py
[2025-06-20T15:50:04.236+0000] {logging_mixin.py:188} INFO - [2025-06-20T15:50:04.236+0000] {dag.py:3096} INFO - Sync 1 DAGs
[2025-06-20T15:50:04.257+0000] {logging_mixin.py:188} INFO - [2025-06-20T15:50:04.256+0000] {dag.py:3954} INFO - Setting next_dagrun for example_setup_teardown_taskflow to 2025-06-19 00:00:00+00:00, run_after=2025-06-20 00:00:00+00:00
[2025-06-20T15:50:04.273+0000] {processor.py:183} INFO - Processing /home/airflow/.local/lib/python3.12/site-packages/airflow/example_dags/example_setup_teardown_taskflow.py took 0.077 seconds
[2025-06-20T15:50:34.918+0000] {processor.py:161} INFO - Started process (PID=8881) to work on /home/airflow/.local/lib/python3.12/site-packages/airflow/example_dags/example_setup_teardown_taskflow.py
[2025-06-20T15:50:34.919+0000] {processor.py:830} INFO - Processing file /home/airflow/.local/lib/python3.12/site-packages/airflow/example_dags/example_setup_teardown_taskflow.py for tasks to queue
[2025-06-20T15:50:34.921+0000] {logging_mixin.py:188} INFO - [2025-06-20T15:50:34.920+0000] {dagbag.py:540} INFO - Filling up the DagBag from /home/airflow/.local/lib/python3.12/site-packages/airflow/example_dags/example_setup_teardown_taskflow.py
[2025-06-20T15:50:34.930+0000] {processor.py:840} INFO - DAG(s) 'example_setup_teardown_taskflow' retrieved from /home/airflow/.local/lib/python3.12/site-packages/airflow/example_dags/example_setup_teardown_taskflow.py
[2025-06-20T15:50:34.950+0000] {logging_mixin.py:188} INFO - [2025-06-20T15:50:34.950+0000] {dag.py:3096} INFO - Sync 1 DAGs
[2025-06-20T15:50:34.970+0000] {logging_mixin.py:188} INFO - [2025-06-20T15:50:34.970+0000] {dag.py:3954} INFO - Setting next_dagrun for example_setup_teardown_taskflow to 2025-06-19 00:00:00+00:00, run_after=2025-06-20 00:00:00+00:00
[2025-06-20T15:50:34.986+0000] {processor.py:183} INFO - Processing /home/airflow/.local/lib/python3.12/site-packages/airflow/example_dags/example_setup_teardown_taskflow.py took 0.074 seconds
[2025-06-20T15:51:05.645+0000] {processor.py:161} INFO - Started process (PID=8940) to work on /home/airflow/.local/lib/python3.12/site-packages/airflow/example_dags/example_setup_teardown_taskflow.py
[2025-06-20T15:51:05.646+0000] {processor.py:830} INFO - Processing file /home/airflow/.local/lib/python3.12/site-packages/airflow/example_dags/example_setup_teardown_taskflow.py for tasks to queue
[2025-06-20T15:51:05.648+0000] {logging_mixin.py:188} INFO - [2025-06-20T15:51:05.648+0000] {dagbag.py:540} INFO - Filling up the DagBag from /home/airflow/.local/lib/python3.12/site-packages/airflow/example_dags/example_setup_teardown_taskflow.py
[2025-06-20T15:51:05.657+0000] {processor.py:840} INFO - DAG(s) 'example_setup_teardown_taskflow' retrieved from /home/airflow/.local/lib/python3.12/site-packages/airflow/example_dags/example_setup_teardown_taskflow.py
[2025-06-20T15:51:05.678+0000] {logging_mixin.py:188} INFO - [2025-06-20T15:51:05.678+0000] {dag.py:3096} INFO - Sync 1 DAGs
[2025-06-20T15:51:05.698+0000] {logging_mixin.py:188} INFO - [2025-06-20T15:51:05.697+0000] {dag.py:3954} INFO - Setting next_dagrun for example_setup_teardown_taskflow to 2025-06-19 00:00:00+00:00, run_after=2025-06-20 00:00:00+00:00
[2025-06-20T15:51:05.713+0000] {processor.py:183} INFO - Processing /home/airflow/.local/lib/python3.12/site-packages/airflow/example_dags/example_setup_teardown_taskflow.py took 0.074 seconds
[2025-06-20T15:51:36.209+0000] {processor.py:161} INFO - Started process (PID=8999) to work on /home/airflow/.local/lib/python3.12/site-packages/airflow/example_dags/example_setup_teardown_taskflow.py
[2025-06-20T15:51:36.210+0000] {processor.py:830} INFO - Processing file /home/airflow/.local/lib/python3.12/site-packages/airflow/example_dags/example_setup_teardown_taskflow.py for tasks to queue
[2025-06-20T15:51:36.212+0000] {logging_mixin.py:188} INFO - [2025-06-20T15:51:36.212+0000] {dagbag.py:540} INFO - Filling up the DagBag from /home/airflow/.local/lib/python3.12/site-packages/airflow/example_dags/example_setup_teardown_taskflow.py
[2025-06-20T15:51:36.221+0000] {processor.py:840} INFO - DAG(s) 'example_setup_teardown_taskflow' retrieved from /home/airflow/.local/lib/python3.12/site-packages/airflow/example_dags/example_setup_teardown_taskflow.py
[2025-06-20T15:51:36.243+0000] {logging_mixin.py:188} INFO - [2025-06-20T15:51:36.242+0000] {dag.py:3096} INFO - Sync 1 DAGs
[2025-06-20T15:51:36.265+0000] {logging_mixin.py:188} INFO - [2025-06-20T15:51:36.265+0000] {dag.py:3954} INFO - Setting next_dagrun for example_setup_teardown_taskflow to 2025-06-19 00:00:00+00:00, run_after=2025-06-20 00:00:00+00:00
[2025-06-20T15:51:36.284+0000] {processor.py:183} INFO - Processing /home/airflow/.local/lib/python3.12/site-packages/airflow/example_dags/example_setup_teardown_taskflow.py took 0.081 seconds
[2025-06-20T15:52:06.784+0000] {processor.py:161} INFO - Started process (PID=9058) to work on /home/airflow/.local/lib/python3.12/site-packages/airflow/example_dags/example_setup_teardown_taskflow.py
[2025-06-20T15:52:06.785+0000] {processor.py:830} INFO - Processing file /home/airflow/.local/lib/python3.12/site-packages/airflow/example_dags/example_setup_teardown_taskflow.py for tasks to queue
[2025-06-20T15:52:06.787+0000] {logging_mixin.py:188} INFO - [2025-06-20T15:52:06.786+0000] {dagbag.py:540} INFO - Filling up the DagBag from /home/airflow/.local/lib/python3.12/site-packages/airflow/example_dags/example_setup_teardown_taskflow.py
[2025-06-20T15:52:06.795+0000] {processor.py:840} INFO - DAG(s) 'example_setup_teardown_taskflow' retrieved from /home/airflow/.local/lib/python3.12/site-packages/airflow/example_dags/example_setup_teardown_taskflow.py
[2025-06-20T15:52:06.817+0000] {logging_mixin.py:188} INFO - [2025-06-20T15:52:06.817+0000] {dag.py:3096} INFO - Sync 1 DAGs
[2025-06-20T15:52:06.837+0000] {logging_mixin.py:188} INFO - [2025-06-20T15:52:06.837+0000] {dag.py:3954} INFO - Setting next_dagrun for example_setup_teardown_taskflow to 2025-06-19 00:00:00+00:00, run_after=2025-06-20 00:00:00+00:00
[2025-06-20T15:52:06.852+0000] {processor.py:183} INFO - Processing /home/airflow/.local/lib/python3.12/site-packages/airflow/example_dags/example_setup_teardown_taskflow.py took 0.075 seconds
[2025-06-20T15:52:37.615+0000] {processor.py:161} INFO - Started process (PID=9117) to work on /home/airflow/.local/lib/python3.12/site-packages/airflow/example_dags/example_setup_teardown_taskflow.py
[2025-06-20T15:52:37.616+0000] {processor.py:830} INFO - Processing file /home/airflow/.local/lib/python3.12/site-packages/airflow/example_dags/example_setup_teardown_taskflow.py for tasks to queue
[2025-06-20T15:52:37.619+0000] {logging_mixin.py:188} INFO - [2025-06-20T15:52:37.618+0000] {dagbag.py:540} INFO - Filling up the DagBag from /home/airflow/.local/lib/python3.12/site-packages/airflow/example_dags/example_setup_teardown_taskflow.py
[2025-06-20T15:52:37.628+0000] {processor.py:840} INFO - DAG(s) 'example_setup_teardown_taskflow' retrieved from /home/airflow/.local/lib/python3.12/site-packages/airflow/example_dags/example_setup_teardown_taskflow.py
[2025-06-20T15:52:37.653+0000] {logging_mixin.py:188} INFO - [2025-06-20T15:52:37.653+0000] {dag.py:3096} INFO - Sync 1 DAGs
[2025-06-20T15:52:37.677+0000] {logging_mixin.py:188} INFO - [2025-06-20T15:52:37.676+0000] {dag.py:3954} INFO - Setting next_dagrun for example_setup_teardown_taskflow to 2025-06-19 00:00:00+00:00, run_after=2025-06-20 00:00:00+00:00
[2025-06-20T15:52:37.693+0000] {processor.py:183} INFO - Processing /home/airflow/.local/lib/python3.12/site-packages/airflow/example_dags/example_setup_teardown_taskflow.py took 0.087 seconds
[2025-06-20T15:53:08.050+0000] {processor.py:161} INFO - Started process (PID=9176) to work on /home/airflow/.local/lib/python3.12/site-packages/airflow/example_dags/example_setup_teardown_taskflow.py
[2025-06-20T15:53:08.051+0000] {processor.py:830} INFO - Processing file /home/airflow/.local/lib/python3.12/site-packages/airflow/example_dags/example_setup_teardown_taskflow.py for tasks to queue
[2025-06-20T15:53:08.053+0000] {logging_mixin.py:188} INFO - [2025-06-20T15:53:08.052+0000] {dagbag.py:540} INFO - Filling up the DagBag from /home/airflow/.local/lib/python3.12/site-packages/airflow/example_dags/example_setup_teardown_taskflow.py
[2025-06-20T15:53:08.063+0000] {processor.py:840} INFO - DAG(s) 'example_setup_teardown_taskflow' retrieved from /home/airflow/.local/lib/python3.12/site-packages/airflow/example_dags/example_setup_teardown_taskflow.py
[2025-06-20T15:53:08.086+0000] {logging_mixin.py:188} INFO - [2025-06-20T15:53:08.086+0000] {dag.py:3096} INFO - Sync 1 DAGs
[2025-06-20T15:53:08.106+0000] {logging_mixin.py:188} INFO - [2025-06-20T15:53:08.106+0000] {dag.py:3954} INFO - Setting next_dagrun for example_setup_teardown_taskflow to 2025-06-19 00:00:00+00:00, run_after=2025-06-20 00:00:00+00:00
[2025-06-20T15:53:08.122+0000] {processor.py:183} INFO - Processing /home/airflow/.local/lib/python3.12/site-packages/airflow/example_dags/example_setup_teardown_taskflow.py took 0.079 seconds
[2025-06-20T15:53:38.981+0000] {processor.py:161} INFO - Started process (PID=9235) to work on /home/airflow/.local/lib/python3.12/site-packages/airflow/example_dags/example_setup_teardown_taskflow.py
[2025-06-20T15:53:38.982+0000] {processor.py:830} INFO - Processing file /home/airflow/.local/lib/python3.12/site-packages/airflow/example_dags/example_setup_teardown_taskflow.py for tasks to queue
[2025-06-20T15:53:38.984+0000] {logging_mixin.py:188} INFO - [2025-06-20T15:53:38.983+0000] {dagbag.py:540} INFO - Filling up the DagBag from /home/airflow/.local/lib/python3.12/site-packages/airflow/example_dags/example_setup_teardown_taskflow.py
[2025-06-20T15:53:38.993+0000] {processor.py:840} INFO - DAG(s) 'example_setup_teardown_taskflow' retrieved from /home/airflow/.local/lib/python3.12/site-packages/airflow/example_dags/example_setup_teardown_taskflow.py
[2025-06-20T15:53:39.019+0000] {logging_mixin.py:188} INFO - [2025-06-20T15:53:39.019+0000] {dag.py:3096} INFO - Sync 1 DAGs
[2025-06-20T15:53:39.042+0000] {logging_mixin.py:188} INFO - [2025-06-20T15:53:39.042+0000] {dag.py:3954} INFO - Setting next_dagrun for example_setup_teardown_taskflow to 2025-06-19 00:00:00+00:00, run_after=2025-06-20 00:00:00+00:00
[2025-06-20T15:53:39.059+0000] {processor.py:183} INFO - Processing /home/airflow/.local/lib/python3.12/site-packages/airflow/example_dags/example_setup_teardown_taskflow.py took 0.084 seconds
[2025-06-20T15:54:09.183+0000] {processor.py:161} INFO - Started process (PID=9293) to work on /home/airflow/.local/lib/python3.12/site-packages/airflow/example_dags/example_setup_teardown_taskflow.py
[2025-06-20T15:54:09.184+0000] {processor.py:830} INFO - Processing file /home/airflow/.local/lib/python3.12/site-packages/airflow/example_dags/example_setup_teardown_taskflow.py for tasks to queue
[2025-06-20T15:54:09.186+0000] {logging_mixin.py:188} INFO - [2025-06-20T15:54:09.185+0000] {dagbag.py:540} INFO - Filling up the DagBag from /home/airflow/.local/lib/python3.12/site-packages/airflow/example_dags/example_setup_teardown_taskflow.py
[2025-06-20T15:54:09.195+0000] {processor.py:840} INFO - DAG(s) 'example_setup_teardown_taskflow' retrieved from /home/airflow/.local/lib/python3.12/site-packages/airflow/example_dags/example_setup_teardown_taskflow.py
[2025-06-20T15:54:09.216+0000] {logging_mixin.py:188} INFO - [2025-06-20T15:54:09.216+0000] {dag.py:3096} INFO - Sync 1 DAGs
[2025-06-20T15:54:09.236+0000] {logging_mixin.py:188} INFO - [2025-06-20T15:54:09.236+0000] {dag.py:3954} INFO - Setting next_dagrun for example_setup_teardown_taskflow to 2025-06-19 00:00:00+00:00, run_after=2025-06-20 00:00:00+00:00
[2025-06-20T15:54:09.252+0000] {processor.py:183} INFO - Processing /home/airflow/.local/lib/python3.12/site-packages/airflow/example_dags/example_setup_teardown_taskflow.py took 0.075 seconds
[2025-06-20T15:54:39.464+0000] {processor.py:161} INFO - Started process (PID=9352) to work on /home/airflow/.local/lib/python3.12/site-packages/airflow/example_dags/example_setup_teardown_taskflow.py
[2025-06-20T15:54:39.465+0000] {processor.py:830} INFO - Processing file /home/airflow/.local/lib/python3.12/site-packages/airflow/example_dags/example_setup_teardown_taskflow.py for tasks to queue
[2025-06-20T15:54:39.467+0000] {logging_mixin.py:188} INFO - [2025-06-20T15:54:39.467+0000] {dagbag.py:540} INFO - Filling up the DagBag from /home/airflow/.local/lib/python3.12/site-packages/airflow/example_dags/example_setup_teardown_taskflow.py
[2025-06-20T15:54:39.476+0000] {processor.py:840} INFO - DAG(s) 'example_setup_teardown_taskflow' retrieved from /home/airflow/.local/lib/python3.12/site-packages/airflow/example_dags/example_setup_teardown_taskflow.py
[2025-06-20T15:54:39.497+0000] {logging_mixin.py:188} INFO - [2025-06-20T15:54:39.497+0000] {dag.py:3096} INFO - Sync 1 DAGs
[2025-06-20T15:54:39.527+0000] {logging_mixin.py:188} INFO - [2025-06-20T15:54:39.526+0000] {dag.py:3954} INFO - Setting next_dagrun for example_setup_teardown_taskflow to 2025-06-19 00:00:00+00:00, run_after=2025-06-20 00:00:00+00:00
[2025-06-20T15:54:39.568+0000] {processor.py:183} INFO - Processing /home/airflow/.local/lib/python3.12/site-packages/airflow/example_dags/example_setup_teardown_taskflow.py took 0.110 seconds
[2025-06-20T15:55:10.145+0000] {processor.py:161} INFO - Started process (PID=9412) to work on /home/airflow/.local/lib/python3.12/site-packages/airflow/example_dags/example_setup_teardown_taskflow.py
[2025-06-20T15:55:10.146+0000] {processor.py:830} INFO - Processing file /home/airflow/.local/lib/python3.12/site-packages/airflow/example_dags/example_setup_teardown_taskflow.py for tasks to queue
[2025-06-20T15:55:10.148+0000] {logging_mixin.py:188} INFO - [2025-06-20T15:55:10.147+0000] {dagbag.py:540} INFO - Filling up the DagBag from /home/airflow/.local/lib/python3.12/site-packages/airflow/example_dags/example_setup_teardown_taskflow.py
[2025-06-20T15:55:10.158+0000] {processor.py:840} INFO - DAG(s) 'example_setup_teardown_taskflow' retrieved from /home/airflow/.local/lib/python3.12/site-packages/airflow/example_dags/example_setup_teardown_taskflow.py
[2025-06-20T15:55:10.180+0000] {logging_mixin.py:188} INFO - [2025-06-20T15:55:10.179+0000] {dag.py:3096} INFO - Sync 1 DAGs
[2025-06-20T15:55:10.200+0000] {logging_mixin.py:188} INFO - [2025-06-20T15:55:10.200+0000] {dag.py:3954} INFO - Setting next_dagrun for example_setup_teardown_taskflow to 2025-06-19 00:00:00+00:00, run_after=2025-06-20 00:00:00+00:00
[2025-06-20T15:55:10.218+0000] {processor.py:183} INFO - Processing /home/airflow/.local/lib/python3.12/site-packages/airflow/example_dags/example_setup_teardown_taskflow.py took 0.079 seconds
[2025-06-20T15:55:40.381+0000] {processor.py:161} INFO - Started process (PID=9470) to work on /home/airflow/.local/lib/python3.12/site-packages/airflow/example_dags/example_setup_teardown_taskflow.py
[2025-06-20T15:55:40.382+0000] {processor.py:830} INFO - Processing file /home/airflow/.local/lib/python3.12/site-packages/airflow/example_dags/example_setup_teardown_taskflow.py for tasks to queue
[2025-06-20T15:55:40.384+0000] {logging_mixin.py:188} INFO - [2025-06-20T15:55:40.383+0000] {dagbag.py:540} INFO - Filling up the DagBag from /home/airflow/.local/lib/python3.12/site-packages/airflow/example_dags/example_setup_teardown_taskflow.py
[2025-06-20T15:55:40.394+0000] {processor.py:840} INFO - DAG(s) 'example_setup_teardown_taskflow' retrieved from /home/airflow/.local/lib/python3.12/site-packages/airflow/example_dags/example_setup_teardown_taskflow.py
[2025-06-20T15:55:40.419+0000] {logging_mixin.py:188} INFO - [2025-06-20T15:55:40.419+0000] {dag.py:3096} INFO - Sync 1 DAGs
[2025-06-20T15:55:40.442+0000] {logging_mixin.py:188} INFO - [2025-06-20T15:55:40.442+0000] {dag.py:3954} INFO - Setting next_dagrun for example_setup_teardown_taskflow to 2025-06-19 00:00:00+00:00, run_after=2025-06-20 00:00:00+00:00
[2025-06-20T15:55:40.458+0000] {processor.py:183} INFO - Processing /home/airflow/.local/lib/python3.12/site-packages/airflow/example_dags/example_setup_teardown_taskflow.py took 0.084 seconds
[2025-06-20T15:56:10.701+0000] {processor.py:161} INFO - Started process (PID=9529) to work on /home/airflow/.local/lib/python3.12/site-packages/airflow/example_dags/example_setup_teardown_taskflow.py
[2025-06-20T15:56:10.702+0000] {processor.py:830} INFO - Processing file /home/airflow/.local/lib/python3.12/site-packages/airflow/example_dags/example_setup_teardown_taskflow.py for tasks to queue
[2025-06-20T15:56:10.704+0000] {logging_mixin.py:188} INFO - [2025-06-20T15:56:10.703+0000] {dagbag.py:540} INFO - Filling up the DagBag from /home/airflow/.local/lib/python3.12/site-packages/airflow/example_dags/example_setup_teardown_taskflow.py
[2025-06-20T15:56:10.713+0000] {processor.py:840} INFO - DAG(s) 'example_setup_teardown_taskflow' retrieved from /home/airflow/.local/lib/python3.12/site-packages/airflow/example_dags/example_setup_teardown_taskflow.py
[2025-06-20T15:56:10.734+0000] {logging_mixin.py:188} INFO - [2025-06-20T15:56:10.733+0000] {dag.py:3096} INFO - Sync 1 DAGs
[2025-06-20T15:56:10.758+0000] {logging_mixin.py:188} INFO - [2025-06-20T15:56:10.758+0000] {dag.py:3954} INFO - Setting next_dagrun for example_setup_teardown_taskflow to 2025-06-19 00:00:00+00:00, run_after=2025-06-20 00:00:00+00:00
[2025-06-20T15:56:10.774+0000] {processor.py:183} INFO - Processing /home/airflow/.local/lib/python3.12/site-packages/airflow/example_dags/example_setup_teardown_taskflow.py took 0.080 seconds
[2025-06-20T15:56:41.004+0000] {processor.py:161} INFO - Started process (PID=9588) to work on /home/airflow/.local/lib/python3.12/site-packages/airflow/example_dags/example_setup_teardown_taskflow.py
[2025-06-20T15:56:41.005+0000] {processor.py:830} INFO - Processing file /home/airflow/.local/lib/python3.12/site-packages/airflow/example_dags/example_setup_teardown_taskflow.py for tasks to queue
[2025-06-20T15:56:41.007+0000] {logging_mixin.py:188} INFO - [2025-06-20T15:56:41.007+0000] {dagbag.py:540} INFO - Filling up the DagBag from /home/airflow/.local/lib/python3.12/site-packages/airflow/example_dags/example_setup_teardown_taskflow.py
[2025-06-20T15:56:41.018+0000] {processor.py:840} INFO - DAG(s) 'example_setup_teardown_taskflow' retrieved from /home/airflow/.local/lib/python3.12/site-packages/airflow/example_dags/example_setup_teardown_taskflow.py
[2025-06-20T15:56:41.039+0000] {logging_mixin.py:188} INFO - [2025-06-20T15:56:41.039+0000] {dag.py:3096} INFO - Sync 1 DAGs
[2025-06-20T15:56:41.060+0000] {logging_mixin.py:188} INFO - [2025-06-20T15:56:41.060+0000] {dag.py:3954} INFO - Setting next_dagrun for example_setup_teardown_taskflow to 2025-06-19 00:00:00+00:00, run_after=2025-06-20 00:00:00+00:00
[2025-06-20T15:56:41.078+0000] {processor.py:183} INFO - Processing /home/airflow/.local/lib/python3.12/site-packages/airflow/example_dags/example_setup_teardown_taskflow.py took 0.080 seconds
[2025-06-20T15:57:11.221+0000] {processor.py:161} INFO - Started process (PID=9647) to work on /home/airflow/.local/lib/python3.12/site-packages/airflow/example_dags/example_setup_teardown_taskflow.py
[2025-06-20T15:57:11.222+0000] {processor.py:830} INFO - Processing file /home/airflow/.local/lib/python3.12/site-packages/airflow/example_dags/example_setup_teardown_taskflow.py for tasks to queue
[2025-06-20T15:57:11.224+0000] {logging_mixin.py:188} INFO - [2025-06-20T15:57:11.223+0000] {dagbag.py:540} INFO - Filling up the DagBag from /home/airflow/.local/lib/python3.12/site-packages/airflow/example_dags/example_setup_teardown_taskflow.py
[2025-06-20T15:57:11.232+0000] {processor.py:840} INFO - DAG(s) 'example_setup_teardown_taskflow' retrieved from /home/airflow/.local/lib/python3.12/site-packages/airflow/example_dags/example_setup_teardown_taskflow.py
[2025-06-20T15:57:11.253+0000] {logging_mixin.py:188} INFO - [2025-06-20T15:57:11.252+0000] {dag.py:3096} INFO - Sync 1 DAGs
[2025-06-20T15:57:11.272+0000] {logging_mixin.py:188} INFO - [2025-06-20T15:57:11.272+0000] {dag.py:3954} INFO - Setting next_dagrun for example_setup_teardown_taskflow to 2025-06-19 00:00:00+00:00, run_after=2025-06-20 00:00:00+00:00
[2025-06-20T15:57:11.287+0000] {processor.py:183} INFO - Processing /home/airflow/.local/lib/python3.12/site-packages/airflow/example_dags/example_setup_teardown_taskflow.py took 0.073 seconds
[2025-06-20T15:57:41.593+0000] {processor.py:161} INFO - Started process (PID=9706) to work on /home/airflow/.local/lib/python3.12/site-packages/airflow/example_dags/example_setup_teardown_taskflow.py
[2025-06-20T15:57:41.594+0000] {processor.py:830} INFO - Processing file /home/airflow/.local/lib/python3.12/site-packages/airflow/example_dags/example_setup_teardown_taskflow.py for tasks to queue
[2025-06-20T15:57:41.596+0000] {logging_mixin.py:188} INFO - [2025-06-20T15:57:41.596+0000] {dagbag.py:540} INFO - Filling up the DagBag from /home/airflow/.local/lib/python3.12/site-packages/airflow/example_dags/example_setup_teardown_taskflow.py
[2025-06-20T15:57:41.606+0000] {processor.py:840} INFO - DAG(s) 'example_setup_teardown_taskflow' retrieved from /home/airflow/.local/lib/python3.12/site-packages/airflow/example_dags/example_setup_teardown_taskflow.py
[2025-06-20T15:57:41.627+0000] {logging_mixin.py:188} INFO - [2025-06-20T15:57:41.626+0000] {dag.py:3096} INFO - Sync 1 DAGs
[2025-06-20T15:57:41.649+0000] {logging_mixin.py:188} INFO - [2025-06-20T15:57:41.649+0000] {dag.py:3954} INFO - Setting next_dagrun for example_setup_teardown_taskflow to 2025-06-19 00:00:00+00:00, run_after=2025-06-20 00:00:00+00:00
[2025-06-20T15:57:41.693+0000] {processor.py:183} INFO - Processing /home/airflow/.local/lib/python3.12/site-packages/airflow/example_dags/example_setup_teardown_taskflow.py took 0.108 seconds
[2025-06-20T15:58:12.003+0000] {processor.py:161} INFO - Started process (PID=9765) to work on /home/airflow/.local/lib/python3.12/site-packages/airflow/example_dags/example_setup_teardown_taskflow.py
[2025-06-20T15:58:12.004+0000] {processor.py:830} INFO - Processing file /home/airflow/.local/lib/python3.12/site-packages/airflow/example_dags/example_setup_teardown_taskflow.py for tasks to queue
[2025-06-20T15:58:12.007+0000] {logging_mixin.py:188} INFO - [2025-06-20T15:58:12.006+0000] {dagbag.py:540} INFO - Filling up the DagBag from /home/airflow/.local/lib/python3.12/site-packages/airflow/example_dags/example_setup_teardown_taskflow.py
[2025-06-20T15:58:12.017+0000] {processor.py:840} INFO - DAG(s) 'example_setup_teardown_taskflow' retrieved from /home/airflow/.local/lib/python3.12/site-packages/airflow/example_dags/example_setup_teardown_taskflow.py
[2025-06-20T15:58:12.040+0000] {logging_mixin.py:188} INFO - [2025-06-20T15:58:12.040+0000] {dag.py:3096} INFO - Sync 1 DAGs
[2025-06-20T15:58:12.062+0000] {logging_mixin.py:188} INFO - [2025-06-20T15:58:12.062+0000] {dag.py:3954} INFO - Setting next_dagrun for example_setup_teardown_taskflow to 2025-06-19 00:00:00+00:00, run_after=2025-06-20 00:00:00+00:00
[2025-06-20T15:58:12.079+0000] {processor.py:183} INFO - Processing /home/airflow/.local/lib/python3.12/site-packages/airflow/example_dags/example_setup_teardown_taskflow.py took 0.082 seconds
[2025-06-20T15:58:42.133+0000] {processor.py:161} INFO - Started process (PID=9824) to work on /home/airflow/.local/lib/python3.12/site-packages/airflow/example_dags/example_setup_teardown_taskflow.py
[2025-06-20T15:58:42.134+0000] {processor.py:830} INFO - Processing file /home/airflow/.local/lib/python3.12/site-packages/airflow/example_dags/example_setup_teardown_taskflow.py for tasks to queue
[2025-06-20T15:58:42.137+0000] {logging_mixin.py:188} INFO - [2025-06-20T15:58:42.136+0000] {dagbag.py:540} INFO - Filling up the DagBag from /home/airflow/.local/lib/python3.12/site-packages/airflow/example_dags/example_setup_teardown_taskflow.py
[2025-06-20T15:58:42.149+0000] {processor.py:840} INFO - DAG(s) 'example_setup_teardown_taskflow' retrieved from /home/airflow/.local/lib/python3.12/site-packages/airflow/example_dags/example_setup_teardown_taskflow.py
[2025-06-20T15:58:42.170+0000] {logging_mixin.py:188} INFO - [2025-06-20T15:58:42.170+0000] {dag.py:3096} INFO - Sync 1 DAGs
[2025-06-20T15:58:42.190+0000] {logging_mixin.py:188} INFO - [2025-06-20T15:58:42.190+0000] {dag.py:3954} INFO - Setting next_dagrun for example_setup_teardown_taskflow to 2025-06-19 00:00:00+00:00, run_after=2025-06-20 00:00:00+00:00
[2025-06-20T15:58:42.205+0000] {processor.py:183} INFO - Processing /home/airflow/.local/lib/python3.12/site-packages/airflow/example_dags/example_setup_teardown_taskflow.py took 0.079 seconds
[2025-06-20T15:59:12.552+0000] {processor.py:161} INFO - Started process (PID=9883) to work on /home/airflow/.local/lib/python3.12/site-packages/airflow/example_dags/example_setup_teardown_taskflow.py
[2025-06-20T15:59:12.554+0000] {processor.py:830} INFO - Processing file /home/airflow/.local/lib/python3.12/site-packages/airflow/example_dags/example_setup_teardown_taskflow.py for tasks to queue
[2025-06-20T15:59:12.555+0000] {logging_mixin.py:188} INFO - [2025-06-20T15:59:12.555+0000] {dagbag.py:540} INFO - Filling up the DagBag from /home/airflow/.local/lib/python3.12/site-packages/airflow/example_dags/example_setup_teardown_taskflow.py
[2025-06-20T15:59:12.566+0000] {processor.py:840} INFO - DAG(s) 'example_setup_teardown_taskflow' retrieved from /home/airflow/.local/lib/python3.12/site-packages/airflow/example_dags/example_setup_teardown_taskflow.py
[2025-06-20T15:59:12.587+0000] {logging_mixin.py:188} INFO - [2025-06-20T15:59:12.586+0000] {dag.py:3096} INFO - Sync 1 DAGs
[2025-06-20T15:59:12.609+0000] {logging_mixin.py:188} INFO - [2025-06-20T15:59:12.609+0000] {dag.py:3954} INFO - Setting next_dagrun for example_setup_teardown_taskflow to 2025-06-19 00:00:00+00:00, run_after=2025-06-20 00:00:00+00:00
[2025-06-20T15:59:12.626+0000] {processor.py:183} INFO - Processing /home/airflow/.local/lib/python3.12/site-packages/airflow/example_dags/example_setup_teardown_taskflow.py took 0.082 seconds
[2025-06-20T16:00:24.758+0000] {processor.py:161} INFO - Started process (PID=105) to work on /home/airflow/.local/lib/python3.12/site-packages/airflow/example_dags/example_setup_teardown_taskflow.py
[2025-06-20T16:00:24.759+0000] {processor.py:830} INFO - Processing file /home/airflow/.local/lib/python3.12/site-packages/airflow/example_dags/example_setup_teardown_taskflow.py for tasks to queue
[2025-06-20T16:00:24.761+0000] {logging_mixin.py:188} INFO - [2025-06-20T16:00:24.761+0000] {dagbag.py:540} INFO - Filling up the DagBag from /home/airflow/.local/lib/python3.12/site-packages/airflow/example_dags/example_setup_teardown_taskflow.py
[2025-06-20T16:00:24.772+0000] {processor.py:840} INFO - DAG(s) 'example_setup_teardown_taskflow' retrieved from /home/airflow/.local/lib/python3.12/site-packages/airflow/example_dags/example_setup_teardown_taskflow.py
[2025-06-20T16:00:24.785+0000] {logging_mixin.py:188} INFO - [2025-06-20T16:00:24.785+0000] {dag.py:3096} INFO - Sync 1 DAGs
[2025-06-20T16:00:24.806+0000] {logging_mixin.py:188} INFO - [2025-06-20T16:00:24.806+0000] {dag.py:3954} INFO - Setting next_dagrun for example_setup_teardown_taskflow to 2025-06-19 00:00:00+00:00, run_after=2025-06-20 00:00:00+00:00
[2025-06-20T16:00:24.823+0000] {processor.py:183} INFO - Processing /home/airflow/.local/lib/python3.12/site-packages/airflow/example_dags/example_setup_teardown_taskflow.py took 0.071 seconds
[2025-06-20T16:00:55.815+0000] {processor.py:161} INFO - Started process (PID=164) to work on /home/airflow/.local/lib/python3.12/site-packages/airflow/example_dags/example_setup_teardown_taskflow.py
[2025-06-20T16:00:55.816+0000] {processor.py:830} INFO - Processing file /home/airflow/.local/lib/python3.12/site-packages/airflow/example_dags/example_setup_teardown_taskflow.py for tasks to queue
[2025-06-20T16:00:55.817+0000] {logging_mixin.py:188} INFO - [2025-06-20T16:00:55.817+0000] {dagbag.py:540} INFO - Filling up the DagBag from /home/airflow/.local/lib/python3.12/site-packages/airflow/example_dags/example_setup_teardown_taskflow.py
[2025-06-20T16:00:55.827+0000] {processor.py:840} INFO - DAG(s) 'example_setup_teardown_taskflow' retrieved from /home/airflow/.local/lib/python3.12/site-packages/airflow/example_dags/example_setup_teardown_taskflow.py
[2025-06-20T16:00:55.929+0000] {logging_mixin.py:188} INFO - [2025-06-20T16:00:55.929+0000] {dag.py:3096} INFO - Sync 1 DAGs
[2025-06-20T16:00:55.946+0000] {logging_mixin.py:188} INFO - [2025-06-20T16:00:55.946+0000] {dag.py:3954} INFO - Setting next_dagrun for example_setup_teardown_taskflow to 2025-06-19 00:00:00+00:00, run_after=2025-06-20 00:00:00+00:00
[2025-06-20T16:00:55.962+0000] {processor.py:183} INFO - Processing /home/airflow/.local/lib/python3.12/site-packages/airflow/example_dags/example_setup_teardown_taskflow.py took 0.154 seconds
[2025-06-20T16:01:26.859+0000] {processor.py:161} INFO - Started process (PID=223) to work on /home/airflow/.local/lib/python3.12/site-packages/airflow/example_dags/example_setup_teardown_taskflow.py
[2025-06-20T16:01:26.860+0000] {processor.py:830} INFO - Processing file /home/airflow/.local/lib/python3.12/site-packages/airflow/example_dags/example_setup_teardown_taskflow.py for tasks to queue
[2025-06-20T16:01:26.861+0000] {logging_mixin.py:188} INFO - [2025-06-20T16:01:26.861+0000] {dagbag.py:540} INFO - Filling up the DagBag from /home/airflow/.local/lib/python3.12/site-packages/airflow/example_dags/example_setup_teardown_taskflow.py
[2025-06-20T16:01:26.871+0000] {processor.py:840} INFO - DAG(s) 'example_setup_teardown_taskflow' retrieved from /home/airflow/.local/lib/python3.12/site-packages/airflow/example_dags/example_setup_teardown_taskflow.py
[2025-06-20T16:01:26.891+0000] {logging_mixin.py:188} INFO - [2025-06-20T16:01:26.891+0000] {dag.py:3096} INFO - Sync 1 DAGs
[2025-06-20T16:01:26.911+0000] {logging_mixin.py:188} INFO - [2025-06-20T16:01:26.911+0000] {dag.py:3954} INFO - Setting next_dagrun for example_setup_teardown_taskflow to 2025-06-19 00:00:00+00:00, run_after=2025-06-20 00:00:00+00:00
[2025-06-20T16:01:26.927+0000] {processor.py:183} INFO - Processing /home/airflow/.local/lib/python3.12/site-packages/airflow/example_dags/example_setup_teardown_taskflow.py took 0.074 seconds
[2025-06-20T16:01:57.065+0000] {processor.py:161} INFO - Started process (PID=282) to work on /home/airflow/.local/lib/python3.12/site-packages/airflow/example_dags/example_setup_teardown_taskflow.py
[2025-06-20T16:01:57.066+0000] {processor.py:830} INFO - Processing file /home/airflow/.local/lib/python3.12/site-packages/airflow/example_dags/example_setup_teardown_taskflow.py for tasks to queue
[2025-06-20T16:01:57.068+0000] {logging_mixin.py:188} INFO - [2025-06-20T16:01:57.067+0000] {dagbag.py:540} INFO - Filling up the DagBag from /home/airflow/.local/lib/python3.12/site-packages/airflow/example_dags/example_setup_teardown_taskflow.py
[2025-06-20T16:01:57.077+0000] {processor.py:840} INFO - DAG(s) 'example_setup_teardown_taskflow' retrieved from /home/airflow/.local/lib/python3.12/site-packages/airflow/example_dags/example_setup_teardown_taskflow.py
[2025-06-20T16:01:57.102+0000] {logging_mixin.py:188} INFO - [2025-06-20T16:01:57.102+0000] {dag.py:3096} INFO - Sync 1 DAGs
[2025-06-20T16:01:57.125+0000] {logging_mixin.py:188} INFO - [2025-06-20T16:01:57.124+0000] {dag.py:3954} INFO - Setting next_dagrun for example_setup_teardown_taskflow to 2025-06-19 00:00:00+00:00, run_after=2025-06-20 00:00:00+00:00
[2025-06-20T16:01:57.140+0000] {processor.py:183} INFO - Processing /home/airflow/.local/lib/python3.12/site-packages/airflow/example_dags/example_setup_teardown_taskflow.py took 0.082 seconds
[2025-06-20T16:02:27.319+0000] {processor.py:161} INFO - Started process (PID=341) to work on /home/airflow/.local/lib/python3.12/site-packages/airflow/example_dags/example_setup_teardown_taskflow.py
[2025-06-20T16:02:27.319+0000] {processor.py:830} INFO - Processing file /home/airflow/.local/lib/python3.12/site-packages/airflow/example_dags/example_setup_teardown_taskflow.py for tasks to queue
[2025-06-20T16:02:27.321+0000] {logging_mixin.py:188} INFO - [2025-06-20T16:02:27.321+0000] {dagbag.py:540} INFO - Filling up the DagBag from /home/airflow/.local/lib/python3.12/site-packages/airflow/example_dags/example_setup_teardown_taskflow.py
[2025-06-20T16:02:27.330+0000] {processor.py:840} INFO - DAG(s) 'example_setup_teardown_taskflow' retrieved from /home/airflow/.local/lib/python3.12/site-packages/airflow/example_dags/example_setup_teardown_taskflow.py
[2025-06-20T16:02:27.351+0000] {logging_mixin.py:188} INFO - [2025-06-20T16:02:27.351+0000] {dag.py:3096} INFO - Sync 1 DAGs
[2025-06-20T16:02:27.371+0000] {logging_mixin.py:188} INFO - [2025-06-20T16:02:27.371+0000] {dag.py:3954} INFO - Setting next_dagrun for example_setup_teardown_taskflow to 2025-06-19 00:00:00+00:00, run_after=2025-06-20 00:00:00+00:00
[2025-06-20T16:02:27.387+0000] {processor.py:183} INFO - Processing /home/airflow/.local/lib/python3.12/site-packages/airflow/example_dags/example_setup_teardown_taskflow.py took 0.074 seconds
[2025-06-20T16:02:57.527+0000] {processor.py:161} INFO - Started process (PID=400) to work on /home/airflow/.local/lib/python3.12/site-packages/airflow/example_dags/example_setup_teardown_taskflow.py
[2025-06-20T16:02:57.528+0000] {processor.py:830} INFO - Processing file /home/airflow/.local/lib/python3.12/site-packages/airflow/example_dags/example_setup_teardown_taskflow.py for tasks to queue
[2025-06-20T16:02:57.530+0000] {logging_mixin.py:188} INFO - [2025-06-20T16:02:57.530+0000] {dagbag.py:540} INFO - Filling up the DagBag from /home/airflow/.local/lib/python3.12/site-packages/airflow/example_dags/example_setup_teardown_taskflow.py
[2025-06-20T16:02:57.539+0000] {processor.py:840} INFO - DAG(s) 'example_setup_teardown_taskflow' retrieved from /home/airflow/.local/lib/python3.12/site-packages/airflow/example_dags/example_setup_teardown_taskflow.py
[2025-06-20T16:02:57.559+0000] {logging_mixin.py:188} INFO - [2025-06-20T16:02:57.559+0000] {dag.py:3096} INFO - Sync 1 DAGs
[2025-06-20T16:02:57.578+0000] {logging_mixin.py:188} INFO - [2025-06-20T16:02:57.578+0000] {dag.py:3954} INFO - Setting next_dagrun for example_setup_teardown_taskflow to 2025-06-19 00:00:00+00:00, run_after=2025-06-20 00:00:00+00:00
[2025-06-20T16:02:57.594+0000] {processor.py:183} INFO - Processing /home/airflow/.local/lib/python3.12/site-packages/airflow/example_dags/example_setup_teardown_taskflow.py took 0.072 seconds
[2025-06-20T16:03:27.761+0000] {processor.py:161} INFO - Started process (PID=459) to work on /home/airflow/.local/lib/python3.12/site-packages/airflow/example_dags/example_setup_teardown_taskflow.py
[2025-06-20T16:03:27.762+0000] {processor.py:830} INFO - Processing file /home/airflow/.local/lib/python3.12/site-packages/airflow/example_dags/example_setup_teardown_taskflow.py for tasks to queue
[2025-06-20T16:03:27.764+0000] {logging_mixin.py:188} INFO - [2025-06-20T16:03:27.764+0000] {dagbag.py:540} INFO - Filling up the DagBag from /home/airflow/.local/lib/python3.12/site-packages/airflow/example_dags/example_setup_teardown_taskflow.py
[2025-06-20T16:03:27.773+0000] {processor.py:840} INFO - DAG(s) 'example_setup_teardown_taskflow' retrieved from /home/airflow/.local/lib/python3.12/site-packages/airflow/example_dags/example_setup_teardown_taskflow.py
[2025-06-20T16:03:27.796+0000] {logging_mixin.py:188} INFO - [2025-06-20T16:03:27.796+0000] {dag.py:3096} INFO - Sync 1 DAGs
[2025-06-20T16:03:27.816+0000] {logging_mixin.py:188} INFO - [2025-06-20T16:03:27.816+0000] {dag.py:3954} INFO - Setting next_dagrun for example_setup_teardown_taskflow to 2025-06-19 00:00:00+00:00, run_after=2025-06-20 00:00:00+00:00
[2025-06-20T16:03:27.831+0000] {processor.py:183} INFO - Processing /home/airflow/.local/lib/python3.12/site-packages/airflow/example_dags/example_setup_teardown_taskflow.py took 0.076 seconds
[2025-06-20T16:03:58.003+0000] {processor.py:161} INFO - Started process (PID=518) to work on /home/airflow/.local/lib/python3.12/site-packages/airflow/example_dags/example_setup_teardown_taskflow.py
[2025-06-20T16:03:58.004+0000] {processor.py:830} INFO - Processing file /home/airflow/.local/lib/python3.12/site-packages/airflow/example_dags/example_setup_teardown_taskflow.py for tasks to queue
[2025-06-20T16:03:58.007+0000] {logging_mixin.py:188} INFO - [2025-06-20T16:03:58.006+0000] {dagbag.py:540} INFO - Filling up the DagBag from /home/airflow/.local/lib/python3.12/site-packages/airflow/example_dags/example_setup_teardown_taskflow.py
[2025-06-20T16:03:58.018+0000] {processor.py:840} INFO - DAG(s) 'example_setup_teardown_taskflow' retrieved from /home/airflow/.local/lib/python3.12/site-packages/airflow/example_dags/example_setup_teardown_taskflow.py
[2025-06-20T16:03:58.047+0000] {logging_mixin.py:188} INFO - [2025-06-20T16:03:58.046+0000] {dag.py:3096} INFO - Sync 1 DAGs
[2025-06-20T16:03:58.076+0000] {logging_mixin.py:188} INFO - [2025-06-20T16:03:58.075+0000] {dag.py:3954} INFO - Setting next_dagrun for example_setup_teardown_taskflow to 2025-06-19 00:00:00+00:00, run_after=2025-06-20 00:00:00+00:00
[2025-06-20T16:03:58.097+0000] {processor.py:183} INFO - Processing /home/airflow/.local/lib/python3.12/site-packages/airflow/example_dags/example_setup_teardown_taskflow.py took 0.101 seconds
[2025-06-20T16:04:28.216+0000] {processor.py:161} INFO - Started process (PID=577) to work on /home/airflow/.local/lib/python3.12/site-packages/airflow/example_dags/example_setup_teardown_taskflow.py
[2025-06-20T16:04:28.217+0000] {processor.py:830} INFO - Processing file /home/airflow/.local/lib/python3.12/site-packages/airflow/example_dags/example_setup_teardown_taskflow.py for tasks to queue
[2025-06-20T16:04:28.219+0000] {logging_mixin.py:188} INFO - [2025-06-20T16:04:28.218+0000] {dagbag.py:540} INFO - Filling up the DagBag from /home/airflow/.local/lib/python3.12/site-packages/airflow/example_dags/example_setup_teardown_taskflow.py
[2025-06-20T16:04:28.228+0000] {processor.py:840} INFO - DAG(s) 'example_setup_teardown_taskflow' retrieved from /home/airflow/.local/lib/python3.12/site-packages/airflow/example_dags/example_setup_teardown_taskflow.py
[2025-06-20T16:04:28.251+0000] {logging_mixin.py:188} INFO - [2025-06-20T16:04:28.250+0000] {dag.py:3096} INFO - Sync 1 DAGs
[2025-06-20T16:04:28.273+0000] {logging_mixin.py:188} INFO - [2025-06-20T16:04:28.272+0000] {dag.py:3954} INFO - Setting next_dagrun for example_setup_teardown_taskflow to 2025-06-19 00:00:00+00:00, run_after=2025-06-20 00:00:00+00:00
[2025-06-20T16:04:28.288+0000] {processor.py:183} INFO - Processing /home/airflow/.local/lib/python3.12/site-packages/airflow/example_dags/example_setup_teardown_taskflow.py took 0.079 seconds
[2025-06-20T16:04:59.178+0000] {processor.py:161} INFO - Started process (PID=636) to work on /home/airflow/.local/lib/python3.12/site-packages/airflow/example_dags/example_setup_teardown_taskflow.py
[2025-06-20T16:04:59.179+0000] {processor.py:830} INFO - Processing file /home/airflow/.local/lib/python3.12/site-packages/airflow/example_dags/example_setup_teardown_taskflow.py for tasks to queue
[2025-06-20T16:04:59.181+0000] {logging_mixin.py:188} INFO - [2025-06-20T16:04:59.181+0000] {dagbag.py:540} INFO - Filling up the DagBag from /home/airflow/.local/lib/python3.12/site-packages/airflow/example_dags/example_setup_teardown_taskflow.py
[2025-06-20T16:04:59.190+0000] {processor.py:840} INFO - DAG(s) 'example_setup_teardown_taskflow' retrieved from /home/airflow/.local/lib/python3.12/site-packages/airflow/example_dags/example_setup_teardown_taskflow.py
[2025-06-20T16:04:59.211+0000] {logging_mixin.py:188} INFO - [2025-06-20T16:04:59.211+0000] {dag.py:3096} INFO - Sync 1 DAGs
[2025-06-20T16:04:59.230+0000] {logging_mixin.py:188} INFO - [2025-06-20T16:04:59.230+0000] {dag.py:3954} INFO - Setting next_dagrun for example_setup_teardown_taskflow to 2025-06-19 00:00:00+00:00, run_after=2025-06-20 00:00:00+00:00
[2025-06-20T16:04:59.245+0000] {processor.py:183} INFO - Processing /home/airflow/.local/lib/python3.12/site-packages/airflow/example_dags/example_setup_teardown_taskflow.py took 0.073 seconds
[2025-06-20T16:05:29.438+0000] {processor.py:161} INFO - Started process (PID=695) to work on /home/airflow/.local/lib/python3.12/site-packages/airflow/example_dags/example_setup_teardown_taskflow.py
[2025-06-20T16:05:29.439+0000] {processor.py:830} INFO - Processing file /home/airflow/.local/lib/python3.12/site-packages/airflow/example_dags/example_setup_teardown_taskflow.py for tasks to queue
[2025-06-20T16:05:29.441+0000] {logging_mixin.py:188} INFO - [2025-06-20T16:05:29.441+0000] {dagbag.py:540} INFO - Filling up the DagBag from /home/airflow/.local/lib/python3.12/site-packages/airflow/example_dags/example_setup_teardown_taskflow.py
[2025-06-20T16:05:29.450+0000] {processor.py:840} INFO - DAG(s) 'example_setup_teardown_taskflow' retrieved from /home/airflow/.local/lib/python3.12/site-packages/airflow/example_dags/example_setup_teardown_taskflow.py
[2025-06-20T16:05:29.470+0000] {logging_mixin.py:188} INFO - [2025-06-20T16:05:29.470+0000] {dag.py:3096} INFO - Sync 1 DAGs
[2025-06-20T16:05:29.491+0000] {logging_mixin.py:188} INFO - [2025-06-20T16:05:29.491+0000] {dag.py:3954} INFO - Setting next_dagrun for example_setup_teardown_taskflow to 2025-06-19 00:00:00+00:00, run_after=2025-06-20 00:00:00+00:00
[2025-06-20T16:05:29.509+0000] {processor.py:183} INFO - Processing /home/airflow/.local/lib/python3.12/site-packages/airflow/example_dags/example_setup_teardown_taskflow.py took 0.076 seconds
[2025-06-20T16:05:59.807+0000] {processor.py:161} INFO - Started process (PID=754) to work on /home/airflow/.local/lib/python3.12/site-packages/airflow/example_dags/example_setup_teardown_taskflow.py
[2025-06-20T16:05:59.808+0000] {processor.py:830} INFO - Processing file /home/airflow/.local/lib/python3.12/site-packages/airflow/example_dags/example_setup_teardown_taskflow.py for tasks to queue
[2025-06-20T16:05:59.809+0000] {logging_mixin.py:188} INFO - [2025-06-20T16:05:59.809+0000] {dagbag.py:540} INFO - Filling up the DagBag from /home/airflow/.local/lib/python3.12/site-packages/airflow/example_dags/example_setup_teardown_taskflow.py
[2025-06-20T16:05:59.818+0000] {processor.py:840} INFO - DAG(s) 'example_setup_teardown_taskflow' retrieved from /home/airflow/.local/lib/python3.12/site-packages/airflow/example_dags/example_setup_teardown_taskflow.py
[2025-06-20T16:05:59.838+0000] {logging_mixin.py:188} INFO - [2025-06-20T16:05:59.838+0000] {dag.py:3096} INFO - Sync 1 DAGs
[2025-06-20T16:05:59.858+0000] {logging_mixin.py:188} INFO - [2025-06-20T16:05:59.857+0000] {dag.py:3954} INFO - Setting next_dagrun for example_setup_teardown_taskflow to 2025-06-19 00:00:00+00:00, run_after=2025-06-20 00:00:00+00:00
[2025-06-20T16:05:59.873+0000] {processor.py:183} INFO - Processing /home/airflow/.local/lib/python3.12/site-packages/airflow/example_dags/example_setup_teardown_taskflow.py took 0.073 seconds
[2025-06-20T16:06:30.205+0000] {processor.py:161} INFO - Started process (PID=813) to work on /home/airflow/.local/lib/python3.12/site-packages/airflow/example_dags/example_setup_teardown_taskflow.py
[2025-06-20T16:06:30.206+0000] {processor.py:830} INFO - Processing file /home/airflow/.local/lib/python3.12/site-packages/airflow/example_dags/example_setup_teardown_taskflow.py for tasks to queue
[2025-06-20T16:06:30.208+0000] {logging_mixin.py:188} INFO - [2025-06-20T16:06:30.207+0000] {dagbag.py:540} INFO - Filling up the DagBag from /home/airflow/.local/lib/python3.12/site-packages/airflow/example_dags/example_setup_teardown_taskflow.py
[2025-06-20T16:06:30.217+0000] {processor.py:840} INFO - DAG(s) 'example_setup_teardown_taskflow' retrieved from /home/airflow/.local/lib/python3.12/site-packages/airflow/example_dags/example_setup_teardown_taskflow.py
[2025-06-20T16:06:30.237+0000] {logging_mixin.py:188} INFO - [2025-06-20T16:06:30.237+0000] {dag.py:3096} INFO - Sync 1 DAGs
[2025-06-20T16:06:30.257+0000] {logging_mixin.py:188} INFO - [2025-06-20T16:06:30.257+0000] {dag.py:3954} INFO - Setting next_dagrun for example_setup_teardown_taskflow to 2025-06-19 00:00:00+00:00, run_after=2025-06-20 00:00:00+00:00
[2025-06-20T16:06:30.272+0000] {processor.py:183} INFO - Processing /home/airflow/.local/lib/python3.12/site-packages/airflow/example_dags/example_setup_teardown_taskflow.py took 0.073 seconds
[2025-06-20T16:07:00.476+0000] {processor.py:161} INFO - Started process (PID=872) to work on /home/airflow/.local/lib/python3.12/site-packages/airflow/example_dags/example_setup_teardown_taskflow.py
[2025-06-20T16:07:00.477+0000] {processor.py:830} INFO - Processing file /home/airflow/.local/lib/python3.12/site-packages/airflow/example_dags/example_setup_teardown_taskflow.py for tasks to queue
[2025-06-20T16:07:00.479+0000] {logging_mixin.py:188} INFO - [2025-06-20T16:07:00.479+0000] {dagbag.py:540} INFO - Filling up the DagBag from /home/airflow/.local/lib/python3.12/site-packages/airflow/example_dags/example_setup_teardown_taskflow.py
[2025-06-20T16:07:00.489+0000] {processor.py:840} INFO - DAG(s) 'example_setup_teardown_taskflow' retrieved from /home/airflow/.local/lib/python3.12/site-packages/airflow/example_dags/example_setup_teardown_taskflow.py
[2025-06-20T16:07:00.513+0000] {logging_mixin.py:188} INFO - [2025-06-20T16:07:00.512+0000] {dag.py:3096} INFO - Sync 1 DAGs
[2025-06-20T16:07:00.534+0000] {logging_mixin.py:188} INFO - [2025-06-20T16:07:00.534+0000] {dag.py:3954} INFO - Setting next_dagrun for example_setup_teardown_taskflow to 2025-06-19 00:00:00+00:00, run_after=2025-06-20 00:00:00+00:00
[2025-06-20T16:07:00.549+0000] {processor.py:183} INFO - Processing /home/airflow/.local/lib/python3.12/site-packages/airflow/example_dags/example_setup_teardown_taskflow.py took 0.079 seconds
[2025-06-20T16:07:30.790+0000] {processor.py:161} INFO - Started process (PID=931) to work on /home/airflow/.local/lib/python3.12/site-packages/airflow/example_dags/example_setup_teardown_taskflow.py
[2025-06-20T16:07:30.791+0000] {processor.py:830} INFO - Processing file /home/airflow/.local/lib/python3.12/site-packages/airflow/example_dags/example_setup_teardown_taskflow.py for tasks to queue
[2025-06-20T16:07:30.793+0000] {logging_mixin.py:188} INFO - [2025-06-20T16:07:30.793+0000] {dagbag.py:540} INFO - Filling up the DagBag from /home/airflow/.local/lib/python3.12/site-packages/airflow/example_dags/example_setup_teardown_taskflow.py
[2025-06-20T16:07:30.803+0000] {processor.py:840} INFO - DAG(s) 'example_setup_teardown_taskflow' retrieved from /home/airflow/.local/lib/python3.12/site-packages/airflow/example_dags/example_setup_teardown_taskflow.py
[2025-06-20T16:07:30.824+0000] {logging_mixin.py:188} INFO - [2025-06-20T16:07:30.823+0000] {dag.py:3096} INFO - Sync 1 DAGs
[2025-06-20T16:07:30.844+0000] {logging_mixin.py:188} INFO - [2025-06-20T16:07:30.844+0000] {dag.py:3954} INFO - Setting next_dagrun for example_setup_teardown_taskflow to 2025-06-19 00:00:00+00:00, run_after=2025-06-20 00:00:00+00:00
[2025-06-20T16:07:30.860+0000] {processor.py:183} INFO - Processing /home/airflow/.local/lib/python3.12/site-packages/airflow/example_dags/example_setup_teardown_taskflow.py took 0.078 seconds
[2025-06-20T16:08:01.053+0000] {processor.py:161} INFO - Started process (PID=990) to work on /home/airflow/.local/lib/python3.12/site-packages/airflow/example_dags/example_setup_teardown_taskflow.py
[2025-06-20T16:08:01.054+0000] {processor.py:830} INFO - Processing file /home/airflow/.local/lib/python3.12/site-packages/airflow/example_dags/example_setup_teardown_taskflow.py for tasks to queue
[2025-06-20T16:08:01.055+0000] {logging_mixin.py:188} INFO - [2025-06-20T16:08:01.055+0000] {dagbag.py:540} INFO - Filling up the DagBag from /home/airflow/.local/lib/python3.12/site-packages/airflow/example_dags/example_setup_teardown_taskflow.py
[2025-06-20T16:08:01.065+0000] {processor.py:840} INFO - DAG(s) 'example_setup_teardown_taskflow' retrieved from /home/airflow/.local/lib/python3.12/site-packages/airflow/example_dags/example_setup_teardown_taskflow.py
[2025-06-20T16:08:01.086+0000] {logging_mixin.py:188} INFO - [2025-06-20T16:08:01.086+0000] {dag.py:3096} INFO - Sync 1 DAGs
[2025-06-20T16:08:01.106+0000] {logging_mixin.py:188} INFO - [2025-06-20T16:08:01.106+0000] {dag.py:3954} INFO - Setting next_dagrun for example_setup_teardown_taskflow to 2025-06-19 00:00:00+00:00, run_after=2025-06-20 00:00:00+00:00
[2025-06-20T16:08:01.122+0000] {processor.py:183} INFO - Processing /home/airflow/.local/lib/python3.12/site-packages/airflow/example_dags/example_setup_teardown_taskflow.py took 0.075 seconds
[2025-06-20T16:08:31.429+0000] {processor.py:161} INFO - Started process (PID=1049) to work on /home/airflow/.local/lib/python3.12/site-packages/airflow/example_dags/example_setup_teardown_taskflow.py
[2025-06-20T16:08:31.430+0000] {processor.py:830} INFO - Processing file /home/airflow/.local/lib/python3.12/site-packages/airflow/example_dags/example_setup_teardown_taskflow.py for tasks to queue
[2025-06-20T16:08:31.431+0000] {logging_mixin.py:188} INFO - [2025-06-20T16:08:31.431+0000] {dagbag.py:540} INFO - Filling up the DagBag from /home/airflow/.local/lib/python3.12/site-packages/airflow/example_dags/example_setup_teardown_taskflow.py
[2025-06-20T16:08:31.440+0000] {processor.py:840} INFO - DAG(s) 'example_setup_teardown_taskflow' retrieved from /home/airflow/.local/lib/python3.12/site-packages/airflow/example_dags/example_setup_teardown_taskflow.py
[2025-06-20T16:08:31.461+0000] {logging_mixin.py:188} INFO - [2025-06-20T16:08:31.461+0000] {dag.py:3096} INFO - Sync 1 DAGs
[2025-06-20T16:08:31.481+0000] {logging_mixin.py:188} INFO - [2025-06-20T16:08:31.481+0000] {dag.py:3954} INFO - Setting next_dagrun for example_setup_teardown_taskflow to 2025-06-19 00:00:00+00:00, run_after=2025-06-20 00:00:00+00:00
[2025-06-20T16:08:31.498+0000] {processor.py:183} INFO - Processing /home/airflow/.local/lib/python3.12/site-packages/airflow/example_dags/example_setup_teardown_taskflow.py took 0.076 seconds
[2025-06-20T16:09:01.704+0000] {processor.py:161} INFO - Started process (PID=1108) to work on /home/airflow/.local/lib/python3.12/site-packages/airflow/example_dags/example_setup_teardown_taskflow.py
[2025-06-20T16:09:01.705+0000] {processor.py:830} INFO - Processing file /home/airflow/.local/lib/python3.12/site-packages/airflow/example_dags/example_setup_teardown_taskflow.py for tasks to queue
[2025-06-20T16:09:01.707+0000] {logging_mixin.py:188} INFO - [2025-06-20T16:09:01.707+0000] {dagbag.py:540} INFO - Filling up the DagBag from /home/airflow/.local/lib/python3.12/site-packages/airflow/example_dags/example_setup_teardown_taskflow.py
[2025-06-20T16:09:01.716+0000] {processor.py:840} INFO - DAG(s) 'example_setup_teardown_taskflow' retrieved from /home/airflow/.local/lib/python3.12/site-packages/airflow/example_dags/example_setup_teardown_taskflow.py
[2025-06-20T16:09:01.736+0000] {logging_mixin.py:188} INFO - [2025-06-20T16:09:01.736+0000] {dag.py:3096} INFO - Sync 1 DAGs
[2025-06-20T16:09:01.755+0000] {logging_mixin.py:188} INFO - [2025-06-20T16:09:01.755+0000] {dag.py:3954} INFO - Setting next_dagrun for example_setup_teardown_taskflow to 2025-06-19 00:00:00+00:00, run_after=2025-06-20 00:00:00+00:00
[2025-06-20T16:09:01.770+0000] {processor.py:183} INFO - Processing /home/airflow/.local/lib/python3.12/site-packages/airflow/example_dags/example_setup_teardown_taskflow.py took 0.072 seconds
[2025-06-20T16:09:32.137+0000] {processor.py:161} INFO - Started process (PID=1168) to work on /home/airflow/.local/lib/python3.12/site-packages/airflow/example_dags/example_setup_teardown_taskflow.py
[2025-06-20T16:09:32.138+0000] {processor.py:830} INFO - Processing file /home/airflow/.local/lib/python3.12/site-packages/airflow/example_dags/example_setup_teardown_taskflow.py for tasks to queue
[2025-06-20T16:09:32.139+0000] {logging_mixin.py:188} INFO - [2025-06-20T16:09:32.139+0000] {dagbag.py:540} INFO - Filling up the DagBag from /home/airflow/.local/lib/python3.12/site-packages/airflow/example_dags/example_setup_teardown_taskflow.py
[2025-06-20T16:09:32.149+0000] {processor.py:840} INFO - DAG(s) 'example_setup_teardown_taskflow' retrieved from /home/airflow/.local/lib/python3.12/site-packages/airflow/example_dags/example_setup_teardown_taskflow.py
[2025-06-20T16:09:32.170+0000] {logging_mixin.py:188} INFO - [2025-06-20T16:09:32.169+0000] {dag.py:3096} INFO - Sync 1 DAGs
[2025-06-20T16:09:32.189+0000] {logging_mixin.py:188} INFO - [2025-06-20T16:09:32.189+0000] {dag.py:3954} INFO - Setting next_dagrun for example_setup_teardown_taskflow to 2025-06-19 00:00:00+00:00, run_after=2025-06-20 00:00:00+00:00
[2025-06-20T16:09:32.205+0000] {processor.py:183} INFO - Processing /home/airflow/.local/lib/python3.12/site-packages/airflow/example_dags/example_setup_teardown_taskflow.py took 0.075 seconds
[2025-06-20T16:10:02.580+0000] {processor.py:161} INFO - Started process (PID=1227) to work on /home/airflow/.local/lib/python3.12/site-packages/airflow/example_dags/example_setup_teardown_taskflow.py
[2025-06-20T16:10:02.580+0000] {processor.py:830} INFO - Processing file /home/airflow/.local/lib/python3.12/site-packages/airflow/example_dags/example_setup_teardown_taskflow.py for tasks to queue
[2025-06-20T16:10:02.582+0000] {logging_mixin.py:188} INFO - [2025-06-20T16:10:02.582+0000] {dagbag.py:540} INFO - Filling up the DagBag from /home/airflow/.local/lib/python3.12/site-packages/airflow/example_dags/example_setup_teardown_taskflow.py
[2025-06-20T16:10:02.592+0000] {processor.py:840} INFO - DAG(s) 'example_setup_teardown_taskflow' retrieved from /home/airflow/.local/lib/python3.12/site-packages/airflow/example_dags/example_setup_teardown_taskflow.py
[2025-06-20T16:10:02.613+0000] {logging_mixin.py:188} INFO - [2025-06-20T16:10:02.613+0000] {dag.py:3096} INFO - Sync 1 DAGs
[2025-06-20T16:10:02.633+0000] {logging_mixin.py:188} INFO - [2025-06-20T16:10:02.632+0000] {dag.py:3954} INFO - Setting next_dagrun for example_setup_teardown_taskflow to 2025-06-19 00:00:00+00:00, run_after=2025-06-20 00:00:00+00:00
[2025-06-20T16:10:02.648+0000] {processor.py:183} INFO - Processing /home/airflow/.local/lib/python3.12/site-packages/airflow/example_dags/example_setup_teardown_taskflow.py took 0.075 seconds
[2025-06-20T16:10:32.862+0000] {processor.py:161} INFO - Started process (PID=1286) to work on /home/airflow/.local/lib/python3.12/site-packages/airflow/example_dags/example_setup_teardown_taskflow.py
[2025-06-20T16:10:32.863+0000] {processor.py:830} INFO - Processing file /home/airflow/.local/lib/python3.12/site-packages/airflow/example_dags/example_setup_teardown_taskflow.py for tasks to queue
[2025-06-20T16:10:32.865+0000] {logging_mixin.py:188} INFO - [2025-06-20T16:10:32.865+0000] {dagbag.py:540} INFO - Filling up the DagBag from /home/airflow/.local/lib/python3.12/site-packages/airflow/example_dags/example_setup_teardown_taskflow.py
[2025-06-20T16:10:32.874+0000] {processor.py:840} INFO - DAG(s) 'example_setup_teardown_taskflow' retrieved from /home/airflow/.local/lib/python3.12/site-packages/airflow/example_dags/example_setup_teardown_taskflow.py
[2025-06-20T16:10:32.894+0000] {logging_mixin.py:188} INFO - [2025-06-20T16:10:32.894+0000] {dag.py:3096} INFO - Sync 1 DAGs
[2025-06-20T16:10:32.915+0000] {logging_mixin.py:188} INFO - [2025-06-20T16:10:32.915+0000] {dag.py:3954} INFO - Setting next_dagrun for example_setup_teardown_taskflow to 2025-06-19 00:00:00+00:00, run_after=2025-06-20 00:00:00+00:00
[2025-06-20T16:10:32.931+0000] {processor.py:183} INFO - Processing /home/airflow/.local/lib/python3.12/site-packages/airflow/example_dags/example_setup_teardown_taskflow.py took 0.074 seconds
[2025-06-20T16:11:03.390+0000] {processor.py:161} INFO - Started process (PID=1345) to work on /home/airflow/.local/lib/python3.12/site-packages/airflow/example_dags/example_setup_teardown_taskflow.py
[2025-06-20T16:11:03.391+0000] {processor.py:830} INFO - Processing file /home/airflow/.local/lib/python3.12/site-packages/airflow/example_dags/example_setup_teardown_taskflow.py for tasks to queue
[2025-06-20T16:11:03.393+0000] {logging_mixin.py:188} INFO - [2025-06-20T16:11:03.392+0000] {dagbag.py:540} INFO - Filling up the DagBag from /home/airflow/.local/lib/python3.12/site-packages/airflow/example_dags/example_setup_teardown_taskflow.py
[2025-06-20T16:11:03.402+0000] {processor.py:840} INFO - DAG(s) 'example_setup_teardown_taskflow' retrieved from /home/airflow/.local/lib/python3.12/site-packages/airflow/example_dags/example_setup_teardown_taskflow.py
[2025-06-20T16:11:03.423+0000] {logging_mixin.py:188} INFO - [2025-06-20T16:11:03.423+0000] {dag.py:3096} INFO - Sync 1 DAGs
[2025-06-20T16:11:03.443+0000] {logging_mixin.py:188} INFO - [2025-06-20T16:11:03.443+0000] {dag.py:3954} INFO - Setting next_dagrun for example_setup_teardown_taskflow to 2025-06-19 00:00:00+00:00, run_after=2025-06-20 00:00:00+00:00
[2025-06-20T16:11:03.459+0000] {processor.py:183} INFO - Processing /home/airflow/.local/lib/python3.12/site-packages/airflow/example_dags/example_setup_teardown_taskflow.py took 0.075 seconds
[2025-06-20T16:11:33.665+0000] {processor.py:161} INFO - Started process (PID=1404) to work on /home/airflow/.local/lib/python3.12/site-packages/airflow/example_dags/example_setup_teardown_taskflow.py
[2025-06-20T16:11:33.666+0000] {processor.py:830} INFO - Processing file /home/airflow/.local/lib/python3.12/site-packages/airflow/example_dags/example_setup_teardown_taskflow.py for tasks to queue
[2025-06-20T16:11:33.668+0000] {logging_mixin.py:188} INFO - [2025-06-20T16:11:33.667+0000] {dagbag.py:540} INFO - Filling up the DagBag from /home/airflow/.local/lib/python3.12/site-packages/airflow/example_dags/example_setup_teardown_taskflow.py
[2025-06-20T16:11:33.677+0000] {processor.py:840} INFO - DAG(s) 'example_setup_teardown_taskflow' retrieved from /home/airflow/.local/lib/python3.12/site-packages/airflow/example_dags/example_setup_teardown_taskflow.py
[2025-06-20T16:11:33.697+0000] {logging_mixin.py:188} INFO - [2025-06-20T16:11:33.697+0000] {dag.py:3096} INFO - Sync 1 DAGs
[2025-06-20T16:11:33.717+0000] {logging_mixin.py:188} INFO - [2025-06-20T16:11:33.717+0000] {dag.py:3954} INFO - Setting next_dagrun for example_setup_teardown_taskflow to 2025-06-19 00:00:00+00:00, run_after=2025-06-20 00:00:00+00:00
[2025-06-20T16:11:33.732+0000] {processor.py:183} INFO - Processing /home/airflow/.local/lib/python3.12/site-packages/airflow/example_dags/example_setup_teardown_taskflow.py took 0.073 seconds
[2025-06-20T16:12:04.076+0000] {processor.py:161} INFO - Started process (PID=1463) to work on /home/airflow/.local/lib/python3.12/site-packages/airflow/example_dags/example_setup_teardown_taskflow.py
[2025-06-20T16:12:04.077+0000] {processor.py:830} INFO - Processing file /home/airflow/.local/lib/python3.12/site-packages/airflow/example_dags/example_setup_teardown_taskflow.py for tasks to queue
[2025-06-20T16:12:04.078+0000] {logging_mixin.py:188} INFO - [2025-06-20T16:12:04.078+0000] {dagbag.py:540} INFO - Filling up the DagBag from /home/airflow/.local/lib/python3.12/site-packages/airflow/example_dags/example_setup_teardown_taskflow.py
[2025-06-20T16:12:04.087+0000] {processor.py:840} INFO - DAG(s) 'example_setup_teardown_taskflow' retrieved from /home/airflow/.local/lib/python3.12/site-packages/airflow/example_dags/example_setup_teardown_taskflow.py
[2025-06-20T16:12:04.108+0000] {logging_mixin.py:188} INFO - [2025-06-20T16:12:04.108+0000] {dag.py:3096} INFO - Sync 1 DAGs
[2025-06-20T16:12:04.128+0000] {logging_mixin.py:188} INFO - [2025-06-20T16:12:04.128+0000] {dag.py:3954} INFO - Setting next_dagrun for example_setup_teardown_taskflow to 2025-06-19 00:00:00+00:00, run_after=2025-06-20 00:00:00+00:00
[2025-06-20T16:12:04.143+0000] {processor.py:183} INFO - Processing /home/airflow/.local/lib/python3.12/site-packages/airflow/example_dags/example_setup_teardown_taskflow.py took 0.074 seconds
[2025-06-20T16:12:34.237+0000] {processor.py:161} INFO - Started process (PID=1521) to work on /home/airflow/.local/lib/python3.12/site-packages/airflow/example_dags/example_setup_teardown_taskflow.py
[2025-06-20T16:12:34.238+0000] {processor.py:830} INFO - Processing file /home/airflow/.local/lib/python3.12/site-packages/airflow/example_dags/example_setup_teardown_taskflow.py for tasks to queue
[2025-06-20T16:12:34.240+0000] {logging_mixin.py:188} INFO - [2025-06-20T16:12:34.239+0000] {dagbag.py:540} INFO - Filling up the DagBag from /home/airflow/.local/lib/python3.12/site-packages/airflow/example_dags/example_setup_teardown_taskflow.py
[2025-06-20T16:12:34.249+0000] {processor.py:840} INFO - DAG(s) 'example_setup_teardown_taskflow' retrieved from /home/airflow/.local/lib/python3.12/site-packages/airflow/example_dags/example_setup_teardown_taskflow.py
[2025-06-20T16:12:34.270+0000] {logging_mixin.py:188} INFO - [2025-06-20T16:12:34.270+0000] {dag.py:3096} INFO - Sync 1 DAGs
[2025-06-20T16:12:34.290+0000] {logging_mixin.py:188} INFO - [2025-06-20T16:12:34.290+0000] {dag.py:3954} INFO - Setting next_dagrun for example_setup_teardown_taskflow to 2025-06-19 00:00:00+00:00, run_after=2025-06-20 00:00:00+00:00
[2025-06-20T16:12:34.306+0000] {processor.py:183} INFO - Processing /home/airflow/.local/lib/python3.12/site-packages/airflow/example_dags/example_setup_teardown_taskflow.py took 0.075 seconds
[2025-06-20T16:13:05.270+0000] {processor.py:161} INFO - Started process (PID=1581) to work on /home/airflow/.local/lib/python3.12/site-packages/airflow/example_dags/example_setup_teardown_taskflow.py
[2025-06-20T16:13:05.271+0000] {processor.py:830} INFO - Processing file /home/airflow/.local/lib/python3.12/site-packages/airflow/example_dags/example_setup_teardown_taskflow.py for tasks to queue
[2025-06-20T16:13:05.273+0000] {logging_mixin.py:188} INFO - [2025-06-20T16:13:05.273+0000] {dagbag.py:540} INFO - Filling up the DagBag from /home/airflow/.local/lib/python3.12/site-packages/airflow/example_dags/example_setup_teardown_taskflow.py
[2025-06-20T16:13:05.282+0000] {processor.py:840} INFO - DAG(s) 'example_setup_teardown_taskflow' retrieved from /home/airflow/.local/lib/python3.12/site-packages/airflow/example_dags/example_setup_teardown_taskflow.py
[2025-06-20T16:13:05.303+0000] {logging_mixin.py:188} INFO - [2025-06-20T16:13:05.303+0000] {dag.py:3096} INFO - Sync 1 DAGs
[2025-06-20T16:13:05.323+0000] {logging_mixin.py:188} INFO - [2025-06-20T16:13:05.323+0000] {dag.py:3954} INFO - Setting next_dagrun for example_setup_teardown_taskflow to 2025-06-19 00:00:00+00:00, run_after=2025-06-20 00:00:00+00:00
[2025-06-20T16:13:05.339+0000] {processor.py:183} INFO - Processing /home/airflow/.local/lib/python3.12/site-packages/airflow/example_dags/example_setup_teardown_taskflow.py took 0.074 seconds
[2025-06-20T16:13:35.689+0000] {processor.py:161} INFO - Started process (PID=1640) to work on /home/airflow/.local/lib/python3.12/site-packages/airflow/example_dags/example_setup_teardown_taskflow.py
[2025-06-20T16:13:35.690+0000] {processor.py:830} INFO - Processing file /home/airflow/.local/lib/python3.12/site-packages/airflow/example_dags/example_setup_teardown_taskflow.py for tasks to queue
[2025-06-20T16:13:35.692+0000] {logging_mixin.py:188} INFO - [2025-06-20T16:13:35.691+0000] {dagbag.py:540} INFO - Filling up the DagBag from /home/airflow/.local/lib/python3.12/site-packages/airflow/example_dags/example_setup_teardown_taskflow.py
[2025-06-20T16:13:35.701+0000] {processor.py:840} INFO - DAG(s) 'example_setup_teardown_taskflow' retrieved from /home/airflow/.local/lib/python3.12/site-packages/airflow/example_dags/example_setup_teardown_taskflow.py
[2025-06-20T16:13:35.722+0000] {logging_mixin.py:188} INFO - [2025-06-20T16:13:35.721+0000] {dag.py:3096} INFO - Sync 1 DAGs
[2025-06-20T16:13:35.741+0000] {logging_mixin.py:188} INFO - [2025-06-20T16:13:35.741+0000] {dag.py:3954} INFO - Setting next_dagrun for example_setup_teardown_taskflow to 2025-06-19 00:00:00+00:00, run_after=2025-06-20 00:00:00+00:00
[2025-06-20T16:13:35.757+0000] {processor.py:183} INFO - Processing /home/airflow/.local/lib/python3.12/site-packages/airflow/example_dags/example_setup_teardown_taskflow.py took 0.074 seconds
[2025-06-20T16:14:05.943+0000] {processor.py:161} INFO - Started process (PID=1698) to work on /home/airflow/.local/lib/python3.12/site-packages/airflow/example_dags/example_setup_teardown_taskflow.py
[2025-06-20T16:14:05.944+0000] {processor.py:830} INFO - Processing file /home/airflow/.local/lib/python3.12/site-packages/airflow/example_dags/example_setup_teardown_taskflow.py for tasks to queue
[2025-06-20T16:14:05.945+0000] {logging_mixin.py:188} INFO - [2025-06-20T16:14:05.945+0000] {dagbag.py:540} INFO - Filling up the DagBag from /home/airflow/.local/lib/python3.12/site-packages/airflow/example_dags/example_setup_teardown_taskflow.py
[2025-06-20T16:14:05.955+0000] {processor.py:840} INFO - DAG(s) 'example_setup_teardown_taskflow' retrieved from /home/airflow/.local/lib/python3.12/site-packages/airflow/example_dags/example_setup_teardown_taskflow.py
[2025-06-20T16:14:05.975+0000] {logging_mixin.py:188} INFO - [2025-06-20T16:14:05.974+0000] {dag.py:3096} INFO - Sync 1 DAGs
[2025-06-20T16:14:05.995+0000] {logging_mixin.py:188} INFO - [2025-06-20T16:14:05.994+0000] {dag.py:3954} INFO - Setting next_dagrun for example_setup_teardown_taskflow to 2025-06-19 00:00:00+00:00, run_after=2025-06-20 00:00:00+00:00
[2025-06-20T16:14:06.010+0000] {processor.py:183} INFO - Processing /home/airflow/.local/lib/python3.12/site-packages/airflow/example_dags/example_setup_teardown_taskflow.py took 0.073 seconds
[2025-06-20T16:14:36.360+0000] {processor.py:161} INFO - Started process (PID=1757) to work on /home/airflow/.local/lib/python3.12/site-packages/airflow/example_dags/example_setup_teardown_taskflow.py
[2025-06-20T16:14:36.361+0000] {processor.py:830} INFO - Processing file /home/airflow/.local/lib/python3.12/site-packages/airflow/example_dags/example_setup_teardown_taskflow.py for tasks to queue
[2025-06-20T16:14:36.363+0000] {logging_mixin.py:188} INFO - [2025-06-20T16:14:36.363+0000] {dagbag.py:540} INFO - Filling up the DagBag from /home/airflow/.local/lib/python3.12/site-packages/airflow/example_dags/example_setup_teardown_taskflow.py
[2025-06-20T16:14:36.372+0000] {processor.py:840} INFO - DAG(s) 'example_setup_teardown_taskflow' retrieved from /home/airflow/.local/lib/python3.12/site-packages/airflow/example_dags/example_setup_teardown_taskflow.py
[2025-06-20T16:14:36.393+0000] {logging_mixin.py:188} INFO - [2025-06-20T16:14:36.393+0000] {dag.py:3096} INFO - Sync 1 DAGs
[2025-06-20T16:14:36.413+0000] {logging_mixin.py:188} INFO - [2025-06-20T16:14:36.413+0000] {dag.py:3954} INFO - Setting next_dagrun for example_setup_teardown_taskflow to 2025-06-19 00:00:00+00:00, run_after=2025-06-20 00:00:00+00:00
[2025-06-20T16:14:36.428+0000] {processor.py:183} INFO - Processing /home/airflow/.local/lib/python3.12/site-packages/airflow/example_dags/example_setup_teardown_taskflow.py took 0.074 seconds
[2025-06-20T16:15:06.710+0000] {processor.py:161} INFO - Started process (PID=1816) to work on /home/airflow/.local/lib/python3.12/site-packages/airflow/example_dags/example_setup_teardown_taskflow.py
[2025-06-20T16:15:06.710+0000] {processor.py:830} INFO - Processing file /home/airflow/.local/lib/python3.12/site-packages/airflow/example_dags/example_setup_teardown_taskflow.py for tasks to queue
[2025-06-20T16:15:06.712+0000] {logging_mixin.py:188} INFO - [2025-06-20T16:15:06.712+0000] {dagbag.py:540} INFO - Filling up the DagBag from /home/airflow/.local/lib/python3.12/site-packages/airflow/example_dags/example_setup_teardown_taskflow.py
[2025-06-20T16:15:06.722+0000] {processor.py:840} INFO - DAG(s) 'example_setup_teardown_taskflow' retrieved from /home/airflow/.local/lib/python3.12/site-packages/airflow/example_dags/example_setup_teardown_taskflow.py
[2025-06-20T16:15:06.743+0000] {logging_mixin.py:188} INFO - [2025-06-20T16:15:06.743+0000] {dag.py:3096} INFO - Sync 1 DAGs
[2025-06-20T16:15:06.763+0000] {logging_mixin.py:188} INFO - [2025-06-20T16:15:06.763+0000] {dag.py:3954} INFO - Setting next_dagrun for example_setup_teardown_taskflow to 2025-06-19 00:00:00+00:00, run_after=2025-06-20 00:00:00+00:00
[2025-06-20T16:15:06.778+0000] {processor.py:183} INFO - Processing /home/airflow/.local/lib/python3.12/site-packages/airflow/example_dags/example_setup_teardown_taskflow.py took 0.074 seconds
[2025-06-20T16:15:36.917+0000] {processor.py:161} INFO - Started process (PID=1875) to work on /home/airflow/.local/lib/python3.12/site-packages/airflow/example_dags/example_setup_teardown_taskflow.py
[2025-06-20T16:15:36.918+0000] {processor.py:830} INFO - Processing file /home/airflow/.local/lib/python3.12/site-packages/airflow/example_dags/example_setup_teardown_taskflow.py for tasks to queue
[2025-06-20T16:15:36.920+0000] {logging_mixin.py:188} INFO - [2025-06-20T16:15:36.920+0000] {dagbag.py:540} INFO - Filling up the DagBag from /home/airflow/.local/lib/python3.12/site-packages/airflow/example_dags/example_setup_teardown_taskflow.py
[2025-06-20T16:15:36.929+0000] {processor.py:840} INFO - DAG(s) 'example_setup_teardown_taskflow' retrieved from /home/airflow/.local/lib/python3.12/site-packages/airflow/example_dags/example_setup_teardown_taskflow.py
[2025-06-20T16:15:36.949+0000] {logging_mixin.py:188} INFO - [2025-06-20T16:15:36.949+0000] {dag.py:3096} INFO - Sync 1 DAGs
[2025-06-20T16:15:36.969+0000] {logging_mixin.py:188} INFO - [2025-06-20T16:15:36.969+0000] {dag.py:3954} INFO - Setting next_dagrun for example_setup_teardown_taskflow to 2025-06-19 00:00:00+00:00, run_after=2025-06-20 00:00:00+00:00
[2025-06-20T16:15:36.984+0000] {processor.py:183} INFO - Processing /home/airflow/.local/lib/python3.12/site-packages/airflow/example_dags/example_setup_teardown_taskflow.py took 0.072 seconds
[2025-06-20T16:16:07.682+0000] {processor.py:161} INFO - Started process (PID=1934) to work on /home/airflow/.local/lib/python3.12/site-packages/airflow/example_dags/example_setup_teardown_taskflow.py
[2025-06-20T16:16:07.683+0000] {processor.py:830} INFO - Processing file /home/airflow/.local/lib/python3.12/site-packages/airflow/example_dags/example_setup_teardown_taskflow.py for tasks to queue
[2025-06-20T16:16:07.685+0000] {logging_mixin.py:188} INFO - [2025-06-20T16:16:07.685+0000] {dagbag.py:540} INFO - Filling up the DagBag from /home/airflow/.local/lib/python3.12/site-packages/airflow/example_dags/example_setup_teardown_taskflow.py
[2025-06-20T16:16:07.694+0000] {processor.py:840} INFO - DAG(s) 'example_setup_teardown_taskflow' retrieved from /home/airflow/.local/lib/python3.12/site-packages/airflow/example_dags/example_setup_teardown_taskflow.py
[2025-06-20T16:16:07.714+0000] {logging_mixin.py:188} INFO - [2025-06-20T16:16:07.714+0000] {dag.py:3096} INFO - Sync 1 DAGs
[2025-06-20T16:16:07.734+0000] {logging_mixin.py:188} INFO - [2025-06-20T16:16:07.733+0000] {dag.py:3954} INFO - Setting next_dagrun for example_setup_teardown_taskflow to 2025-06-19 00:00:00+00:00, run_after=2025-06-20 00:00:00+00:00
[2025-06-20T16:16:07.749+0000] {processor.py:183} INFO - Processing /home/airflow/.local/lib/python3.12/site-packages/airflow/example_dags/example_setup_teardown_taskflow.py took 0.072 seconds
[2025-06-20T16:16:38.025+0000] {processor.py:161} INFO - Started process (PID=1993) to work on /home/airflow/.local/lib/python3.12/site-packages/airflow/example_dags/example_setup_teardown_taskflow.py
[2025-06-20T16:16:38.026+0000] {processor.py:830} INFO - Processing file /home/airflow/.local/lib/python3.12/site-packages/airflow/example_dags/example_setup_teardown_taskflow.py for tasks to queue
[2025-06-20T16:16:38.028+0000] {logging_mixin.py:188} INFO - [2025-06-20T16:16:38.028+0000] {dagbag.py:540} INFO - Filling up the DagBag from /home/airflow/.local/lib/python3.12/site-packages/airflow/example_dags/example_setup_teardown_taskflow.py
[2025-06-20T16:16:38.037+0000] {processor.py:840} INFO - DAG(s) 'example_setup_teardown_taskflow' retrieved from /home/airflow/.local/lib/python3.12/site-packages/airflow/example_dags/example_setup_teardown_taskflow.py
[2025-06-20T16:16:38.057+0000] {logging_mixin.py:188} INFO - [2025-06-20T16:16:38.057+0000] {dag.py:3096} INFO - Sync 1 DAGs
[2025-06-20T16:16:38.077+0000] {logging_mixin.py:188} INFO - [2025-06-20T16:16:38.077+0000] {dag.py:3954} INFO - Setting next_dagrun for example_setup_teardown_taskflow to 2025-06-19 00:00:00+00:00, run_after=2025-06-20 00:00:00+00:00
[2025-06-20T16:16:38.093+0000] {processor.py:183} INFO - Processing /home/airflow/.local/lib/python3.12/site-packages/airflow/example_dags/example_setup_teardown_taskflow.py took 0.074 seconds
[2025-06-20T16:17:08.419+0000] {processor.py:161} INFO - Started process (PID=2053) to work on /home/airflow/.local/lib/python3.12/site-packages/airflow/example_dags/example_setup_teardown_taskflow.py
[2025-06-20T16:17:08.420+0000] {processor.py:830} INFO - Processing file /home/airflow/.local/lib/python3.12/site-packages/airflow/example_dags/example_setup_teardown_taskflow.py for tasks to queue
[2025-06-20T16:17:08.423+0000] {logging_mixin.py:188} INFO - [2025-06-20T16:17:08.422+0000] {dagbag.py:540} INFO - Filling up the DagBag from /home/airflow/.local/lib/python3.12/site-packages/airflow/example_dags/example_setup_teardown_taskflow.py
[2025-06-20T16:17:08.433+0000] {processor.py:840} INFO - DAG(s) 'example_setup_teardown_taskflow' retrieved from /home/airflow/.local/lib/python3.12/site-packages/airflow/example_dags/example_setup_teardown_taskflow.py
[2025-06-20T16:17:08.457+0000] {logging_mixin.py:188} INFO - [2025-06-20T16:17:08.456+0000] {dag.py:3096} INFO - Sync 1 DAGs
[2025-06-20T16:17:08.480+0000] {logging_mixin.py:188} INFO - [2025-06-20T16:17:08.480+0000] {dag.py:3954} INFO - Setting next_dagrun for example_setup_teardown_taskflow to 2025-06-19 00:00:00+00:00, run_after=2025-06-20 00:00:00+00:00
[2025-06-20T16:17:08.497+0000] {processor.py:183} INFO - Processing /home/airflow/.local/lib/python3.12/site-packages/airflow/example_dags/example_setup_teardown_taskflow.py took 0.085 seconds
[2025-06-20T16:17:38.544+0000] {processor.py:161} INFO - Started process (PID=2112) to work on /home/airflow/.local/lib/python3.12/site-packages/airflow/example_dags/example_setup_teardown_taskflow.py
[2025-06-20T16:17:38.546+0000] {processor.py:830} INFO - Processing file /home/airflow/.local/lib/python3.12/site-packages/airflow/example_dags/example_setup_teardown_taskflow.py for tasks to queue
[2025-06-20T16:17:38.548+0000] {logging_mixin.py:188} INFO - [2025-06-20T16:17:38.547+0000] {dagbag.py:540} INFO - Filling up the DagBag from /home/airflow/.local/lib/python3.12/site-packages/airflow/example_dags/example_setup_teardown_taskflow.py
[2025-06-20T16:17:38.557+0000] {processor.py:840} INFO - DAG(s) 'example_setup_teardown_taskflow' retrieved from /home/airflow/.local/lib/python3.12/site-packages/airflow/example_dags/example_setup_teardown_taskflow.py
[2025-06-20T16:17:38.577+0000] {logging_mixin.py:188} INFO - [2025-06-20T16:17:38.577+0000] {dag.py:3096} INFO - Sync 1 DAGs
[2025-06-20T16:17:38.597+0000] {logging_mixin.py:188} INFO - [2025-06-20T16:17:38.597+0000] {dag.py:3954} INFO - Setting next_dagrun for example_setup_teardown_taskflow to 2025-06-19 00:00:00+00:00, run_after=2025-06-20 00:00:00+00:00
[2025-06-20T16:17:38.613+0000] {processor.py:183} INFO - Processing /home/airflow/.local/lib/python3.12/site-packages/airflow/example_dags/example_setup_teardown_taskflow.py took 0.076 seconds
[2025-06-20T16:18:08.757+0000] {processor.py:161} INFO - Started process (PID=2171) to work on /home/airflow/.local/lib/python3.12/site-packages/airflow/example_dags/example_setup_teardown_taskflow.py
[2025-06-20T16:18:08.758+0000] {processor.py:830} INFO - Processing file /home/airflow/.local/lib/python3.12/site-packages/airflow/example_dags/example_setup_teardown_taskflow.py for tasks to queue
[2025-06-20T16:18:08.760+0000] {logging_mixin.py:188} INFO - [2025-06-20T16:18:08.760+0000] {dagbag.py:540} INFO - Filling up the DagBag from /home/airflow/.local/lib/python3.12/site-packages/airflow/example_dags/example_setup_teardown_taskflow.py
[2025-06-20T16:18:08.770+0000] {processor.py:840} INFO - DAG(s) 'example_setup_teardown_taskflow' retrieved from /home/airflow/.local/lib/python3.12/site-packages/airflow/example_dags/example_setup_teardown_taskflow.py
[2025-06-20T16:18:08.793+0000] {logging_mixin.py:188} INFO - [2025-06-20T16:18:08.793+0000] {dag.py:3096} INFO - Sync 1 DAGs
[2025-06-20T16:18:08.814+0000] {logging_mixin.py:188} INFO - [2025-06-20T16:18:08.814+0000] {dag.py:3954} INFO - Setting next_dagrun for example_setup_teardown_taskflow to 2025-06-19 00:00:00+00:00, run_after=2025-06-20 00:00:00+00:00
[2025-06-20T16:18:08.832+0000] {processor.py:183} INFO - Processing /home/airflow/.local/lib/python3.12/site-packages/airflow/example_dags/example_setup_teardown_taskflow.py took 0.083 seconds
[2025-06-20T16:18:39.350+0000] {processor.py:161} INFO - Started process (PID=2230) to work on /home/airflow/.local/lib/python3.12/site-packages/airflow/example_dags/example_setup_teardown_taskflow.py
[2025-06-20T16:18:39.351+0000] {processor.py:830} INFO - Processing file /home/airflow/.local/lib/python3.12/site-packages/airflow/example_dags/example_setup_teardown_taskflow.py for tasks to queue
[2025-06-20T16:18:39.352+0000] {logging_mixin.py:188} INFO - [2025-06-20T16:18:39.352+0000] {dagbag.py:540} INFO - Filling up the DagBag from /home/airflow/.local/lib/python3.12/site-packages/airflow/example_dags/example_setup_teardown_taskflow.py
[2025-06-20T16:18:39.362+0000] {processor.py:840} INFO - DAG(s) 'example_setup_teardown_taskflow' retrieved from /home/airflow/.local/lib/python3.12/site-packages/airflow/example_dags/example_setup_teardown_taskflow.py
[2025-06-20T16:18:39.383+0000] {logging_mixin.py:188} INFO - [2025-06-20T16:18:39.382+0000] {dag.py:3096} INFO - Sync 1 DAGs
[2025-06-20T16:18:39.403+0000] {logging_mixin.py:188} INFO - [2025-06-20T16:18:39.403+0000] {dag.py:3954} INFO - Setting next_dagrun for example_setup_teardown_taskflow to 2025-06-19 00:00:00+00:00, run_after=2025-06-20 00:00:00+00:00
[2025-06-20T16:18:39.528+0000] {processor.py:183} INFO - Processing /home/airflow/.local/lib/python3.12/site-packages/airflow/example_dags/example_setup_teardown_taskflow.py took 0.185 seconds
[2025-06-20T16:19:09.740+0000] {processor.py:161} INFO - Started process (PID=2289) to work on /home/airflow/.local/lib/python3.12/site-packages/airflow/example_dags/example_setup_teardown_taskflow.py
[2025-06-20T16:19:09.741+0000] {processor.py:830} INFO - Processing file /home/airflow/.local/lib/python3.12/site-packages/airflow/example_dags/example_setup_teardown_taskflow.py for tasks to queue
[2025-06-20T16:19:09.743+0000] {logging_mixin.py:188} INFO - [2025-06-20T16:19:09.742+0000] {dagbag.py:540} INFO - Filling up the DagBag from /home/airflow/.local/lib/python3.12/site-packages/airflow/example_dags/example_setup_teardown_taskflow.py
[2025-06-20T16:19:09.752+0000] {processor.py:840} INFO - DAG(s) 'example_setup_teardown_taskflow' retrieved from /home/airflow/.local/lib/python3.12/site-packages/airflow/example_dags/example_setup_teardown_taskflow.py
[2025-06-20T16:19:09.773+0000] {logging_mixin.py:188} INFO - [2025-06-20T16:19:09.773+0000] {dag.py:3096} INFO - Sync 1 DAGs
[2025-06-20T16:19:09.792+0000] {logging_mixin.py:188} INFO - [2025-06-20T16:19:09.792+0000] {dag.py:3954} INFO - Setting next_dagrun for example_setup_teardown_taskflow to 2025-06-19 00:00:00+00:00, run_after=2025-06-20 00:00:00+00:00
[2025-06-20T16:19:09.808+0000] {processor.py:183} INFO - Processing /home/airflow/.local/lib/python3.12/site-packages/airflow/example_dags/example_setup_teardown_taskflow.py took 0.074 seconds
[2025-06-20T16:19:40.536+0000] {processor.py:161} INFO - Started process (PID=2346) to work on /home/airflow/.local/lib/python3.12/site-packages/airflow/example_dags/example_setup_teardown_taskflow.py
[2025-06-20T16:19:40.537+0000] {processor.py:830} INFO - Processing file /home/airflow/.local/lib/python3.12/site-packages/airflow/example_dags/example_setup_teardown_taskflow.py for tasks to queue
[2025-06-20T16:19:40.539+0000] {logging_mixin.py:188} INFO - [2025-06-20T16:19:40.539+0000] {dagbag.py:540} INFO - Filling up the DagBag from /home/airflow/.local/lib/python3.12/site-packages/airflow/example_dags/example_setup_teardown_taskflow.py
[2025-06-20T16:19:40.548+0000] {processor.py:840} INFO - DAG(s) 'example_setup_teardown_taskflow' retrieved from /home/airflow/.local/lib/python3.12/site-packages/airflow/example_dags/example_setup_teardown_taskflow.py
[2025-06-20T16:19:40.570+0000] {logging_mixin.py:188} INFO - [2025-06-20T16:19:40.569+0000] {dag.py:3096} INFO - Sync 1 DAGs
[2025-06-20T16:19:40.589+0000] {logging_mixin.py:188} INFO - [2025-06-20T16:19:40.589+0000] {dag.py:3954} INFO - Setting next_dagrun for example_setup_teardown_taskflow to 2025-06-19 00:00:00+00:00, run_after=2025-06-20 00:00:00+00:00
[2025-06-20T16:19:40.605+0000] {processor.py:183} INFO - Processing /home/airflow/.local/lib/python3.12/site-packages/airflow/example_dags/example_setup_teardown_taskflow.py took 0.075 seconds
[2025-06-20T16:20:12.141+0000] {processor.py:161} INFO - Started process (PID=2405) to work on /home/airflow/.local/lib/python3.12/site-packages/airflow/example_dags/example_setup_teardown_taskflow.py
[2025-06-20T16:20:12.142+0000] {processor.py:830} INFO - Processing file /home/airflow/.local/lib/python3.12/site-packages/airflow/example_dags/example_setup_teardown_taskflow.py for tasks to queue
[2025-06-20T16:20:12.144+0000] {logging_mixin.py:188} INFO - [2025-06-20T16:20:12.144+0000] {dagbag.py:540} INFO - Filling up the DagBag from /home/airflow/.local/lib/python3.12/site-packages/airflow/example_dags/example_setup_teardown_taskflow.py
[2025-06-20T16:20:12.155+0000] {processor.py:840} INFO - DAG(s) 'example_setup_teardown_taskflow' retrieved from /home/airflow/.local/lib/python3.12/site-packages/airflow/example_dags/example_setup_teardown_taskflow.py
[2025-06-20T16:20:12.341+0000] {logging_mixin.py:188} INFO - [2025-06-20T16:20:12.341+0000] {dag.py:3096} INFO - Sync 1 DAGs
[2025-06-20T16:20:12.360+0000] {logging_mixin.py:188} INFO - [2025-06-20T16:20:12.359+0000] {dag.py:3954} INFO - Setting next_dagrun for example_setup_teardown_taskflow to 2025-06-19 00:00:00+00:00, run_after=2025-06-20 00:00:00+00:00
[2025-06-20T16:20:12.375+0000] {processor.py:183} INFO - Processing /home/airflow/.local/lib/python3.12/site-packages/airflow/example_dags/example_setup_teardown_taskflow.py took 0.240 seconds
[2025-06-20T16:20:43.005+0000] {processor.py:161} INFO - Started process (PID=2464) to work on /home/airflow/.local/lib/python3.12/site-packages/airflow/example_dags/example_setup_teardown_taskflow.py
[2025-06-20T16:20:43.006+0000] {processor.py:830} INFO - Processing file /home/airflow/.local/lib/python3.12/site-packages/airflow/example_dags/example_setup_teardown_taskflow.py for tasks to queue
[2025-06-20T16:20:43.008+0000] {logging_mixin.py:188} INFO - [2025-06-20T16:20:43.008+0000] {dagbag.py:540} INFO - Filling up the DagBag from /home/airflow/.local/lib/python3.12/site-packages/airflow/example_dags/example_setup_teardown_taskflow.py
[2025-06-20T16:20:43.018+0000] {processor.py:840} INFO - DAG(s) 'example_setup_teardown_taskflow' retrieved from /home/airflow/.local/lib/python3.12/site-packages/airflow/example_dags/example_setup_teardown_taskflow.py
[2025-06-20T16:20:43.039+0000] {logging_mixin.py:188} INFO - [2025-06-20T16:20:43.039+0000] {dag.py:3096} INFO - Sync 1 DAGs
[2025-06-20T16:20:43.059+0000] {logging_mixin.py:188} INFO - [2025-06-20T16:20:43.059+0000] {dag.py:3954} INFO - Setting next_dagrun for example_setup_teardown_taskflow to 2025-06-19 00:00:00+00:00, run_after=2025-06-20 00:00:00+00:00
[2025-06-20T16:20:43.075+0000] {processor.py:183} INFO - Processing /home/airflow/.local/lib/python3.12/site-packages/airflow/example_dags/example_setup_teardown_taskflow.py took 0.076 seconds
[2025-06-20T16:21:13.244+0000] {processor.py:161} INFO - Started process (PID=2523) to work on /home/airflow/.local/lib/python3.12/site-packages/airflow/example_dags/example_setup_teardown_taskflow.py
[2025-06-20T16:21:13.244+0000] {processor.py:830} INFO - Processing file /home/airflow/.local/lib/python3.12/site-packages/airflow/example_dags/example_setup_teardown_taskflow.py for tasks to queue
[2025-06-20T16:21:13.247+0000] {logging_mixin.py:188} INFO - [2025-06-20T16:21:13.246+0000] {dagbag.py:540} INFO - Filling up the DagBag from /home/airflow/.local/lib/python3.12/site-packages/airflow/example_dags/example_setup_teardown_taskflow.py
[2025-06-20T16:21:13.257+0000] {processor.py:840} INFO - DAG(s) 'example_setup_teardown_taskflow' retrieved from /home/airflow/.local/lib/python3.12/site-packages/airflow/example_dags/example_setup_teardown_taskflow.py
[2025-06-20T16:21:13.280+0000] {logging_mixin.py:188} INFO - [2025-06-20T16:21:13.280+0000] {dag.py:3096} INFO - Sync 1 DAGs
[2025-06-20T16:21:13.302+0000] {logging_mixin.py:188} INFO - [2025-06-20T16:21:13.302+0000] {dag.py:3954} INFO - Setting next_dagrun for example_setup_teardown_taskflow to 2025-06-19 00:00:00+00:00, run_after=2025-06-20 00:00:00+00:00
[2025-06-20T16:21:13.320+0000] {processor.py:183} INFO - Processing /home/airflow/.local/lib/python3.12/site-packages/airflow/example_dags/example_setup_teardown_taskflow.py took 0.082 seconds
[2025-06-20T16:21:43.504+0000] {processor.py:161} INFO - Started process (PID=2583) to work on /home/airflow/.local/lib/python3.12/site-packages/airflow/example_dags/example_setup_teardown_taskflow.py
[2025-06-20T16:21:43.505+0000] {processor.py:830} INFO - Processing file /home/airflow/.local/lib/python3.12/site-packages/airflow/example_dags/example_setup_teardown_taskflow.py for tasks to queue
[2025-06-20T16:21:43.507+0000] {logging_mixin.py:188} INFO - [2025-06-20T16:21:43.506+0000] {dagbag.py:540} INFO - Filling up the DagBag from /home/airflow/.local/lib/python3.12/site-packages/airflow/example_dags/example_setup_teardown_taskflow.py
[2025-06-20T16:21:43.516+0000] {processor.py:840} INFO - DAG(s) 'example_setup_teardown_taskflow' retrieved from /home/airflow/.local/lib/python3.12/site-packages/airflow/example_dags/example_setup_teardown_taskflow.py
[2025-06-20T16:21:43.539+0000] {logging_mixin.py:188} INFO - [2025-06-20T16:21:43.539+0000] {dag.py:3096} INFO - Sync 1 DAGs
[2025-06-20T16:21:43.561+0000] {logging_mixin.py:188} INFO - [2025-06-20T16:21:43.561+0000] {dag.py:3954} INFO - Setting next_dagrun for example_setup_teardown_taskflow to 2025-06-19 00:00:00+00:00, run_after=2025-06-20 00:00:00+00:00
[2025-06-20T16:21:43.578+0000] {processor.py:183} INFO - Processing /home/airflow/.local/lib/python3.12/site-packages/airflow/example_dags/example_setup_teardown_taskflow.py took 0.080 seconds
[2025-06-20T16:22:13.816+0000] {processor.py:161} INFO - Started process (PID=2642) to work on /home/airflow/.local/lib/python3.12/site-packages/airflow/example_dags/example_setup_teardown_taskflow.py
[2025-06-20T16:22:13.817+0000] {processor.py:830} INFO - Processing file /home/airflow/.local/lib/python3.12/site-packages/airflow/example_dags/example_setup_teardown_taskflow.py for tasks to queue
[2025-06-20T16:22:13.820+0000] {logging_mixin.py:188} INFO - [2025-06-20T16:22:13.819+0000] {dagbag.py:540} INFO - Filling up the DagBag from /home/airflow/.local/lib/python3.12/site-packages/airflow/example_dags/example_setup_teardown_taskflow.py
[2025-06-20T16:22:13.831+0000] {processor.py:840} INFO - DAG(s) 'example_setup_teardown_taskflow' retrieved from /home/airflow/.local/lib/python3.12/site-packages/airflow/example_dags/example_setup_teardown_taskflow.py
[2025-06-20T16:22:13.851+0000] {logging_mixin.py:188} INFO - [2025-06-20T16:22:13.851+0000] {dag.py:3096} INFO - Sync 1 DAGs
[2025-06-20T16:22:13.871+0000] {logging_mixin.py:188} INFO - [2025-06-20T16:22:13.871+0000] {dag.py:3954} INFO - Setting next_dagrun for example_setup_teardown_taskflow to 2025-06-19 00:00:00+00:00, run_after=2025-06-20 00:00:00+00:00
[2025-06-20T16:22:13.886+0000] {processor.py:183} INFO - Processing /home/airflow/.local/lib/python3.12/site-packages/airflow/example_dags/example_setup_teardown_taskflow.py took 0.076 seconds
[2025-06-20T16:22:44.056+0000] {processor.py:161} INFO - Started process (PID=2701) to work on /home/airflow/.local/lib/python3.12/site-packages/airflow/example_dags/example_setup_teardown_taskflow.py
[2025-06-20T16:22:44.057+0000] {processor.py:830} INFO - Processing file /home/airflow/.local/lib/python3.12/site-packages/airflow/example_dags/example_setup_teardown_taskflow.py for tasks to queue
[2025-06-20T16:22:44.059+0000] {logging_mixin.py:188} INFO - [2025-06-20T16:22:44.059+0000] {dagbag.py:540} INFO - Filling up the DagBag from /home/airflow/.local/lib/python3.12/site-packages/airflow/example_dags/example_setup_teardown_taskflow.py
[2025-06-20T16:22:44.069+0000] {processor.py:840} INFO - DAG(s) 'example_setup_teardown_taskflow' retrieved from /home/airflow/.local/lib/python3.12/site-packages/airflow/example_dags/example_setup_teardown_taskflow.py
[2025-06-20T16:22:44.090+0000] {logging_mixin.py:188} INFO - [2025-06-20T16:22:44.090+0000] {dag.py:3096} INFO - Sync 1 DAGs
[2025-06-20T16:22:44.110+0000] {logging_mixin.py:188} INFO - [2025-06-20T16:22:44.110+0000] {dag.py:3954} INFO - Setting next_dagrun for example_setup_teardown_taskflow to 2025-06-19 00:00:00+00:00, run_after=2025-06-20 00:00:00+00:00
[2025-06-20T16:22:44.126+0000] {processor.py:183} INFO - Processing /home/airflow/.local/lib/python3.12/site-packages/airflow/example_dags/example_setup_teardown_taskflow.py took 0.076 seconds
[2025-06-20T16:23:14.168+0000] {processor.py:161} INFO - Started process (PID=2760) to work on /home/airflow/.local/lib/python3.12/site-packages/airflow/example_dags/example_setup_teardown_taskflow.py
[2025-06-20T16:23:14.169+0000] {processor.py:830} INFO - Processing file /home/airflow/.local/lib/python3.12/site-packages/airflow/example_dags/example_setup_teardown_taskflow.py for tasks to queue
[2025-06-20T16:23:14.170+0000] {logging_mixin.py:188} INFO - [2025-06-20T16:23:14.170+0000] {dagbag.py:540} INFO - Filling up the DagBag from /home/airflow/.local/lib/python3.12/site-packages/airflow/example_dags/example_setup_teardown_taskflow.py
[2025-06-20T16:23:14.180+0000] {processor.py:840} INFO - DAG(s) 'example_setup_teardown_taskflow' retrieved from /home/airflow/.local/lib/python3.12/site-packages/airflow/example_dags/example_setup_teardown_taskflow.py
[2025-06-20T16:23:14.201+0000] {logging_mixin.py:188} INFO - [2025-06-20T16:23:14.201+0000] {dag.py:3096} INFO - Sync 1 DAGs
[2025-06-20T16:23:14.220+0000] {logging_mixin.py:188} INFO - [2025-06-20T16:23:14.220+0000] {dag.py:3954} INFO - Setting next_dagrun for example_setup_teardown_taskflow to 2025-06-19 00:00:00+00:00, run_after=2025-06-20 00:00:00+00:00
[2025-06-20T16:23:14.236+0000] {processor.py:183} INFO - Processing /home/airflow/.local/lib/python3.12/site-packages/airflow/example_dags/example_setup_teardown_taskflow.py took 0.074 seconds
[2025-06-20T16:24:26.313+0000] {processor.py:161} INFO - Started process (PID=99) to work on /home/airflow/.local/lib/python3.12/site-packages/airflow/example_dags/example_setup_teardown_taskflow.py
[2025-06-20T16:24:26.314+0000] {processor.py:830} INFO - Processing file /home/airflow/.local/lib/python3.12/site-packages/airflow/example_dags/example_setup_teardown_taskflow.py for tasks to queue
[2025-06-20T16:24:26.316+0000] {logging_mixin.py:188} INFO - [2025-06-20T16:24:26.316+0000] {dagbag.py:540} INFO - Filling up the DagBag from /home/airflow/.local/lib/python3.12/site-packages/airflow/example_dags/example_setup_teardown_taskflow.py
[2025-06-20T16:24:26.326+0000] {processor.py:840} INFO - DAG(s) 'example_setup_teardown_taskflow' retrieved from /home/airflow/.local/lib/python3.12/site-packages/airflow/example_dags/example_setup_teardown_taskflow.py
[2025-06-20T16:24:26.338+0000] {logging_mixin.py:188} INFO - [2025-06-20T16:24:26.338+0000] {dag.py:3096} INFO - Sync 1 DAGs
[2025-06-20T16:24:26.361+0000] {logging_mixin.py:188} INFO - [2025-06-20T16:24:26.360+0000] {dag.py:3954} INFO - Setting next_dagrun for example_setup_teardown_taskflow to 2025-06-19 00:00:00+00:00, run_after=2025-06-20 00:00:00+00:00
[2025-06-20T16:24:26.376+0000] {processor.py:183} INFO - Processing /home/airflow/.local/lib/python3.12/site-packages/airflow/example_dags/example_setup_teardown_taskflow.py took 0.069 seconds
[2025-06-20T16:24:58.371+0000] {processor.py:161} INFO - Started process (PID=164) to work on /home/airflow/.local/lib/python3.12/site-packages/airflow/example_dags/example_setup_teardown_taskflow.py
[2025-06-20T16:24:58.372+0000] {processor.py:830} INFO - Processing file /home/airflow/.local/lib/python3.12/site-packages/airflow/example_dags/example_setup_teardown_taskflow.py for tasks to queue
[2025-06-20T16:24:58.374+0000] {logging_mixin.py:188} INFO - [2025-06-20T16:24:58.373+0000] {dagbag.py:540} INFO - Filling up the DagBag from /home/airflow/.local/lib/python3.12/site-packages/airflow/example_dags/example_setup_teardown_taskflow.py
[2025-06-20T16:24:58.383+0000] {processor.py:840} INFO - DAG(s) 'example_setup_teardown_taskflow' retrieved from /home/airflow/.local/lib/python3.12/site-packages/airflow/example_dags/example_setup_teardown_taskflow.py
[2025-06-20T16:24:58.487+0000] {logging_mixin.py:188} INFO - [2025-06-20T16:24:58.486+0000] {dag.py:3096} INFO - Sync 1 DAGs
[2025-06-20T16:24:58.505+0000] {logging_mixin.py:188} INFO - [2025-06-20T16:24:58.505+0000] {dag.py:3954} INFO - Setting next_dagrun for example_setup_teardown_taskflow to 2025-06-19 00:00:00+00:00, run_after=2025-06-20 00:00:00+00:00
[2025-06-20T16:24:58.521+0000] {processor.py:183} INFO - Processing /home/airflow/.local/lib/python3.12/site-packages/airflow/example_dags/example_setup_teardown_taskflow.py took 0.157 seconds
[2025-06-20T16:25:28.572+0000] {processor.py:161} INFO - Started process (PID=223) to work on /home/airflow/.local/lib/python3.12/site-packages/airflow/example_dags/example_setup_teardown_taskflow.py
[2025-06-20T16:25:28.573+0000] {processor.py:830} INFO - Processing file /home/airflow/.local/lib/python3.12/site-packages/airflow/example_dags/example_setup_teardown_taskflow.py for tasks to queue
[2025-06-20T16:25:28.574+0000] {logging_mixin.py:188} INFO - [2025-06-20T16:25:28.574+0000] {dagbag.py:540} INFO - Filling up the DagBag from /home/airflow/.local/lib/python3.12/site-packages/airflow/example_dags/example_setup_teardown_taskflow.py
[2025-06-20T16:25:28.583+0000] {processor.py:840} INFO - DAG(s) 'example_setup_teardown_taskflow' retrieved from /home/airflow/.local/lib/python3.12/site-packages/airflow/example_dags/example_setup_teardown_taskflow.py
[2025-06-20T16:25:28.604+0000] {logging_mixin.py:188} INFO - [2025-06-20T16:25:28.604+0000] {dag.py:3096} INFO - Sync 1 DAGs
[2025-06-20T16:25:28.624+0000] {logging_mixin.py:188} INFO - [2025-06-20T16:25:28.624+0000] {dag.py:3954} INFO - Setting next_dagrun for example_setup_teardown_taskflow to 2025-06-19 00:00:00+00:00, run_after=2025-06-20 00:00:00+00:00
[2025-06-20T16:25:28.640+0000] {processor.py:183} INFO - Processing /home/airflow/.local/lib/python3.12/site-packages/airflow/example_dags/example_setup_teardown_taskflow.py took 0.075 seconds
[2025-06-20T16:25:58.684+0000] {processor.py:161} INFO - Started process (PID=282) to work on /home/airflow/.local/lib/python3.12/site-packages/airflow/example_dags/example_setup_teardown_taskflow.py
[2025-06-20T16:25:58.685+0000] {processor.py:830} INFO - Processing file /home/airflow/.local/lib/python3.12/site-packages/airflow/example_dags/example_setup_teardown_taskflow.py for tasks to queue
[2025-06-20T16:25:58.687+0000] {logging_mixin.py:188} INFO - [2025-06-20T16:25:58.687+0000] {dagbag.py:540} INFO - Filling up the DagBag from /home/airflow/.local/lib/python3.12/site-packages/airflow/example_dags/example_setup_teardown_taskflow.py
[2025-06-20T16:25:58.698+0000] {processor.py:840} INFO - DAG(s) 'example_setup_teardown_taskflow' retrieved from /home/airflow/.local/lib/python3.12/site-packages/airflow/example_dags/example_setup_teardown_taskflow.py
[2025-06-20T16:25:58.719+0000] {logging_mixin.py:188} INFO - [2025-06-20T16:25:58.719+0000] {dag.py:3096} INFO - Sync 1 DAGs
[2025-06-20T16:25:58.738+0000] {logging_mixin.py:188} INFO - [2025-06-20T16:25:58.738+0000] {dag.py:3954} INFO - Setting next_dagrun for example_setup_teardown_taskflow to 2025-06-19 00:00:00+00:00, run_after=2025-06-20 00:00:00+00:00
[2025-06-20T16:25:58.754+0000] {processor.py:183} INFO - Processing /home/airflow/.local/lib/python3.12/site-packages/airflow/example_dags/example_setup_teardown_taskflow.py took 0.076 seconds
[2025-06-20T16:26:28.839+0000] {processor.py:161} INFO - Started process (PID=341) to work on /home/airflow/.local/lib/python3.12/site-packages/airflow/example_dags/example_setup_teardown_taskflow.py
[2025-06-20T16:26:28.840+0000] {processor.py:830} INFO - Processing file /home/airflow/.local/lib/python3.12/site-packages/airflow/example_dags/example_setup_teardown_taskflow.py for tasks to queue
[2025-06-20T16:26:28.842+0000] {logging_mixin.py:188} INFO - [2025-06-20T16:26:28.842+0000] {dagbag.py:540} INFO - Filling up the DagBag from /home/airflow/.local/lib/python3.12/site-packages/airflow/example_dags/example_setup_teardown_taskflow.py
[2025-06-20T16:26:28.851+0000] {processor.py:840} INFO - DAG(s) 'example_setup_teardown_taskflow' retrieved from /home/airflow/.local/lib/python3.12/site-packages/airflow/example_dags/example_setup_teardown_taskflow.py
[2025-06-20T16:26:28.872+0000] {logging_mixin.py:188} INFO - [2025-06-20T16:26:28.872+0000] {dag.py:3096} INFO - Sync 1 DAGs
[2025-06-20T16:26:28.892+0000] {logging_mixin.py:188} INFO - [2025-06-20T16:26:28.892+0000] {dag.py:3954} INFO - Setting next_dagrun for example_setup_teardown_taskflow to 2025-06-19 00:00:00+00:00, run_after=2025-06-20 00:00:00+00:00
[2025-06-20T16:26:28.908+0000] {processor.py:183} INFO - Processing /home/airflow/.local/lib/python3.12/site-packages/airflow/example_dags/example_setup_teardown_taskflow.py took 0.075 seconds
[2025-06-20T16:26:58.941+0000] {processor.py:161} INFO - Started process (PID=400) to work on /home/airflow/.local/lib/python3.12/site-packages/airflow/example_dags/example_setup_teardown_taskflow.py
[2025-06-20T16:26:58.942+0000] {processor.py:830} INFO - Processing file /home/airflow/.local/lib/python3.12/site-packages/airflow/example_dags/example_setup_teardown_taskflow.py for tasks to queue
[2025-06-20T16:26:58.944+0000] {logging_mixin.py:188} INFO - [2025-06-20T16:26:58.944+0000] {dagbag.py:540} INFO - Filling up the DagBag from /home/airflow/.local/lib/python3.12/site-packages/airflow/example_dags/example_setup_teardown_taskflow.py
[2025-06-20T16:26:58.954+0000] {processor.py:840} INFO - DAG(s) 'example_setup_teardown_taskflow' retrieved from /home/airflow/.local/lib/python3.12/site-packages/airflow/example_dags/example_setup_teardown_taskflow.py
[2025-06-20T16:26:58.974+0000] {logging_mixin.py:188} INFO - [2025-06-20T16:26:58.974+0000] {dag.py:3096} INFO - Sync 1 DAGs
[2025-06-20T16:26:58.993+0000] {logging_mixin.py:188} INFO - [2025-06-20T16:26:58.993+0000] {dag.py:3954} INFO - Setting next_dagrun for example_setup_teardown_taskflow to 2025-06-19 00:00:00+00:00, run_after=2025-06-20 00:00:00+00:00
[2025-06-20T16:26:59.008+0000] {processor.py:183} INFO - Processing /home/airflow/.local/lib/python3.12/site-packages/airflow/example_dags/example_setup_teardown_taskflow.py took 0.072 seconds
[2025-06-20T16:27:29.266+0000] {processor.py:161} INFO - Started process (PID=459) to work on /home/airflow/.local/lib/python3.12/site-packages/airflow/example_dags/example_setup_teardown_taskflow.py
[2025-06-20T16:27:29.267+0000] {processor.py:830} INFO - Processing file /home/airflow/.local/lib/python3.12/site-packages/airflow/example_dags/example_setup_teardown_taskflow.py for tasks to queue
[2025-06-20T16:27:29.269+0000] {logging_mixin.py:188} INFO - [2025-06-20T16:27:29.269+0000] {dagbag.py:540} INFO - Filling up the DagBag from /home/airflow/.local/lib/python3.12/site-packages/airflow/example_dags/example_setup_teardown_taskflow.py
[2025-06-20T16:27:29.280+0000] {processor.py:840} INFO - DAG(s) 'example_setup_teardown_taskflow' retrieved from /home/airflow/.local/lib/python3.12/site-packages/airflow/example_dags/example_setup_teardown_taskflow.py
[2025-06-20T16:27:29.304+0000] {logging_mixin.py:188} INFO - [2025-06-20T16:27:29.304+0000] {dag.py:3096} INFO - Sync 1 DAGs
[2025-06-20T16:27:29.326+0000] {logging_mixin.py:188} INFO - [2025-06-20T16:27:29.326+0000] {dag.py:3954} INFO - Setting next_dagrun for example_setup_teardown_taskflow to 2025-06-19 00:00:00+00:00, run_after=2025-06-20 00:00:00+00:00
[2025-06-20T16:27:29.343+0000] {processor.py:183} INFO - Processing /home/airflow/.local/lib/python3.12/site-packages/airflow/example_dags/example_setup_teardown_taskflow.py took 0.084 seconds
[2025-06-20T16:27:59.477+0000] {processor.py:161} INFO - Started process (PID=518) to work on /home/airflow/.local/lib/python3.12/site-packages/airflow/example_dags/example_setup_teardown_taskflow.py
[2025-06-20T16:27:59.478+0000] {processor.py:830} INFO - Processing file /home/airflow/.local/lib/python3.12/site-packages/airflow/example_dags/example_setup_teardown_taskflow.py for tasks to queue
[2025-06-20T16:27:59.479+0000] {logging_mixin.py:188} INFO - [2025-06-20T16:27:59.479+0000] {dagbag.py:540} INFO - Filling up the DagBag from /home/airflow/.local/lib/python3.12/site-packages/airflow/example_dags/example_setup_teardown_taskflow.py
[2025-06-20T16:27:59.489+0000] {processor.py:840} INFO - DAG(s) 'example_setup_teardown_taskflow' retrieved from /home/airflow/.local/lib/python3.12/site-packages/airflow/example_dags/example_setup_teardown_taskflow.py
[2025-06-20T16:27:59.511+0000] {logging_mixin.py:188} INFO - [2025-06-20T16:27:59.510+0000] {dag.py:3096} INFO - Sync 1 DAGs
[2025-06-20T16:27:59.531+0000] {logging_mixin.py:188} INFO - [2025-06-20T16:27:59.530+0000] {dag.py:3954} INFO - Setting next_dagrun for example_setup_teardown_taskflow to 2025-06-19 00:00:00+00:00, run_after=2025-06-20 00:00:00+00:00
[2025-06-20T16:27:59.546+0000] {processor.py:183} INFO - Processing /home/airflow/.local/lib/python3.12/site-packages/airflow/example_dags/example_setup_teardown_taskflow.py took 0.076 seconds
[2025-06-20T16:28:29.707+0000] {processor.py:161} INFO - Started process (PID=577) to work on /home/airflow/.local/lib/python3.12/site-packages/airflow/example_dags/example_setup_teardown_taskflow.py
[2025-06-20T16:28:29.707+0000] {processor.py:830} INFO - Processing file /home/airflow/.local/lib/python3.12/site-packages/airflow/example_dags/example_setup_teardown_taskflow.py for tasks to queue
[2025-06-20T16:28:29.709+0000] {logging_mixin.py:188} INFO - [2025-06-20T16:28:29.709+0000] {dagbag.py:540} INFO - Filling up the DagBag from /home/airflow/.local/lib/python3.12/site-packages/airflow/example_dags/example_setup_teardown_taskflow.py
[2025-06-20T16:28:29.718+0000] {processor.py:840} INFO - DAG(s) 'example_setup_teardown_taskflow' retrieved from /home/airflow/.local/lib/python3.12/site-packages/airflow/example_dags/example_setup_teardown_taskflow.py
[2025-06-20T16:28:29.739+0000] {logging_mixin.py:188} INFO - [2025-06-20T16:28:29.739+0000] {dag.py:3096} INFO - Sync 1 DAGs
[2025-06-20T16:28:29.760+0000] {logging_mixin.py:188} INFO - [2025-06-20T16:28:29.760+0000] {dag.py:3954} INFO - Setting next_dagrun for example_setup_teardown_taskflow to 2025-06-19 00:00:00+00:00, run_after=2025-06-20 00:00:00+00:00
[2025-06-20T16:28:29.775+0000] {processor.py:183} INFO - Processing /home/airflow/.local/lib/python3.12/site-packages/airflow/example_dags/example_setup_teardown_taskflow.py took 0.075 seconds
[2025-06-20T16:29:00.532+0000] {processor.py:161} INFO - Started process (PID=636) to work on /home/airflow/.local/lib/python3.12/site-packages/airflow/example_dags/example_setup_teardown_taskflow.py
[2025-06-20T16:29:00.533+0000] {processor.py:830} INFO - Processing file /home/airflow/.local/lib/python3.12/site-packages/airflow/example_dags/example_setup_teardown_taskflow.py for tasks to queue
[2025-06-20T16:29:00.535+0000] {logging_mixin.py:188} INFO - [2025-06-20T16:29:00.534+0000] {dagbag.py:540} INFO - Filling up the DagBag from /home/airflow/.local/lib/python3.12/site-packages/airflow/example_dags/example_setup_teardown_taskflow.py
[2025-06-20T16:29:00.548+0000] {processor.py:840} INFO - DAG(s) 'example_setup_teardown_taskflow' retrieved from /home/airflow/.local/lib/python3.12/site-packages/airflow/example_dags/example_setup_teardown_taskflow.py
[2025-06-20T16:29:00.571+0000] {logging_mixin.py:188} INFO - [2025-06-20T16:29:00.570+0000] {dag.py:3096} INFO - Sync 1 DAGs
[2025-06-20T16:29:00.592+0000] {logging_mixin.py:188} INFO - [2025-06-20T16:29:00.592+0000] {dag.py:3954} INFO - Setting next_dagrun for example_setup_teardown_taskflow to 2025-06-19 00:00:00+00:00, run_after=2025-06-20 00:00:00+00:00
[2025-06-20T16:29:00.608+0000] {processor.py:183} INFO - Processing /home/airflow/.local/lib/python3.12/site-packages/airflow/example_dags/example_setup_teardown_taskflow.py took 0.082 seconds
[2025-06-20T16:29:30.750+0000] {processor.py:161} INFO - Started process (PID=695) to work on /home/airflow/.local/lib/python3.12/site-packages/airflow/example_dags/example_setup_teardown_taskflow.py
[2025-06-20T16:29:30.752+0000] {processor.py:830} INFO - Processing file /home/airflow/.local/lib/python3.12/site-packages/airflow/example_dags/example_setup_teardown_taskflow.py for tasks to queue
[2025-06-20T16:29:30.754+0000] {logging_mixin.py:188} INFO - [2025-06-20T16:29:30.753+0000] {dagbag.py:540} INFO - Filling up the DagBag from /home/airflow/.local/lib/python3.12/site-packages/airflow/example_dags/example_setup_teardown_taskflow.py
[2025-06-20T16:29:30.764+0000] {processor.py:840} INFO - DAG(s) 'example_setup_teardown_taskflow' retrieved from /home/airflow/.local/lib/python3.12/site-packages/airflow/example_dags/example_setup_teardown_taskflow.py
[2025-06-20T16:29:30.785+0000] {logging_mixin.py:188} INFO - [2025-06-20T16:29:30.784+0000] {dag.py:3096} INFO - Sync 1 DAGs
[2025-06-20T16:29:30.804+0000] {logging_mixin.py:188} INFO - [2025-06-20T16:29:30.804+0000] {dag.py:3954} INFO - Setting next_dagrun for example_setup_teardown_taskflow to 2025-06-19 00:00:00+00:00, run_after=2025-06-20 00:00:00+00:00
[2025-06-20T16:29:30.820+0000] {processor.py:183} INFO - Processing /home/airflow/.local/lib/python3.12/site-packages/airflow/example_dags/example_setup_teardown_taskflow.py took 0.076 seconds
[2025-06-20T16:30:01.040+0000] {processor.py:161} INFO - Started process (PID=754) to work on /home/airflow/.local/lib/python3.12/site-packages/airflow/example_dags/example_setup_teardown_taskflow.py
[2025-06-20T16:30:01.041+0000] {processor.py:830} INFO - Processing file /home/airflow/.local/lib/python3.12/site-packages/airflow/example_dags/example_setup_teardown_taskflow.py for tasks to queue
[2025-06-20T16:30:01.043+0000] {logging_mixin.py:188} INFO - [2025-06-20T16:30:01.043+0000] {dagbag.py:540} INFO - Filling up the DagBag from /home/airflow/.local/lib/python3.12/site-packages/airflow/example_dags/example_setup_teardown_taskflow.py
[2025-06-20T16:30:01.053+0000] {processor.py:840} INFO - DAG(s) 'example_setup_teardown_taskflow' retrieved from /home/airflow/.local/lib/python3.12/site-packages/airflow/example_dags/example_setup_teardown_taskflow.py
[2025-06-20T16:30:01.075+0000] {logging_mixin.py:188} INFO - [2025-06-20T16:30:01.075+0000] {dag.py:3096} INFO - Sync 1 DAGs
[2025-06-20T16:30:01.094+0000] {logging_mixin.py:188} INFO - [2025-06-20T16:30:01.094+0000] {dag.py:3954} INFO - Setting next_dagrun for example_setup_teardown_taskflow to 2025-06-19 00:00:00+00:00, run_after=2025-06-20 00:00:00+00:00
[2025-06-20T16:30:01.110+0000] {processor.py:183} INFO - Processing /home/airflow/.local/lib/python3.12/site-packages/airflow/example_dags/example_setup_teardown_taskflow.py took 0.076 seconds
[2025-06-20T16:30:31.366+0000] {processor.py:161} INFO - Started process (PID=813) to work on /home/airflow/.local/lib/python3.12/site-packages/airflow/example_dags/example_setup_teardown_taskflow.py
[2025-06-20T16:30:31.367+0000] {processor.py:830} INFO - Processing file /home/airflow/.local/lib/python3.12/site-packages/airflow/example_dags/example_setup_teardown_taskflow.py for tasks to queue
[2025-06-20T16:30:31.369+0000] {logging_mixin.py:188} INFO - [2025-06-20T16:30:31.369+0000] {dagbag.py:540} INFO - Filling up the DagBag from /home/airflow/.local/lib/python3.12/site-packages/airflow/example_dags/example_setup_teardown_taskflow.py
[2025-06-20T16:30:31.378+0000] {processor.py:840} INFO - DAG(s) 'example_setup_teardown_taskflow' retrieved from /home/airflow/.local/lib/python3.12/site-packages/airflow/example_dags/example_setup_teardown_taskflow.py
[2025-06-20T16:30:31.400+0000] {logging_mixin.py:188} INFO - [2025-06-20T16:30:31.400+0000] {dag.py:3096} INFO - Sync 1 DAGs
[2025-06-20T16:30:31.421+0000] {logging_mixin.py:188} INFO - [2025-06-20T16:30:31.421+0000] {dag.py:3954} INFO - Setting next_dagrun for example_setup_teardown_taskflow to 2025-06-19 00:00:00+00:00, run_after=2025-06-20 00:00:00+00:00
[2025-06-20T16:30:31.438+0000] {processor.py:183} INFO - Processing /home/airflow/.local/lib/python3.12/site-packages/airflow/example_dags/example_setup_teardown_taskflow.py took 0.078 seconds
[2025-06-20T16:31:01.717+0000] {processor.py:161} INFO - Started process (PID=872) to work on /home/airflow/.local/lib/python3.12/site-packages/airflow/example_dags/example_setup_teardown_taskflow.py
[2025-06-20T16:31:01.718+0000] {processor.py:830} INFO - Processing file /home/airflow/.local/lib/python3.12/site-packages/airflow/example_dags/example_setup_teardown_taskflow.py for tasks to queue
[2025-06-20T16:31:01.720+0000] {logging_mixin.py:188} INFO - [2025-06-20T16:31:01.719+0000] {dagbag.py:540} INFO - Filling up the DagBag from /home/airflow/.local/lib/python3.12/site-packages/airflow/example_dags/example_setup_teardown_taskflow.py
[2025-06-20T16:31:01.730+0000] {processor.py:840} INFO - DAG(s) 'example_setup_teardown_taskflow' retrieved from /home/airflow/.local/lib/python3.12/site-packages/airflow/example_dags/example_setup_teardown_taskflow.py
[2025-06-20T16:31:01.751+0000] {logging_mixin.py:188} INFO - [2025-06-20T16:31:01.751+0000] {dag.py:3096} INFO - Sync 1 DAGs
[2025-06-20T16:31:01.772+0000] {logging_mixin.py:188} INFO - [2025-06-20T16:31:01.772+0000] {dag.py:3954} INFO - Setting next_dagrun for example_setup_teardown_taskflow to 2025-06-19 00:00:00+00:00, run_after=2025-06-20 00:00:00+00:00
[2025-06-20T16:31:01.788+0000] {processor.py:183} INFO - Processing /home/airflow/.local/lib/python3.12/site-packages/airflow/example_dags/example_setup_teardown_taskflow.py took 0.077 seconds
[2025-06-20T16:31:32.148+0000] {processor.py:161} INFO - Started process (PID=931) to work on /home/airflow/.local/lib/python3.12/site-packages/airflow/example_dags/example_setup_teardown_taskflow.py
[2025-06-20T16:31:32.149+0000] {processor.py:830} INFO - Processing file /home/airflow/.local/lib/python3.12/site-packages/airflow/example_dags/example_setup_teardown_taskflow.py for tasks to queue
[2025-06-20T16:31:32.151+0000] {logging_mixin.py:188} INFO - [2025-06-20T16:31:32.151+0000] {dagbag.py:540} INFO - Filling up the DagBag from /home/airflow/.local/lib/python3.12/site-packages/airflow/example_dags/example_setup_teardown_taskflow.py
[2025-06-20T16:31:32.160+0000] {processor.py:840} INFO - DAG(s) 'example_setup_teardown_taskflow' retrieved from /home/airflow/.local/lib/python3.12/site-packages/airflow/example_dags/example_setup_teardown_taskflow.py
[2025-06-20T16:31:32.184+0000] {logging_mixin.py:188} INFO - [2025-06-20T16:31:32.184+0000] {dag.py:3096} INFO - Sync 1 DAGs
[2025-06-20T16:31:32.209+0000] {logging_mixin.py:188} INFO - [2025-06-20T16:31:32.208+0000] {dag.py:3954} INFO - Setting next_dagrun for example_setup_teardown_taskflow to 2025-06-19 00:00:00+00:00, run_after=2025-06-20 00:00:00+00:00
[2025-06-20T16:31:32.232+0000] {processor.py:183} INFO - Processing /home/airflow/.local/lib/python3.12/site-packages/airflow/example_dags/example_setup_teardown_taskflow.py took 0.090 seconds
[2025-06-20T16:32:02.426+0000] {processor.py:161} INFO - Started process (PID=990) to work on /home/airflow/.local/lib/python3.12/site-packages/airflow/example_dags/example_setup_teardown_taskflow.py
[2025-06-20T16:32:02.427+0000] {processor.py:830} INFO - Processing file /home/airflow/.local/lib/python3.12/site-packages/airflow/example_dags/example_setup_teardown_taskflow.py for tasks to queue
[2025-06-20T16:32:02.429+0000] {logging_mixin.py:188} INFO - [2025-06-20T16:32:02.429+0000] {dagbag.py:540} INFO - Filling up the DagBag from /home/airflow/.local/lib/python3.12/site-packages/airflow/example_dags/example_setup_teardown_taskflow.py
[2025-06-20T16:32:02.438+0000] {processor.py:840} INFO - DAG(s) 'example_setup_teardown_taskflow' retrieved from /home/airflow/.local/lib/python3.12/site-packages/airflow/example_dags/example_setup_teardown_taskflow.py
[2025-06-20T16:32:02.459+0000] {logging_mixin.py:188} INFO - [2025-06-20T16:32:02.459+0000] {dag.py:3096} INFO - Sync 1 DAGs
[2025-06-20T16:32:02.480+0000] {logging_mixin.py:188} INFO - [2025-06-20T16:32:02.480+0000] {dag.py:3954} INFO - Setting next_dagrun for example_setup_teardown_taskflow to 2025-06-19 00:00:00+00:00, run_after=2025-06-20 00:00:00+00:00
[2025-06-20T16:32:02.496+0000] {processor.py:183} INFO - Processing /home/airflow/.local/lib/python3.12/site-packages/airflow/example_dags/example_setup_teardown_taskflow.py took 0.076 seconds
[2025-06-20T16:32:32.630+0000] {processor.py:161} INFO - Started process (PID=1049) to work on /home/airflow/.local/lib/python3.12/site-packages/airflow/example_dags/example_setup_teardown_taskflow.py
[2025-06-20T16:32:32.631+0000] {processor.py:830} INFO - Processing file /home/airflow/.local/lib/python3.12/site-packages/airflow/example_dags/example_setup_teardown_taskflow.py for tasks to queue
[2025-06-20T16:32:32.632+0000] {logging_mixin.py:188} INFO - [2025-06-20T16:32:32.632+0000] {dagbag.py:540} INFO - Filling up the DagBag from /home/airflow/.local/lib/python3.12/site-packages/airflow/example_dags/example_setup_teardown_taskflow.py
[2025-06-20T16:32:32.642+0000] {processor.py:840} INFO - DAG(s) 'example_setup_teardown_taskflow' retrieved from /home/airflow/.local/lib/python3.12/site-packages/airflow/example_dags/example_setup_teardown_taskflow.py
[2025-06-20T16:32:32.662+0000] {logging_mixin.py:188} INFO - [2025-06-20T16:32:32.662+0000] {dag.py:3096} INFO - Sync 1 DAGs
[2025-06-20T16:32:32.681+0000] {logging_mixin.py:188} INFO - [2025-06-20T16:32:32.681+0000] {dag.py:3954} INFO - Setting next_dagrun for example_setup_teardown_taskflow to 2025-06-19 00:00:00+00:00, run_after=2025-06-20 00:00:00+00:00
[2025-06-20T16:32:32.696+0000] {processor.py:183} INFO - Processing /home/airflow/.local/lib/python3.12/site-packages/airflow/example_dags/example_setup_teardown_taskflow.py took 0.072 seconds
[2025-06-20T16:33:03.025+0000] {processor.py:161} INFO - Started process (PID=1108) to work on /home/airflow/.local/lib/python3.12/site-packages/airflow/example_dags/example_setup_teardown_taskflow.py
[2025-06-20T16:33:03.026+0000] {processor.py:830} INFO - Processing file /home/airflow/.local/lib/python3.12/site-packages/airflow/example_dags/example_setup_teardown_taskflow.py for tasks to queue
[2025-06-20T16:33:03.028+0000] {logging_mixin.py:188} INFO - [2025-06-20T16:33:03.027+0000] {dagbag.py:540} INFO - Filling up the DagBag from /home/airflow/.local/lib/python3.12/site-packages/airflow/example_dags/example_setup_teardown_taskflow.py
[2025-06-20T16:33:03.037+0000] {processor.py:840} INFO - DAG(s) 'example_setup_teardown_taskflow' retrieved from /home/airflow/.local/lib/python3.12/site-packages/airflow/example_dags/example_setup_teardown_taskflow.py
[2025-06-20T16:33:03.059+0000] {logging_mixin.py:188} INFO - [2025-06-20T16:33:03.059+0000] {dag.py:3096} INFO - Sync 1 DAGs
[2025-06-20T16:33:03.079+0000] {logging_mixin.py:188} INFO - [2025-06-20T16:33:03.079+0000] {dag.py:3954} INFO - Setting next_dagrun for example_setup_teardown_taskflow to 2025-06-19 00:00:00+00:00, run_after=2025-06-20 00:00:00+00:00
[2025-06-20T16:33:03.095+0000] {processor.py:183} INFO - Processing /home/airflow/.local/lib/python3.12/site-packages/airflow/example_dags/example_setup_teardown_taskflow.py took 0.076 seconds
[2025-06-20T16:33:33.496+0000] {processor.py:161} INFO - Started process (PID=1167) to work on /home/airflow/.local/lib/python3.12/site-packages/airflow/example_dags/example_setup_teardown_taskflow.py
[2025-06-20T16:33:33.497+0000] {processor.py:830} INFO - Processing file /home/airflow/.local/lib/python3.12/site-packages/airflow/example_dags/example_setup_teardown_taskflow.py for tasks to queue
[2025-06-20T16:33:33.499+0000] {logging_mixin.py:188} INFO - [2025-06-20T16:33:33.499+0000] {dagbag.py:540} INFO - Filling up the DagBag from /home/airflow/.local/lib/python3.12/site-packages/airflow/example_dags/example_setup_teardown_taskflow.py
[2025-06-20T16:33:33.508+0000] {processor.py:840} INFO - DAG(s) 'example_setup_teardown_taskflow' retrieved from /home/airflow/.local/lib/python3.12/site-packages/airflow/example_dags/example_setup_teardown_taskflow.py
[2025-06-20T16:33:33.528+0000] {logging_mixin.py:188} INFO - [2025-06-20T16:33:33.528+0000] {dag.py:3096} INFO - Sync 1 DAGs
[2025-06-20T16:33:33.548+0000] {logging_mixin.py:188} INFO - [2025-06-20T16:33:33.548+0000] {dag.py:3954} INFO - Setting next_dagrun for example_setup_teardown_taskflow to 2025-06-19 00:00:00+00:00, run_after=2025-06-20 00:00:00+00:00
[2025-06-20T16:33:33.563+0000] {processor.py:183} INFO - Processing /home/airflow/.local/lib/python3.12/site-packages/airflow/example_dags/example_setup_teardown_taskflow.py took 0.073 seconds
[2025-06-20T16:34:03.780+0000] {processor.py:161} INFO - Started process (PID=1226) to work on /home/airflow/.local/lib/python3.12/site-packages/airflow/example_dags/example_setup_teardown_taskflow.py
[2025-06-20T16:34:03.781+0000] {processor.py:830} INFO - Processing file /home/airflow/.local/lib/python3.12/site-packages/airflow/example_dags/example_setup_teardown_taskflow.py for tasks to queue
[2025-06-20T16:34:03.783+0000] {logging_mixin.py:188} INFO - [2025-06-20T16:34:03.783+0000] {dagbag.py:540} INFO - Filling up the DagBag from /home/airflow/.local/lib/python3.12/site-packages/airflow/example_dags/example_setup_teardown_taskflow.py
[2025-06-20T16:34:03.797+0000] {processor.py:840} INFO - DAG(s) 'example_setup_teardown_taskflow' retrieved from /home/airflow/.local/lib/python3.12/site-packages/airflow/example_dags/example_setup_teardown_taskflow.py
[2025-06-20T16:34:03.818+0000] {logging_mixin.py:188} INFO - [2025-06-20T16:34:03.818+0000] {dag.py:3096} INFO - Sync 1 DAGs
[2025-06-20T16:34:03.839+0000] {logging_mixin.py:188} INFO - [2025-06-20T16:34:03.839+0000] {dag.py:3954} INFO - Setting next_dagrun for example_setup_teardown_taskflow to 2025-06-19 00:00:00+00:00, run_after=2025-06-20 00:00:00+00:00
[2025-06-20T16:34:03.856+0000] {processor.py:183} INFO - Processing /home/airflow/.local/lib/python3.12/site-packages/airflow/example_dags/example_setup_teardown_taskflow.py took 0.082 seconds
[2025-06-20T16:34:34.036+0000] {processor.py:161} INFO - Started process (PID=1285) to work on /home/airflow/.local/lib/python3.12/site-packages/airflow/example_dags/example_setup_teardown_taskflow.py
[2025-06-20T16:34:34.037+0000] {processor.py:830} INFO - Processing file /home/airflow/.local/lib/python3.12/site-packages/airflow/example_dags/example_setup_teardown_taskflow.py for tasks to queue
[2025-06-20T16:34:34.039+0000] {logging_mixin.py:188} INFO - [2025-06-20T16:34:34.039+0000] {dagbag.py:540} INFO - Filling up the DagBag from /home/airflow/.local/lib/python3.12/site-packages/airflow/example_dags/example_setup_teardown_taskflow.py
[2025-06-20T16:34:34.048+0000] {processor.py:840} INFO - DAG(s) 'example_setup_teardown_taskflow' retrieved from /home/airflow/.local/lib/python3.12/site-packages/airflow/example_dags/example_setup_teardown_taskflow.py
[2025-06-20T16:34:34.070+0000] {logging_mixin.py:188} INFO - [2025-06-20T16:34:34.070+0000] {dag.py:3096} INFO - Sync 1 DAGs
[2025-06-20T16:34:34.090+0000] {logging_mixin.py:188} INFO - [2025-06-20T16:34:34.090+0000] {dag.py:3954} INFO - Setting next_dagrun for example_setup_teardown_taskflow to 2025-06-19 00:00:00+00:00, run_after=2025-06-20 00:00:00+00:00
[2025-06-20T16:34:34.106+0000] {processor.py:183} INFO - Processing /home/airflow/.local/lib/python3.12/site-packages/airflow/example_dags/example_setup_teardown_taskflow.py took 0.076 seconds
[2025-06-20T16:35:04.490+0000] {processor.py:161} INFO - Started process (PID=1344) to work on /home/airflow/.local/lib/python3.12/site-packages/airflow/example_dags/example_setup_teardown_taskflow.py
[2025-06-20T16:35:04.492+0000] {processor.py:830} INFO - Processing file /home/airflow/.local/lib/python3.12/site-packages/airflow/example_dags/example_setup_teardown_taskflow.py for tasks to queue
[2025-06-20T16:35:04.495+0000] {logging_mixin.py:188} INFO - [2025-06-20T16:35:04.495+0000] {dagbag.py:540} INFO - Filling up the DagBag from /home/airflow/.local/lib/python3.12/site-packages/airflow/example_dags/example_setup_teardown_taskflow.py
[2025-06-20T16:35:04.509+0000] {processor.py:840} INFO - DAG(s) 'example_setup_teardown_taskflow' retrieved from /home/airflow/.local/lib/python3.12/site-packages/airflow/example_dags/example_setup_teardown_taskflow.py
[2025-06-20T16:35:04.536+0000] {logging_mixin.py:188} INFO - [2025-06-20T16:35:04.535+0000] {dag.py:3096} INFO - Sync 1 DAGs
[2025-06-20T16:35:04.564+0000] {logging_mixin.py:188} INFO - [2025-06-20T16:35:04.564+0000] {dag.py:3954} INFO - Setting next_dagrun for example_setup_teardown_taskflow to 2025-06-19 00:00:00+00:00, run_after=2025-06-20 00:00:00+00:00
[2025-06-20T16:35:04.583+0000] {processor.py:183} INFO - Processing /home/airflow/.local/lib/python3.12/site-packages/airflow/example_dags/example_setup_teardown_taskflow.py took 0.102 seconds
[2025-06-20T16:35:34.672+0000] {processor.py:161} INFO - Started process (PID=1403) to work on /home/airflow/.local/lib/python3.12/site-packages/airflow/example_dags/example_setup_teardown_taskflow.py
[2025-06-20T16:35:34.673+0000] {processor.py:830} INFO - Processing file /home/airflow/.local/lib/python3.12/site-packages/airflow/example_dags/example_setup_teardown_taskflow.py for tasks to queue
[2025-06-20T16:35:34.676+0000] {logging_mixin.py:188} INFO - [2025-06-20T16:35:34.675+0000] {dagbag.py:540} INFO - Filling up the DagBag from /home/airflow/.local/lib/python3.12/site-packages/airflow/example_dags/example_setup_teardown_taskflow.py
[2025-06-20T16:35:34.686+0000] {processor.py:840} INFO - DAG(s) 'example_setup_teardown_taskflow' retrieved from /home/airflow/.local/lib/python3.12/site-packages/airflow/example_dags/example_setup_teardown_taskflow.py
[2025-06-20T16:35:34.706+0000] {logging_mixin.py:188} INFO - [2025-06-20T16:35:34.705+0000] {dag.py:3096} INFO - Sync 1 DAGs
[2025-06-20T16:35:34.726+0000] {logging_mixin.py:188} INFO - [2025-06-20T16:35:34.726+0000] {dag.py:3954} INFO - Setting next_dagrun for example_setup_teardown_taskflow to 2025-06-19 00:00:00+00:00, run_after=2025-06-20 00:00:00+00:00
[2025-06-20T16:35:34.742+0000] {processor.py:183} INFO - Processing /home/airflow/.local/lib/python3.12/site-packages/airflow/example_dags/example_setup_teardown_taskflow.py took 0.077 seconds
[2025-06-20T16:36:05.104+0000] {processor.py:161} INFO - Started process (PID=1462) to work on /home/airflow/.local/lib/python3.12/site-packages/airflow/example_dags/example_setup_teardown_taskflow.py
[2025-06-20T16:36:05.105+0000] {processor.py:830} INFO - Processing file /home/airflow/.local/lib/python3.12/site-packages/airflow/example_dags/example_setup_teardown_taskflow.py for tasks to queue
[2025-06-20T16:36:05.107+0000] {logging_mixin.py:188} INFO - [2025-06-20T16:36:05.107+0000] {dagbag.py:540} INFO - Filling up the DagBag from /home/airflow/.local/lib/python3.12/site-packages/airflow/example_dags/example_setup_teardown_taskflow.py
[2025-06-20T16:36:05.117+0000] {processor.py:840} INFO - DAG(s) 'example_setup_teardown_taskflow' retrieved from /home/airflow/.local/lib/python3.12/site-packages/airflow/example_dags/example_setup_teardown_taskflow.py
[2025-06-20T16:36:05.138+0000] {logging_mixin.py:188} INFO - [2025-06-20T16:36:05.138+0000] {dag.py:3096} INFO - Sync 1 DAGs
[2025-06-20T16:36:05.161+0000] {logging_mixin.py:188} INFO - [2025-06-20T16:36:05.160+0000] {dag.py:3954} INFO - Setting next_dagrun for example_setup_teardown_taskflow to 2025-06-19 00:00:00+00:00, run_after=2025-06-20 00:00:00+00:00
[2025-06-20T16:36:05.177+0000] {processor.py:183} INFO - Processing /home/airflow/.local/lib/python3.12/site-packages/airflow/example_dags/example_setup_teardown_taskflow.py took 0.079 seconds
[2025-06-20T16:36:35.436+0000] {processor.py:161} INFO - Started process (PID=1521) to work on /home/airflow/.local/lib/python3.12/site-packages/airflow/example_dags/example_setup_teardown_taskflow.py
[2025-06-20T16:36:35.437+0000] {processor.py:830} INFO - Processing file /home/airflow/.local/lib/python3.12/site-packages/airflow/example_dags/example_setup_teardown_taskflow.py for tasks to queue
[2025-06-20T16:36:35.439+0000] {logging_mixin.py:188} INFO - [2025-06-20T16:36:35.439+0000] {dagbag.py:540} INFO - Filling up the DagBag from /home/airflow/.local/lib/python3.12/site-packages/airflow/example_dags/example_setup_teardown_taskflow.py
[2025-06-20T16:36:35.449+0000] {processor.py:840} INFO - DAG(s) 'example_setup_teardown_taskflow' retrieved from /home/airflow/.local/lib/python3.12/site-packages/airflow/example_dags/example_setup_teardown_taskflow.py
[2025-06-20T16:36:35.470+0000] {logging_mixin.py:188} INFO - [2025-06-20T16:36:35.469+0000] {dag.py:3096} INFO - Sync 1 DAGs
[2025-06-20T16:36:35.489+0000] {logging_mixin.py:188} INFO - [2025-06-20T16:36:35.489+0000] {dag.py:3954} INFO - Setting next_dagrun for example_setup_teardown_taskflow to 2025-06-19 00:00:00+00:00, run_after=2025-06-20 00:00:00+00:00
[2025-06-20T16:36:35.505+0000] {processor.py:183} INFO - Processing /home/airflow/.local/lib/python3.12/site-packages/airflow/example_dags/example_setup_teardown_taskflow.py took 0.075 seconds
[2025-06-20T16:37:05.747+0000] {processor.py:161} INFO - Started process (PID=1580) to work on /home/airflow/.local/lib/python3.12/site-packages/airflow/example_dags/example_setup_teardown_taskflow.py
[2025-06-20T16:37:05.748+0000] {processor.py:830} INFO - Processing file /home/airflow/.local/lib/python3.12/site-packages/airflow/example_dags/example_setup_teardown_taskflow.py for tasks to queue
[2025-06-20T16:37:05.750+0000] {logging_mixin.py:188} INFO - [2025-06-20T16:37:05.750+0000] {dagbag.py:540} INFO - Filling up the DagBag from /home/airflow/.local/lib/python3.12/site-packages/airflow/example_dags/example_setup_teardown_taskflow.py
[2025-06-20T16:37:05.759+0000] {processor.py:840} INFO - DAG(s) 'example_setup_teardown_taskflow' retrieved from /home/airflow/.local/lib/python3.12/site-packages/airflow/example_dags/example_setup_teardown_taskflow.py
[2025-06-20T16:37:05.780+0000] {logging_mixin.py:188} INFO - [2025-06-20T16:37:05.780+0000] {dag.py:3096} INFO - Sync 1 DAGs
[2025-06-20T16:37:05.802+0000] {logging_mixin.py:188} INFO - [2025-06-20T16:37:05.802+0000] {dag.py:3954} INFO - Setting next_dagrun for example_setup_teardown_taskflow to 2025-06-19 00:00:00+00:00, run_after=2025-06-20 00:00:00+00:00
[2025-06-20T16:37:05.818+0000] {processor.py:183} INFO - Processing /home/airflow/.local/lib/python3.12/site-packages/airflow/example_dags/example_setup_teardown_taskflow.py took 0.077 seconds
[2025-06-20T16:37:36.071+0000] {processor.py:161} INFO - Started process (PID=1639) to work on /home/airflow/.local/lib/python3.12/site-packages/airflow/example_dags/example_setup_teardown_taskflow.py
[2025-06-20T16:37:36.072+0000] {processor.py:830} INFO - Processing file /home/airflow/.local/lib/python3.12/site-packages/airflow/example_dags/example_setup_teardown_taskflow.py for tasks to queue
[2025-06-20T16:37:36.074+0000] {logging_mixin.py:188} INFO - [2025-06-20T16:37:36.074+0000] {dagbag.py:540} INFO - Filling up the DagBag from /home/airflow/.local/lib/python3.12/site-packages/airflow/example_dags/example_setup_teardown_taskflow.py
[2025-06-20T16:37:36.083+0000] {processor.py:840} INFO - DAG(s) 'example_setup_teardown_taskflow' retrieved from /home/airflow/.local/lib/python3.12/site-packages/airflow/example_dags/example_setup_teardown_taskflow.py
[2025-06-20T16:37:36.104+0000] {logging_mixin.py:188} INFO - [2025-06-20T16:37:36.104+0000] {dag.py:3096} INFO - Sync 1 DAGs
[2025-06-20T16:37:36.124+0000] {logging_mixin.py:188} INFO - [2025-06-20T16:37:36.123+0000] {dag.py:3954} INFO - Setting next_dagrun for example_setup_teardown_taskflow to 2025-06-19 00:00:00+00:00, run_after=2025-06-20 00:00:00+00:00
[2025-06-20T16:37:36.139+0000] {processor.py:183} INFO - Processing /home/airflow/.local/lib/python3.12/site-packages/airflow/example_dags/example_setup_teardown_taskflow.py took 0.074 seconds
[2025-06-20T16:38:06.283+0000] {processor.py:161} INFO - Started process (PID=1698) to work on /home/airflow/.local/lib/python3.12/site-packages/airflow/example_dags/example_setup_teardown_taskflow.py
[2025-06-20T16:38:06.284+0000] {processor.py:830} INFO - Processing file /home/airflow/.local/lib/python3.12/site-packages/airflow/example_dags/example_setup_teardown_taskflow.py for tasks to queue
[2025-06-20T16:38:06.286+0000] {logging_mixin.py:188} INFO - [2025-06-20T16:38:06.286+0000] {dagbag.py:540} INFO - Filling up the DagBag from /home/airflow/.local/lib/python3.12/site-packages/airflow/example_dags/example_setup_teardown_taskflow.py
[2025-06-20T16:38:06.296+0000] {processor.py:840} INFO - DAG(s) 'example_setup_teardown_taskflow' retrieved from /home/airflow/.local/lib/python3.12/site-packages/airflow/example_dags/example_setup_teardown_taskflow.py
[2025-06-20T16:38:06.317+0000] {logging_mixin.py:188} INFO - [2025-06-20T16:38:06.317+0000] {dag.py:3096} INFO - Sync 1 DAGs
[2025-06-20T16:38:06.337+0000] {logging_mixin.py:188} INFO - [2025-06-20T16:38:06.336+0000] {dag.py:3954} INFO - Setting next_dagrun for example_setup_teardown_taskflow to 2025-06-19 00:00:00+00:00, run_after=2025-06-20 00:00:00+00:00
[2025-06-20T16:38:06.352+0000] {processor.py:183} INFO - Processing /home/airflow/.local/lib/python3.12/site-packages/airflow/example_dags/example_setup_teardown_taskflow.py took 0.075 seconds
[2025-06-20T16:38:36.794+0000] {processor.py:161} INFO - Started process (PID=1757) to work on /home/airflow/.local/lib/python3.12/site-packages/airflow/example_dags/example_setup_teardown_taskflow.py
[2025-06-20T16:38:36.795+0000] {processor.py:830} INFO - Processing file /home/airflow/.local/lib/python3.12/site-packages/airflow/example_dags/example_setup_teardown_taskflow.py for tasks to queue
[2025-06-20T16:38:36.797+0000] {logging_mixin.py:188} INFO - [2025-06-20T16:38:36.797+0000] {dagbag.py:540} INFO - Filling up the DagBag from /home/airflow/.local/lib/python3.12/site-packages/airflow/example_dags/example_setup_teardown_taskflow.py
[2025-06-20T16:38:36.806+0000] {processor.py:840} INFO - DAG(s) 'example_setup_teardown_taskflow' retrieved from /home/airflow/.local/lib/python3.12/site-packages/airflow/example_dags/example_setup_teardown_taskflow.py
[2025-06-20T16:38:36.827+0000] {logging_mixin.py:188} INFO - [2025-06-20T16:38:36.827+0000] {dag.py:3096} INFO - Sync 1 DAGs
[2025-06-20T16:38:36.847+0000] {logging_mixin.py:188} INFO - [2025-06-20T16:38:36.847+0000] {dag.py:3954} INFO - Setting next_dagrun for example_setup_teardown_taskflow to 2025-06-19 00:00:00+00:00, run_after=2025-06-20 00:00:00+00:00
[2025-06-20T16:38:36.863+0000] {processor.py:183} INFO - Processing /home/airflow/.local/lib/python3.12/site-packages/airflow/example_dags/example_setup_teardown_taskflow.py took 0.074 seconds
[2025-06-20T16:39:07.004+0000] {processor.py:161} INFO - Started process (PID=1815) to work on /home/airflow/.local/lib/python3.12/site-packages/airflow/example_dags/example_setup_teardown_taskflow.py
[2025-06-20T16:39:07.005+0000] {processor.py:830} INFO - Processing file /home/airflow/.local/lib/python3.12/site-packages/airflow/example_dags/example_setup_teardown_taskflow.py for tasks to queue
[2025-06-20T16:39:07.007+0000] {logging_mixin.py:188} INFO - [2025-06-20T16:39:07.007+0000] {dagbag.py:540} INFO - Filling up the DagBag from /home/airflow/.local/lib/python3.12/site-packages/airflow/example_dags/example_setup_teardown_taskflow.py
[2025-06-20T16:39:07.016+0000] {processor.py:840} INFO - DAG(s) 'example_setup_teardown_taskflow' retrieved from /home/airflow/.local/lib/python3.12/site-packages/airflow/example_dags/example_setup_teardown_taskflow.py
[2025-06-20T16:39:07.037+0000] {logging_mixin.py:188} INFO - [2025-06-20T16:39:07.037+0000] {dag.py:3096} INFO - Sync 1 DAGs
[2025-06-20T16:39:07.057+0000] {logging_mixin.py:188} INFO - [2025-06-20T16:39:07.056+0000] {dag.py:3954} INFO - Setting next_dagrun for example_setup_teardown_taskflow to 2025-06-19 00:00:00+00:00, run_after=2025-06-20 00:00:00+00:00
[2025-06-20T16:39:07.072+0000] {processor.py:183} INFO - Processing /home/airflow/.local/lib/python3.12/site-packages/airflow/example_dags/example_setup_teardown_taskflow.py took 0.073 seconds
[2025-06-20T16:39:37.152+0000] {processor.py:161} INFO - Started process (PID=1874) to work on /home/airflow/.local/lib/python3.12/site-packages/airflow/example_dags/example_setup_teardown_taskflow.py
[2025-06-20T16:39:37.153+0000] {processor.py:830} INFO - Processing file /home/airflow/.local/lib/python3.12/site-packages/airflow/example_dags/example_setup_teardown_taskflow.py for tasks to queue
[2025-06-20T16:39:37.155+0000] {logging_mixin.py:188} INFO - [2025-06-20T16:39:37.155+0000] {dagbag.py:540} INFO - Filling up the DagBag from /home/airflow/.local/lib/python3.12/site-packages/airflow/example_dags/example_setup_teardown_taskflow.py
[2025-06-20T16:39:37.165+0000] {processor.py:840} INFO - DAG(s) 'example_setup_teardown_taskflow' retrieved from /home/airflow/.local/lib/python3.12/site-packages/airflow/example_dags/example_setup_teardown_taskflow.py
[2025-06-20T16:39:37.187+0000] {logging_mixin.py:188} INFO - [2025-06-20T16:39:37.187+0000] {dag.py:3096} INFO - Sync 1 DAGs
[2025-06-20T16:39:37.207+0000] {logging_mixin.py:188} INFO - [2025-06-20T16:39:37.206+0000] {dag.py:3954} INFO - Setting next_dagrun for example_setup_teardown_taskflow to 2025-06-19 00:00:00+00:00, run_after=2025-06-20 00:00:00+00:00
[2025-06-20T16:39:37.222+0000] {processor.py:183} INFO - Processing /home/airflow/.local/lib/python3.12/site-packages/airflow/example_dags/example_setup_teardown_taskflow.py took 0.076 seconds
[2025-06-20T16:40:07.543+0000] {processor.py:161} INFO - Started process (PID=1933) to work on /home/airflow/.local/lib/python3.12/site-packages/airflow/example_dags/example_setup_teardown_taskflow.py
[2025-06-20T16:40:07.544+0000] {processor.py:830} INFO - Processing file /home/airflow/.local/lib/python3.12/site-packages/airflow/example_dags/example_setup_teardown_taskflow.py for tasks to queue
[2025-06-20T16:40:07.546+0000] {logging_mixin.py:188} INFO - [2025-06-20T16:40:07.546+0000] {dagbag.py:540} INFO - Filling up the DagBag from /home/airflow/.local/lib/python3.12/site-packages/airflow/example_dags/example_setup_teardown_taskflow.py
[2025-06-20T16:40:07.556+0000] {processor.py:840} INFO - DAG(s) 'example_setup_teardown_taskflow' retrieved from /home/airflow/.local/lib/python3.12/site-packages/airflow/example_dags/example_setup_teardown_taskflow.py
[2025-06-20T16:40:07.576+0000] {logging_mixin.py:188} INFO - [2025-06-20T16:40:07.576+0000] {dag.py:3096} INFO - Sync 1 DAGs
[2025-06-20T16:40:07.596+0000] {logging_mixin.py:188} INFO - [2025-06-20T16:40:07.595+0000] {dag.py:3954} INFO - Setting next_dagrun for example_setup_teardown_taskflow to 2025-06-19 00:00:00+00:00, run_after=2025-06-20 00:00:00+00:00
[2025-06-20T16:40:07.611+0000] {processor.py:183} INFO - Processing /home/airflow/.local/lib/python3.12/site-packages/airflow/example_dags/example_setup_teardown_taskflow.py took 0.074 seconds
[2025-06-20T16:40:38.410+0000] {processor.py:161} INFO - Started process (PID=1992) to work on /home/airflow/.local/lib/python3.12/site-packages/airflow/example_dags/example_setup_teardown_taskflow.py
[2025-06-20T16:40:38.411+0000] {processor.py:830} INFO - Processing file /home/airflow/.local/lib/python3.12/site-packages/airflow/example_dags/example_setup_teardown_taskflow.py for tasks to queue
[2025-06-20T16:40:38.413+0000] {logging_mixin.py:188} INFO - [2025-06-20T16:40:38.413+0000] {dagbag.py:540} INFO - Filling up the DagBag from /home/airflow/.local/lib/python3.12/site-packages/airflow/example_dags/example_setup_teardown_taskflow.py
[2025-06-20T16:40:38.422+0000] {processor.py:840} INFO - DAG(s) 'example_setup_teardown_taskflow' retrieved from /home/airflow/.local/lib/python3.12/site-packages/airflow/example_dags/example_setup_teardown_taskflow.py
[2025-06-20T16:40:38.444+0000] {logging_mixin.py:188} INFO - [2025-06-20T16:40:38.444+0000] {dag.py:3096} INFO - Sync 1 DAGs
[2025-06-20T16:40:38.464+0000] {logging_mixin.py:188} INFO - [2025-06-20T16:40:38.464+0000] {dag.py:3954} INFO - Setting next_dagrun for example_setup_teardown_taskflow to 2025-06-19 00:00:00+00:00, run_after=2025-06-20 00:00:00+00:00
[2025-06-20T16:40:38.479+0000] {processor.py:183} INFO - Processing /home/airflow/.local/lib/python3.12/site-packages/airflow/example_dags/example_setup_teardown_taskflow.py took 0.075 seconds
[2025-06-20T16:41:09.360+0000] {processor.py:161} INFO - Started process (PID=2051) to work on /home/airflow/.local/lib/python3.12/site-packages/airflow/example_dags/example_setup_teardown_taskflow.py
[2025-06-20T16:41:09.361+0000] {processor.py:830} INFO - Processing file /home/airflow/.local/lib/python3.12/site-packages/airflow/example_dags/example_setup_teardown_taskflow.py for tasks to queue
[2025-06-20T16:41:09.363+0000] {logging_mixin.py:188} INFO - [2025-06-20T16:41:09.363+0000] {dagbag.py:540} INFO - Filling up the DagBag from /home/airflow/.local/lib/python3.12/site-packages/airflow/example_dags/example_setup_teardown_taskflow.py
[2025-06-20T16:41:09.372+0000] {processor.py:840} INFO - DAG(s) 'example_setup_teardown_taskflow' retrieved from /home/airflow/.local/lib/python3.12/site-packages/airflow/example_dags/example_setup_teardown_taskflow.py
[2025-06-20T16:41:09.394+0000] {logging_mixin.py:188} INFO - [2025-06-20T16:41:09.393+0000] {dag.py:3096} INFO - Sync 1 DAGs
[2025-06-20T16:41:09.413+0000] {logging_mixin.py:188} INFO - [2025-06-20T16:41:09.413+0000] {dag.py:3954} INFO - Setting next_dagrun for example_setup_teardown_taskflow to 2025-06-19 00:00:00+00:00, run_after=2025-06-20 00:00:00+00:00
[2025-06-20T16:41:09.429+0000] {processor.py:183} INFO - Processing /home/airflow/.local/lib/python3.12/site-packages/airflow/example_dags/example_setup_teardown_taskflow.py took 0.074 seconds
[2025-06-20T16:41:40.257+0000] {processor.py:161} INFO - Started process (PID=2110) to work on /home/airflow/.local/lib/python3.12/site-packages/airflow/example_dags/example_setup_teardown_taskflow.py
[2025-06-20T16:41:40.258+0000] {processor.py:830} INFO - Processing file /home/airflow/.local/lib/python3.12/site-packages/airflow/example_dags/example_setup_teardown_taskflow.py for tasks to queue
[2025-06-20T16:41:40.260+0000] {logging_mixin.py:188} INFO - [2025-06-20T16:41:40.259+0000] {dagbag.py:540} INFO - Filling up the DagBag from /home/airflow/.local/lib/python3.12/site-packages/airflow/example_dags/example_setup_teardown_taskflow.py
[2025-06-20T16:41:40.269+0000] {processor.py:840} INFO - DAG(s) 'example_setup_teardown_taskflow' retrieved from /home/airflow/.local/lib/python3.12/site-packages/airflow/example_dags/example_setup_teardown_taskflow.py
[2025-06-20T16:41:40.291+0000] {logging_mixin.py:188} INFO - [2025-06-20T16:41:40.291+0000] {dag.py:3096} INFO - Sync 1 DAGs
[2025-06-20T16:41:40.311+0000] {logging_mixin.py:188} INFO - [2025-06-20T16:41:40.311+0000] {dag.py:3954} INFO - Setting next_dagrun for example_setup_teardown_taskflow to 2025-06-19 00:00:00+00:00, run_after=2025-06-20 00:00:00+00:00
[2025-06-20T16:41:40.327+0000] {processor.py:183} INFO - Processing /home/airflow/.local/lib/python3.12/site-packages/airflow/example_dags/example_setup_teardown_taskflow.py took 0.077 seconds
[2025-06-20T16:42:11.079+0000] {processor.py:161} INFO - Started process (PID=2167) to work on /home/airflow/.local/lib/python3.12/site-packages/airflow/example_dags/example_setup_teardown_taskflow.py
[2025-06-20T16:42:11.080+0000] {processor.py:830} INFO - Processing file /home/airflow/.local/lib/python3.12/site-packages/airflow/example_dags/example_setup_teardown_taskflow.py for tasks to queue
[2025-06-20T16:42:11.082+0000] {logging_mixin.py:188} INFO - [2025-06-20T16:42:11.081+0000] {dagbag.py:540} INFO - Filling up the DagBag from /home/airflow/.local/lib/python3.12/site-packages/airflow/example_dags/example_setup_teardown_taskflow.py
[2025-06-20T16:42:11.092+0000] {processor.py:840} INFO - DAG(s) 'example_setup_teardown_taskflow' retrieved from /home/airflow/.local/lib/python3.12/site-packages/airflow/example_dags/example_setup_teardown_taskflow.py
[2025-06-20T16:42:11.114+0000] {logging_mixin.py:188} INFO - [2025-06-20T16:42:11.113+0000] {dag.py:3096} INFO - Sync 1 DAGs
[2025-06-20T16:42:11.133+0000] {logging_mixin.py:188} INFO - [2025-06-20T16:42:11.133+0000] {dag.py:3954} INFO - Setting next_dagrun for example_setup_teardown_taskflow to 2025-06-19 00:00:00+00:00, run_after=2025-06-20 00:00:00+00:00
[2025-06-20T16:42:11.149+0000] {processor.py:183} INFO - Processing /home/airflow/.local/lib/python3.12/site-packages/airflow/example_dags/example_setup_teardown_taskflow.py took 0.076 seconds
[2025-06-20T16:42:41.735+0000] {processor.py:161} INFO - Started process (PID=2226) to work on /home/airflow/.local/lib/python3.12/site-packages/airflow/example_dags/example_setup_teardown_taskflow.py
[2025-06-20T16:42:41.736+0000] {processor.py:830} INFO - Processing file /home/airflow/.local/lib/python3.12/site-packages/airflow/example_dags/example_setup_teardown_taskflow.py for tasks to queue
[2025-06-20T16:42:41.738+0000] {logging_mixin.py:188} INFO - [2025-06-20T16:42:41.738+0000] {dagbag.py:540} INFO - Filling up the DagBag from /home/airflow/.local/lib/python3.12/site-packages/airflow/example_dags/example_setup_teardown_taskflow.py
[2025-06-20T16:42:41.747+0000] {processor.py:840} INFO - DAG(s) 'example_setup_teardown_taskflow' retrieved from /home/airflow/.local/lib/python3.12/site-packages/airflow/example_dags/example_setup_teardown_taskflow.py
[2025-06-20T16:42:41.769+0000] {logging_mixin.py:188} INFO - [2025-06-20T16:42:41.768+0000] {dag.py:3096} INFO - Sync 1 DAGs
[2025-06-20T16:42:41.788+0000] {logging_mixin.py:188} INFO - [2025-06-20T16:42:41.788+0000] {dag.py:3954} INFO - Setting next_dagrun for example_setup_teardown_taskflow to 2025-06-19 00:00:00+00:00, run_after=2025-06-20 00:00:00+00:00
[2025-06-20T16:42:41.813+0000] {processor.py:183} INFO - Processing /home/airflow/.local/lib/python3.12/site-packages/airflow/example_dags/example_setup_teardown_taskflow.py took 0.084 seconds
[2025-06-20T16:43:12.348+0000] {processor.py:161} INFO - Started process (PID=2285) to work on /home/airflow/.local/lib/python3.12/site-packages/airflow/example_dags/example_setup_teardown_taskflow.py
[2025-06-20T16:43:12.349+0000] {processor.py:830} INFO - Processing file /home/airflow/.local/lib/python3.12/site-packages/airflow/example_dags/example_setup_teardown_taskflow.py for tasks to queue
[2025-06-20T16:43:12.351+0000] {logging_mixin.py:188} INFO - [2025-06-20T16:43:12.351+0000] {dagbag.py:540} INFO - Filling up the DagBag from /home/airflow/.local/lib/python3.12/site-packages/airflow/example_dags/example_setup_teardown_taskflow.py
[2025-06-20T16:43:12.361+0000] {processor.py:840} INFO - DAG(s) 'example_setup_teardown_taskflow' retrieved from /home/airflow/.local/lib/python3.12/site-packages/airflow/example_dags/example_setup_teardown_taskflow.py
[2025-06-20T16:43:12.382+0000] {logging_mixin.py:188} INFO - [2025-06-20T16:43:12.382+0000] {dag.py:3096} INFO - Sync 1 DAGs
[2025-06-20T16:43:12.402+0000] {logging_mixin.py:188} INFO - [2025-06-20T16:43:12.402+0000] {dag.py:3954} INFO - Setting next_dagrun for example_setup_teardown_taskflow to 2025-06-19 00:00:00+00:00, run_after=2025-06-20 00:00:00+00:00
[2025-06-20T16:43:12.528+0000] {processor.py:183} INFO - Processing /home/airflow/.local/lib/python3.12/site-packages/airflow/example_dags/example_setup_teardown_taskflow.py took 0.186 seconds
[2025-06-20T16:44:15.789+0000] {processor.py:161} INFO - Started process (PID=105) to work on /home/airflow/.local/lib/python3.12/site-packages/airflow/example_dags/example_setup_teardown_taskflow.py
[2025-06-20T16:44:15.790+0000] {processor.py:830} INFO - Processing file /home/airflow/.local/lib/python3.12/site-packages/airflow/example_dags/example_setup_teardown_taskflow.py for tasks to queue
[2025-06-20T16:44:15.792+0000] {logging_mixin.py:188} INFO - [2025-06-20T16:44:15.792+0000] {dagbag.py:540} INFO - Filling up the DagBag from /home/airflow/.local/lib/python3.12/site-packages/airflow/example_dags/example_setup_teardown_taskflow.py
[2025-06-20T16:44:15.803+0000] {processor.py:840} INFO - DAG(s) 'example_setup_teardown_taskflow' retrieved from /home/airflow/.local/lib/python3.12/site-packages/airflow/example_dags/example_setup_teardown_taskflow.py
[2025-06-20T16:44:15.909+0000] {logging_mixin.py:188} INFO - [2025-06-20T16:44:15.909+0000] {override.py:1829} INFO - Created Permission View: can delete on DAG:example_setup_teardown_taskflow
[2025-06-20T16:44:15.918+0000] {logging_mixin.py:188} INFO - [2025-06-20T16:44:15.918+0000] {override.py:1829} INFO - Created Permission View: can read on DAG:example_setup_teardown_taskflow
[2025-06-20T16:44:15.923+0000] {logging_mixin.py:188} INFO - [2025-06-20T16:44:15.923+0000] {override.py:1829} INFO - Created Permission View: can edit on DAG:example_setup_teardown_taskflow
[2025-06-20T16:44:15.924+0000] {logging_mixin.py:188} INFO - [2025-06-20T16:44:15.924+0000] {dag.py:3096} INFO - Sync 1 DAGs
[2025-06-20T16:44:15.934+0000] {logging_mixin.py:188} INFO - [2025-06-20T16:44:15.934+0000] {dag.py:3118} INFO - Creating ORM DAG for example_setup_teardown_taskflow
[2025-06-20T16:44:15.943+0000] {logging_mixin.py:188} INFO - [2025-06-20T16:44:15.943+0000] {dag.py:3954} INFO - Setting next_dagrun for example_setup_teardown_taskflow to 2025-06-19 00:00:00+00:00, run_after=2025-06-20 00:00:00+00:00
[2025-06-20T16:44:15.957+0000] {processor.py:183} INFO - Processing /home/airflow/.local/lib/python3.12/site-packages/airflow/example_dags/example_setup_teardown_taskflow.py took 0.174 seconds
[2025-06-20T16:44:46.059+0000] {processor.py:161} INFO - Started process (PID=164) to work on /home/airflow/.local/lib/python3.12/site-packages/airflow/example_dags/example_setup_teardown_taskflow.py
[2025-06-20T16:44:46.060+0000] {processor.py:830} INFO - Processing file /home/airflow/.local/lib/python3.12/site-packages/airflow/example_dags/example_setup_teardown_taskflow.py for tasks to queue
[2025-06-20T16:44:46.062+0000] {logging_mixin.py:188} INFO - [2025-06-20T16:44:46.061+0000] {dagbag.py:540} INFO - Filling up the DagBag from /home/airflow/.local/lib/python3.12/site-packages/airflow/example_dags/example_setup_teardown_taskflow.py
[2025-06-20T16:44:46.071+0000] {processor.py:840} INFO - DAG(s) 'example_setup_teardown_taskflow' retrieved from /home/airflow/.local/lib/python3.12/site-packages/airflow/example_dags/example_setup_teardown_taskflow.py
[2025-06-20T16:44:46.092+0000] {logging_mixin.py:188} INFO - [2025-06-20T16:44:46.092+0000] {dag.py:3096} INFO - Sync 1 DAGs
[2025-06-20T16:44:46.112+0000] {logging_mixin.py:188} INFO - [2025-06-20T16:44:46.112+0000] {dag.py:3954} INFO - Setting next_dagrun for example_setup_teardown_taskflow to 2025-06-19 00:00:00+00:00, run_after=2025-06-20 00:00:00+00:00
[2025-06-20T16:44:46.128+0000] {processor.py:183} INFO - Processing /home/airflow/.local/lib/python3.12/site-packages/airflow/example_dags/example_setup_teardown_taskflow.py took 0.075 seconds
[2025-06-20T16:45:16.588+0000] {processor.py:161} INFO - Started process (PID=223) to work on /home/airflow/.local/lib/python3.12/site-packages/airflow/example_dags/example_setup_teardown_taskflow.py
[2025-06-20T16:45:16.589+0000] {processor.py:830} INFO - Processing file /home/airflow/.local/lib/python3.12/site-packages/airflow/example_dags/example_setup_teardown_taskflow.py for tasks to queue
[2025-06-20T16:45:16.591+0000] {logging_mixin.py:188} INFO - [2025-06-20T16:45:16.591+0000] {dagbag.py:540} INFO - Filling up the DagBag from /home/airflow/.local/lib/python3.12/site-packages/airflow/example_dags/example_setup_teardown_taskflow.py
[2025-06-20T16:45:16.606+0000] {processor.py:840} INFO - DAG(s) 'example_setup_teardown_taskflow' retrieved from /home/airflow/.local/lib/python3.12/site-packages/airflow/example_dags/example_setup_teardown_taskflow.py
[2025-06-20T16:45:16.633+0000] {logging_mixin.py:188} INFO - [2025-06-20T16:45:16.632+0000] {dag.py:3096} INFO - Sync 1 DAGs
[2025-06-20T16:45:16.657+0000] {logging_mixin.py:188} INFO - [2025-06-20T16:45:16.656+0000] {dag.py:3954} INFO - Setting next_dagrun for example_setup_teardown_taskflow to 2025-06-19 00:00:00+00:00, run_after=2025-06-20 00:00:00+00:00
[2025-06-20T16:45:16.672+0000] {processor.py:183} INFO - Processing /home/airflow/.local/lib/python3.12/site-packages/airflow/example_dags/example_setup_teardown_taskflow.py took 0.089 seconds
[2025-06-20T16:45:47.044+0000] {processor.py:161} INFO - Started process (PID=282) to work on /home/airflow/.local/lib/python3.12/site-packages/airflow/example_dags/example_setup_teardown_taskflow.py
[2025-06-20T16:45:47.045+0000] {processor.py:830} INFO - Processing file /home/airflow/.local/lib/python3.12/site-packages/airflow/example_dags/example_setup_teardown_taskflow.py for tasks to queue
[2025-06-20T16:45:47.047+0000] {logging_mixin.py:188} INFO - [2025-06-20T16:45:47.047+0000] {dagbag.py:540} INFO - Filling up the DagBag from /home/airflow/.local/lib/python3.12/site-packages/airflow/example_dags/example_setup_teardown_taskflow.py
[2025-06-20T16:45:47.056+0000] {processor.py:840} INFO - DAG(s) 'example_setup_teardown_taskflow' retrieved from /home/airflow/.local/lib/python3.12/site-packages/airflow/example_dags/example_setup_teardown_taskflow.py
[2025-06-20T16:45:47.076+0000] {logging_mixin.py:188} INFO - [2025-06-20T16:45:47.076+0000] {dag.py:3096} INFO - Sync 1 DAGs
[2025-06-20T16:45:47.096+0000] {logging_mixin.py:188} INFO - [2025-06-20T16:45:47.096+0000] {dag.py:3954} INFO - Setting next_dagrun for example_setup_teardown_taskflow to 2025-06-19 00:00:00+00:00, run_after=2025-06-20 00:00:00+00:00
[2025-06-20T16:45:47.111+0000] {processor.py:183} INFO - Processing /home/airflow/.local/lib/python3.12/site-packages/airflow/example_dags/example_setup_teardown_taskflow.py took 0.073 seconds
[2025-06-20T16:46:17.360+0000] {processor.py:161} INFO - Started process (PID=341) to work on /home/airflow/.local/lib/python3.12/site-packages/airflow/example_dags/example_setup_teardown_taskflow.py
[2025-06-20T16:46:17.361+0000] {processor.py:830} INFO - Processing file /home/airflow/.local/lib/python3.12/site-packages/airflow/example_dags/example_setup_teardown_taskflow.py for tasks to queue
[2025-06-20T16:46:17.363+0000] {logging_mixin.py:188} INFO - [2025-06-20T16:46:17.362+0000] {dagbag.py:540} INFO - Filling up the DagBag from /home/airflow/.local/lib/python3.12/site-packages/airflow/example_dags/example_setup_teardown_taskflow.py
[2025-06-20T16:46:17.373+0000] {processor.py:840} INFO - DAG(s) 'example_setup_teardown_taskflow' retrieved from /home/airflow/.local/lib/python3.12/site-packages/airflow/example_dags/example_setup_teardown_taskflow.py
[2025-06-20T16:46:17.396+0000] {logging_mixin.py:188} INFO - [2025-06-20T16:46:17.396+0000] {dag.py:3096} INFO - Sync 1 DAGs
[2025-06-20T16:46:17.418+0000] {logging_mixin.py:188} INFO - [2025-06-20T16:46:17.418+0000] {dag.py:3954} INFO - Setting next_dagrun for example_setup_teardown_taskflow to 2025-06-19 00:00:00+00:00, run_after=2025-06-20 00:00:00+00:00
[2025-06-20T16:46:17.435+0000] {processor.py:183} INFO - Processing /home/airflow/.local/lib/python3.12/site-packages/airflow/example_dags/example_setup_teardown_taskflow.py took 0.081 seconds
[2025-06-20T16:46:47.624+0000] {processor.py:161} INFO - Started process (PID=400) to work on /home/airflow/.local/lib/python3.12/site-packages/airflow/example_dags/example_setup_teardown_taskflow.py
[2025-06-20T16:46:47.624+0000] {processor.py:830} INFO - Processing file /home/airflow/.local/lib/python3.12/site-packages/airflow/example_dags/example_setup_teardown_taskflow.py for tasks to queue
[2025-06-20T16:46:47.626+0000] {logging_mixin.py:188} INFO - [2025-06-20T16:46:47.626+0000] {dagbag.py:540} INFO - Filling up the DagBag from /home/airflow/.local/lib/python3.12/site-packages/airflow/example_dags/example_setup_teardown_taskflow.py
[2025-06-20T16:46:47.636+0000] {processor.py:840} INFO - DAG(s) 'example_setup_teardown_taskflow' retrieved from /home/airflow/.local/lib/python3.12/site-packages/airflow/example_dags/example_setup_teardown_taskflow.py
[2025-06-20T16:46:47.657+0000] {logging_mixin.py:188} INFO - [2025-06-20T16:46:47.657+0000] {dag.py:3096} INFO - Sync 1 DAGs
[2025-06-20T16:46:47.678+0000] {logging_mixin.py:188} INFO - [2025-06-20T16:46:47.678+0000] {dag.py:3954} INFO - Setting next_dagrun for example_setup_teardown_taskflow to 2025-06-19 00:00:00+00:00, run_after=2025-06-20 00:00:00+00:00
[2025-06-20T16:46:47.694+0000] {processor.py:183} INFO - Processing /home/airflow/.local/lib/python3.12/site-packages/airflow/example_dags/example_setup_teardown_taskflow.py took 0.077 seconds
[2025-06-20T16:47:18.009+0000] {processor.py:161} INFO - Started process (PID=459) to work on /home/airflow/.local/lib/python3.12/site-packages/airflow/example_dags/example_setup_teardown_taskflow.py
[2025-06-20T16:47:18.011+0000] {processor.py:830} INFO - Processing file /home/airflow/.local/lib/python3.12/site-packages/airflow/example_dags/example_setup_teardown_taskflow.py for tasks to queue
[2025-06-20T16:47:18.013+0000] {logging_mixin.py:188} INFO - [2025-06-20T16:47:18.012+0000] {dagbag.py:540} INFO - Filling up the DagBag from /home/airflow/.local/lib/python3.12/site-packages/airflow/example_dags/example_setup_teardown_taskflow.py
[2025-06-20T16:47:18.022+0000] {processor.py:840} INFO - DAG(s) 'example_setup_teardown_taskflow' retrieved from /home/airflow/.local/lib/python3.12/site-packages/airflow/example_dags/example_setup_teardown_taskflow.py
[2025-06-20T16:47:18.043+0000] {logging_mixin.py:188} INFO - [2025-06-20T16:47:18.043+0000] {dag.py:3096} INFO - Sync 1 DAGs
[2025-06-20T16:47:18.064+0000] {logging_mixin.py:188} INFO - [2025-06-20T16:47:18.064+0000] {dag.py:3954} INFO - Setting next_dagrun for example_setup_teardown_taskflow to 2025-06-19 00:00:00+00:00, run_after=2025-06-20 00:00:00+00:00
[2025-06-20T16:47:18.081+0000] {processor.py:183} INFO - Processing /home/airflow/.local/lib/python3.12/site-packages/airflow/example_dags/example_setup_teardown_taskflow.py took 0.077 seconds
[2025-06-20T16:47:48.356+0000] {processor.py:161} INFO - Started process (PID=518) to work on /home/airflow/.local/lib/python3.12/site-packages/airflow/example_dags/example_setup_teardown_taskflow.py
[2025-06-20T16:47:48.357+0000] {processor.py:830} INFO - Processing file /home/airflow/.local/lib/python3.12/site-packages/airflow/example_dags/example_setup_teardown_taskflow.py for tasks to queue
[2025-06-20T16:47:48.359+0000] {logging_mixin.py:188} INFO - [2025-06-20T16:47:48.358+0000] {dagbag.py:540} INFO - Filling up the DagBag from /home/airflow/.local/lib/python3.12/site-packages/airflow/example_dags/example_setup_teardown_taskflow.py
[2025-06-20T16:47:48.368+0000] {processor.py:840} INFO - DAG(s) 'example_setup_teardown_taskflow' retrieved from /home/airflow/.local/lib/python3.12/site-packages/airflow/example_dags/example_setup_teardown_taskflow.py
[2025-06-20T16:47:48.390+0000] {logging_mixin.py:188} INFO - [2025-06-20T16:47:48.390+0000] {dag.py:3096} INFO - Sync 1 DAGs
[2025-06-20T16:47:48.411+0000] {logging_mixin.py:188} INFO - [2025-06-20T16:47:48.410+0000] {dag.py:3954} INFO - Setting next_dagrun for example_setup_teardown_taskflow to 2025-06-19 00:00:00+00:00, run_after=2025-06-20 00:00:00+00:00
[2025-06-20T16:47:48.427+0000] {processor.py:183} INFO - Processing /home/airflow/.local/lib/python3.12/site-packages/airflow/example_dags/example_setup_teardown_taskflow.py took 0.078 seconds
[2025-06-20T16:48:18.737+0000] {processor.py:161} INFO - Started process (PID=577) to work on /home/airflow/.local/lib/python3.12/site-packages/airflow/example_dags/example_setup_teardown_taskflow.py
[2025-06-20T16:48:18.738+0000] {processor.py:830} INFO - Processing file /home/airflow/.local/lib/python3.12/site-packages/airflow/example_dags/example_setup_teardown_taskflow.py for tasks to queue
[2025-06-20T16:48:18.740+0000] {logging_mixin.py:188} INFO - [2025-06-20T16:48:18.740+0000] {dagbag.py:540} INFO - Filling up the DagBag from /home/airflow/.local/lib/python3.12/site-packages/airflow/example_dags/example_setup_teardown_taskflow.py
[2025-06-20T16:48:18.750+0000] {processor.py:840} INFO - DAG(s) 'example_setup_teardown_taskflow' retrieved from /home/airflow/.local/lib/python3.12/site-packages/airflow/example_dags/example_setup_teardown_taskflow.py
[2025-06-20T16:48:18.771+0000] {logging_mixin.py:188} INFO - [2025-06-20T16:48:18.771+0000] {dag.py:3096} INFO - Sync 1 DAGs
[2025-06-20T16:48:18.791+0000] {logging_mixin.py:188} INFO - [2025-06-20T16:48:18.791+0000] {dag.py:3954} INFO - Setting next_dagrun for example_setup_teardown_taskflow to 2025-06-19 00:00:00+00:00, run_after=2025-06-20 00:00:00+00:00
[2025-06-20T16:48:18.807+0000] {processor.py:183} INFO - Processing /home/airflow/.local/lib/python3.12/site-packages/airflow/example_dags/example_setup_teardown_taskflow.py took 0.075 seconds
[2025-06-20T16:48:49.079+0000] {processor.py:161} INFO - Started process (PID=636) to work on /home/airflow/.local/lib/python3.12/site-packages/airflow/example_dags/example_setup_teardown_taskflow.py
[2025-06-20T16:48:49.080+0000] {processor.py:830} INFO - Processing file /home/airflow/.local/lib/python3.12/site-packages/airflow/example_dags/example_setup_teardown_taskflow.py for tasks to queue
[2025-06-20T16:48:49.081+0000] {logging_mixin.py:188} INFO - [2025-06-20T16:48:49.081+0000] {dagbag.py:540} INFO - Filling up the DagBag from /home/airflow/.local/lib/python3.12/site-packages/airflow/example_dags/example_setup_teardown_taskflow.py
[2025-06-20T16:48:49.090+0000] {processor.py:840} INFO - DAG(s) 'example_setup_teardown_taskflow' retrieved from /home/airflow/.local/lib/python3.12/site-packages/airflow/example_dags/example_setup_teardown_taskflow.py
[2025-06-20T16:48:49.110+0000] {logging_mixin.py:188} INFO - [2025-06-20T16:48:49.110+0000] {dag.py:3096} INFO - Sync 1 DAGs
[2025-06-20T16:48:49.130+0000] {logging_mixin.py:188} INFO - [2025-06-20T16:48:49.130+0000] {dag.py:3954} INFO - Setting next_dagrun for example_setup_teardown_taskflow to 2025-06-19 00:00:00+00:00, run_after=2025-06-20 00:00:00+00:00
[2025-06-20T16:48:49.145+0000] {processor.py:183} INFO - Processing /home/airflow/.local/lib/python3.12/site-packages/airflow/example_dags/example_setup_teardown_taskflow.py took 0.073 seconds
[2025-06-20T16:49:19.523+0000] {processor.py:161} INFO - Started process (PID=695) to work on /home/airflow/.local/lib/python3.12/site-packages/airflow/example_dags/example_setup_teardown_taskflow.py
[2025-06-20T16:49:19.524+0000] {processor.py:830} INFO - Processing file /home/airflow/.local/lib/python3.12/site-packages/airflow/example_dags/example_setup_teardown_taskflow.py for tasks to queue
[2025-06-20T16:49:19.525+0000] {logging_mixin.py:188} INFO - [2025-06-20T16:49:19.525+0000] {dagbag.py:540} INFO - Filling up the DagBag from /home/airflow/.local/lib/python3.12/site-packages/airflow/example_dags/example_setup_teardown_taskflow.py
[2025-06-20T16:49:19.535+0000] {processor.py:840} INFO - DAG(s) 'example_setup_teardown_taskflow' retrieved from /home/airflow/.local/lib/python3.12/site-packages/airflow/example_dags/example_setup_teardown_taskflow.py
[2025-06-20T16:49:19.557+0000] {logging_mixin.py:188} INFO - [2025-06-20T16:49:19.557+0000] {dag.py:3096} INFO - Sync 1 DAGs
[2025-06-20T16:49:19.579+0000] {logging_mixin.py:188} INFO - [2025-06-20T16:49:19.579+0000] {dag.py:3954} INFO - Setting next_dagrun for example_setup_teardown_taskflow to 2025-06-19 00:00:00+00:00, run_after=2025-06-20 00:00:00+00:00
[2025-06-20T16:49:19.595+0000] {processor.py:183} INFO - Processing /home/airflow/.local/lib/python3.12/site-packages/airflow/example_dags/example_setup_teardown_taskflow.py took 0.078 seconds
[2025-06-20T16:49:49.849+0000] {processor.py:161} INFO - Started process (PID=754) to work on /home/airflow/.local/lib/python3.12/site-packages/airflow/example_dags/example_setup_teardown_taskflow.py
[2025-06-20T16:49:49.850+0000] {processor.py:830} INFO - Processing file /home/airflow/.local/lib/python3.12/site-packages/airflow/example_dags/example_setup_teardown_taskflow.py for tasks to queue
[2025-06-20T16:49:49.852+0000] {logging_mixin.py:188} INFO - [2025-06-20T16:49:49.852+0000] {dagbag.py:540} INFO - Filling up the DagBag from /home/airflow/.local/lib/python3.12/site-packages/airflow/example_dags/example_setup_teardown_taskflow.py
[2025-06-20T16:49:49.862+0000] {processor.py:840} INFO - DAG(s) 'example_setup_teardown_taskflow' retrieved from /home/airflow/.local/lib/python3.12/site-packages/airflow/example_dags/example_setup_teardown_taskflow.py
[2025-06-20T16:49:49.887+0000] {logging_mixin.py:188} INFO - [2025-06-20T16:49:49.887+0000] {dag.py:3096} INFO - Sync 1 DAGs
[2025-06-20T16:49:49.907+0000] {logging_mixin.py:188} INFO - [2025-06-20T16:49:49.906+0000] {dag.py:3954} INFO - Setting next_dagrun for example_setup_teardown_taskflow to 2025-06-19 00:00:00+00:00, run_after=2025-06-20 00:00:00+00:00
[2025-06-20T16:49:49.924+0000] {processor.py:183} INFO - Processing /home/airflow/.local/lib/python3.12/site-packages/airflow/example_dags/example_setup_teardown_taskflow.py took 0.081 seconds
[2025-06-20T16:50:20.316+0000] {processor.py:161} INFO - Started process (PID=813) to work on /home/airflow/.local/lib/python3.12/site-packages/airflow/example_dags/example_setup_teardown_taskflow.py
[2025-06-20T16:50:20.317+0000] {processor.py:830} INFO - Processing file /home/airflow/.local/lib/python3.12/site-packages/airflow/example_dags/example_setup_teardown_taskflow.py for tasks to queue
[2025-06-20T16:50:20.319+0000] {logging_mixin.py:188} INFO - [2025-06-20T16:50:20.319+0000] {dagbag.py:540} INFO - Filling up the DagBag from /home/airflow/.local/lib/python3.12/site-packages/airflow/example_dags/example_setup_teardown_taskflow.py
[2025-06-20T16:50:20.333+0000] {processor.py:840} INFO - DAG(s) 'example_setup_teardown_taskflow' retrieved from /home/airflow/.local/lib/python3.12/site-packages/airflow/example_dags/example_setup_teardown_taskflow.py
[2025-06-20T16:50:20.357+0000] {logging_mixin.py:188} INFO - [2025-06-20T16:50:20.357+0000] {dag.py:3096} INFO - Sync 1 DAGs
[2025-06-20T16:50:20.378+0000] {logging_mixin.py:188} INFO - [2025-06-20T16:50:20.377+0000] {dag.py:3954} INFO - Setting next_dagrun for example_setup_teardown_taskflow to 2025-06-19 00:00:00+00:00, run_after=2025-06-20 00:00:00+00:00
[2025-06-20T16:50:20.395+0000] {processor.py:183} INFO - Processing /home/airflow/.local/lib/python3.12/site-packages/airflow/example_dags/example_setup_teardown_taskflow.py took 0.085 seconds
[2025-06-20T16:50:50.715+0000] {processor.py:161} INFO - Started process (PID=872) to work on /home/airflow/.local/lib/python3.12/site-packages/airflow/example_dags/example_setup_teardown_taskflow.py
[2025-06-20T16:50:50.717+0000] {processor.py:830} INFO - Processing file /home/airflow/.local/lib/python3.12/site-packages/airflow/example_dags/example_setup_teardown_taskflow.py for tasks to queue
[2025-06-20T16:50:50.719+0000] {logging_mixin.py:188} INFO - [2025-06-20T16:50:50.718+0000] {dagbag.py:540} INFO - Filling up the DagBag from /home/airflow/.local/lib/python3.12/site-packages/airflow/example_dags/example_setup_teardown_taskflow.py
[2025-06-20T16:50:50.728+0000] {processor.py:840} INFO - DAG(s) 'example_setup_teardown_taskflow' retrieved from /home/airflow/.local/lib/python3.12/site-packages/airflow/example_dags/example_setup_teardown_taskflow.py
[2025-06-20T16:50:50.751+0000] {logging_mixin.py:188} INFO - [2025-06-20T16:50:50.751+0000] {dag.py:3096} INFO - Sync 1 DAGs
[2025-06-20T16:50:50.773+0000] {logging_mixin.py:188} INFO - [2025-06-20T16:50:50.772+0000] {dag.py:3954} INFO - Setting next_dagrun for example_setup_teardown_taskflow to 2025-06-19 00:00:00+00:00, run_after=2025-06-20 00:00:00+00:00
[2025-06-20T16:50:50.789+0000] {processor.py:183} INFO - Processing /home/airflow/.local/lib/python3.12/site-packages/airflow/example_dags/example_setup_teardown_taskflow.py took 0.080 seconds
