[2025-06-20T14:34:46.134+0000] {processor.py:161} INFO - Started process (PID=62) to work on /home/airflow/.local/lib/python3.12/site-packages/airflow/example_dags/example_python_operator.py
[2025-06-20T14:34:46.136+0000] {processor.py:830} INFO - Processing file /home/airflow/.local/lib/python3.12/site-packages/airflow/example_dags/example_python_operator.py for tasks to queue
[2025-06-20T14:34:46.138+0000] {logging_mixin.py:188} INFO - [2025-06-20T14:34:46.137+0000] {dagbag.py:540} INFO - Filling up the DagBag from /home/airflow/.local/lib/python3.12/site-packages/airflow/example_dags/example_python_operator.py
[2025-06-20T14:34:46.160+0000] {processor.py:840} INFO - DAG(s) 'example_python_operator' retrieved from /home/airflow/.local/lib/python3.12/site-packages/airflow/example_dags/example_python_operator.py
[2025-06-20T14:34:46.174+0000] {logging_mixin.py:188} INFO - [2025-06-20T14:34:46.173+0000] {dag.py:3096} INFO - Sync 1 DAGs
[2025-06-20T14:34:46.189+0000] {logging_mixin.py:188} INFO - [2025-06-20T14:34:46.189+0000] {dag.py:3954} INFO - Setting next_dagrun for example_python_operator to None, run_after=None
[2025-06-20T14:34:46.207+0000] {processor.py:183} INFO - Processing /home/airflow/.local/lib/python3.12/site-packages/airflow/example_dags/example_python_operator.py took 0.080 seconds
[2025-06-20T14:35:16.695+0000] {processor.py:161} INFO - Started process (PID=120) to work on /home/airflow/.local/lib/python3.12/site-packages/airflow/example_dags/example_python_operator.py
[2025-06-20T14:35:16.696+0000] {processor.py:830} INFO - Processing file /home/airflow/.local/lib/python3.12/site-packages/airflow/example_dags/example_python_operator.py for tasks to queue
[2025-06-20T14:35:16.698+0000] {logging_mixin.py:188} INFO - [2025-06-20T14:35:16.698+0000] {dagbag.py:540} INFO - Filling up the DagBag from /home/airflow/.local/lib/python3.12/site-packages/airflow/example_dags/example_python_operator.py
[2025-06-20T14:35:16.709+0000] {processor.py:840} INFO - DAG(s) 'example_python_operator' retrieved from /home/airflow/.local/lib/python3.12/site-packages/airflow/example_dags/example_python_operator.py
[2025-06-20T14:35:16.815+0000] {logging_mixin.py:188} INFO - [2025-06-20T14:35:16.815+0000] {dag.py:3096} INFO - Sync 1 DAGs
[2025-06-20T14:35:16.825+0000] {logging_mixin.py:188} INFO - [2025-06-20T14:35:16.825+0000] {dag.py:3954} INFO - Setting next_dagrun for example_python_operator to None, run_after=None
[2025-06-20T14:35:16.841+0000] {processor.py:183} INFO - Processing /home/airflow/.local/lib/python3.12/site-packages/airflow/example_dags/example_python_operator.py took 0.152 seconds
[2025-06-20T14:35:47.219+0000] {processor.py:161} INFO - Started process (PID=178) to work on /home/airflow/.local/lib/python3.12/site-packages/airflow/example_dags/example_python_operator.py
[2025-06-20T14:35:47.220+0000] {processor.py:830} INFO - Processing file /home/airflow/.local/lib/python3.12/site-packages/airflow/example_dags/example_python_operator.py for tasks to queue
[2025-06-20T14:35:47.223+0000] {logging_mixin.py:188} INFO - [2025-06-20T14:35:47.223+0000] {dagbag.py:540} INFO - Filling up the DagBag from /home/airflow/.local/lib/python3.12/site-packages/airflow/example_dags/example_python_operator.py
[2025-06-20T14:35:47.233+0000] {processor.py:840} INFO - DAG(s) 'example_python_operator' retrieved from /home/airflow/.local/lib/python3.12/site-packages/airflow/example_dags/example_python_operator.py
[2025-06-20T14:35:47.256+0000] {logging_mixin.py:188} INFO - [2025-06-20T14:35:47.256+0000] {dag.py:3096} INFO - Sync 1 DAGs
[2025-06-20T14:35:47.268+0000] {logging_mixin.py:188} INFO - [2025-06-20T14:35:47.267+0000] {dag.py:3954} INFO - Setting next_dagrun for example_python_operator to None, run_after=None
[2025-06-20T14:35:47.283+0000] {processor.py:183} INFO - Processing /home/airflow/.local/lib/python3.12/site-packages/airflow/example_dags/example_python_operator.py took 0.070 seconds
[2025-06-20T14:36:17.599+0000] {processor.py:161} INFO - Started process (PID=236) to work on /home/airflow/.local/lib/python3.12/site-packages/airflow/example_dags/example_python_operator.py
[2025-06-20T14:36:17.600+0000] {processor.py:830} INFO - Processing file /home/airflow/.local/lib/python3.12/site-packages/airflow/example_dags/example_python_operator.py for tasks to queue
[2025-06-20T14:36:17.602+0000] {logging_mixin.py:188} INFO - [2025-06-20T14:36:17.602+0000] {dagbag.py:540} INFO - Filling up the DagBag from /home/airflow/.local/lib/python3.12/site-packages/airflow/example_dags/example_python_operator.py
[2025-06-20T14:36:17.612+0000] {processor.py:840} INFO - DAG(s) 'example_python_operator' retrieved from /home/airflow/.local/lib/python3.12/site-packages/airflow/example_dags/example_python_operator.py
[2025-06-20T14:36:17.633+0000] {logging_mixin.py:188} INFO - [2025-06-20T14:36:17.633+0000] {dag.py:3096} INFO - Sync 1 DAGs
[2025-06-20T14:36:17.645+0000] {logging_mixin.py:188} INFO - [2025-06-20T14:36:17.644+0000] {dag.py:3954} INFO - Setting next_dagrun for example_python_operator to None, run_after=None
[2025-06-20T14:36:17.660+0000] {processor.py:183} INFO - Processing /home/airflow/.local/lib/python3.12/site-packages/airflow/example_dags/example_python_operator.py took 0.067 seconds
[2025-06-20T14:36:48.208+0000] {processor.py:161} INFO - Started process (PID=294) to work on /home/airflow/.local/lib/python3.12/site-packages/airflow/example_dags/example_python_operator.py
[2025-06-20T14:36:48.209+0000] {processor.py:830} INFO - Processing file /home/airflow/.local/lib/python3.12/site-packages/airflow/example_dags/example_python_operator.py for tasks to queue
[2025-06-20T14:36:48.211+0000] {logging_mixin.py:188} INFO - [2025-06-20T14:36:48.211+0000] {dagbag.py:540} INFO - Filling up the DagBag from /home/airflow/.local/lib/python3.12/site-packages/airflow/example_dags/example_python_operator.py
[2025-06-20T14:36:48.222+0000] {processor.py:840} INFO - DAG(s) 'example_python_operator' retrieved from /home/airflow/.local/lib/python3.12/site-packages/airflow/example_dags/example_python_operator.py
[2025-06-20T14:36:48.244+0000] {logging_mixin.py:188} INFO - [2025-06-20T14:36:48.244+0000] {dag.py:3096} INFO - Sync 1 DAGs
[2025-06-20T14:36:48.257+0000] {logging_mixin.py:188} INFO - [2025-06-20T14:36:48.257+0000] {dag.py:3954} INFO - Setting next_dagrun for example_python_operator to None, run_after=None
[2025-06-20T14:36:48.273+0000] {processor.py:183} INFO - Processing /home/airflow/.local/lib/python3.12/site-packages/airflow/example_dags/example_python_operator.py took 0.071 seconds
[2025-06-20T14:37:18.827+0000] {processor.py:161} INFO - Started process (PID=368) to work on /home/airflow/.local/lib/python3.12/site-packages/airflow/example_dags/example_python_operator.py
[2025-06-20T14:37:18.827+0000] {processor.py:830} INFO - Processing file /home/airflow/.local/lib/python3.12/site-packages/airflow/example_dags/example_python_operator.py for tasks to queue
[2025-06-20T14:37:18.829+0000] {logging_mixin.py:188} INFO - [2025-06-20T14:37:18.829+0000] {dagbag.py:540} INFO - Filling up the DagBag from /home/airflow/.local/lib/python3.12/site-packages/airflow/example_dags/example_python_operator.py
[2025-06-20T14:37:18.839+0000] {processor.py:840} INFO - DAG(s) 'example_python_operator' retrieved from /home/airflow/.local/lib/python3.12/site-packages/airflow/example_dags/example_python_operator.py
[2025-06-20T14:37:18.860+0000] {logging_mixin.py:188} INFO - [2025-06-20T14:37:18.860+0000] {dag.py:3096} INFO - Sync 1 DAGs
[2025-06-20T14:37:18.872+0000] {logging_mixin.py:188} INFO - [2025-06-20T14:37:18.871+0000] {dag.py:3954} INFO - Setting next_dagrun for example_python_operator to None, run_after=None
[2025-06-20T14:37:18.887+0000] {processor.py:183} INFO - Processing /home/airflow/.local/lib/python3.12/site-packages/airflow/example_dags/example_python_operator.py took 0.067 seconds
[2025-06-20T14:37:49.227+0000] {processor.py:161} INFO - Started process (PID=432) to work on /home/airflow/.local/lib/python3.12/site-packages/airflow/example_dags/example_python_operator.py
[2025-06-20T14:37:49.228+0000] {processor.py:830} INFO - Processing file /home/airflow/.local/lib/python3.12/site-packages/airflow/example_dags/example_python_operator.py for tasks to queue
[2025-06-20T14:37:49.230+0000] {logging_mixin.py:188} INFO - [2025-06-20T14:37:49.230+0000] {dagbag.py:540} INFO - Filling up the DagBag from /home/airflow/.local/lib/python3.12/site-packages/airflow/example_dags/example_python_operator.py
[2025-06-20T14:37:49.240+0000] {processor.py:840} INFO - DAG(s) 'example_python_operator' retrieved from /home/airflow/.local/lib/python3.12/site-packages/airflow/example_dags/example_python_operator.py
[2025-06-20T14:37:49.261+0000] {logging_mixin.py:188} INFO - [2025-06-20T14:37:49.261+0000] {dag.py:3096} INFO - Sync 1 DAGs
[2025-06-20T14:37:49.272+0000] {logging_mixin.py:188} INFO - [2025-06-20T14:37:49.272+0000] {dag.py:3954} INFO - Setting next_dagrun for example_python_operator to None, run_after=None
[2025-06-20T14:37:49.288+0000] {processor.py:183} INFO - Processing /home/airflow/.local/lib/python3.12/site-packages/airflow/example_dags/example_python_operator.py took 0.067 seconds
[2025-06-20T14:38:19.725+0000] {processor.py:161} INFO - Started process (PID=490) to work on /home/airflow/.local/lib/python3.12/site-packages/airflow/example_dags/example_python_operator.py
[2025-06-20T14:38:19.726+0000] {processor.py:830} INFO - Processing file /home/airflow/.local/lib/python3.12/site-packages/airflow/example_dags/example_python_operator.py for tasks to queue
[2025-06-20T14:38:19.728+0000] {logging_mixin.py:188} INFO - [2025-06-20T14:38:19.728+0000] {dagbag.py:540} INFO - Filling up the DagBag from /home/airflow/.local/lib/python3.12/site-packages/airflow/example_dags/example_python_operator.py
[2025-06-20T14:38:19.739+0000] {processor.py:840} INFO - DAG(s) 'example_python_operator' retrieved from /home/airflow/.local/lib/python3.12/site-packages/airflow/example_dags/example_python_operator.py
[2025-06-20T14:38:19.762+0000] {logging_mixin.py:188} INFO - [2025-06-20T14:38:19.762+0000] {dag.py:3096} INFO - Sync 1 DAGs
[2025-06-20T14:38:19.775+0000] {logging_mixin.py:188} INFO - [2025-06-20T14:38:19.774+0000] {dag.py:3954} INFO - Setting next_dagrun for example_python_operator to None, run_after=None
[2025-06-20T14:38:19.791+0000] {processor.py:183} INFO - Processing /home/airflow/.local/lib/python3.12/site-packages/airflow/example_dags/example_python_operator.py took 0.072 seconds
[2025-06-20T14:38:49.855+0000] {processor.py:161} INFO - Started process (PID=548) to work on /home/airflow/.local/lib/python3.12/site-packages/airflow/example_dags/example_python_operator.py
[2025-06-20T14:38:49.856+0000] {processor.py:830} INFO - Processing file /home/airflow/.local/lib/python3.12/site-packages/airflow/example_dags/example_python_operator.py for tasks to queue
[2025-06-20T14:38:49.858+0000] {logging_mixin.py:188} INFO - [2025-06-20T14:38:49.858+0000] {dagbag.py:540} INFO - Filling up the DagBag from /home/airflow/.local/lib/python3.12/site-packages/airflow/example_dags/example_python_operator.py
[2025-06-20T14:38:49.869+0000] {processor.py:840} INFO - DAG(s) 'example_python_operator' retrieved from /home/airflow/.local/lib/python3.12/site-packages/airflow/example_dags/example_python_operator.py
[2025-06-20T14:38:49.893+0000] {logging_mixin.py:188} INFO - [2025-06-20T14:38:49.893+0000] {dag.py:3096} INFO - Sync 1 DAGs
[2025-06-20T14:38:49.906+0000] {logging_mixin.py:188} INFO - [2025-06-20T14:38:49.906+0000] {dag.py:3954} INFO - Setting next_dagrun for example_python_operator to None, run_after=None
[2025-06-20T14:38:49.922+0000] {processor.py:183} INFO - Processing /home/airflow/.local/lib/python3.12/site-packages/airflow/example_dags/example_python_operator.py took 0.073 seconds
[2025-06-20T14:39:20.118+0000] {processor.py:161} INFO - Started process (PID=606) to work on /home/airflow/.local/lib/python3.12/site-packages/airflow/example_dags/example_python_operator.py
[2025-06-20T14:39:20.118+0000] {processor.py:830} INFO - Processing file /home/airflow/.local/lib/python3.12/site-packages/airflow/example_dags/example_python_operator.py for tasks to queue
[2025-06-20T14:39:20.120+0000] {logging_mixin.py:188} INFO - [2025-06-20T14:39:20.120+0000] {dagbag.py:540} INFO - Filling up the DagBag from /home/airflow/.local/lib/python3.12/site-packages/airflow/example_dags/example_python_operator.py
[2025-06-20T14:39:20.130+0000] {processor.py:840} INFO - DAG(s) 'example_python_operator' retrieved from /home/airflow/.local/lib/python3.12/site-packages/airflow/example_dags/example_python_operator.py
[2025-06-20T14:39:20.152+0000] {logging_mixin.py:188} INFO - [2025-06-20T14:39:20.152+0000] {dag.py:3096} INFO - Sync 1 DAGs
[2025-06-20T14:39:20.165+0000] {logging_mixin.py:188} INFO - [2025-06-20T14:39:20.165+0000] {dag.py:3954} INFO - Setting next_dagrun for example_python_operator to None, run_after=None
[2025-06-20T14:39:20.181+0000] {processor.py:183} INFO - Processing /home/airflow/.local/lib/python3.12/site-packages/airflow/example_dags/example_python_operator.py took 0.070 seconds
[2025-06-20T14:39:50.385+0000] {processor.py:161} INFO - Started process (PID=664) to work on /home/airflow/.local/lib/python3.12/site-packages/airflow/example_dags/example_python_operator.py
[2025-06-20T14:39:50.386+0000] {processor.py:830} INFO - Processing file /home/airflow/.local/lib/python3.12/site-packages/airflow/example_dags/example_python_operator.py for tasks to queue
[2025-06-20T14:39:50.387+0000] {logging_mixin.py:188} INFO - [2025-06-20T14:39:50.387+0000] {dagbag.py:540} INFO - Filling up the DagBag from /home/airflow/.local/lib/python3.12/site-packages/airflow/example_dags/example_python_operator.py
[2025-06-20T14:39:50.397+0000] {processor.py:840} INFO - DAG(s) 'example_python_operator' retrieved from /home/airflow/.local/lib/python3.12/site-packages/airflow/example_dags/example_python_operator.py
[2025-06-20T14:39:50.418+0000] {logging_mixin.py:188} INFO - [2025-06-20T14:39:50.418+0000] {dag.py:3096} INFO - Sync 1 DAGs
[2025-06-20T14:39:50.430+0000] {logging_mixin.py:188} INFO - [2025-06-20T14:39:50.430+0000] {dag.py:3954} INFO - Setting next_dagrun for example_python_operator to None, run_after=None
[2025-06-20T14:39:50.445+0000] {processor.py:183} INFO - Processing /home/airflow/.local/lib/python3.12/site-packages/airflow/example_dags/example_python_operator.py took 0.066 seconds
[2025-06-20T14:40:20.730+0000] {processor.py:161} INFO - Started process (PID=722) to work on /home/airflow/.local/lib/python3.12/site-packages/airflow/example_dags/example_python_operator.py
[2025-06-20T14:40:20.731+0000] {processor.py:830} INFO - Processing file /home/airflow/.local/lib/python3.12/site-packages/airflow/example_dags/example_python_operator.py for tasks to queue
[2025-06-20T14:40:20.733+0000] {logging_mixin.py:188} INFO - [2025-06-20T14:40:20.732+0000] {dagbag.py:540} INFO - Filling up the DagBag from /home/airflow/.local/lib/python3.12/site-packages/airflow/example_dags/example_python_operator.py
[2025-06-20T14:40:20.743+0000] {processor.py:840} INFO - DAG(s) 'example_python_operator' retrieved from /home/airflow/.local/lib/python3.12/site-packages/airflow/example_dags/example_python_operator.py
[2025-06-20T14:40:20.764+0000] {logging_mixin.py:188} INFO - [2025-06-20T14:40:20.764+0000] {dag.py:3096} INFO - Sync 1 DAGs
[2025-06-20T14:40:20.776+0000] {logging_mixin.py:188} INFO - [2025-06-20T14:40:20.776+0000] {dag.py:3954} INFO - Setting next_dagrun for example_python_operator to None, run_after=None
[2025-06-20T14:40:20.791+0000] {processor.py:183} INFO - Processing /home/airflow/.local/lib/python3.12/site-packages/airflow/example_dags/example_python_operator.py took 0.068 seconds
[2025-06-20T14:40:50.991+0000] {processor.py:161} INFO - Started process (PID=780) to work on /home/airflow/.local/lib/python3.12/site-packages/airflow/example_dags/example_python_operator.py
[2025-06-20T14:40:50.992+0000] {processor.py:830} INFO - Processing file /home/airflow/.local/lib/python3.12/site-packages/airflow/example_dags/example_python_operator.py for tasks to queue
[2025-06-20T14:40:50.994+0000] {logging_mixin.py:188} INFO - [2025-06-20T14:40:50.993+0000] {dagbag.py:540} INFO - Filling up the DagBag from /home/airflow/.local/lib/python3.12/site-packages/airflow/example_dags/example_python_operator.py
[2025-06-20T14:40:51.004+0000] {processor.py:840} INFO - DAG(s) 'example_python_operator' retrieved from /home/airflow/.local/lib/python3.12/site-packages/airflow/example_dags/example_python_operator.py
[2025-06-20T14:40:51.025+0000] {logging_mixin.py:188} INFO - [2025-06-20T14:40:51.025+0000] {dag.py:3096} INFO - Sync 1 DAGs
[2025-06-20T14:40:51.036+0000] {logging_mixin.py:188} INFO - [2025-06-20T14:40:51.036+0000] {dag.py:3954} INFO - Setting next_dagrun for example_python_operator to None, run_after=None
[2025-06-20T14:40:51.052+0000] {processor.py:183} INFO - Processing /home/airflow/.local/lib/python3.12/site-packages/airflow/example_dags/example_python_operator.py took 0.067 seconds
[2025-06-20T14:41:21.208+0000] {processor.py:161} INFO - Started process (PID=838) to work on /home/airflow/.local/lib/python3.12/site-packages/airflow/example_dags/example_python_operator.py
[2025-06-20T14:41:21.209+0000] {processor.py:830} INFO - Processing file /home/airflow/.local/lib/python3.12/site-packages/airflow/example_dags/example_python_operator.py for tasks to queue
[2025-06-20T14:41:21.211+0000] {logging_mixin.py:188} INFO - [2025-06-20T14:41:21.210+0000] {dagbag.py:540} INFO - Filling up the DagBag from /home/airflow/.local/lib/python3.12/site-packages/airflow/example_dags/example_python_operator.py
[2025-06-20T14:41:21.221+0000] {processor.py:840} INFO - DAG(s) 'example_python_operator' retrieved from /home/airflow/.local/lib/python3.12/site-packages/airflow/example_dags/example_python_operator.py
[2025-06-20T14:41:21.242+0000] {logging_mixin.py:188} INFO - [2025-06-20T14:41:21.242+0000] {dag.py:3096} INFO - Sync 1 DAGs
[2025-06-20T14:41:21.254+0000] {logging_mixin.py:188} INFO - [2025-06-20T14:41:21.254+0000] {dag.py:3954} INFO - Setting next_dagrun for example_python_operator to None, run_after=None
[2025-06-20T14:41:21.270+0000] {processor.py:183} INFO - Processing /home/airflow/.local/lib/python3.12/site-packages/airflow/example_dags/example_python_operator.py took 0.068 seconds
[2025-06-20T14:41:51.497+0000] {processor.py:161} INFO - Started process (PID=896) to work on /home/airflow/.local/lib/python3.12/site-packages/airflow/example_dags/example_python_operator.py
[2025-06-20T14:41:51.498+0000] {processor.py:830} INFO - Processing file /home/airflow/.local/lib/python3.12/site-packages/airflow/example_dags/example_python_operator.py for tasks to queue
[2025-06-20T14:41:51.500+0000] {logging_mixin.py:188} INFO - [2025-06-20T14:41:51.500+0000] {dagbag.py:540} INFO - Filling up the DagBag from /home/airflow/.local/lib/python3.12/site-packages/airflow/example_dags/example_python_operator.py
[2025-06-20T14:41:51.511+0000] {processor.py:840} INFO - DAG(s) 'example_python_operator' retrieved from /home/airflow/.local/lib/python3.12/site-packages/airflow/example_dags/example_python_operator.py
[2025-06-20T14:41:51.533+0000] {logging_mixin.py:188} INFO - [2025-06-20T14:41:51.533+0000] {dag.py:3096} INFO - Sync 1 DAGs
[2025-06-20T14:41:51.546+0000] {logging_mixin.py:188} INFO - [2025-06-20T14:41:51.546+0000] {dag.py:3954} INFO - Setting next_dagrun for example_python_operator to None, run_after=None
[2025-06-20T14:41:51.563+0000] {processor.py:183} INFO - Processing /home/airflow/.local/lib/python3.12/site-packages/airflow/example_dags/example_python_operator.py took 0.072 seconds
[2025-06-20T14:42:22.126+0000] {processor.py:161} INFO - Started process (PID=954) to work on /home/airflow/.local/lib/python3.12/site-packages/airflow/example_dags/example_python_operator.py
[2025-06-20T14:42:22.127+0000] {processor.py:830} INFO - Processing file /home/airflow/.local/lib/python3.12/site-packages/airflow/example_dags/example_python_operator.py for tasks to queue
[2025-06-20T14:42:22.129+0000] {logging_mixin.py:188} INFO - [2025-06-20T14:42:22.129+0000] {dagbag.py:540} INFO - Filling up the DagBag from /home/airflow/.local/lib/python3.12/site-packages/airflow/example_dags/example_python_operator.py
[2025-06-20T14:42:22.140+0000] {processor.py:840} INFO - DAG(s) 'example_python_operator' retrieved from /home/airflow/.local/lib/python3.12/site-packages/airflow/example_dags/example_python_operator.py
[2025-06-20T14:42:22.161+0000] {logging_mixin.py:188} INFO - [2025-06-20T14:42:22.161+0000] {dag.py:3096} INFO - Sync 1 DAGs
[2025-06-20T14:42:22.173+0000] {logging_mixin.py:188} INFO - [2025-06-20T14:42:22.173+0000] {dag.py:3954} INFO - Setting next_dagrun for example_python_operator to None, run_after=None
[2025-06-20T14:42:22.190+0000] {processor.py:183} INFO - Processing /home/airflow/.local/lib/python3.12/site-packages/airflow/example_dags/example_python_operator.py took 0.070 seconds
[2025-06-20T14:42:52.987+0000] {processor.py:161} INFO - Started process (PID=1012) to work on /home/airflow/.local/lib/python3.12/site-packages/airflow/example_dags/example_python_operator.py
[2025-06-20T14:42:52.988+0000] {processor.py:830} INFO - Processing file /home/airflow/.local/lib/python3.12/site-packages/airflow/example_dags/example_python_operator.py for tasks to queue
[2025-06-20T14:42:52.990+0000] {logging_mixin.py:188} INFO - [2025-06-20T14:42:52.989+0000] {dagbag.py:540} INFO - Filling up the DagBag from /home/airflow/.local/lib/python3.12/site-packages/airflow/example_dags/example_python_operator.py
[2025-06-20T14:42:53.000+0000] {processor.py:840} INFO - DAG(s) 'example_python_operator' retrieved from /home/airflow/.local/lib/python3.12/site-packages/airflow/example_dags/example_python_operator.py
[2025-06-20T14:42:53.021+0000] {logging_mixin.py:188} INFO - [2025-06-20T14:42:53.021+0000] {dag.py:3096} INFO - Sync 1 DAGs
[2025-06-20T14:42:53.033+0000] {logging_mixin.py:188} INFO - [2025-06-20T14:42:53.033+0000] {dag.py:3954} INFO - Setting next_dagrun for example_python_operator to None, run_after=None
[2025-06-20T14:42:53.049+0000] {processor.py:183} INFO - Processing /home/airflow/.local/lib/python3.12/site-packages/airflow/example_dags/example_python_operator.py took 0.069 seconds
[2025-06-20T14:43:23.396+0000] {processor.py:161} INFO - Started process (PID=1070) to work on /home/airflow/.local/lib/python3.12/site-packages/airflow/example_dags/example_python_operator.py
[2025-06-20T14:43:23.397+0000] {processor.py:830} INFO - Processing file /home/airflow/.local/lib/python3.12/site-packages/airflow/example_dags/example_python_operator.py for tasks to queue
[2025-06-20T14:43:23.399+0000] {logging_mixin.py:188} INFO - [2025-06-20T14:43:23.399+0000] {dagbag.py:540} INFO - Filling up the DagBag from /home/airflow/.local/lib/python3.12/site-packages/airflow/example_dags/example_python_operator.py
[2025-06-20T14:43:23.409+0000] {processor.py:840} INFO - DAG(s) 'example_python_operator' retrieved from /home/airflow/.local/lib/python3.12/site-packages/airflow/example_dags/example_python_operator.py
[2025-06-20T14:43:23.431+0000] {logging_mixin.py:188} INFO - [2025-06-20T14:43:23.431+0000] {dag.py:3096} INFO - Sync 1 DAGs
[2025-06-20T14:43:23.442+0000] {logging_mixin.py:188} INFO - [2025-06-20T14:43:23.442+0000] {dag.py:3954} INFO - Setting next_dagrun for example_python_operator to None, run_after=None
[2025-06-20T14:43:23.458+0000] {processor.py:183} INFO - Processing /home/airflow/.local/lib/python3.12/site-packages/airflow/example_dags/example_python_operator.py took 0.068 seconds
[2025-06-20T14:43:53.528+0000] {processor.py:161} INFO - Started process (PID=1128) to work on /home/airflow/.local/lib/python3.12/site-packages/airflow/example_dags/example_python_operator.py
[2025-06-20T14:43:53.529+0000] {processor.py:830} INFO - Processing file /home/airflow/.local/lib/python3.12/site-packages/airflow/example_dags/example_python_operator.py for tasks to queue
[2025-06-20T14:43:53.531+0000] {logging_mixin.py:188} INFO - [2025-06-20T14:43:53.531+0000] {dagbag.py:540} INFO - Filling up the DagBag from /home/airflow/.local/lib/python3.12/site-packages/airflow/example_dags/example_python_operator.py
[2025-06-20T14:43:53.541+0000] {processor.py:840} INFO - DAG(s) 'example_python_operator' retrieved from /home/airflow/.local/lib/python3.12/site-packages/airflow/example_dags/example_python_operator.py
[2025-06-20T14:43:53.562+0000] {logging_mixin.py:188} INFO - [2025-06-20T14:43:53.562+0000] {dag.py:3096} INFO - Sync 1 DAGs
[2025-06-20T14:43:53.574+0000] {logging_mixin.py:188} INFO - [2025-06-20T14:43:53.573+0000] {dag.py:3954} INFO - Setting next_dagrun for example_python_operator to None, run_after=None
[2025-06-20T14:43:53.589+0000] {processor.py:183} INFO - Processing /home/airflow/.local/lib/python3.12/site-packages/airflow/example_dags/example_python_operator.py took 0.067 seconds
[2025-06-20T14:44:23.707+0000] {processor.py:161} INFO - Started process (PID=1186) to work on /home/airflow/.local/lib/python3.12/site-packages/airflow/example_dags/example_python_operator.py
[2025-06-20T14:44:23.708+0000] {processor.py:830} INFO - Processing file /home/airflow/.local/lib/python3.12/site-packages/airflow/example_dags/example_python_operator.py for tasks to queue
[2025-06-20T14:44:23.710+0000] {logging_mixin.py:188} INFO - [2025-06-20T14:44:23.710+0000] {dagbag.py:540} INFO - Filling up the DagBag from /home/airflow/.local/lib/python3.12/site-packages/airflow/example_dags/example_python_operator.py
[2025-06-20T14:44:23.720+0000] {processor.py:840} INFO - DAG(s) 'example_python_operator' retrieved from /home/airflow/.local/lib/python3.12/site-packages/airflow/example_dags/example_python_operator.py
[2025-06-20T14:44:23.741+0000] {logging_mixin.py:188} INFO - [2025-06-20T14:44:23.741+0000] {dag.py:3096} INFO - Sync 1 DAGs
[2025-06-20T14:44:23.753+0000] {logging_mixin.py:188} INFO - [2025-06-20T14:44:23.752+0000] {dag.py:3954} INFO - Setting next_dagrun for example_python_operator to None, run_after=None
[2025-06-20T14:44:23.768+0000] {processor.py:183} INFO - Processing /home/airflow/.local/lib/python3.12/site-packages/airflow/example_dags/example_python_operator.py took 0.067 seconds
[2025-06-20T14:44:54.225+0000] {processor.py:161} INFO - Started process (PID=1244) to work on /home/airflow/.local/lib/python3.12/site-packages/airflow/example_dags/example_python_operator.py
[2025-06-20T14:44:54.226+0000] {processor.py:830} INFO - Processing file /home/airflow/.local/lib/python3.12/site-packages/airflow/example_dags/example_python_operator.py for tasks to queue
[2025-06-20T14:44:54.228+0000] {logging_mixin.py:188} INFO - [2025-06-20T14:44:54.228+0000] {dagbag.py:540} INFO - Filling up the DagBag from /home/airflow/.local/lib/python3.12/site-packages/airflow/example_dags/example_python_operator.py
[2025-06-20T14:44:54.240+0000] {processor.py:840} INFO - DAG(s) 'example_python_operator' retrieved from /home/airflow/.local/lib/python3.12/site-packages/airflow/example_dags/example_python_operator.py
[2025-06-20T14:44:54.261+0000] {logging_mixin.py:188} INFO - [2025-06-20T14:44:54.261+0000] {dag.py:3096} INFO - Sync 1 DAGs
[2025-06-20T14:44:54.273+0000] {logging_mixin.py:188} INFO - [2025-06-20T14:44:54.273+0000] {dag.py:3954} INFO - Setting next_dagrun for example_python_operator to None, run_after=None
[2025-06-20T14:44:54.289+0000] {processor.py:183} INFO - Processing /home/airflow/.local/lib/python3.12/site-packages/airflow/example_dags/example_python_operator.py took 0.070 seconds
[2025-06-20T14:45:25.020+0000] {processor.py:161} INFO - Started process (PID=1302) to work on /home/airflow/.local/lib/python3.12/site-packages/airflow/example_dags/example_python_operator.py
[2025-06-20T14:45:25.021+0000] {processor.py:830} INFO - Processing file /home/airflow/.local/lib/python3.12/site-packages/airflow/example_dags/example_python_operator.py for tasks to queue
[2025-06-20T14:45:25.022+0000] {logging_mixin.py:188} INFO - [2025-06-20T14:45:25.022+0000] {dagbag.py:540} INFO - Filling up the DagBag from /home/airflow/.local/lib/python3.12/site-packages/airflow/example_dags/example_python_operator.py
[2025-06-20T14:45:25.033+0000] {processor.py:840} INFO - DAG(s) 'example_python_operator' retrieved from /home/airflow/.local/lib/python3.12/site-packages/airflow/example_dags/example_python_operator.py
[2025-06-20T14:45:25.054+0000] {logging_mixin.py:188} INFO - [2025-06-20T14:45:25.053+0000] {dag.py:3096} INFO - Sync 1 DAGs
[2025-06-20T14:45:25.184+0000] {logging_mixin.py:188} INFO - [2025-06-20T14:45:25.183+0000] {dag.py:3954} INFO - Setting next_dagrun for example_python_operator to None, run_after=None
[2025-06-20T14:45:25.198+0000] {processor.py:183} INFO - Processing /home/airflow/.local/lib/python3.12/site-packages/airflow/example_dags/example_python_operator.py took 0.184 seconds
[2025-06-20T14:45:55.887+0000] {processor.py:161} INFO - Started process (PID=1360) to work on /home/airflow/.local/lib/python3.12/site-packages/airflow/example_dags/example_python_operator.py
[2025-06-20T14:45:55.888+0000] {processor.py:830} INFO - Processing file /home/airflow/.local/lib/python3.12/site-packages/airflow/example_dags/example_python_operator.py for tasks to queue
[2025-06-20T14:45:55.889+0000] {logging_mixin.py:188} INFO - [2025-06-20T14:45:55.889+0000] {dagbag.py:540} INFO - Filling up the DagBag from /home/airflow/.local/lib/python3.12/site-packages/airflow/example_dags/example_python_operator.py
[2025-06-20T14:45:55.900+0000] {processor.py:840} INFO - DAG(s) 'example_python_operator' retrieved from /home/airflow/.local/lib/python3.12/site-packages/airflow/example_dags/example_python_operator.py
[2025-06-20T14:45:55.921+0000] {logging_mixin.py:188} INFO - [2025-06-20T14:45:55.920+0000] {dag.py:3096} INFO - Sync 1 DAGs
[2025-06-20T14:45:55.932+0000] {logging_mixin.py:188} INFO - [2025-06-20T14:45:55.932+0000] {dag.py:3954} INFO - Setting next_dagrun for example_python_operator to None, run_after=None
[2025-06-20T14:45:55.948+0000] {processor.py:183} INFO - Processing /home/airflow/.local/lib/python3.12/site-packages/airflow/example_dags/example_python_operator.py took 0.068 seconds
[2025-06-20T14:46:26.117+0000] {processor.py:161} INFO - Started process (PID=1418) to work on /home/airflow/.local/lib/python3.12/site-packages/airflow/example_dags/example_python_operator.py
[2025-06-20T14:46:26.118+0000] {processor.py:830} INFO - Processing file /home/airflow/.local/lib/python3.12/site-packages/airflow/example_dags/example_python_operator.py for tasks to queue
[2025-06-20T14:46:26.120+0000] {logging_mixin.py:188} INFO - [2025-06-20T14:46:26.119+0000] {dagbag.py:540} INFO - Filling up the DagBag from /home/airflow/.local/lib/python3.12/site-packages/airflow/example_dags/example_python_operator.py
[2025-06-20T14:46:26.130+0000] {processor.py:840} INFO - DAG(s) 'example_python_operator' retrieved from /home/airflow/.local/lib/python3.12/site-packages/airflow/example_dags/example_python_operator.py
[2025-06-20T14:46:26.152+0000] {logging_mixin.py:188} INFO - [2025-06-20T14:46:26.152+0000] {dag.py:3096} INFO - Sync 1 DAGs
[2025-06-20T14:46:26.164+0000] {logging_mixin.py:188} INFO - [2025-06-20T14:46:26.164+0000] {dag.py:3954} INFO - Setting next_dagrun for example_python_operator to None, run_after=None
[2025-06-20T14:46:26.180+0000] {processor.py:183} INFO - Processing /home/airflow/.local/lib/python3.12/site-packages/airflow/example_dags/example_python_operator.py took 0.069 seconds
[2025-06-20T14:46:56.464+0000] {processor.py:161} INFO - Started process (PID=1476) to work on /home/airflow/.local/lib/python3.12/site-packages/airflow/example_dags/example_python_operator.py
[2025-06-20T14:46:56.465+0000] {processor.py:830} INFO - Processing file /home/airflow/.local/lib/python3.12/site-packages/airflow/example_dags/example_python_operator.py for tasks to queue
[2025-06-20T14:46:56.467+0000] {logging_mixin.py:188} INFO - [2025-06-20T14:46:56.466+0000] {dagbag.py:540} INFO - Filling up the DagBag from /home/airflow/.local/lib/python3.12/site-packages/airflow/example_dags/example_python_operator.py
[2025-06-20T14:46:56.477+0000] {processor.py:840} INFO - DAG(s) 'example_python_operator' retrieved from /home/airflow/.local/lib/python3.12/site-packages/airflow/example_dags/example_python_operator.py
[2025-06-20T14:46:56.498+0000] {logging_mixin.py:188} INFO - [2025-06-20T14:46:56.498+0000] {dag.py:3096} INFO - Sync 1 DAGs
[2025-06-20T14:46:56.511+0000] {logging_mixin.py:188} INFO - [2025-06-20T14:46:56.511+0000] {dag.py:3954} INFO - Setting next_dagrun for example_python_operator to None, run_after=None
[2025-06-20T14:46:56.527+0000] {processor.py:183} INFO - Processing /home/airflow/.local/lib/python3.12/site-packages/airflow/example_dags/example_python_operator.py took 0.069 seconds
[2025-06-20T14:47:26.700+0000] {processor.py:161} INFO - Started process (PID=1534) to work on /home/airflow/.local/lib/python3.12/site-packages/airflow/example_dags/example_python_operator.py
[2025-06-20T14:47:26.701+0000] {processor.py:830} INFO - Processing file /home/airflow/.local/lib/python3.12/site-packages/airflow/example_dags/example_python_operator.py for tasks to queue
[2025-06-20T14:47:26.703+0000] {logging_mixin.py:188} INFO - [2025-06-20T14:47:26.703+0000] {dagbag.py:540} INFO - Filling up the DagBag from /home/airflow/.local/lib/python3.12/site-packages/airflow/example_dags/example_python_operator.py
[2025-06-20T14:47:26.714+0000] {processor.py:840} INFO - DAG(s) 'example_python_operator' retrieved from /home/airflow/.local/lib/python3.12/site-packages/airflow/example_dags/example_python_operator.py
[2025-06-20T14:47:26.735+0000] {logging_mixin.py:188} INFO - [2025-06-20T14:47:26.735+0000] {dag.py:3096} INFO - Sync 1 DAGs
[2025-06-20T14:47:26.750+0000] {logging_mixin.py:188} INFO - [2025-06-20T14:47:26.750+0000] {dag.py:3954} INFO - Setting next_dagrun for example_python_operator to None, run_after=None
[2025-06-20T14:47:26.766+0000] {processor.py:183} INFO - Processing /home/airflow/.local/lib/python3.12/site-packages/airflow/example_dags/example_python_operator.py took 0.072 seconds
[2025-06-20T14:47:56.997+0000] {processor.py:161} INFO - Started process (PID=1592) to work on /home/airflow/.local/lib/python3.12/site-packages/airflow/example_dags/example_python_operator.py
[2025-06-20T14:47:56.998+0000] {processor.py:830} INFO - Processing file /home/airflow/.local/lib/python3.12/site-packages/airflow/example_dags/example_python_operator.py for tasks to queue
[2025-06-20T14:47:57.000+0000] {logging_mixin.py:188} INFO - [2025-06-20T14:47:57.000+0000] {dagbag.py:540} INFO - Filling up the DagBag from /home/airflow/.local/lib/python3.12/site-packages/airflow/example_dags/example_python_operator.py
[2025-06-20T14:47:57.010+0000] {processor.py:840} INFO - DAG(s) 'example_python_operator' retrieved from /home/airflow/.local/lib/python3.12/site-packages/airflow/example_dags/example_python_operator.py
[2025-06-20T14:47:57.032+0000] {logging_mixin.py:188} INFO - [2025-06-20T14:47:57.031+0000] {dag.py:3096} INFO - Sync 1 DAGs
[2025-06-20T14:47:57.043+0000] {logging_mixin.py:188} INFO - [2025-06-20T14:47:57.043+0000] {dag.py:3954} INFO - Setting next_dagrun for example_python_operator to None, run_after=None
[2025-06-20T14:47:57.059+0000] {processor.py:183} INFO - Processing /home/airflow/.local/lib/python3.12/site-packages/airflow/example_dags/example_python_operator.py took 0.068 seconds
[2025-06-20T14:48:27.417+0000] {processor.py:161} INFO - Started process (PID=1650) to work on /home/airflow/.local/lib/python3.12/site-packages/airflow/example_dags/example_python_operator.py
[2025-06-20T14:48:27.418+0000] {processor.py:830} INFO - Processing file /home/airflow/.local/lib/python3.12/site-packages/airflow/example_dags/example_python_operator.py for tasks to queue
[2025-06-20T14:48:27.420+0000] {logging_mixin.py:188} INFO - [2025-06-20T14:48:27.419+0000] {dagbag.py:540} INFO - Filling up the DagBag from /home/airflow/.local/lib/python3.12/site-packages/airflow/example_dags/example_python_operator.py
[2025-06-20T14:48:27.430+0000] {processor.py:840} INFO - DAG(s) 'example_python_operator' retrieved from /home/airflow/.local/lib/python3.12/site-packages/airflow/example_dags/example_python_operator.py
[2025-06-20T14:48:27.451+0000] {logging_mixin.py:188} INFO - [2025-06-20T14:48:27.451+0000] {dag.py:3096} INFO - Sync 1 DAGs
[2025-06-20T14:48:27.463+0000] {logging_mixin.py:188} INFO - [2025-06-20T14:48:27.463+0000] {dag.py:3954} INFO - Setting next_dagrun for example_python_operator to None, run_after=None
[2025-06-20T14:48:27.479+0000] {processor.py:183} INFO - Processing /home/airflow/.local/lib/python3.12/site-packages/airflow/example_dags/example_python_operator.py took 0.068 seconds
[2025-06-20T14:48:57.629+0000] {processor.py:161} INFO - Started process (PID=1708) to work on /home/airflow/.local/lib/python3.12/site-packages/airflow/example_dags/example_python_operator.py
[2025-06-20T14:48:57.630+0000] {processor.py:830} INFO - Processing file /home/airflow/.local/lib/python3.12/site-packages/airflow/example_dags/example_python_operator.py for tasks to queue
[2025-06-20T14:48:57.632+0000] {logging_mixin.py:188} INFO - [2025-06-20T14:48:57.632+0000] {dagbag.py:540} INFO - Filling up the DagBag from /home/airflow/.local/lib/python3.12/site-packages/airflow/example_dags/example_python_operator.py
[2025-06-20T14:48:57.643+0000] {processor.py:840} INFO - DAG(s) 'example_python_operator' retrieved from /home/airflow/.local/lib/python3.12/site-packages/airflow/example_dags/example_python_operator.py
[2025-06-20T14:48:57.665+0000] {logging_mixin.py:188} INFO - [2025-06-20T14:48:57.665+0000] {dag.py:3096} INFO - Sync 1 DAGs
[2025-06-20T14:48:57.677+0000] {logging_mixin.py:188} INFO - [2025-06-20T14:48:57.677+0000] {dag.py:3954} INFO - Setting next_dagrun for example_python_operator to None, run_after=None
[2025-06-20T14:48:57.693+0000] {processor.py:183} INFO - Processing /home/airflow/.local/lib/python3.12/site-packages/airflow/example_dags/example_python_operator.py took 0.070 seconds
[2025-06-20T14:49:27.741+0000] {processor.py:161} INFO - Started process (PID=1766) to work on /home/airflow/.local/lib/python3.12/site-packages/airflow/example_dags/example_python_operator.py
[2025-06-20T14:49:27.742+0000] {processor.py:830} INFO - Processing file /home/airflow/.local/lib/python3.12/site-packages/airflow/example_dags/example_python_operator.py for tasks to queue
[2025-06-20T14:49:27.744+0000] {logging_mixin.py:188} INFO - [2025-06-20T14:49:27.744+0000] {dagbag.py:540} INFO - Filling up the DagBag from /home/airflow/.local/lib/python3.12/site-packages/airflow/example_dags/example_python_operator.py
[2025-06-20T14:49:27.754+0000] {processor.py:840} INFO - DAG(s) 'example_python_operator' retrieved from /home/airflow/.local/lib/python3.12/site-packages/airflow/example_dags/example_python_operator.py
[2025-06-20T14:49:27.776+0000] {logging_mixin.py:188} INFO - [2025-06-20T14:49:27.776+0000] {dag.py:3096} INFO - Sync 1 DAGs
[2025-06-20T14:49:27.788+0000] {logging_mixin.py:188} INFO - [2025-06-20T14:49:27.788+0000] {dag.py:3954} INFO - Setting next_dagrun for example_python_operator to None, run_after=None
[2025-06-20T14:49:27.804+0000] {processor.py:183} INFO - Processing /home/airflow/.local/lib/python3.12/site-packages/airflow/example_dags/example_python_operator.py took 0.069 seconds
[2025-06-20T14:49:58.050+0000] {processor.py:161} INFO - Started process (PID=1824) to work on /home/airflow/.local/lib/python3.12/site-packages/airflow/example_dags/example_python_operator.py
[2025-06-20T14:49:58.051+0000] {processor.py:830} INFO - Processing file /home/airflow/.local/lib/python3.12/site-packages/airflow/example_dags/example_python_operator.py for tasks to queue
[2025-06-20T14:49:58.054+0000] {logging_mixin.py:188} INFO - [2025-06-20T14:49:58.054+0000] {dagbag.py:540} INFO - Filling up the DagBag from /home/airflow/.local/lib/python3.12/site-packages/airflow/example_dags/example_python_operator.py
[2025-06-20T14:49:58.070+0000] {processor.py:840} INFO - DAG(s) 'example_python_operator' retrieved from /home/airflow/.local/lib/python3.12/site-packages/airflow/example_dags/example_python_operator.py
[2025-06-20T14:49:58.101+0000] {logging_mixin.py:188} INFO - [2025-06-20T14:49:58.101+0000] {dag.py:3096} INFO - Sync 1 DAGs
[2025-06-20T14:49:58.116+0000] {logging_mixin.py:188} INFO - [2025-06-20T14:49:58.116+0000] {dag.py:3954} INFO - Setting next_dagrun for example_python_operator to None, run_after=None
[2025-06-20T14:49:58.137+0000] {processor.py:183} INFO - Processing /home/airflow/.local/lib/python3.12/site-packages/airflow/example_dags/example_python_operator.py took 0.095 seconds
[2025-06-20T14:50:28.271+0000] {processor.py:161} INFO - Started process (PID=1882) to work on /home/airflow/.local/lib/python3.12/site-packages/airflow/example_dags/example_python_operator.py
[2025-06-20T14:50:28.272+0000] {processor.py:830} INFO - Processing file /home/airflow/.local/lib/python3.12/site-packages/airflow/example_dags/example_python_operator.py for tasks to queue
[2025-06-20T14:50:28.275+0000] {logging_mixin.py:188} INFO - [2025-06-20T14:50:28.274+0000] {dagbag.py:540} INFO - Filling up the DagBag from /home/airflow/.local/lib/python3.12/site-packages/airflow/example_dags/example_python_operator.py
[2025-06-20T14:50:28.287+0000] {processor.py:840} INFO - DAG(s) 'example_python_operator' retrieved from /home/airflow/.local/lib/python3.12/site-packages/airflow/example_dags/example_python_operator.py
[2025-06-20T14:50:28.311+0000] {logging_mixin.py:188} INFO - [2025-06-20T14:50:28.310+0000] {dag.py:3096} INFO - Sync 1 DAGs
[2025-06-20T14:50:28.326+0000] {logging_mixin.py:188} INFO - [2025-06-20T14:50:28.326+0000] {dag.py:3954} INFO - Setting next_dagrun for example_python_operator to None, run_after=None
[2025-06-20T14:50:28.344+0000] {processor.py:183} INFO - Processing /home/airflow/.local/lib/python3.12/site-packages/airflow/example_dags/example_python_operator.py took 0.080 seconds
[2025-06-20T14:50:58.389+0000] {processor.py:161} INFO - Started process (PID=1939) to work on /home/airflow/.local/lib/python3.12/site-packages/airflow/example_dags/example_python_operator.py
[2025-06-20T14:50:58.390+0000] {processor.py:830} INFO - Processing file /home/airflow/.local/lib/python3.12/site-packages/airflow/example_dags/example_python_operator.py for tasks to queue
[2025-06-20T14:50:58.393+0000] {logging_mixin.py:188} INFO - [2025-06-20T14:50:58.392+0000] {dagbag.py:540} INFO - Filling up the DagBag from /home/airflow/.local/lib/python3.12/site-packages/airflow/example_dags/example_python_operator.py
[2025-06-20T14:50:58.405+0000] {processor.py:840} INFO - DAG(s) 'example_python_operator' retrieved from /home/airflow/.local/lib/python3.12/site-packages/airflow/example_dags/example_python_operator.py
[2025-06-20T14:50:58.430+0000] {logging_mixin.py:188} INFO - [2025-06-20T14:50:58.430+0000] {dag.py:3096} INFO - Sync 1 DAGs
[2025-06-20T14:50:58.445+0000] {logging_mixin.py:188} INFO - [2025-06-20T14:50:58.444+0000] {dag.py:3954} INFO - Setting next_dagrun for example_python_operator to None, run_after=None
[2025-06-20T14:50:58.462+0000] {processor.py:183} INFO - Processing /home/airflow/.local/lib/python3.12/site-packages/airflow/example_dags/example_python_operator.py took 0.080 seconds
[2025-06-20T14:51:28.560+0000] {processor.py:161} INFO - Started process (PID=1997) to work on /home/airflow/.local/lib/python3.12/site-packages/airflow/example_dags/example_python_operator.py
[2025-06-20T14:51:28.561+0000] {processor.py:830} INFO - Processing file /home/airflow/.local/lib/python3.12/site-packages/airflow/example_dags/example_python_operator.py for tasks to queue
[2025-06-20T14:51:28.563+0000] {logging_mixin.py:188} INFO - [2025-06-20T14:51:28.563+0000] {dagbag.py:540} INFO - Filling up the DagBag from /home/airflow/.local/lib/python3.12/site-packages/airflow/example_dags/example_python_operator.py
[2025-06-20T14:51:28.575+0000] {processor.py:840} INFO - DAG(s) 'example_python_operator' retrieved from /home/airflow/.local/lib/python3.12/site-packages/airflow/example_dags/example_python_operator.py
[2025-06-20T14:51:28.602+0000] {logging_mixin.py:188} INFO - [2025-06-20T14:51:28.602+0000] {dag.py:3096} INFO - Sync 1 DAGs
[2025-06-20T14:51:28.618+0000] {logging_mixin.py:188} INFO - [2025-06-20T14:51:28.618+0000] {dag.py:3954} INFO - Setting next_dagrun for example_python_operator to None, run_after=None
[2025-06-20T14:51:28.638+0000] {processor.py:183} INFO - Processing /home/airflow/.local/lib/python3.12/site-packages/airflow/example_dags/example_python_operator.py took 0.087 seconds
[2025-06-20T14:51:58.941+0000] {processor.py:161} INFO - Started process (PID=2056) to work on /home/airflow/.local/lib/python3.12/site-packages/airflow/example_dags/example_python_operator.py
[2025-06-20T14:51:58.942+0000] {processor.py:830} INFO - Processing file /home/airflow/.local/lib/python3.12/site-packages/airflow/example_dags/example_python_operator.py for tasks to queue
[2025-06-20T14:51:58.944+0000] {logging_mixin.py:188} INFO - [2025-06-20T14:51:58.944+0000] {dagbag.py:540} INFO - Filling up the DagBag from /home/airflow/.local/lib/python3.12/site-packages/airflow/example_dags/example_python_operator.py
[2025-06-20T14:51:58.955+0000] {processor.py:840} INFO - DAG(s) 'example_python_operator' retrieved from /home/airflow/.local/lib/python3.12/site-packages/airflow/example_dags/example_python_operator.py
[2025-06-20T14:51:58.977+0000] {logging_mixin.py:188} INFO - [2025-06-20T14:51:58.977+0000] {dag.py:3096} INFO - Sync 1 DAGs
[2025-06-20T14:51:58.989+0000] {logging_mixin.py:188} INFO - [2025-06-20T14:51:58.989+0000] {dag.py:3954} INFO - Setting next_dagrun for example_python_operator to None, run_after=None
[2025-06-20T14:51:59.012+0000] {processor.py:183} INFO - Processing /home/airflow/.local/lib/python3.12/site-packages/airflow/example_dags/example_python_operator.py took 0.077 seconds
[2025-06-20T14:52:29.907+0000] {processor.py:161} INFO - Started process (PID=2114) to work on /home/airflow/.local/lib/python3.12/site-packages/airflow/example_dags/example_python_operator.py
[2025-06-20T14:52:29.908+0000] {processor.py:830} INFO - Processing file /home/airflow/.local/lib/python3.12/site-packages/airflow/example_dags/example_python_operator.py for tasks to queue
[2025-06-20T14:52:29.910+0000] {logging_mixin.py:188} INFO - [2025-06-20T14:52:29.909+0000] {dagbag.py:540} INFO - Filling up the DagBag from /home/airflow/.local/lib/python3.12/site-packages/airflow/example_dags/example_python_operator.py
[2025-06-20T14:52:29.920+0000] {processor.py:840} INFO - DAG(s) 'example_python_operator' retrieved from /home/airflow/.local/lib/python3.12/site-packages/airflow/example_dags/example_python_operator.py
[2025-06-20T14:52:29.941+0000] {logging_mixin.py:188} INFO - [2025-06-20T14:52:29.941+0000] {dag.py:3096} INFO - Sync 1 DAGs
[2025-06-20T14:52:29.954+0000] {logging_mixin.py:188} INFO - [2025-06-20T14:52:29.954+0000] {dag.py:3954} INFO - Setting next_dagrun for example_python_operator to None, run_after=None
[2025-06-20T14:52:29.973+0000] {processor.py:183} INFO - Processing /home/airflow/.local/lib/python3.12/site-packages/airflow/example_dags/example_python_operator.py took 0.073 seconds
[2025-06-20T14:53:00.085+0000] {processor.py:161} INFO - Started process (PID=2172) to work on /home/airflow/.local/lib/python3.12/site-packages/airflow/example_dags/example_python_operator.py
[2025-06-20T14:53:00.086+0000] {processor.py:830} INFO - Processing file /home/airflow/.local/lib/python3.12/site-packages/airflow/example_dags/example_python_operator.py for tasks to queue
[2025-06-20T14:53:00.088+0000] {logging_mixin.py:188} INFO - [2025-06-20T14:53:00.088+0000] {dagbag.py:540} INFO - Filling up the DagBag from /home/airflow/.local/lib/python3.12/site-packages/airflow/example_dags/example_python_operator.py
[2025-06-20T14:53:00.100+0000] {processor.py:840} INFO - DAG(s) 'example_python_operator' retrieved from /home/airflow/.local/lib/python3.12/site-packages/airflow/example_dags/example_python_operator.py
[2025-06-20T14:53:00.127+0000] {logging_mixin.py:188} INFO - [2025-06-20T14:53:00.126+0000] {dag.py:3096} INFO - Sync 1 DAGs
[2025-06-20T14:53:00.138+0000] {logging_mixin.py:188} INFO - [2025-06-20T14:53:00.138+0000] {dag.py:3954} INFO - Setting next_dagrun for example_python_operator to None, run_after=None
[2025-06-20T14:53:00.178+0000] {processor.py:183} INFO - Processing /home/airflow/.local/lib/python3.12/site-packages/airflow/example_dags/example_python_operator.py took 0.099 seconds
[2025-06-20T14:53:30.414+0000] {processor.py:161} INFO - Started process (PID=2230) to work on /home/airflow/.local/lib/python3.12/site-packages/airflow/example_dags/example_python_operator.py
[2025-06-20T14:53:30.415+0000] {processor.py:830} INFO - Processing file /home/airflow/.local/lib/python3.12/site-packages/airflow/example_dags/example_python_operator.py for tasks to queue
[2025-06-20T14:53:30.417+0000] {logging_mixin.py:188} INFO - [2025-06-20T14:53:30.416+0000] {dagbag.py:540} INFO - Filling up the DagBag from /home/airflow/.local/lib/python3.12/site-packages/airflow/example_dags/example_python_operator.py
[2025-06-20T14:53:30.426+0000] {processor.py:840} INFO - DAG(s) 'example_python_operator' retrieved from /home/airflow/.local/lib/python3.12/site-packages/airflow/example_dags/example_python_operator.py
[2025-06-20T14:53:30.448+0000] {logging_mixin.py:188} INFO - [2025-06-20T14:53:30.448+0000] {dag.py:3096} INFO - Sync 1 DAGs
[2025-06-20T14:53:30.459+0000] {logging_mixin.py:188} INFO - [2025-06-20T14:53:30.459+0000] {dag.py:3954} INFO - Setting next_dagrun for example_python_operator to None, run_after=None
[2025-06-20T14:53:30.478+0000] {processor.py:183} INFO - Processing /home/airflow/.local/lib/python3.12/site-packages/airflow/example_dags/example_python_operator.py took 0.070 seconds
[2025-06-20T14:54:01.483+0000] {processor.py:161} INFO - Started process (PID=2288) to work on /home/airflow/.local/lib/python3.12/site-packages/airflow/example_dags/example_python_operator.py
[2025-06-20T14:54:01.484+0000] {processor.py:830} INFO - Processing file /home/airflow/.local/lib/python3.12/site-packages/airflow/example_dags/example_python_operator.py for tasks to queue
[2025-06-20T14:54:01.486+0000] {logging_mixin.py:188} INFO - [2025-06-20T14:54:01.485+0000] {dagbag.py:540} INFO - Filling up the DagBag from /home/airflow/.local/lib/python3.12/site-packages/airflow/example_dags/example_python_operator.py
[2025-06-20T14:54:01.496+0000] {processor.py:840} INFO - DAG(s) 'example_python_operator' retrieved from /home/airflow/.local/lib/python3.12/site-packages/airflow/example_dags/example_python_operator.py
[2025-06-20T14:54:01.516+0000] {logging_mixin.py:188} INFO - [2025-06-20T14:54:01.516+0000] {dag.py:3096} INFO - Sync 1 DAGs
[2025-06-20T14:54:01.528+0000] {logging_mixin.py:188} INFO - [2025-06-20T14:54:01.527+0000] {dag.py:3954} INFO - Setting next_dagrun for example_python_operator to None, run_after=None
[2025-06-20T14:54:01.544+0000] {processor.py:183} INFO - Processing /home/airflow/.local/lib/python3.12/site-packages/airflow/example_dags/example_python_operator.py took 0.067 seconds
[2025-06-20T14:54:32.373+0000] {processor.py:161} INFO - Started process (PID=2346) to work on /home/airflow/.local/lib/python3.12/site-packages/airflow/example_dags/example_python_operator.py
[2025-06-20T14:54:32.374+0000] {processor.py:830} INFO - Processing file /home/airflow/.local/lib/python3.12/site-packages/airflow/example_dags/example_python_operator.py for tasks to queue
[2025-06-20T14:54:32.375+0000] {logging_mixin.py:188} INFO - [2025-06-20T14:54:32.375+0000] {dagbag.py:540} INFO - Filling up the DagBag from /home/airflow/.local/lib/python3.12/site-packages/airflow/example_dags/example_python_operator.py
[2025-06-20T14:54:32.386+0000] {processor.py:840} INFO - DAG(s) 'example_python_operator' retrieved from /home/airflow/.local/lib/python3.12/site-packages/airflow/example_dags/example_python_operator.py
[2025-06-20T14:54:32.408+0000] {logging_mixin.py:188} INFO - [2025-06-20T14:54:32.408+0000] {dag.py:3096} INFO - Sync 1 DAGs
[2025-06-20T14:54:32.420+0000] {logging_mixin.py:188} INFO - [2025-06-20T14:54:32.420+0000] {dag.py:3954} INFO - Setting next_dagrun for example_python_operator to None, run_after=None
[2025-06-20T14:54:32.452+0000] {processor.py:183} INFO - Processing /home/airflow/.local/lib/python3.12/site-packages/airflow/example_dags/example_python_operator.py took 0.085 seconds
[2025-06-20T14:55:02.552+0000] {processor.py:161} INFO - Started process (PID=2405) to work on /home/airflow/.local/lib/python3.12/site-packages/airflow/example_dags/example_python_operator.py
[2025-06-20T14:55:02.553+0000] {processor.py:830} INFO - Processing file /home/airflow/.local/lib/python3.12/site-packages/airflow/example_dags/example_python_operator.py for tasks to queue
[2025-06-20T14:55:02.555+0000] {logging_mixin.py:188} INFO - [2025-06-20T14:55:02.555+0000] {dagbag.py:540} INFO - Filling up the DagBag from /home/airflow/.local/lib/python3.12/site-packages/airflow/example_dags/example_python_operator.py
[2025-06-20T14:55:02.565+0000] {processor.py:840} INFO - DAG(s) 'example_python_operator' retrieved from /home/airflow/.local/lib/python3.12/site-packages/airflow/example_dags/example_python_operator.py
[2025-06-20T14:55:02.586+0000] {logging_mixin.py:188} INFO - [2025-06-20T14:55:02.586+0000] {dag.py:3096} INFO - Sync 1 DAGs
[2025-06-20T14:55:02.598+0000] {logging_mixin.py:188} INFO - [2025-06-20T14:55:02.598+0000] {dag.py:3954} INFO - Setting next_dagrun for example_python_operator to None, run_after=None
[2025-06-20T14:55:02.619+0000] {processor.py:183} INFO - Processing /home/airflow/.local/lib/python3.12/site-packages/airflow/example_dags/example_python_operator.py took 0.073 seconds
[2025-06-20T14:55:32.830+0000] {processor.py:161} INFO - Started process (PID=2464) to work on /home/airflow/.local/lib/python3.12/site-packages/airflow/example_dags/example_python_operator.py
[2025-06-20T14:55:32.831+0000] {processor.py:830} INFO - Processing file /home/airflow/.local/lib/python3.12/site-packages/airflow/example_dags/example_python_operator.py for tasks to queue
[2025-06-20T14:55:32.832+0000] {logging_mixin.py:188} INFO - [2025-06-20T14:55:32.832+0000] {dagbag.py:540} INFO - Filling up the DagBag from /home/airflow/.local/lib/python3.12/site-packages/airflow/example_dags/example_python_operator.py
[2025-06-20T14:55:32.843+0000] {processor.py:840} INFO - DAG(s) 'example_python_operator' retrieved from /home/airflow/.local/lib/python3.12/site-packages/airflow/example_dags/example_python_operator.py
[2025-06-20T14:55:32.865+0000] {logging_mixin.py:188} INFO - [2025-06-20T14:55:32.865+0000] {dag.py:3096} INFO - Sync 1 DAGs
[2025-06-20T14:55:32.878+0000] {logging_mixin.py:188} INFO - [2025-06-20T14:55:32.878+0000] {dag.py:3954} INFO - Setting next_dagrun for example_python_operator to None, run_after=None
[2025-06-20T14:55:32.902+0000] {processor.py:183} INFO - Processing /home/airflow/.local/lib/python3.12/site-packages/airflow/example_dags/example_python_operator.py took 0.079 seconds
[2025-06-20T14:56:03.152+0000] {processor.py:161} INFO - Started process (PID=2523) to work on /home/airflow/.local/lib/python3.12/site-packages/airflow/example_dags/example_python_operator.py
[2025-06-20T14:56:03.152+0000] {processor.py:830} INFO - Processing file /home/airflow/.local/lib/python3.12/site-packages/airflow/example_dags/example_python_operator.py for tasks to queue
[2025-06-20T14:56:03.154+0000] {logging_mixin.py:188} INFO - [2025-06-20T14:56:03.154+0000] {dagbag.py:540} INFO - Filling up the DagBag from /home/airflow/.local/lib/python3.12/site-packages/airflow/example_dags/example_python_operator.py
[2025-06-20T14:56:03.165+0000] {processor.py:840} INFO - DAG(s) 'example_python_operator' retrieved from /home/airflow/.local/lib/python3.12/site-packages/airflow/example_dags/example_python_operator.py
[2025-06-20T14:56:03.185+0000] {logging_mixin.py:188} INFO - [2025-06-20T14:56:03.185+0000] {dag.py:3096} INFO - Sync 1 DAGs
[2025-06-20T14:56:03.197+0000] {logging_mixin.py:188} INFO - [2025-06-20T14:56:03.197+0000] {dag.py:3954} INFO - Setting next_dagrun for example_python_operator to None, run_after=None
[2025-06-20T14:56:03.217+0000] {processor.py:183} INFO - Processing /home/airflow/.local/lib/python3.12/site-packages/airflow/example_dags/example_python_operator.py took 0.072 seconds
[2025-06-20T14:56:33.366+0000] {processor.py:161} INFO - Started process (PID=2582) to work on /home/airflow/.local/lib/python3.12/site-packages/airflow/example_dags/example_python_operator.py
[2025-06-20T14:56:33.367+0000] {processor.py:830} INFO - Processing file /home/airflow/.local/lib/python3.12/site-packages/airflow/example_dags/example_python_operator.py for tasks to queue
[2025-06-20T14:56:33.369+0000] {logging_mixin.py:188} INFO - [2025-06-20T14:56:33.369+0000] {dagbag.py:540} INFO - Filling up the DagBag from /home/airflow/.local/lib/python3.12/site-packages/airflow/example_dags/example_python_operator.py
[2025-06-20T14:56:33.379+0000] {processor.py:840} INFO - DAG(s) 'example_python_operator' retrieved from /home/airflow/.local/lib/python3.12/site-packages/airflow/example_dags/example_python_operator.py
[2025-06-20T14:56:33.399+0000] {logging_mixin.py:188} INFO - [2025-06-20T14:56:33.399+0000] {dag.py:3096} INFO - Sync 1 DAGs
[2025-06-20T14:56:33.411+0000] {logging_mixin.py:188} INFO - [2025-06-20T14:56:33.411+0000] {dag.py:3954} INFO - Setting next_dagrun for example_python_operator to None, run_after=None
[2025-06-20T14:56:33.427+0000] {processor.py:183} INFO - Processing /home/airflow/.local/lib/python3.12/site-packages/airflow/example_dags/example_python_operator.py took 0.066 seconds
[2025-06-20T14:57:03.528+0000] {processor.py:161} INFO - Started process (PID=2641) to work on /home/airflow/.local/lib/python3.12/site-packages/airflow/example_dags/example_python_operator.py
[2025-06-20T14:57:03.529+0000] {processor.py:830} INFO - Processing file /home/airflow/.local/lib/python3.12/site-packages/airflow/example_dags/example_python_operator.py for tasks to queue
[2025-06-20T14:57:03.531+0000] {logging_mixin.py:188} INFO - [2025-06-20T14:57:03.530+0000] {dagbag.py:540} INFO - Filling up the DagBag from /home/airflow/.local/lib/python3.12/site-packages/airflow/example_dags/example_python_operator.py
[2025-06-20T14:57:03.540+0000] {processor.py:840} INFO - DAG(s) 'example_python_operator' retrieved from /home/airflow/.local/lib/python3.12/site-packages/airflow/example_dags/example_python_operator.py
[2025-06-20T14:57:03.562+0000] {logging_mixin.py:188} INFO - [2025-06-20T14:57:03.561+0000] {dag.py:3096} INFO - Sync 1 DAGs
[2025-06-20T14:57:03.573+0000] {logging_mixin.py:188} INFO - [2025-06-20T14:57:03.573+0000] {dag.py:3954} INFO - Setting next_dagrun for example_python_operator to None, run_after=None
[2025-06-20T14:57:03.589+0000] {processor.py:183} INFO - Processing /home/airflow/.local/lib/python3.12/site-packages/airflow/example_dags/example_python_operator.py took 0.067 seconds
[2025-06-20T14:57:33.870+0000] {processor.py:161} INFO - Started process (PID=2700) to work on /home/airflow/.local/lib/python3.12/site-packages/airflow/example_dags/example_python_operator.py
[2025-06-20T14:57:33.871+0000] {processor.py:830} INFO - Processing file /home/airflow/.local/lib/python3.12/site-packages/airflow/example_dags/example_python_operator.py for tasks to queue
[2025-06-20T14:57:33.873+0000] {logging_mixin.py:188} INFO - [2025-06-20T14:57:33.872+0000] {dagbag.py:540} INFO - Filling up the DagBag from /home/airflow/.local/lib/python3.12/site-packages/airflow/example_dags/example_python_operator.py
[2025-06-20T14:57:33.884+0000] {processor.py:840} INFO - DAG(s) 'example_python_operator' retrieved from /home/airflow/.local/lib/python3.12/site-packages/airflow/example_dags/example_python_operator.py
[2025-06-20T14:57:33.908+0000] {logging_mixin.py:188} INFO - [2025-06-20T14:57:33.908+0000] {dag.py:3096} INFO - Sync 1 DAGs
[2025-06-20T14:57:33.922+0000] {logging_mixin.py:188} INFO - [2025-06-20T14:57:33.922+0000] {dag.py:3954} INFO - Setting next_dagrun for example_python_operator to None, run_after=None
[2025-06-20T14:57:33.946+0000] {processor.py:183} INFO - Processing /home/airflow/.local/lib/python3.12/site-packages/airflow/example_dags/example_python_operator.py took 0.083 seconds
[2025-06-20T14:58:04.080+0000] {processor.py:161} INFO - Started process (PID=2759) to work on /home/airflow/.local/lib/python3.12/site-packages/airflow/example_dags/example_python_operator.py
[2025-06-20T14:58:04.080+0000] {processor.py:830} INFO - Processing file /home/airflow/.local/lib/python3.12/site-packages/airflow/example_dags/example_python_operator.py for tasks to queue
[2025-06-20T14:58:04.082+0000] {logging_mixin.py:188} INFO - [2025-06-20T14:58:04.082+0000] {dagbag.py:540} INFO - Filling up the DagBag from /home/airflow/.local/lib/python3.12/site-packages/airflow/example_dags/example_python_operator.py
[2025-06-20T14:58:04.093+0000] {processor.py:840} INFO - DAG(s) 'example_python_operator' retrieved from /home/airflow/.local/lib/python3.12/site-packages/airflow/example_dags/example_python_operator.py
[2025-06-20T14:58:04.114+0000] {logging_mixin.py:188} INFO - [2025-06-20T14:58:04.113+0000] {dag.py:3096} INFO - Sync 1 DAGs
[2025-06-20T14:58:04.125+0000] {logging_mixin.py:188} INFO - [2025-06-20T14:58:04.125+0000] {dag.py:3954} INFO - Setting next_dagrun for example_python_operator to None, run_after=None
[2025-06-20T14:58:04.141+0000] {processor.py:183} INFO - Processing /home/airflow/.local/lib/python3.12/site-packages/airflow/example_dags/example_python_operator.py took 0.068 seconds
[2025-06-20T14:58:34.878+0000] {processor.py:161} INFO - Started process (PID=2816) to work on /home/airflow/.local/lib/python3.12/site-packages/airflow/example_dags/example_python_operator.py
[2025-06-20T14:58:34.879+0000] {processor.py:830} INFO - Processing file /home/airflow/.local/lib/python3.12/site-packages/airflow/example_dags/example_python_operator.py for tasks to queue
[2025-06-20T14:58:34.881+0000] {logging_mixin.py:188} INFO - [2025-06-20T14:58:34.880+0000] {dagbag.py:540} INFO - Filling up the DagBag from /home/airflow/.local/lib/python3.12/site-packages/airflow/example_dags/example_python_operator.py
[2025-06-20T14:58:34.891+0000] {processor.py:840} INFO - DAG(s) 'example_python_operator' retrieved from /home/airflow/.local/lib/python3.12/site-packages/airflow/example_dags/example_python_operator.py
[2025-06-20T14:58:34.912+0000] {logging_mixin.py:188} INFO - [2025-06-20T14:58:34.911+0000] {dag.py:3096} INFO - Sync 1 DAGs
[2025-06-20T14:58:34.923+0000] {logging_mixin.py:188} INFO - [2025-06-20T14:58:34.923+0000] {dag.py:3954} INFO - Setting next_dagrun for example_python_operator to None, run_after=None
[2025-06-20T14:58:34.939+0000] {processor.py:183} INFO - Processing /home/airflow/.local/lib/python3.12/site-packages/airflow/example_dags/example_python_operator.py took 0.068 seconds
[2025-06-20T14:59:05.116+0000] {processor.py:161} INFO - Started process (PID=2875) to work on /home/airflow/.local/lib/python3.12/site-packages/airflow/example_dags/example_python_operator.py
[2025-06-20T14:59:05.117+0000] {processor.py:830} INFO - Processing file /home/airflow/.local/lib/python3.12/site-packages/airflow/example_dags/example_python_operator.py for tasks to queue
[2025-06-20T14:59:05.119+0000] {logging_mixin.py:188} INFO - [2025-06-20T14:59:05.119+0000] {dagbag.py:540} INFO - Filling up the DagBag from /home/airflow/.local/lib/python3.12/site-packages/airflow/example_dags/example_python_operator.py
[2025-06-20T14:59:05.135+0000] {processor.py:840} INFO - DAG(s) 'example_python_operator' retrieved from /home/airflow/.local/lib/python3.12/site-packages/airflow/example_dags/example_python_operator.py
[2025-06-20T14:59:05.174+0000] {logging_mixin.py:188} INFO - [2025-06-20T14:59:05.174+0000] {dag.py:3096} INFO - Sync 1 DAGs
[2025-06-20T14:59:05.197+0000] {logging_mixin.py:188} INFO - [2025-06-20T14:59:05.196+0000] {dag.py:3954} INFO - Setting next_dagrun for example_python_operator to None, run_after=None
[2025-06-20T14:59:05.224+0000] {processor.py:183} INFO - Processing /home/airflow/.local/lib/python3.12/site-packages/airflow/example_dags/example_python_operator.py took 0.117 seconds
[2025-06-20T14:59:35.368+0000] {processor.py:161} INFO - Started process (PID=2934) to work on /home/airflow/.local/lib/python3.12/site-packages/airflow/example_dags/example_python_operator.py
[2025-06-20T14:59:35.369+0000] {processor.py:830} INFO - Processing file /home/airflow/.local/lib/python3.12/site-packages/airflow/example_dags/example_python_operator.py for tasks to queue
[2025-06-20T14:59:35.370+0000] {logging_mixin.py:188} INFO - [2025-06-20T14:59:35.370+0000] {dagbag.py:540} INFO - Filling up the DagBag from /home/airflow/.local/lib/python3.12/site-packages/airflow/example_dags/example_python_operator.py
[2025-06-20T14:59:35.381+0000] {processor.py:840} INFO - DAG(s) 'example_python_operator' retrieved from /home/airflow/.local/lib/python3.12/site-packages/airflow/example_dags/example_python_operator.py
[2025-06-20T14:59:35.401+0000] {logging_mixin.py:188} INFO - [2025-06-20T14:59:35.401+0000] {dag.py:3096} INFO - Sync 1 DAGs
[2025-06-20T14:59:35.413+0000] {logging_mixin.py:188} INFO - [2025-06-20T14:59:35.413+0000] {dag.py:3954} INFO - Setting next_dagrun for example_python_operator to None, run_after=None
[2025-06-20T14:59:35.429+0000] {processor.py:183} INFO - Processing /home/airflow/.local/lib/python3.12/site-packages/airflow/example_dags/example_python_operator.py took 0.067 seconds
[2025-06-20T15:00:05.880+0000] {processor.py:161} INFO - Started process (PID=2993) to work on /home/airflow/.local/lib/python3.12/site-packages/airflow/example_dags/example_python_operator.py
[2025-06-20T15:00:05.881+0000] {processor.py:830} INFO - Processing file /home/airflow/.local/lib/python3.12/site-packages/airflow/example_dags/example_python_operator.py for tasks to queue
[2025-06-20T15:00:05.883+0000] {logging_mixin.py:188} INFO - [2025-06-20T15:00:05.882+0000] {dagbag.py:540} INFO - Filling up the DagBag from /home/airflow/.local/lib/python3.12/site-packages/airflow/example_dags/example_python_operator.py
[2025-06-20T15:00:05.893+0000] {processor.py:840} INFO - DAG(s) 'example_python_operator' retrieved from /home/airflow/.local/lib/python3.12/site-packages/airflow/example_dags/example_python_operator.py
[2025-06-20T15:00:05.914+0000] {logging_mixin.py:188} INFO - [2025-06-20T15:00:05.913+0000] {dag.py:3096} INFO - Sync 1 DAGs
[2025-06-20T15:00:05.926+0000] {logging_mixin.py:188} INFO - [2025-06-20T15:00:05.926+0000] {dag.py:3954} INFO - Setting next_dagrun for example_python_operator to None, run_after=None
[2025-06-20T15:00:05.942+0000] {processor.py:183} INFO - Processing /home/airflow/.local/lib/python3.12/site-packages/airflow/example_dags/example_python_operator.py took 0.068 seconds
[2025-06-20T15:00:36.368+0000] {processor.py:161} INFO - Started process (PID=3052) to work on /home/airflow/.local/lib/python3.12/site-packages/airflow/example_dags/example_python_operator.py
[2025-06-20T15:00:36.369+0000] {processor.py:830} INFO - Processing file /home/airflow/.local/lib/python3.12/site-packages/airflow/example_dags/example_python_operator.py for tasks to queue
[2025-06-20T15:00:36.370+0000] {logging_mixin.py:188} INFO - [2025-06-20T15:00:36.370+0000] {dagbag.py:540} INFO - Filling up the DagBag from /home/airflow/.local/lib/python3.12/site-packages/airflow/example_dags/example_python_operator.py
[2025-06-20T15:00:36.381+0000] {processor.py:840} INFO - DAG(s) 'example_python_operator' retrieved from /home/airflow/.local/lib/python3.12/site-packages/airflow/example_dags/example_python_operator.py
[2025-06-20T15:00:36.403+0000] {logging_mixin.py:188} INFO - [2025-06-20T15:00:36.403+0000] {dag.py:3096} INFO - Sync 1 DAGs
[2025-06-20T15:00:36.414+0000] {logging_mixin.py:188} INFO - [2025-06-20T15:00:36.414+0000] {dag.py:3954} INFO - Setting next_dagrun for example_python_operator to None, run_after=None
[2025-06-20T15:00:36.431+0000] {processor.py:183} INFO - Processing /home/airflow/.local/lib/python3.12/site-packages/airflow/example_dags/example_python_operator.py took 0.070 seconds
[2025-06-20T15:01:06.572+0000] {processor.py:161} INFO - Started process (PID=3111) to work on /home/airflow/.local/lib/python3.12/site-packages/airflow/example_dags/example_python_operator.py
[2025-06-20T15:01:06.573+0000] {processor.py:830} INFO - Processing file /home/airflow/.local/lib/python3.12/site-packages/airflow/example_dags/example_python_operator.py for tasks to queue
[2025-06-20T15:01:06.575+0000] {logging_mixin.py:188} INFO - [2025-06-20T15:01:06.575+0000] {dagbag.py:540} INFO - Filling up the DagBag from /home/airflow/.local/lib/python3.12/site-packages/airflow/example_dags/example_python_operator.py
[2025-06-20T15:01:06.586+0000] {processor.py:840} INFO - DAG(s) 'example_python_operator' retrieved from /home/airflow/.local/lib/python3.12/site-packages/airflow/example_dags/example_python_operator.py
[2025-06-20T15:01:06.607+0000] {logging_mixin.py:188} INFO - [2025-06-20T15:01:06.607+0000] {dag.py:3096} INFO - Sync 1 DAGs
[2025-06-20T15:01:06.619+0000] {logging_mixin.py:188} INFO - [2025-06-20T15:01:06.619+0000] {dag.py:3954} INFO - Setting next_dagrun for example_python_operator to None, run_after=None
[2025-06-20T15:01:06.635+0000] {processor.py:183} INFO - Processing /home/airflow/.local/lib/python3.12/site-packages/airflow/example_dags/example_python_operator.py took 0.069 seconds
[2025-06-20T15:01:36.775+0000] {processor.py:161} INFO - Started process (PID=3170) to work on /home/airflow/.local/lib/python3.12/site-packages/airflow/example_dags/example_python_operator.py
[2025-06-20T15:01:36.776+0000] {processor.py:830} INFO - Processing file /home/airflow/.local/lib/python3.12/site-packages/airflow/example_dags/example_python_operator.py for tasks to queue
[2025-06-20T15:01:36.778+0000] {logging_mixin.py:188} INFO - [2025-06-20T15:01:36.778+0000] {dagbag.py:540} INFO - Filling up the DagBag from /home/airflow/.local/lib/python3.12/site-packages/airflow/example_dags/example_python_operator.py
[2025-06-20T15:01:36.788+0000] {processor.py:840} INFO - DAG(s) 'example_python_operator' retrieved from /home/airflow/.local/lib/python3.12/site-packages/airflow/example_dags/example_python_operator.py
[2025-06-20T15:01:36.810+0000] {logging_mixin.py:188} INFO - [2025-06-20T15:01:36.809+0000] {dag.py:3096} INFO - Sync 1 DAGs
[2025-06-20T15:01:36.821+0000] {logging_mixin.py:188} INFO - [2025-06-20T15:01:36.821+0000] {dag.py:3954} INFO - Setting next_dagrun for example_python_operator to None, run_after=None
[2025-06-20T15:01:36.837+0000] {processor.py:183} INFO - Processing /home/airflow/.local/lib/python3.12/site-packages/airflow/example_dags/example_python_operator.py took 0.068 seconds
[2025-06-20T15:02:07.488+0000] {processor.py:161} INFO - Started process (PID=3229) to work on /home/airflow/.local/lib/python3.12/site-packages/airflow/example_dags/example_python_operator.py
[2025-06-20T15:02:07.488+0000] {processor.py:830} INFO - Processing file /home/airflow/.local/lib/python3.12/site-packages/airflow/example_dags/example_python_operator.py for tasks to queue
[2025-06-20T15:02:07.490+0000] {logging_mixin.py:188} INFO - [2025-06-20T15:02:07.490+0000] {dagbag.py:540} INFO - Filling up the DagBag from /home/airflow/.local/lib/python3.12/site-packages/airflow/example_dags/example_python_operator.py
[2025-06-20T15:02:07.501+0000] {processor.py:840} INFO - DAG(s) 'example_python_operator' retrieved from /home/airflow/.local/lib/python3.12/site-packages/airflow/example_dags/example_python_operator.py
[2025-06-20T15:02:07.522+0000] {logging_mixin.py:188} INFO - [2025-06-20T15:02:07.522+0000] {dag.py:3096} INFO - Sync 1 DAGs
[2025-06-20T15:02:07.533+0000] {logging_mixin.py:188} INFO - [2025-06-20T15:02:07.533+0000] {dag.py:3954} INFO - Setting next_dagrun for example_python_operator to None, run_after=None
[2025-06-20T15:02:07.550+0000] {processor.py:183} INFO - Processing /home/airflow/.local/lib/python3.12/site-packages/airflow/example_dags/example_python_operator.py took 0.069 seconds
[2025-06-20T15:02:38.198+0000] {processor.py:161} INFO - Started process (PID=3288) to work on /home/airflow/.local/lib/python3.12/site-packages/airflow/example_dags/example_python_operator.py
[2025-06-20T15:02:38.199+0000] {processor.py:830} INFO - Processing file /home/airflow/.local/lib/python3.12/site-packages/airflow/example_dags/example_python_operator.py for tasks to queue
[2025-06-20T15:02:38.201+0000] {logging_mixin.py:188} INFO - [2025-06-20T15:02:38.200+0000] {dagbag.py:540} INFO - Filling up the DagBag from /home/airflow/.local/lib/python3.12/site-packages/airflow/example_dags/example_python_operator.py
[2025-06-20T15:02:38.211+0000] {processor.py:840} INFO - DAG(s) 'example_python_operator' retrieved from /home/airflow/.local/lib/python3.12/site-packages/airflow/example_dags/example_python_operator.py
[2025-06-20T15:02:38.234+0000] {logging_mixin.py:188} INFO - [2025-06-20T15:02:38.233+0000] {dag.py:3096} INFO - Sync 1 DAGs
[2025-06-20T15:02:38.245+0000] {logging_mixin.py:188} INFO - [2025-06-20T15:02:38.245+0000] {dag.py:3954} INFO - Setting next_dagrun for example_python_operator to None, run_after=None
[2025-06-20T15:02:38.261+0000] {processor.py:183} INFO - Processing /home/airflow/.local/lib/python3.12/site-packages/airflow/example_dags/example_python_operator.py took 0.071 seconds
[2025-06-20T15:03:08.940+0000] {processor.py:161} INFO - Started process (PID=3347) to work on /home/airflow/.local/lib/python3.12/site-packages/airflow/example_dags/example_python_operator.py
[2025-06-20T15:03:08.941+0000] {processor.py:830} INFO - Processing file /home/airflow/.local/lib/python3.12/site-packages/airflow/example_dags/example_python_operator.py for tasks to queue
[2025-06-20T15:03:08.943+0000] {logging_mixin.py:188} INFO - [2025-06-20T15:03:08.943+0000] {dagbag.py:540} INFO - Filling up the DagBag from /home/airflow/.local/lib/python3.12/site-packages/airflow/example_dags/example_python_operator.py
[2025-06-20T15:03:08.954+0000] {processor.py:840} INFO - DAG(s) 'example_python_operator' retrieved from /home/airflow/.local/lib/python3.12/site-packages/airflow/example_dags/example_python_operator.py
[2025-06-20T15:03:08.976+0000] {logging_mixin.py:188} INFO - [2025-06-20T15:03:08.976+0000] {dag.py:3096} INFO - Sync 1 DAGs
[2025-06-20T15:03:08.988+0000] {logging_mixin.py:188} INFO - [2025-06-20T15:03:08.988+0000] {dag.py:3954} INFO - Setting next_dagrun for example_python_operator to None, run_after=None
[2025-06-20T15:03:09.004+0000] {processor.py:183} INFO - Processing /home/airflow/.local/lib/python3.12/site-packages/airflow/example_dags/example_python_operator.py took 0.070 seconds
[2025-06-20T15:03:39.676+0000] {processor.py:161} INFO - Started process (PID=3406) to work on /home/airflow/.local/lib/python3.12/site-packages/airflow/example_dags/example_python_operator.py
[2025-06-20T15:03:39.677+0000] {processor.py:830} INFO - Processing file /home/airflow/.local/lib/python3.12/site-packages/airflow/example_dags/example_python_operator.py for tasks to queue
[2025-06-20T15:03:39.678+0000] {logging_mixin.py:188} INFO - [2025-06-20T15:03:39.678+0000] {dagbag.py:540} INFO - Filling up the DagBag from /home/airflow/.local/lib/python3.12/site-packages/airflow/example_dags/example_python_operator.py
[2025-06-20T15:03:39.689+0000] {processor.py:840} INFO - DAG(s) 'example_python_operator' retrieved from /home/airflow/.local/lib/python3.12/site-packages/airflow/example_dags/example_python_operator.py
[2025-06-20T15:03:39.712+0000] {logging_mixin.py:188} INFO - [2025-06-20T15:03:39.712+0000] {dag.py:3096} INFO - Sync 1 DAGs
[2025-06-20T15:03:39.724+0000] {logging_mixin.py:188} INFO - [2025-06-20T15:03:39.724+0000] {dag.py:3954} INFO - Setting next_dagrun for example_python_operator to None, run_after=None
[2025-06-20T15:03:39.741+0000] {processor.py:183} INFO - Processing /home/airflow/.local/lib/python3.12/site-packages/airflow/example_dags/example_python_operator.py took 0.071 seconds
[2025-06-20T15:04:10.047+0000] {processor.py:161} INFO - Started process (PID=3465) to work on /home/airflow/.local/lib/python3.12/site-packages/airflow/example_dags/example_python_operator.py
[2025-06-20T15:04:10.048+0000] {processor.py:830} INFO - Processing file /home/airflow/.local/lib/python3.12/site-packages/airflow/example_dags/example_python_operator.py for tasks to queue
[2025-06-20T15:04:10.050+0000] {logging_mixin.py:188} INFO - [2025-06-20T15:04:10.050+0000] {dagbag.py:540} INFO - Filling up the DagBag from /home/airflow/.local/lib/python3.12/site-packages/airflow/example_dags/example_python_operator.py
[2025-06-20T15:04:10.060+0000] {processor.py:840} INFO - DAG(s) 'example_python_operator' retrieved from /home/airflow/.local/lib/python3.12/site-packages/airflow/example_dags/example_python_operator.py
[2025-06-20T15:04:10.082+0000] {logging_mixin.py:188} INFO - [2025-06-20T15:04:10.082+0000] {dag.py:3096} INFO - Sync 1 DAGs
[2025-06-20T15:04:10.094+0000] {logging_mixin.py:188} INFO - [2025-06-20T15:04:10.094+0000] {dag.py:3954} INFO - Setting next_dagrun for example_python_operator to None, run_after=None
[2025-06-20T15:04:10.110+0000] {processor.py:183} INFO - Processing /home/airflow/.local/lib/python3.12/site-packages/airflow/example_dags/example_python_operator.py took 0.069 seconds
[2025-06-20T15:04:40.843+0000] {processor.py:161} INFO - Started process (PID=3524) to work on /home/airflow/.local/lib/python3.12/site-packages/airflow/example_dags/example_python_operator.py
[2025-06-20T15:04:40.844+0000] {processor.py:830} INFO - Processing file /home/airflow/.local/lib/python3.12/site-packages/airflow/example_dags/example_python_operator.py for tasks to queue
[2025-06-20T15:04:40.846+0000] {logging_mixin.py:188} INFO - [2025-06-20T15:04:40.845+0000] {dagbag.py:540} INFO - Filling up the DagBag from /home/airflow/.local/lib/python3.12/site-packages/airflow/example_dags/example_python_operator.py
[2025-06-20T15:04:40.856+0000] {processor.py:840} INFO - DAG(s) 'example_python_operator' retrieved from /home/airflow/.local/lib/python3.12/site-packages/airflow/example_dags/example_python_operator.py
[2025-06-20T15:04:40.877+0000] {logging_mixin.py:188} INFO - [2025-06-20T15:04:40.877+0000] {dag.py:3096} INFO - Sync 1 DAGs
[2025-06-20T15:04:40.889+0000] {logging_mixin.py:188} INFO - [2025-06-20T15:04:40.889+0000] {dag.py:3954} INFO - Setting next_dagrun for example_python_operator to None, run_after=None
[2025-06-20T15:04:40.905+0000] {processor.py:183} INFO - Processing /home/airflow/.local/lib/python3.12/site-packages/airflow/example_dags/example_python_operator.py took 0.068 seconds
[2025-06-20T15:05:10.966+0000] {processor.py:161} INFO - Started process (PID=3583) to work on /home/airflow/.local/lib/python3.12/site-packages/airflow/example_dags/example_python_operator.py
[2025-06-20T15:05:10.966+0000] {processor.py:830} INFO - Processing file /home/airflow/.local/lib/python3.12/site-packages/airflow/example_dags/example_python_operator.py for tasks to queue
[2025-06-20T15:05:10.968+0000] {logging_mixin.py:188} INFO - [2025-06-20T15:05:10.968+0000] {dagbag.py:540} INFO - Filling up the DagBag from /home/airflow/.local/lib/python3.12/site-packages/airflow/example_dags/example_python_operator.py
[2025-06-20T15:05:10.979+0000] {processor.py:840} INFO - DAG(s) 'example_python_operator' retrieved from /home/airflow/.local/lib/python3.12/site-packages/airflow/example_dags/example_python_operator.py
[2025-06-20T15:05:11.000+0000] {logging_mixin.py:188} INFO - [2025-06-20T15:05:11.000+0000] {dag.py:3096} INFO - Sync 1 DAGs
[2025-06-20T15:05:11.011+0000] {logging_mixin.py:188} INFO - [2025-06-20T15:05:11.011+0000] {dag.py:3954} INFO - Setting next_dagrun for example_python_operator to None, run_after=None
[2025-06-20T15:05:11.028+0000] {processor.py:183} INFO - Processing /home/airflow/.local/lib/python3.12/site-packages/airflow/example_dags/example_python_operator.py took 0.068 seconds
[2025-06-20T15:05:41.351+0000] {processor.py:161} INFO - Started process (PID=3642) to work on /home/airflow/.local/lib/python3.12/site-packages/airflow/example_dags/example_python_operator.py
[2025-06-20T15:05:41.352+0000] {processor.py:830} INFO - Processing file /home/airflow/.local/lib/python3.12/site-packages/airflow/example_dags/example_python_operator.py for tasks to queue
[2025-06-20T15:05:41.354+0000] {logging_mixin.py:188} INFO - [2025-06-20T15:05:41.354+0000] {dagbag.py:540} INFO - Filling up the DagBag from /home/airflow/.local/lib/python3.12/site-packages/airflow/example_dags/example_python_operator.py
[2025-06-20T15:05:41.365+0000] {processor.py:840} INFO - DAG(s) 'example_python_operator' retrieved from /home/airflow/.local/lib/python3.12/site-packages/airflow/example_dags/example_python_operator.py
[2025-06-20T15:05:41.387+0000] {logging_mixin.py:188} INFO - [2025-06-20T15:05:41.387+0000] {dag.py:3096} INFO - Sync 1 DAGs
[2025-06-20T15:05:41.398+0000] {logging_mixin.py:188} INFO - [2025-06-20T15:05:41.398+0000] {dag.py:3954} INFO - Setting next_dagrun for example_python_operator to None, run_after=None
[2025-06-20T15:05:41.415+0000] {processor.py:183} INFO - Processing /home/airflow/.local/lib/python3.12/site-packages/airflow/example_dags/example_python_operator.py took 0.070 seconds
[2025-06-20T15:06:11.673+0000] {processor.py:161} INFO - Started process (PID=3701) to work on /home/airflow/.local/lib/python3.12/site-packages/airflow/example_dags/example_python_operator.py
[2025-06-20T15:06:11.674+0000] {processor.py:830} INFO - Processing file /home/airflow/.local/lib/python3.12/site-packages/airflow/example_dags/example_python_operator.py for tasks to queue
[2025-06-20T15:06:11.676+0000] {logging_mixin.py:188} INFO - [2025-06-20T15:06:11.675+0000] {dagbag.py:540} INFO - Filling up the DagBag from /home/airflow/.local/lib/python3.12/site-packages/airflow/example_dags/example_python_operator.py
[2025-06-20T15:06:11.686+0000] {processor.py:840} INFO - DAG(s) 'example_python_operator' retrieved from /home/airflow/.local/lib/python3.12/site-packages/airflow/example_dags/example_python_operator.py
[2025-06-20T15:06:11.706+0000] {logging_mixin.py:188} INFO - [2025-06-20T15:06:11.705+0000] {dag.py:3096} INFO - Sync 1 DAGs
[2025-06-20T15:06:11.717+0000] {logging_mixin.py:188} INFO - [2025-06-20T15:06:11.717+0000] {dag.py:3954} INFO - Setting next_dagrun for example_python_operator to None, run_after=None
[2025-06-20T15:06:11.732+0000] {processor.py:183} INFO - Processing /home/airflow/.local/lib/python3.12/site-packages/airflow/example_dags/example_python_operator.py took 0.065 seconds
[2025-06-20T15:06:41.912+0000] {processor.py:161} INFO - Started process (PID=3760) to work on /home/airflow/.local/lib/python3.12/site-packages/airflow/example_dags/example_python_operator.py
[2025-06-20T15:06:41.913+0000] {processor.py:830} INFO - Processing file /home/airflow/.local/lib/python3.12/site-packages/airflow/example_dags/example_python_operator.py for tasks to queue
[2025-06-20T15:06:41.915+0000] {logging_mixin.py:188} INFO - [2025-06-20T15:06:41.914+0000] {dagbag.py:540} INFO - Filling up the DagBag from /home/airflow/.local/lib/python3.12/site-packages/airflow/example_dags/example_python_operator.py
[2025-06-20T15:06:41.925+0000] {processor.py:840} INFO - DAG(s) 'example_python_operator' retrieved from /home/airflow/.local/lib/python3.12/site-packages/airflow/example_dags/example_python_operator.py
[2025-06-20T15:06:41.947+0000] {logging_mixin.py:188} INFO - [2025-06-20T15:06:41.947+0000] {dag.py:3096} INFO - Sync 1 DAGs
[2025-06-20T15:06:41.959+0000] {logging_mixin.py:188} INFO - [2025-06-20T15:06:41.959+0000] {dag.py:3954} INFO - Setting next_dagrun for example_python_operator to None, run_after=None
[2025-06-20T15:06:41.975+0000] {processor.py:183} INFO - Processing /home/airflow/.local/lib/python3.12/site-packages/airflow/example_dags/example_python_operator.py took 0.070 seconds
[2025-06-20T15:07:12.205+0000] {processor.py:161} INFO - Started process (PID=3819) to work on /home/airflow/.local/lib/python3.12/site-packages/airflow/example_dags/example_python_operator.py
[2025-06-20T15:07:12.205+0000] {processor.py:830} INFO - Processing file /home/airflow/.local/lib/python3.12/site-packages/airflow/example_dags/example_python_operator.py for tasks to queue
[2025-06-20T15:07:12.207+0000] {logging_mixin.py:188} INFO - [2025-06-20T15:07:12.207+0000] {dagbag.py:540} INFO - Filling up the DagBag from /home/airflow/.local/lib/python3.12/site-packages/airflow/example_dags/example_python_operator.py
[2025-06-20T15:07:12.217+0000] {processor.py:840} INFO - DAG(s) 'example_python_operator' retrieved from /home/airflow/.local/lib/python3.12/site-packages/airflow/example_dags/example_python_operator.py
[2025-06-20T15:07:12.238+0000] {logging_mixin.py:188} INFO - [2025-06-20T15:07:12.238+0000] {dag.py:3096} INFO - Sync 1 DAGs
[2025-06-20T15:07:12.250+0000] {logging_mixin.py:188} INFO - [2025-06-20T15:07:12.250+0000] {dag.py:3954} INFO - Setting next_dagrun for example_python_operator to None, run_after=None
[2025-06-20T15:07:12.268+0000] {processor.py:183} INFO - Processing /home/airflow/.local/lib/python3.12/site-packages/airflow/example_dags/example_python_operator.py took 0.069 seconds
[2025-06-20T15:07:42.392+0000] {processor.py:161} INFO - Started process (PID=3878) to work on /home/airflow/.local/lib/python3.12/site-packages/airflow/example_dags/example_python_operator.py
[2025-06-20T15:07:42.392+0000] {processor.py:830} INFO - Processing file /home/airflow/.local/lib/python3.12/site-packages/airflow/example_dags/example_python_operator.py for tasks to queue
[2025-06-20T15:07:42.394+0000] {logging_mixin.py:188} INFO - [2025-06-20T15:07:42.394+0000] {dagbag.py:540} INFO - Filling up the DagBag from /home/airflow/.local/lib/python3.12/site-packages/airflow/example_dags/example_python_operator.py
[2025-06-20T15:07:42.405+0000] {processor.py:840} INFO - DAG(s) 'example_python_operator' retrieved from /home/airflow/.local/lib/python3.12/site-packages/airflow/example_dags/example_python_operator.py
[2025-06-20T15:07:42.427+0000] {logging_mixin.py:188} INFO - [2025-06-20T15:07:42.426+0000] {dag.py:3096} INFO - Sync 1 DAGs
[2025-06-20T15:07:42.438+0000] {logging_mixin.py:188} INFO - [2025-06-20T15:07:42.438+0000] {dag.py:3954} INFO - Setting next_dagrun for example_python_operator to None, run_after=None
[2025-06-20T15:07:42.454+0000] {processor.py:183} INFO - Processing /home/airflow/.local/lib/python3.12/site-packages/airflow/example_dags/example_python_operator.py took 0.069 seconds
[2025-06-20T15:08:12.644+0000] {processor.py:161} INFO - Started process (PID=3937) to work on /home/airflow/.local/lib/python3.12/site-packages/airflow/example_dags/example_python_operator.py
[2025-06-20T15:08:12.645+0000] {processor.py:830} INFO - Processing file /home/airflow/.local/lib/python3.12/site-packages/airflow/example_dags/example_python_operator.py for tasks to queue
[2025-06-20T15:08:12.648+0000] {logging_mixin.py:188} INFO - [2025-06-20T15:08:12.647+0000] {dagbag.py:540} INFO - Filling up the DagBag from /home/airflow/.local/lib/python3.12/site-packages/airflow/example_dags/example_python_operator.py
[2025-06-20T15:08:12.669+0000] {processor.py:840} INFO - DAG(s) 'example_python_operator' retrieved from /home/airflow/.local/lib/python3.12/site-packages/airflow/example_dags/example_python_operator.py
[2025-06-20T15:08:12.711+0000] {logging_mixin.py:188} INFO - [2025-06-20T15:08:12.711+0000] {dag.py:3096} INFO - Sync 1 DAGs
[2025-06-20T15:08:12.734+0000] {logging_mixin.py:188} INFO - [2025-06-20T15:08:12.733+0000] {dag.py:3954} INFO - Setting next_dagrun for example_python_operator to None, run_after=None
[2025-06-20T15:08:12.765+0000] {processor.py:183} INFO - Processing /home/airflow/.local/lib/python3.12/site-packages/airflow/example_dags/example_python_operator.py took 0.131 seconds
[2025-06-20T15:08:42.817+0000] {processor.py:161} INFO - Started process (PID=3995) to work on /home/airflow/.local/lib/python3.12/site-packages/airflow/example_dags/example_python_operator.py
[2025-06-20T15:08:42.818+0000] {processor.py:830} INFO - Processing file /home/airflow/.local/lib/python3.12/site-packages/airflow/example_dags/example_python_operator.py for tasks to queue
[2025-06-20T15:08:42.819+0000] {logging_mixin.py:188} INFO - [2025-06-20T15:08:42.819+0000] {dagbag.py:540} INFO - Filling up the DagBag from /home/airflow/.local/lib/python3.12/site-packages/airflow/example_dags/example_python_operator.py
[2025-06-20T15:08:42.830+0000] {processor.py:840} INFO - DAG(s) 'example_python_operator' retrieved from /home/airflow/.local/lib/python3.12/site-packages/airflow/example_dags/example_python_operator.py
[2025-06-20T15:08:42.852+0000] {logging_mixin.py:188} INFO - [2025-06-20T15:08:42.851+0000] {dag.py:3096} INFO - Sync 1 DAGs
[2025-06-20T15:08:42.864+0000] {logging_mixin.py:188} INFO - [2025-06-20T15:08:42.864+0000] {dag.py:3954} INFO - Setting next_dagrun for example_python_operator to None, run_after=None
[2025-06-20T15:08:42.880+0000] {processor.py:183} INFO - Processing /home/airflow/.local/lib/python3.12/site-packages/airflow/example_dags/example_python_operator.py took 0.069 seconds
[2025-06-20T15:09:13.067+0000] {processor.py:161} INFO - Started process (PID=4055) to work on /home/airflow/.local/lib/python3.12/site-packages/airflow/example_dags/example_python_operator.py
[2025-06-20T15:09:13.067+0000] {processor.py:830} INFO - Processing file /home/airflow/.local/lib/python3.12/site-packages/airflow/example_dags/example_python_operator.py for tasks to queue
[2025-06-20T15:09:13.069+0000] {logging_mixin.py:188} INFO - [2025-06-20T15:09:13.069+0000] {dagbag.py:540} INFO - Filling up the DagBag from /home/airflow/.local/lib/python3.12/site-packages/airflow/example_dags/example_python_operator.py
[2025-06-20T15:09:13.080+0000] {processor.py:840} INFO - DAG(s) 'example_python_operator' retrieved from /home/airflow/.local/lib/python3.12/site-packages/airflow/example_dags/example_python_operator.py
[2025-06-20T15:09:13.101+0000] {logging_mixin.py:188} INFO - [2025-06-20T15:09:13.101+0000] {dag.py:3096} INFO - Sync 1 DAGs
[2025-06-20T15:09:13.113+0000] {logging_mixin.py:188} INFO - [2025-06-20T15:09:13.112+0000] {dag.py:3954} INFO - Setting next_dagrun for example_python_operator to None, run_after=None
[2025-06-20T15:09:13.129+0000] {processor.py:183} INFO - Processing /home/airflow/.local/lib/python3.12/site-packages/airflow/example_dags/example_python_operator.py took 0.068 seconds
[2025-06-20T15:09:44.031+0000] {processor.py:161} INFO - Started process (PID=4114) to work on /home/airflow/.local/lib/python3.12/site-packages/airflow/example_dags/example_python_operator.py
[2025-06-20T15:09:44.031+0000] {processor.py:830} INFO - Processing file /home/airflow/.local/lib/python3.12/site-packages/airflow/example_dags/example_python_operator.py for tasks to queue
[2025-06-20T15:09:44.033+0000] {logging_mixin.py:188} INFO - [2025-06-20T15:09:44.033+0000] {dagbag.py:540} INFO - Filling up the DagBag from /home/airflow/.local/lib/python3.12/site-packages/airflow/example_dags/example_python_operator.py
[2025-06-20T15:09:44.045+0000] {processor.py:840} INFO - DAG(s) 'example_python_operator' retrieved from /home/airflow/.local/lib/python3.12/site-packages/airflow/example_dags/example_python_operator.py
[2025-06-20T15:09:44.066+0000] {logging_mixin.py:188} INFO - [2025-06-20T15:09:44.066+0000] {dag.py:3096} INFO - Sync 1 DAGs
[2025-06-20T15:09:44.078+0000] {logging_mixin.py:188} INFO - [2025-06-20T15:09:44.078+0000] {dag.py:3954} INFO - Setting next_dagrun for example_python_operator to None, run_after=None
[2025-06-20T15:09:44.095+0000] {processor.py:183} INFO - Processing /home/airflow/.local/lib/python3.12/site-packages/airflow/example_dags/example_python_operator.py took 0.071 seconds
[2025-06-20T15:10:14.414+0000] {processor.py:161} INFO - Started process (PID=4173) to work on /home/airflow/.local/lib/python3.12/site-packages/airflow/example_dags/example_python_operator.py
[2025-06-20T15:10:14.416+0000] {processor.py:830} INFO - Processing file /home/airflow/.local/lib/python3.12/site-packages/airflow/example_dags/example_python_operator.py for tasks to queue
[2025-06-20T15:10:14.419+0000] {logging_mixin.py:188} INFO - [2025-06-20T15:10:14.418+0000] {dagbag.py:540} INFO - Filling up the DagBag from /home/airflow/.local/lib/python3.12/site-packages/airflow/example_dags/example_python_operator.py
[2025-06-20T15:10:14.431+0000] {processor.py:840} INFO - DAG(s) 'example_python_operator' retrieved from /home/airflow/.local/lib/python3.12/site-packages/airflow/example_dags/example_python_operator.py
[2025-06-20T15:10:14.456+0000] {logging_mixin.py:188} INFO - [2025-06-20T15:10:14.456+0000] {dag.py:3096} INFO - Sync 1 DAGs
[2025-06-20T15:10:14.469+0000] {logging_mixin.py:188} INFO - [2025-06-20T15:10:14.469+0000] {dag.py:3954} INFO - Setting next_dagrun for example_python_operator to None, run_after=None
[2025-06-20T15:10:14.486+0000] {processor.py:183} INFO - Processing /home/airflow/.local/lib/python3.12/site-packages/airflow/example_dags/example_python_operator.py took 0.082 seconds
[2025-06-20T15:10:45.197+0000] {processor.py:161} INFO - Started process (PID=4232) to work on /home/airflow/.local/lib/python3.12/site-packages/airflow/example_dags/example_python_operator.py
[2025-06-20T15:10:45.198+0000] {processor.py:830} INFO - Processing file /home/airflow/.local/lib/python3.12/site-packages/airflow/example_dags/example_python_operator.py for tasks to queue
[2025-06-20T15:10:45.200+0000] {logging_mixin.py:188} INFO - [2025-06-20T15:10:45.200+0000] {dagbag.py:540} INFO - Filling up the DagBag from /home/airflow/.local/lib/python3.12/site-packages/airflow/example_dags/example_python_operator.py
[2025-06-20T15:10:45.211+0000] {processor.py:840} INFO - DAG(s) 'example_python_operator' retrieved from /home/airflow/.local/lib/python3.12/site-packages/airflow/example_dags/example_python_operator.py
[2025-06-20T15:10:45.232+0000] {logging_mixin.py:188} INFO - [2025-06-20T15:10:45.232+0000] {dag.py:3096} INFO - Sync 1 DAGs
[2025-06-20T15:10:45.244+0000] {logging_mixin.py:188} INFO - [2025-06-20T15:10:45.244+0000] {dag.py:3954} INFO - Setting next_dagrun for example_python_operator to None, run_after=None
[2025-06-20T15:10:45.260+0000] {processor.py:183} INFO - Processing /home/airflow/.local/lib/python3.12/site-packages/airflow/example_dags/example_python_operator.py took 0.069 seconds
[2025-06-20T15:11:16.060+0000] {processor.py:161} INFO - Started process (PID=4291) to work on /home/airflow/.local/lib/python3.12/site-packages/airflow/example_dags/example_python_operator.py
[2025-06-20T15:11:16.061+0000] {processor.py:830} INFO - Processing file /home/airflow/.local/lib/python3.12/site-packages/airflow/example_dags/example_python_operator.py for tasks to queue
[2025-06-20T15:11:16.063+0000] {logging_mixin.py:188} INFO - [2025-06-20T15:11:16.062+0000] {dagbag.py:540} INFO - Filling up the DagBag from /home/airflow/.local/lib/python3.12/site-packages/airflow/example_dags/example_python_operator.py
[2025-06-20T15:11:16.073+0000] {processor.py:840} INFO - DAG(s) 'example_python_operator' retrieved from /home/airflow/.local/lib/python3.12/site-packages/airflow/example_dags/example_python_operator.py
[2025-06-20T15:11:16.094+0000] {logging_mixin.py:188} INFO - [2025-06-20T15:11:16.094+0000] {dag.py:3096} INFO - Sync 1 DAGs
[2025-06-20T15:11:16.106+0000] {logging_mixin.py:188} INFO - [2025-06-20T15:11:16.106+0000] {dag.py:3954} INFO - Setting next_dagrun for example_python_operator to None, run_after=None
[2025-06-20T15:11:16.122+0000] {processor.py:183} INFO - Processing /home/airflow/.local/lib/python3.12/site-packages/airflow/example_dags/example_python_operator.py took 0.069 seconds
[2025-06-20T15:11:46.288+0000] {processor.py:161} INFO - Started process (PID=4350) to work on /home/airflow/.local/lib/python3.12/site-packages/airflow/example_dags/example_python_operator.py
[2025-06-20T15:11:46.289+0000] {processor.py:830} INFO - Processing file /home/airflow/.local/lib/python3.12/site-packages/airflow/example_dags/example_python_operator.py for tasks to queue
[2025-06-20T15:11:46.291+0000] {logging_mixin.py:188} INFO - [2025-06-20T15:11:46.291+0000] {dagbag.py:540} INFO - Filling up the DagBag from /home/airflow/.local/lib/python3.12/site-packages/airflow/example_dags/example_python_operator.py
[2025-06-20T15:11:46.301+0000] {processor.py:840} INFO - DAG(s) 'example_python_operator' retrieved from /home/airflow/.local/lib/python3.12/site-packages/airflow/example_dags/example_python_operator.py
[2025-06-20T15:11:46.324+0000] {logging_mixin.py:188} INFO - [2025-06-20T15:11:46.324+0000] {dag.py:3096} INFO - Sync 1 DAGs
[2025-06-20T15:11:46.337+0000] {logging_mixin.py:188} INFO - [2025-06-20T15:11:46.337+0000] {dag.py:3954} INFO - Setting next_dagrun for example_python_operator to None, run_after=None
[2025-06-20T15:11:46.353+0000] {processor.py:183} INFO - Processing /home/airflow/.local/lib/python3.12/site-packages/airflow/example_dags/example_python_operator.py took 0.072 seconds
[2025-06-20T15:12:16.604+0000] {processor.py:161} INFO - Started process (PID=4409) to work on /home/airflow/.local/lib/python3.12/site-packages/airflow/example_dags/example_python_operator.py
[2025-06-20T15:12:16.605+0000] {processor.py:830} INFO - Processing file /home/airflow/.local/lib/python3.12/site-packages/airflow/example_dags/example_python_operator.py for tasks to queue
[2025-06-20T15:12:16.606+0000] {logging_mixin.py:188} INFO - [2025-06-20T15:12:16.606+0000] {dagbag.py:540} INFO - Filling up the DagBag from /home/airflow/.local/lib/python3.12/site-packages/airflow/example_dags/example_python_operator.py
[2025-06-20T15:12:16.617+0000] {processor.py:840} INFO - DAG(s) 'example_python_operator' retrieved from /home/airflow/.local/lib/python3.12/site-packages/airflow/example_dags/example_python_operator.py
[2025-06-20T15:12:16.638+0000] {logging_mixin.py:188} INFO - [2025-06-20T15:12:16.638+0000] {dag.py:3096} INFO - Sync 1 DAGs
[2025-06-20T15:12:16.650+0000] {logging_mixin.py:188} INFO - [2025-06-20T15:12:16.650+0000] {dag.py:3954} INFO - Setting next_dagrun for example_python_operator to None, run_after=None
[2025-06-20T15:12:16.666+0000] {processor.py:183} INFO - Processing /home/airflow/.local/lib/python3.12/site-packages/airflow/example_dags/example_python_operator.py took 0.069 seconds
[2025-06-20T15:12:47.429+0000] {processor.py:161} INFO - Started process (PID=4468) to work on /home/airflow/.local/lib/python3.12/site-packages/airflow/example_dags/example_python_operator.py
[2025-06-20T15:12:47.429+0000] {processor.py:830} INFO - Processing file /home/airflow/.local/lib/python3.12/site-packages/airflow/example_dags/example_python_operator.py for tasks to queue
[2025-06-20T15:12:47.431+0000] {logging_mixin.py:188} INFO - [2025-06-20T15:12:47.431+0000] {dagbag.py:540} INFO - Filling up the DagBag from /home/airflow/.local/lib/python3.12/site-packages/airflow/example_dags/example_python_operator.py
[2025-06-20T15:12:47.441+0000] {processor.py:840} INFO - DAG(s) 'example_python_operator' retrieved from /home/airflow/.local/lib/python3.12/site-packages/airflow/example_dags/example_python_operator.py
[2025-06-20T15:12:47.462+0000] {logging_mixin.py:188} INFO - [2025-06-20T15:12:47.461+0000] {dag.py:3096} INFO - Sync 1 DAGs
[2025-06-20T15:12:47.473+0000] {logging_mixin.py:188} INFO - [2025-06-20T15:12:47.473+0000] {dag.py:3954} INFO - Setting next_dagrun for example_python_operator to None, run_after=None
[2025-06-20T15:12:47.489+0000] {processor.py:183} INFO - Processing /home/airflow/.local/lib/python3.12/site-packages/airflow/example_dags/example_python_operator.py took 0.066 seconds
[2025-06-20T15:13:17.541+0000] {processor.py:161} INFO - Started process (PID=4527) to work on /home/airflow/.local/lib/python3.12/site-packages/airflow/example_dags/example_python_operator.py
[2025-06-20T15:13:17.542+0000] {processor.py:830} INFO - Processing file /home/airflow/.local/lib/python3.12/site-packages/airflow/example_dags/example_python_operator.py for tasks to queue
[2025-06-20T15:13:17.543+0000] {logging_mixin.py:188} INFO - [2025-06-20T15:13:17.543+0000] {dagbag.py:540} INFO - Filling up the DagBag from /home/airflow/.local/lib/python3.12/site-packages/airflow/example_dags/example_python_operator.py
[2025-06-20T15:13:17.554+0000] {processor.py:840} INFO - DAG(s) 'example_python_operator' retrieved from /home/airflow/.local/lib/python3.12/site-packages/airflow/example_dags/example_python_operator.py
[2025-06-20T15:13:17.577+0000] {logging_mixin.py:188} INFO - [2025-06-20T15:13:17.577+0000] {dag.py:3096} INFO - Sync 1 DAGs
[2025-06-20T15:13:17.589+0000] {logging_mixin.py:188} INFO - [2025-06-20T15:13:17.589+0000] {dag.py:3954} INFO - Setting next_dagrun for example_python_operator to None, run_after=None
[2025-06-20T15:13:17.605+0000] {processor.py:183} INFO - Processing /home/airflow/.local/lib/python3.12/site-packages/airflow/example_dags/example_python_operator.py took 0.071 seconds
[2025-06-20T15:13:47.821+0000] {processor.py:161} INFO - Started process (PID=4586) to work on /home/airflow/.local/lib/python3.12/site-packages/airflow/example_dags/example_python_operator.py
[2025-06-20T15:13:47.822+0000] {processor.py:830} INFO - Processing file /home/airflow/.local/lib/python3.12/site-packages/airflow/example_dags/example_python_operator.py for tasks to queue
[2025-06-20T15:13:47.824+0000] {logging_mixin.py:188} INFO - [2025-06-20T15:13:47.823+0000] {dagbag.py:540} INFO - Filling up the DagBag from /home/airflow/.local/lib/python3.12/site-packages/airflow/example_dags/example_python_operator.py
[2025-06-20T15:13:47.834+0000] {processor.py:840} INFO - DAG(s) 'example_python_operator' retrieved from /home/airflow/.local/lib/python3.12/site-packages/airflow/example_dags/example_python_operator.py
[2025-06-20T15:13:47.856+0000] {logging_mixin.py:188} INFO - [2025-06-20T15:13:47.856+0000] {dag.py:3096} INFO - Sync 1 DAGs
[2025-06-20T15:13:47.869+0000] {logging_mixin.py:188} INFO - [2025-06-20T15:13:47.869+0000] {dag.py:3954} INFO - Setting next_dagrun for example_python_operator to None, run_after=None
[2025-06-20T15:13:47.886+0000] {processor.py:183} INFO - Processing /home/airflow/.local/lib/python3.12/site-packages/airflow/example_dags/example_python_operator.py took 0.072 seconds
[2025-06-20T15:14:17.930+0000] {processor.py:161} INFO - Started process (PID=4645) to work on /home/airflow/.local/lib/python3.12/site-packages/airflow/example_dags/example_python_operator.py
[2025-06-20T15:14:17.931+0000] {processor.py:830} INFO - Processing file /home/airflow/.local/lib/python3.12/site-packages/airflow/example_dags/example_python_operator.py for tasks to queue
[2025-06-20T15:14:17.933+0000] {logging_mixin.py:188} INFO - [2025-06-20T15:14:17.932+0000] {dagbag.py:540} INFO - Filling up the DagBag from /home/airflow/.local/lib/python3.12/site-packages/airflow/example_dags/example_python_operator.py
[2025-06-20T15:14:17.943+0000] {processor.py:840} INFO - DAG(s) 'example_python_operator' retrieved from /home/airflow/.local/lib/python3.12/site-packages/airflow/example_dags/example_python_operator.py
[2025-06-20T15:14:17.964+0000] {logging_mixin.py:188} INFO - [2025-06-20T15:14:17.964+0000] {dag.py:3096} INFO - Sync 1 DAGs
[2025-06-20T15:14:17.976+0000] {logging_mixin.py:188} INFO - [2025-06-20T15:14:17.976+0000] {dag.py:3954} INFO - Setting next_dagrun for example_python_operator to None, run_after=None
[2025-06-20T15:14:17.993+0000] {processor.py:183} INFO - Processing /home/airflow/.local/lib/python3.12/site-packages/airflow/example_dags/example_python_operator.py took 0.069 seconds
[2025-06-20T15:14:48.322+0000] {processor.py:161} INFO - Started process (PID=4704) to work on /home/airflow/.local/lib/python3.12/site-packages/airflow/example_dags/example_python_operator.py
[2025-06-20T15:14:48.323+0000] {processor.py:830} INFO - Processing file /home/airflow/.local/lib/python3.12/site-packages/airflow/example_dags/example_python_operator.py for tasks to queue
[2025-06-20T15:14:48.325+0000] {logging_mixin.py:188} INFO - [2025-06-20T15:14:48.325+0000] {dagbag.py:540} INFO - Filling up the DagBag from /home/airflow/.local/lib/python3.12/site-packages/airflow/example_dags/example_python_operator.py
[2025-06-20T15:14:48.336+0000] {processor.py:840} INFO - DAG(s) 'example_python_operator' retrieved from /home/airflow/.local/lib/python3.12/site-packages/airflow/example_dags/example_python_operator.py
[2025-06-20T15:14:48.356+0000] {logging_mixin.py:188} INFO - [2025-06-20T15:14:48.356+0000] {dag.py:3096} INFO - Sync 1 DAGs
[2025-06-20T15:14:48.371+0000] {logging_mixin.py:188} INFO - [2025-06-20T15:14:48.371+0000] {dag.py:3954} INFO - Setting next_dagrun for example_python_operator to None, run_after=None
[2025-06-20T15:14:48.389+0000] {processor.py:183} INFO - Processing /home/airflow/.local/lib/python3.12/site-packages/airflow/example_dags/example_python_operator.py took 0.073 seconds
[2025-06-20T15:15:18.727+0000] {processor.py:161} INFO - Started process (PID=4763) to work on /home/airflow/.local/lib/python3.12/site-packages/airflow/example_dags/example_python_operator.py
[2025-06-20T15:15:18.728+0000] {processor.py:830} INFO - Processing file /home/airflow/.local/lib/python3.12/site-packages/airflow/example_dags/example_python_operator.py for tasks to queue
[2025-06-20T15:15:18.730+0000] {logging_mixin.py:188} INFO - [2025-06-20T15:15:18.730+0000] {dagbag.py:540} INFO - Filling up the DagBag from /home/airflow/.local/lib/python3.12/site-packages/airflow/example_dags/example_python_operator.py
[2025-06-20T15:15:18.741+0000] {processor.py:840} INFO - DAG(s) 'example_python_operator' retrieved from /home/airflow/.local/lib/python3.12/site-packages/airflow/example_dags/example_python_operator.py
[2025-06-20T15:15:18.762+0000] {logging_mixin.py:188} INFO - [2025-06-20T15:15:18.762+0000] {dag.py:3096} INFO - Sync 1 DAGs
[2025-06-20T15:15:18.777+0000] {logging_mixin.py:188} INFO - [2025-06-20T15:15:18.776+0000] {dag.py:3954} INFO - Setting next_dagrun for example_python_operator to None, run_after=None
[2025-06-20T15:15:18.792+0000] {processor.py:183} INFO - Processing /home/airflow/.local/lib/python3.12/site-packages/airflow/example_dags/example_python_operator.py took 0.071 seconds
[2025-06-20T15:15:49.501+0000] {processor.py:161} INFO - Started process (PID=4822) to work on /home/airflow/.local/lib/python3.12/site-packages/airflow/example_dags/example_python_operator.py
[2025-06-20T15:15:49.502+0000] {processor.py:830} INFO - Processing file /home/airflow/.local/lib/python3.12/site-packages/airflow/example_dags/example_python_operator.py for tasks to queue
[2025-06-20T15:15:49.504+0000] {logging_mixin.py:188} INFO - [2025-06-20T15:15:49.503+0000] {dagbag.py:540} INFO - Filling up the DagBag from /home/airflow/.local/lib/python3.12/site-packages/airflow/example_dags/example_python_operator.py
[2025-06-20T15:15:49.514+0000] {processor.py:840} INFO - DAG(s) 'example_python_operator' retrieved from /home/airflow/.local/lib/python3.12/site-packages/airflow/example_dags/example_python_operator.py
[2025-06-20T15:15:49.540+0000] {logging_mixin.py:188} INFO - [2025-06-20T15:15:49.540+0000] {dag.py:3096} INFO - Sync 1 DAGs
[2025-06-20T15:15:49.552+0000] {logging_mixin.py:188} INFO - [2025-06-20T15:15:49.552+0000] {dag.py:3954} INFO - Setting next_dagrun for example_python_operator to None, run_after=None
[2025-06-20T15:15:49.568+0000] {processor.py:183} INFO - Processing /home/airflow/.local/lib/python3.12/site-packages/airflow/example_dags/example_python_operator.py took 0.074 seconds
[2025-06-20T15:16:20.056+0000] {processor.py:161} INFO - Started process (PID=4881) to work on /home/airflow/.local/lib/python3.12/site-packages/airflow/example_dags/example_python_operator.py
[2025-06-20T15:16:20.057+0000] {processor.py:830} INFO - Processing file /home/airflow/.local/lib/python3.12/site-packages/airflow/example_dags/example_python_operator.py for tasks to queue
[2025-06-20T15:16:20.059+0000] {logging_mixin.py:188} INFO - [2025-06-20T15:16:20.059+0000] {dagbag.py:540} INFO - Filling up the DagBag from /home/airflow/.local/lib/python3.12/site-packages/airflow/example_dags/example_python_operator.py
[2025-06-20T15:16:20.069+0000] {processor.py:840} INFO - DAG(s) 'example_python_operator' retrieved from /home/airflow/.local/lib/python3.12/site-packages/airflow/example_dags/example_python_operator.py
[2025-06-20T15:16:20.092+0000] {logging_mixin.py:188} INFO - [2025-06-20T15:16:20.091+0000] {dag.py:3096} INFO - Sync 1 DAGs
[2025-06-20T15:16:20.103+0000] {logging_mixin.py:188} INFO - [2025-06-20T15:16:20.103+0000] {dag.py:3954} INFO - Setting next_dagrun for example_python_operator to None, run_after=None
[2025-06-20T15:16:20.119+0000] {processor.py:183} INFO - Processing /home/airflow/.local/lib/python3.12/site-packages/airflow/example_dags/example_python_operator.py took 0.070 seconds
[2025-06-20T15:16:50.875+0000] {processor.py:161} INFO - Started process (PID=4940) to work on /home/airflow/.local/lib/python3.12/site-packages/airflow/example_dags/example_python_operator.py
[2025-06-20T15:16:50.875+0000] {processor.py:830} INFO - Processing file /home/airflow/.local/lib/python3.12/site-packages/airflow/example_dags/example_python_operator.py for tasks to queue
[2025-06-20T15:16:50.877+0000] {logging_mixin.py:188} INFO - [2025-06-20T15:16:50.877+0000] {dagbag.py:540} INFO - Filling up the DagBag from /home/airflow/.local/lib/python3.12/site-packages/airflow/example_dags/example_python_operator.py
[2025-06-20T15:16:50.888+0000] {processor.py:840} INFO - DAG(s) 'example_python_operator' retrieved from /home/airflow/.local/lib/python3.12/site-packages/airflow/example_dags/example_python_operator.py
[2025-06-20T15:16:50.913+0000] {logging_mixin.py:188} INFO - [2025-06-20T15:16:50.913+0000] {dag.py:3096} INFO - Sync 1 DAGs
[2025-06-20T15:16:50.925+0000] {logging_mixin.py:188} INFO - [2025-06-20T15:16:50.925+0000] {dag.py:3954} INFO - Setting next_dagrun for example_python_operator to None, run_after=None
[2025-06-20T15:16:50.944+0000] {processor.py:183} INFO - Processing /home/airflow/.local/lib/python3.12/site-packages/airflow/example_dags/example_python_operator.py took 0.076 seconds
[2025-06-20T15:17:21.236+0000] {processor.py:161} INFO - Started process (PID=4999) to work on /home/airflow/.local/lib/python3.12/site-packages/airflow/example_dags/example_python_operator.py
[2025-06-20T15:17:21.237+0000] {processor.py:830} INFO - Processing file /home/airflow/.local/lib/python3.12/site-packages/airflow/example_dags/example_python_operator.py for tasks to queue
[2025-06-20T15:17:21.239+0000] {logging_mixin.py:188} INFO - [2025-06-20T15:17:21.239+0000] {dagbag.py:540} INFO - Filling up the DagBag from /home/airflow/.local/lib/python3.12/site-packages/airflow/example_dags/example_python_operator.py
[2025-06-20T15:17:21.250+0000] {processor.py:840} INFO - DAG(s) 'example_python_operator' retrieved from /home/airflow/.local/lib/python3.12/site-packages/airflow/example_dags/example_python_operator.py
[2025-06-20T15:17:21.273+0000] {logging_mixin.py:188} INFO - [2025-06-20T15:17:21.273+0000] {dag.py:3096} INFO - Sync 1 DAGs
[2025-06-20T15:17:21.285+0000] {logging_mixin.py:188} INFO - [2025-06-20T15:17:21.285+0000] {dag.py:3954} INFO - Setting next_dagrun for example_python_operator to None, run_after=None
[2025-06-20T15:17:21.301+0000] {processor.py:183} INFO - Processing /home/airflow/.local/lib/python3.12/site-packages/airflow/example_dags/example_python_operator.py took 0.072 seconds
[2025-06-20T15:17:51.408+0000] {processor.py:161} INFO - Started process (PID=5058) to work on /home/airflow/.local/lib/python3.12/site-packages/airflow/example_dags/example_python_operator.py
[2025-06-20T15:17:51.409+0000] {processor.py:830} INFO - Processing file /home/airflow/.local/lib/python3.12/site-packages/airflow/example_dags/example_python_operator.py for tasks to queue
[2025-06-20T15:17:51.411+0000] {logging_mixin.py:188} INFO - [2025-06-20T15:17:51.411+0000] {dagbag.py:540} INFO - Filling up the DagBag from /home/airflow/.local/lib/python3.12/site-packages/airflow/example_dags/example_python_operator.py
[2025-06-20T15:17:51.421+0000] {processor.py:840} INFO - DAG(s) 'example_python_operator' retrieved from /home/airflow/.local/lib/python3.12/site-packages/airflow/example_dags/example_python_operator.py
[2025-06-20T15:17:51.443+0000] {logging_mixin.py:188} INFO - [2025-06-20T15:17:51.443+0000] {dag.py:3096} INFO - Sync 1 DAGs
[2025-06-20T15:17:51.454+0000] {logging_mixin.py:188} INFO - [2025-06-20T15:17:51.454+0000] {dag.py:3954} INFO - Setting next_dagrun for example_python_operator to None, run_after=None
[2025-06-20T15:17:51.470+0000] {processor.py:183} INFO - Processing /home/airflow/.local/lib/python3.12/site-packages/airflow/example_dags/example_python_operator.py took 0.068 seconds
[2025-06-20T15:18:22.359+0000] {processor.py:161} INFO - Started process (PID=5117) to work on /home/airflow/.local/lib/python3.12/site-packages/airflow/example_dags/example_python_operator.py
[2025-06-20T15:18:22.360+0000] {processor.py:830} INFO - Processing file /home/airflow/.local/lib/python3.12/site-packages/airflow/example_dags/example_python_operator.py for tasks to queue
[2025-06-20T15:18:22.362+0000] {logging_mixin.py:188} INFO - [2025-06-20T15:18:22.361+0000] {dagbag.py:540} INFO - Filling up the DagBag from /home/airflow/.local/lib/python3.12/site-packages/airflow/example_dags/example_python_operator.py
[2025-06-20T15:18:22.372+0000] {processor.py:840} INFO - DAG(s) 'example_python_operator' retrieved from /home/airflow/.local/lib/python3.12/site-packages/airflow/example_dags/example_python_operator.py
[2025-06-20T15:18:22.392+0000] {logging_mixin.py:188} INFO - [2025-06-20T15:18:22.392+0000] {dag.py:3096} INFO - Sync 1 DAGs
[2025-06-20T15:18:22.404+0000] {logging_mixin.py:188} INFO - [2025-06-20T15:18:22.404+0000] {dag.py:3954} INFO - Setting next_dagrun for example_python_operator to None, run_after=None
[2025-06-20T15:18:22.420+0000] {processor.py:183} INFO - Processing /home/airflow/.local/lib/python3.12/site-packages/airflow/example_dags/example_python_operator.py took 0.067 seconds
[2025-06-20T15:18:52.540+0000] {processor.py:161} INFO - Started process (PID=5177) to work on /home/airflow/.local/lib/python3.12/site-packages/airflow/example_dags/example_python_operator.py
[2025-06-20T15:18:52.541+0000] {processor.py:830} INFO - Processing file /home/airflow/.local/lib/python3.12/site-packages/airflow/example_dags/example_python_operator.py for tasks to queue
[2025-06-20T15:18:52.543+0000] {logging_mixin.py:188} INFO - [2025-06-20T15:18:52.542+0000] {dagbag.py:540} INFO - Filling up the DagBag from /home/airflow/.local/lib/python3.12/site-packages/airflow/example_dags/example_python_operator.py
[2025-06-20T15:18:52.553+0000] {processor.py:840} INFO - DAG(s) 'example_python_operator' retrieved from /home/airflow/.local/lib/python3.12/site-packages/airflow/example_dags/example_python_operator.py
[2025-06-20T15:18:52.574+0000] {logging_mixin.py:188} INFO - [2025-06-20T15:18:52.574+0000] {dag.py:3096} INFO - Sync 1 DAGs
[2025-06-20T15:18:52.585+0000] {logging_mixin.py:188} INFO - [2025-06-20T15:18:52.585+0000] {dag.py:3954} INFO - Setting next_dagrun for example_python_operator to None, run_after=None
[2025-06-20T15:18:52.602+0000] {processor.py:183} INFO - Processing /home/airflow/.local/lib/python3.12/site-packages/airflow/example_dags/example_python_operator.py took 0.068 seconds
[2025-06-20T15:19:22.826+0000] {processor.py:161} INFO - Started process (PID=5236) to work on /home/airflow/.local/lib/python3.12/site-packages/airflow/example_dags/example_python_operator.py
[2025-06-20T15:19:22.827+0000] {processor.py:830} INFO - Processing file /home/airflow/.local/lib/python3.12/site-packages/airflow/example_dags/example_python_operator.py for tasks to queue
[2025-06-20T15:19:22.828+0000] {logging_mixin.py:188} INFO - [2025-06-20T15:19:22.828+0000] {dagbag.py:540} INFO - Filling up the DagBag from /home/airflow/.local/lib/python3.12/site-packages/airflow/example_dags/example_python_operator.py
[2025-06-20T15:19:22.839+0000] {processor.py:840} INFO - DAG(s) 'example_python_operator' retrieved from /home/airflow/.local/lib/python3.12/site-packages/airflow/example_dags/example_python_operator.py
[2025-06-20T15:19:22.860+0000] {logging_mixin.py:188} INFO - [2025-06-20T15:19:22.859+0000] {dag.py:3096} INFO - Sync 1 DAGs
[2025-06-20T15:19:22.871+0000] {logging_mixin.py:188} INFO - [2025-06-20T15:19:22.871+0000] {dag.py:3954} INFO - Setting next_dagrun for example_python_operator to None, run_after=None
[2025-06-20T15:19:22.887+0000] {processor.py:183} INFO - Processing /home/airflow/.local/lib/python3.12/site-packages/airflow/example_dags/example_python_operator.py took 0.067 seconds
[2025-06-20T15:19:53.089+0000] {processor.py:161} INFO - Started process (PID=5295) to work on /home/airflow/.local/lib/python3.12/site-packages/airflow/example_dags/example_python_operator.py
[2025-06-20T15:19:53.090+0000] {processor.py:830} INFO - Processing file /home/airflow/.local/lib/python3.12/site-packages/airflow/example_dags/example_python_operator.py for tasks to queue
[2025-06-20T15:19:53.092+0000] {logging_mixin.py:188} INFO - [2025-06-20T15:19:53.091+0000] {dagbag.py:540} INFO - Filling up the DagBag from /home/airflow/.local/lib/python3.12/site-packages/airflow/example_dags/example_python_operator.py
[2025-06-20T15:19:53.102+0000] {processor.py:840} INFO - DAG(s) 'example_python_operator' retrieved from /home/airflow/.local/lib/python3.12/site-packages/airflow/example_dags/example_python_operator.py
[2025-06-20T15:19:53.124+0000] {logging_mixin.py:188} INFO - [2025-06-20T15:19:53.124+0000] {dag.py:3096} INFO - Sync 1 DAGs
[2025-06-20T15:19:53.136+0000] {logging_mixin.py:188} INFO - [2025-06-20T15:19:53.135+0000] {dag.py:3954} INFO - Setting next_dagrun for example_python_operator to None, run_after=None
[2025-06-20T15:19:53.152+0000] {processor.py:183} INFO - Processing /home/airflow/.local/lib/python3.12/site-packages/airflow/example_dags/example_python_operator.py took 0.069 seconds
[2025-06-20T15:20:23.247+0000] {processor.py:161} INFO - Started process (PID=5354) to work on /home/airflow/.local/lib/python3.12/site-packages/airflow/example_dags/example_python_operator.py
[2025-06-20T15:20:23.248+0000] {processor.py:830} INFO - Processing file /home/airflow/.local/lib/python3.12/site-packages/airflow/example_dags/example_python_operator.py for tasks to queue
[2025-06-20T15:20:23.250+0000] {logging_mixin.py:188} INFO - [2025-06-20T15:20:23.249+0000] {dagbag.py:540} INFO - Filling up the DagBag from /home/airflow/.local/lib/python3.12/site-packages/airflow/example_dags/example_python_operator.py
[2025-06-20T15:20:23.260+0000] {processor.py:840} INFO - DAG(s) 'example_python_operator' retrieved from /home/airflow/.local/lib/python3.12/site-packages/airflow/example_dags/example_python_operator.py
[2025-06-20T15:20:23.281+0000] {logging_mixin.py:188} INFO - [2025-06-20T15:20:23.281+0000] {dag.py:3096} INFO - Sync 1 DAGs
[2025-06-20T15:20:23.293+0000] {logging_mixin.py:188} INFO - [2025-06-20T15:20:23.292+0000] {dag.py:3954} INFO - Setting next_dagrun for example_python_operator to None, run_after=None
[2025-06-20T15:20:23.308+0000] {processor.py:183} INFO - Processing /home/airflow/.local/lib/python3.12/site-packages/airflow/example_dags/example_python_operator.py took 0.068 seconds
[2025-06-20T15:20:53.580+0000] {processor.py:161} INFO - Started process (PID=5413) to work on /home/airflow/.local/lib/python3.12/site-packages/airflow/example_dags/example_python_operator.py
[2025-06-20T15:20:53.581+0000] {processor.py:830} INFO - Processing file /home/airflow/.local/lib/python3.12/site-packages/airflow/example_dags/example_python_operator.py for tasks to queue
[2025-06-20T15:20:53.583+0000] {logging_mixin.py:188} INFO - [2025-06-20T15:20:53.583+0000] {dagbag.py:540} INFO - Filling up the DagBag from /home/airflow/.local/lib/python3.12/site-packages/airflow/example_dags/example_python_operator.py
[2025-06-20T15:20:53.593+0000] {processor.py:840} INFO - DAG(s) 'example_python_operator' retrieved from /home/airflow/.local/lib/python3.12/site-packages/airflow/example_dags/example_python_operator.py
[2025-06-20T15:20:53.614+0000] {logging_mixin.py:188} INFO - [2025-06-20T15:20:53.614+0000] {dag.py:3096} INFO - Sync 1 DAGs
[2025-06-20T15:20:53.627+0000] {logging_mixin.py:188} INFO - [2025-06-20T15:20:53.626+0000] {dag.py:3954} INFO - Setting next_dagrun for example_python_operator to None, run_after=None
[2025-06-20T15:20:53.643+0000] {processor.py:183} INFO - Processing /home/airflow/.local/lib/python3.12/site-packages/airflow/example_dags/example_python_operator.py took 0.069 seconds
[2025-06-20T15:21:23.866+0000] {processor.py:161} INFO - Started process (PID=5472) to work on /home/airflow/.local/lib/python3.12/site-packages/airflow/example_dags/example_python_operator.py
[2025-06-20T15:21:23.867+0000] {processor.py:830} INFO - Processing file /home/airflow/.local/lib/python3.12/site-packages/airflow/example_dags/example_python_operator.py for tasks to queue
[2025-06-20T15:21:23.869+0000] {logging_mixin.py:188} INFO - [2025-06-20T15:21:23.868+0000] {dagbag.py:540} INFO - Filling up the DagBag from /home/airflow/.local/lib/python3.12/site-packages/airflow/example_dags/example_python_operator.py
[2025-06-20T15:21:23.880+0000] {processor.py:840} INFO - DAG(s) 'example_python_operator' retrieved from /home/airflow/.local/lib/python3.12/site-packages/airflow/example_dags/example_python_operator.py
[2025-06-20T15:21:23.901+0000] {logging_mixin.py:188} INFO - [2025-06-20T15:21:23.901+0000] {dag.py:3096} INFO - Sync 1 DAGs
[2025-06-20T15:21:23.913+0000] {logging_mixin.py:188} INFO - [2025-06-20T15:21:23.912+0000] {dag.py:3954} INFO - Setting next_dagrun for example_python_operator to None, run_after=None
[2025-06-20T15:21:23.929+0000] {processor.py:183} INFO - Processing /home/airflow/.local/lib/python3.12/site-packages/airflow/example_dags/example_python_operator.py took 0.070 seconds
[2025-06-20T15:21:54.600+0000] {processor.py:161} INFO - Started process (PID=5529) to work on /home/airflow/.local/lib/python3.12/site-packages/airflow/example_dags/example_python_operator.py
[2025-06-20T15:21:54.601+0000] {processor.py:830} INFO - Processing file /home/airflow/.local/lib/python3.12/site-packages/airflow/example_dags/example_python_operator.py for tasks to queue
[2025-06-20T15:21:54.603+0000] {logging_mixin.py:188} INFO - [2025-06-20T15:21:54.603+0000] {dagbag.py:540} INFO - Filling up the DagBag from /home/airflow/.local/lib/python3.12/site-packages/airflow/example_dags/example_python_operator.py
[2025-06-20T15:21:54.613+0000] {processor.py:840} INFO - DAG(s) 'example_python_operator' retrieved from /home/airflow/.local/lib/python3.12/site-packages/airflow/example_dags/example_python_operator.py
[2025-06-20T15:21:54.635+0000] {logging_mixin.py:188} INFO - [2025-06-20T15:21:54.635+0000] {dag.py:3096} INFO - Sync 1 DAGs
[2025-06-20T15:21:54.647+0000] {logging_mixin.py:188} INFO - [2025-06-20T15:21:54.647+0000] {dag.py:3954} INFO - Setting next_dagrun for example_python_operator to None, run_after=None
[2025-06-20T15:21:54.664+0000] {processor.py:183} INFO - Processing /home/airflow/.local/lib/python3.12/site-packages/airflow/example_dags/example_python_operator.py took 0.070 seconds
[2025-06-20T15:22:25.001+0000] {processor.py:161} INFO - Started process (PID=5588) to work on /home/airflow/.local/lib/python3.12/site-packages/airflow/example_dags/example_python_operator.py
[2025-06-20T15:22:25.002+0000] {processor.py:830} INFO - Processing file /home/airflow/.local/lib/python3.12/site-packages/airflow/example_dags/example_python_operator.py for tasks to queue
[2025-06-20T15:22:25.004+0000] {logging_mixin.py:188} INFO - [2025-06-20T15:22:25.003+0000] {dagbag.py:540} INFO - Filling up the DagBag from /home/airflow/.local/lib/python3.12/site-packages/airflow/example_dags/example_python_operator.py
[2025-06-20T15:22:25.014+0000] {processor.py:840} INFO - DAG(s) 'example_python_operator' retrieved from /home/airflow/.local/lib/python3.12/site-packages/airflow/example_dags/example_python_operator.py
[2025-06-20T15:22:25.035+0000] {logging_mixin.py:188} INFO - [2025-06-20T15:22:25.034+0000] {dag.py:3096} INFO - Sync 1 DAGs
[2025-06-20T15:22:25.046+0000] {logging_mixin.py:188} INFO - [2025-06-20T15:22:25.046+0000] {dag.py:3954} INFO - Setting next_dagrun for example_python_operator to None, run_after=None
[2025-06-20T15:22:25.061+0000] {processor.py:183} INFO - Processing /home/airflow/.local/lib/python3.12/site-packages/airflow/example_dags/example_python_operator.py took 0.067 seconds
[2025-06-20T15:22:55.218+0000] {processor.py:161} INFO - Started process (PID=5647) to work on /home/airflow/.local/lib/python3.12/site-packages/airflow/example_dags/example_python_operator.py
[2025-06-20T15:22:55.218+0000] {processor.py:830} INFO - Processing file /home/airflow/.local/lib/python3.12/site-packages/airflow/example_dags/example_python_operator.py for tasks to queue
[2025-06-20T15:22:55.220+0000] {logging_mixin.py:188} INFO - [2025-06-20T15:22:55.220+0000] {dagbag.py:540} INFO - Filling up the DagBag from /home/airflow/.local/lib/python3.12/site-packages/airflow/example_dags/example_python_operator.py
[2025-06-20T15:22:55.230+0000] {processor.py:840} INFO - DAG(s) 'example_python_operator' retrieved from /home/airflow/.local/lib/python3.12/site-packages/airflow/example_dags/example_python_operator.py
[2025-06-20T15:22:55.252+0000] {logging_mixin.py:188} INFO - [2025-06-20T15:22:55.252+0000] {dag.py:3096} INFO - Sync 1 DAGs
[2025-06-20T15:22:55.265+0000] {logging_mixin.py:188} INFO - [2025-06-20T15:22:55.265+0000] {dag.py:3954} INFO - Setting next_dagrun for example_python_operator to None, run_after=None
[2025-06-20T15:22:55.281+0000] {processor.py:183} INFO - Processing /home/airflow/.local/lib/python3.12/site-packages/airflow/example_dags/example_python_operator.py took 0.069 seconds
[2025-06-20T15:23:25.474+0000] {processor.py:161} INFO - Started process (PID=5712) to work on /home/airflow/.local/lib/python3.12/site-packages/airflow/example_dags/example_python_operator.py
[2025-06-20T15:23:25.475+0000] {processor.py:830} INFO - Processing file /home/airflow/.local/lib/python3.12/site-packages/airflow/example_dags/example_python_operator.py for tasks to queue
[2025-06-20T15:23:25.477+0000] {logging_mixin.py:188} INFO - [2025-06-20T15:23:25.477+0000] {dagbag.py:540} INFO - Filling up the DagBag from /home/airflow/.local/lib/python3.12/site-packages/airflow/example_dags/example_python_operator.py
[2025-06-20T15:23:25.487+0000] {processor.py:840} INFO - DAG(s) 'example_python_operator' retrieved from /home/airflow/.local/lib/python3.12/site-packages/airflow/example_dags/example_python_operator.py
[2025-06-20T15:23:25.511+0000] {logging_mixin.py:188} INFO - [2025-06-20T15:23:25.511+0000] {dag.py:3096} INFO - Sync 1 DAGs
[2025-06-20T15:23:25.523+0000] {logging_mixin.py:188} INFO - [2025-06-20T15:23:25.523+0000] {dag.py:3954} INFO - Setting next_dagrun for example_python_operator to None, run_after=None
[2025-06-20T15:23:25.539+0000] {processor.py:183} INFO - Processing /home/airflow/.local/lib/python3.12/site-packages/airflow/example_dags/example_python_operator.py took 0.071 seconds
[2025-06-20T15:23:55.804+0000] {processor.py:161} INFO - Started process (PID=5771) to work on /home/airflow/.local/lib/python3.12/site-packages/airflow/example_dags/example_python_operator.py
[2025-06-20T15:23:55.805+0000] {processor.py:830} INFO - Processing file /home/airflow/.local/lib/python3.12/site-packages/airflow/example_dags/example_python_operator.py for tasks to queue
[2025-06-20T15:23:55.807+0000] {logging_mixin.py:188} INFO - [2025-06-20T15:23:55.806+0000] {dagbag.py:540} INFO - Filling up the DagBag from /home/airflow/.local/lib/python3.12/site-packages/airflow/example_dags/example_python_operator.py
[2025-06-20T15:23:55.817+0000] {processor.py:840} INFO - DAG(s) 'example_python_operator' retrieved from /home/airflow/.local/lib/python3.12/site-packages/airflow/example_dags/example_python_operator.py
[2025-06-20T15:23:55.838+0000] {logging_mixin.py:188} INFO - [2025-06-20T15:23:55.837+0000] {dag.py:3096} INFO - Sync 1 DAGs
[2025-06-20T15:23:55.849+0000] {logging_mixin.py:188} INFO - [2025-06-20T15:23:55.849+0000] {dag.py:3954} INFO - Setting next_dagrun for example_python_operator to None, run_after=None
[2025-06-20T15:23:55.865+0000] {processor.py:183} INFO - Processing /home/airflow/.local/lib/python3.12/site-packages/airflow/example_dags/example_python_operator.py took 0.068 seconds
[2025-06-20T15:24:26.071+0000] {processor.py:161} INFO - Started process (PID=5830) to work on /home/airflow/.local/lib/python3.12/site-packages/airflow/example_dags/example_python_operator.py
[2025-06-20T15:24:26.072+0000] {processor.py:830} INFO - Processing file /home/airflow/.local/lib/python3.12/site-packages/airflow/example_dags/example_python_operator.py for tasks to queue
[2025-06-20T15:24:26.074+0000] {logging_mixin.py:188} INFO - [2025-06-20T15:24:26.074+0000] {dagbag.py:540} INFO - Filling up the DagBag from /home/airflow/.local/lib/python3.12/site-packages/airflow/example_dags/example_python_operator.py
[2025-06-20T15:24:26.084+0000] {processor.py:840} INFO - DAG(s) 'example_python_operator' retrieved from /home/airflow/.local/lib/python3.12/site-packages/airflow/example_dags/example_python_operator.py
[2025-06-20T15:24:26.106+0000] {logging_mixin.py:188} INFO - [2025-06-20T15:24:26.106+0000] {dag.py:3096} INFO - Sync 1 DAGs
[2025-06-20T15:24:26.117+0000] {logging_mixin.py:188} INFO - [2025-06-20T15:24:26.117+0000] {dag.py:3954} INFO - Setting next_dagrun for example_python_operator to None, run_after=None
[2025-06-20T15:24:26.133+0000] {processor.py:183} INFO - Processing /home/airflow/.local/lib/python3.12/site-packages/airflow/example_dags/example_python_operator.py took 0.069 seconds
[2025-06-20T15:24:56.282+0000] {processor.py:161} INFO - Started process (PID=5889) to work on /home/airflow/.local/lib/python3.12/site-packages/airflow/example_dags/example_python_operator.py
[2025-06-20T15:24:56.284+0000] {processor.py:830} INFO - Processing file /home/airflow/.local/lib/python3.12/site-packages/airflow/example_dags/example_python_operator.py for tasks to queue
[2025-06-20T15:24:56.286+0000] {logging_mixin.py:188} INFO - [2025-06-20T15:24:56.286+0000] {dagbag.py:540} INFO - Filling up the DagBag from /home/airflow/.local/lib/python3.12/site-packages/airflow/example_dags/example_python_operator.py
[2025-06-20T15:24:56.301+0000] {processor.py:840} INFO - DAG(s) 'example_python_operator' retrieved from /home/airflow/.local/lib/python3.12/site-packages/airflow/example_dags/example_python_operator.py
[2025-06-20T15:24:56.328+0000] {logging_mixin.py:188} INFO - [2025-06-20T15:24:56.328+0000] {dag.py:3096} INFO - Sync 1 DAGs
[2025-06-20T15:24:56.341+0000] {logging_mixin.py:188} INFO - [2025-06-20T15:24:56.341+0000] {dag.py:3954} INFO - Setting next_dagrun for example_python_operator to None, run_after=None
[2025-06-20T15:24:56.360+0000] {processor.py:183} INFO - Processing /home/airflow/.local/lib/python3.12/site-packages/airflow/example_dags/example_python_operator.py took 0.086 seconds
[2025-06-20T15:25:26.762+0000] {processor.py:161} INFO - Started process (PID=5948) to work on /home/airflow/.local/lib/python3.12/site-packages/airflow/example_dags/example_python_operator.py
[2025-06-20T15:25:26.763+0000] {processor.py:830} INFO - Processing file /home/airflow/.local/lib/python3.12/site-packages/airflow/example_dags/example_python_operator.py for tasks to queue
[2025-06-20T15:25:26.765+0000] {logging_mixin.py:188} INFO - [2025-06-20T15:25:26.764+0000] {dagbag.py:540} INFO - Filling up the DagBag from /home/airflow/.local/lib/python3.12/site-packages/airflow/example_dags/example_python_operator.py
[2025-06-20T15:25:26.775+0000] {processor.py:840} INFO - DAG(s) 'example_python_operator' retrieved from /home/airflow/.local/lib/python3.12/site-packages/airflow/example_dags/example_python_operator.py
[2025-06-20T15:25:26.797+0000] {logging_mixin.py:188} INFO - [2025-06-20T15:25:26.797+0000] {dag.py:3096} INFO - Sync 1 DAGs
[2025-06-20T15:25:26.809+0000] {logging_mixin.py:188} INFO - [2025-06-20T15:25:26.809+0000] {dag.py:3954} INFO - Setting next_dagrun for example_python_operator to None, run_after=None
[2025-06-20T15:25:26.825+0000] {processor.py:183} INFO - Processing /home/airflow/.local/lib/python3.12/site-packages/airflow/example_dags/example_python_operator.py took 0.069 seconds
[2025-06-20T15:25:57.628+0000] {processor.py:161} INFO - Started process (PID=6006) to work on /home/airflow/.local/lib/python3.12/site-packages/airflow/example_dags/example_python_operator.py
[2025-06-20T15:25:57.629+0000] {processor.py:830} INFO - Processing file /home/airflow/.local/lib/python3.12/site-packages/airflow/example_dags/example_python_operator.py for tasks to queue
[2025-06-20T15:25:57.631+0000] {logging_mixin.py:188} INFO - [2025-06-20T15:25:57.630+0000] {dagbag.py:540} INFO - Filling up the DagBag from /home/airflow/.local/lib/python3.12/site-packages/airflow/example_dags/example_python_operator.py
[2025-06-20T15:25:57.641+0000] {processor.py:840} INFO - DAG(s) 'example_python_operator' retrieved from /home/airflow/.local/lib/python3.12/site-packages/airflow/example_dags/example_python_operator.py
[2025-06-20T15:25:57.661+0000] {logging_mixin.py:188} INFO - [2025-06-20T15:25:57.661+0000] {dag.py:3096} INFO - Sync 1 DAGs
[2025-06-20T15:25:57.675+0000] {logging_mixin.py:188} INFO - [2025-06-20T15:25:57.675+0000] {dag.py:3954} INFO - Setting next_dagrun for example_python_operator to None, run_after=None
[2025-06-20T15:25:57.690+0000] {processor.py:183} INFO - Processing /home/airflow/.local/lib/python3.12/site-packages/airflow/example_dags/example_python_operator.py took 0.068 seconds
[2025-06-20T15:26:27.821+0000] {processor.py:161} INFO - Started process (PID=6065) to work on /home/airflow/.local/lib/python3.12/site-packages/airflow/example_dags/example_python_operator.py
[2025-06-20T15:26:27.821+0000] {processor.py:830} INFO - Processing file /home/airflow/.local/lib/python3.12/site-packages/airflow/example_dags/example_python_operator.py for tasks to queue
[2025-06-20T15:26:27.823+0000] {logging_mixin.py:188} INFO - [2025-06-20T15:26:27.823+0000] {dagbag.py:540} INFO - Filling up the DagBag from /home/airflow/.local/lib/python3.12/site-packages/airflow/example_dags/example_python_operator.py
[2025-06-20T15:26:27.833+0000] {processor.py:840} INFO - DAG(s) 'example_python_operator' retrieved from /home/airflow/.local/lib/python3.12/site-packages/airflow/example_dags/example_python_operator.py
[2025-06-20T15:26:27.855+0000] {logging_mixin.py:188} INFO - [2025-06-20T15:26:27.855+0000] {dag.py:3096} INFO - Sync 1 DAGs
[2025-06-20T15:26:27.867+0000] {logging_mixin.py:188} INFO - [2025-06-20T15:26:27.866+0000] {dag.py:3954} INFO - Setting next_dagrun for example_python_operator to None, run_after=None
[2025-06-20T15:26:27.882+0000] {processor.py:183} INFO - Processing /home/airflow/.local/lib/python3.12/site-packages/airflow/example_dags/example_python_operator.py took 0.068 seconds
[2025-06-20T15:26:58.071+0000] {processor.py:161} INFO - Started process (PID=6124) to work on /home/airflow/.local/lib/python3.12/site-packages/airflow/example_dags/example_python_operator.py
[2025-06-20T15:26:58.072+0000] {processor.py:830} INFO - Processing file /home/airflow/.local/lib/python3.12/site-packages/airflow/example_dags/example_python_operator.py for tasks to queue
[2025-06-20T15:26:58.074+0000] {logging_mixin.py:188} INFO - [2025-06-20T15:26:58.074+0000] {dagbag.py:540} INFO - Filling up the DagBag from /home/airflow/.local/lib/python3.12/site-packages/airflow/example_dags/example_python_operator.py
[2025-06-20T15:26:58.084+0000] {processor.py:840} INFO - DAG(s) 'example_python_operator' retrieved from /home/airflow/.local/lib/python3.12/site-packages/airflow/example_dags/example_python_operator.py
[2025-06-20T15:26:58.106+0000] {logging_mixin.py:188} INFO - [2025-06-20T15:26:58.106+0000] {dag.py:3096} INFO - Sync 1 DAGs
[2025-06-20T15:26:58.118+0000] {logging_mixin.py:188} INFO - [2025-06-20T15:26:58.118+0000] {dag.py:3954} INFO - Setting next_dagrun for example_python_operator to None, run_after=None
[2025-06-20T15:26:58.133+0000] {processor.py:183} INFO - Processing /home/airflow/.local/lib/python3.12/site-packages/airflow/example_dags/example_python_operator.py took 0.069 seconds
[2025-06-20T15:27:28.258+0000] {processor.py:161} INFO - Started process (PID=6183) to work on /home/airflow/.local/lib/python3.12/site-packages/airflow/example_dags/example_python_operator.py
[2025-06-20T15:27:28.258+0000] {processor.py:830} INFO - Processing file /home/airflow/.local/lib/python3.12/site-packages/airflow/example_dags/example_python_operator.py for tasks to queue
[2025-06-20T15:27:28.260+0000] {logging_mixin.py:188} INFO - [2025-06-20T15:27:28.260+0000] {dagbag.py:540} INFO - Filling up the DagBag from /home/airflow/.local/lib/python3.12/site-packages/airflow/example_dags/example_python_operator.py
[2025-06-20T15:27:28.270+0000] {processor.py:840} INFO - DAG(s) 'example_python_operator' retrieved from /home/airflow/.local/lib/python3.12/site-packages/airflow/example_dags/example_python_operator.py
[2025-06-20T15:27:28.291+0000] {logging_mixin.py:188} INFO - [2025-06-20T15:27:28.291+0000] {dag.py:3096} INFO - Sync 1 DAGs
[2025-06-20T15:27:28.303+0000] {logging_mixin.py:188} INFO - [2025-06-20T15:27:28.302+0000] {dag.py:3954} INFO - Setting next_dagrun for example_python_operator to None, run_after=None
[2025-06-20T15:27:28.319+0000] {processor.py:183} INFO - Processing /home/airflow/.local/lib/python3.12/site-packages/airflow/example_dags/example_python_operator.py took 0.068 seconds
[2025-06-20T15:27:58.425+0000] {processor.py:161} INFO - Started process (PID=6242) to work on /home/airflow/.local/lib/python3.12/site-packages/airflow/example_dags/example_python_operator.py
[2025-06-20T15:27:58.426+0000] {processor.py:830} INFO - Processing file /home/airflow/.local/lib/python3.12/site-packages/airflow/example_dags/example_python_operator.py for tasks to queue
[2025-06-20T15:27:58.428+0000] {logging_mixin.py:188} INFO - [2025-06-20T15:27:58.428+0000] {dagbag.py:540} INFO - Filling up the DagBag from /home/airflow/.local/lib/python3.12/site-packages/airflow/example_dags/example_python_operator.py
[2025-06-20T15:27:58.438+0000] {processor.py:840} INFO - DAG(s) 'example_python_operator' retrieved from /home/airflow/.local/lib/python3.12/site-packages/airflow/example_dags/example_python_operator.py
[2025-06-20T15:27:58.460+0000] {logging_mixin.py:188} INFO - [2025-06-20T15:27:58.460+0000] {dag.py:3096} INFO - Sync 1 DAGs
[2025-06-20T15:27:58.476+0000] {logging_mixin.py:188} INFO - [2025-06-20T15:27:58.476+0000] {dag.py:3954} INFO - Setting next_dagrun for example_python_operator to None, run_after=None
[2025-06-20T15:27:58.493+0000] {processor.py:183} INFO - Processing /home/airflow/.local/lib/python3.12/site-packages/airflow/example_dags/example_python_operator.py took 0.075 seconds
[2025-06-20T15:28:28.941+0000] {processor.py:161} INFO - Started process (PID=6301) to work on /home/airflow/.local/lib/python3.12/site-packages/airflow/example_dags/example_python_operator.py
[2025-06-20T15:28:28.942+0000] {processor.py:830} INFO - Processing file /home/airflow/.local/lib/python3.12/site-packages/airflow/example_dags/example_python_operator.py for tasks to queue
[2025-06-20T15:28:28.944+0000] {logging_mixin.py:188} INFO - [2025-06-20T15:28:28.943+0000] {dagbag.py:540} INFO - Filling up the DagBag from /home/airflow/.local/lib/python3.12/site-packages/airflow/example_dags/example_python_operator.py
[2025-06-20T15:28:28.954+0000] {processor.py:840} INFO - DAG(s) 'example_python_operator' retrieved from /home/airflow/.local/lib/python3.12/site-packages/airflow/example_dags/example_python_operator.py
[2025-06-20T15:28:28.975+0000] {logging_mixin.py:188} INFO - [2025-06-20T15:28:28.975+0000] {dag.py:3096} INFO - Sync 1 DAGs
[2025-06-20T15:28:28.987+0000] {logging_mixin.py:188} INFO - [2025-06-20T15:28:28.987+0000] {dag.py:3954} INFO - Setting next_dagrun for example_python_operator to None, run_after=None
[2025-06-20T15:28:29.003+0000] {processor.py:183} INFO - Processing /home/airflow/.local/lib/python3.12/site-packages/airflow/example_dags/example_python_operator.py took 0.069 seconds
[2025-06-20T15:28:59.625+0000] {processor.py:161} INFO - Started process (PID=6360) to work on /home/airflow/.local/lib/python3.12/site-packages/airflow/example_dags/example_python_operator.py
[2025-06-20T15:28:59.626+0000] {processor.py:830} INFO - Processing file /home/airflow/.local/lib/python3.12/site-packages/airflow/example_dags/example_python_operator.py for tasks to queue
[2025-06-20T15:28:59.628+0000] {logging_mixin.py:188} INFO - [2025-06-20T15:28:59.628+0000] {dagbag.py:540} INFO - Filling up the DagBag from /home/airflow/.local/lib/python3.12/site-packages/airflow/example_dags/example_python_operator.py
[2025-06-20T15:28:59.639+0000] {processor.py:840} INFO - DAG(s) 'example_python_operator' retrieved from /home/airflow/.local/lib/python3.12/site-packages/airflow/example_dags/example_python_operator.py
[2025-06-20T15:28:59.660+0000] {logging_mixin.py:188} INFO - [2025-06-20T15:28:59.659+0000] {dag.py:3096} INFO - Sync 1 DAGs
[2025-06-20T15:28:59.672+0000] {logging_mixin.py:188} INFO - [2025-06-20T15:28:59.672+0000] {dag.py:3954} INFO - Setting next_dagrun for example_python_operator to None, run_after=None
[2025-06-20T15:28:59.688+0000] {processor.py:183} INFO - Processing /home/airflow/.local/lib/python3.12/site-packages/airflow/example_dags/example_python_operator.py took 0.068 seconds
[2025-06-20T15:29:29.924+0000] {processor.py:161} INFO - Started process (PID=6419) to work on /home/airflow/.local/lib/python3.12/site-packages/airflow/example_dags/example_python_operator.py
[2025-06-20T15:29:29.925+0000] {processor.py:830} INFO - Processing file /home/airflow/.local/lib/python3.12/site-packages/airflow/example_dags/example_python_operator.py for tasks to queue
[2025-06-20T15:29:29.926+0000] {logging_mixin.py:188} INFO - [2025-06-20T15:29:29.926+0000] {dagbag.py:540} INFO - Filling up the DagBag from /home/airflow/.local/lib/python3.12/site-packages/airflow/example_dags/example_python_operator.py
[2025-06-20T15:29:29.938+0000] {processor.py:840} INFO - DAG(s) 'example_python_operator' retrieved from /home/airflow/.local/lib/python3.12/site-packages/airflow/example_dags/example_python_operator.py
[2025-06-20T15:29:29.960+0000] {logging_mixin.py:188} INFO - [2025-06-20T15:29:29.960+0000] {dag.py:3096} INFO - Sync 1 DAGs
[2025-06-20T15:29:29.972+0000] {logging_mixin.py:188} INFO - [2025-06-20T15:29:29.972+0000] {dag.py:3954} INFO - Setting next_dagrun for example_python_operator to None, run_after=None
[2025-06-20T15:29:29.988+0000] {processor.py:183} INFO - Processing /home/airflow/.local/lib/python3.12/site-packages/airflow/example_dags/example_python_operator.py took 0.070 seconds
[2025-06-20T15:30:00.647+0000] {processor.py:161} INFO - Started process (PID=6478) to work on /home/airflow/.local/lib/python3.12/site-packages/airflow/example_dags/example_python_operator.py
[2025-06-20T15:30:00.648+0000] {processor.py:830} INFO - Processing file /home/airflow/.local/lib/python3.12/site-packages/airflow/example_dags/example_python_operator.py for tasks to queue
[2025-06-20T15:30:00.650+0000] {logging_mixin.py:188} INFO - [2025-06-20T15:30:00.650+0000] {dagbag.py:540} INFO - Filling up the DagBag from /home/airflow/.local/lib/python3.12/site-packages/airflow/example_dags/example_python_operator.py
[2025-06-20T15:30:00.661+0000] {processor.py:840} INFO - DAG(s) 'example_python_operator' retrieved from /home/airflow/.local/lib/python3.12/site-packages/airflow/example_dags/example_python_operator.py
[2025-06-20T15:30:00.682+0000] {logging_mixin.py:188} INFO - [2025-06-20T15:30:00.682+0000] {dag.py:3096} INFO - Sync 1 DAGs
[2025-06-20T15:30:00.812+0000] {logging_mixin.py:188} INFO - [2025-06-20T15:30:00.812+0000] {dag.py:3954} INFO - Setting next_dagrun for example_python_operator to None, run_after=None
[2025-06-20T15:30:00.827+0000] {processor.py:183} INFO - Processing /home/airflow/.local/lib/python3.12/site-packages/airflow/example_dags/example_python_operator.py took 0.185 seconds
[2025-06-20T15:30:30.914+0000] {processor.py:161} INFO - Started process (PID=6537) to work on /home/airflow/.local/lib/python3.12/site-packages/airflow/example_dags/example_python_operator.py
[2025-06-20T15:30:30.915+0000] {processor.py:830} INFO - Processing file /home/airflow/.local/lib/python3.12/site-packages/airflow/example_dags/example_python_operator.py for tasks to queue
[2025-06-20T15:30:30.916+0000] {logging_mixin.py:188} INFO - [2025-06-20T15:30:30.916+0000] {dagbag.py:540} INFO - Filling up the DagBag from /home/airflow/.local/lib/python3.12/site-packages/airflow/example_dags/example_python_operator.py
[2025-06-20T15:30:30.927+0000] {processor.py:840} INFO - DAG(s) 'example_python_operator' retrieved from /home/airflow/.local/lib/python3.12/site-packages/airflow/example_dags/example_python_operator.py
[2025-06-20T15:30:30.948+0000] {logging_mixin.py:188} INFO - [2025-06-20T15:30:30.948+0000] {dag.py:3096} INFO - Sync 1 DAGs
[2025-06-20T15:30:30.960+0000] {logging_mixin.py:188} INFO - [2025-06-20T15:30:30.960+0000] {dag.py:3954} INFO - Setting next_dagrun for example_python_operator to None, run_after=None
[2025-06-20T15:30:30.976+0000] {processor.py:183} INFO - Processing /home/airflow/.local/lib/python3.12/site-packages/airflow/example_dags/example_python_operator.py took 0.069 seconds
[2025-06-20T15:31:01.432+0000] {processor.py:161} INFO - Started process (PID=6596) to work on /home/airflow/.local/lib/python3.12/site-packages/airflow/example_dags/example_python_operator.py
[2025-06-20T15:31:01.433+0000] {processor.py:830} INFO - Processing file /home/airflow/.local/lib/python3.12/site-packages/airflow/example_dags/example_python_operator.py for tasks to queue
[2025-06-20T15:31:01.434+0000] {logging_mixin.py:188} INFO - [2025-06-20T15:31:01.434+0000] {dagbag.py:540} INFO - Filling up the DagBag from /home/airflow/.local/lib/python3.12/site-packages/airflow/example_dags/example_python_operator.py
[2025-06-20T15:31:01.445+0000] {processor.py:840} INFO - DAG(s) 'example_python_operator' retrieved from /home/airflow/.local/lib/python3.12/site-packages/airflow/example_dags/example_python_operator.py
[2025-06-20T15:31:01.470+0000] {logging_mixin.py:188} INFO - [2025-06-20T15:31:01.469+0000] {dag.py:3096} INFO - Sync 1 DAGs
[2025-06-20T15:31:01.483+0000] {logging_mixin.py:188} INFO - [2025-06-20T15:31:01.483+0000] {dag.py:3954} INFO - Setting next_dagrun for example_python_operator to None, run_after=None
[2025-06-20T15:31:01.500+0000] {processor.py:183} INFO - Processing /home/airflow/.local/lib/python3.12/site-packages/airflow/example_dags/example_python_operator.py took 0.075 seconds
[2025-06-20T15:31:32.142+0000] {processor.py:161} INFO - Started process (PID=6655) to work on /home/airflow/.local/lib/python3.12/site-packages/airflow/example_dags/example_python_operator.py
[2025-06-20T15:31:32.143+0000] {processor.py:830} INFO - Processing file /home/airflow/.local/lib/python3.12/site-packages/airflow/example_dags/example_python_operator.py for tasks to queue
[2025-06-20T15:31:32.145+0000] {logging_mixin.py:188} INFO - [2025-06-20T15:31:32.145+0000] {dagbag.py:540} INFO - Filling up the DagBag from /home/airflow/.local/lib/python3.12/site-packages/airflow/example_dags/example_python_operator.py
[2025-06-20T15:31:32.155+0000] {processor.py:840} INFO - DAG(s) 'example_python_operator' retrieved from /home/airflow/.local/lib/python3.12/site-packages/airflow/example_dags/example_python_operator.py
[2025-06-20T15:31:32.176+0000] {logging_mixin.py:188} INFO - [2025-06-20T15:31:32.176+0000] {dag.py:3096} INFO - Sync 1 DAGs
[2025-06-20T15:31:32.188+0000] {logging_mixin.py:188} INFO - [2025-06-20T15:31:32.188+0000] {dag.py:3954} INFO - Setting next_dagrun for example_python_operator to None, run_after=None
[2025-06-20T15:31:32.206+0000] {processor.py:183} INFO - Processing /home/airflow/.local/lib/python3.12/site-packages/airflow/example_dags/example_python_operator.py took 0.071 seconds
[2025-06-20T15:32:02.335+0000] {processor.py:161} INFO - Started process (PID=6714) to work on /home/airflow/.local/lib/python3.12/site-packages/airflow/example_dags/example_python_operator.py
[2025-06-20T15:32:02.336+0000] {processor.py:830} INFO - Processing file /home/airflow/.local/lib/python3.12/site-packages/airflow/example_dags/example_python_operator.py for tasks to queue
[2025-06-20T15:32:02.338+0000] {logging_mixin.py:188} INFO - [2025-06-20T15:32:02.337+0000] {dagbag.py:540} INFO - Filling up the DagBag from /home/airflow/.local/lib/python3.12/site-packages/airflow/example_dags/example_python_operator.py
[2025-06-20T15:32:02.349+0000] {processor.py:840} INFO - DAG(s) 'example_python_operator' retrieved from /home/airflow/.local/lib/python3.12/site-packages/airflow/example_dags/example_python_operator.py
[2025-06-20T15:32:02.372+0000] {logging_mixin.py:188} INFO - [2025-06-20T15:32:02.372+0000] {dag.py:3096} INFO - Sync 1 DAGs
[2025-06-20T15:32:02.385+0000] {logging_mixin.py:188} INFO - [2025-06-20T15:32:02.385+0000] {dag.py:3954} INFO - Setting next_dagrun for example_python_operator to None, run_after=None
[2025-06-20T15:32:02.401+0000] {processor.py:183} INFO - Processing /home/airflow/.local/lib/python3.12/site-packages/airflow/example_dags/example_python_operator.py took 0.073 seconds
[2025-06-20T15:32:33.022+0000] {processor.py:161} INFO - Started process (PID=6773) to work on /home/airflow/.local/lib/python3.12/site-packages/airflow/example_dags/example_python_operator.py
[2025-06-20T15:32:33.023+0000] {processor.py:830} INFO - Processing file /home/airflow/.local/lib/python3.12/site-packages/airflow/example_dags/example_python_operator.py for tasks to queue
[2025-06-20T15:32:33.025+0000] {logging_mixin.py:188} INFO - [2025-06-20T15:32:33.024+0000] {dagbag.py:540} INFO - Filling up the DagBag from /home/airflow/.local/lib/python3.12/site-packages/airflow/example_dags/example_python_operator.py
[2025-06-20T15:32:33.035+0000] {processor.py:840} INFO - DAG(s) 'example_python_operator' retrieved from /home/airflow/.local/lib/python3.12/site-packages/airflow/example_dags/example_python_operator.py
[2025-06-20T15:32:33.056+0000] {logging_mixin.py:188} INFO - [2025-06-20T15:32:33.056+0000] {dag.py:3096} INFO - Sync 1 DAGs
[2025-06-20T15:32:33.068+0000] {logging_mixin.py:188} INFO - [2025-06-20T15:32:33.067+0000] {dag.py:3954} INFO - Setting next_dagrun for example_python_operator to None, run_after=None
[2025-06-20T15:32:33.083+0000] {processor.py:183} INFO - Processing /home/airflow/.local/lib/python3.12/site-packages/airflow/example_dags/example_python_operator.py took 0.068 seconds
[2025-06-20T15:33:03.661+0000] {processor.py:161} INFO - Started process (PID=6832) to work on /home/airflow/.local/lib/python3.12/site-packages/airflow/example_dags/example_python_operator.py
[2025-06-20T15:33:03.662+0000] {processor.py:830} INFO - Processing file /home/airflow/.local/lib/python3.12/site-packages/airflow/example_dags/example_python_operator.py for tasks to queue
[2025-06-20T15:33:03.664+0000] {logging_mixin.py:188} INFO - [2025-06-20T15:33:03.663+0000] {dagbag.py:540} INFO - Filling up the DagBag from /home/airflow/.local/lib/python3.12/site-packages/airflow/example_dags/example_python_operator.py
[2025-06-20T15:33:03.674+0000] {processor.py:840} INFO - DAG(s) 'example_python_operator' retrieved from /home/airflow/.local/lib/python3.12/site-packages/airflow/example_dags/example_python_operator.py
[2025-06-20T15:33:03.696+0000] {logging_mixin.py:188} INFO - [2025-06-20T15:33:03.696+0000] {dag.py:3096} INFO - Sync 1 DAGs
[2025-06-20T15:33:03.710+0000] {logging_mixin.py:188} INFO - [2025-06-20T15:33:03.709+0000] {dag.py:3954} INFO - Setting next_dagrun for example_python_operator to None, run_after=None
[2025-06-20T15:33:03.727+0000] {processor.py:183} INFO - Processing /home/airflow/.local/lib/python3.12/site-packages/airflow/example_dags/example_python_operator.py took 0.072 seconds
[2025-06-20T15:33:34.401+0000] {processor.py:161} INFO - Started process (PID=6891) to work on /home/airflow/.local/lib/python3.12/site-packages/airflow/example_dags/example_python_operator.py
[2025-06-20T15:33:34.402+0000] {processor.py:830} INFO - Processing file /home/airflow/.local/lib/python3.12/site-packages/airflow/example_dags/example_python_operator.py for tasks to queue
[2025-06-20T15:33:34.403+0000] {logging_mixin.py:188} INFO - [2025-06-20T15:33:34.403+0000] {dagbag.py:540} INFO - Filling up the DagBag from /home/airflow/.local/lib/python3.12/site-packages/airflow/example_dags/example_python_operator.py
[2025-06-20T15:33:34.413+0000] {processor.py:840} INFO - DAG(s) 'example_python_operator' retrieved from /home/airflow/.local/lib/python3.12/site-packages/airflow/example_dags/example_python_operator.py
[2025-06-20T15:33:34.435+0000] {logging_mixin.py:188} INFO - [2025-06-20T15:33:34.435+0000] {dag.py:3096} INFO - Sync 1 DAGs
[2025-06-20T15:33:34.447+0000] {logging_mixin.py:188} INFO - [2025-06-20T15:33:34.446+0000] {dag.py:3954} INFO - Setting next_dagrun for example_python_operator to None, run_after=None
[2025-06-20T15:33:34.463+0000] {processor.py:183} INFO - Processing /home/airflow/.local/lib/python3.12/site-packages/airflow/example_dags/example_python_operator.py took 0.068 seconds
[2025-06-20T15:34:05.195+0000] {processor.py:161} INFO - Started process (PID=6950) to work on /home/airflow/.local/lib/python3.12/site-packages/airflow/example_dags/example_python_operator.py
[2025-06-20T15:34:05.196+0000] {processor.py:830} INFO - Processing file /home/airflow/.local/lib/python3.12/site-packages/airflow/example_dags/example_python_operator.py for tasks to queue
[2025-06-20T15:34:05.198+0000] {logging_mixin.py:188} INFO - [2025-06-20T15:34:05.198+0000] {dagbag.py:540} INFO - Filling up the DagBag from /home/airflow/.local/lib/python3.12/site-packages/airflow/example_dags/example_python_operator.py
[2025-06-20T15:34:05.209+0000] {processor.py:840} INFO - DAG(s) 'example_python_operator' retrieved from /home/airflow/.local/lib/python3.12/site-packages/airflow/example_dags/example_python_operator.py
[2025-06-20T15:34:05.229+0000] {logging_mixin.py:188} INFO - [2025-06-20T15:34:05.229+0000] {dag.py:3096} INFO - Sync 1 DAGs
[2025-06-20T15:34:05.241+0000] {logging_mixin.py:188} INFO - [2025-06-20T15:34:05.241+0000] {dag.py:3954} INFO - Setting next_dagrun for example_python_operator to None, run_after=None
[2025-06-20T15:34:05.257+0000] {processor.py:183} INFO - Processing /home/airflow/.local/lib/python3.12/site-packages/airflow/example_dags/example_python_operator.py took 0.068 seconds
[2025-06-20T15:34:35.879+0000] {processor.py:161} INFO - Started process (PID=7009) to work on /home/airflow/.local/lib/python3.12/site-packages/airflow/example_dags/example_python_operator.py
[2025-06-20T15:34:35.880+0000] {processor.py:830} INFO - Processing file /home/airflow/.local/lib/python3.12/site-packages/airflow/example_dags/example_python_operator.py for tasks to queue
[2025-06-20T15:34:35.882+0000] {logging_mixin.py:188} INFO - [2025-06-20T15:34:35.881+0000] {dagbag.py:540} INFO - Filling up the DagBag from /home/airflow/.local/lib/python3.12/site-packages/airflow/example_dags/example_python_operator.py
[2025-06-20T15:34:35.892+0000] {processor.py:840} INFO - DAG(s) 'example_python_operator' retrieved from /home/airflow/.local/lib/python3.12/site-packages/airflow/example_dags/example_python_operator.py
[2025-06-20T15:34:35.913+0000] {logging_mixin.py:188} INFO - [2025-06-20T15:34:35.913+0000] {dag.py:3096} INFO - Sync 1 DAGs
[2025-06-20T15:34:35.925+0000] {logging_mixin.py:188} INFO - [2025-06-20T15:34:35.925+0000] {dag.py:3954} INFO - Setting next_dagrun for example_python_operator to None, run_after=None
[2025-06-20T15:34:35.941+0000] {processor.py:183} INFO - Processing /home/airflow/.local/lib/python3.12/site-packages/airflow/example_dags/example_python_operator.py took 0.068 seconds
[2025-06-20T15:35:06.014+0000] {processor.py:161} INFO - Started process (PID=7068) to work on /home/airflow/.local/lib/python3.12/site-packages/airflow/example_dags/example_python_operator.py
[2025-06-20T15:35:06.015+0000] {processor.py:830} INFO - Processing file /home/airflow/.local/lib/python3.12/site-packages/airflow/example_dags/example_python_operator.py for tasks to queue
[2025-06-20T15:35:06.016+0000] {logging_mixin.py:188} INFO - [2025-06-20T15:35:06.016+0000] {dagbag.py:540} INFO - Filling up the DagBag from /home/airflow/.local/lib/python3.12/site-packages/airflow/example_dags/example_python_operator.py
[2025-06-20T15:35:06.027+0000] {processor.py:840} INFO - DAG(s) 'example_python_operator' retrieved from /home/airflow/.local/lib/python3.12/site-packages/airflow/example_dags/example_python_operator.py
[2025-06-20T15:35:06.048+0000] {logging_mixin.py:188} INFO - [2025-06-20T15:35:06.047+0000] {dag.py:3096} INFO - Sync 1 DAGs
[2025-06-20T15:35:06.059+0000] {logging_mixin.py:188} INFO - [2025-06-20T15:35:06.059+0000] {dag.py:3954} INFO - Setting next_dagrun for example_python_operator to None, run_after=None
[2025-06-20T15:35:06.075+0000] {processor.py:183} INFO - Processing /home/airflow/.local/lib/python3.12/site-packages/airflow/example_dags/example_python_operator.py took 0.067 seconds
[2025-06-20T15:35:36.167+0000] {processor.py:161} INFO - Started process (PID=7127) to work on /home/airflow/.local/lib/python3.12/site-packages/airflow/example_dags/example_python_operator.py
[2025-06-20T15:35:36.168+0000] {processor.py:830} INFO - Processing file /home/airflow/.local/lib/python3.12/site-packages/airflow/example_dags/example_python_operator.py for tasks to queue
[2025-06-20T15:35:36.170+0000] {logging_mixin.py:188} INFO - [2025-06-20T15:35:36.170+0000] {dagbag.py:540} INFO - Filling up the DagBag from /home/airflow/.local/lib/python3.12/site-packages/airflow/example_dags/example_python_operator.py
[2025-06-20T15:35:36.180+0000] {processor.py:840} INFO - DAG(s) 'example_python_operator' retrieved from /home/airflow/.local/lib/python3.12/site-packages/airflow/example_dags/example_python_operator.py
[2025-06-20T15:35:36.202+0000] {logging_mixin.py:188} INFO - [2025-06-20T15:35:36.202+0000] {dag.py:3096} INFO - Sync 1 DAGs
[2025-06-20T15:35:36.213+0000] {logging_mixin.py:188} INFO - [2025-06-20T15:35:36.213+0000] {dag.py:3954} INFO - Setting next_dagrun for example_python_operator to None, run_after=None
[2025-06-20T15:35:36.229+0000] {processor.py:183} INFO - Processing /home/airflow/.local/lib/python3.12/site-packages/airflow/example_dags/example_python_operator.py took 0.068 seconds
[2025-06-20T15:36:06.429+0000] {processor.py:161} INFO - Started process (PID=7186) to work on /home/airflow/.local/lib/python3.12/site-packages/airflow/example_dags/example_python_operator.py
[2025-06-20T15:36:06.430+0000] {processor.py:830} INFO - Processing file /home/airflow/.local/lib/python3.12/site-packages/airflow/example_dags/example_python_operator.py for tasks to queue
[2025-06-20T15:36:06.432+0000] {logging_mixin.py:188} INFO - [2025-06-20T15:36:06.431+0000] {dagbag.py:540} INFO - Filling up the DagBag from /home/airflow/.local/lib/python3.12/site-packages/airflow/example_dags/example_python_operator.py
[2025-06-20T15:36:06.442+0000] {processor.py:840} INFO - DAG(s) 'example_python_operator' retrieved from /home/airflow/.local/lib/python3.12/site-packages/airflow/example_dags/example_python_operator.py
[2025-06-20T15:36:06.463+0000] {logging_mixin.py:188} INFO - [2025-06-20T15:36:06.463+0000] {dag.py:3096} INFO - Sync 1 DAGs
[2025-06-20T15:36:06.475+0000] {logging_mixin.py:188} INFO - [2025-06-20T15:36:06.475+0000] {dag.py:3954} INFO - Setting next_dagrun for example_python_operator to None, run_after=None
[2025-06-20T15:36:06.491+0000] {processor.py:183} INFO - Processing /home/airflow/.local/lib/python3.12/site-packages/airflow/example_dags/example_python_operator.py took 0.068 seconds
[2025-06-20T15:36:36.820+0000] {processor.py:161} INFO - Started process (PID=7245) to work on /home/airflow/.local/lib/python3.12/site-packages/airflow/example_dags/example_python_operator.py
[2025-06-20T15:36:36.821+0000] {processor.py:830} INFO - Processing file /home/airflow/.local/lib/python3.12/site-packages/airflow/example_dags/example_python_operator.py for tasks to queue
[2025-06-20T15:36:36.823+0000] {logging_mixin.py:188} INFO - [2025-06-20T15:36:36.822+0000] {dagbag.py:540} INFO - Filling up the DagBag from /home/airflow/.local/lib/python3.12/site-packages/airflow/example_dags/example_python_operator.py
[2025-06-20T15:36:36.836+0000] {processor.py:840} INFO - DAG(s) 'example_python_operator' retrieved from /home/airflow/.local/lib/python3.12/site-packages/airflow/example_dags/example_python_operator.py
[2025-06-20T15:36:36.860+0000] {logging_mixin.py:188} INFO - [2025-06-20T15:36:36.859+0000] {dag.py:3096} INFO - Sync 1 DAGs
[2025-06-20T15:36:36.876+0000] {logging_mixin.py:188} INFO - [2025-06-20T15:36:36.876+0000] {dag.py:3954} INFO - Setting next_dagrun for example_python_operator to None, run_after=None
[2025-06-20T15:36:36.894+0000] {processor.py:183} INFO - Processing /home/airflow/.local/lib/python3.12/site-packages/airflow/example_dags/example_python_operator.py took 0.080 seconds
[2025-06-20T15:37:07.005+0000] {processor.py:161} INFO - Started process (PID=7304) to work on /home/airflow/.local/lib/python3.12/site-packages/airflow/example_dags/example_python_operator.py
[2025-06-20T15:37:07.006+0000] {processor.py:830} INFO - Processing file /home/airflow/.local/lib/python3.12/site-packages/airflow/example_dags/example_python_operator.py for tasks to queue
[2025-06-20T15:37:07.008+0000] {logging_mixin.py:188} INFO - [2025-06-20T15:37:07.008+0000] {dagbag.py:540} INFO - Filling up the DagBag from /home/airflow/.local/lib/python3.12/site-packages/airflow/example_dags/example_python_operator.py
[2025-06-20T15:37:07.019+0000] {processor.py:840} INFO - DAG(s) 'example_python_operator' retrieved from /home/airflow/.local/lib/python3.12/site-packages/airflow/example_dags/example_python_operator.py
[2025-06-20T15:37:07.042+0000] {logging_mixin.py:188} INFO - [2025-06-20T15:37:07.042+0000] {dag.py:3096} INFO - Sync 1 DAGs
[2025-06-20T15:37:07.054+0000] {logging_mixin.py:188} INFO - [2025-06-20T15:37:07.054+0000] {dag.py:3954} INFO - Setting next_dagrun for example_python_operator to None, run_after=None
[2025-06-20T15:37:07.072+0000] {processor.py:183} INFO - Processing /home/airflow/.local/lib/python3.12/site-packages/airflow/example_dags/example_python_operator.py took 0.073 seconds
[2025-06-20T15:37:37.159+0000] {processor.py:161} INFO - Started process (PID=7363) to work on /home/airflow/.local/lib/python3.12/site-packages/airflow/example_dags/example_python_operator.py
[2025-06-20T15:37:37.160+0000] {processor.py:830} INFO - Processing file /home/airflow/.local/lib/python3.12/site-packages/airflow/example_dags/example_python_operator.py for tasks to queue
[2025-06-20T15:37:37.162+0000] {logging_mixin.py:188} INFO - [2025-06-20T15:37:37.161+0000] {dagbag.py:540} INFO - Filling up the DagBag from /home/airflow/.local/lib/python3.12/site-packages/airflow/example_dags/example_python_operator.py
[2025-06-20T15:37:37.172+0000] {processor.py:840} INFO - DAG(s) 'example_python_operator' retrieved from /home/airflow/.local/lib/python3.12/site-packages/airflow/example_dags/example_python_operator.py
[2025-06-20T15:37:37.194+0000] {logging_mixin.py:188} INFO - [2025-06-20T15:37:37.194+0000] {dag.py:3096} INFO - Sync 1 DAGs
[2025-06-20T15:37:37.206+0000] {logging_mixin.py:188} INFO - [2025-06-20T15:37:37.205+0000] {dag.py:3954} INFO - Setting next_dagrun for example_python_operator to None, run_after=None
[2025-06-20T15:37:37.222+0000] {processor.py:183} INFO - Processing /home/airflow/.local/lib/python3.12/site-packages/airflow/example_dags/example_python_operator.py took 0.069 seconds
[2025-06-20T15:38:07.484+0000] {processor.py:161} INFO - Started process (PID=7422) to work on /home/airflow/.local/lib/python3.12/site-packages/airflow/example_dags/example_python_operator.py
[2025-06-20T15:38:07.485+0000] {processor.py:830} INFO - Processing file /home/airflow/.local/lib/python3.12/site-packages/airflow/example_dags/example_python_operator.py for tasks to queue
[2025-06-20T15:38:07.487+0000] {logging_mixin.py:188} INFO - [2025-06-20T15:38:07.487+0000] {dagbag.py:540} INFO - Filling up the DagBag from /home/airflow/.local/lib/python3.12/site-packages/airflow/example_dags/example_python_operator.py
[2025-06-20T15:38:07.500+0000] {processor.py:840} INFO - DAG(s) 'example_python_operator' retrieved from /home/airflow/.local/lib/python3.12/site-packages/airflow/example_dags/example_python_operator.py
[2025-06-20T15:38:07.522+0000] {logging_mixin.py:188} INFO - [2025-06-20T15:38:07.522+0000] {dag.py:3096} INFO - Sync 1 DAGs
[2025-06-20T15:38:07.534+0000] {logging_mixin.py:188} INFO - [2025-06-20T15:38:07.533+0000] {dag.py:3954} INFO - Setting next_dagrun for example_python_operator to None, run_after=None
[2025-06-20T15:38:07.550+0000] {processor.py:183} INFO - Processing /home/airflow/.local/lib/python3.12/site-packages/airflow/example_dags/example_python_operator.py took 0.072 seconds
[2025-06-20T15:38:38.198+0000] {processor.py:161} INFO - Started process (PID=7481) to work on /home/airflow/.local/lib/python3.12/site-packages/airflow/example_dags/example_python_operator.py
[2025-06-20T15:38:38.199+0000] {processor.py:830} INFO - Processing file /home/airflow/.local/lib/python3.12/site-packages/airflow/example_dags/example_python_operator.py for tasks to queue
[2025-06-20T15:38:38.201+0000] {logging_mixin.py:188} INFO - [2025-06-20T15:38:38.201+0000] {dagbag.py:540} INFO - Filling up the DagBag from /home/airflow/.local/lib/python3.12/site-packages/airflow/example_dags/example_python_operator.py
[2025-06-20T15:38:38.218+0000] {processor.py:840} INFO - DAG(s) 'example_python_operator' retrieved from /home/airflow/.local/lib/python3.12/site-packages/airflow/example_dags/example_python_operator.py
[2025-06-20T15:38:38.246+0000] {logging_mixin.py:188} INFO - [2025-06-20T15:38:38.246+0000] {dag.py:3096} INFO - Sync 1 DAGs
[2025-06-20T15:38:38.259+0000] {logging_mixin.py:188} INFO - [2025-06-20T15:38:38.259+0000] {dag.py:3954} INFO - Setting next_dagrun for example_python_operator to None, run_after=None
[2025-06-20T15:38:38.276+0000] {processor.py:183} INFO - Processing /home/airflow/.local/lib/python3.12/site-packages/airflow/example_dags/example_python_operator.py took 0.084 seconds
[2025-06-20T15:39:08.867+0000] {processor.py:161} INFO - Started process (PID=7540) to work on /home/airflow/.local/lib/python3.12/site-packages/airflow/example_dags/example_python_operator.py
[2025-06-20T15:39:08.868+0000] {processor.py:830} INFO - Processing file /home/airflow/.local/lib/python3.12/site-packages/airflow/example_dags/example_python_operator.py for tasks to queue
[2025-06-20T15:39:08.869+0000] {logging_mixin.py:188} INFO - [2025-06-20T15:39:08.869+0000] {dagbag.py:540} INFO - Filling up the DagBag from /home/airflow/.local/lib/python3.12/site-packages/airflow/example_dags/example_python_operator.py
[2025-06-20T15:39:08.880+0000] {processor.py:840} INFO - DAG(s) 'example_python_operator' retrieved from /home/airflow/.local/lib/python3.12/site-packages/airflow/example_dags/example_python_operator.py
[2025-06-20T15:39:08.902+0000] {logging_mixin.py:188} INFO - [2025-06-20T15:39:08.901+0000] {dag.py:3096} INFO - Sync 1 DAGs
[2025-06-20T15:39:08.914+0000] {logging_mixin.py:188} INFO - [2025-06-20T15:39:08.914+0000] {dag.py:3954} INFO - Setting next_dagrun for example_python_operator to None, run_after=None
[2025-06-20T15:39:08.933+0000] {processor.py:183} INFO - Processing /home/airflow/.local/lib/python3.12/site-packages/airflow/example_dags/example_python_operator.py took 0.073 seconds
[2025-06-20T15:39:39.535+0000] {processor.py:161} INFO - Started process (PID=7599) to work on /home/airflow/.local/lib/python3.12/site-packages/airflow/example_dags/example_python_operator.py
[2025-06-20T15:39:39.536+0000] {processor.py:830} INFO - Processing file /home/airflow/.local/lib/python3.12/site-packages/airflow/example_dags/example_python_operator.py for tasks to queue
[2025-06-20T15:39:39.538+0000] {logging_mixin.py:188} INFO - [2025-06-20T15:39:39.538+0000] {dagbag.py:540} INFO - Filling up the DagBag from /home/airflow/.local/lib/python3.12/site-packages/airflow/example_dags/example_python_operator.py
[2025-06-20T15:39:39.549+0000] {processor.py:840} INFO - DAG(s) 'example_python_operator' retrieved from /home/airflow/.local/lib/python3.12/site-packages/airflow/example_dags/example_python_operator.py
[2025-06-20T15:39:39.571+0000] {logging_mixin.py:188} INFO - [2025-06-20T15:39:39.570+0000] {dag.py:3096} INFO - Sync 1 DAGs
[2025-06-20T15:39:39.582+0000] {logging_mixin.py:188} INFO - [2025-06-20T15:39:39.582+0000] {dag.py:3954} INFO - Setting next_dagrun for example_python_operator to None, run_after=None
[2025-06-20T15:39:39.599+0000] {processor.py:183} INFO - Processing /home/airflow/.local/lib/python3.12/site-packages/airflow/example_dags/example_python_operator.py took 0.070 seconds
[2025-06-20T15:40:10.142+0000] {processor.py:161} INFO - Started process (PID=7658) to work on /home/airflow/.local/lib/python3.12/site-packages/airflow/example_dags/example_python_operator.py
[2025-06-20T15:40:10.143+0000] {processor.py:830} INFO - Processing file /home/airflow/.local/lib/python3.12/site-packages/airflow/example_dags/example_python_operator.py for tasks to queue
[2025-06-20T15:40:10.145+0000] {logging_mixin.py:188} INFO - [2025-06-20T15:40:10.145+0000] {dagbag.py:540} INFO - Filling up the DagBag from /home/airflow/.local/lib/python3.12/site-packages/airflow/example_dags/example_python_operator.py
[2025-06-20T15:40:10.156+0000] {processor.py:840} INFO - DAG(s) 'example_python_operator' retrieved from /home/airflow/.local/lib/python3.12/site-packages/airflow/example_dags/example_python_operator.py
[2025-06-20T15:40:10.179+0000] {logging_mixin.py:188} INFO - [2025-06-20T15:40:10.178+0000] {dag.py:3096} INFO - Sync 1 DAGs
[2025-06-20T15:40:10.190+0000] {logging_mixin.py:188} INFO - [2025-06-20T15:40:10.190+0000] {dag.py:3954} INFO - Setting next_dagrun for example_python_operator to None, run_after=None
[2025-06-20T15:40:10.207+0000] {processor.py:183} INFO - Processing /home/airflow/.local/lib/python3.12/site-packages/airflow/example_dags/example_python_operator.py took 0.071 seconds
[2025-06-20T15:40:40.860+0000] {processor.py:161} INFO - Started process (PID=7717) to work on /home/airflow/.local/lib/python3.12/site-packages/airflow/example_dags/example_python_operator.py
[2025-06-20T15:40:40.861+0000] {processor.py:830} INFO - Processing file /home/airflow/.local/lib/python3.12/site-packages/airflow/example_dags/example_python_operator.py for tasks to queue
[2025-06-20T15:40:40.863+0000] {logging_mixin.py:188} INFO - [2025-06-20T15:40:40.862+0000] {dagbag.py:540} INFO - Filling up the DagBag from /home/airflow/.local/lib/python3.12/site-packages/airflow/example_dags/example_python_operator.py
[2025-06-20T15:40:40.873+0000] {processor.py:840} INFO - DAG(s) 'example_python_operator' retrieved from /home/airflow/.local/lib/python3.12/site-packages/airflow/example_dags/example_python_operator.py
[2025-06-20T15:40:40.895+0000] {logging_mixin.py:188} INFO - [2025-06-20T15:40:40.895+0000] {dag.py:3096} INFO - Sync 1 DAGs
[2025-06-20T15:40:40.907+0000] {logging_mixin.py:188} INFO - [2025-06-20T15:40:40.907+0000] {dag.py:3954} INFO - Setting next_dagrun for example_python_operator to None, run_after=None
[2025-06-20T15:40:40.924+0000] {processor.py:183} INFO - Processing /home/airflow/.local/lib/python3.12/site-packages/airflow/example_dags/example_python_operator.py took 0.071 seconds
[2025-06-20T15:41:11.376+0000] {processor.py:161} INFO - Started process (PID=7776) to work on /home/airflow/.local/lib/python3.12/site-packages/airflow/example_dags/example_python_operator.py
[2025-06-20T15:41:11.377+0000] {processor.py:830} INFO - Processing file /home/airflow/.local/lib/python3.12/site-packages/airflow/example_dags/example_python_operator.py for tasks to queue
[2025-06-20T15:41:11.379+0000] {logging_mixin.py:188} INFO - [2025-06-20T15:41:11.379+0000] {dagbag.py:540} INFO - Filling up the DagBag from /home/airflow/.local/lib/python3.12/site-packages/airflow/example_dags/example_python_operator.py
[2025-06-20T15:41:11.389+0000] {processor.py:840} INFO - DAG(s) 'example_python_operator' retrieved from /home/airflow/.local/lib/python3.12/site-packages/airflow/example_dags/example_python_operator.py
[2025-06-20T15:41:11.410+0000] {logging_mixin.py:188} INFO - [2025-06-20T15:41:11.410+0000] {dag.py:3096} INFO - Sync 1 DAGs
[2025-06-20T15:41:11.422+0000] {logging_mixin.py:188} INFO - [2025-06-20T15:41:11.422+0000] {dag.py:3954} INFO - Setting next_dagrun for example_python_operator to None, run_after=None
[2025-06-20T15:41:11.438+0000] {processor.py:183} INFO - Processing /home/airflow/.local/lib/python3.12/site-packages/airflow/example_dags/example_python_operator.py took 0.068 seconds
[2025-06-20T15:41:41.962+0000] {processor.py:161} INFO - Started process (PID=7835) to work on /home/airflow/.local/lib/python3.12/site-packages/airflow/example_dags/example_python_operator.py
[2025-06-20T15:41:41.963+0000] {processor.py:830} INFO - Processing file /home/airflow/.local/lib/python3.12/site-packages/airflow/example_dags/example_python_operator.py for tasks to queue
[2025-06-20T15:41:41.965+0000] {logging_mixin.py:188} INFO - [2025-06-20T15:41:41.964+0000] {dagbag.py:540} INFO - Filling up the DagBag from /home/airflow/.local/lib/python3.12/site-packages/airflow/example_dags/example_python_operator.py
[2025-06-20T15:41:41.975+0000] {processor.py:840} INFO - DAG(s) 'example_python_operator' retrieved from /home/airflow/.local/lib/python3.12/site-packages/airflow/example_dags/example_python_operator.py
[2025-06-20T15:41:41.996+0000] {logging_mixin.py:188} INFO - [2025-06-20T15:41:41.996+0000] {dag.py:3096} INFO - Sync 1 DAGs
[2025-06-20T15:41:42.008+0000] {logging_mixin.py:188} INFO - [2025-06-20T15:41:42.007+0000] {dag.py:3954} INFO - Setting next_dagrun for example_python_operator to None, run_after=None
[2025-06-20T15:41:42.023+0000] {processor.py:183} INFO - Processing /home/airflow/.local/lib/python3.12/site-packages/airflow/example_dags/example_python_operator.py took 0.068 seconds
[2025-06-20T15:42:12.686+0000] {processor.py:161} INFO - Started process (PID=7894) to work on /home/airflow/.local/lib/python3.12/site-packages/airflow/example_dags/example_python_operator.py
[2025-06-20T15:42:12.687+0000] {processor.py:830} INFO - Processing file /home/airflow/.local/lib/python3.12/site-packages/airflow/example_dags/example_python_operator.py for tasks to queue
[2025-06-20T15:42:12.689+0000] {logging_mixin.py:188} INFO - [2025-06-20T15:42:12.688+0000] {dagbag.py:540} INFO - Filling up the DagBag from /home/airflow/.local/lib/python3.12/site-packages/airflow/example_dags/example_python_operator.py
[2025-06-20T15:42:12.699+0000] {processor.py:840} INFO - DAG(s) 'example_python_operator' retrieved from /home/airflow/.local/lib/python3.12/site-packages/airflow/example_dags/example_python_operator.py
[2025-06-20T15:42:12.720+0000] {logging_mixin.py:188} INFO - [2025-06-20T15:42:12.720+0000] {dag.py:3096} INFO - Sync 1 DAGs
[2025-06-20T15:42:12.733+0000] {logging_mixin.py:188} INFO - [2025-06-20T15:42:12.733+0000] {dag.py:3954} INFO - Setting next_dagrun for example_python_operator to None, run_after=None
[2025-06-20T15:42:12.749+0000] {processor.py:183} INFO - Processing /home/airflow/.local/lib/python3.12/site-packages/airflow/example_dags/example_python_operator.py took 0.069 seconds
[2025-06-20T15:42:43.346+0000] {processor.py:161} INFO - Started process (PID=7953) to work on /home/airflow/.local/lib/python3.12/site-packages/airflow/example_dags/example_python_operator.py
[2025-06-20T15:42:43.347+0000] {processor.py:830} INFO - Processing file /home/airflow/.local/lib/python3.12/site-packages/airflow/example_dags/example_python_operator.py for tasks to queue
[2025-06-20T15:42:43.349+0000] {logging_mixin.py:188} INFO - [2025-06-20T15:42:43.349+0000] {dagbag.py:540} INFO - Filling up the DagBag from /home/airflow/.local/lib/python3.12/site-packages/airflow/example_dags/example_python_operator.py
[2025-06-20T15:42:43.359+0000] {processor.py:840} INFO - DAG(s) 'example_python_operator' retrieved from /home/airflow/.local/lib/python3.12/site-packages/airflow/example_dags/example_python_operator.py
[2025-06-20T15:42:43.382+0000] {logging_mixin.py:188} INFO - [2025-06-20T15:42:43.381+0000] {dag.py:3096} INFO - Sync 1 DAGs
[2025-06-20T15:42:43.393+0000] {logging_mixin.py:188} INFO - [2025-06-20T15:42:43.393+0000] {dag.py:3954} INFO - Setting next_dagrun for example_python_operator to None, run_after=None
[2025-06-20T15:42:43.410+0000] {processor.py:183} INFO - Processing /home/airflow/.local/lib/python3.12/site-packages/airflow/example_dags/example_python_operator.py took 0.070 seconds
[2025-06-20T15:43:14.138+0000] {processor.py:161} INFO - Started process (PID=8012) to work on /home/airflow/.local/lib/python3.12/site-packages/airflow/example_dags/example_python_operator.py
[2025-06-20T15:43:14.139+0000] {processor.py:830} INFO - Processing file /home/airflow/.local/lib/python3.12/site-packages/airflow/example_dags/example_python_operator.py for tasks to queue
[2025-06-20T15:43:14.141+0000] {logging_mixin.py:188} INFO - [2025-06-20T15:43:14.140+0000] {dagbag.py:540} INFO - Filling up the DagBag from /home/airflow/.local/lib/python3.12/site-packages/airflow/example_dags/example_python_operator.py
[2025-06-20T15:43:14.152+0000] {processor.py:840} INFO - DAG(s) 'example_python_operator' retrieved from /home/airflow/.local/lib/python3.12/site-packages/airflow/example_dags/example_python_operator.py
[2025-06-20T15:43:14.174+0000] {logging_mixin.py:188} INFO - [2025-06-20T15:43:14.174+0000] {dag.py:3096} INFO - Sync 1 DAGs
[2025-06-20T15:43:14.188+0000] {logging_mixin.py:188} INFO - [2025-06-20T15:43:14.187+0000] {dag.py:3954} INFO - Setting next_dagrun for example_python_operator to None, run_after=None
[2025-06-20T15:43:14.205+0000] {processor.py:183} INFO - Processing /home/airflow/.local/lib/python3.12/site-packages/airflow/example_dags/example_python_operator.py took 0.073 seconds
[2025-06-20T15:43:44.670+0000] {processor.py:161} INFO - Started process (PID=8071) to work on /home/airflow/.local/lib/python3.12/site-packages/airflow/example_dags/example_python_operator.py
[2025-06-20T15:43:44.671+0000] {processor.py:830} INFO - Processing file /home/airflow/.local/lib/python3.12/site-packages/airflow/example_dags/example_python_operator.py for tasks to queue
[2025-06-20T15:43:44.673+0000] {logging_mixin.py:188} INFO - [2025-06-20T15:43:44.673+0000] {dagbag.py:540} INFO - Filling up the DagBag from /home/airflow/.local/lib/python3.12/site-packages/airflow/example_dags/example_python_operator.py
[2025-06-20T15:43:44.683+0000] {processor.py:840} INFO - DAG(s) 'example_python_operator' retrieved from /home/airflow/.local/lib/python3.12/site-packages/airflow/example_dags/example_python_operator.py
[2025-06-20T15:43:44.704+0000] {logging_mixin.py:188} INFO - [2025-06-20T15:43:44.704+0000] {dag.py:3096} INFO - Sync 1 DAGs
[2025-06-20T15:43:44.716+0000] {logging_mixin.py:188} INFO - [2025-06-20T15:43:44.716+0000] {dag.py:3954} INFO - Setting next_dagrun for example_python_operator to None, run_after=None
[2025-06-20T15:43:44.732+0000] {processor.py:183} INFO - Processing /home/airflow/.local/lib/python3.12/site-packages/airflow/example_dags/example_python_operator.py took 0.069 seconds
[2025-06-20T15:44:15.328+0000] {processor.py:161} INFO - Started process (PID=8130) to work on /home/airflow/.local/lib/python3.12/site-packages/airflow/example_dags/example_python_operator.py
[2025-06-20T15:44:15.329+0000] {processor.py:830} INFO - Processing file /home/airflow/.local/lib/python3.12/site-packages/airflow/example_dags/example_python_operator.py for tasks to queue
[2025-06-20T15:44:15.331+0000] {logging_mixin.py:188} INFO - [2025-06-20T15:44:15.331+0000] {dagbag.py:540} INFO - Filling up the DagBag from /home/airflow/.local/lib/python3.12/site-packages/airflow/example_dags/example_python_operator.py
[2025-06-20T15:44:15.342+0000] {processor.py:840} INFO - DAG(s) 'example_python_operator' retrieved from /home/airflow/.local/lib/python3.12/site-packages/airflow/example_dags/example_python_operator.py
[2025-06-20T15:44:15.363+0000] {logging_mixin.py:188} INFO - [2025-06-20T15:44:15.363+0000] {dag.py:3096} INFO - Sync 1 DAGs
[2025-06-20T15:44:15.375+0000] {logging_mixin.py:188} INFO - [2025-06-20T15:44:15.375+0000] {dag.py:3954} INFO - Setting next_dagrun for example_python_operator to None, run_after=None
[2025-06-20T15:44:15.391+0000] {processor.py:183} INFO - Processing /home/airflow/.local/lib/python3.12/site-packages/airflow/example_dags/example_python_operator.py took 0.069 seconds
[2025-06-20T15:44:46.055+0000] {processor.py:161} INFO - Started process (PID=8189) to work on /home/airflow/.local/lib/python3.12/site-packages/airflow/example_dags/example_python_operator.py
[2025-06-20T15:44:46.056+0000] {processor.py:830} INFO - Processing file /home/airflow/.local/lib/python3.12/site-packages/airflow/example_dags/example_python_operator.py for tasks to queue
[2025-06-20T15:44:46.058+0000] {logging_mixin.py:188} INFO - [2025-06-20T15:44:46.057+0000] {dagbag.py:540} INFO - Filling up the DagBag from /home/airflow/.local/lib/python3.12/site-packages/airflow/example_dags/example_python_operator.py
[2025-06-20T15:44:46.068+0000] {processor.py:840} INFO - DAG(s) 'example_python_operator' retrieved from /home/airflow/.local/lib/python3.12/site-packages/airflow/example_dags/example_python_operator.py
[2025-06-20T15:44:46.090+0000] {logging_mixin.py:188} INFO - [2025-06-20T15:44:46.090+0000] {dag.py:3096} INFO - Sync 1 DAGs
[2025-06-20T15:44:46.105+0000] {logging_mixin.py:188} INFO - [2025-06-20T15:44:46.104+0000] {dag.py:3954} INFO - Setting next_dagrun for example_python_operator to None, run_after=None
[2025-06-20T15:44:46.121+0000] {processor.py:183} INFO - Processing /home/airflow/.local/lib/python3.12/site-packages/airflow/example_dags/example_python_operator.py took 0.072 seconds
[2025-06-20T15:45:16.836+0000] {processor.py:161} INFO - Started process (PID=8248) to work on /home/airflow/.local/lib/python3.12/site-packages/airflow/example_dags/example_python_operator.py
[2025-06-20T15:45:16.837+0000] {processor.py:830} INFO - Processing file /home/airflow/.local/lib/python3.12/site-packages/airflow/example_dags/example_python_operator.py for tasks to queue
[2025-06-20T15:45:16.839+0000] {logging_mixin.py:188} INFO - [2025-06-20T15:45:16.839+0000] {dagbag.py:540} INFO - Filling up the DagBag from /home/airflow/.local/lib/python3.12/site-packages/airflow/example_dags/example_python_operator.py
[2025-06-20T15:45:16.850+0000] {processor.py:840} INFO - DAG(s) 'example_python_operator' retrieved from /home/airflow/.local/lib/python3.12/site-packages/airflow/example_dags/example_python_operator.py
[2025-06-20T15:45:16.872+0000] {logging_mixin.py:188} INFO - [2025-06-20T15:45:16.872+0000] {dag.py:3096} INFO - Sync 1 DAGs
[2025-06-20T15:45:16.885+0000] {logging_mixin.py:188} INFO - [2025-06-20T15:45:16.885+0000] {dag.py:3954} INFO - Setting next_dagrun for example_python_operator to None, run_after=None
[2025-06-20T15:45:16.901+0000] {processor.py:183} INFO - Processing /home/airflow/.local/lib/python3.12/site-packages/airflow/example_dags/example_python_operator.py took 0.072 seconds
[2025-06-20T15:45:47.020+0000] {processor.py:161} INFO - Started process (PID=8307) to work on /home/airflow/.local/lib/python3.12/site-packages/airflow/example_dags/example_python_operator.py
[2025-06-20T15:45:47.021+0000] {processor.py:830} INFO - Processing file /home/airflow/.local/lib/python3.12/site-packages/airflow/example_dags/example_python_operator.py for tasks to queue
[2025-06-20T15:45:47.023+0000] {logging_mixin.py:188} INFO - [2025-06-20T15:45:47.022+0000] {dagbag.py:540} INFO - Filling up the DagBag from /home/airflow/.local/lib/python3.12/site-packages/airflow/example_dags/example_python_operator.py
[2025-06-20T15:45:47.033+0000] {processor.py:840} INFO - DAG(s) 'example_python_operator' retrieved from /home/airflow/.local/lib/python3.12/site-packages/airflow/example_dags/example_python_operator.py
[2025-06-20T15:45:47.055+0000] {logging_mixin.py:188} INFO - [2025-06-20T15:45:47.055+0000] {dag.py:3096} INFO - Sync 1 DAGs
[2025-06-20T15:45:47.067+0000] {logging_mixin.py:188} INFO - [2025-06-20T15:45:47.067+0000] {dag.py:3954} INFO - Setting next_dagrun for example_python_operator to None, run_after=None
[2025-06-20T15:45:47.083+0000] {processor.py:183} INFO - Processing /home/airflow/.local/lib/python3.12/site-packages/airflow/example_dags/example_python_operator.py took 0.070 seconds
[2025-06-20T15:46:17.365+0000] {processor.py:161} INFO - Started process (PID=8366) to work on /home/airflow/.local/lib/python3.12/site-packages/airflow/example_dags/example_python_operator.py
[2025-06-20T15:46:17.366+0000] {processor.py:830} INFO - Processing file /home/airflow/.local/lib/python3.12/site-packages/airflow/example_dags/example_python_operator.py for tasks to queue
[2025-06-20T15:46:17.368+0000] {logging_mixin.py:188} INFO - [2025-06-20T15:46:17.367+0000] {dagbag.py:540} INFO - Filling up the DagBag from /home/airflow/.local/lib/python3.12/site-packages/airflow/example_dags/example_python_operator.py
[2025-06-20T15:46:17.379+0000] {processor.py:840} INFO - DAG(s) 'example_python_operator' retrieved from /home/airflow/.local/lib/python3.12/site-packages/airflow/example_dags/example_python_operator.py
[2025-06-20T15:46:17.403+0000] {logging_mixin.py:188} INFO - [2025-06-20T15:46:17.403+0000] {dag.py:3096} INFO - Sync 1 DAGs
[2025-06-20T15:46:17.415+0000] {logging_mixin.py:188} INFO - [2025-06-20T15:46:17.415+0000] {dag.py:3954} INFO - Setting next_dagrun for example_python_operator to None, run_after=None
[2025-06-20T15:46:17.431+0000] {processor.py:183} INFO - Processing /home/airflow/.local/lib/python3.12/site-packages/airflow/example_dags/example_python_operator.py took 0.073 seconds
[2025-06-20T15:46:48.023+0000] {processor.py:161} INFO - Started process (PID=8425) to work on /home/airflow/.local/lib/python3.12/site-packages/airflow/example_dags/example_python_operator.py
[2025-06-20T15:46:48.024+0000] {processor.py:830} INFO - Processing file /home/airflow/.local/lib/python3.12/site-packages/airflow/example_dags/example_python_operator.py for tasks to queue
[2025-06-20T15:46:48.026+0000] {logging_mixin.py:188} INFO - [2025-06-20T15:46:48.026+0000] {dagbag.py:540} INFO - Filling up the DagBag from /home/airflow/.local/lib/python3.12/site-packages/airflow/example_dags/example_python_operator.py
[2025-06-20T15:46:48.036+0000] {processor.py:840} INFO - DAG(s) 'example_python_operator' retrieved from /home/airflow/.local/lib/python3.12/site-packages/airflow/example_dags/example_python_operator.py
[2025-06-20T15:46:48.057+0000] {logging_mixin.py:188} INFO - [2025-06-20T15:46:48.056+0000] {dag.py:3096} INFO - Sync 1 DAGs
[2025-06-20T15:46:48.068+0000] {logging_mixin.py:188} INFO - [2025-06-20T15:46:48.068+0000] {dag.py:3954} INFO - Setting next_dagrun for example_python_operator to None, run_after=None
[2025-06-20T15:46:48.084+0000] {processor.py:183} INFO - Processing /home/airflow/.local/lib/python3.12/site-packages/airflow/example_dags/example_python_operator.py took 0.067 seconds
[2025-06-20T15:47:18.548+0000] {processor.py:161} INFO - Started process (PID=8484) to work on /home/airflow/.local/lib/python3.12/site-packages/airflow/example_dags/example_python_operator.py
[2025-06-20T15:47:18.549+0000] {processor.py:830} INFO - Processing file /home/airflow/.local/lib/python3.12/site-packages/airflow/example_dags/example_python_operator.py for tasks to queue
[2025-06-20T15:47:18.552+0000] {logging_mixin.py:188} INFO - [2025-06-20T15:47:18.551+0000] {dagbag.py:540} INFO - Filling up the DagBag from /home/airflow/.local/lib/python3.12/site-packages/airflow/example_dags/example_python_operator.py
[2025-06-20T15:47:18.562+0000] {processor.py:840} INFO - DAG(s) 'example_python_operator' retrieved from /home/airflow/.local/lib/python3.12/site-packages/airflow/example_dags/example_python_operator.py
[2025-06-20T15:47:18.583+0000] {logging_mixin.py:188} INFO - [2025-06-20T15:47:18.583+0000] {dag.py:3096} INFO - Sync 1 DAGs
[2025-06-20T15:47:18.596+0000] {logging_mixin.py:188} INFO - [2025-06-20T15:47:18.595+0000] {dag.py:3954} INFO - Setting next_dagrun for example_python_operator to None, run_after=None
[2025-06-20T15:47:18.612+0000] {processor.py:183} INFO - Processing /home/airflow/.local/lib/python3.12/site-packages/airflow/example_dags/example_python_operator.py took 0.069 seconds
[2025-06-20T15:47:49.261+0000] {processor.py:161} INFO - Started process (PID=8543) to work on /home/airflow/.local/lib/python3.12/site-packages/airflow/example_dags/example_python_operator.py
[2025-06-20T15:47:49.262+0000] {processor.py:830} INFO - Processing file /home/airflow/.local/lib/python3.12/site-packages/airflow/example_dags/example_python_operator.py for tasks to queue
[2025-06-20T15:47:49.264+0000] {logging_mixin.py:188} INFO - [2025-06-20T15:47:49.264+0000] {dagbag.py:540} INFO - Filling up the DagBag from /home/airflow/.local/lib/python3.12/site-packages/airflow/example_dags/example_python_operator.py
[2025-06-20T15:47:49.275+0000] {processor.py:840} INFO - DAG(s) 'example_python_operator' retrieved from /home/airflow/.local/lib/python3.12/site-packages/airflow/example_dags/example_python_operator.py
[2025-06-20T15:47:49.298+0000] {logging_mixin.py:188} INFO - [2025-06-20T15:47:49.298+0000] {dag.py:3096} INFO - Sync 1 DAGs
[2025-06-20T15:47:49.310+0000] {logging_mixin.py:188} INFO - [2025-06-20T15:47:49.310+0000] {dag.py:3954} INFO - Setting next_dagrun for example_python_operator to None, run_after=None
[2025-06-20T15:47:49.332+0000] {processor.py:183} INFO - Processing /home/airflow/.local/lib/python3.12/site-packages/airflow/example_dags/example_python_operator.py took 0.077 seconds
[2025-06-20T15:48:19.970+0000] {processor.py:161} INFO - Started process (PID=8602) to work on /home/airflow/.local/lib/python3.12/site-packages/airflow/example_dags/example_python_operator.py
[2025-06-20T15:48:19.971+0000] {processor.py:830} INFO - Processing file /home/airflow/.local/lib/python3.12/site-packages/airflow/example_dags/example_python_operator.py for tasks to queue
[2025-06-20T15:48:19.973+0000] {logging_mixin.py:188} INFO - [2025-06-20T15:48:19.973+0000] {dagbag.py:540} INFO - Filling up the DagBag from /home/airflow/.local/lib/python3.12/site-packages/airflow/example_dags/example_python_operator.py
[2025-06-20T15:48:19.983+0000] {processor.py:840} INFO - DAG(s) 'example_python_operator' retrieved from /home/airflow/.local/lib/python3.12/site-packages/airflow/example_dags/example_python_operator.py
[2025-06-20T15:48:20.005+0000] {logging_mixin.py:188} INFO - [2025-06-20T15:48:20.005+0000] {dag.py:3096} INFO - Sync 1 DAGs
[2025-06-20T15:48:20.017+0000] {logging_mixin.py:188} INFO - [2025-06-20T15:48:20.017+0000] {dag.py:3954} INFO - Setting next_dagrun for example_python_operator to None, run_after=None
[2025-06-20T15:48:20.034+0000] {processor.py:183} INFO - Processing /home/airflow/.local/lib/python3.12/site-packages/airflow/example_dags/example_python_operator.py took 0.070 seconds
[2025-06-20T15:48:50.735+0000] {processor.py:161} INFO - Started process (PID=8661) to work on /home/airflow/.local/lib/python3.12/site-packages/airflow/example_dags/example_python_operator.py
[2025-06-20T15:48:50.736+0000] {processor.py:830} INFO - Processing file /home/airflow/.local/lib/python3.12/site-packages/airflow/example_dags/example_python_operator.py for tasks to queue
[2025-06-20T15:48:50.737+0000] {logging_mixin.py:188} INFO - [2025-06-20T15:48:50.737+0000] {dagbag.py:540} INFO - Filling up the DagBag from /home/airflow/.local/lib/python3.12/site-packages/airflow/example_dags/example_python_operator.py
[2025-06-20T15:48:50.748+0000] {processor.py:840} INFO - DAG(s) 'example_python_operator' retrieved from /home/airflow/.local/lib/python3.12/site-packages/airflow/example_dags/example_python_operator.py
[2025-06-20T15:48:50.770+0000] {logging_mixin.py:188} INFO - [2025-06-20T15:48:50.770+0000] {dag.py:3096} INFO - Sync 1 DAGs
[2025-06-20T15:48:50.782+0000] {logging_mixin.py:188} INFO - [2025-06-20T15:48:50.782+0000] {dag.py:3954} INFO - Setting next_dagrun for example_python_operator to None, run_after=None
[2025-06-20T15:48:50.799+0000] {processor.py:183} INFO - Processing /home/airflow/.local/lib/python3.12/site-packages/airflow/example_dags/example_python_operator.py took 0.072 seconds
[2025-06-20T15:49:21.453+0000] {processor.py:161} INFO - Started process (PID=8720) to work on /home/airflow/.local/lib/python3.12/site-packages/airflow/example_dags/example_python_operator.py
[2025-06-20T15:49:21.455+0000] {processor.py:830} INFO - Processing file /home/airflow/.local/lib/python3.12/site-packages/airflow/example_dags/example_python_operator.py for tasks to queue
[2025-06-20T15:49:21.457+0000] {logging_mixin.py:188} INFO - [2025-06-20T15:49:21.456+0000] {dagbag.py:540} INFO - Filling up the DagBag from /home/airflow/.local/lib/python3.12/site-packages/airflow/example_dags/example_python_operator.py
[2025-06-20T15:49:21.468+0000] {processor.py:840} INFO - DAG(s) 'example_python_operator' retrieved from /home/airflow/.local/lib/python3.12/site-packages/airflow/example_dags/example_python_operator.py
[2025-06-20T15:49:21.490+0000] {logging_mixin.py:188} INFO - [2025-06-20T15:49:21.490+0000] {dag.py:3096} INFO - Sync 1 DAGs
[2025-06-20T15:49:21.502+0000] {logging_mixin.py:188} INFO - [2025-06-20T15:49:21.501+0000] {dag.py:3954} INFO - Setting next_dagrun for example_python_operator to None, run_after=None
[2025-06-20T15:49:21.518+0000] {processor.py:183} INFO - Processing /home/airflow/.local/lib/python3.12/site-packages/airflow/example_dags/example_python_operator.py took 0.071 seconds
[2025-06-20T15:49:52.211+0000] {processor.py:161} INFO - Started process (PID=8779) to work on /home/airflow/.local/lib/python3.12/site-packages/airflow/example_dags/example_python_operator.py
[2025-06-20T15:49:52.212+0000] {processor.py:830} INFO - Processing file /home/airflow/.local/lib/python3.12/site-packages/airflow/example_dags/example_python_operator.py for tasks to queue
[2025-06-20T15:49:52.214+0000] {logging_mixin.py:188} INFO - [2025-06-20T15:49:52.213+0000] {dagbag.py:540} INFO - Filling up the DagBag from /home/airflow/.local/lib/python3.12/site-packages/airflow/example_dags/example_python_operator.py
[2025-06-20T15:49:52.224+0000] {processor.py:840} INFO - DAG(s) 'example_python_operator' retrieved from /home/airflow/.local/lib/python3.12/site-packages/airflow/example_dags/example_python_operator.py
[2025-06-20T15:49:52.248+0000] {logging_mixin.py:188} INFO - [2025-06-20T15:49:52.248+0000] {dag.py:3096} INFO - Sync 1 DAGs
[2025-06-20T15:49:52.262+0000] {logging_mixin.py:188} INFO - [2025-06-20T15:49:52.262+0000] {dag.py:3954} INFO - Setting next_dagrun for example_python_operator to None, run_after=None
[2025-06-20T15:49:52.280+0000] {processor.py:183} INFO - Processing /home/airflow/.local/lib/python3.12/site-packages/airflow/example_dags/example_python_operator.py took 0.076 seconds
[2025-06-20T15:50:22.861+0000] {processor.py:161} INFO - Started process (PID=8838) to work on /home/airflow/.local/lib/python3.12/site-packages/airflow/example_dags/example_python_operator.py
[2025-06-20T15:50:22.862+0000] {processor.py:830} INFO - Processing file /home/airflow/.local/lib/python3.12/site-packages/airflow/example_dags/example_python_operator.py for tasks to queue
[2025-06-20T15:50:22.864+0000] {logging_mixin.py:188} INFO - [2025-06-20T15:50:22.864+0000] {dagbag.py:540} INFO - Filling up the DagBag from /home/airflow/.local/lib/python3.12/site-packages/airflow/example_dags/example_python_operator.py
[2025-06-20T15:50:22.875+0000] {processor.py:840} INFO - DAG(s) 'example_python_operator' retrieved from /home/airflow/.local/lib/python3.12/site-packages/airflow/example_dags/example_python_operator.py
[2025-06-20T15:50:22.897+0000] {logging_mixin.py:188} INFO - [2025-06-20T15:50:22.897+0000] {dag.py:3096} INFO - Sync 1 DAGs
[2025-06-20T15:50:22.909+0000] {logging_mixin.py:188} INFO - [2025-06-20T15:50:22.909+0000] {dag.py:3954} INFO - Setting next_dagrun for example_python_operator to None, run_after=None
[2025-06-20T15:50:22.925+0000] {processor.py:183} INFO - Processing /home/airflow/.local/lib/python3.12/site-packages/airflow/example_dags/example_python_operator.py took 0.070 seconds
[2025-06-20T15:50:53.613+0000] {processor.py:161} INFO - Started process (PID=8897) to work on /home/airflow/.local/lib/python3.12/site-packages/airflow/example_dags/example_python_operator.py
[2025-06-20T15:50:53.614+0000] {processor.py:830} INFO - Processing file /home/airflow/.local/lib/python3.12/site-packages/airflow/example_dags/example_python_operator.py for tasks to queue
[2025-06-20T15:50:53.616+0000] {logging_mixin.py:188} INFO - [2025-06-20T15:50:53.616+0000] {dagbag.py:540} INFO - Filling up the DagBag from /home/airflow/.local/lib/python3.12/site-packages/airflow/example_dags/example_python_operator.py
[2025-06-20T15:50:53.626+0000] {processor.py:840} INFO - DAG(s) 'example_python_operator' retrieved from /home/airflow/.local/lib/python3.12/site-packages/airflow/example_dags/example_python_operator.py
[2025-06-20T15:50:53.648+0000] {logging_mixin.py:188} INFO - [2025-06-20T15:50:53.647+0000] {dag.py:3096} INFO - Sync 1 DAGs
[2025-06-20T15:50:53.659+0000] {logging_mixin.py:188} INFO - [2025-06-20T15:50:53.659+0000] {dag.py:3954} INFO - Setting next_dagrun for example_python_operator to None, run_after=None
[2025-06-20T15:50:53.675+0000] {processor.py:183} INFO - Processing /home/airflow/.local/lib/python3.12/site-packages/airflow/example_dags/example_python_operator.py took 0.068 seconds
[2025-06-20T15:51:24.259+0000] {processor.py:161} INFO - Started process (PID=8956) to work on /home/airflow/.local/lib/python3.12/site-packages/airflow/example_dags/example_python_operator.py
[2025-06-20T15:51:24.260+0000] {processor.py:830} INFO - Processing file /home/airflow/.local/lib/python3.12/site-packages/airflow/example_dags/example_python_operator.py for tasks to queue
[2025-06-20T15:51:24.262+0000] {logging_mixin.py:188} INFO - [2025-06-20T15:51:24.262+0000] {dagbag.py:540} INFO - Filling up the DagBag from /home/airflow/.local/lib/python3.12/site-packages/airflow/example_dags/example_python_operator.py
[2025-06-20T15:51:24.272+0000] {processor.py:840} INFO - DAG(s) 'example_python_operator' retrieved from /home/airflow/.local/lib/python3.12/site-packages/airflow/example_dags/example_python_operator.py
[2025-06-20T15:51:24.295+0000] {logging_mixin.py:188} INFO - [2025-06-20T15:51:24.294+0000] {dag.py:3096} INFO - Sync 1 DAGs
[2025-06-20T15:51:24.308+0000] {logging_mixin.py:188} INFO - [2025-06-20T15:51:24.307+0000] {dag.py:3954} INFO - Setting next_dagrun for example_python_operator to None, run_after=None
[2025-06-20T15:51:24.325+0000] {processor.py:183} INFO - Processing /home/airflow/.local/lib/python3.12/site-packages/airflow/example_dags/example_python_operator.py took 0.072 seconds
[2025-06-20T15:51:54.880+0000] {processor.py:161} INFO - Started process (PID=9015) to work on /home/airflow/.local/lib/python3.12/site-packages/airflow/example_dags/example_python_operator.py
[2025-06-20T15:51:54.881+0000] {processor.py:830} INFO - Processing file /home/airflow/.local/lib/python3.12/site-packages/airflow/example_dags/example_python_operator.py for tasks to queue
[2025-06-20T15:51:54.883+0000] {logging_mixin.py:188} INFO - [2025-06-20T15:51:54.883+0000] {dagbag.py:540} INFO - Filling up the DagBag from /home/airflow/.local/lib/python3.12/site-packages/airflow/example_dags/example_python_operator.py
[2025-06-20T15:51:54.894+0000] {processor.py:840} INFO - DAG(s) 'example_python_operator' retrieved from /home/airflow/.local/lib/python3.12/site-packages/airflow/example_dags/example_python_operator.py
[2025-06-20T15:51:54.916+0000] {logging_mixin.py:188} INFO - [2025-06-20T15:51:54.916+0000] {dag.py:3096} INFO - Sync 1 DAGs
[2025-06-20T15:51:54.928+0000] {logging_mixin.py:188} INFO - [2025-06-20T15:51:54.927+0000] {dag.py:3954} INFO - Setting next_dagrun for example_python_operator to None, run_after=None
[2025-06-20T15:51:54.945+0000] {processor.py:183} INFO - Processing /home/airflow/.local/lib/python3.12/site-packages/airflow/example_dags/example_python_operator.py took 0.072 seconds
[2025-06-20T15:52:25.430+0000] {processor.py:161} INFO - Started process (PID=9074) to work on /home/airflow/.local/lib/python3.12/site-packages/airflow/example_dags/example_python_operator.py
[2025-06-20T15:52:25.431+0000] {processor.py:830} INFO - Processing file /home/airflow/.local/lib/python3.12/site-packages/airflow/example_dags/example_python_operator.py for tasks to queue
[2025-06-20T15:52:25.433+0000] {logging_mixin.py:188} INFO - [2025-06-20T15:52:25.433+0000] {dagbag.py:540} INFO - Filling up the DagBag from /home/airflow/.local/lib/python3.12/site-packages/airflow/example_dags/example_python_operator.py
[2025-06-20T15:52:25.445+0000] {processor.py:840} INFO - DAG(s) 'example_python_operator' retrieved from /home/airflow/.local/lib/python3.12/site-packages/airflow/example_dags/example_python_operator.py
[2025-06-20T15:52:25.469+0000] {logging_mixin.py:188} INFO - [2025-06-20T15:52:25.469+0000] {dag.py:3096} INFO - Sync 1 DAGs
[2025-06-20T15:52:25.483+0000] {logging_mixin.py:188} INFO - [2025-06-20T15:52:25.482+0000] {dag.py:3954} INFO - Setting next_dagrun for example_python_operator to None, run_after=None
[2025-06-20T15:52:25.500+0000] {processor.py:183} INFO - Processing /home/airflow/.local/lib/python3.12/site-packages/airflow/example_dags/example_python_operator.py took 0.078 seconds
[2025-06-20T15:52:55.603+0000] {processor.py:161} INFO - Started process (PID=9133) to work on /home/airflow/.local/lib/python3.12/site-packages/airflow/example_dags/example_python_operator.py
[2025-06-20T15:52:55.604+0000] {processor.py:830} INFO - Processing file /home/airflow/.local/lib/python3.12/site-packages/airflow/example_dags/example_python_operator.py for tasks to queue
[2025-06-20T15:52:55.606+0000] {logging_mixin.py:188} INFO - [2025-06-20T15:52:55.605+0000] {dagbag.py:540} INFO - Filling up the DagBag from /home/airflow/.local/lib/python3.12/site-packages/airflow/example_dags/example_python_operator.py
[2025-06-20T15:52:55.617+0000] {processor.py:840} INFO - DAG(s) 'example_python_operator' retrieved from /home/airflow/.local/lib/python3.12/site-packages/airflow/example_dags/example_python_operator.py
[2025-06-20T15:52:55.639+0000] {logging_mixin.py:188} INFO - [2025-06-20T15:52:55.639+0000] {dag.py:3096} INFO - Sync 1 DAGs
[2025-06-20T15:52:55.651+0000] {logging_mixin.py:188} INFO - [2025-06-20T15:52:55.651+0000] {dag.py:3954} INFO - Setting next_dagrun for example_python_operator to None, run_after=None
[2025-06-20T15:52:55.668+0000] {processor.py:183} INFO - Processing /home/airflow/.local/lib/python3.12/site-packages/airflow/example_dags/example_python_operator.py took 0.072 seconds
[2025-06-20T15:53:25.731+0000] {processor.py:161} INFO - Started process (PID=9192) to work on /home/airflow/.local/lib/python3.12/site-packages/airflow/example_dags/example_python_operator.py
[2025-06-20T15:53:25.732+0000] {processor.py:830} INFO - Processing file /home/airflow/.local/lib/python3.12/site-packages/airflow/example_dags/example_python_operator.py for tasks to queue
[2025-06-20T15:53:25.734+0000] {logging_mixin.py:188} INFO - [2025-06-20T15:53:25.734+0000] {dagbag.py:540} INFO - Filling up the DagBag from /home/airflow/.local/lib/python3.12/site-packages/airflow/example_dags/example_python_operator.py
[2025-06-20T15:53:25.745+0000] {processor.py:840} INFO - DAG(s) 'example_python_operator' retrieved from /home/airflow/.local/lib/python3.12/site-packages/airflow/example_dags/example_python_operator.py
[2025-06-20T15:53:25.767+0000] {logging_mixin.py:188} INFO - [2025-06-20T15:53:25.766+0000] {dag.py:3096} INFO - Sync 1 DAGs
[2025-06-20T15:53:25.779+0000] {logging_mixin.py:188} INFO - [2025-06-20T15:53:25.779+0000] {dag.py:3954} INFO - Setting next_dagrun for example_python_operator to None, run_after=None
[2025-06-20T15:53:25.795+0000] {processor.py:183} INFO - Processing /home/airflow/.local/lib/python3.12/site-packages/airflow/example_dags/example_python_operator.py took 0.071 seconds
[2025-06-20T15:53:56.010+0000] {processor.py:161} INFO - Started process (PID=9251) to work on /home/airflow/.local/lib/python3.12/site-packages/airflow/example_dags/example_python_operator.py
[2025-06-20T15:53:56.011+0000] {processor.py:830} INFO - Processing file /home/airflow/.local/lib/python3.12/site-packages/airflow/example_dags/example_python_operator.py for tasks to queue
[2025-06-20T15:53:56.015+0000] {logging_mixin.py:188} INFO - [2025-06-20T15:53:56.014+0000] {dagbag.py:540} INFO - Filling up the DagBag from /home/airflow/.local/lib/python3.12/site-packages/airflow/example_dags/example_python_operator.py
[2025-06-20T15:53:56.034+0000] {processor.py:840} INFO - DAG(s) 'example_python_operator' retrieved from /home/airflow/.local/lib/python3.12/site-packages/airflow/example_dags/example_python_operator.py
[2025-06-20T15:53:56.067+0000] {logging_mixin.py:188} INFO - [2025-06-20T15:53:56.066+0000] {dag.py:3096} INFO - Sync 1 DAGs
[2025-06-20T15:53:56.087+0000] {logging_mixin.py:188} INFO - [2025-06-20T15:53:56.086+0000] {dag.py:3954} INFO - Setting next_dagrun for example_python_operator to None, run_after=None
[2025-06-20T15:53:56.107+0000] {processor.py:183} INFO - Processing /home/airflow/.local/lib/python3.12/site-packages/airflow/example_dags/example_python_operator.py took 0.103 seconds
[2025-06-20T15:54:26.510+0000] {processor.py:161} INFO - Started process (PID=9310) to work on /home/airflow/.local/lib/python3.12/site-packages/airflow/example_dags/example_python_operator.py
[2025-06-20T15:54:26.511+0000] {processor.py:830} INFO - Processing file /home/airflow/.local/lib/python3.12/site-packages/airflow/example_dags/example_python_operator.py for tasks to queue
[2025-06-20T15:54:26.512+0000] {logging_mixin.py:188} INFO - [2025-06-20T15:54:26.512+0000] {dagbag.py:540} INFO - Filling up the DagBag from /home/airflow/.local/lib/python3.12/site-packages/airflow/example_dags/example_python_operator.py
[2025-06-20T15:54:26.523+0000] {processor.py:840} INFO - DAG(s) 'example_python_operator' retrieved from /home/airflow/.local/lib/python3.12/site-packages/airflow/example_dags/example_python_operator.py
[2025-06-20T15:54:26.544+0000] {logging_mixin.py:188} INFO - [2025-06-20T15:54:26.544+0000] {dag.py:3096} INFO - Sync 1 DAGs
[2025-06-20T15:54:26.556+0000] {logging_mixin.py:188} INFO - [2025-06-20T15:54:26.556+0000] {dag.py:3954} INFO - Setting next_dagrun for example_python_operator to None, run_after=None
[2025-06-20T15:54:26.572+0000] {processor.py:183} INFO - Processing /home/airflow/.local/lib/python3.12/site-packages/airflow/example_dags/example_python_operator.py took 0.069 seconds
[2025-06-20T15:54:57.124+0000] {processor.py:161} INFO - Started process (PID=9369) to work on /home/airflow/.local/lib/python3.12/site-packages/airflow/example_dags/example_python_operator.py
[2025-06-20T15:54:57.125+0000] {processor.py:830} INFO - Processing file /home/airflow/.local/lib/python3.12/site-packages/airflow/example_dags/example_python_operator.py for tasks to queue
[2025-06-20T15:54:57.127+0000] {logging_mixin.py:188} INFO - [2025-06-20T15:54:57.126+0000] {dagbag.py:540} INFO - Filling up the DagBag from /home/airflow/.local/lib/python3.12/site-packages/airflow/example_dags/example_python_operator.py
[2025-06-20T15:54:57.137+0000] {processor.py:840} INFO - DAG(s) 'example_python_operator' retrieved from /home/airflow/.local/lib/python3.12/site-packages/airflow/example_dags/example_python_operator.py
[2025-06-20T15:54:57.159+0000] {logging_mixin.py:188} INFO - [2025-06-20T15:54:57.158+0000] {dag.py:3096} INFO - Sync 1 DAGs
[2025-06-20T15:54:57.171+0000] {logging_mixin.py:188} INFO - [2025-06-20T15:54:57.171+0000] {dag.py:3954} INFO - Setting next_dagrun for example_python_operator to None, run_after=None
[2025-06-20T15:54:57.187+0000] {processor.py:183} INFO - Processing /home/airflow/.local/lib/python3.12/site-packages/airflow/example_dags/example_python_operator.py took 0.070 seconds
[2025-06-20T15:55:27.396+0000] {processor.py:161} INFO - Started process (PID=9428) to work on /home/airflow/.local/lib/python3.12/site-packages/airflow/example_dags/example_python_operator.py
[2025-06-20T15:55:27.396+0000] {processor.py:830} INFO - Processing file /home/airflow/.local/lib/python3.12/site-packages/airflow/example_dags/example_python_operator.py for tasks to queue
[2025-06-20T15:55:27.398+0000] {logging_mixin.py:188} INFO - [2025-06-20T15:55:27.398+0000] {dagbag.py:540} INFO - Filling up the DagBag from /home/airflow/.local/lib/python3.12/site-packages/airflow/example_dags/example_python_operator.py
[2025-06-20T15:55:27.409+0000] {processor.py:840} INFO - DAG(s) 'example_python_operator' retrieved from /home/airflow/.local/lib/python3.12/site-packages/airflow/example_dags/example_python_operator.py
[2025-06-20T15:55:27.430+0000] {logging_mixin.py:188} INFO - [2025-06-20T15:55:27.430+0000] {dag.py:3096} INFO - Sync 1 DAGs
[2025-06-20T15:55:27.442+0000] {logging_mixin.py:188} INFO - [2025-06-20T15:55:27.442+0000] {dag.py:3954} INFO - Setting next_dagrun for example_python_operator to None, run_after=None
[2025-06-20T15:55:27.460+0000] {processor.py:183} INFO - Processing /home/airflow/.local/lib/python3.12/site-packages/airflow/example_dags/example_python_operator.py took 0.070 seconds
[2025-06-20T15:55:57.888+0000] {processor.py:161} INFO - Started process (PID=9487) to work on /home/airflow/.local/lib/python3.12/site-packages/airflow/example_dags/example_python_operator.py
[2025-06-20T15:55:57.889+0000] {processor.py:830} INFO - Processing file /home/airflow/.local/lib/python3.12/site-packages/airflow/example_dags/example_python_operator.py for tasks to queue
[2025-06-20T15:55:57.891+0000] {logging_mixin.py:188} INFO - [2025-06-20T15:55:57.891+0000] {dagbag.py:540} INFO - Filling up the DagBag from /home/airflow/.local/lib/python3.12/site-packages/airflow/example_dags/example_python_operator.py
[2025-06-20T15:55:57.903+0000] {processor.py:840} INFO - DAG(s) 'example_python_operator' retrieved from /home/airflow/.local/lib/python3.12/site-packages/airflow/example_dags/example_python_operator.py
[2025-06-20T15:55:57.927+0000] {logging_mixin.py:188} INFO - [2025-06-20T15:55:57.927+0000] {dag.py:3096} INFO - Sync 1 DAGs
[2025-06-20T15:55:57.941+0000] {logging_mixin.py:188} INFO - [2025-06-20T15:55:57.941+0000] {dag.py:3954} INFO - Setting next_dagrun for example_python_operator to None, run_after=None
[2025-06-20T15:55:57.959+0000] {processor.py:183} INFO - Processing /home/airflow/.local/lib/python3.12/site-packages/airflow/example_dags/example_python_operator.py took 0.078 seconds
[2025-06-20T15:56:28.070+0000] {processor.py:161} INFO - Started process (PID=9546) to work on /home/airflow/.local/lib/python3.12/site-packages/airflow/example_dags/example_python_operator.py
[2025-06-20T15:56:28.071+0000] {processor.py:830} INFO - Processing file /home/airflow/.local/lib/python3.12/site-packages/airflow/example_dags/example_python_operator.py for tasks to queue
[2025-06-20T15:56:28.073+0000] {logging_mixin.py:188} INFO - [2025-06-20T15:56:28.073+0000] {dagbag.py:540} INFO - Filling up the DagBag from /home/airflow/.local/lib/python3.12/site-packages/airflow/example_dags/example_python_operator.py
[2025-06-20T15:56:28.084+0000] {processor.py:840} INFO - DAG(s) 'example_python_operator' retrieved from /home/airflow/.local/lib/python3.12/site-packages/airflow/example_dags/example_python_operator.py
[2025-06-20T15:56:28.108+0000] {logging_mixin.py:188} INFO - [2025-06-20T15:56:28.108+0000] {dag.py:3096} INFO - Sync 1 DAGs
[2025-06-20T15:56:28.121+0000] {logging_mixin.py:188} INFO - [2025-06-20T15:56:28.121+0000] {dag.py:3954} INFO - Setting next_dagrun for example_python_operator to None, run_after=None
[2025-06-20T15:56:28.137+0000] {processor.py:183} INFO - Processing /home/airflow/.local/lib/python3.12/site-packages/airflow/example_dags/example_python_operator.py took 0.073 seconds
[2025-06-20T15:56:58.279+0000] {processor.py:161} INFO - Started process (PID=9605) to work on /home/airflow/.local/lib/python3.12/site-packages/airflow/example_dags/example_python_operator.py
[2025-06-20T15:56:58.280+0000] {processor.py:830} INFO - Processing file /home/airflow/.local/lib/python3.12/site-packages/airflow/example_dags/example_python_operator.py for tasks to queue
[2025-06-20T15:56:58.282+0000] {logging_mixin.py:188} INFO - [2025-06-20T15:56:58.281+0000] {dagbag.py:540} INFO - Filling up the DagBag from /home/airflow/.local/lib/python3.12/site-packages/airflow/example_dags/example_python_operator.py
[2025-06-20T15:56:58.293+0000] {processor.py:840} INFO - DAG(s) 'example_python_operator' retrieved from /home/airflow/.local/lib/python3.12/site-packages/airflow/example_dags/example_python_operator.py
[2025-06-20T15:56:58.314+0000] {logging_mixin.py:188} INFO - [2025-06-20T15:56:58.314+0000] {dag.py:3096} INFO - Sync 1 DAGs
[2025-06-20T15:56:58.326+0000] {logging_mixin.py:188} INFO - [2025-06-20T15:56:58.326+0000] {dag.py:3954} INFO - Setting next_dagrun for example_python_operator to None, run_after=None
[2025-06-20T15:56:58.342+0000] {processor.py:183} INFO - Processing /home/airflow/.local/lib/python3.12/site-packages/airflow/example_dags/example_python_operator.py took 0.072 seconds
[2025-06-20T15:57:28.596+0000] {processor.py:161} INFO - Started process (PID=9664) to work on /home/airflow/.local/lib/python3.12/site-packages/airflow/example_dags/example_python_operator.py
[2025-06-20T15:57:28.597+0000] {processor.py:830} INFO - Processing file /home/airflow/.local/lib/python3.12/site-packages/airflow/example_dags/example_python_operator.py for tasks to queue
[2025-06-20T15:57:28.599+0000] {logging_mixin.py:188} INFO - [2025-06-20T15:57:28.598+0000] {dagbag.py:540} INFO - Filling up the DagBag from /home/airflow/.local/lib/python3.12/site-packages/airflow/example_dags/example_python_operator.py
[2025-06-20T15:57:28.609+0000] {processor.py:840} INFO - DAG(s) 'example_python_operator' retrieved from /home/airflow/.local/lib/python3.12/site-packages/airflow/example_dags/example_python_operator.py
[2025-06-20T15:57:28.630+0000] {logging_mixin.py:188} INFO - [2025-06-20T15:57:28.629+0000] {dag.py:3096} INFO - Sync 1 DAGs
[2025-06-20T15:57:28.641+0000] {logging_mixin.py:188} INFO - [2025-06-20T15:57:28.641+0000] {dag.py:3954} INFO - Setting next_dagrun for example_python_operator to None, run_after=None
[2025-06-20T15:57:28.657+0000] {processor.py:183} INFO - Processing /home/airflow/.local/lib/python3.12/site-packages/airflow/example_dags/example_python_operator.py took 0.067 seconds
[2025-06-20T15:57:58.883+0000] {processor.py:161} INFO - Started process (PID=9723) to work on /home/airflow/.local/lib/python3.12/site-packages/airflow/example_dags/example_python_operator.py
[2025-06-20T15:57:58.883+0000] {processor.py:830} INFO - Processing file /home/airflow/.local/lib/python3.12/site-packages/airflow/example_dags/example_python_operator.py for tasks to queue
[2025-06-20T15:57:58.885+0000] {logging_mixin.py:188} INFO - [2025-06-20T15:57:58.885+0000] {dagbag.py:540} INFO - Filling up the DagBag from /home/airflow/.local/lib/python3.12/site-packages/airflow/example_dags/example_python_operator.py
[2025-06-20T15:57:58.895+0000] {processor.py:840} INFO - DAG(s) 'example_python_operator' retrieved from /home/airflow/.local/lib/python3.12/site-packages/airflow/example_dags/example_python_operator.py
[2025-06-20T15:57:58.919+0000] {logging_mixin.py:188} INFO - [2025-06-20T15:57:58.919+0000] {dag.py:3096} INFO - Sync 1 DAGs
[2025-06-20T15:57:58.932+0000] {logging_mixin.py:188} INFO - [2025-06-20T15:57:58.932+0000] {dag.py:3954} INFO - Setting next_dagrun for example_python_operator to None, run_after=None
[2025-06-20T15:57:58.951+0000] {processor.py:183} INFO - Processing /home/airflow/.local/lib/python3.12/site-packages/airflow/example_dags/example_python_operator.py took 0.074 seconds
[2025-06-20T15:58:29.163+0000] {processor.py:161} INFO - Started process (PID=9782) to work on /home/airflow/.local/lib/python3.12/site-packages/airflow/example_dags/example_python_operator.py
[2025-06-20T15:58:29.163+0000] {processor.py:830} INFO - Processing file /home/airflow/.local/lib/python3.12/site-packages/airflow/example_dags/example_python_operator.py for tasks to queue
[2025-06-20T15:58:29.165+0000] {logging_mixin.py:188} INFO - [2025-06-20T15:58:29.165+0000] {dagbag.py:540} INFO - Filling up the DagBag from /home/airflow/.local/lib/python3.12/site-packages/airflow/example_dags/example_python_operator.py
[2025-06-20T15:58:29.177+0000] {processor.py:840} INFO - DAG(s) 'example_python_operator' retrieved from /home/airflow/.local/lib/python3.12/site-packages/airflow/example_dags/example_python_operator.py
[2025-06-20T15:58:29.199+0000] {logging_mixin.py:188} INFO - [2025-06-20T15:58:29.199+0000] {dag.py:3096} INFO - Sync 1 DAGs
[2025-06-20T15:58:29.210+0000] {logging_mixin.py:188} INFO - [2025-06-20T15:58:29.210+0000] {dag.py:3954} INFO - Setting next_dagrun for example_python_operator to None, run_after=None
[2025-06-20T15:58:29.229+0000] {processor.py:183} INFO - Processing /home/airflow/.local/lib/python3.12/site-packages/airflow/example_dags/example_python_operator.py took 0.073 seconds
[2025-06-20T15:58:59.536+0000] {processor.py:161} INFO - Started process (PID=9841) to work on /home/airflow/.local/lib/python3.12/site-packages/airflow/example_dags/example_python_operator.py
[2025-06-20T15:58:59.537+0000] {processor.py:830} INFO - Processing file /home/airflow/.local/lib/python3.12/site-packages/airflow/example_dags/example_python_operator.py for tasks to queue
[2025-06-20T15:58:59.539+0000] {logging_mixin.py:188} INFO - [2025-06-20T15:58:59.538+0000] {dagbag.py:540} INFO - Filling up the DagBag from /home/airflow/.local/lib/python3.12/site-packages/airflow/example_dags/example_python_operator.py
[2025-06-20T15:58:59.549+0000] {processor.py:840} INFO - DAG(s) 'example_python_operator' retrieved from /home/airflow/.local/lib/python3.12/site-packages/airflow/example_dags/example_python_operator.py
[2025-06-20T15:58:59.570+0000] {logging_mixin.py:188} INFO - [2025-06-20T15:58:59.570+0000] {dag.py:3096} INFO - Sync 1 DAGs
[2025-06-20T15:58:59.582+0000] {logging_mixin.py:188} INFO - [2025-06-20T15:58:59.582+0000] {dag.py:3954} INFO - Setting next_dagrun for example_python_operator to None, run_after=None
[2025-06-20T15:58:59.598+0000] {processor.py:183} INFO - Processing /home/airflow/.local/lib/python3.12/site-packages/airflow/example_dags/example_python_operator.py took 0.069 seconds
[2025-06-20T15:59:30.154+0000] {processor.py:161} INFO - Started process (PID=9898) to work on /home/airflow/.local/lib/python3.12/site-packages/airflow/example_dags/example_python_operator.py
[2025-06-20T15:59:30.155+0000] {processor.py:830} INFO - Processing file /home/airflow/.local/lib/python3.12/site-packages/airflow/example_dags/example_python_operator.py for tasks to queue
[2025-06-20T15:59:30.157+0000] {logging_mixin.py:188} INFO - [2025-06-20T15:59:30.157+0000] {dagbag.py:540} INFO - Filling up the DagBag from /home/airflow/.local/lib/python3.12/site-packages/airflow/example_dags/example_python_operator.py
[2025-06-20T15:59:30.168+0000] {processor.py:840} INFO - DAG(s) 'example_python_operator' retrieved from /home/airflow/.local/lib/python3.12/site-packages/airflow/example_dags/example_python_operator.py
[2025-06-20T15:59:30.180+0000] {logging_mixin.py:188} INFO - [2025-06-20T15:59:30.180+0000] {dag.py:3096} INFO - Sync 1 DAGs
[2025-06-20T15:59:30.193+0000] {logging_mixin.py:188} INFO - [2025-06-20T15:59:30.193+0000] {dag.py:3954} INFO - Setting next_dagrun for example_python_operator to None, run_after=None
[2025-06-20T15:59:30.209+0000] {processor.py:183} INFO - Processing /home/airflow/.local/lib/python3.12/site-packages/airflow/example_dags/example_python_operator.py took 0.062 seconds
[2025-06-20T16:00:21.965+0000] {processor.py:161} INFO - Started process (PID=62) to work on /home/airflow/.local/lib/python3.12/site-packages/airflow/example_dags/example_python_operator.py
[2025-06-20T16:00:21.966+0000] {processor.py:830} INFO - Processing file /home/airflow/.local/lib/python3.12/site-packages/airflow/example_dags/example_python_operator.py for tasks to queue
[2025-06-20T16:00:21.968+0000] {logging_mixin.py:188} INFO - [2025-06-20T16:00:21.967+0000] {dagbag.py:540} INFO - Filling up the DagBag from /home/airflow/.local/lib/python3.12/site-packages/airflow/example_dags/example_python_operator.py
[2025-06-20T16:00:22.000+0000] {processor.py:840} INFO - DAG(s) 'example_python_operator' retrieved from /home/airflow/.local/lib/python3.12/site-packages/airflow/example_dags/example_python_operator.py
[2025-06-20T16:00:22.027+0000] {logging_mixin.py:188} INFO - [2025-06-20T16:00:22.027+0000] {dag.py:3096} INFO - Sync 1 DAGs
[2025-06-20T16:00:22.055+0000] {logging_mixin.py:188} INFO - [2025-06-20T16:00:22.055+0000] {dag.py:3954} INFO - Setting next_dagrun for example_python_operator to None, run_after=None
[2025-06-20T16:00:22.073+0000] {processor.py:183} INFO - Processing /home/airflow/.local/lib/python3.12/site-packages/airflow/example_dags/example_python_operator.py took 0.114 seconds
[2025-06-20T16:00:52.249+0000] {processor.py:161} INFO - Started process (PID=121) to work on /home/airflow/.local/lib/python3.12/site-packages/airflow/example_dags/example_python_operator.py
[2025-06-20T16:00:52.250+0000] {processor.py:830} INFO - Processing file /home/airflow/.local/lib/python3.12/site-packages/airflow/example_dags/example_python_operator.py for tasks to queue
[2025-06-20T16:00:52.252+0000] {logging_mixin.py:188} INFO - [2025-06-20T16:00:52.251+0000] {dagbag.py:540} INFO - Filling up the DagBag from /home/airflow/.local/lib/python3.12/site-packages/airflow/example_dags/example_python_operator.py
[2025-06-20T16:00:52.262+0000] {processor.py:840} INFO - DAG(s) 'example_python_operator' retrieved from /home/airflow/.local/lib/python3.12/site-packages/airflow/example_dags/example_python_operator.py
[2025-06-20T16:00:52.367+0000] {logging_mixin.py:188} INFO - [2025-06-20T16:00:52.367+0000] {dag.py:3096} INFO - Sync 1 DAGs
[2025-06-20T16:00:52.379+0000] {logging_mixin.py:188} INFO - [2025-06-20T16:00:52.379+0000] {dag.py:3954} INFO - Setting next_dagrun for example_python_operator to None, run_after=None
[2025-06-20T16:00:52.395+0000] {processor.py:183} INFO - Processing /home/airflow/.local/lib/python3.12/site-packages/airflow/example_dags/example_python_operator.py took 0.152 seconds
[2025-06-20T16:01:22.498+0000] {processor.py:161} INFO - Started process (PID=180) to work on /home/airflow/.local/lib/python3.12/site-packages/airflow/example_dags/example_python_operator.py
[2025-06-20T16:01:22.499+0000] {processor.py:830} INFO - Processing file /home/airflow/.local/lib/python3.12/site-packages/airflow/example_dags/example_python_operator.py for tasks to queue
[2025-06-20T16:01:22.501+0000] {logging_mixin.py:188} INFO - [2025-06-20T16:01:22.500+0000] {dagbag.py:540} INFO - Filling up the DagBag from /home/airflow/.local/lib/python3.12/site-packages/airflow/example_dags/example_python_operator.py
[2025-06-20T16:01:22.511+0000] {processor.py:840} INFO - DAG(s) 'example_python_operator' retrieved from /home/airflow/.local/lib/python3.12/site-packages/airflow/example_dags/example_python_operator.py
[2025-06-20T16:01:22.533+0000] {logging_mixin.py:188} INFO - [2025-06-20T16:01:22.533+0000] {dag.py:3096} INFO - Sync 1 DAGs
[2025-06-20T16:01:22.545+0000] {logging_mixin.py:188} INFO - [2025-06-20T16:01:22.545+0000] {dag.py:3954} INFO - Setting next_dagrun for example_python_operator to None, run_after=None
[2025-06-20T16:01:22.561+0000] {processor.py:183} INFO - Processing /home/airflow/.local/lib/python3.12/site-packages/airflow/example_dags/example_python_operator.py took 0.069 seconds
[2025-06-20T16:01:52.755+0000] {processor.py:161} INFO - Started process (PID=239) to work on /home/airflow/.local/lib/python3.12/site-packages/airflow/example_dags/example_python_operator.py
[2025-06-20T16:01:52.756+0000] {processor.py:830} INFO - Processing file /home/airflow/.local/lib/python3.12/site-packages/airflow/example_dags/example_python_operator.py for tasks to queue
[2025-06-20T16:01:52.757+0000] {logging_mixin.py:188} INFO - [2025-06-20T16:01:52.757+0000] {dagbag.py:540} INFO - Filling up the DagBag from /home/airflow/.local/lib/python3.12/site-packages/airflow/example_dags/example_python_operator.py
[2025-06-20T16:01:52.768+0000] {processor.py:840} INFO - DAG(s) 'example_python_operator' retrieved from /home/airflow/.local/lib/python3.12/site-packages/airflow/example_dags/example_python_operator.py
[2025-06-20T16:01:52.790+0000] {logging_mixin.py:188} INFO - [2025-06-20T16:01:52.789+0000] {dag.py:3096} INFO - Sync 1 DAGs
[2025-06-20T16:01:52.802+0000] {logging_mixin.py:188} INFO - [2025-06-20T16:01:52.802+0000] {dag.py:3954} INFO - Setting next_dagrun for example_python_operator to None, run_after=None
[2025-06-20T16:01:52.818+0000] {processor.py:183} INFO - Processing /home/airflow/.local/lib/python3.12/site-packages/airflow/example_dags/example_python_operator.py took 0.069 seconds
[2025-06-20T16:02:22.959+0000] {processor.py:161} INFO - Started process (PID=298) to work on /home/airflow/.local/lib/python3.12/site-packages/airflow/example_dags/example_python_operator.py
[2025-06-20T16:02:22.960+0000] {processor.py:830} INFO - Processing file /home/airflow/.local/lib/python3.12/site-packages/airflow/example_dags/example_python_operator.py for tasks to queue
[2025-06-20T16:02:22.962+0000] {logging_mixin.py:188} INFO - [2025-06-20T16:02:22.962+0000] {dagbag.py:540} INFO - Filling up the DagBag from /home/airflow/.local/lib/python3.12/site-packages/airflow/example_dags/example_python_operator.py
[2025-06-20T16:02:22.972+0000] {processor.py:840} INFO - DAG(s) 'example_python_operator' retrieved from /home/airflow/.local/lib/python3.12/site-packages/airflow/example_dags/example_python_operator.py
[2025-06-20T16:02:22.997+0000] {logging_mixin.py:188} INFO - [2025-06-20T16:02:22.997+0000] {dag.py:3096} INFO - Sync 1 DAGs
[2025-06-20T16:02:23.011+0000] {logging_mixin.py:188} INFO - [2025-06-20T16:02:23.010+0000] {dag.py:3954} INFO - Setting next_dagrun for example_python_operator to None, run_after=None
[2025-06-20T16:02:23.028+0000] {processor.py:183} INFO - Processing /home/airflow/.local/lib/python3.12/site-packages/airflow/example_dags/example_python_operator.py took 0.075 seconds
[2025-06-20T16:02:53.123+0000] {processor.py:161} INFO - Started process (PID=357) to work on /home/airflow/.local/lib/python3.12/site-packages/airflow/example_dags/example_python_operator.py
[2025-06-20T16:02:53.124+0000] {processor.py:830} INFO - Processing file /home/airflow/.local/lib/python3.12/site-packages/airflow/example_dags/example_python_operator.py for tasks to queue
[2025-06-20T16:02:53.126+0000] {logging_mixin.py:188} INFO - [2025-06-20T16:02:53.126+0000] {dagbag.py:540} INFO - Filling up the DagBag from /home/airflow/.local/lib/python3.12/site-packages/airflow/example_dags/example_python_operator.py
[2025-06-20T16:02:53.136+0000] {processor.py:840} INFO - DAG(s) 'example_python_operator' retrieved from /home/airflow/.local/lib/python3.12/site-packages/airflow/example_dags/example_python_operator.py
[2025-06-20T16:02:53.157+0000] {logging_mixin.py:188} INFO - [2025-06-20T16:02:53.157+0000] {dag.py:3096} INFO - Sync 1 DAGs
[2025-06-20T16:02:53.169+0000] {logging_mixin.py:188} INFO - [2025-06-20T16:02:53.168+0000] {dag.py:3954} INFO - Setting next_dagrun for example_python_operator to None, run_after=None
[2025-06-20T16:02:53.185+0000] {processor.py:183} INFO - Processing /home/airflow/.local/lib/python3.12/site-packages/airflow/example_dags/example_python_operator.py took 0.068 seconds
[2025-06-20T16:03:23.423+0000] {processor.py:161} INFO - Started process (PID=416) to work on /home/airflow/.local/lib/python3.12/site-packages/airflow/example_dags/example_python_operator.py
[2025-06-20T16:03:23.424+0000] {processor.py:830} INFO - Processing file /home/airflow/.local/lib/python3.12/site-packages/airflow/example_dags/example_python_operator.py for tasks to queue
[2025-06-20T16:03:23.426+0000] {logging_mixin.py:188} INFO - [2025-06-20T16:03:23.426+0000] {dagbag.py:540} INFO - Filling up the DagBag from /home/airflow/.local/lib/python3.12/site-packages/airflow/example_dags/example_python_operator.py
[2025-06-20T16:03:23.437+0000] {processor.py:840} INFO - DAG(s) 'example_python_operator' retrieved from /home/airflow/.local/lib/python3.12/site-packages/airflow/example_dags/example_python_operator.py
[2025-06-20T16:03:23.458+0000] {logging_mixin.py:188} INFO - [2025-06-20T16:03:23.458+0000] {dag.py:3096} INFO - Sync 1 DAGs
[2025-06-20T16:03:23.470+0000] {logging_mixin.py:188} INFO - [2025-06-20T16:03:23.470+0000] {dag.py:3954} INFO - Setting next_dagrun for example_python_operator to None, run_after=None
[2025-06-20T16:03:23.486+0000] {processor.py:183} INFO - Processing /home/airflow/.local/lib/python3.12/site-packages/airflow/example_dags/example_python_operator.py took 0.069 seconds
[2025-06-20T16:03:53.540+0000] {processor.py:161} INFO - Started process (PID=475) to work on /home/airflow/.local/lib/python3.12/site-packages/airflow/example_dags/example_python_operator.py
[2025-06-20T16:03:53.541+0000] {processor.py:830} INFO - Processing file /home/airflow/.local/lib/python3.12/site-packages/airflow/example_dags/example_python_operator.py for tasks to queue
[2025-06-20T16:03:53.543+0000] {logging_mixin.py:188} INFO - [2025-06-20T16:03:53.542+0000] {dagbag.py:540} INFO - Filling up the DagBag from /home/airflow/.local/lib/python3.12/site-packages/airflow/example_dags/example_python_operator.py
[2025-06-20T16:03:53.553+0000] {processor.py:840} INFO - DAG(s) 'example_python_operator' retrieved from /home/airflow/.local/lib/python3.12/site-packages/airflow/example_dags/example_python_operator.py
[2025-06-20T16:03:53.573+0000] {logging_mixin.py:188} INFO - [2025-06-20T16:03:53.573+0000] {dag.py:3096} INFO - Sync 1 DAGs
[2025-06-20T16:03:53.585+0000] {logging_mixin.py:188} INFO - [2025-06-20T16:03:53.584+0000] {dag.py:3954} INFO - Setting next_dagrun for example_python_operator to None, run_after=None
[2025-06-20T16:03:53.600+0000] {processor.py:183} INFO - Processing /home/airflow/.local/lib/python3.12/site-packages/airflow/example_dags/example_python_operator.py took 0.065 seconds
[2025-06-20T16:04:23.909+0000] {processor.py:161} INFO - Started process (PID=534) to work on /home/airflow/.local/lib/python3.12/site-packages/airflow/example_dags/example_python_operator.py
[2025-06-20T16:04:23.910+0000] {processor.py:830} INFO - Processing file /home/airflow/.local/lib/python3.12/site-packages/airflow/example_dags/example_python_operator.py for tasks to queue
[2025-06-20T16:04:23.912+0000] {logging_mixin.py:188} INFO - [2025-06-20T16:04:23.912+0000] {dagbag.py:540} INFO - Filling up the DagBag from /home/airflow/.local/lib/python3.12/site-packages/airflow/example_dags/example_python_operator.py
[2025-06-20T16:04:23.922+0000] {processor.py:840} INFO - DAG(s) 'example_python_operator' retrieved from /home/airflow/.local/lib/python3.12/site-packages/airflow/example_dags/example_python_operator.py
[2025-06-20T16:04:23.944+0000] {logging_mixin.py:188} INFO - [2025-06-20T16:04:23.943+0000] {dag.py:3096} INFO - Sync 1 DAGs
[2025-06-20T16:04:23.955+0000] {logging_mixin.py:188} INFO - [2025-06-20T16:04:23.955+0000] {dag.py:3954} INFO - Setting next_dagrun for example_python_operator to None, run_after=None
[2025-06-20T16:04:23.971+0000] {processor.py:183} INFO - Processing /home/airflow/.local/lib/python3.12/site-packages/airflow/example_dags/example_python_operator.py took 0.067 seconds
[2025-06-20T16:04:54.033+0000] {processor.py:161} INFO - Started process (PID=593) to work on /home/airflow/.local/lib/python3.12/site-packages/airflow/example_dags/example_python_operator.py
[2025-06-20T16:04:54.034+0000] {processor.py:830} INFO - Processing file /home/airflow/.local/lib/python3.12/site-packages/airflow/example_dags/example_python_operator.py for tasks to queue
[2025-06-20T16:04:54.035+0000] {logging_mixin.py:188} INFO - [2025-06-20T16:04:54.035+0000] {dagbag.py:540} INFO - Filling up the DagBag from /home/airflow/.local/lib/python3.12/site-packages/airflow/example_dags/example_python_operator.py
[2025-06-20T16:04:54.045+0000] {processor.py:840} INFO - DAG(s) 'example_python_operator' retrieved from /home/airflow/.local/lib/python3.12/site-packages/airflow/example_dags/example_python_operator.py
[2025-06-20T16:04:54.066+0000] {logging_mixin.py:188} INFO - [2025-06-20T16:04:54.066+0000] {dag.py:3096} INFO - Sync 1 DAGs
[2025-06-20T16:04:54.077+0000] {logging_mixin.py:188} INFO - [2025-06-20T16:04:54.077+0000] {dag.py:3954} INFO - Setting next_dagrun for example_python_operator to None, run_after=None
[2025-06-20T16:04:54.093+0000] {processor.py:183} INFO - Processing /home/airflow/.local/lib/python3.12/site-packages/airflow/example_dags/example_python_operator.py took 0.066 seconds
[2025-06-20T16:05:24.508+0000] {processor.py:161} INFO - Started process (PID=652) to work on /home/airflow/.local/lib/python3.12/site-packages/airflow/example_dags/example_python_operator.py
[2025-06-20T16:05:24.509+0000] {processor.py:830} INFO - Processing file /home/airflow/.local/lib/python3.12/site-packages/airflow/example_dags/example_python_operator.py for tasks to queue
[2025-06-20T16:05:24.511+0000] {logging_mixin.py:188} INFO - [2025-06-20T16:05:24.511+0000] {dagbag.py:540} INFO - Filling up the DagBag from /home/airflow/.local/lib/python3.12/site-packages/airflow/example_dags/example_python_operator.py
[2025-06-20T16:05:24.521+0000] {processor.py:840} INFO - DAG(s) 'example_python_operator' retrieved from /home/airflow/.local/lib/python3.12/site-packages/airflow/example_dags/example_python_operator.py
[2025-06-20T16:05:24.544+0000] {logging_mixin.py:188} INFO - [2025-06-20T16:05:24.544+0000] {dag.py:3096} INFO - Sync 1 DAGs
[2025-06-20T16:05:24.555+0000] {logging_mixin.py:188} INFO - [2025-06-20T16:05:24.555+0000] {dag.py:3954} INFO - Setting next_dagrun for example_python_operator to None, run_after=None
[2025-06-20T16:05:24.571+0000] {processor.py:183} INFO - Processing /home/airflow/.local/lib/python3.12/site-packages/airflow/example_dags/example_python_operator.py took 0.069 seconds
[2025-06-20T16:05:54.788+0000] {processor.py:161} INFO - Started process (PID=711) to work on /home/airflow/.local/lib/python3.12/site-packages/airflow/example_dags/example_python_operator.py
[2025-06-20T16:05:54.789+0000] {processor.py:830} INFO - Processing file /home/airflow/.local/lib/python3.12/site-packages/airflow/example_dags/example_python_operator.py for tasks to queue
[2025-06-20T16:05:54.791+0000] {logging_mixin.py:188} INFO - [2025-06-20T16:05:54.790+0000] {dagbag.py:540} INFO - Filling up the DagBag from /home/airflow/.local/lib/python3.12/site-packages/airflow/example_dags/example_python_operator.py
[2025-06-20T16:05:54.801+0000] {processor.py:840} INFO - DAG(s) 'example_python_operator' retrieved from /home/airflow/.local/lib/python3.12/site-packages/airflow/example_dags/example_python_operator.py
[2025-06-20T16:05:54.822+0000] {logging_mixin.py:188} INFO - [2025-06-20T16:05:54.822+0000] {dag.py:3096} INFO - Sync 1 DAGs
[2025-06-20T16:05:54.834+0000] {logging_mixin.py:188} INFO - [2025-06-20T16:05:54.834+0000] {dag.py:3954} INFO - Setting next_dagrun for example_python_operator to None, run_after=None
[2025-06-20T16:05:54.849+0000] {processor.py:183} INFO - Processing /home/airflow/.local/lib/python3.12/site-packages/airflow/example_dags/example_python_operator.py took 0.068 seconds
[2025-06-20T16:06:25.020+0000] {processor.py:161} INFO - Started process (PID=770) to work on /home/airflow/.local/lib/python3.12/site-packages/airflow/example_dags/example_python_operator.py
[2025-06-20T16:06:25.021+0000] {processor.py:830} INFO - Processing file /home/airflow/.local/lib/python3.12/site-packages/airflow/example_dags/example_python_operator.py for tasks to queue
[2025-06-20T16:06:25.023+0000] {logging_mixin.py:188} INFO - [2025-06-20T16:06:25.022+0000] {dagbag.py:540} INFO - Filling up the DagBag from /home/airflow/.local/lib/python3.12/site-packages/airflow/example_dags/example_python_operator.py
[2025-06-20T16:06:25.033+0000] {processor.py:840} INFO - DAG(s) 'example_python_operator' retrieved from /home/airflow/.local/lib/python3.12/site-packages/airflow/example_dags/example_python_operator.py
[2025-06-20T16:06:25.054+0000] {logging_mixin.py:188} INFO - [2025-06-20T16:06:25.054+0000] {dag.py:3096} INFO - Sync 1 DAGs
[2025-06-20T16:06:25.066+0000] {logging_mixin.py:188} INFO - [2025-06-20T16:06:25.065+0000] {dag.py:3954} INFO - Setting next_dagrun for example_python_operator to None, run_after=None
[2025-06-20T16:06:25.082+0000] {processor.py:183} INFO - Processing /home/airflow/.local/lib/python3.12/site-packages/airflow/example_dags/example_python_operator.py took 0.067 seconds
[2025-06-20T16:06:55.491+0000] {processor.py:161} INFO - Started process (PID=835) to work on /home/airflow/.local/lib/python3.12/site-packages/airflow/example_dags/example_python_operator.py
[2025-06-20T16:06:55.492+0000] {processor.py:830} INFO - Processing file /home/airflow/.local/lib/python3.12/site-packages/airflow/example_dags/example_python_operator.py for tasks to queue
[2025-06-20T16:06:55.494+0000] {logging_mixin.py:188} INFO - [2025-06-20T16:06:55.494+0000] {dagbag.py:540} INFO - Filling up the DagBag from /home/airflow/.local/lib/python3.12/site-packages/airflow/example_dags/example_python_operator.py
[2025-06-20T16:06:55.505+0000] {processor.py:840} INFO - DAG(s) 'example_python_operator' retrieved from /home/airflow/.local/lib/python3.12/site-packages/airflow/example_dags/example_python_operator.py
[2025-06-20T16:06:55.526+0000] {logging_mixin.py:188} INFO - [2025-06-20T16:06:55.526+0000] {dag.py:3096} INFO - Sync 1 DAGs
[2025-06-20T16:06:55.538+0000] {logging_mixin.py:188} INFO - [2025-06-20T16:06:55.538+0000] {dag.py:3954} INFO - Setting next_dagrun for example_python_operator to None, run_after=None
[2025-06-20T16:06:55.553+0000] {processor.py:183} INFO - Processing /home/airflow/.local/lib/python3.12/site-packages/airflow/example_dags/example_python_operator.py took 0.068 seconds
[2025-06-20T16:07:25.732+0000] {processor.py:161} INFO - Started process (PID=894) to work on /home/airflow/.local/lib/python3.12/site-packages/airflow/example_dags/example_python_operator.py
[2025-06-20T16:07:25.733+0000] {processor.py:830} INFO - Processing file /home/airflow/.local/lib/python3.12/site-packages/airflow/example_dags/example_python_operator.py for tasks to queue
[2025-06-20T16:07:25.734+0000] {logging_mixin.py:188} INFO - [2025-06-20T16:07:25.734+0000] {dagbag.py:540} INFO - Filling up the DagBag from /home/airflow/.local/lib/python3.12/site-packages/airflow/example_dags/example_python_operator.py
[2025-06-20T16:07:25.745+0000] {processor.py:840} INFO - DAG(s) 'example_python_operator' retrieved from /home/airflow/.local/lib/python3.12/site-packages/airflow/example_dags/example_python_operator.py
[2025-06-20T16:07:25.772+0000] {logging_mixin.py:188} INFO - [2025-06-20T16:07:25.772+0000] {dag.py:3096} INFO - Sync 1 DAGs
[2025-06-20T16:07:25.785+0000] {logging_mixin.py:188} INFO - [2025-06-20T16:07:25.784+0000] {dag.py:3954} INFO - Setting next_dagrun for example_python_operator to None, run_after=None
[2025-06-20T16:07:25.801+0000] {processor.py:183} INFO - Processing /home/airflow/.local/lib/python3.12/site-packages/airflow/example_dags/example_python_operator.py took 0.076 seconds
[2025-06-20T16:07:55.991+0000] {processor.py:161} INFO - Started process (PID=953) to work on /home/airflow/.local/lib/python3.12/site-packages/airflow/example_dags/example_python_operator.py
[2025-06-20T16:07:55.992+0000] {processor.py:830} INFO - Processing file /home/airflow/.local/lib/python3.12/site-packages/airflow/example_dags/example_python_operator.py for tasks to queue
[2025-06-20T16:07:55.994+0000] {logging_mixin.py:188} INFO - [2025-06-20T16:07:55.994+0000] {dagbag.py:540} INFO - Filling up the DagBag from /home/airflow/.local/lib/python3.12/site-packages/airflow/example_dags/example_python_operator.py
[2025-06-20T16:07:56.004+0000] {processor.py:840} INFO - DAG(s) 'example_python_operator' retrieved from /home/airflow/.local/lib/python3.12/site-packages/airflow/example_dags/example_python_operator.py
[2025-06-20T16:07:56.026+0000] {logging_mixin.py:188} INFO - [2025-06-20T16:07:56.025+0000] {dag.py:3096} INFO - Sync 1 DAGs
[2025-06-20T16:07:56.037+0000] {logging_mixin.py:188} INFO - [2025-06-20T16:07:56.037+0000] {dag.py:3954} INFO - Setting next_dagrun for example_python_operator to None, run_after=None
[2025-06-20T16:07:56.053+0000] {processor.py:183} INFO - Processing /home/airflow/.local/lib/python3.12/site-packages/airflow/example_dags/example_python_operator.py took 0.067 seconds
[2025-06-20T16:08:26.298+0000] {processor.py:161} INFO - Started process (PID=1012) to work on /home/airflow/.local/lib/python3.12/site-packages/airflow/example_dags/example_python_operator.py
[2025-06-20T16:08:26.299+0000] {processor.py:830} INFO - Processing file /home/airflow/.local/lib/python3.12/site-packages/airflow/example_dags/example_python_operator.py for tasks to queue
[2025-06-20T16:08:26.301+0000] {logging_mixin.py:188} INFO - [2025-06-20T16:08:26.300+0000] {dagbag.py:540} INFO - Filling up the DagBag from /home/airflow/.local/lib/python3.12/site-packages/airflow/example_dags/example_python_operator.py
[2025-06-20T16:08:26.311+0000] {processor.py:840} INFO - DAG(s) 'example_python_operator' retrieved from /home/airflow/.local/lib/python3.12/site-packages/airflow/example_dags/example_python_operator.py
[2025-06-20T16:08:26.332+0000] {logging_mixin.py:188} INFO - [2025-06-20T16:08:26.332+0000] {dag.py:3096} INFO - Sync 1 DAGs
[2025-06-20T16:08:26.344+0000] {logging_mixin.py:188} INFO - [2025-06-20T16:08:26.344+0000] {dag.py:3954} INFO - Setting next_dagrun for example_python_operator to None, run_after=None
[2025-06-20T16:08:26.360+0000] {processor.py:183} INFO - Processing /home/airflow/.local/lib/python3.12/site-packages/airflow/example_dags/example_python_operator.py took 0.068 seconds
[2025-06-20T16:08:56.603+0000] {processor.py:161} INFO - Started process (PID=1071) to work on /home/airflow/.local/lib/python3.12/site-packages/airflow/example_dags/example_python_operator.py
[2025-06-20T16:08:56.608+0000] {processor.py:830} INFO - Processing file /home/airflow/.local/lib/python3.12/site-packages/airflow/example_dags/example_python_operator.py for tasks to queue
[2025-06-20T16:08:56.610+0000] {logging_mixin.py:188} INFO - [2025-06-20T16:08:56.610+0000] {dagbag.py:540} INFO - Filling up the DagBag from /home/airflow/.local/lib/python3.12/site-packages/airflow/example_dags/example_python_operator.py
[2025-06-20T16:08:56.620+0000] {processor.py:840} INFO - DAG(s) 'example_python_operator' retrieved from /home/airflow/.local/lib/python3.12/site-packages/airflow/example_dags/example_python_operator.py
[2025-06-20T16:08:56.641+0000] {logging_mixin.py:188} INFO - [2025-06-20T16:08:56.641+0000] {dag.py:3096} INFO - Sync 1 DAGs
[2025-06-20T16:08:56.653+0000] {logging_mixin.py:188} INFO - [2025-06-20T16:08:56.653+0000] {dag.py:3954} INFO - Setting next_dagrun for example_python_operator to None, run_after=None
[2025-06-20T16:08:56.669+0000] {processor.py:183} INFO - Processing /home/airflow/.local/lib/python3.12/site-packages/airflow/example_dags/example_python_operator.py took 0.073 seconds
[2025-06-20T16:09:26.984+0000] {processor.py:161} INFO - Started process (PID=1131) to work on /home/airflow/.local/lib/python3.12/site-packages/airflow/example_dags/example_python_operator.py
[2025-06-20T16:09:26.985+0000] {processor.py:830} INFO - Processing file /home/airflow/.local/lib/python3.12/site-packages/airflow/example_dags/example_python_operator.py for tasks to queue
[2025-06-20T16:09:26.987+0000] {logging_mixin.py:188} INFO - [2025-06-20T16:09:26.986+0000] {dagbag.py:540} INFO - Filling up the DagBag from /home/airflow/.local/lib/python3.12/site-packages/airflow/example_dags/example_python_operator.py
[2025-06-20T16:09:26.997+0000] {processor.py:840} INFO - DAG(s) 'example_python_operator' retrieved from /home/airflow/.local/lib/python3.12/site-packages/airflow/example_dags/example_python_operator.py
[2025-06-20T16:09:27.018+0000] {logging_mixin.py:188} INFO - [2025-06-20T16:09:27.018+0000] {dag.py:3096} INFO - Sync 1 DAGs
[2025-06-20T16:09:27.030+0000] {logging_mixin.py:188} INFO - [2025-06-20T16:09:27.030+0000] {dag.py:3954} INFO - Setting next_dagrun for example_python_operator to None, run_after=None
[2025-06-20T16:09:27.046+0000] {processor.py:183} INFO - Processing /home/airflow/.local/lib/python3.12/site-packages/airflow/example_dags/example_python_operator.py took 0.068 seconds
[2025-06-20T16:09:57.322+0000] {processor.py:161} INFO - Started process (PID=1190) to work on /home/airflow/.local/lib/python3.12/site-packages/airflow/example_dags/example_python_operator.py
[2025-06-20T16:09:57.323+0000] {processor.py:830} INFO - Processing file /home/airflow/.local/lib/python3.12/site-packages/airflow/example_dags/example_python_operator.py for tasks to queue
[2025-06-20T16:09:57.325+0000] {logging_mixin.py:188} INFO - [2025-06-20T16:09:57.325+0000] {dagbag.py:540} INFO - Filling up the DagBag from /home/airflow/.local/lib/python3.12/site-packages/airflow/example_dags/example_python_operator.py
[2025-06-20T16:09:57.335+0000] {processor.py:840} INFO - DAG(s) 'example_python_operator' retrieved from /home/airflow/.local/lib/python3.12/site-packages/airflow/example_dags/example_python_operator.py
[2025-06-20T16:09:57.356+0000] {logging_mixin.py:188} INFO - [2025-06-20T16:09:57.356+0000] {dag.py:3096} INFO - Sync 1 DAGs
[2025-06-20T16:09:57.368+0000] {logging_mixin.py:188} INFO - [2025-06-20T16:09:57.368+0000] {dag.py:3954} INFO - Setting next_dagrun for example_python_operator to None, run_after=None
[2025-06-20T16:09:57.383+0000] {processor.py:183} INFO - Processing /home/airflow/.local/lib/python3.12/site-packages/airflow/example_dags/example_python_operator.py took 0.067 seconds
[2025-06-20T16:10:27.909+0000] {processor.py:161} INFO - Started process (PID=1249) to work on /home/airflow/.local/lib/python3.12/site-packages/airflow/example_dags/example_python_operator.py
[2025-06-20T16:10:27.910+0000] {processor.py:830} INFO - Processing file /home/airflow/.local/lib/python3.12/site-packages/airflow/example_dags/example_python_operator.py for tasks to queue
[2025-06-20T16:10:27.912+0000] {logging_mixin.py:188} INFO - [2025-06-20T16:10:27.912+0000] {dagbag.py:540} INFO - Filling up the DagBag from /home/airflow/.local/lib/python3.12/site-packages/airflow/example_dags/example_python_operator.py
[2025-06-20T16:10:27.922+0000] {processor.py:840} INFO - DAG(s) 'example_python_operator' retrieved from /home/airflow/.local/lib/python3.12/site-packages/airflow/example_dags/example_python_operator.py
[2025-06-20T16:10:27.943+0000] {logging_mixin.py:188} INFO - [2025-06-20T16:10:27.943+0000] {dag.py:3096} INFO - Sync 1 DAGs
[2025-06-20T16:10:27.955+0000] {logging_mixin.py:188} INFO - [2025-06-20T16:10:27.955+0000] {dag.py:3954} INFO - Setting next_dagrun for example_python_operator to None, run_after=None
[2025-06-20T16:10:27.971+0000] {processor.py:183} INFO - Processing /home/airflow/.local/lib/python3.12/site-packages/airflow/example_dags/example_python_operator.py took 0.068 seconds
[2025-06-20T16:10:58.176+0000] {processor.py:161} INFO - Started process (PID=1308) to work on /home/airflow/.local/lib/python3.12/site-packages/airflow/example_dags/example_python_operator.py
[2025-06-20T16:10:58.177+0000] {processor.py:830} INFO - Processing file /home/airflow/.local/lib/python3.12/site-packages/airflow/example_dags/example_python_operator.py for tasks to queue
[2025-06-20T16:10:58.179+0000] {logging_mixin.py:188} INFO - [2025-06-20T16:10:58.178+0000] {dagbag.py:540} INFO - Filling up the DagBag from /home/airflow/.local/lib/python3.12/site-packages/airflow/example_dags/example_python_operator.py
[2025-06-20T16:10:58.189+0000] {processor.py:840} INFO - DAG(s) 'example_python_operator' retrieved from /home/airflow/.local/lib/python3.12/site-packages/airflow/example_dags/example_python_operator.py
[2025-06-20T16:10:58.210+0000] {logging_mixin.py:188} INFO - [2025-06-20T16:10:58.210+0000] {dag.py:3096} INFO - Sync 1 DAGs
[2025-06-20T16:10:58.221+0000] {logging_mixin.py:188} INFO - [2025-06-20T16:10:58.221+0000] {dag.py:3954} INFO - Setting next_dagrun for example_python_operator to None, run_after=None
[2025-06-20T16:10:58.237+0000] {processor.py:183} INFO - Processing /home/airflow/.local/lib/python3.12/site-packages/airflow/example_dags/example_python_operator.py took 0.067 seconds
[2025-06-20T16:11:28.667+0000] {processor.py:161} INFO - Started process (PID=1367) to work on /home/airflow/.local/lib/python3.12/site-packages/airflow/example_dags/example_python_operator.py
[2025-06-20T16:11:28.668+0000] {processor.py:830} INFO - Processing file /home/airflow/.local/lib/python3.12/site-packages/airflow/example_dags/example_python_operator.py for tasks to queue
[2025-06-20T16:11:28.670+0000] {logging_mixin.py:188} INFO - [2025-06-20T16:11:28.670+0000] {dagbag.py:540} INFO - Filling up the DagBag from /home/airflow/.local/lib/python3.12/site-packages/airflow/example_dags/example_python_operator.py
[2025-06-20T16:11:28.680+0000] {processor.py:840} INFO - DAG(s) 'example_python_operator' retrieved from /home/airflow/.local/lib/python3.12/site-packages/airflow/example_dags/example_python_operator.py
[2025-06-20T16:11:28.701+0000] {logging_mixin.py:188} INFO - [2025-06-20T16:11:28.701+0000] {dag.py:3096} INFO - Sync 1 DAGs
[2025-06-20T16:11:28.713+0000] {logging_mixin.py:188} INFO - [2025-06-20T16:11:28.713+0000] {dag.py:3954} INFO - Setting next_dagrun for example_python_operator to None, run_after=None
[2025-06-20T16:11:28.728+0000] {processor.py:183} INFO - Processing /home/airflow/.local/lib/python3.12/site-packages/airflow/example_dags/example_python_operator.py took 0.067 seconds
[2025-06-20T16:11:58.944+0000] {processor.py:161} INFO - Started process (PID=1426) to work on /home/airflow/.local/lib/python3.12/site-packages/airflow/example_dags/example_python_operator.py
[2025-06-20T16:11:58.945+0000] {processor.py:830} INFO - Processing file /home/airflow/.local/lib/python3.12/site-packages/airflow/example_dags/example_python_operator.py for tasks to queue
[2025-06-20T16:11:58.947+0000] {logging_mixin.py:188} INFO - [2025-06-20T16:11:58.947+0000] {dagbag.py:540} INFO - Filling up the DagBag from /home/airflow/.local/lib/python3.12/site-packages/airflow/example_dags/example_python_operator.py
[2025-06-20T16:11:58.957+0000] {processor.py:840} INFO - DAG(s) 'example_python_operator' retrieved from /home/airflow/.local/lib/python3.12/site-packages/airflow/example_dags/example_python_operator.py
[2025-06-20T16:11:58.978+0000] {logging_mixin.py:188} INFO - [2025-06-20T16:11:58.978+0000] {dag.py:3096} INFO - Sync 1 DAGs
[2025-06-20T16:11:58.989+0000] {logging_mixin.py:188} INFO - [2025-06-20T16:11:58.989+0000] {dag.py:3954} INFO - Setting next_dagrun for example_python_operator to None, run_after=None
[2025-06-20T16:11:59.005+0000] {processor.py:183} INFO - Processing /home/airflow/.local/lib/python3.12/site-packages/airflow/example_dags/example_python_operator.py took 0.067 seconds
[2025-06-20T16:12:29.152+0000] {processor.py:161} INFO - Started process (PID=1485) to work on /home/airflow/.local/lib/python3.12/site-packages/airflow/example_dags/example_python_operator.py
[2025-06-20T16:12:29.153+0000] {processor.py:830} INFO - Processing file /home/airflow/.local/lib/python3.12/site-packages/airflow/example_dags/example_python_operator.py for tasks to queue
[2025-06-20T16:12:29.154+0000] {logging_mixin.py:188} INFO - [2025-06-20T16:12:29.154+0000] {dagbag.py:540} INFO - Filling up the DagBag from /home/airflow/.local/lib/python3.12/site-packages/airflow/example_dags/example_python_operator.py
[2025-06-20T16:12:29.165+0000] {processor.py:840} INFO - DAG(s) 'example_python_operator' retrieved from /home/airflow/.local/lib/python3.12/site-packages/airflow/example_dags/example_python_operator.py
[2025-06-20T16:12:29.186+0000] {logging_mixin.py:188} INFO - [2025-06-20T16:12:29.185+0000] {dag.py:3096} INFO - Sync 1 DAGs
[2025-06-20T16:12:29.197+0000] {logging_mixin.py:188} INFO - [2025-06-20T16:12:29.197+0000] {dag.py:3954} INFO - Setting next_dagrun for example_python_operator to None, run_after=None
[2025-06-20T16:12:29.213+0000] {processor.py:183} INFO - Processing /home/airflow/.local/lib/python3.12/site-packages/airflow/example_dags/example_python_operator.py took 0.067 seconds
[2025-06-20T16:12:59.250+0000] {processor.py:161} INFO - Started process (PID=1543) to work on /home/airflow/.local/lib/python3.12/site-packages/airflow/example_dags/example_python_operator.py
[2025-06-20T16:12:59.251+0000] {processor.py:830} INFO - Processing file /home/airflow/.local/lib/python3.12/site-packages/airflow/example_dags/example_python_operator.py for tasks to queue
[2025-06-20T16:12:59.253+0000] {logging_mixin.py:188} INFO - [2025-06-20T16:12:59.252+0000] {dagbag.py:540} INFO - Filling up the DagBag from /home/airflow/.local/lib/python3.12/site-packages/airflow/example_dags/example_python_operator.py
[2025-06-20T16:12:59.263+0000] {processor.py:840} INFO - DAG(s) 'example_python_operator' retrieved from /home/airflow/.local/lib/python3.12/site-packages/airflow/example_dags/example_python_operator.py
[2025-06-20T16:12:59.284+0000] {logging_mixin.py:188} INFO - [2025-06-20T16:12:59.283+0000] {dag.py:3096} INFO - Sync 1 DAGs
[2025-06-20T16:12:59.295+0000] {logging_mixin.py:188} INFO - [2025-06-20T16:12:59.295+0000] {dag.py:3954} INFO - Setting next_dagrun for example_python_operator to None, run_after=None
[2025-06-20T16:12:59.310+0000] {processor.py:183} INFO - Processing /home/airflow/.local/lib/python3.12/site-packages/airflow/example_dags/example_python_operator.py took 0.066 seconds
[2025-06-20T16:13:29.680+0000] {processor.py:161} INFO - Started process (PID=1602) to work on /home/airflow/.local/lib/python3.12/site-packages/airflow/example_dags/example_python_operator.py
[2025-06-20T16:13:29.681+0000] {processor.py:830} INFO - Processing file /home/airflow/.local/lib/python3.12/site-packages/airflow/example_dags/example_python_operator.py for tasks to queue
[2025-06-20T16:13:29.683+0000] {logging_mixin.py:188} INFO - [2025-06-20T16:13:29.682+0000] {dagbag.py:540} INFO - Filling up the DagBag from /home/airflow/.local/lib/python3.12/site-packages/airflow/example_dags/example_python_operator.py
[2025-06-20T16:13:29.693+0000] {processor.py:840} INFO - DAG(s) 'example_python_operator' retrieved from /home/airflow/.local/lib/python3.12/site-packages/airflow/example_dags/example_python_operator.py
[2025-06-20T16:13:29.714+0000] {logging_mixin.py:188} INFO - [2025-06-20T16:13:29.714+0000] {dag.py:3096} INFO - Sync 1 DAGs
[2025-06-20T16:13:29.726+0000] {logging_mixin.py:188} INFO - [2025-06-20T16:13:29.725+0000] {dag.py:3954} INFO - Setting next_dagrun for example_python_operator to None, run_after=None
[2025-06-20T16:13:29.742+0000] {processor.py:183} INFO - Processing /home/airflow/.local/lib/python3.12/site-packages/airflow/example_dags/example_python_operator.py took 0.068 seconds
[2025-06-20T16:14:00.094+0000] {processor.py:161} INFO - Started process (PID=1662) to work on /home/airflow/.local/lib/python3.12/site-packages/airflow/example_dags/example_python_operator.py
[2025-06-20T16:14:00.095+0000] {processor.py:830} INFO - Processing file /home/airflow/.local/lib/python3.12/site-packages/airflow/example_dags/example_python_operator.py for tasks to queue
[2025-06-20T16:14:00.097+0000] {logging_mixin.py:188} INFO - [2025-06-20T16:14:00.097+0000] {dagbag.py:540} INFO - Filling up the DagBag from /home/airflow/.local/lib/python3.12/site-packages/airflow/example_dags/example_python_operator.py
[2025-06-20T16:14:00.107+0000] {processor.py:840} INFO - DAG(s) 'example_python_operator' retrieved from /home/airflow/.local/lib/python3.12/site-packages/airflow/example_dags/example_python_operator.py
[2025-06-20T16:14:00.128+0000] {logging_mixin.py:188} INFO - [2025-06-20T16:14:00.128+0000] {dag.py:3096} INFO - Sync 1 DAGs
[2025-06-20T16:14:00.140+0000] {logging_mixin.py:188} INFO - [2025-06-20T16:14:00.140+0000] {dag.py:3954} INFO - Setting next_dagrun for example_python_operator to None, run_after=None
[2025-06-20T16:14:00.156+0000] {processor.py:183} INFO - Processing /home/airflow/.local/lib/python3.12/site-packages/airflow/example_dags/example_python_operator.py took 0.067 seconds
[2025-06-20T16:14:30.393+0000] {processor.py:161} INFO - Started process (PID=1721) to work on /home/airflow/.local/lib/python3.12/site-packages/airflow/example_dags/example_python_operator.py
[2025-06-20T16:14:30.394+0000] {processor.py:830} INFO - Processing file /home/airflow/.local/lib/python3.12/site-packages/airflow/example_dags/example_python_operator.py for tasks to queue
[2025-06-20T16:14:30.396+0000] {logging_mixin.py:188} INFO - [2025-06-20T16:14:30.396+0000] {dagbag.py:540} INFO - Filling up the DagBag from /home/airflow/.local/lib/python3.12/site-packages/airflow/example_dags/example_python_operator.py
[2025-06-20T16:14:30.406+0000] {processor.py:840} INFO - DAG(s) 'example_python_operator' retrieved from /home/airflow/.local/lib/python3.12/site-packages/airflow/example_dags/example_python_operator.py
[2025-06-20T16:14:30.427+0000] {logging_mixin.py:188} INFO - [2025-06-20T16:14:30.427+0000] {dag.py:3096} INFO - Sync 1 DAGs
[2025-06-20T16:14:30.439+0000] {logging_mixin.py:188} INFO - [2025-06-20T16:14:30.439+0000] {dag.py:3954} INFO - Setting next_dagrun for example_python_operator to None, run_after=None
[2025-06-20T16:14:30.455+0000] {processor.py:183} INFO - Processing /home/airflow/.local/lib/python3.12/site-packages/airflow/example_dags/example_python_operator.py took 0.068 seconds
[2025-06-20T16:15:00.839+0000] {processor.py:161} INFO - Started process (PID=1780) to work on /home/airflow/.local/lib/python3.12/site-packages/airflow/example_dags/example_python_operator.py
[2025-06-20T16:15:00.840+0000] {processor.py:830} INFO - Processing file /home/airflow/.local/lib/python3.12/site-packages/airflow/example_dags/example_python_operator.py for tasks to queue
[2025-06-20T16:15:00.842+0000] {logging_mixin.py:188} INFO - [2025-06-20T16:15:00.842+0000] {dagbag.py:540} INFO - Filling up the DagBag from /home/airflow/.local/lib/python3.12/site-packages/airflow/example_dags/example_python_operator.py
[2025-06-20T16:15:00.853+0000] {processor.py:840} INFO - DAG(s) 'example_python_operator' retrieved from /home/airflow/.local/lib/python3.12/site-packages/airflow/example_dags/example_python_operator.py
[2025-06-20T16:15:00.875+0000] {logging_mixin.py:188} INFO - [2025-06-20T16:15:00.875+0000] {dag.py:3096} INFO - Sync 1 DAGs
[2025-06-20T16:15:00.888+0000] {logging_mixin.py:188} INFO - [2025-06-20T16:15:00.888+0000] {dag.py:3954} INFO - Setting next_dagrun for example_python_operator to None, run_after=None
[2025-06-20T16:15:00.906+0000] {processor.py:183} INFO - Processing /home/airflow/.local/lib/python3.12/site-packages/airflow/example_dags/example_python_operator.py took 0.073 seconds
[2025-06-20T16:15:31.608+0000] {processor.py:161} INFO - Started process (PID=1837) to work on /home/airflow/.local/lib/python3.12/site-packages/airflow/example_dags/example_python_operator.py
[2025-06-20T16:15:31.609+0000] {processor.py:830} INFO - Processing file /home/airflow/.local/lib/python3.12/site-packages/airflow/example_dags/example_python_operator.py for tasks to queue
[2025-06-20T16:15:31.611+0000] {logging_mixin.py:188} INFO - [2025-06-20T16:15:31.611+0000] {dagbag.py:540} INFO - Filling up the DagBag from /home/airflow/.local/lib/python3.12/site-packages/airflow/example_dags/example_python_operator.py
[2025-06-20T16:15:31.621+0000] {processor.py:840} INFO - DAG(s) 'example_python_operator' retrieved from /home/airflow/.local/lib/python3.12/site-packages/airflow/example_dags/example_python_operator.py
[2025-06-20T16:15:31.643+0000] {logging_mixin.py:188} INFO - [2025-06-20T16:15:31.643+0000] {dag.py:3096} INFO - Sync 1 DAGs
[2025-06-20T16:15:31.654+0000] {logging_mixin.py:188} INFO - [2025-06-20T16:15:31.654+0000] {dag.py:3954} INFO - Setting next_dagrun for example_python_operator to None, run_after=None
[2025-06-20T16:15:31.670+0000] {processor.py:183} INFO - Processing /home/airflow/.local/lib/python3.12/site-packages/airflow/example_dags/example_python_operator.py took 0.067 seconds
[2025-06-20T16:16:02.022+0000] {processor.py:161} INFO - Started process (PID=1896) to work on /home/airflow/.local/lib/python3.12/site-packages/airflow/example_dags/example_python_operator.py
[2025-06-20T16:16:02.023+0000] {processor.py:830} INFO - Processing file /home/airflow/.local/lib/python3.12/site-packages/airflow/example_dags/example_python_operator.py for tasks to queue
[2025-06-20T16:16:02.025+0000] {logging_mixin.py:188} INFO - [2025-06-20T16:16:02.025+0000] {dagbag.py:540} INFO - Filling up the DagBag from /home/airflow/.local/lib/python3.12/site-packages/airflow/example_dags/example_python_operator.py
[2025-06-20T16:16:02.038+0000] {processor.py:840} INFO - DAG(s) 'example_python_operator' retrieved from /home/airflow/.local/lib/python3.12/site-packages/airflow/example_dags/example_python_operator.py
[2025-06-20T16:16:02.059+0000] {logging_mixin.py:188} INFO - [2025-06-20T16:16:02.059+0000] {dag.py:3096} INFO - Sync 1 DAGs
[2025-06-20T16:16:02.071+0000] {logging_mixin.py:188} INFO - [2025-06-20T16:16:02.070+0000] {dag.py:3954} INFO - Setting next_dagrun for example_python_operator to None, run_after=None
[2025-06-20T16:16:02.086+0000] {processor.py:183} INFO - Processing /home/airflow/.local/lib/python3.12/site-packages/airflow/example_dags/example_python_operator.py took 0.070 seconds
[2025-06-20T16:16:32.556+0000] {processor.py:161} INFO - Started process (PID=1955) to work on /home/airflow/.local/lib/python3.12/site-packages/airflow/example_dags/example_python_operator.py
[2025-06-20T16:16:32.557+0000] {processor.py:830} INFO - Processing file /home/airflow/.local/lib/python3.12/site-packages/airflow/example_dags/example_python_operator.py for tasks to queue
[2025-06-20T16:16:32.559+0000] {logging_mixin.py:188} INFO - [2025-06-20T16:16:32.559+0000] {dagbag.py:540} INFO - Filling up the DagBag from /home/airflow/.local/lib/python3.12/site-packages/airflow/example_dags/example_python_operator.py
[2025-06-20T16:16:32.569+0000] {processor.py:840} INFO - DAG(s) 'example_python_operator' retrieved from /home/airflow/.local/lib/python3.12/site-packages/airflow/example_dags/example_python_operator.py
[2025-06-20T16:16:32.590+0000] {logging_mixin.py:188} INFO - [2025-06-20T16:16:32.590+0000] {dag.py:3096} INFO - Sync 1 DAGs
[2025-06-20T16:16:32.602+0000] {logging_mixin.py:188} INFO - [2025-06-20T16:16:32.602+0000] {dag.py:3954} INFO - Setting next_dagrun for example_python_operator to None, run_after=None
[2025-06-20T16:16:32.617+0000] {processor.py:183} INFO - Processing /home/airflow/.local/lib/python3.12/site-packages/airflow/example_dags/example_python_operator.py took 0.067 seconds
[2025-06-20T16:17:02.959+0000] {processor.py:161} INFO - Started process (PID=2015) to work on /home/airflow/.local/lib/python3.12/site-packages/airflow/example_dags/example_python_operator.py
[2025-06-20T16:17:02.960+0000] {processor.py:830} INFO - Processing file /home/airflow/.local/lib/python3.12/site-packages/airflow/example_dags/example_python_operator.py for tasks to queue
[2025-06-20T16:17:02.962+0000] {logging_mixin.py:188} INFO - [2025-06-20T16:17:02.961+0000] {dagbag.py:540} INFO - Filling up the DagBag from /home/airflow/.local/lib/python3.12/site-packages/airflow/example_dags/example_python_operator.py
[2025-06-20T16:17:02.972+0000] {processor.py:840} INFO - DAG(s) 'example_python_operator' retrieved from /home/airflow/.local/lib/python3.12/site-packages/airflow/example_dags/example_python_operator.py
[2025-06-20T16:17:02.993+0000] {logging_mixin.py:188} INFO - [2025-06-20T16:17:02.993+0000] {dag.py:3096} INFO - Sync 1 DAGs
[2025-06-20T16:17:03.004+0000] {logging_mixin.py:188} INFO - [2025-06-20T16:17:03.004+0000] {dag.py:3954} INFO - Setting next_dagrun for example_python_operator to None, run_after=None
[2025-06-20T16:17:03.020+0000] {processor.py:183} INFO - Processing /home/airflow/.local/lib/python3.12/site-packages/airflow/example_dags/example_python_operator.py took 0.067 seconds
[2025-06-20T16:17:33.319+0000] {processor.py:161} INFO - Started process (PID=2074) to work on /home/airflow/.local/lib/python3.12/site-packages/airflow/example_dags/example_python_operator.py
[2025-06-20T16:17:33.319+0000] {processor.py:830} INFO - Processing file /home/airflow/.local/lib/python3.12/site-packages/airflow/example_dags/example_python_operator.py for tasks to queue
[2025-06-20T16:17:33.322+0000] {logging_mixin.py:188} INFO - [2025-06-20T16:17:33.321+0000] {dagbag.py:540} INFO - Filling up the DagBag from /home/airflow/.local/lib/python3.12/site-packages/airflow/example_dags/example_python_operator.py
[2025-06-20T16:17:33.332+0000] {processor.py:840} INFO - DAG(s) 'example_python_operator' retrieved from /home/airflow/.local/lib/python3.12/site-packages/airflow/example_dags/example_python_operator.py
[2025-06-20T16:17:33.353+0000] {logging_mixin.py:188} INFO - [2025-06-20T16:17:33.353+0000] {dag.py:3096} INFO - Sync 1 DAGs
[2025-06-20T16:17:33.364+0000] {logging_mixin.py:188} INFO - [2025-06-20T16:17:33.364+0000] {dag.py:3954} INFO - Setting next_dagrun for example_python_operator to None, run_after=None
[2025-06-20T16:17:33.380+0000] {processor.py:183} INFO - Processing /home/airflow/.local/lib/python3.12/site-packages/airflow/example_dags/example_python_operator.py took 0.067 seconds
[2025-06-20T16:18:03.551+0000] {processor.py:161} INFO - Started process (PID=2133) to work on /home/airflow/.local/lib/python3.12/site-packages/airflow/example_dags/example_python_operator.py
[2025-06-20T16:18:03.552+0000] {processor.py:830} INFO - Processing file /home/airflow/.local/lib/python3.12/site-packages/airflow/example_dags/example_python_operator.py for tasks to queue
[2025-06-20T16:18:03.554+0000] {logging_mixin.py:188} INFO - [2025-06-20T16:18:03.554+0000] {dagbag.py:540} INFO - Filling up the DagBag from /home/airflow/.local/lib/python3.12/site-packages/airflow/example_dags/example_python_operator.py
[2025-06-20T16:18:03.564+0000] {processor.py:840} INFO - DAG(s) 'example_python_operator' retrieved from /home/airflow/.local/lib/python3.12/site-packages/airflow/example_dags/example_python_operator.py
[2025-06-20T16:18:03.585+0000] {logging_mixin.py:188} INFO - [2025-06-20T16:18:03.585+0000] {dag.py:3096} INFO - Sync 1 DAGs
[2025-06-20T16:18:03.597+0000] {logging_mixin.py:188} INFO - [2025-06-20T16:18:03.597+0000] {dag.py:3954} INFO - Setting next_dagrun for example_python_operator to None, run_after=None
[2025-06-20T16:18:03.612+0000] {processor.py:183} INFO - Processing /home/airflow/.local/lib/python3.12/site-packages/airflow/example_dags/example_python_operator.py took 0.067 seconds
[2025-06-20T16:18:33.773+0000] {processor.py:161} INFO - Started process (PID=2192) to work on /home/airflow/.local/lib/python3.12/site-packages/airflow/example_dags/example_python_operator.py
[2025-06-20T16:18:33.774+0000] {processor.py:830} INFO - Processing file /home/airflow/.local/lib/python3.12/site-packages/airflow/example_dags/example_python_operator.py for tasks to queue
[2025-06-20T16:18:33.776+0000] {logging_mixin.py:188} INFO - [2025-06-20T16:18:33.775+0000] {dagbag.py:540} INFO - Filling up the DagBag from /home/airflow/.local/lib/python3.12/site-packages/airflow/example_dags/example_python_operator.py
[2025-06-20T16:18:33.787+0000] {processor.py:840} INFO - DAG(s) 'example_python_operator' retrieved from /home/airflow/.local/lib/python3.12/site-packages/airflow/example_dags/example_python_operator.py
[2025-06-20T16:18:33.819+0000] {logging_mixin.py:188} INFO - [2025-06-20T16:18:33.818+0000] {dag.py:3096} INFO - Sync 1 DAGs
[2025-06-20T16:18:33.832+0000] {logging_mixin.py:188} INFO - [2025-06-20T16:18:33.832+0000] {dag.py:3954} INFO - Setting next_dagrun for example_python_operator to None, run_after=None
[2025-06-20T16:18:33.849+0000] {processor.py:183} INFO - Processing /home/airflow/.local/lib/python3.12/site-packages/airflow/example_dags/example_python_operator.py took 0.082 seconds
[2025-06-20T16:19:04.437+0000] {processor.py:161} INFO - Started process (PID=2251) to work on /home/airflow/.local/lib/python3.12/site-packages/airflow/example_dags/example_python_operator.py
[2025-06-20T16:19:04.438+0000] {processor.py:830} INFO - Processing file /home/airflow/.local/lib/python3.12/site-packages/airflow/example_dags/example_python_operator.py for tasks to queue
[2025-06-20T16:19:04.440+0000] {logging_mixin.py:188} INFO - [2025-06-20T16:19:04.439+0000] {dagbag.py:540} INFO - Filling up the DagBag from /home/airflow/.local/lib/python3.12/site-packages/airflow/example_dags/example_python_operator.py
[2025-06-20T16:19:04.450+0000] {processor.py:840} INFO - DAG(s) 'example_python_operator' retrieved from /home/airflow/.local/lib/python3.12/site-packages/airflow/example_dags/example_python_operator.py
[2025-06-20T16:19:04.471+0000] {logging_mixin.py:188} INFO - [2025-06-20T16:19:04.471+0000] {dag.py:3096} INFO - Sync 1 DAGs
[2025-06-20T16:19:04.483+0000] {logging_mixin.py:188} INFO - [2025-06-20T16:19:04.483+0000] {dag.py:3954} INFO - Setting next_dagrun for example_python_operator to None, run_after=None
[2025-06-20T16:19:04.499+0000] {processor.py:183} INFO - Processing /home/airflow/.local/lib/python3.12/site-packages/airflow/example_dags/example_python_operator.py took 0.069 seconds
[2025-06-20T16:19:35.351+0000] {processor.py:161} INFO - Started process (PID=2310) to work on /home/airflow/.local/lib/python3.12/site-packages/airflow/example_dags/example_python_operator.py
[2025-06-20T16:19:35.352+0000] {processor.py:830} INFO - Processing file /home/airflow/.local/lib/python3.12/site-packages/airflow/example_dags/example_python_operator.py for tasks to queue
[2025-06-20T16:19:35.354+0000] {logging_mixin.py:188} INFO - [2025-06-20T16:19:35.354+0000] {dagbag.py:540} INFO - Filling up the DagBag from /home/airflow/.local/lib/python3.12/site-packages/airflow/example_dags/example_python_operator.py
[2025-06-20T16:19:35.364+0000] {processor.py:840} INFO - DAG(s) 'example_python_operator' retrieved from /home/airflow/.local/lib/python3.12/site-packages/airflow/example_dags/example_python_operator.py
[2025-06-20T16:19:35.386+0000] {logging_mixin.py:188} INFO - [2025-06-20T16:19:35.386+0000] {dag.py:3096} INFO - Sync 1 DAGs
[2025-06-20T16:19:35.513+0000] {logging_mixin.py:188} INFO - [2025-06-20T16:19:35.513+0000] {dag.py:3954} INFO - Setting next_dagrun for example_python_operator to None, run_after=None
[2025-06-20T16:19:35.527+0000] {processor.py:183} INFO - Processing /home/airflow/.local/lib/python3.12/site-packages/airflow/example_dags/example_python_operator.py took 0.182 seconds
[2025-06-20T16:20:06.259+0000] {processor.py:161} INFO - Started process (PID=2369) to work on /home/airflow/.local/lib/python3.12/site-packages/airflow/example_dags/example_python_operator.py
[2025-06-20T16:20:06.260+0000] {processor.py:830} INFO - Processing file /home/airflow/.local/lib/python3.12/site-packages/airflow/example_dags/example_python_operator.py for tasks to queue
[2025-06-20T16:20:06.262+0000] {logging_mixin.py:188} INFO - [2025-06-20T16:20:06.262+0000] {dagbag.py:540} INFO - Filling up the DagBag from /home/airflow/.local/lib/python3.12/site-packages/airflow/example_dags/example_python_operator.py
[2025-06-20T16:20:06.274+0000] {processor.py:840} INFO - DAG(s) 'example_python_operator' retrieved from /home/airflow/.local/lib/python3.12/site-packages/airflow/example_dags/example_python_operator.py
[2025-06-20T16:20:06.296+0000] {logging_mixin.py:188} INFO - [2025-06-20T16:20:06.296+0000] {dag.py:3096} INFO - Sync 1 DAGs
[2025-06-20T16:20:06.309+0000] {logging_mixin.py:188} INFO - [2025-06-20T16:20:06.308+0000] {dag.py:3954} INFO - Setting next_dagrun for example_python_operator to None, run_after=None
[2025-06-20T16:20:06.325+0000] {processor.py:183} INFO - Processing /home/airflow/.local/lib/python3.12/site-packages/airflow/example_dags/example_python_operator.py took 0.072 seconds
[2025-06-20T16:20:36.968+0000] {processor.py:161} INFO - Started process (PID=2428) to work on /home/airflow/.local/lib/python3.12/site-packages/airflow/example_dags/example_python_operator.py
[2025-06-20T16:20:36.969+0000] {processor.py:830} INFO - Processing file /home/airflow/.local/lib/python3.12/site-packages/airflow/example_dags/example_python_operator.py for tasks to queue
[2025-06-20T16:20:36.971+0000] {logging_mixin.py:188} INFO - [2025-06-20T16:20:36.971+0000] {dagbag.py:540} INFO - Filling up the DagBag from /home/airflow/.local/lib/python3.12/site-packages/airflow/example_dags/example_python_operator.py
[2025-06-20T16:20:36.982+0000] {processor.py:840} INFO - DAG(s) 'example_python_operator' retrieved from /home/airflow/.local/lib/python3.12/site-packages/airflow/example_dags/example_python_operator.py
[2025-06-20T16:20:37.004+0000] {logging_mixin.py:188} INFO - [2025-06-20T16:20:37.003+0000] {dag.py:3096} INFO - Sync 1 DAGs
[2025-06-20T16:20:37.015+0000] {logging_mixin.py:188} INFO - [2025-06-20T16:20:37.015+0000] {dag.py:3954} INFO - Setting next_dagrun for example_python_operator to None, run_after=None
[2025-06-20T16:20:37.031+0000] {processor.py:183} INFO - Processing /home/airflow/.local/lib/python3.12/site-packages/airflow/example_dags/example_python_operator.py took 0.069 seconds
[2025-06-20T16:21:07.169+0000] {processor.py:161} INFO - Started process (PID=2487) to work on /home/airflow/.local/lib/python3.12/site-packages/airflow/example_dags/example_python_operator.py
[2025-06-20T16:21:07.170+0000] {processor.py:830} INFO - Processing file /home/airflow/.local/lib/python3.12/site-packages/airflow/example_dags/example_python_operator.py for tasks to queue
[2025-06-20T16:21:07.172+0000] {logging_mixin.py:188} INFO - [2025-06-20T16:21:07.172+0000] {dagbag.py:540} INFO - Filling up the DagBag from /home/airflow/.local/lib/python3.12/site-packages/airflow/example_dags/example_python_operator.py
[2025-06-20T16:21:07.183+0000] {processor.py:840} INFO - DAG(s) 'example_python_operator' retrieved from /home/airflow/.local/lib/python3.12/site-packages/airflow/example_dags/example_python_operator.py
[2025-06-20T16:21:07.204+0000] {logging_mixin.py:188} INFO - [2025-06-20T16:21:07.204+0000] {dag.py:3096} INFO - Sync 1 DAGs
[2025-06-20T16:21:07.216+0000] {logging_mixin.py:188} INFO - [2025-06-20T16:21:07.216+0000] {dag.py:3954} INFO - Setting next_dagrun for example_python_operator to None, run_after=None
[2025-06-20T16:21:07.232+0000] {processor.py:183} INFO - Processing /home/airflow/.local/lib/python3.12/site-packages/airflow/example_dags/example_python_operator.py took 0.069 seconds
[2025-06-20T16:21:37.489+0000] {processor.py:161} INFO - Started process (PID=2547) to work on /home/airflow/.local/lib/python3.12/site-packages/airflow/example_dags/example_python_operator.py
[2025-06-20T16:21:37.490+0000] {processor.py:830} INFO - Processing file /home/airflow/.local/lib/python3.12/site-packages/airflow/example_dags/example_python_operator.py for tasks to queue
[2025-06-20T16:21:37.492+0000] {logging_mixin.py:188} INFO - [2025-06-20T16:21:37.492+0000] {dagbag.py:540} INFO - Filling up the DagBag from /home/airflow/.local/lib/python3.12/site-packages/airflow/example_dags/example_python_operator.py
[2025-06-20T16:21:37.503+0000] {processor.py:840} INFO - DAG(s) 'example_python_operator' retrieved from /home/airflow/.local/lib/python3.12/site-packages/airflow/example_dags/example_python_operator.py
[2025-06-20T16:21:37.524+0000] {logging_mixin.py:188} INFO - [2025-06-20T16:21:37.524+0000] {dag.py:3096} INFO - Sync 1 DAGs
[2025-06-20T16:21:37.537+0000] {logging_mixin.py:188} INFO - [2025-06-20T16:21:37.536+0000] {dag.py:3954} INFO - Setting next_dagrun for example_python_operator to None, run_after=None
[2025-06-20T16:21:37.553+0000] {processor.py:183} INFO - Processing /home/airflow/.local/lib/python3.12/site-packages/airflow/example_dags/example_python_operator.py took 0.071 seconds
[2025-06-20T16:22:07.650+0000] {processor.py:161} INFO - Started process (PID=2606) to work on /home/airflow/.local/lib/python3.12/site-packages/airflow/example_dags/example_python_operator.py
[2025-06-20T16:22:07.651+0000] {processor.py:830} INFO - Processing file /home/airflow/.local/lib/python3.12/site-packages/airflow/example_dags/example_python_operator.py for tasks to queue
[2025-06-20T16:22:07.652+0000] {logging_mixin.py:188} INFO - [2025-06-20T16:22:07.652+0000] {dagbag.py:540} INFO - Filling up the DagBag from /home/airflow/.local/lib/python3.12/site-packages/airflow/example_dags/example_python_operator.py
[2025-06-20T16:22:07.663+0000] {processor.py:840} INFO - DAG(s) 'example_python_operator' retrieved from /home/airflow/.local/lib/python3.12/site-packages/airflow/example_dags/example_python_operator.py
[2025-06-20T16:22:07.684+0000] {logging_mixin.py:188} INFO - [2025-06-20T16:22:07.684+0000] {dag.py:3096} INFO - Sync 1 DAGs
[2025-06-20T16:22:07.696+0000] {logging_mixin.py:188} INFO - [2025-06-20T16:22:07.696+0000] {dag.py:3954} INFO - Setting next_dagrun for example_python_operator to None, run_after=None
[2025-06-20T16:22:07.712+0000] {processor.py:183} INFO - Processing /home/airflow/.local/lib/python3.12/site-packages/airflow/example_dags/example_python_operator.py took 0.069 seconds
[2025-06-20T16:22:37.877+0000] {processor.py:161} INFO - Started process (PID=2665) to work on /home/airflow/.local/lib/python3.12/site-packages/airflow/example_dags/example_python_operator.py
[2025-06-20T16:22:37.878+0000] {processor.py:830} INFO - Processing file /home/airflow/.local/lib/python3.12/site-packages/airflow/example_dags/example_python_operator.py for tasks to queue
[2025-06-20T16:22:37.880+0000] {logging_mixin.py:188} INFO - [2025-06-20T16:22:37.879+0000] {dagbag.py:540} INFO - Filling up the DagBag from /home/airflow/.local/lib/python3.12/site-packages/airflow/example_dags/example_python_operator.py
[2025-06-20T16:22:37.891+0000] {processor.py:840} INFO - DAG(s) 'example_python_operator' retrieved from /home/airflow/.local/lib/python3.12/site-packages/airflow/example_dags/example_python_operator.py
[2025-06-20T16:22:37.912+0000] {logging_mixin.py:188} INFO - [2025-06-20T16:22:37.912+0000] {dag.py:3096} INFO - Sync 1 DAGs
[2025-06-20T16:22:37.925+0000] {logging_mixin.py:188} INFO - [2025-06-20T16:22:37.925+0000] {dag.py:3954} INFO - Setting next_dagrun for example_python_operator to None, run_after=None
[2025-06-20T16:22:37.941+0000] {processor.py:183} INFO - Processing /home/airflow/.local/lib/python3.12/site-packages/airflow/example_dags/example_python_operator.py took 0.071 seconds
[2025-06-20T16:23:08.023+0000] {processor.py:161} INFO - Started process (PID=2724) to work on /home/airflow/.local/lib/python3.12/site-packages/airflow/example_dags/example_python_operator.py
[2025-06-20T16:23:08.024+0000] {processor.py:830} INFO - Processing file /home/airflow/.local/lib/python3.12/site-packages/airflow/example_dags/example_python_operator.py for tasks to queue
[2025-06-20T16:23:08.026+0000] {logging_mixin.py:188} INFO - [2025-06-20T16:23:08.025+0000] {dagbag.py:540} INFO - Filling up the DagBag from /home/airflow/.local/lib/python3.12/site-packages/airflow/example_dags/example_python_operator.py
[2025-06-20T16:23:08.036+0000] {processor.py:840} INFO - DAG(s) 'example_python_operator' retrieved from /home/airflow/.local/lib/python3.12/site-packages/airflow/example_dags/example_python_operator.py
[2025-06-20T16:23:08.058+0000] {logging_mixin.py:188} INFO - [2025-06-20T16:23:08.057+0000] {dag.py:3096} INFO - Sync 1 DAGs
[2025-06-20T16:23:08.070+0000] {logging_mixin.py:188} INFO - [2025-06-20T16:23:08.070+0000] {dag.py:3954} INFO - Setting next_dagrun for example_python_operator to None, run_after=None
[2025-06-20T16:23:08.087+0000] {processor.py:183} INFO - Processing /home/airflow/.local/lib/python3.12/site-packages/airflow/example_dags/example_python_operator.py took 0.072 seconds
[2025-06-20T16:23:38.176+0000] {processor.py:161} INFO - Started process (PID=2783) to work on /home/airflow/.local/lib/python3.12/site-packages/airflow/example_dags/example_python_operator.py
[2025-06-20T16:23:38.178+0000] {processor.py:830} INFO - Processing file /home/airflow/.local/lib/python3.12/site-packages/airflow/example_dags/example_python_operator.py for tasks to queue
[2025-06-20T16:23:38.180+0000] {logging_mixin.py:188} INFO - [2025-06-20T16:23:38.180+0000] {dagbag.py:540} INFO - Filling up the DagBag from /home/airflow/.local/lib/python3.12/site-packages/airflow/example_dags/example_python_operator.py
[2025-06-20T16:23:38.194+0000] {processor.py:840} INFO - DAG(s) 'example_python_operator' retrieved from /home/airflow/.local/lib/python3.12/site-packages/airflow/example_dags/example_python_operator.py
[2025-06-20T16:23:38.220+0000] {logging_mixin.py:188} INFO - [2025-06-20T16:23:38.220+0000] {dag.py:3096} INFO - Sync 1 DAGs
[2025-06-20T16:23:38.237+0000] {logging_mixin.py:188} INFO - [2025-06-20T16:23:38.237+0000] {dag.py:3954} INFO - Setting next_dagrun for example_python_operator to None, run_after=None
[2025-06-20T16:23:38.255+0000] {processor.py:183} INFO - Processing /home/airflow/.local/lib/python3.12/site-packages/airflow/example_dags/example_python_operator.py took 0.088 seconds
[2025-06-20T16:24:23.750+0000] {processor.py:161} INFO - Started process (PID=62) to work on /home/airflow/.local/lib/python3.12/site-packages/airflow/example_dags/example_python_operator.py
[2025-06-20T16:24:23.751+0000] {processor.py:830} INFO - Processing file /home/airflow/.local/lib/python3.12/site-packages/airflow/example_dags/example_python_operator.py for tasks to queue
[2025-06-20T16:24:23.753+0000] {logging_mixin.py:188} INFO - [2025-06-20T16:24:23.753+0000] {dagbag.py:540} INFO - Filling up the DagBag from /home/airflow/.local/lib/python3.12/site-packages/airflow/example_dags/example_python_operator.py
[2025-06-20T16:24:23.775+0000] {processor.py:840} INFO - DAG(s) 'example_python_operator' retrieved from /home/airflow/.local/lib/python3.12/site-packages/airflow/example_dags/example_python_operator.py
[2025-06-20T16:24:23.791+0000] {logging_mixin.py:188} INFO - [2025-06-20T16:24:23.790+0000] {dag.py:3096} INFO - Sync 1 DAGs
[2025-06-20T16:24:23.805+0000] {logging_mixin.py:188} INFO - [2025-06-20T16:24:23.805+0000] {dag.py:3954} INFO - Setting next_dagrun for example_python_operator to None, run_after=None
[2025-06-20T16:24:23.827+0000] {processor.py:183} INFO - Processing /home/airflow/.local/lib/python3.12/site-packages/airflow/example_dags/example_python_operator.py took 0.085 seconds
[2025-06-20T16:24:54.471+0000] {processor.py:161} INFO - Started process (PID=121) to work on /home/airflow/.local/lib/python3.12/site-packages/airflow/example_dags/example_python_operator.py
[2025-06-20T16:24:54.472+0000] {processor.py:830} INFO - Processing file /home/airflow/.local/lib/python3.12/site-packages/airflow/example_dags/example_python_operator.py for tasks to queue
[2025-06-20T16:24:54.474+0000] {logging_mixin.py:188} INFO - [2025-06-20T16:24:54.474+0000] {dagbag.py:540} INFO - Filling up the DagBag from /home/airflow/.local/lib/python3.12/site-packages/airflow/example_dags/example_python_operator.py
[2025-06-20T16:24:54.485+0000] {processor.py:840} INFO - DAG(s) 'example_python_operator' retrieved from /home/airflow/.local/lib/python3.12/site-packages/airflow/example_dags/example_python_operator.py
[2025-06-20T16:24:54.597+0000] {logging_mixin.py:188} INFO - [2025-06-20T16:24:54.596+0000] {dag.py:3096} INFO - Sync 1 DAGs
[2025-06-20T16:24:54.608+0000] {logging_mixin.py:188} INFO - [2025-06-20T16:24:54.608+0000] {dag.py:3954} INFO - Setting next_dagrun for example_python_operator to None, run_after=None
[2025-06-20T16:24:54.624+0000] {processor.py:183} INFO - Processing /home/airflow/.local/lib/python3.12/site-packages/airflow/example_dags/example_python_operator.py took 0.159 seconds
[2025-06-20T16:25:24.960+0000] {processor.py:161} INFO - Started process (PID=180) to work on /home/airflow/.local/lib/python3.12/site-packages/airflow/example_dags/example_python_operator.py
[2025-06-20T16:25:24.961+0000] {processor.py:830} INFO - Processing file /home/airflow/.local/lib/python3.12/site-packages/airflow/example_dags/example_python_operator.py for tasks to queue
[2025-06-20T16:25:24.963+0000] {logging_mixin.py:188} INFO - [2025-06-20T16:25:24.963+0000] {dagbag.py:540} INFO - Filling up the DagBag from /home/airflow/.local/lib/python3.12/site-packages/airflow/example_dags/example_python_operator.py
[2025-06-20T16:25:24.975+0000] {processor.py:840} INFO - DAG(s) 'example_python_operator' retrieved from /home/airflow/.local/lib/python3.12/site-packages/airflow/example_dags/example_python_operator.py
[2025-06-20T16:25:24.998+0000] {logging_mixin.py:188} INFO - [2025-06-20T16:25:24.998+0000] {dag.py:3096} INFO - Sync 1 DAGs
[2025-06-20T16:25:25.010+0000] {logging_mixin.py:188} INFO - [2025-06-20T16:25:25.009+0000] {dag.py:3954} INFO - Setting next_dagrun for example_python_operator to None, run_after=None
[2025-06-20T16:25:25.026+0000] {processor.py:183} INFO - Processing /home/airflow/.local/lib/python3.12/site-packages/airflow/example_dags/example_python_operator.py took 0.073 seconds
[2025-06-20T16:25:55.091+0000] {processor.py:161} INFO - Started process (PID=239) to work on /home/airflow/.local/lib/python3.12/site-packages/airflow/example_dags/example_python_operator.py
[2025-06-20T16:25:55.092+0000] {processor.py:830} INFO - Processing file /home/airflow/.local/lib/python3.12/site-packages/airflow/example_dags/example_python_operator.py for tasks to queue
[2025-06-20T16:25:55.094+0000] {logging_mixin.py:188} INFO - [2025-06-20T16:25:55.094+0000] {dagbag.py:540} INFO - Filling up the DagBag from /home/airflow/.local/lib/python3.12/site-packages/airflow/example_dags/example_python_operator.py
[2025-06-20T16:25:55.105+0000] {processor.py:840} INFO - DAG(s) 'example_python_operator' retrieved from /home/airflow/.local/lib/python3.12/site-packages/airflow/example_dags/example_python_operator.py
[2025-06-20T16:25:55.127+0000] {logging_mixin.py:188} INFO - [2025-06-20T16:25:55.126+0000] {dag.py:3096} INFO - Sync 1 DAGs
[2025-06-20T16:25:55.138+0000] {logging_mixin.py:188} INFO - [2025-06-20T16:25:55.138+0000] {dag.py:3954} INFO - Setting next_dagrun for example_python_operator to None, run_after=None
[2025-06-20T16:25:55.154+0000] {processor.py:183} INFO - Processing /home/airflow/.local/lib/python3.12/site-packages/airflow/example_dags/example_python_operator.py took 0.069 seconds
[2025-06-20T16:26:25.418+0000] {processor.py:161} INFO - Started process (PID=298) to work on /home/airflow/.local/lib/python3.12/site-packages/airflow/example_dags/example_python_operator.py
[2025-06-20T16:26:25.419+0000] {processor.py:830} INFO - Processing file /home/airflow/.local/lib/python3.12/site-packages/airflow/example_dags/example_python_operator.py for tasks to queue
[2025-06-20T16:26:25.420+0000] {logging_mixin.py:188} INFO - [2025-06-20T16:26:25.420+0000] {dagbag.py:540} INFO - Filling up the DagBag from /home/airflow/.local/lib/python3.12/site-packages/airflow/example_dags/example_python_operator.py
[2025-06-20T16:26:25.430+0000] {processor.py:840} INFO - DAG(s) 'example_python_operator' retrieved from /home/airflow/.local/lib/python3.12/site-packages/airflow/example_dags/example_python_operator.py
[2025-06-20T16:26:25.452+0000] {logging_mixin.py:188} INFO - [2025-06-20T16:26:25.452+0000] {dag.py:3096} INFO - Sync 1 DAGs
[2025-06-20T16:26:25.464+0000] {logging_mixin.py:188} INFO - [2025-06-20T16:26:25.464+0000] {dag.py:3954} INFO - Setting next_dagrun for example_python_operator to None, run_after=None
[2025-06-20T16:26:25.480+0000] {processor.py:183} INFO - Processing /home/airflow/.local/lib/python3.12/site-packages/airflow/example_dags/example_python_operator.py took 0.068 seconds
[2025-06-20T16:26:55.727+0000] {processor.py:161} INFO - Started process (PID=357) to work on /home/airflow/.local/lib/python3.12/site-packages/airflow/example_dags/example_python_operator.py
[2025-06-20T16:26:55.728+0000] {processor.py:830} INFO - Processing file /home/airflow/.local/lib/python3.12/site-packages/airflow/example_dags/example_python_operator.py for tasks to queue
[2025-06-20T16:26:55.730+0000] {logging_mixin.py:188} INFO - [2025-06-20T16:26:55.730+0000] {dagbag.py:540} INFO - Filling up the DagBag from /home/airflow/.local/lib/python3.12/site-packages/airflow/example_dags/example_python_operator.py
[2025-06-20T16:26:55.741+0000] {processor.py:840} INFO - DAG(s) 'example_python_operator' retrieved from /home/airflow/.local/lib/python3.12/site-packages/airflow/example_dags/example_python_operator.py
[2025-06-20T16:26:55.762+0000] {logging_mixin.py:188} INFO - [2025-06-20T16:26:55.762+0000] {dag.py:3096} INFO - Sync 1 DAGs
[2025-06-20T16:26:55.775+0000] {logging_mixin.py:188} INFO - [2025-06-20T16:26:55.775+0000] {dag.py:3954} INFO - Setting next_dagrun for example_python_operator to None, run_after=None
[2025-06-20T16:26:55.791+0000] {processor.py:183} INFO - Processing /home/airflow/.local/lib/python3.12/site-packages/airflow/example_dags/example_python_operator.py took 0.070 seconds
[2025-06-20T16:27:25.901+0000] {processor.py:161} INFO - Started process (PID=416) to work on /home/airflow/.local/lib/python3.12/site-packages/airflow/example_dags/example_python_operator.py
[2025-06-20T16:27:25.902+0000] {processor.py:830} INFO - Processing file /home/airflow/.local/lib/python3.12/site-packages/airflow/example_dags/example_python_operator.py for tasks to queue
[2025-06-20T16:27:25.904+0000] {logging_mixin.py:188} INFO - [2025-06-20T16:27:25.904+0000] {dagbag.py:540} INFO - Filling up the DagBag from /home/airflow/.local/lib/python3.12/site-packages/airflow/example_dags/example_python_operator.py
[2025-06-20T16:27:25.915+0000] {processor.py:840} INFO - DAG(s) 'example_python_operator' retrieved from /home/airflow/.local/lib/python3.12/site-packages/airflow/example_dags/example_python_operator.py
[2025-06-20T16:27:25.938+0000] {logging_mixin.py:188} INFO - [2025-06-20T16:27:25.937+0000] {dag.py:3096} INFO - Sync 1 DAGs
[2025-06-20T16:27:25.949+0000] {logging_mixin.py:188} INFO - [2025-06-20T16:27:25.949+0000] {dag.py:3954} INFO - Setting next_dagrun for example_python_operator to None, run_after=None
[2025-06-20T16:27:25.966+0000] {processor.py:183} INFO - Processing /home/airflow/.local/lib/python3.12/site-packages/airflow/example_dags/example_python_operator.py took 0.072 seconds
[2025-06-20T16:27:56.017+0000] {processor.py:161} INFO - Started process (PID=475) to work on /home/airflow/.local/lib/python3.12/site-packages/airflow/example_dags/example_python_operator.py
[2025-06-20T16:27:56.018+0000] {processor.py:830} INFO - Processing file /home/airflow/.local/lib/python3.12/site-packages/airflow/example_dags/example_python_operator.py for tasks to queue
[2025-06-20T16:27:56.020+0000] {logging_mixin.py:188} INFO - [2025-06-20T16:27:56.020+0000] {dagbag.py:540} INFO - Filling up the DagBag from /home/airflow/.local/lib/python3.12/site-packages/airflow/example_dags/example_python_operator.py
[2025-06-20T16:27:56.030+0000] {processor.py:840} INFO - DAG(s) 'example_python_operator' retrieved from /home/airflow/.local/lib/python3.12/site-packages/airflow/example_dags/example_python_operator.py
[2025-06-20T16:27:56.050+0000] {logging_mixin.py:188} INFO - [2025-06-20T16:27:56.050+0000] {dag.py:3096} INFO - Sync 1 DAGs
[2025-06-20T16:27:56.061+0000] {logging_mixin.py:188} INFO - [2025-06-20T16:27:56.061+0000] {dag.py:3954} INFO - Setting next_dagrun for example_python_operator to None, run_after=None
[2025-06-20T16:27:56.077+0000] {processor.py:183} INFO - Processing /home/airflow/.local/lib/python3.12/site-packages/airflow/example_dags/example_python_operator.py took 0.066 seconds
[2025-06-20T16:28:26.319+0000] {processor.py:161} INFO - Started process (PID=534) to work on /home/airflow/.local/lib/python3.12/site-packages/airflow/example_dags/example_python_operator.py
[2025-06-20T16:28:26.320+0000] {processor.py:830} INFO - Processing file /home/airflow/.local/lib/python3.12/site-packages/airflow/example_dags/example_python_operator.py for tasks to queue
[2025-06-20T16:28:26.322+0000] {logging_mixin.py:188} INFO - [2025-06-20T16:28:26.322+0000] {dagbag.py:540} INFO - Filling up the DagBag from /home/airflow/.local/lib/python3.12/site-packages/airflow/example_dags/example_python_operator.py
[2025-06-20T16:28:26.333+0000] {processor.py:840} INFO - DAG(s) 'example_python_operator' retrieved from /home/airflow/.local/lib/python3.12/site-packages/airflow/example_dags/example_python_operator.py
[2025-06-20T16:28:26.354+0000] {logging_mixin.py:188} INFO - [2025-06-20T16:28:26.354+0000] {dag.py:3096} INFO - Sync 1 DAGs
[2025-06-20T16:28:26.366+0000] {logging_mixin.py:188} INFO - [2025-06-20T16:28:26.366+0000] {dag.py:3954} INFO - Setting next_dagrun for example_python_operator to None, run_after=None
[2025-06-20T16:28:26.382+0000] {processor.py:183} INFO - Processing /home/airflow/.local/lib/python3.12/site-packages/airflow/example_dags/example_python_operator.py took 0.069 seconds
[2025-06-20T16:28:56.564+0000] {processor.py:161} INFO - Started process (PID=593) to work on /home/airflow/.local/lib/python3.12/site-packages/airflow/example_dags/example_python_operator.py
[2025-06-20T16:28:56.565+0000] {processor.py:830} INFO - Processing file /home/airflow/.local/lib/python3.12/site-packages/airflow/example_dags/example_python_operator.py for tasks to queue
[2025-06-20T16:28:56.567+0000] {logging_mixin.py:188} INFO - [2025-06-20T16:28:56.567+0000] {dagbag.py:540} INFO - Filling up the DagBag from /home/airflow/.local/lib/python3.12/site-packages/airflow/example_dags/example_python_operator.py
[2025-06-20T16:28:56.578+0000] {processor.py:840} INFO - DAG(s) 'example_python_operator' retrieved from /home/airflow/.local/lib/python3.12/site-packages/airflow/example_dags/example_python_operator.py
[2025-06-20T16:28:56.600+0000] {logging_mixin.py:188} INFO - [2025-06-20T16:28:56.600+0000] {dag.py:3096} INFO - Sync 1 DAGs
[2025-06-20T16:28:56.616+0000] {logging_mixin.py:188} INFO - [2025-06-20T16:28:56.615+0000] {dag.py:3954} INFO - Setting next_dagrun for example_python_operator to None, run_after=None
[2025-06-20T16:28:56.632+0000] {processor.py:183} INFO - Processing /home/airflow/.local/lib/python3.12/site-packages/airflow/example_dags/example_python_operator.py took 0.074 seconds
[2025-06-20T16:29:26.729+0000] {processor.py:161} INFO - Started process (PID=652) to work on /home/airflow/.local/lib/python3.12/site-packages/airflow/example_dags/example_python_operator.py
[2025-06-20T16:29:26.730+0000] {processor.py:830} INFO - Processing file /home/airflow/.local/lib/python3.12/site-packages/airflow/example_dags/example_python_operator.py for tasks to queue
[2025-06-20T16:29:26.732+0000] {logging_mixin.py:188} INFO - [2025-06-20T16:29:26.732+0000] {dagbag.py:540} INFO - Filling up the DagBag from /home/airflow/.local/lib/python3.12/site-packages/airflow/example_dags/example_python_operator.py
[2025-06-20T16:29:26.742+0000] {processor.py:840} INFO - DAG(s) 'example_python_operator' retrieved from /home/airflow/.local/lib/python3.12/site-packages/airflow/example_dags/example_python_operator.py
[2025-06-20T16:29:26.764+0000] {logging_mixin.py:188} INFO - [2025-06-20T16:29:26.763+0000] {dag.py:3096} INFO - Sync 1 DAGs
[2025-06-20T16:29:26.779+0000] {logging_mixin.py:188} INFO - [2025-06-20T16:29:26.779+0000] {dag.py:3954} INFO - Setting next_dagrun for example_python_operator to None, run_after=None
[2025-06-20T16:29:26.795+0000] {processor.py:183} INFO - Processing /home/airflow/.local/lib/python3.12/site-packages/airflow/example_dags/example_python_operator.py took 0.072 seconds
[2025-06-20T16:29:57.100+0000] {processor.py:161} INFO - Started process (PID=711) to work on /home/airflow/.local/lib/python3.12/site-packages/airflow/example_dags/example_python_operator.py
[2025-06-20T16:29:57.101+0000] {processor.py:830} INFO - Processing file /home/airflow/.local/lib/python3.12/site-packages/airflow/example_dags/example_python_operator.py for tasks to queue
[2025-06-20T16:29:57.103+0000] {logging_mixin.py:188} INFO - [2025-06-20T16:29:57.102+0000] {dagbag.py:540} INFO - Filling up the DagBag from /home/airflow/.local/lib/python3.12/site-packages/airflow/example_dags/example_python_operator.py
[2025-06-20T16:29:57.113+0000] {processor.py:840} INFO - DAG(s) 'example_python_operator' retrieved from /home/airflow/.local/lib/python3.12/site-packages/airflow/example_dags/example_python_operator.py
[2025-06-20T16:29:57.136+0000] {logging_mixin.py:188} INFO - [2025-06-20T16:29:57.135+0000] {dag.py:3096} INFO - Sync 1 DAGs
[2025-06-20T16:29:57.149+0000] {logging_mixin.py:188} INFO - [2025-06-20T16:29:57.149+0000] {dag.py:3954} INFO - Setting next_dagrun for example_python_operator to None, run_after=None
[2025-06-20T16:29:57.165+0000] {processor.py:183} INFO - Processing /home/airflow/.local/lib/python3.12/site-packages/airflow/example_dags/example_python_operator.py took 0.071 seconds
[2025-06-20T16:30:27.381+0000] {processor.py:161} INFO - Started process (PID=770) to work on /home/airflow/.local/lib/python3.12/site-packages/airflow/example_dags/example_python_operator.py
[2025-06-20T16:30:27.382+0000] {processor.py:830} INFO - Processing file /home/airflow/.local/lib/python3.12/site-packages/airflow/example_dags/example_python_operator.py for tasks to queue
[2025-06-20T16:30:27.385+0000] {logging_mixin.py:188} INFO - [2025-06-20T16:30:27.385+0000] {dagbag.py:540} INFO - Filling up the DagBag from /home/airflow/.local/lib/python3.12/site-packages/airflow/example_dags/example_python_operator.py
[2025-06-20T16:30:27.401+0000] {processor.py:840} INFO - DAG(s) 'example_python_operator' retrieved from /home/airflow/.local/lib/python3.12/site-packages/airflow/example_dags/example_python_operator.py
[2025-06-20T16:30:27.429+0000] {logging_mixin.py:188} INFO - [2025-06-20T16:30:27.428+0000] {dag.py:3096} INFO - Sync 1 DAGs
[2025-06-20T16:30:27.442+0000] {logging_mixin.py:188} INFO - [2025-06-20T16:30:27.442+0000] {dag.py:3954} INFO - Setting next_dagrun for example_python_operator to None, run_after=None
[2025-06-20T16:30:27.459+0000] {processor.py:183} INFO - Processing /home/airflow/.local/lib/python3.12/site-packages/airflow/example_dags/example_python_operator.py took 0.086 seconds
[2025-06-20T16:30:57.689+0000] {processor.py:161} INFO - Started process (PID=835) to work on /home/airflow/.local/lib/python3.12/site-packages/airflow/example_dags/example_python_operator.py
[2025-06-20T16:30:57.690+0000] {processor.py:830} INFO - Processing file /home/airflow/.local/lib/python3.12/site-packages/airflow/example_dags/example_python_operator.py for tasks to queue
[2025-06-20T16:30:57.692+0000] {logging_mixin.py:188} INFO - [2025-06-20T16:30:57.691+0000] {dagbag.py:540} INFO - Filling up the DagBag from /home/airflow/.local/lib/python3.12/site-packages/airflow/example_dags/example_python_operator.py
[2025-06-20T16:30:57.703+0000] {processor.py:840} INFO - DAG(s) 'example_python_operator' retrieved from /home/airflow/.local/lib/python3.12/site-packages/airflow/example_dags/example_python_operator.py
[2025-06-20T16:30:57.726+0000] {logging_mixin.py:188} INFO - [2025-06-20T16:30:57.726+0000] {dag.py:3096} INFO - Sync 1 DAGs
[2025-06-20T16:30:57.739+0000] {logging_mixin.py:188} INFO - [2025-06-20T16:30:57.739+0000] {dag.py:3954} INFO - Setting next_dagrun for example_python_operator to None, run_after=None
[2025-06-20T16:30:57.756+0000] {processor.py:183} INFO - Processing /home/airflow/.local/lib/python3.12/site-packages/airflow/example_dags/example_python_operator.py took 0.073 seconds
[2025-06-20T16:31:28.126+0000] {processor.py:161} INFO - Started process (PID=894) to work on /home/airflow/.local/lib/python3.12/site-packages/airflow/example_dags/example_python_operator.py
[2025-06-20T16:31:28.127+0000] {processor.py:830} INFO - Processing file /home/airflow/.local/lib/python3.12/site-packages/airflow/example_dags/example_python_operator.py for tasks to queue
[2025-06-20T16:31:28.129+0000] {logging_mixin.py:188} INFO - [2025-06-20T16:31:28.129+0000] {dagbag.py:540} INFO - Filling up the DagBag from /home/airflow/.local/lib/python3.12/site-packages/airflow/example_dags/example_python_operator.py
[2025-06-20T16:31:28.144+0000] {processor.py:840} INFO - DAG(s) 'example_python_operator' retrieved from /home/airflow/.local/lib/python3.12/site-packages/airflow/example_dags/example_python_operator.py
[2025-06-20T16:31:28.170+0000] {logging_mixin.py:188} INFO - [2025-06-20T16:31:28.170+0000] {dag.py:3096} INFO - Sync 1 DAGs
[2025-06-20T16:31:28.182+0000] {logging_mixin.py:188} INFO - [2025-06-20T16:31:28.182+0000] {dag.py:3954} INFO - Setting next_dagrun for example_python_operator to None, run_after=None
[2025-06-20T16:31:28.198+0000] {processor.py:183} INFO - Processing /home/airflow/.local/lib/python3.12/site-packages/airflow/example_dags/example_python_operator.py took 0.079 seconds
[2025-06-20T16:31:58.435+0000] {processor.py:161} INFO - Started process (PID=953) to work on /home/airflow/.local/lib/python3.12/site-packages/airflow/example_dags/example_python_operator.py
[2025-06-20T16:31:58.436+0000] {processor.py:830} INFO - Processing file /home/airflow/.local/lib/python3.12/site-packages/airflow/example_dags/example_python_operator.py for tasks to queue
[2025-06-20T16:31:58.437+0000] {logging_mixin.py:188} INFO - [2025-06-20T16:31:58.437+0000] {dagbag.py:540} INFO - Filling up the DagBag from /home/airflow/.local/lib/python3.12/site-packages/airflow/example_dags/example_python_operator.py
[2025-06-20T16:31:58.448+0000] {processor.py:840} INFO - DAG(s) 'example_python_operator' retrieved from /home/airflow/.local/lib/python3.12/site-packages/airflow/example_dags/example_python_operator.py
[2025-06-20T16:31:58.469+0000] {logging_mixin.py:188} INFO - [2025-06-20T16:31:58.469+0000] {dag.py:3096} INFO - Sync 1 DAGs
[2025-06-20T16:31:58.480+0000] {logging_mixin.py:188} INFO - [2025-06-20T16:31:58.480+0000] {dag.py:3954} INFO - Setting next_dagrun for example_python_operator to None, run_after=None
[2025-06-20T16:31:58.496+0000] {processor.py:183} INFO - Processing /home/airflow/.local/lib/python3.12/site-packages/airflow/example_dags/example_python_operator.py took 0.067 seconds
[2025-06-20T16:32:28.720+0000] {processor.py:161} INFO - Started process (PID=1012) to work on /home/airflow/.local/lib/python3.12/site-packages/airflow/example_dags/example_python_operator.py
[2025-06-20T16:32:28.721+0000] {processor.py:830} INFO - Processing file /home/airflow/.local/lib/python3.12/site-packages/airflow/example_dags/example_python_operator.py for tasks to queue
[2025-06-20T16:32:28.723+0000] {logging_mixin.py:188} INFO - [2025-06-20T16:32:28.723+0000] {dagbag.py:540} INFO - Filling up the DagBag from /home/airflow/.local/lib/python3.12/site-packages/airflow/example_dags/example_python_operator.py
[2025-06-20T16:32:28.733+0000] {processor.py:840} INFO - DAG(s) 'example_python_operator' retrieved from /home/airflow/.local/lib/python3.12/site-packages/airflow/example_dags/example_python_operator.py
[2025-06-20T16:32:28.755+0000] {logging_mixin.py:188} INFO - [2025-06-20T16:32:28.755+0000] {dag.py:3096} INFO - Sync 1 DAGs
[2025-06-20T16:32:28.767+0000] {logging_mixin.py:188} INFO - [2025-06-20T16:32:28.766+0000] {dag.py:3954} INFO - Setting next_dagrun for example_python_operator to None, run_after=None
[2025-06-20T16:32:28.783+0000] {processor.py:183} INFO - Processing /home/airflow/.local/lib/python3.12/site-packages/airflow/example_dags/example_python_operator.py took 0.068 seconds
[2025-06-20T16:32:58.827+0000] {processor.py:161} INFO - Started process (PID=1071) to work on /home/airflow/.local/lib/python3.12/site-packages/airflow/example_dags/example_python_operator.py
[2025-06-20T16:32:58.828+0000] {processor.py:830} INFO - Processing file /home/airflow/.local/lib/python3.12/site-packages/airflow/example_dags/example_python_operator.py for tasks to queue
[2025-06-20T16:32:58.830+0000] {logging_mixin.py:188} INFO - [2025-06-20T16:32:58.829+0000] {dagbag.py:540} INFO - Filling up the DagBag from /home/airflow/.local/lib/python3.12/site-packages/airflow/example_dags/example_python_operator.py
[2025-06-20T16:32:58.841+0000] {processor.py:840} INFO - DAG(s) 'example_python_operator' retrieved from /home/airflow/.local/lib/python3.12/site-packages/airflow/example_dags/example_python_operator.py
[2025-06-20T16:32:58.864+0000] {logging_mixin.py:188} INFO - [2025-06-20T16:32:58.864+0000] {dag.py:3096} INFO - Sync 1 DAGs
[2025-06-20T16:32:58.877+0000] {logging_mixin.py:188} INFO - [2025-06-20T16:32:58.877+0000] {dag.py:3954} INFO - Setting next_dagrun for example_python_operator to None, run_after=None
[2025-06-20T16:32:58.893+0000] {processor.py:183} INFO - Processing /home/airflow/.local/lib/python3.12/site-packages/airflow/example_dags/example_python_operator.py took 0.073 seconds
[2025-06-20T16:33:29.358+0000] {processor.py:161} INFO - Started process (PID=1130) to work on /home/airflow/.local/lib/python3.12/site-packages/airflow/example_dags/example_python_operator.py
[2025-06-20T16:33:29.359+0000] {processor.py:830} INFO - Processing file /home/airflow/.local/lib/python3.12/site-packages/airflow/example_dags/example_python_operator.py for tasks to queue
[2025-06-20T16:33:29.361+0000] {logging_mixin.py:188} INFO - [2025-06-20T16:33:29.361+0000] {dagbag.py:540} INFO - Filling up the DagBag from /home/airflow/.local/lib/python3.12/site-packages/airflow/example_dags/example_python_operator.py
[2025-06-20T16:33:29.372+0000] {processor.py:840} INFO - DAG(s) 'example_python_operator' retrieved from /home/airflow/.local/lib/python3.12/site-packages/airflow/example_dags/example_python_operator.py
[2025-06-20T16:33:29.394+0000] {logging_mixin.py:188} INFO - [2025-06-20T16:33:29.394+0000] {dag.py:3096} INFO - Sync 1 DAGs
[2025-06-20T16:33:29.407+0000] {logging_mixin.py:188} INFO - [2025-06-20T16:33:29.407+0000] {dag.py:3954} INFO - Setting next_dagrun for example_python_operator to None, run_after=None
[2025-06-20T16:33:29.424+0000] {processor.py:183} INFO - Processing /home/airflow/.local/lib/python3.12/site-packages/airflow/example_dags/example_python_operator.py took 0.073 seconds
[2025-06-20T16:33:59.623+0000] {processor.py:161} INFO - Started process (PID=1189) to work on /home/airflow/.local/lib/python3.12/site-packages/airflow/example_dags/example_python_operator.py
[2025-06-20T16:33:59.624+0000] {processor.py:830} INFO - Processing file /home/airflow/.local/lib/python3.12/site-packages/airflow/example_dags/example_python_operator.py for tasks to queue
[2025-06-20T16:33:59.627+0000] {logging_mixin.py:188} INFO - [2025-06-20T16:33:59.626+0000] {dagbag.py:540} INFO - Filling up the DagBag from /home/airflow/.local/lib/python3.12/site-packages/airflow/example_dags/example_python_operator.py
[2025-06-20T16:33:59.638+0000] {processor.py:840} INFO - DAG(s) 'example_python_operator' retrieved from /home/airflow/.local/lib/python3.12/site-packages/airflow/example_dags/example_python_operator.py
[2025-06-20T16:33:59.659+0000] {logging_mixin.py:188} INFO - [2025-06-20T16:33:59.659+0000] {dag.py:3096} INFO - Sync 1 DAGs
[2025-06-20T16:33:59.671+0000] {logging_mixin.py:188} INFO - [2025-06-20T16:33:59.671+0000] {dag.py:3954} INFO - Setting next_dagrun for example_python_operator to None, run_after=None
[2025-06-20T16:33:59.687+0000] {processor.py:183} INFO - Processing /home/airflow/.local/lib/python3.12/site-packages/airflow/example_dags/example_python_operator.py took 0.071 seconds
[2025-06-20T16:34:30.065+0000] {processor.py:161} INFO - Started process (PID=1248) to work on /home/airflow/.local/lib/python3.12/site-packages/airflow/example_dags/example_python_operator.py
[2025-06-20T16:34:30.066+0000] {processor.py:830} INFO - Processing file /home/airflow/.local/lib/python3.12/site-packages/airflow/example_dags/example_python_operator.py for tasks to queue
[2025-06-20T16:34:30.068+0000] {logging_mixin.py:188} INFO - [2025-06-20T16:34:30.068+0000] {dagbag.py:540} INFO - Filling up the DagBag from /home/airflow/.local/lib/python3.12/site-packages/airflow/example_dags/example_python_operator.py
[2025-06-20T16:34:30.079+0000] {processor.py:840} INFO - DAG(s) 'example_python_operator' retrieved from /home/airflow/.local/lib/python3.12/site-packages/airflow/example_dags/example_python_operator.py
[2025-06-20T16:34:30.099+0000] {logging_mixin.py:188} INFO - [2025-06-20T16:34:30.098+0000] {dag.py:3096} INFO - Sync 1 DAGs
[2025-06-20T16:34:30.110+0000] {logging_mixin.py:188} INFO - [2025-06-20T16:34:30.110+0000] {dag.py:3954} INFO - Setting next_dagrun for example_python_operator to None, run_after=None
[2025-06-20T16:34:30.126+0000] {processor.py:183} INFO - Processing /home/airflow/.local/lib/python3.12/site-packages/airflow/example_dags/example_python_operator.py took 0.066 seconds
[2025-06-20T16:35:00.367+0000] {processor.py:161} INFO - Started process (PID=1307) to work on /home/airflow/.local/lib/python3.12/site-packages/airflow/example_dags/example_python_operator.py
[2025-06-20T16:35:00.368+0000] {processor.py:830} INFO - Processing file /home/airflow/.local/lib/python3.12/site-packages/airflow/example_dags/example_python_operator.py for tasks to queue
[2025-06-20T16:35:00.370+0000] {logging_mixin.py:188} INFO - [2025-06-20T16:35:00.370+0000] {dagbag.py:540} INFO - Filling up the DagBag from /home/airflow/.local/lib/python3.12/site-packages/airflow/example_dags/example_python_operator.py
[2025-06-20T16:35:00.381+0000] {processor.py:840} INFO - DAG(s) 'example_python_operator' retrieved from /home/airflow/.local/lib/python3.12/site-packages/airflow/example_dags/example_python_operator.py
[2025-06-20T16:35:00.404+0000] {logging_mixin.py:188} INFO - [2025-06-20T16:35:00.403+0000] {dag.py:3096} INFO - Sync 1 DAGs
[2025-06-20T16:35:00.416+0000] {logging_mixin.py:188} INFO - [2025-06-20T16:35:00.416+0000] {dag.py:3954} INFO - Setting next_dagrun for example_python_operator to None, run_after=None
[2025-06-20T16:35:00.433+0000] {processor.py:183} INFO - Processing /home/airflow/.local/lib/python3.12/site-packages/airflow/example_dags/example_python_operator.py took 0.072 seconds
[2025-06-20T16:35:30.741+0000] {processor.py:161} INFO - Started process (PID=1366) to work on /home/airflow/.local/lib/python3.12/site-packages/airflow/example_dags/example_python_operator.py
[2025-06-20T16:35:30.742+0000] {processor.py:830} INFO - Processing file /home/airflow/.local/lib/python3.12/site-packages/airflow/example_dags/example_python_operator.py for tasks to queue
[2025-06-20T16:35:30.745+0000] {logging_mixin.py:188} INFO - [2025-06-20T16:35:30.744+0000] {dagbag.py:540} INFO - Filling up the DagBag from /home/airflow/.local/lib/python3.12/site-packages/airflow/example_dags/example_python_operator.py
[2025-06-20T16:35:30.756+0000] {processor.py:840} INFO - DAG(s) 'example_python_operator' retrieved from /home/airflow/.local/lib/python3.12/site-packages/airflow/example_dags/example_python_operator.py
[2025-06-20T16:35:30.779+0000] {logging_mixin.py:188} INFO - [2025-06-20T16:35:30.779+0000] {dag.py:3096} INFO - Sync 1 DAGs
[2025-06-20T16:35:30.791+0000] {logging_mixin.py:188} INFO - [2025-06-20T16:35:30.791+0000] {dag.py:3954} INFO - Setting next_dagrun for example_python_operator to None, run_after=None
[2025-06-20T16:35:30.806+0000] {processor.py:183} INFO - Processing /home/airflow/.local/lib/python3.12/site-packages/airflow/example_dags/example_python_operator.py took 0.074 seconds
[2025-06-20T16:36:00.873+0000] {processor.py:161} INFO - Started process (PID=1425) to work on /home/airflow/.local/lib/python3.12/site-packages/airflow/example_dags/example_python_operator.py
[2025-06-20T16:36:00.873+0000] {processor.py:830} INFO - Processing file /home/airflow/.local/lib/python3.12/site-packages/airflow/example_dags/example_python_operator.py for tasks to queue
[2025-06-20T16:36:00.875+0000] {logging_mixin.py:188} INFO - [2025-06-20T16:36:00.875+0000] {dagbag.py:540} INFO - Filling up the DagBag from /home/airflow/.local/lib/python3.12/site-packages/airflow/example_dags/example_python_operator.py
[2025-06-20T16:36:00.886+0000] {processor.py:840} INFO - DAG(s) 'example_python_operator' retrieved from /home/airflow/.local/lib/python3.12/site-packages/airflow/example_dags/example_python_operator.py
[2025-06-20T16:36:00.906+0000] {logging_mixin.py:188} INFO - [2025-06-20T16:36:00.906+0000] {dag.py:3096} INFO - Sync 1 DAGs
[2025-06-20T16:36:00.917+0000] {logging_mixin.py:188} INFO - [2025-06-20T16:36:00.917+0000] {dag.py:3954} INFO - Setting next_dagrun for example_python_operator to None, run_after=None
[2025-06-20T16:36:00.933+0000] {processor.py:183} INFO - Processing /home/airflow/.local/lib/python3.12/site-packages/airflow/example_dags/example_python_operator.py took 0.067 seconds
[2025-06-20T16:36:31.293+0000] {processor.py:161} INFO - Started process (PID=1484) to work on /home/airflow/.local/lib/python3.12/site-packages/airflow/example_dags/example_python_operator.py
[2025-06-20T16:36:31.294+0000] {processor.py:830} INFO - Processing file /home/airflow/.local/lib/python3.12/site-packages/airflow/example_dags/example_python_operator.py for tasks to queue
[2025-06-20T16:36:31.296+0000] {logging_mixin.py:188} INFO - [2025-06-20T16:36:31.295+0000] {dagbag.py:540} INFO - Filling up the DagBag from /home/airflow/.local/lib/python3.12/site-packages/airflow/example_dags/example_python_operator.py
[2025-06-20T16:36:31.306+0000] {processor.py:840} INFO - DAG(s) 'example_python_operator' retrieved from /home/airflow/.local/lib/python3.12/site-packages/airflow/example_dags/example_python_operator.py
[2025-06-20T16:36:31.327+0000] {logging_mixin.py:188} INFO - [2025-06-20T16:36:31.327+0000] {dag.py:3096} INFO - Sync 1 DAGs
[2025-06-20T16:36:31.338+0000] {logging_mixin.py:188} INFO - [2025-06-20T16:36:31.338+0000] {dag.py:3954} INFO - Setting next_dagrun for example_python_operator to None, run_after=None
[2025-06-20T16:36:31.354+0000] {processor.py:183} INFO - Processing /home/airflow/.local/lib/python3.12/site-packages/airflow/example_dags/example_python_operator.py took 0.068 seconds
[2025-06-20T16:37:01.679+0000] {processor.py:161} INFO - Started process (PID=1543) to work on /home/airflow/.local/lib/python3.12/site-packages/airflow/example_dags/example_python_operator.py
[2025-06-20T16:37:01.680+0000] {processor.py:830} INFO - Processing file /home/airflow/.local/lib/python3.12/site-packages/airflow/example_dags/example_python_operator.py for tasks to queue
[2025-06-20T16:37:01.682+0000] {logging_mixin.py:188} INFO - [2025-06-20T16:37:01.681+0000] {dagbag.py:540} INFO - Filling up the DagBag from /home/airflow/.local/lib/python3.12/site-packages/airflow/example_dags/example_python_operator.py
[2025-06-20T16:37:01.692+0000] {processor.py:840} INFO - DAG(s) 'example_python_operator' retrieved from /home/airflow/.local/lib/python3.12/site-packages/airflow/example_dags/example_python_operator.py
[2025-06-20T16:37:01.713+0000] {logging_mixin.py:188} INFO - [2025-06-20T16:37:01.713+0000] {dag.py:3096} INFO - Sync 1 DAGs
[2025-06-20T16:37:01.725+0000] {logging_mixin.py:188} INFO - [2025-06-20T16:37:01.725+0000] {dag.py:3954} INFO - Setting next_dagrun for example_python_operator to None, run_after=None
[2025-06-20T16:37:01.741+0000] {processor.py:183} INFO - Processing /home/airflow/.local/lib/python3.12/site-packages/airflow/example_dags/example_python_operator.py took 0.070 seconds
[2025-06-20T16:37:31.973+0000] {processor.py:161} INFO - Started process (PID=1602) to work on /home/airflow/.local/lib/python3.12/site-packages/airflow/example_dags/example_python_operator.py
[2025-06-20T16:37:31.973+0000] {processor.py:830} INFO - Processing file /home/airflow/.local/lib/python3.12/site-packages/airflow/example_dags/example_python_operator.py for tasks to queue
[2025-06-20T16:37:31.975+0000] {logging_mixin.py:188} INFO - [2025-06-20T16:37:31.975+0000] {dagbag.py:540} INFO - Filling up the DagBag from /home/airflow/.local/lib/python3.12/site-packages/airflow/example_dags/example_python_operator.py
[2025-06-20T16:37:31.985+0000] {processor.py:840} INFO - DAG(s) 'example_python_operator' retrieved from /home/airflow/.local/lib/python3.12/site-packages/airflow/example_dags/example_python_operator.py
[2025-06-20T16:37:32.007+0000] {logging_mixin.py:188} INFO - [2025-06-20T16:37:32.006+0000] {dag.py:3096} INFO - Sync 1 DAGs
[2025-06-20T16:37:32.018+0000] {logging_mixin.py:188} INFO - [2025-06-20T16:37:32.018+0000] {dag.py:3954} INFO - Setting next_dagrun for example_python_operator to None, run_after=None
[2025-06-20T16:37:32.034+0000] {processor.py:183} INFO - Processing /home/airflow/.local/lib/python3.12/site-packages/airflow/example_dags/example_python_operator.py took 0.067 seconds
[2025-06-20T16:38:02.296+0000] {processor.py:161} INFO - Started process (PID=1661) to work on /home/airflow/.local/lib/python3.12/site-packages/airflow/example_dags/example_python_operator.py
[2025-06-20T16:38:02.297+0000] {processor.py:830} INFO - Processing file /home/airflow/.local/lib/python3.12/site-packages/airflow/example_dags/example_python_operator.py for tasks to queue
[2025-06-20T16:38:02.299+0000] {logging_mixin.py:188} INFO - [2025-06-20T16:38:02.299+0000] {dagbag.py:540} INFO - Filling up the DagBag from /home/airflow/.local/lib/python3.12/site-packages/airflow/example_dags/example_python_operator.py
[2025-06-20T16:38:02.309+0000] {processor.py:840} INFO - DAG(s) 'example_python_operator' retrieved from /home/airflow/.local/lib/python3.12/site-packages/airflow/example_dags/example_python_operator.py
[2025-06-20T16:38:02.331+0000] {logging_mixin.py:188} INFO - [2025-06-20T16:38:02.330+0000] {dag.py:3096} INFO - Sync 1 DAGs
[2025-06-20T16:38:02.342+0000] {logging_mixin.py:188} INFO - [2025-06-20T16:38:02.342+0000] {dag.py:3954} INFO - Setting next_dagrun for example_python_operator to None, run_after=None
[2025-06-20T16:38:02.358+0000] {processor.py:183} INFO - Processing /home/airflow/.local/lib/python3.12/site-packages/airflow/example_dags/example_python_operator.py took 0.068 seconds
[2025-06-20T16:38:32.581+0000] {processor.py:161} INFO - Started process (PID=1720) to work on /home/airflow/.local/lib/python3.12/site-packages/airflow/example_dags/example_python_operator.py
[2025-06-20T16:38:32.582+0000] {processor.py:830} INFO - Processing file /home/airflow/.local/lib/python3.12/site-packages/airflow/example_dags/example_python_operator.py for tasks to queue
[2025-06-20T16:38:32.584+0000] {logging_mixin.py:188} INFO - [2025-06-20T16:38:32.583+0000] {dagbag.py:540} INFO - Filling up the DagBag from /home/airflow/.local/lib/python3.12/site-packages/airflow/example_dags/example_python_operator.py
[2025-06-20T16:38:32.594+0000] {processor.py:840} INFO - DAG(s) 'example_python_operator' retrieved from /home/airflow/.local/lib/python3.12/site-packages/airflow/example_dags/example_python_operator.py
[2025-06-20T16:38:32.614+0000] {logging_mixin.py:188} INFO - [2025-06-20T16:38:32.614+0000] {dag.py:3096} INFO - Sync 1 DAGs
[2025-06-20T16:38:32.626+0000] {logging_mixin.py:188} INFO - [2025-06-20T16:38:32.625+0000] {dag.py:3954} INFO - Setting next_dagrun for example_python_operator to None, run_after=None
[2025-06-20T16:38:32.641+0000] {processor.py:183} INFO - Processing /home/airflow/.local/lib/python3.12/site-packages/airflow/example_dags/example_python_operator.py took 0.066 seconds
[2025-06-20T16:39:03.068+0000] {processor.py:161} INFO - Started process (PID=1779) to work on /home/airflow/.local/lib/python3.12/site-packages/airflow/example_dags/example_python_operator.py
[2025-06-20T16:39:03.069+0000] {processor.py:830} INFO - Processing file /home/airflow/.local/lib/python3.12/site-packages/airflow/example_dags/example_python_operator.py for tasks to queue
[2025-06-20T16:39:03.071+0000] {logging_mixin.py:188} INFO - [2025-06-20T16:39:03.071+0000] {dagbag.py:540} INFO - Filling up the DagBag from /home/airflow/.local/lib/python3.12/site-packages/airflow/example_dags/example_python_operator.py
[2025-06-20T16:39:03.081+0000] {processor.py:840} INFO - DAG(s) 'example_python_operator' retrieved from /home/airflow/.local/lib/python3.12/site-packages/airflow/example_dags/example_python_operator.py
[2025-06-20T16:39:03.102+0000] {logging_mixin.py:188} INFO - [2025-06-20T16:39:03.102+0000] {dag.py:3096} INFO - Sync 1 DAGs
[2025-06-20T16:39:03.113+0000] {logging_mixin.py:188} INFO - [2025-06-20T16:39:03.113+0000] {dag.py:3954} INFO - Setting next_dagrun for example_python_operator to None, run_after=None
[2025-06-20T16:39:03.130+0000] {processor.py:183} INFO - Processing /home/airflow/.local/lib/python3.12/site-packages/airflow/example_dags/example_python_operator.py took 0.068 seconds
[2025-06-20T16:39:33.883+0000] {processor.py:161} INFO - Started process (PID=1836) to work on /home/airflow/.local/lib/python3.12/site-packages/airflow/example_dags/example_python_operator.py
[2025-06-20T16:39:33.884+0000] {processor.py:830} INFO - Processing file /home/airflow/.local/lib/python3.12/site-packages/airflow/example_dags/example_python_operator.py for tasks to queue
[2025-06-20T16:39:33.886+0000] {logging_mixin.py:188} INFO - [2025-06-20T16:39:33.886+0000] {dagbag.py:540} INFO - Filling up the DagBag from /home/airflow/.local/lib/python3.12/site-packages/airflow/example_dags/example_python_operator.py
[2025-06-20T16:39:33.897+0000] {processor.py:840} INFO - DAG(s) 'example_python_operator' retrieved from /home/airflow/.local/lib/python3.12/site-packages/airflow/example_dags/example_python_operator.py
[2025-06-20T16:39:33.919+0000] {logging_mixin.py:188} INFO - [2025-06-20T16:39:33.919+0000] {dag.py:3096} INFO - Sync 1 DAGs
[2025-06-20T16:39:33.931+0000] {logging_mixin.py:188} INFO - [2025-06-20T16:39:33.931+0000] {dag.py:3954} INFO - Setting next_dagrun for example_python_operator to None, run_after=None
[2025-06-20T16:39:33.948+0000] {processor.py:183} INFO - Processing /home/airflow/.local/lib/python3.12/site-packages/airflow/example_dags/example_python_operator.py took 0.072 seconds
[2025-06-20T16:40:04.091+0000] {processor.py:161} INFO - Started process (PID=1895) to work on /home/airflow/.local/lib/python3.12/site-packages/airflow/example_dags/example_python_operator.py
[2025-06-20T16:40:04.092+0000] {processor.py:830} INFO - Processing file /home/airflow/.local/lib/python3.12/site-packages/airflow/example_dags/example_python_operator.py for tasks to queue
[2025-06-20T16:40:04.094+0000] {logging_mixin.py:188} INFO - [2025-06-20T16:40:04.093+0000] {dagbag.py:540} INFO - Filling up the DagBag from /home/airflow/.local/lib/python3.12/site-packages/airflow/example_dags/example_python_operator.py
[2025-06-20T16:40:04.104+0000] {processor.py:840} INFO - DAG(s) 'example_python_operator' retrieved from /home/airflow/.local/lib/python3.12/site-packages/airflow/example_dags/example_python_operator.py
[2025-06-20T16:40:04.137+0000] {logging_mixin.py:188} INFO - [2025-06-20T16:40:04.136+0000] {dag.py:3096} INFO - Sync 1 DAGs
[2025-06-20T16:40:04.149+0000] {logging_mixin.py:188} INFO - [2025-06-20T16:40:04.149+0000] {dag.py:3954} INFO - Setting next_dagrun for example_python_operator to None, run_after=None
[2025-06-20T16:40:04.169+0000] {processor.py:183} INFO - Processing /home/airflow/.local/lib/python3.12/site-packages/airflow/example_dags/example_python_operator.py took 0.084 seconds
[2025-06-20T16:40:34.341+0000] {processor.py:161} INFO - Started process (PID=1954) to work on /home/airflow/.local/lib/python3.12/site-packages/airflow/example_dags/example_python_operator.py
[2025-06-20T16:40:34.343+0000] {processor.py:830} INFO - Processing file /home/airflow/.local/lib/python3.12/site-packages/airflow/example_dags/example_python_operator.py for tasks to queue
[2025-06-20T16:40:34.345+0000] {logging_mixin.py:188} INFO - [2025-06-20T16:40:34.344+0000] {dagbag.py:540} INFO - Filling up the DagBag from /home/airflow/.local/lib/python3.12/site-packages/airflow/example_dags/example_python_operator.py
[2025-06-20T16:40:34.357+0000] {processor.py:840} INFO - DAG(s) 'example_python_operator' retrieved from /home/airflow/.local/lib/python3.12/site-packages/airflow/example_dags/example_python_operator.py
[2025-06-20T16:40:34.382+0000] {logging_mixin.py:188} INFO - [2025-06-20T16:40:34.382+0000] {dag.py:3096} INFO - Sync 1 DAGs
[2025-06-20T16:40:34.394+0000] {logging_mixin.py:188} INFO - [2025-06-20T16:40:34.394+0000] {dag.py:3954} INFO - Setting next_dagrun for example_python_operator to None, run_after=None
[2025-06-20T16:40:34.410+0000] {processor.py:183} INFO - Processing /home/airflow/.local/lib/python3.12/site-packages/airflow/example_dags/example_python_operator.py took 0.078 seconds
[2025-06-20T16:41:05.321+0000] {processor.py:161} INFO - Started process (PID=2013) to work on /home/airflow/.local/lib/python3.12/site-packages/airflow/example_dags/example_python_operator.py
[2025-06-20T16:41:05.323+0000] {processor.py:830} INFO - Processing file /home/airflow/.local/lib/python3.12/site-packages/airflow/example_dags/example_python_operator.py for tasks to queue
[2025-06-20T16:41:05.325+0000] {logging_mixin.py:188} INFO - [2025-06-20T16:41:05.324+0000] {dagbag.py:540} INFO - Filling up the DagBag from /home/airflow/.local/lib/python3.12/site-packages/airflow/example_dags/example_python_operator.py
[2025-06-20T16:41:05.335+0000] {processor.py:840} INFO - DAG(s) 'example_python_operator' retrieved from /home/airflow/.local/lib/python3.12/site-packages/airflow/example_dags/example_python_operator.py
[2025-06-20T16:41:05.358+0000] {logging_mixin.py:188} INFO - [2025-06-20T16:41:05.358+0000] {dag.py:3096} INFO - Sync 1 DAGs
[2025-06-20T16:41:05.371+0000] {logging_mixin.py:188} INFO - [2025-06-20T16:41:05.371+0000] {dag.py:3954} INFO - Setting next_dagrun for example_python_operator to None, run_after=None
[2025-06-20T16:41:05.388+0000] {processor.py:183} INFO - Processing /home/airflow/.local/lib/python3.12/site-packages/airflow/example_dags/example_python_operator.py took 0.074 seconds
[2025-06-20T16:41:36.302+0000] {processor.py:161} INFO - Started process (PID=2072) to work on /home/airflow/.local/lib/python3.12/site-packages/airflow/example_dags/example_python_operator.py
[2025-06-20T16:41:36.303+0000] {processor.py:830} INFO - Processing file /home/airflow/.local/lib/python3.12/site-packages/airflow/example_dags/example_python_operator.py for tasks to queue
[2025-06-20T16:41:36.305+0000] {logging_mixin.py:188} INFO - [2025-06-20T16:41:36.305+0000] {dagbag.py:540} INFO - Filling up the DagBag from /home/airflow/.local/lib/python3.12/site-packages/airflow/example_dags/example_python_operator.py
[2025-06-20T16:41:36.315+0000] {processor.py:840} INFO - DAG(s) 'example_python_operator' retrieved from /home/airflow/.local/lib/python3.12/site-packages/airflow/example_dags/example_python_operator.py
[2025-06-20T16:41:36.337+0000] {logging_mixin.py:188} INFO - [2025-06-20T16:41:36.337+0000] {dag.py:3096} INFO - Sync 1 DAGs
[2025-06-20T16:41:36.350+0000] {logging_mixin.py:188} INFO - [2025-06-20T16:41:36.349+0000] {dag.py:3954} INFO - Setting next_dagrun for example_python_operator to None, run_after=None
[2025-06-20T16:41:36.366+0000] {processor.py:183} INFO - Processing /home/airflow/.local/lib/python3.12/site-packages/airflow/example_dags/example_python_operator.py took 0.070 seconds
[2025-06-20T16:42:07.279+0000] {processor.py:161} INFO - Started process (PID=2131) to work on /home/airflow/.local/lib/python3.12/site-packages/airflow/example_dags/example_python_operator.py
[2025-06-20T16:42:07.280+0000] {processor.py:830} INFO - Processing file /home/airflow/.local/lib/python3.12/site-packages/airflow/example_dags/example_python_operator.py for tasks to queue
[2025-06-20T16:42:07.282+0000] {logging_mixin.py:188} INFO - [2025-06-20T16:42:07.282+0000] {dagbag.py:540} INFO - Filling up the DagBag from /home/airflow/.local/lib/python3.12/site-packages/airflow/example_dags/example_python_operator.py
[2025-06-20T16:42:07.293+0000] {processor.py:840} INFO - DAG(s) 'example_python_operator' retrieved from /home/airflow/.local/lib/python3.12/site-packages/airflow/example_dags/example_python_operator.py
[2025-06-20T16:42:07.314+0000] {logging_mixin.py:188} INFO - [2025-06-20T16:42:07.314+0000] {dag.py:3096} INFO - Sync 1 DAGs
[2025-06-20T16:42:07.325+0000] {logging_mixin.py:188} INFO - [2025-06-20T16:42:07.325+0000] {dag.py:3954} INFO - Setting next_dagrun for example_python_operator to None, run_after=None
[2025-06-20T16:42:07.342+0000] {processor.py:183} INFO - Processing /home/airflow/.local/lib/python3.12/site-packages/airflow/example_dags/example_python_operator.py took 0.068 seconds
[2025-06-20T16:42:37.614+0000] {processor.py:161} INFO - Started process (PID=2190) to work on /home/airflow/.local/lib/python3.12/site-packages/airflow/example_dags/example_python_operator.py
[2025-06-20T16:42:37.615+0000] {processor.py:830} INFO - Processing file /home/airflow/.local/lib/python3.12/site-packages/airflow/example_dags/example_python_operator.py for tasks to queue
[2025-06-20T16:42:37.617+0000] {logging_mixin.py:188} INFO - [2025-06-20T16:42:37.616+0000] {dagbag.py:540} INFO - Filling up the DagBag from /home/airflow/.local/lib/python3.12/site-packages/airflow/example_dags/example_python_operator.py
[2025-06-20T16:42:37.628+0000] {processor.py:840} INFO - DAG(s) 'example_python_operator' retrieved from /home/airflow/.local/lib/python3.12/site-packages/airflow/example_dags/example_python_operator.py
[2025-06-20T16:42:37.651+0000] {logging_mixin.py:188} INFO - [2025-06-20T16:42:37.650+0000] {dag.py:3096} INFO - Sync 1 DAGs
[2025-06-20T16:42:37.663+0000] {logging_mixin.py:188} INFO - [2025-06-20T16:42:37.662+0000] {dag.py:3954} INFO - Setting next_dagrun for example_python_operator to None, run_after=None
[2025-06-20T16:42:37.680+0000] {processor.py:183} INFO - Processing /home/airflow/.local/lib/python3.12/site-packages/airflow/example_dags/example_python_operator.py took 0.073 seconds
[2025-06-20T16:43:07.791+0000] {processor.py:161} INFO - Started process (PID=2249) to work on /home/airflow/.local/lib/python3.12/site-packages/airflow/example_dags/example_python_operator.py
[2025-06-20T16:43:07.792+0000] {processor.py:830} INFO - Processing file /home/airflow/.local/lib/python3.12/site-packages/airflow/example_dags/example_python_operator.py for tasks to queue
[2025-06-20T16:43:07.794+0000] {logging_mixin.py:188} INFO - [2025-06-20T16:43:07.794+0000] {dagbag.py:540} INFO - Filling up the DagBag from /home/airflow/.local/lib/python3.12/site-packages/airflow/example_dags/example_python_operator.py
[2025-06-20T16:43:07.805+0000] {processor.py:840} INFO - DAG(s) 'example_python_operator' retrieved from /home/airflow/.local/lib/python3.12/site-packages/airflow/example_dags/example_python_operator.py
[2025-06-20T16:43:07.828+0000] {logging_mixin.py:188} INFO - [2025-06-20T16:43:07.828+0000] {dag.py:3096} INFO - Sync 1 DAGs
[2025-06-20T16:43:07.840+0000] {logging_mixin.py:188} INFO - [2025-06-20T16:43:07.839+0000] {dag.py:3954} INFO - Setting next_dagrun for example_python_operator to None, run_after=None
[2025-06-20T16:43:07.856+0000] {processor.py:183} INFO - Processing /home/airflow/.local/lib/python3.12/site-packages/airflow/example_dags/example_python_operator.py took 0.071 seconds
[2025-06-20T16:44:10.922+0000] {processor.py:161} INFO - Started process (PID=62) to work on /home/airflow/.local/lib/python3.12/site-packages/airflow/example_dags/example_python_operator.py
[2025-06-20T16:44:10.923+0000] {processor.py:830} INFO - Processing file /home/airflow/.local/lib/python3.12/site-packages/airflow/example_dags/example_python_operator.py for tasks to queue
[2025-06-20T16:44:10.925+0000] {logging_mixin.py:188} INFO - [2025-06-20T16:44:10.925+0000] {dagbag.py:540} INFO - Filling up the DagBag from /home/airflow/.local/lib/python3.12/site-packages/airflow/example_dags/example_python_operator.py
[2025-06-20T16:44:10.941+0000] {processor.py:840} INFO - DAG(s) 'example_python_operator' retrieved from /home/airflow/.local/lib/python3.12/site-packages/airflow/example_dags/example_python_operator.py
[2025-06-20T16:44:11.075+0000] {logging_mixin.py:188} INFO - [2025-06-20T16:44:11.074+0000] {override.py:1829} INFO - Created Permission View: can delete on DAG:example_python_operator
[2025-06-20T16:44:11.083+0000] {logging_mixin.py:188} INFO - [2025-06-20T16:44:11.083+0000] {override.py:1829} INFO - Created Permission View: can read on DAG:example_python_operator
[2025-06-20T16:44:11.088+0000] {logging_mixin.py:188} INFO - [2025-06-20T16:44:11.088+0000] {override.py:1829} INFO - Created Permission View: can edit on DAG:example_python_operator
[2025-06-20T16:44:11.089+0000] {logging_mixin.py:188} INFO - [2025-06-20T16:44:11.088+0000] {dag.py:3096} INFO - Sync 1 DAGs
[2025-06-20T16:44:11.100+0000] {logging_mixin.py:188} INFO - [2025-06-20T16:44:11.100+0000] {dag.py:3118} INFO - Creating ORM DAG for example_python_operator
[2025-06-20T16:44:11.101+0000] {logging_mixin.py:188} INFO - [2025-06-20T16:44:11.101+0000] {dag.py:3954} INFO - Setting next_dagrun for example_python_operator to None, run_after=None
[2025-06-20T16:44:11.115+0000] {processor.py:183} INFO - Processing /home/airflow/.local/lib/python3.12/site-packages/airflow/example_dags/example_python_operator.py took 0.201 seconds
[2025-06-20T16:44:41.798+0000] {processor.py:161} INFO - Started process (PID=121) to work on /home/airflow/.local/lib/python3.12/site-packages/airflow/example_dags/example_python_operator.py
[2025-06-20T16:44:41.799+0000] {processor.py:830} INFO - Processing file /home/airflow/.local/lib/python3.12/site-packages/airflow/example_dags/example_python_operator.py for tasks to queue
[2025-06-20T16:44:41.801+0000] {logging_mixin.py:188} INFO - [2025-06-20T16:44:41.800+0000] {dagbag.py:540} INFO - Filling up the DagBag from /home/airflow/.local/lib/python3.12/site-packages/airflow/example_dags/example_python_operator.py
[2025-06-20T16:44:41.811+0000] {processor.py:840} INFO - DAG(s) 'example_python_operator' retrieved from /home/airflow/.local/lib/python3.12/site-packages/airflow/example_dags/example_python_operator.py
[2025-06-20T16:44:41.833+0000] {logging_mixin.py:188} INFO - [2025-06-20T16:44:41.832+0000] {dag.py:3096} INFO - Sync 1 DAGs
[2025-06-20T16:44:41.844+0000] {logging_mixin.py:188} INFO - [2025-06-20T16:44:41.844+0000] {dag.py:3954} INFO - Setting next_dagrun for example_python_operator to None, run_after=None
[2025-06-20T16:44:41.860+0000] {processor.py:183} INFO - Processing /home/airflow/.local/lib/python3.12/site-packages/airflow/example_dags/example_python_operator.py took 0.068 seconds
[2025-06-20T16:45:12.333+0000] {processor.py:161} INFO - Started process (PID=180) to work on /home/airflow/.local/lib/python3.12/site-packages/airflow/example_dags/example_python_operator.py
[2025-06-20T16:45:12.334+0000] {processor.py:830} INFO - Processing file /home/airflow/.local/lib/python3.12/site-packages/airflow/example_dags/example_python_operator.py for tasks to queue
[2025-06-20T16:45:12.336+0000] {logging_mixin.py:188} INFO - [2025-06-20T16:45:12.335+0000] {dagbag.py:540} INFO - Filling up the DagBag from /home/airflow/.local/lib/python3.12/site-packages/airflow/example_dags/example_python_operator.py
[2025-06-20T16:45:12.346+0000] {processor.py:840} INFO - DAG(s) 'example_python_operator' retrieved from /home/airflow/.local/lib/python3.12/site-packages/airflow/example_dags/example_python_operator.py
[2025-06-20T16:45:12.369+0000] {logging_mixin.py:188} INFO - [2025-06-20T16:45:12.368+0000] {dag.py:3096} INFO - Sync 1 DAGs
[2025-06-20T16:45:12.382+0000] {logging_mixin.py:188} INFO - [2025-06-20T16:45:12.382+0000] {dag.py:3954} INFO - Setting next_dagrun for example_python_operator to None, run_after=None
[2025-06-20T16:45:12.399+0000] {processor.py:183} INFO - Processing /home/airflow/.local/lib/python3.12/site-packages/airflow/example_dags/example_python_operator.py took 0.072 seconds
[2025-06-20T16:45:42.722+0000] {processor.py:161} INFO - Started process (PID=239) to work on /home/airflow/.local/lib/python3.12/site-packages/airflow/example_dags/example_python_operator.py
[2025-06-20T16:45:42.723+0000] {processor.py:830} INFO - Processing file /home/airflow/.local/lib/python3.12/site-packages/airflow/example_dags/example_python_operator.py for tasks to queue
[2025-06-20T16:45:42.725+0000] {logging_mixin.py:188} INFO - [2025-06-20T16:45:42.725+0000] {dagbag.py:540} INFO - Filling up the DagBag from /home/airflow/.local/lib/python3.12/site-packages/airflow/example_dags/example_python_operator.py
[2025-06-20T16:45:42.735+0000] {processor.py:840} INFO - DAG(s) 'example_python_operator' retrieved from /home/airflow/.local/lib/python3.12/site-packages/airflow/example_dags/example_python_operator.py
[2025-06-20T16:45:42.756+0000] {logging_mixin.py:188} INFO - [2025-06-20T16:45:42.756+0000] {dag.py:3096} INFO - Sync 1 DAGs
[2025-06-20T16:45:42.768+0000] {logging_mixin.py:188} INFO - [2025-06-20T16:45:42.768+0000] {dag.py:3954} INFO - Setting next_dagrun for example_python_operator to None, run_after=None
[2025-06-20T16:45:42.784+0000] {processor.py:183} INFO - Processing /home/airflow/.local/lib/python3.12/site-packages/airflow/example_dags/example_python_operator.py took 0.068 seconds
[2025-06-20T16:46:13.241+0000] {processor.py:161} INFO - Started process (PID=304) to work on /home/airflow/.local/lib/python3.12/site-packages/airflow/example_dags/example_python_operator.py
[2025-06-20T16:46:13.242+0000] {processor.py:830} INFO - Processing file /home/airflow/.local/lib/python3.12/site-packages/airflow/example_dags/example_python_operator.py for tasks to queue
[2025-06-20T16:46:13.244+0000] {logging_mixin.py:188} INFO - [2025-06-20T16:46:13.244+0000] {dagbag.py:540} INFO - Filling up the DagBag from /home/airflow/.local/lib/python3.12/site-packages/airflow/example_dags/example_python_operator.py
[2025-06-20T16:46:13.255+0000] {processor.py:840} INFO - DAG(s) 'example_python_operator' retrieved from /home/airflow/.local/lib/python3.12/site-packages/airflow/example_dags/example_python_operator.py
[2025-06-20T16:46:13.276+0000] {logging_mixin.py:188} INFO - [2025-06-20T16:46:13.276+0000] {dag.py:3096} INFO - Sync 1 DAGs
[2025-06-20T16:46:13.288+0000] {logging_mixin.py:188} INFO - [2025-06-20T16:46:13.288+0000] {dag.py:3954} INFO - Setting next_dagrun for example_python_operator to None, run_after=None
[2025-06-20T16:46:13.304+0000] {processor.py:183} INFO - Processing /home/airflow/.local/lib/python3.12/site-packages/airflow/example_dags/example_python_operator.py took 0.069 seconds
[2025-06-20T16:46:43.467+0000] {processor.py:161} INFO - Started process (PID=363) to work on /home/airflow/.local/lib/python3.12/site-packages/airflow/example_dags/example_python_operator.py
[2025-06-20T16:46:43.468+0000] {processor.py:830} INFO - Processing file /home/airflow/.local/lib/python3.12/site-packages/airflow/example_dags/example_python_operator.py for tasks to queue
[2025-06-20T16:46:43.470+0000] {logging_mixin.py:188} INFO - [2025-06-20T16:46:43.470+0000] {dagbag.py:540} INFO - Filling up the DagBag from /home/airflow/.local/lib/python3.12/site-packages/airflow/example_dags/example_python_operator.py
[2025-06-20T16:46:43.481+0000] {processor.py:840} INFO - DAG(s) 'example_python_operator' retrieved from /home/airflow/.local/lib/python3.12/site-packages/airflow/example_dags/example_python_operator.py
[2025-06-20T16:46:43.504+0000] {logging_mixin.py:188} INFO - [2025-06-20T16:46:43.504+0000] {dag.py:3096} INFO - Sync 1 DAGs
[2025-06-20T16:46:43.517+0000] {logging_mixin.py:188} INFO - [2025-06-20T16:46:43.517+0000] {dag.py:3954} INFO - Setting next_dagrun for example_python_operator to None, run_after=None
[2025-06-20T16:46:43.534+0000] {processor.py:183} INFO - Processing /home/airflow/.local/lib/python3.12/site-packages/airflow/example_dags/example_python_operator.py took 0.073 seconds
[2025-06-20T16:47:13.789+0000] {processor.py:161} INFO - Started process (PID=422) to work on /home/airflow/.local/lib/python3.12/site-packages/airflow/example_dags/example_python_operator.py
[2025-06-20T16:47:13.790+0000] {processor.py:830} INFO - Processing file /home/airflow/.local/lib/python3.12/site-packages/airflow/example_dags/example_python_operator.py for tasks to queue
[2025-06-20T16:47:13.791+0000] {logging_mixin.py:188} INFO - [2025-06-20T16:47:13.791+0000] {dagbag.py:540} INFO - Filling up the DagBag from /home/airflow/.local/lib/python3.12/site-packages/airflow/example_dags/example_python_operator.py
[2025-06-20T16:47:13.802+0000] {processor.py:840} INFO - DAG(s) 'example_python_operator' retrieved from /home/airflow/.local/lib/python3.12/site-packages/airflow/example_dags/example_python_operator.py
[2025-06-20T16:47:13.824+0000] {logging_mixin.py:188} INFO - [2025-06-20T16:47:13.824+0000] {dag.py:3096} INFO - Sync 1 DAGs
[2025-06-20T16:47:13.835+0000] {logging_mixin.py:188} INFO - [2025-06-20T16:47:13.835+0000] {dag.py:3954} INFO - Setting next_dagrun for example_python_operator to None, run_after=None
[2025-06-20T16:47:13.852+0000] {processor.py:183} INFO - Processing /home/airflow/.local/lib/python3.12/site-packages/airflow/example_dags/example_python_operator.py took 0.069 seconds
[2025-06-20T16:47:44.153+0000] {processor.py:161} INFO - Started process (PID=481) to work on /home/airflow/.local/lib/python3.12/site-packages/airflow/example_dags/example_python_operator.py
[2025-06-20T16:47:44.154+0000] {processor.py:830} INFO - Processing file /home/airflow/.local/lib/python3.12/site-packages/airflow/example_dags/example_python_operator.py for tasks to queue
[2025-06-20T16:47:44.156+0000] {logging_mixin.py:188} INFO - [2025-06-20T16:47:44.156+0000] {dagbag.py:540} INFO - Filling up the DagBag from /home/airflow/.local/lib/python3.12/site-packages/airflow/example_dags/example_python_operator.py
[2025-06-20T16:47:44.167+0000] {processor.py:840} INFO - DAG(s) 'example_python_operator' retrieved from /home/airflow/.local/lib/python3.12/site-packages/airflow/example_dags/example_python_operator.py
[2025-06-20T16:47:44.188+0000] {logging_mixin.py:188} INFO - [2025-06-20T16:47:44.188+0000] {dag.py:3096} INFO - Sync 1 DAGs
[2025-06-20T16:47:44.202+0000] {logging_mixin.py:188} INFO - [2025-06-20T16:47:44.202+0000] {dag.py:3954} INFO - Setting next_dagrun for example_python_operator to None, run_after=None
[2025-06-20T16:47:44.218+0000] {processor.py:183} INFO - Processing /home/airflow/.local/lib/python3.12/site-packages/airflow/example_dags/example_python_operator.py took 0.071 seconds
[2025-06-20T16:48:14.555+0000] {processor.py:161} INFO - Started process (PID=540) to work on /home/airflow/.local/lib/python3.12/site-packages/airflow/example_dags/example_python_operator.py
[2025-06-20T16:48:14.556+0000] {processor.py:830} INFO - Processing file /home/airflow/.local/lib/python3.12/site-packages/airflow/example_dags/example_python_operator.py for tasks to queue
[2025-06-20T16:48:14.558+0000] {logging_mixin.py:188} INFO - [2025-06-20T16:48:14.558+0000] {dagbag.py:540} INFO - Filling up the DagBag from /home/airflow/.local/lib/python3.12/site-packages/airflow/example_dags/example_python_operator.py
[2025-06-20T16:48:14.568+0000] {processor.py:840} INFO - DAG(s) 'example_python_operator' retrieved from /home/airflow/.local/lib/python3.12/site-packages/airflow/example_dags/example_python_operator.py
[2025-06-20T16:48:14.589+0000] {logging_mixin.py:188} INFO - [2025-06-20T16:48:14.589+0000] {dag.py:3096} INFO - Sync 1 DAGs
[2025-06-20T16:48:14.601+0000] {logging_mixin.py:188} INFO - [2025-06-20T16:48:14.601+0000] {dag.py:3954} INFO - Setting next_dagrun for example_python_operator to None, run_after=None
[2025-06-20T16:48:14.617+0000] {processor.py:183} INFO - Processing /home/airflow/.local/lib/python3.12/site-packages/airflow/example_dags/example_python_operator.py took 0.068 seconds
[2025-06-20T16:48:44.898+0000] {processor.py:161} INFO - Started process (PID=599) to work on /home/airflow/.local/lib/python3.12/site-packages/airflow/example_dags/example_python_operator.py
[2025-06-20T16:48:44.899+0000] {processor.py:830} INFO - Processing file /home/airflow/.local/lib/python3.12/site-packages/airflow/example_dags/example_python_operator.py for tasks to queue
[2025-06-20T16:48:44.901+0000] {logging_mixin.py:188} INFO - [2025-06-20T16:48:44.901+0000] {dagbag.py:540} INFO - Filling up the DagBag from /home/airflow/.local/lib/python3.12/site-packages/airflow/example_dags/example_python_operator.py
[2025-06-20T16:48:44.912+0000] {processor.py:840} INFO - DAG(s) 'example_python_operator' retrieved from /home/airflow/.local/lib/python3.12/site-packages/airflow/example_dags/example_python_operator.py
[2025-06-20T16:48:44.933+0000] {logging_mixin.py:188} INFO - [2025-06-20T16:48:44.933+0000] {dag.py:3096} INFO - Sync 1 DAGs
[2025-06-20T16:48:44.945+0000] {logging_mixin.py:188} INFO - [2025-06-20T16:48:44.945+0000] {dag.py:3954} INFO - Setting next_dagrun for example_python_operator to None, run_after=None
[2025-06-20T16:48:44.962+0000] {processor.py:183} INFO - Processing /home/airflow/.local/lib/python3.12/site-packages/airflow/example_dags/example_python_operator.py took 0.069 seconds
[2025-06-20T16:49:15.308+0000] {processor.py:161} INFO - Started process (PID=658) to work on /home/airflow/.local/lib/python3.12/site-packages/airflow/example_dags/example_python_operator.py
[2025-06-20T16:49:15.309+0000] {processor.py:830} INFO - Processing file /home/airflow/.local/lib/python3.12/site-packages/airflow/example_dags/example_python_operator.py for tasks to queue
[2025-06-20T16:49:15.311+0000] {logging_mixin.py:188} INFO - [2025-06-20T16:49:15.310+0000] {dagbag.py:540} INFO - Filling up the DagBag from /home/airflow/.local/lib/python3.12/site-packages/airflow/example_dags/example_python_operator.py
[2025-06-20T16:49:15.321+0000] {processor.py:840} INFO - DAG(s) 'example_python_operator' retrieved from /home/airflow/.local/lib/python3.12/site-packages/airflow/example_dags/example_python_operator.py
[2025-06-20T16:49:15.344+0000] {logging_mixin.py:188} INFO - [2025-06-20T16:49:15.344+0000] {dag.py:3096} INFO - Sync 1 DAGs
[2025-06-20T16:49:15.357+0000] {logging_mixin.py:188} INFO - [2025-06-20T16:49:15.357+0000] {dag.py:3954} INFO - Setting next_dagrun for example_python_operator to None, run_after=None
[2025-06-20T16:49:15.374+0000] {processor.py:183} INFO - Processing /home/airflow/.local/lib/python3.12/site-packages/airflow/example_dags/example_python_operator.py took 0.073 seconds
[2025-06-20T16:49:45.759+0000] {processor.py:161} INFO - Started process (PID=717) to work on /home/airflow/.local/lib/python3.12/site-packages/airflow/example_dags/example_python_operator.py
[2025-06-20T16:49:45.760+0000] {processor.py:830} INFO - Processing file /home/airflow/.local/lib/python3.12/site-packages/airflow/example_dags/example_python_operator.py for tasks to queue
[2025-06-20T16:49:45.762+0000] {logging_mixin.py:188} INFO - [2025-06-20T16:49:45.762+0000] {dagbag.py:540} INFO - Filling up the DagBag from /home/airflow/.local/lib/python3.12/site-packages/airflow/example_dags/example_python_operator.py
[2025-06-20T16:49:45.773+0000] {processor.py:840} INFO - DAG(s) 'example_python_operator' retrieved from /home/airflow/.local/lib/python3.12/site-packages/airflow/example_dags/example_python_operator.py
[2025-06-20T16:49:45.796+0000] {logging_mixin.py:188} INFO - [2025-06-20T16:49:45.795+0000] {dag.py:3096} INFO - Sync 1 DAGs
[2025-06-20T16:49:45.807+0000] {logging_mixin.py:188} INFO - [2025-06-20T16:49:45.807+0000] {dag.py:3954} INFO - Setting next_dagrun for example_python_operator to None, run_after=None
[2025-06-20T16:49:45.825+0000] {processor.py:183} INFO - Processing /home/airflow/.local/lib/python3.12/site-packages/airflow/example_dags/example_python_operator.py took 0.072 seconds
[2025-06-20T16:50:16.085+0000] {processor.py:161} INFO - Started process (PID=776) to work on /home/airflow/.local/lib/python3.12/site-packages/airflow/example_dags/example_python_operator.py
[2025-06-20T16:50:16.086+0000] {processor.py:830} INFO - Processing file /home/airflow/.local/lib/python3.12/site-packages/airflow/example_dags/example_python_operator.py for tasks to queue
[2025-06-20T16:50:16.088+0000] {logging_mixin.py:188} INFO - [2025-06-20T16:50:16.088+0000] {dagbag.py:540} INFO - Filling up the DagBag from /home/airflow/.local/lib/python3.12/site-packages/airflow/example_dags/example_python_operator.py
[2025-06-20T16:50:16.099+0000] {processor.py:840} INFO - DAG(s) 'example_python_operator' retrieved from /home/airflow/.local/lib/python3.12/site-packages/airflow/example_dags/example_python_operator.py
[2025-06-20T16:50:16.124+0000] {logging_mixin.py:188} INFO - [2025-06-20T16:50:16.124+0000] {dag.py:3096} INFO - Sync 1 DAGs
[2025-06-20T16:50:16.138+0000] {logging_mixin.py:188} INFO - [2025-06-20T16:50:16.137+0000] {dag.py:3954} INFO - Setting next_dagrun for example_python_operator to None, run_after=None
[2025-06-20T16:50:16.155+0000] {processor.py:183} INFO - Processing /home/airflow/.local/lib/python3.12/site-packages/airflow/example_dags/example_python_operator.py took 0.075 seconds
[2025-06-20T16:50:46.509+0000] {processor.py:161} INFO - Started process (PID=835) to work on /home/airflow/.local/lib/python3.12/site-packages/airflow/example_dags/example_python_operator.py
[2025-06-20T16:50:46.510+0000] {processor.py:830} INFO - Processing file /home/airflow/.local/lib/python3.12/site-packages/airflow/example_dags/example_python_operator.py for tasks to queue
[2025-06-20T16:50:46.512+0000] {logging_mixin.py:188} INFO - [2025-06-20T16:50:46.512+0000] {dagbag.py:540} INFO - Filling up the DagBag from /home/airflow/.local/lib/python3.12/site-packages/airflow/example_dags/example_python_operator.py
[2025-06-20T16:50:46.523+0000] {processor.py:840} INFO - DAG(s) 'example_python_operator' retrieved from /home/airflow/.local/lib/python3.12/site-packages/airflow/example_dags/example_python_operator.py
[2025-06-20T16:50:46.545+0000] {logging_mixin.py:188} INFO - [2025-06-20T16:50:46.545+0000] {dag.py:3096} INFO - Sync 1 DAGs
[2025-06-20T16:50:46.557+0000] {logging_mixin.py:188} INFO - [2025-06-20T16:50:46.557+0000] {dag.py:3954} INFO - Setting next_dagrun for example_python_operator to None, run_after=None
[2025-06-20T16:50:46.573+0000] {processor.py:183} INFO - Processing /home/airflow/.local/lib/python3.12/site-packages/airflow/example_dags/example_python_operator.py took 0.070 seconds
