[2025-06-20T14:34:48.459+0000] {processor.py:161} INFO - Started process (PID=97) to work on /home/airflow/.local/lib/python3.12/site-packages/airflow/example_dags/example_setup_teardown.py
[2025-06-20T14:34:48.460+0000] {processor.py:830} INFO - Processing file /home/airflow/.local/lib/python3.12/site-packages/airflow/example_dags/example_setup_teardown.py for tasks to queue
[2025-06-20T14:34:48.462+0000] {logging_mixin.py:188} INFO - [2025-06-20T14:34:48.461+0000] {dagbag.py:540} INFO - Filling up the DagBag from /home/airflow/.local/lib/python3.12/site-packages/airflow/example_dags/example_setup_teardown.py
[2025-06-20T14:34:48.470+0000] {processor.py:840} INFO - DAG(s) 'example_setup_teardown' retrieved from /home/airflow/.local/lib/python3.12/site-packages/airflow/example_dags/example_setup_teardown.py
[2025-06-20T14:34:48.480+0000] {logging_mixin.py:188} INFO - [2025-06-20T14:34:48.480+0000] {dag.py:3096} INFO - Sync 1 DAGs
[2025-06-20T14:34:48.502+0000] {logging_mixin.py:188} INFO - [2025-06-20T14:34:48.502+0000] {dag.py:3954} INFO - Setting next_dagrun for example_setup_teardown to 2025-06-19 00:00:00+00:00, run_after=2025-06-20 00:00:00+00:00
[2025-06-20T14:34:48.518+0000] {processor.py:183} INFO - Processing /home/airflow/.local/lib/python3.12/site-packages/airflow/example_dags/example_setup_teardown.py took 0.066 seconds
[2025-06-20T14:35:20.067+0000] {processor.py:161} INFO - Started process (PID=161) to work on /home/airflow/.local/lib/python3.12/site-packages/airflow/example_dags/example_setup_teardown.py
[2025-06-20T14:35:20.068+0000] {processor.py:830} INFO - Processing file /home/airflow/.local/lib/python3.12/site-packages/airflow/example_dags/example_setup_teardown.py for tasks to queue
[2025-06-20T14:35:20.070+0000] {logging_mixin.py:188} INFO - [2025-06-20T14:35:20.070+0000] {dagbag.py:540} INFO - Filling up the DagBag from /home/airflow/.local/lib/python3.12/site-packages/airflow/example_dags/example_setup_teardown.py
[2025-06-20T14:35:20.077+0000] {processor.py:840} INFO - DAG(s) 'example_setup_teardown' retrieved from /home/airflow/.local/lib/python3.12/site-packages/airflow/example_dags/example_setup_teardown.py
[2025-06-20T14:35:20.177+0000] {logging_mixin.py:188} INFO - [2025-06-20T14:35:20.177+0000] {dag.py:3096} INFO - Sync 1 DAGs
[2025-06-20T14:35:20.195+0000] {logging_mixin.py:188} INFO - [2025-06-20T14:35:20.195+0000] {dag.py:3954} INFO - Setting next_dagrun for example_setup_teardown to 2025-06-19 00:00:00+00:00, run_after=2025-06-20 00:00:00+00:00
[2025-06-20T14:35:20.211+0000] {processor.py:183} INFO - Processing /home/airflow/.local/lib/python3.12/site-packages/airflow/example_dags/example_setup_teardown.py took 0.150 seconds
[2025-06-20T14:35:50.746+0000] {processor.py:161} INFO - Started process (PID=219) to work on /home/airflow/.local/lib/python3.12/site-packages/airflow/example_dags/example_setup_teardown.py
[2025-06-20T14:35:50.747+0000] {processor.py:830} INFO - Processing file /home/airflow/.local/lib/python3.12/site-packages/airflow/example_dags/example_setup_teardown.py for tasks to queue
[2025-06-20T14:35:50.749+0000] {logging_mixin.py:188} INFO - [2025-06-20T14:35:50.749+0000] {dagbag.py:540} INFO - Filling up the DagBag from /home/airflow/.local/lib/python3.12/site-packages/airflow/example_dags/example_setup_teardown.py
[2025-06-20T14:35:50.756+0000] {processor.py:840} INFO - DAG(s) 'example_setup_teardown' retrieved from /home/airflow/.local/lib/python3.12/site-packages/airflow/example_dags/example_setup_teardown.py
[2025-06-20T14:35:50.776+0000] {logging_mixin.py:188} INFO - [2025-06-20T14:35:50.776+0000] {dag.py:3096} INFO - Sync 1 DAGs
[2025-06-20T14:35:50.796+0000] {logging_mixin.py:188} INFO - [2025-06-20T14:35:50.796+0000] {dag.py:3954} INFO - Setting next_dagrun for example_setup_teardown to 2025-06-19 00:00:00+00:00, run_after=2025-06-20 00:00:00+00:00
[2025-06-20T14:35:50.812+0000] {processor.py:183} INFO - Processing /home/airflow/.local/lib/python3.12/site-packages/airflow/example_dags/example_setup_teardown.py took 0.072 seconds
[2025-06-20T14:36:21.766+0000] {processor.py:161} INFO - Started process (PID=277) to work on /home/airflow/.local/lib/python3.12/site-packages/airflow/example_dags/example_setup_teardown.py
[2025-06-20T14:36:21.767+0000] {processor.py:830} INFO - Processing file /home/airflow/.local/lib/python3.12/site-packages/airflow/example_dags/example_setup_teardown.py for tasks to queue
[2025-06-20T14:36:21.769+0000] {logging_mixin.py:188} INFO - [2025-06-20T14:36:21.768+0000] {dagbag.py:540} INFO - Filling up the DagBag from /home/airflow/.local/lib/python3.12/site-packages/airflow/example_dags/example_setup_teardown.py
[2025-06-20T14:36:21.775+0000] {processor.py:840} INFO - DAG(s) 'example_setup_teardown' retrieved from /home/airflow/.local/lib/python3.12/site-packages/airflow/example_dags/example_setup_teardown.py
[2025-06-20T14:36:21.796+0000] {logging_mixin.py:188} INFO - [2025-06-20T14:36:21.796+0000] {dag.py:3096} INFO - Sync 1 DAGs
[2025-06-20T14:36:21.816+0000] {logging_mixin.py:188} INFO - [2025-06-20T14:36:21.815+0000] {dag.py:3954} INFO - Setting next_dagrun for example_setup_teardown to 2025-06-19 00:00:00+00:00, run_after=2025-06-20 00:00:00+00:00
[2025-06-20T14:36:21.830+0000] {processor.py:183} INFO - Processing /home/airflow/.local/lib/python3.12/site-packages/airflow/example_dags/example_setup_teardown.py took 0.071 seconds
[2025-06-20T14:36:52.395+0000] {processor.py:161} INFO - Started process (PID=335) to work on /home/airflow/.local/lib/python3.12/site-packages/airflow/example_dags/example_setup_teardown.py
[2025-06-20T14:36:52.395+0000] {processor.py:830} INFO - Processing file /home/airflow/.local/lib/python3.12/site-packages/airflow/example_dags/example_setup_teardown.py for tasks to queue
[2025-06-20T14:36:52.397+0000] {logging_mixin.py:188} INFO - [2025-06-20T14:36:52.397+0000] {dagbag.py:540} INFO - Filling up the DagBag from /home/airflow/.local/lib/python3.12/site-packages/airflow/example_dags/example_setup_teardown.py
[2025-06-20T14:36:52.404+0000] {processor.py:840} INFO - DAG(s) 'example_setup_teardown' retrieved from /home/airflow/.local/lib/python3.12/site-packages/airflow/example_dags/example_setup_teardown.py
[2025-06-20T14:36:52.423+0000] {logging_mixin.py:188} INFO - [2025-06-20T14:36:52.423+0000] {dag.py:3096} INFO - Sync 1 DAGs
[2025-06-20T14:36:52.442+0000] {logging_mixin.py:188} INFO - [2025-06-20T14:36:52.442+0000] {dag.py:3954} INFO - Setting next_dagrun for example_setup_teardown to 2025-06-19 00:00:00+00:00, run_after=2025-06-20 00:00:00+00:00
[2025-06-20T14:36:52.457+0000] {processor.py:183} INFO - Processing /home/airflow/.local/lib/python3.12/site-packages/airflow/example_dags/example_setup_teardown.py took 0.068 seconds
[2025-06-20T14:37:22.879+0000] {processor.py:161} INFO - Started process (PID=409) to work on /home/airflow/.local/lib/python3.12/site-packages/airflow/example_dags/example_setup_teardown.py
[2025-06-20T14:37:22.879+0000] {processor.py:830} INFO - Processing file /home/airflow/.local/lib/python3.12/site-packages/airflow/example_dags/example_setup_teardown.py for tasks to queue
[2025-06-20T14:37:22.881+0000] {logging_mixin.py:188} INFO - [2025-06-20T14:37:22.881+0000] {dagbag.py:540} INFO - Filling up the DagBag from /home/airflow/.local/lib/python3.12/site-packages/airflow/example_dags/example_setup_teardown.py
[2025-06-20T14:37:22.888+0000] {processor.py:840} INFO - DAG(s) 'example_setup_teardown' retrieved from /home/airflow/.local/lib/python3.12/site-packages/airflow/example_dags/example_setup_teardown.py
[2025-06-20T14:37:22.907+0000] {logging_mixin.py:188} INFO - [2025-06-20T14:37:22.907+0000] {dag.py:3096} INFO - Sync 1 DAGs
[2025-06-20T14:37:22.927+0000] {logging_mixin.py:188} INFO - [2025-06-20T14:37:22.927+0000] {dag.py:3954} INFO - Setting next_dagrun for example_setup_teardown to 2025-06-19 00:00:00+00:00, run_after=2025-06-20 00:00:00+00:00
[2025-06-20T14:37:22.943+0000] {processor.py:183} INFO - Processing /home/airflow/.local/lib/python3.12/site-packages/airflow/example_dags/example_setup_teardown.py took 0.070 seconds
[2025-06-20T14:37:53.437+0000] {processor.py:161} INFO - Started process (PID=467) to work on /home/airflow/.local/lib/python3.12/site-packages/airflow/example_dags/example_setup_teardown.py
[2025-06-20T14:37:53.438+0000] {processor.py:830} INFO - Processing file /home/airflow/.local/lib/python3.12/site-packages/airflow/example_dags/example_setup_teardown.py for tasks to queue
[2025-06-20T14:37:53.439+0000] {logging_mixin.py:188} INFO - [2025-06-20T14:37:53.439+0000] {dagbag.py:540} INFO - Filling up the DagBag from /home/airflow/.local/lib/python3.12/site-packages/airflow/example_dags/example_setup_teardown.py
[2025-06-20T14:37:53.446+0000] {processor.py:840} INFO - DAG(s) 'example_setup_teardown' retrieved from /home/airflow/.local/lib/python3.12/site-packages/airflow/example_dags/example_setup_teardown.py
[2025-06-20T14:37:53.465+0000] {logging_mixin.py:188} INFO - [2025-06-20T14:37:53.465+0000] {dag.py:3096} INFO - Sync 1 DAGs
[2025-06-20T14:37:53.484+0000] {logging_mixin.py:188} INFO - [2025-06-20T14:37:53.484+0000] {dag.py:3954} INFO - Setting next_dagrun for example_setup_teardown to 2025-06-19 00:00:00+00:00, run_after=2025-06-20 00:00:00+00:00
[2025-06-20T14:37:53.499+0000] {processor.py:183} INFO - Processing /home/airflow/.local/lib/python3.12/site-packages/airflow/example_dags/example_setup_teardown.py took 0.068 seconds
[2025-06-20T14:38:23.968+0000] {processor.py:161} INFO - Started process (PID=525) to work on /home/airflow/.local/lib/python3.12/site-packages/airflow/example_dags/example_setup_teardown.py
[2025-06-20T14:38:23.969+0000] {processor.py:830} INFO - Processing file /home/airflow/.local/lib/python3.12/site-packages/airflow/example_dags/example_setup_teardown.py for tasks to queue
[2025-06-20T14:38:23.970+0000] {logging_mixin.py:188} INFO - [2025-06-20T14:38:23.970+0000] {dagbag.py:540} INFO - Filling up the DagBag from /home/airflow/.local/lib/python3.12/site-packages/airflow/example_dags/example_setup_teardown.py
[2025-06-20T14:38:23.977+0000] {processor.py:840} INFO - DAG(s) 'example_setup_teardown' retrieved from /home/airflow/.local/lib/python3.12/site-packages/airflow/example_dags/example_setup_teardown.py
[2025-06-20T14:38:23.996+0000] {logging_mixin.py:188} INFO - [2025-06-20T14:38:23.996+0000] {dag.py:3096} INFO - Sync 1 DAGs
[2025-06-20T14:38:24.017+0000] {logging_mixin.py:188} INFO - [2025-06-20T14:38:24.017+0000] {dag.py:3954} INFO - Setting next_dagrun for example_setup_teardown to 2025-06-19 00:00:00+00:00, run_after=2025-06-20 00:00:00+00:00
[2025-06-20T14:38:24.033+0000] {processor.py:183} INFO - Processing /home/airflow/.local/lib/python3.12/site-packages/airflow/example_dags/example_setup_teardown.py took 0.071 seconds
[2025-06-20T14:38:54.833+0000] {processor.py:161} INFO - Started process (PID=583) to work on /home/airflow/.local/lib/python3.12/site-packages/airflow/example_dags/example_setup_teardown.py
[2025-06-20T14:38:54.834+0000] {processor.py:830} INFO - Processing file /home/airflow/.local/lib/python3.12/site-packages/airflow/example_dags/example_setup_teardown.py for tasks to queue
[2025-06-20T14:38:54.836+0000] {logging_mixin.py:188} INFO - [2025-06-20T14:38:54.836+0000] {dagbag.py:540} INFO - Filling up the DagBag from /home/airflow/.local/lib/python3.12/site-packages/airflow/example_dags/example_setup_teardown.py
[2025-06-20T14:38:54.844+0000] {processor.py:840} INFO - DAG(s) 'example_setup_teardown' retrieved from /home/airflow/.local/lib/python3.12/site-packages/airflow/example_dags/example_setup_teardown.py
[2025-06-20T14:38:54.865+0000] {logging_mixin.py:188} INFO - [2025-06-20T14:38:54.865+0000] {dag.py:3096} INFO - Sync 1 DAGs
[2025-06-20T14:38:54.886+0000] {logging_mixin.py:188} INFO - [2025-06-20T14:38:54.886+0000] {dag.py:3954} INFO - Setting next_dagrun for example_setup_teardown to 2025-06-19 00:00:00+00:00, run_after=2025-06-20 00:00:00+00:00
[2025-06-20T14:38:54.903+0000] {processor.py:183} INFO - Processing /home/airflow/.local/lib/python3.12/site-packages/airflow/example_dags/example_setup_teardown.py took 0.076 seconds
[2025-06-20T14:39:25.084+0000] {processor.py:161} INFO - Started process (PID=641) to work on /home/airflow/.local/lib/python3.12/site-packages/airflow/example_dags/example_setup_teardown.py
[2025-06-20T14:39:25.085+0000] {processor.py:830} INFO - Processing file /home/airflow/.local/lib/python3.12/site-packages/airflow/example_dags/example_setup_teardown.py for tasks to queue
[2025-06-20T14:39:25.087+0000] {logging_mixin.py:188} INFO - [2025-06-20T14:39:25.087+0000] {dagbag.py:540} INFO - Filling up the DagBag from /home/airflow/.local/lib/python3.12/site-packages/airflow/example_dags/example_setup_teardown.py
[2025-06-20T14:39:25.094+0000] {processor.py:840} INFO - DAG(s) 'example_setup_teardown' retrieved from /home/airflow/.local/lib/python3.12/site-packages/airflow/example_dags/example_setup_teardown.py
[2025-06-20T14:39:25.113+0000] {logging_mixin.py:188} INFO - [2025-06-20T14:39:25.113+0000] {dag.py:3096} INFO - Sync 1 DAGs
[2025-06-20T14:39:25.132+0000] {logging_mixin.py:188} INFO - [2025-06-20T14:39:25.132+0000] {dag.py:3954} INFO - Setting next_dagrun for example_setup_teardown to 2025-06-19 00:00:00+00:00, run_after=2025-06-20 00:00:00+00:00
[2025-06-20T14:39:25.148+0000] {processor.py:183} INFO - Processing /home/airflow/.local/lib/python3.12/site-packages/airflow/example_dags/example_setup_teardown.py took 0.069 seconds
[2025-06-20T14:39:55.416+0000] {processor.py:161} INFO - Started process (PID=699) to work on /home/airflow/.local/lib/python3.12/site-packages/airflow/example_dags/example_setup_teardown.py
[2025-06-20T14:39:55.417+0000] {processor.py:830} INFO - Processing file /home/airflow/.local/lib/python3.12/site-packages/airflow/example_dags/example_setup_teardown.py for tasks to queue
[2025-06-20T14:39:55.419+0000] {logging_mixin.py:188} INFO - [2025-06-20T14:39:55.419+0000] {dagbag.py:540} INFO - Filling up the DagBag from /home/airflow/.local/lib/python3.12/site-packages/airflow/example_dags/example_setup_teardown.py
[2025-06-20T14:39:55.425+0000] {processor.py:840} INFO - DAG(s) 'example_setup_teardown' retrieved from /home/airflow/.local/lib/python3.12/site-packages/airflow/example_dags/example_setup_teardown.py
[2025-06-20T14:39:55.446+0000] {logging_mixin.py:188} INFO - [2025-06-20T14:39:55.446+0000] {dag.py:3096} INFO - Sync 1 DAGs
[2025-06-20T14:39:55.467+0000] {logging_mixin.py:188} INFO - [2025-06-20T14:39:55.467+0000] {dag.py:3954} INFO - Setting next_dagrun for example_setup_teardown to 2025-06-19 00:00:00+00:00, run_after=2025-06-20 00:00:00+00:00
[2025-06-20T14:39:55.483+0000] {processor.py:183} INFO - Processing /home/airflow/.local/lib/python3.12/site-packages/airflow/example_dags/example_setup_teardown.py took 0.073 seconds
[2025-06-20T14:40:25.712+0000] {processor.py:161} INFO - Started process (PID=757) to work on /home/airflow/.local/lib/python3.12/site-packages/airflow/example_dags/example_setup_teardown.py
[2025-06-20T14:40:25.713+0000] {processor.py:830} INFO - Processing file /home/airflow/.local/lib/python3.12/site-packages/airflow/example_dags/example_setup_teardown.py for tasks to queue
[2025-06-20T14:40:25.715+0000] {logging_mixin.py:188} INFO - [2025-06-20T14:40:25.715+0000] {dagbag.py:540} INFO - Filling up the DagBag from /home/airflow/.local/lib/python3.12/site-packages/airflow/example_dags/example_setup_teardown.py
[2025-06-20T14:40:25.721+0000] {processor.py:840} INFO - DAG(s) 'example_setup_teardown' retrieved from /home/airflow/.local/lib/python3.12/site-packages/airflow/example_dags/example_setup_teardown.py
[2025-06-20T14:40:25.741+0000] {logging_mixin.py:188} INFO - [2025-06-20T14:40:25.740+0000] {dag.py:3096} INFO - Sync 1 DAGs
[2025-06-20T14:40:25.760+0000] {logging_mixin.py:188} INFO - [2025-06-20T14:40:25.759+0000] {dag.py:3954} INFO - Setting next_dagrun for example_setup_teardown to 2025-06-19 00:00:00+00:00, run_after=2025-06-20 00:00:00+00:00
[2025-06-20T14:40:25.775+0000] {processor.py:183} INFO - Processing /home/airflow/.local/lib/python3.12/site-packages/airflow/example_dags/example_setup_teardown.py took 0.069 seconds
[2025-06-20T14:40:55.922+0000] {processor.py:161} INFO - Started process (PID=815) to work on /home/airflow/.local/lib/python3.12/site-packages/airflow/example_dags/example_setup_teardown.py
[2025-06-20T14:40:55.923+0000] {processor.py:830} INFO - Processing file /home/airflow/.local/lib/python3.12/site-packages/airflow/example_dags/example_setup_teardown.py for tasks to queue
[2025-06-20T14:40:55.925+0000] {logging_mixin.py:188} INFO - [2025-06-20T14:40:55.924+0000] {dagbag.py:540} INFO - Filling up the DagBag from /home/airflow/.local/lib/python3.12/site-packages/airflow/example_dags/example_setup_teardown.py
[2025-06-20T14:40:55.931+0000] {processor.py:840} INFO - DAG(s) 'example_setup_teardown' retrieved from /home/airflow/.local/lib/python3.12/site-packages/airflow/example_dags/example_setup_teardown.py
[2025-06-20T14:40:55.950+0000] {logging_mixin.py:188} INFO - [2025-06-20T14:40:55.950+0000] {dag.py:3096} INFO - Sync 1 DAGs
[2025-06-20T14:40:55.969+0000] {logging_mixin.py:188} INFO - [2025-06-20T14:40:55.969+0000] {dag.py:3954} INFO - Setting next_dagrun for example_setup_teardown to 2025-06-19 00:00:00+00:00, run_after=2025-06-20 00:00:00+00:00
[2025-06-20T14:40:55.985+0000] {processor.py:183} INFO - Processing /home/airflow/.local/lib/python3.12/site-packages/airflow/example_dags/example_setup_teardown.py took 0.069 seconds
[2025-06-20T14:41:26.546+0000] {processor.py:161} INFO - Started process (PID=873) to work on /home/airflow/.local/lib/python3.12/site-packages/airflow/example_dags/example_setup_teardown.py
[2025-06-20T14:41:26.547+0000] {processor.py:830} INFO - Processing file /home/airflow/.local/lib/python3.12/site-packages/airflow/example_dags/example_setup_teardown.py for tasks to queue
[2025-06-20T14:41:26.549+0000] {logging_mixin.py:188} INFO - [2025-06-20T14:41:26.549+0000] {dagbag.py:540} INFO - Filling up the DagBag from /home/airflow/.local/lib/python3.12/site-packages/airflow/example_dags/example_setup_teardown.py
[2025-06-20T14:41:26.557+0000] {processor.py:840} INFO - DAG(s) 'example_setup_teardown' retrieved from /home/airflow/.local/lib/python3.12/site-packages/airflow/example_dags/example_setup_teardown.py
[2025-06-20T14:41:26.576+0000] {logging_mixin.py:188} INFO - [2025-06-20T14:41:26.576+0000] {dag.py:3096} INFO - Sync 1 DAGs
[2025-06-20T14:41:26.595+0000] {logging_mixin.py:188} INFO - [2025-06-20T14:41:26.595+0000] {dag.py:3954} INFO - Setting next_dagrun for example_setup_teardown to 2025-06-19 00:00:00+00:00, run_after=2025-06-20 00:00:00+00:00
[2025-06-20T14:41:26.611+0000] {processor.py:183} INFO - Processing /home/airflow/.local/lib/python3.12/site-packages/airflow/example_dags/example_setup_teardown.py took 0.071 seconds
[2025-06-20T14:41:57.591+0000] {processor.py:161} INFO - Started process (PID=931) to work on /home/airflow/.local/lib/python3.12/site-packages/airflow/example_dags/example_setup_teardown.py
[2025-06-20T14:41:57.592+0000] {processor.py:830} INFO - Processing file /home/airflow/.local/lib/python3.12/site-packages/airflow/example_dags/example_setup_teardown.py for tasks to queue
[2025-06-20T14:41:57.594+0000] {logging_mixin.py:188} INFO - [2025-06-20T14:41:57.594+0000] {dagbag.py:540} INFO - Filling up the DagBag from /home/airflow/.local/lib/python3.12/site-packages/airflow/example_dags/example_setup_teardown.py
[2025-06-20T14:41:57.601+0000] {processor.py:840} INFO - DAG(s) 'example_setup_teardown' retrieved from /home/airflow/.local/lib/python3.12/site-packages/airflow/example_dags/example_setup_teardown.py
[2025-06-20T14:41:57.621+0000] {logging_mixin.py:188} INFO - [2025-06-20T14:41:57.621+0000] {dag.py:3096} INFO - Sync 1 DAGs
[2025-06-20T14:41:57.641+0000] {logging_mixin.py:188} INFO - [2025-06-20T14:41:57.641+0000] {dag.py:3954} INFO - Setting next_dagrun for example_setup_teardown to 2025-06-19 00:00:00+00:00, run_after=2025-06-20 00:00:00+00:00
[2025-06-20T14:41:57.656+0000] {processor.py:183} INFO - Processing /home/airflow/.local/lib/python3.12/site-packages/airflow/example_dags/example_setup_teardown.py took 0.071 seconds
[2025-06-20T14:42:28.121+0000] {processor.py:161} INFO - Started process (PID=989) to work on /home/airflow/.local/lib/python3.12/site-packages/airflow/example_dags/example_setup_teardown.py
[2025-06-20T14:42:28.121+0000] {processor.py:830} INFO - Processing file /home/airflow/.local/lib/python3.12/site-packages/airflow/example_dags/example_setup_teardown.py for tasks to queue
[2025-06-20T14:42:28.123+0000] {logging_mixin.py:188} INFO - [2025-06-20T14:42:28.123+0000] {dagbag.py:540} INFO - Filling up the DagBag from /home/airflow/.local/lib/python3.12/site-packages/airflow/example_dags/example_setup_teardown.py
[2025-06-20T14:42:28.130+0000] {processor.py:840} INFO - DAG(s) 'example_setup_teardown' retrieved from /home/airflow/.local/lib/python3.12/site-packages/airflow/example_dags/example_setup_teardown.py
[2025-06-20T14:42:28.149+0000] {logging_mixin.py:188} INFO - [2025-06-20T14:42:28.149+0000] {dag.py:3096} INFO - Sync 1 DAGs
[2025-06-20T14:42:28.169+0000] {logging_mixin.py:188} INFO - [2025-06-20T14:42:28.169+0000] {dag.py:3954} INFO - Setting next_dagrun for example_setup_teardown to 2025-06-19 00:00:00+00:00, run_after=2025-06-20 00:00:00+00:00
[2025-06-20T14:42:28.185+0000] {processor.py:183} INFO - Processing /home/airflow/.local/lib/python3.12/site-packages/airflow/example_dags/example_setup_teardown.py took 0.071 seconds
[2025-06-20T14:42:58.559+0000] {processor.py:161} INFO - Started process (PID=1047) to work on /home/airflow/.local/lib/python3.12/site-packages/airflow/example_dags/example_setup_teardown.py
[2025-06-20T14:42:58.560+0000] {processor.py:830} INFO - Processing file /home/airflow/.local/lib/python3.12/site-packages/airflow/example_dags/example_setup_teardown.py for tasks to queue
[2025-06-20T14:42:58.562+0000] {logging_mixin.py:188} INFO - [2025-06-20T14:42:58.562+0000] {dagbag.py:540} INFO - Filling up the DagBag from /home/airflow/.local/lib/python3.12/site-packages/airflow/example_dags/example_setup_teardown.py
[2025-06-20T14:42:58.568+0000] {processor.py:840} INFO - DAG(s) 'example_setup_teardown' retrieved from /home/airflow/.local/lib/python3.12/site-packages/airflow/example_dags/example_setup_teardown.py
[2025-06-20T14:42:58.587+0000] {logging_mixin.py:188} INFO - [2025-06-20T14:42:58.587+0000] {dag.py:3096} INFO - Sync 1 DAGs
[2025-06-20T14:42:58.607+0000] {logging_mixin.py:188} INFO - [2025-06-20T14:42:58.607+0000] {dag.py:3954} INFO - Setting next_dagrun for example_setup_teardown to 2025-06-19 00:00:00+00:00, run_after=2025-06-20 00:00:00+00:00
[2025-06-20T14:42:58.622+0000] {processor.py:183} INFO - Processing /home/airflow/.local/lib/python3.12/site-packages/airflow/example_dags/example_setup_teardown.py took 0.069 seconds
[2025-06-20T14:43:29.252+0000] {processor.py:161} INFO - Started process (PID=1105) to work on /home/airflow/.local/lib/python3.12/site-packages/airflow/example_dags/example_setup_teardown.py
[2025-06-20T14:43:29.253+0000] {processor.py:830} INFO - Processing file /home/airflow/.local/lib/python3.12/site-packages/airflow/example_dags/example_setup_teardown.py for tasks to queue
[2025-06-20T14:43:29.256+0000] {logging_mixin.py:188} INFO - [2025-06-20T14:43:29.255+0000] {dagbag.py:540} INFO - Filling up the DagBag from /home/airflow/.local/lib/python3.12/site-packages/airflow/example_dags/example_setup_teardown.py
[2025-06-20T14:43:29.262+0000] {processor.py:840} INFO - DAG(s) 'example_setup_teardown' retrieved from /home/airflow/.local/lib/python3.12/site-packages/airflow/example_dags/example_setup_teardown.py
[2025-06-20T14:43:29.282+0000] {logging_mixin.py:188} INFO - [2025-06-20T14:43:29.282+0000] {dag.py:3096} INFO - Sync 1 DAGs
[2025-06-20T14:43:29.301+0000] {logging_mixin.py:188} INFO - [2025-06-20T14:43:29.301+0000] {dag.py:3954} INFO - Setting next_dagrun for example_setup_teardown to 2025-06-19 00:00:00+00:00, run_after=2025-06-20 00:00:00+00:00
[2025-06-20T14:43:29.317+0000] {processor.py:183} INFO - Processing /home/airflow/.local/lib/python3.12/site-packages/airflow/example_dags/example_setup_teardown.py took 0.071 seconds
[2025-06-20T14:43:59.968+0000] {processor.py:161} INFO - Started process (PID=1163) to work on /home/airflow/.local/lib/python3.12/site-packages/airflow/example_dags/example_setup_teardown.py
[2025-06-20T14:43:59.969+0000] {processor.py:830} INFO - Processing file /home/airflow/.local/lib/python3.12/site-packages/airflow/example_dags/example_setup_teardown.py for tasks to queue
[2025-06-20T14:43:59.972+0000] {logging_mixin.py:188} INFO - [2025-06-20T14:43:59.971+0000] {dagbag.py:540} INFO - Filling up the DagBag from /home/airflow/.local/lib/python3.12/site-packages/airflow/example_dags/example_setup_teardown.py
[2025-06-20T14:43:59.978+0000] {processor.py:840} INFO - DAG(s) 'example_setup_teardown' retrieved from /home/airflow/.local/lib/python3.12/site-packages/airflow/example_dags/example_setup_teardown.py
[2025-06-20T14:43:59.998+0000] {logging_mixin.py:188} INFO - [2025-06-20T14:43:59.998+0000] {dag.py:3096} INFO - Sync 1 DAGs
[2025-06-20T14:44:00.143+0000] {logging_mixin.py:188} INFO - [2025-06-20T14:44:00.143+0000] {dag.py:3954} INFO - Setting next_dagrun for example_setup_teardown to 2025-06-19 00:00:00+00:00, run_after=2025-06-20 00:00:00+00:00
[2025-06-20T14:44:00.158+0000] {processor.py:183} INFO - Processing /home/airflow/.local/lib/python3.12/site-packages/airflow/example_dags/example_setup_teardown.py took 0.195 seconds
[2025-06-20T14:44:30.233+0000] {processor.py:161} INFO - Started process (PID=1221) to work on /home/airflow/.local/lib/python3.12/site-packages/airflow/example_dags/example_setup_teardown.py
[2025-06-20T14:44:30.234+0000] {processor.py:830} INFO - Processing file /home/airflow/.local/lib/python3.12/site-packages/airflow/example_dags/example_setup_teardown.py for tasks to queue
[2025-06-20T14:44:30.236+0000] {logging_mixin.py:188} INFO - [2025-06-20T14:44:30.235+0000] {dagbag.py:540} INFO - Filling up the DagBag from /home/airflow/.local/lib/python3.12/site-packages/airflow/example_dags/example_setup_teardown.py
[2025-06-20T14:44:30.242+0000] {processor.py:840} INFO - DAG(s) 'example_setup_teardown' retrieved from /home/airflow/.local/lib/python3.12/site-packages/airflow/example_dags/example_setup_teardown.py
[2025-06-20T14:44:30.262+0000] {logging_mixin.py:188} INFO - [2025-06-20T14:44:30.262+0000] {dag.py:3096} INFO - Sync 1 DAGs
[2025-06-20T14:44:30.287+0000] {logging_mixin.py:188} INFO - [2025-06-20T14:44:30.287+0000] {dag.py:3954} INFO - Setting next_dagrun for example_setup_teardown to 2025-06-19 00:00:00+00:00, run_after=2025-06-20 00:00:00+00:00
[2025-06-20T14:44:30.421+0000] {processor.py:183} INFO - Processing /home/airflow/.local/lib/python3.12/site-packages/airflow/example_dags/example_setup_teardown.py took 0.194 seconds
[2025-06-20T14:45:01.248+0000] {processor.py:161} INFO - Started process (PID=1279) to work on /home/airflow/.local/lib/python3.12/site-packages/airflow/example_dags/example_setup_teardown.py
[2025-06-20T14:45:01.249+0000] {processor.py:830} INFO - Processing file /home/airflow/.local/lib/python3.12/site-packages/airflow/example_dags/example_setup_teardown.py for tasks to queue
[2025-06-20T14:45:01.251+0000] {logging_mixin.py:188} INFO - [2025-06-20T14:45:01.250+0000] {dagbag.py:540} INFO - Filling up the DagBag from /home/airflow/.local/lib/python3.12/site-packages/airflow/example_dags/example_setup_teardown.py
[2025-06-20T14:45:01.258+0000] {processor.py:840} INFO - DAG(s) 'example_setup_teardown' retrieved from /home/airflow/.local/lib/python3.12/site-packages/airflow/example_dags/example_setup_teardown.py
[2025-06-20T14:45:01.280+0000] {logging_mixin.py:188} INFO - [2025-06-20T14:45:01.280+0000] {dag.py:3096} INFO - Sync 1 DAGs
[2025-06-20T14:45:01.303+0000] {logging_mixin.py:188} INFO - [2025-06-20T14:45:01.303+0000] {dag.py:3954} INFO - Setting next_dagrun for example_setup_teardown to 2025-06-19 00:00:00+00:00, run_after=2025-06-20 00:00:00+00:00
[2025-06-20T14:45:01.319+0000] {processor.py:183} INFO - Processing /home/airflow/.local/lib/python3.12/site-packages/airflow/example_dags/example_setup_teardown.py took 0.078 seconds
[2025-06-20T14:45:31.906+0000] {processor.py:161} INFO - Started process (PID=1337) to work on /home/airflow/.local/lib/python3.12/site-packages/airflow/example_dags/example_setup_teardown.py
[2025-06-20T14:45:31.907+0000] {processor.py:830} INFO - Processing file /home/airflow/.local/lib/python3.12/site-packages/airflow/example_dags/example_setup_teardown.py for tasks to queue
[2025-06-20T14:45:31.909+0000] {logging_mixin.py:188} INFO - [2025-06-20T14:45:31.908+0000] {dagbag.py:540} INFO - Filling up the DagBag from /home/airflow/.local/lib/python3.12/site-packages/airflow/example_dags/example_setup_teardown.py
[2025-06-20T14:45:31.915+0000] {processor.py:840} INFO - DAG(s) 'example_setup_teardown' retrieved from /home/airflow/.local/lib/python3.12/site-packages/airflow/example_dags/example_setup_teardown.py
[2025-06-20T14:45:31.935+0000] {logging_mixin.py:188} INFO - [2025-06-20T14:45:31.935+0000] {dag.py:3096} INFO - Sync 1 DAGs
[2025-06-20T14:45:31.955+0000] {logging_mixin.py:188} INFO - [2025-06-20T14:45:31.955+0000] {dag.py:3954} INFO - Setting next_dagrun for example_setup_teardown to 2025-06-19 00:00:00+00:00, run_after=2025-06-20 00:00:00+00:00
[2025-06-20T14:45:31.970+0000] {processor.py:183} INFO - Processing /home/airflow/.local/lib/python3.12/site-packages/airflow/example_dags/example_setup_teardown.py took 0.071 seconds
[2025-06-20T14:46:02.046+0000] {processor.py:161} INFO - Started process (PID=1395) to work on /home/airflow/.local/lib/python3.12/site-packages/airflow/example_dags/example_setup_teardown.py
[2025-06-20T14:46:02.047+0000] {processor.py:830} INFO - Processing file /home/airflow/.local/lib/python3.12/site-packages/airflow/example_dags/example_setup_teardown.py for tasks to queue
[2025-06-20T14:46:02.049+0000] {logging_mixin.py:188} INFO - [2025-06-20T14:46:02.048+0000] {dagbag.py:540} INFO - Filling up the DagBag from /home/airflow/.local/lib/python3.12/site-packages/airflow/example_dags/example_setup_teardown.py
[2025-06-20T14:46:02.056+0000] {processor.py:840} INFO - DAG(s) 'example_setup_teardown' retrieved from /home/airflow/.local/lib/python3.12/site-packages/airflow/example_dags/example_setup_teardown.py
[2025-06-20T14:46:02.076+0000] {logging_mixin.py:188} INFO - [2025-06-20T14:46:02.076+0000] {dag.py:3096} INFO - Sync 1 DAGs
[2025-06-20T14:46:02.095+0000] {logging_mixin.py:188} INFO - [2025-06-20T14:46:02.095+0000] {dag.py:3954} INFO - Setting next_dagrun for example_setup_teardown to 2025-06-19 00:00:00+00:00, run_after=2025-06-20 00:00:00+00:00
[2025-06-20T14:46:02.112+0000] {processor.py:183} INFO - Processing /home/airflow/.local/lib/python3.12/site-packages/airflow/example_dags/example_setup_teardown.py took 0.071 seconds
[2025-06-20T14:46:32.311+0000] {processor.py:161} INFO - Started process (PID=1452) to work on /home/airflow/.local/lib/python3.12/site-packages/airflow/example_dags/example_setup_teardown.py
[2025-06-20T14:46:32.312+0000] {processor.py:830} INFO - Processing file /home/airflow/.local/lib/python3.12/site-packages/airflow/example_dags/example_setup_teardown.py for tasks to queue
[2025-06-20T14:46:32.314+0000] {logging_mixin.py:188} INFO - [2025-06-20T14:46:32.314+0000] {dagbag.py:540} INFO - Filling up the DagBag from /home/airflow/.local/lib/python3.12/site-packages/airflow/example_dags/example_setup_teardown.py
[2025-06-20T14:46:32.321+0000] {processor.py:840} INFO - DAG(s) 'example_setup_teardown' retrieved from /home/airflow/.local/lib/python3.12/site-packages/airflow/example_dags/example_setup_teardown.py
[2025-06-20T14:46:32.340+0000] {logging_mixin.py:188} INFO - [2025-06-20T14:46:32.339+0000] {dag.py:3096} INFO - Sync 1 DAGs
[2025-06-20T14:46:32.360+0000] {logging_mixin.py:188} INFO - [2025-06-20T14:46:32.360+0000] {dag.py:3954} INFO - Setting next_dagrun for example_setup_teardown to 2025-06-19 00:00:00+00:00, run_after=2025-06-20 00:00:00+00:00
[2025-06-20T14:46:32.375+0000] {processor.py:183} INFO - Processing /home/airflow/.local/lib/python3.12/site-packages/airflow/example_dags/example_setup_teardown.py took 0.070 seconds
[2025-06-20T14:47:02.466+0000] {processor.py:161} INFO - Started process (PID=1510) to work on /home/airflow/.local/lib/python3.12/site-packages/airflow/example_dags/example_setup_teardown.py
[2025-06-20T14:47:02.467+0000] {processor.py:830} INFO - Processing file /home/airflow/.local/lib/python3.12/site-packages/airflow/example_dags/example_setup_teardown.py for tasks to queue
[2025-06-20T14:47:02.468+0000] {logging_mixin.py:188} INFO - [2025-06-20T14:47:02.468+0000] {dagbag.py:540} INFO - Filling up the DagBag from /home/airflow/.local/lib/python3.12/site-packages/airflow/example_dags/example_setup_teardown.py
[2025-06-20T14:47:02.475+0000] {processor.py:840} INFO - DAG(s) 'example_setup_teardown' retrieved from /home/airflow/.local/lib/python3.12/site-packages/airflow/example_dags/example_setup_teardown.py
[2025-06-20T14:47:02.496+0000] {logging_mixin.py:188} INFO - [2025-06-20T14:47:02.496+0000] {dag.py:3096} INFO - Sync 1 DAGs
[2025-06-20T14:47:02.518+0000] {logging_mixin.py:188} INFO - [2025-06-20T14:47:02.518+0000] {dag.py:3954} INFO - Setting next_dagrun for example_setup_teardown to 2025-06-19 00:00:00+00:00, run_after=2025-06-20 00:00:00+00:00
[2025-06-20T14:47:02.535+0000] {processor.py:183} INFO - Processing /home/airflow/.local/lib/python3.12/site-packages/airflow/example_dags/example_setup_teardown.py took 0.076 seconds
[2025-06-20T14:47:32.677+0000] {processor.py:161} INFO - Started process (PID=1568) to work on /home/airflow/.local/lib/python3.12/site-packages/airflow/example_dags/example_setup_teardown.py
[2025-06-20T14:47:32.678+0000] {processor.py:830} INFO - Processing file /home/airflow/.local/lib/python3.12/site-packages/airflow/example_dags/example_setup_teardown.py for tasks to queue
[2025-06-20T14:47:32.680+0000] {logging_mixin.py:188} INFO - [2025-06-20T14:47:32.679+0000] {dagbag.py:540} INFO - Filling up the DagBag from /home/airflow/.local/lib/python3.12/site-packages/airflow/example_dags/example_setup_teardown.py
[2025-06-20T14:47:32.686+0000] {processor.py:840} INFO - DAG(s) 'example_setup_teardown' retrieved from /home/airflow/.local/lib/python3.12/site-packages/airflow/example_dags/example_setup_teardown.py
[2025-06-20T14:47:32.705+0000] {logging_mixin.py:188} INFO - [2025-06-20T14:47:32.705+0000] {dag.py:3096} INFO - Sync 1 DAGs
[2025-06-20T14:47:32.726+0000] {logging_mixin.py:188} INFO - [2025-06-20T14:47:32.726+0000] {dag.py:3954} INFO - Setting next_dagrun for example_setup_teardown to 2025-06-19 00:00:00+00:00, run_after=2025-06-20 00:00:00+00:00
[2025-06-20T14:47:32.742+0000] {processor.py:183} INFO - Processing /home/airflow/.local/lib/python3.12/site-packages/airflow/example_dags/example_setup_teardown.py took 0.071 seconds
[2025-06-20T14:48:03.188+0000] {processor.py:161} INFO - Started process (PID=1626) to work on /home/airflow/.local/lib/python3.12/site-packages/airflow/example_dags/example_setup_teardown.py
[2025-06-20T14:48:03.190+0000] {processor.py:830} INFO - Processing file /home/airflow/.local/lib/python3.12/site-packages/airflow/example_dags/example_setup_teardown.py for tasks to queue
[2025-06-20T14:48:03.192+0000] {logging_mixin.py:188} INFO - [2025-06-20T14:48:03.192+0000] {dagbag.py:540} INFO - Filling up the DagBag from /home/airflow/.local/lib/python3.12/site-packages/airflow/example_dags/example_setup_teardown.py
[2025-06-20T14:48:03.202+0000] {processor.py:840} INFO - DAG(s) 'example_setup_teardown' retrieved from /home/airflow/.local/lib/python3.12/site-packages/airflow/example_dags/example_setup_teardown.py
[2025-06-20T14:48:03.226+0000] {logging_mixin.py:188} INFO - [2025-06-20T14:48:03.226+0000] {dag.py:3096} INFO - Sync 1 DAGs
[2025-06-20T14:48:03.247+0000] {logging_mixin.py:188} INFO - [2025-06-20T14:48:03.247+0000] {dag.py:3954} INFO - Setting next_dagrun for example_setup_teardown to 2025-06-19 00:00:00+00:00, run_after=2025-06-20 00:00:00+00:00
[2025-06-20T14:48:03.264+0000] {processor.py:183} INFO - Processing /home/airflow/.local/lib/python3.12/site-packages/airflow/example_dags/example_setup_teardown.py took 0.084 seconds
[2025-06-20T14:48:33.343+0000] {processor.py:161} INFO - Started process (PID=1684) to work on /home/airflow/.local/lib/python3.12/site-packages/airflow/example_dags/example_setup_teardown.py
[2025-06-20T14:48:33.344+0000] {processor.py:830} INFO - Processing file /home/airflow/.local/lib/python3.12/site-packages/airflow/example_dags/example_setup_teardown.py for tasks to queue
[2025-06-20T14:48:33.346+0000] {logging_mixin.py:188} INFO - [2025-06-20T14:48:33.346+0000] {dagbag.py:540} INFO - Filling up the DagBag from /home/airflow/.local/lib/python3.12/site-packages/airflow/example_dags/example_setup_teardown.py
[2025-06-20T14:48:33.353+0000] {processor.py:840} INFO - DAG(s) 'example_setup_teardown' retrieved from /home/airflow/.local/lib/python3.12/site-packages/airflow/example_dags/example_setup_teardown.py
[2025-06-20T14:48:33.374+0000] {logging_mixin.py:188} INFO - [2025-06-20T14:48:33.374+0000] {dag.py:3096} INFO - Sync 1 DAGs
[2025-06-20T14:48:33.395+0000] {logging_mixin.py:188} INFO - [2025-06-20T14:48:33.395+0000] {dag.py:3954} INFO - Setting next_dagrun for example_setup_teardown to 2025-06-19 00:00:00+00:00, run_after=2025-06-20 00:00:00+00:00
[2025-06-20T14:48:33.413+0000] {processor.py:183} INFO - Processing /home/airflow/.local/lib/python3.12/site-packages/airflow/example_dags/example_setup_teardown.py took 0.075 seconds
[2025-06-20T14:49:03.680+0000] {processor.py:161} INFO - Started process (PID=1742) to work on /home/airflow/.local/lib/python3.12/site-packages/airflow/example_dags/example_setup_teardown.py
[2025-06-20T14:49:03.681+0000] {processor.py:830} INFO - Processing file /home/airflow/.local/lib/python3.12/site-packages/airflow/example_dags/example_setup_teardown.py for tasks to queue
[2025-06-20T14:49:03.683+0000] {logging_mixin.py:188} INFO - [2025-06-20T14:49:03.682+0000] {dagbag.py:540} INFO - Filling up the DagBag from /home/airflow/.local/lib/python3.12/site-packages/airflow/example_dags/example_setup_teardown.py
[2025-06-20T14:49:03.689+0000] {processor.py:840} INFO - DAG(s) 'example_setup_teardown' retrieved from /home/airflow/.local/lib/python3.12/site-packages/airflow/example_dags/example_setup_teardown.py
[2025-06-20T14:49:03.708+0000] {logging_mixin.py:188} INFO - [2025-06-20T14:49:03.708+0000] {dag.py:3096} INFO - Sync 1 DAGs
[2025-06-20T14:49:03.728+0000] {logging_mixin.py:188} INFO - [2025-06-20T14:49:03.728+0000] {dag.py:3954} INFO - Setting next_dagrun for example_setup_teardown to 2025-06-19 00:00:00+00:00, run_after=2025-06-20 00:00:00+00:00
[2025-06-20T14:49:03.743+0000] {processor.py:183} INFO - Processing /home/airflow/.local/lib/python3.12/site-packages/airflow/example_dags/example_setup_teardown.py took 0.068 seconds
[2025-06-20T14:49:34.052+0000] {processor.py:161} INFO - Started process (PID=1800) to work on /home/airflow/.local/lib/python3.12/site-packages/airflow/example_dags/example_setup_teardown.py
[2025-06-20T14:49:34.053+0000] {processor.py:830} INFO - Processing file /home/airflow/.local/lib/python3.12/site-packages/airflow/example_dags/example_setup_teardown.py for tasks to queue
[2025-06-20T14:49:34.054+0000] {logging_mixin.py:188} INFO - [2025-06-20T14:49:34.054+0000] {dagbag.py:540} INFO - Filling up the DagBag from /home/airflow/.local/lib/python3.12/site-packages/airflow/example_dags/example_setup_teardown.py
[2025-06-20T14:49:34.061+0000] {processor.py:840} INFO - DAG(s) 'example_setup_teardown' retrieved from /home/airflow/.local/lib/python3.12/site-packages/airflow/example_dags/example_setup_teardown.py
[2025-06-20T14:49:34.079+0000] {logging_mixin.py:188} INFO - [2025-06-20T14:49:34.079+0000] {dag.py:3096} INFO - Sync 1 DAGs
[2025-06-20T14:49:34.099+0000] {logging_mixin.py:188} INFO - [2025-06-20T14:49:34.099+0000] {dag.py:3954} INFO - Setting next_dagrun for example_setup_teardown to 2025-06-19 00:00:00+00:00, run_after=2025-06-20 00:00:00+00:00
[2025-06-20T14:49:34.115+0000] {processor.py:183} INFO - Processing /home/airflow/.local/lib/python3.12/site-packages/airflow/example_dags/example_setup_teardown.py took 0.069 seconds
[2025-06-20T14:50:04.241+0000] {processor.py:161} INFO - Started process (PID=1858) to work on /home/airflow/.local/lib/python3.12/site-packages/airflow/example_dags/example_setup_teardown.py
[2025-06-20T14:50:04.242+0000] {processor.py:830} INFO - Processing file /home/airflow/.local/lib/python3.12/site-packages/airflow/example_dags/example_setup_teardown.py for tasks to queue
[2025-06-20T14:50:04.244+0000] {logging_mixin.py:188} INFO - [2025-06-20T14:50:04.244+0000] {dagbag.py:540} INFO - Filling up the DagBag from /home/airflow/.local/lib/python3.12/site-packages/airflow/example_dags/example_setup_teardown.py
[2025-06-20T14:50:04.251+0000] {processor.py:840} INFO - DAG(s) 'example_setup_teardown' retrieved from /home/airflow/.local/lib/python3.12/site-packages/airflow/example_dags/example_setup_teardown.py
[2025-06-20T14:50:04.270+0000] {logging_mixin.py:188} INFO - [2025-06-20T14:50:04.270+0000] {dag.py:3096} INFO - Sync 1 DAGs
[2025-06-20T14:50:04.290+0000] {logging_mixin.py:188} INFO - [2025-06-20T14:50:04.290+0000] {dag.py:3954} INFO - Setting next_dagrun for example_setup_teardown to 2025-06-19 00:00:00+00:00, run_after=2025-06-20 00:00:00+00:00
[2025-06-20T14:50:04.306+0000] {processor.py:183} INFO - Processing /home/airflow/.local/lib/python3.12/site-packages/airflow/example_dags/example_setup_teardown.py took 0.071 seconds
[2025-06-20T14:50:35.312+0000] {processor.py:161} INFO - Started process (PID=1916) to work on /home/airflow/.local/lib/python3.12/site-packages/airflow/example_dags/example_setup_teardown.py
[2025-06-20T14:50:35.313+0000] {processor.py:830} INFO - Processing file /home/airflow/.local/lib/python3.12/site-packages/airflow/example_dags/example_setup_teardown.py for tasks to queue
[2025-06-20T14:50:35.315+0000] {logging_mixin.py:188} INFO - [2025-06-20T14:50:35.315+0000] {dagbag.py:540} INFO - Filling up the DagBag from /home/airflow/.local/lib/python3.12/site-packages/airflow/example_dags/example_setup_teardown.py
[2025-06-20T14:50:35.323+0000] {processor.py:840} INFO - DAG(s) 'example_setup_teardown' retrieved from /home/airflow/.local/lib/python3.12/site-packages/airflow/example_dags/example_setup_teardown.py
[2025-06-20T14:50:35.343+0000] {logging_mixin.py:188} INFO - [2025-06-20T14:50:35.343+0000] {dag.py:3096} INFO - Sync 1 DAGs
[2025-06-20T14:50:35.363+0000] {logging_mixin.py:188} INFO - [2025-06-20T14:50:35.363+0000] {dag.py:3954} INFO - Setting next_dagrun for example_setup_teardown to 2025-06-19 00:00:00+00:00, run_after=2025-06-20 00:00:00+00:00
[2025-06-20T14:50:35.379+0000] {processor.py:183} INFO - Processing /home/airflow/.local/lib/python3.12/site-packages/airflow/example_dags/example_setup_teardown.py took 0.073 seconds
[2025-06-20T14:51:05.503+0000] {processor.py:161} INFO - Started process (PID=1974) to work on /home/airflow/.local/lib/python3.12/site-packages/airflow/example_dags/example_setup_teardown.py
[2025-06-20T14:51:05.504+0000] {processor.py:830} INFO - Processing file /home/airflow/.local/lib/python3.12/site-packages/airflow/example_dags/example_setup_teardown.py for tasks to queue
[2025-06-20T14:51:05.506+0000] {logging_mixin.py:188} INFO - [2025-06-20T14:51:05.506+0000] {dagbag.py:540} INFO - Filling up the DagBag from /home/airflow/.local/lib/python3.12/site-packages/airflow/example_dags/example_setup_teardown.py
[2025-06-20T14:51:05.513+0000] {processor.py:840} INFO - DAG(s) 'example_setup_teardown' retrieved from /home/airflow/.local/lib/python3.12/site-packages/airflow/example_dags/example_setup_teardown.py
[2025-06-20T14:51:05.535+0000] {logging_mixin.py:188} INFO - [2025-06-20T14:51:05.534+0000] {dag.py:3096} INFO - Sync 1 DAGs
[2025-06-20T14:51:05.555+0000] {logging_mixin.py:188} INFO - [2025-06-20T14:51:05.555+0000] {dag.py:3954} INFO - Setting next_dagrun for example_setup_teardown to 2025-06-19 00:00:00+00:00, run_after=2025-06-20 00:00:00+00:00
[2025-06-20T14:51:05.572+0000] {processor.py:183} INFO - Processing /home/airflow/.local/lib/python3.12/site-packages/airflow/example_dags/example_setup_teardown.py took 0.075 seconds
[2025-06-20T14:51:35.651+0000] {processor.py:161} INFO - Started process (PID=2032) to work on /home/airflow/.local/lib/python3.12/site-packages/airflow/example_dags/example_setup_teardown.py
[2025-06-20T14:51:35.652+0000] {processor.py:830} INFO - Processing file /home/airflow/.local/lib/python3.12/site-packages/airflow/example_dags/example_setup_teardown.py for tasks to queue
[2025-06-20T14:51:35.654+0000] {logging_mixin.py:188} INFO - [2025-06-20T14:51:35.654+0000] {dagbag.py:540} INFO - Filling up the DagBag from /home/airflow/.local/lib/python3.12/site-packages/airflow/example_dags/example_setup_teardown.py
[2025-06-20T14:51:35.661+0000] {processor.py:840} INFO - DAG(s) 'example_setup_teardown' retrieved from /home/airflow/.local/lib/python3.12/site-packages/airflow/example_dags/example_setup_teardown.py
[2025-06-20T14:51:35.681+0000] {logging_mixin.py:188} INFO - [2025-06-20T14:51:35.681+0000] {dag.py:3096} INFO - Sync 1 DAGs
[2025-06-20T14:51:35.701+0000] {logging_mixin.py:188} INFO - [2025-06-20T14:51:35.701+0000] {dag.py:3954} INFO - Setting next_dagrun for example_setup_teardown to 2025-06-19 00:00:00+00:00, run_after=2025-06-20 00:00:00+00:00
[2025-06-20T14:51:35.717+0000] {processor.py:183} INFO - Processing /home/airflow/.local/lib/python3.12/site-packages/airflow/example_dags/example_setup_teardown.py took 0.072 seconds
[2025-06-20T14:52:05.848+0000] {processor.py:161} INFO - Started process (PID=2090) to work on /home/airflow/.local/lib/python3.12/site-packages/airflow/example_dags/example_setup_teardown.py
[2025-06-20T14:52:05.849+0000] {processor.py:830} INFO - Processing file /home/airflow/.local/lib/python3.12/site-packages/airflow/example_dags/example_setup_teardown.py for tasks to queue
[2025-06-20T14:52:05.851+0000] {logging_mixin.py:188} INFO - [2025-06-20T14:52:05.851+0000] {dagbag.py:540} INFO - Filling up the DagBag from /home/airflow/.local/lib/python3.12/site-packages/airflow/example_dags/example_setup_teardown.py
[2025-06-20T14:52:05.858+0000] {processor.py:840} INFO - DAG(s) 'example_setup_teardown' retrieved from /home/airflow/.local/lib/python3.12/site-packages/airflow/example_dags/example_setup_teardown.py
[2025-06-20T14:52:05.878+0000] {logging_mixin.py:188} INFO - [2025-06-20T14:52:05.878+0000] {dag.py:3096} INFO - Sync 1 DAGs
[2025-06-20T14:52:05.899+0000] {logging_mixin.py:188} INFO - [2025-06-20T14:52:05.899+0000] {dag.py:3954} INFO - Setting next_dagrun for example_setup_teardown to 2025-06-19 00:00:00+00:00, run_after=2025-06-20 00:00:00+00:00
[2025-06-20T14:52:05.915+0000] {processor.py:183} INFO - Processing /home/airflow/.local/lib/python3.12/site-packages/airflow/example_dags/example_setup_teardown.py took 0.074 seconds
[2025-06-20T14:52:36.939+0000] {processor.py:161} INFO - Started process (PID=2148) to work on /home/airflow/.local/lib/python3.12/site-packages/airflow/example_dags/example_setup_teardown.py
[2025-06-20T14:52:36.940+0000] {processor.py:830} INFO - Processing file /home/airflow/.local/lib/python3.12/site-packages/airflow/example_dags/example_setup_teardown.py for tasks to queue
[2025-06-20T14:52:36.946+0000] {logging_mixin.py:188} INFO - [2025-06-20T14:52:36.946+0000] {dagbag.py:540} INFO - Filling up the DagBag from /home/airflow/.local/lib/python3.12/site-packages/airflow/example_dags/example_setup_teardown.py
[2025-06-20T14:52:36.953+0000] {processor.py:840} INFO - DAG(s) 'example_setup_teardown' retrieved from /home/airflow/.local/lib/python3.12/site-packages/airflow/example_dags/example_setup_teardown.py
[2025-06-20T14:52:36.974+0000] {logging_mixin.py:188} INFO - [2025-06-20T14:52:36.974+0000] {dag.py:3096} INFO - Sync 1 DAGs
[2025-06-20T14:52:36.996+0000] {logging_mixin.py:188} INFO - [2025-06-20T14:52:36.995+0000] {dag.py:3954} INFO - Setting next_dagrun for example_setup_teardown to 2025-06-19 00:00:00+00:00, run_after=2025-06-20 00:00:00+00:00
[2025-06-20T14:52:37.012+0000] {processor.py:183} INFO - Processing /home/airflow/.local/lib/python3.12/site-packages/airflow/example_dags/example_setup_teardown.py took 0.079 seconds
[2025-06-20T14:53:07.098+0000] {processor.py:161} INFO - Started process (PID=2206) to work on /home/airflow/.local/lib/python3.12/site-packages/airflow/example_dags/example_setup_teardown.py
[2025-06-20T14:53:07.099+0000] {processor.py:830} INFO - Processing file /home/airflow/.local/lib/python3.12/site-packages/airflow/example_dags/example_setup_teardown.py for tasks to queue
[2025-06-20T14:53:07.101+0000] {logging_mixin.py:188} INFO - [2025-06-20T14:53:07.101+0000] {dagbag.py:540} INFO - Filling up the DagBag from /home/airflow/.local/lib/python3.12/site-packages/airflow/example_dags/example_setup_teardown.py
[2025-06-20T14:53:07.108+0000] {processor.py:840} INFO - DAG(s) 'example_setup_teardown' retrieved from /home/airflow/.local/lib/python3.12/site-packages/airflow/example_dags/example_setup_teardown.py
[2025-06-20T14:53:07.127+0000] {logging_mixin.py:188} INFO - [2025-06-20T14:53:07.127+0000] {dag.py:3096} INFO - Sync 1 DAGs
[2025-06-20T14:53:07.147+0000] {logging_mixin.py:188} INFO - [2025-06-20T14:53:07.147+0000] {dag.py:3954} INFO - Setting next_dagrun for example_setup_teardown to 2025-06-19 00:00:00+00:00, run_after=2025-06-20 00:00:00+00:00
[2025-06-20T14:53:07.163+0000] {processor.py:183} INFO - Processing /home/airflow/.local/lib/python3.12/site-packages/airflow/example_dags/example_setup_teardown.py took 0.071 seconds
[2025-06-20T14:53:37.409+0000] {processor.py:161} INFO - Started process (PID=2264) to work on /home/airflow/.local/lib/python3.12/site-packages/airflow/example_dags/example_setup_teardown.py
[2025-06-20T14:53:37.410+0000] {processor.py:830} INFO - Processing file /home/airflow/.local/lib/python3.12/site-packages/airflow/example_dags/example_setup_teardown.py for tasks to queue
[2025-06-20T14:53:37.412+0000] {logging_mixin.py:188} INFO - [2025-06-20T14:53:37.412+0000] {dagbag.py:540} INFO - Filling up the DagBag from /home/airflow/.local/lib/python3.12/site-packages/airflow/example_dags/example_setup_teardown.py
[2025-06-20T14:53:37.419+0000] {processor.py:840} INFO - DAG(s) 'example_setup_teardown' retrieved from /home/airflow/.local/lib/python3.12/site-packages/airflow/example_dags/example_setup_teardown.py
[2025-06-20T14:53:37.439+0000] {logging_mixin.py:188} INFO - [2025-06-20T14:53:37.439+0000] {dag.py:3096} INFO - Sync 1 DAGs
[2025-06-20T14:53:37.459+0000] {logging_mixin.py:188} INFO - [2025-06-20T14:53:37.459+0000] {dag.py:3954} INFO - Setting next_dagrun for example_setup_teardown to 2025-06-19 00:00:00+00:00, run_after=2025-06-20 00:00:00+00:00
[2025-06-20T14:53:37.477+0000] {processor.py:183} INFO - Processing /home/airflow/.local/lib/python3.12/site-packages/airflow/example_dags/example_setup_teardown.py took 0.075 seconds
[2025-06-20T14:54:08.326+0000] {processor.py:161} INFO - Started process (PID=2322) to work on /home/airflow/.local/lib/python3.12/site-packages/airflow/example_dags/example_setup_teardown.py
[2025-06-20T14:54:08.327+0000] {processor.py:830} INFO - Processing file /home/airflow/.local/lib/python3.12/site-packages/airflow/example_dags/example_setup_teardown.py for tasks to queue
[2025-06-20T14:54:08.328+0000] {logging_mixin.py:188} INFO - [2025-06-20T14:54:08.328+0000] {dagbag.py:540} INFO - Filling up the DagBag from /home/airflow/.local/lib/python3.12/site-packages/airflow/example_dags/example_setup_teardown.py
[2025-06-20T14:54:08.335+0000] {processor.py:840} INFO - DAG(s) 'example_setup_teardown' retrieved from /home/airflow/.local/lib/python3.12/site-packages/airflow/example_dags/example_setup_teardown.py
[2025-06-20T14:54:08.357+0000] {logging_mixin.py:188} INFO - [2025-06-20T14:54:08.357+0000] {dag.py:3096} INFO - Sync 1 DAGs
[2025-06-20T14:54:08.378+0000] {logging_mixin.py:188} INFO - [2025-06-20T14:54:08.378+0000] {dag.py:3954} INFO - Setting next_dagrun for example_setup_teardown to 2025-06-19 00:00:00+00:00, run_after=2025-06-20 00:00:00+00:00
[2025-06-20T14:54:08.395+0000] {processor.py:183} INFO - Processing /home/airflow/.local/lib/python3.12/site-packages/airflow/example_dags/example_setup_teardown.py took 0.076 seconds
[2025-06-20T14:54:39.396+0000] {processor.py:161} INFO - Started process (PID=2380) to work on /home/airflow/.local/lib/python3.12/site-packages/airflow/example_dags/example_setup_teardown.py
[2025-06-20T14:54:39.397+0000] {processor.py:830} INFO - Processing file /home/airflow/.local/lib/python3.12/site-packages/airflow/example_dags/example_setup_teardown.py for tasks to queue
[2025-06-20T14:54:39.399+0000] {logging_mixin.py:188} INFO - [2025-06-20T14:54:39.398+0000] {dagbag.py:540} INFO - Filling up the DagBag from /home/airflow/.local/lib/python3.12/site-packages/airflow/example_dags/example_setup_teardown.py
[2025-06-20T14:54:39.406+0000] {processor.py:840} INFO - DAG(s) 'example_setup_teardown' retrieved from /home/airflow/.local/lib/python3.12/site-packages/airflow/example_dags/example_setup_teardown.py
[2025-06-20T14:54:39.426+0000] {logging_mixin.py:188} INFO - [2025-06-20T14:54:39.426+0000] {dag.py:3096} INFO - Sync 1 DAGs
[2025-06-20T14:54:39.446+0000] {logging_mixin.py:188} INFO - [2025-06-20T14:54:39.446+0000] {dag.py:3954} INFO - Setting next_dagrun for example_setup_teardown to 2025-06-19 00:00:00+00:00, run_after=2025-06-20 00:00:00+00:00
[2025-06-20T14:54:39.463+0000] {processor.py:183} INFO - Processing /home/airflow/.local/lib/python3.12/site-packages/airflow/example_dags/example_setup_teardown.py took 0.073 seconds
[2025-06-20T14:55:09.616+0000] {processor.py:161} INFO - Started process (PID=2439) to work on /home/airflow/.local/lib/python3.12/site-packages/airflow/example_dags/example_setup_teardown.py
[2025-06-20T14:55:09.616+0000] {processor.py:830} INFO - Processing file /home/airflow/.local/lib/python3.12/site-packages/airflow/example_dags/example_setup_teardown.py for tasks to queue
[2025-06-20T14:55:09.618+0000] {logging_mixin.py:188} INFO - [2025-06-20T14:55:09.618+0000] {dagbag.py:540} INFO - Filling up the DagBag from /home/airflow/.local/lib/python3.12/site-packages/airflow/example_dags/example_setup_teardown.py
[2025-06-20T14:55:09.625+0000] {processor.py:840} INFO - DAG(s) 'example_setup_teardown' retrieved from /home/airflow/.local/lib/python3.12/site-packages/airflow/example_dags/example_setup_teardown.py
[2025-06-20T14:55:09.644+0000] {logging_mixin.py:188} INFO - [2025-06-20T14:55:09.644+0000] {dag.py:3096} INFO - Sync 1 DAGs
[2025-06-20T14:55:09.664+0000] {logging_mixin.py:188} INFO - [2025-06-20T14:55:09.663+0000] {dag.py:3954} INFO - Setting next_dagrun for example_setup_teardown to 2025-06-19 00:00:00+00:00, run_after=2025-06-20 00:00:00+00:00
[2025-06-20T14:55:09.679+0000] {processor.py:183} INFO - Processing /home/airflow/.local/lib/python3.12/site-packages/airflow/example_dags/example_setup_teardown.py took 0.070 seconds
[2025-06-20T14:55:39.769+0000] {processor.py:161} INFO - Started process (PID=2498) to work on /home/airflow/.local/lib/python3.12/site-packages/airflow/example_dags/example_setup_teardown.py
[2025-06-20T14:55:39.770+0000] {processor.py:830} INFO - Processing file /home/airflow/.local/lib/python3.12/site-packages/airflow/example_dags/example_setup_teardown.py for tasks to queue
[2025-06-20T14:55:39.772+0000] {logging_mixin.py:188} INFO - [2025-06-20T14:55:39.772+0000] {dagbag.py:540} INFO - Filling up the DagBag from /home/airflow/.local/lib/python3.12/site-packages/airflow/example_dags/example_setup_teardown.py
[2025-06-20T14:55:39.779+0000] {processor.py:840} INFO - DAG(s) 'example_setup_teardown' retrieved from /home/airflow/.local/lib/python3.12/site-packages/airflow/example_dags/example_setup_teardown.py
[2025-06-20T14:55:39.802+0000] {logging_mixin.py:188} INFO - [2025-06-20T14:55:39.802+0000] {dag.py:3096} INFO - Sync 1 DAGs
[2025-06-20T14:55:39.823+0000] {logging_mixin.py:188} INFO - [2025-06-20T14:55:39.823+0000] {dag.py:3954} INFO - Setting next_dagrun for example_setup_teardown to 2025-06-19 00:00:00+00:00, run_after=2025-06-20 00:00:00+00:00
[2025-06-20T14:55:39.838+0000] {processor.py:183} INFO - Processing /home/airflow/.local/lib/python3.12/site-packages/airflow/example_dags/example_setup_teardown.py took 0.075 seconds
[2025-06-20T14:56:10.165+0000] {processor.py:161} INFO - Started process (PID=2557) to work on /home/airflow/.local/lib/python3.12/site-packages/airflow/example_dags/example_setup_teardown.py
[2025-06-20T14:56:10.166+0000] {processor.py:830} INFO - Processing file /home/airflow/.local/lib/python3.12/site-packages/airflow/example_dags/example_setup_teardown.py for tasks to queue
[2025-06-20T14:56:10.168+0000] {logging_mixin.py:188} INFO - [2025-06-20T14:56:10.168+0000] {dagbag.py:540} INFO - Filling up the DagBag from /home/airflow/.local/lib/python3.12/site-packages/airflow/example_dags/example_setup_teardown.py
[2025-06-20T14:56:10.175+0000] {processor.py:840} INFO - DAG(s) 'example_setup_teardown' retrieved from /home/airflow/.local/lib/python3.12/site-packages/airflow/example_dags/example_setup_teardown.py
[2025-06-20T14:56:10.194+0000] {logging_mixin.py:188} INFO - [2025-06-20T14:56:10.194+0000] {dag.py:3096} INFO - Sync 1 DAGs
[2025-06-20T14:56:10.214+0000] {logging_mixin.py:188} INFO - [2025-06-20T14:56:10.213+0000] {dag.py:3954} INFO - Setting next_dagrun for example_setup_teardown to 2025-06-19 00:00:00+00:00, run_after=2025-06-20 00:00:00+00:00
[2025-06-20T14:56:10.229+0000] {processor.py:183} INFO - Processing /home/airflow/.local/lib/python3.12/site-packages/airflow/example_dags/example_setup_teardown.py took 0.070 seconds
[2025-06-20T14:56:40.346+0000] {processor.py:161} INFO - Started process (PID=2616) to work on /home/airflow/.local/lib/python3.12/site-packages/airflow/example_dags/example_setup_teardown.py
[2025-06-20T14:56:40.347+0000] {processor.py:830} INFO - Processing file /home/airflow/.local/lib/python3.12/site-packages/airflow/example_dags/example_setup_teardown.py for tasks to queue
[2025-06-20T14:56:40.349+0000] {logging_mixin.py:188} INFO - [2025-06-20T14:56:40.349+0000] {dagbag.py:540} INFO - Filling up the DagBag from /home/airflow/.local/lib/python3.12/site-packages/airflow/example_dags/example_setup_teardown.py
[2025-06-20T14:56:40.356+0000] {processor.py:840} INFO - DAG(s) 'example_setup_teardown' retrieved from /home/airflow/.local/lib/python3.12/site-packages/airflow/example_dags/example_setup_teardown.py
[2025-06-20T14:56:40.374+0000] {logging_mixin.py:188} INFO - [2025-06-20T14:56:40.374+0000] {dag.py:3096} INFO - Sync 1 DAGs
[2025-06-20T14:56:40.394+0000] {logging_mixin.py:188} INFO - [2025-06-20T14:56:40.394+0000] {dag.py:3954} INFO - Setting next_dagrun for example_setup_teardown to 2025-06-19 00:00:00+00:00, run_after=2025-06-20 00:00:00+00:00
[2025-06-20T14:56:40.409+0000] {processor.py:183} INFO - Processing /home/airflow/.local/lib/python3.12/site-packages/airflow/example_dags/example_setup_teardown.py took 0.069 seconds
[2025-06-20T14:57:10.577+0000] {processor.py:161} INFO - Started process (PID=2675) to work on /home/airflow/.local/lib/python3.12/site-packages/airflow/example_dags/example_setup_teardown.py
[2025-06-20T14:57:10.578+0000] {processor.py:830} INFO - Processing file /home/airflow/.local/lib/python3.12/site-packages/airflow/example_dags/example_setup_teardown.py for tasks to queue
[2025-06-20T14:57:10.580+0000] {logging_mixin.py:188} INFO - [2025-06-20T14:57:10.580+0000] {dagbag.py:540} INFO - Filling up the DagBag from /home/airflow/.local/lib/python3.12/site-packages/airflow/example_dags/example_setup_teardown.py
[2025-06-20T14:57:10.586+0000] {processor.py:840} INFO - DAG(s) 'example_setup_teardown' retrieved from /home/airflow/.local/lib/python3.12/site-packages/airflow/example_dags/example_setup_teardown.py
[2025-06-20T14:57:10.605+0000] {logging_mixin.py:188} INFO - [2025-06-20T14:57:10.605+0000] {dag.py:3096} INFO - Sync 1 DAGs
[2025-06-20T14:57:10.624+0000] {logging_mixin.py:188} INFO - [2025-06-20T14:57:10.624+0000] {dag.py:3954} INFO - Setting next_dagrun for example_setup_teardown to 2025-06-19 00:00:00+00:00, run_after=2025-06-20 00:00:00+00:00
[2025-06-20T14:57:10.639+0000] {processor.py:183} INFO - Processing /home/airflow/.local/lib/python3.12/site-packages/airflow/example_dags/example_setup_teardown.py took 0.068 seconds
[2025-06-20T14:57:40.806+0000] {processor.py:161} INFO - Started process (PID=2734) to work on /home/airflow/.local/lib/python3.12/site-packages/airflow/example_dags/example_setup_teardown.py
[2025-06-20T14:57:40.807+0000] {processor.py:830} INFO - Processing file /home/airflow/.local/lib/python3.12/site-packages/airflow/example_dags/example_setup_teardown.py for tasks to queue
[2025-06-20T14:57:40.809+0000] {logging_mixin.py:188} INFO - [2025-06-20T14:57:40.809+0000] {dagbag.py:540} INFO - Filling up the DagBag from /home/airflow/.local/lib/python3.12/site-packages/airflow/example_dags/example_setup_teardown.py
[2025-06-20T14:57:40.816+0000] {processor.py:840} INFO - DAG(s) 'example_setup_teardown' retrieved from /home/airflow/.local/lib/python3.12/site-packages/airflow/example_dags/example_setup_teardown.py
[2025-06-20T14:57:40.837+0000] {logging_mixin.py:188} INFO - [2025-06-20T14:57:40.836+0000] {dag.py:3096} INFO - Sync 1 DAGs
[2025-06-20T14:57:40.859+0000] {logging_mixin.py:188} INFO - [2025-06-20T14:57:40.858+0000] {dag.py:3954} INFO - Setting next_dagrun for example_setup_teardown to 2025-06-19 00:00:00+00:00, run_after=2025-06-20 00:00:00+00:00
[2025-06-20T14:57:40.875+0000] {processor.py:183} INFO - Processing /home/airflow/.local/lib/python3.12/site-packages/airflow/example_dags/example_setup_teardown.py took 0.075 seconds
[2025-06-20T14:58:10.981+0000] {processor.py:161} INFO - Started process (PID=2793) to work on /home/airflow/.local/lib/python3.12/site-packages/airflow/example_dags/example_setup_teardown.py
[2025-06-20T14:58:10.982+0000] {processor.py:830} INFO - Processing file /home/airflow/.local/lib/python3.12/site-packages/airflow/example_dags/example_setup_teardown.py for tasks to queue
[2025-06-20T14:58:10.985+0000] {logging_mixin.py:188} INFO - [2025-06-20T14:58:10.984+0000] {dagbag.py:540} INFO - Filling up the DagBag from /home/airflow/.local/lib/python3.12/site-packages/airflow/example_dags/example_setup_teardown.py
[2025-06-20T14:58:10.993+0000] {processor.py:840} INFO - DAG(s) 'example_setup_teardown' retrieved from /home/airflow/.local/lib/python3.12/site-packages/airflow/example_dags/example_setup_teardown.py
[2025-06-20T14:58:11.016+0000] {logging_mixin.py:188} INFO - [2025-06-20T14:58:11.016+0000] {dag.py:3096} INFO - Sync 1 DAGs
[2025-06-20T14:58:11.037+0000] {logging_mixin.py:188} INFO - [2025-06-20T14:58:11.037+0000] {dag.py:3954} INFO - Setting next_dagrun for example_setup_teardown to 2025-06-19 00:00:00+00:00, run_after=2025-06-20 00:00:00+00:00
[2025-06-20T14:58:11.053+0000] {processor.py:183} INFO - Processing /home/airflow/.local/lib/python3.12/site-packages/airflow/example_dags/example_setup_teardown.py took 0.079 seconds
[2025-06-20T14:58:41.159+0000] {processor.py:161} INFO - Started process (PID=2852) to work on /home/airflow/.local/lib/python3.12/site-packages/airflow/example_dags/example_setup_teardown.py
[2025-06-20T14:58:41.160+0000] {processor.py:830} INFO - Processing file /home/airflow/.local/lib/python3.12/site-packages/airflow/example_dags/example_setup_teardown.py for tasks to queue
[2025-06-20T14:58:41.162+0000] {logging_mixin.py:188} INFO - [2025-06-20T14:58:41.162+0000] {dagbag.py:540} INFO - Filling up the DagBag from /home/airflow/.local/lib/python3.12/site-packages/airflow/example_dags/example_setup_teardown.py
[2025-06-20T14:58:41.169+0000] {processor.py:840} INFO - DAG(s) 'example_setup_teardown' retrieved from /home/airflow/.local/lib/python3.12/site-packages/airflow/example_dags/example_setup_teardown.py
[2025-06-20T14:58:41.187+0000] {logging_mixin.py:188} INFO - [2025-06-20T14:58:41.187+0000] {dag.py:3096} INFO - Sync 1 DAGs
[2025-06-20T14:58:41.207+0000] {logging_mixin.py:188} INFO - [2025-06-20T14:58:41.207+0000] {dag.py:3954} INFO - Setting next_dagrun for example_setup_teardown to 2025-06-19 00:00:00+00:00, run_after=2025-06-20 00:00:00+00:00
[2025-06-20T14:58:41.222+0000] {processor.py:183} INFO - Processing /home/airflow/.local/lib/python3.12/site-packages/airflow/example_dags/example_setup_teardown.py took 0.068 seconds
[2025-06-20T14:59:11.481+0000] {processor.py:161} INFO - Started process (PID=2911) to work on /home/airflow/.local/lib/python3.12/site-packages/airflow/example_dags/example_setup_teardown.py
[2025-06-20T14:59:11.482+0000] {processor.py:830} INFO - Processing file /home/airflow/.local/lib/python3.12/site-packages/airflow/example_dags/example_setup_teardown.py for tasks to queue
[2025-06-20T14:59:11.484+0000] {logging_mixin.py:188} INFO - [2025-06-20T14:59:11.484+0000] {dagbag.py:540} INFO - Filling up the DagBag from /home/airflow/.local/lib/python3.12/site-packages/airflow/example_dags/example_setup_teardown.py
[2025-06-20T14:59:11.490+0000] {processor.py:840} INFO - DAG(s) 'example_setup_teardown' retrieved from /home/airflow/.local/lib/python3.12/site-packages/airflow/example_dags/example_setup_teardown.py
[2025-06-20T14:59:11.509+0000] {logging_mixin.py:188} INFO - [2025-06-20T14:59:11.509+0000] {dag.py:3096} INFO - Sync 1 DAGs
[2025-06-20T14:59:11.529+0000] {logging_mixin.py:188} INFO - [2025-06-20T14:59:11.529+0000] {dag.py:3954} INFO - Setting next_dagrun for example_setup_teardown to 2025-06-19 00:00:00+00:00, run_after=2025-06-20 00:00:00+00:00
[2025-06-20T14:59:11.544+0000] {processor.py:183} INFO - Processing /home/airflow/.local/lib/python3.12/site-packages/airflow/example_dags/example_setup_teardown.py took 0.069 seconds
[2025-06-20T14:59:41.964+0000] {processor.py:161} INFO - Started process (PID=2970) to work on /home/airflow/.local/lib/python3.12/site-packages/airflow/example_dags/example_setup_teardown.py
[2025-06-20T14:59:41.965+0000] {processor.py:830} INFO - Processing file /home/airflow/.local/lib/python3.12/site-packages/airflow/example_dags/example_setup_teardown.py for tasks to queue
[2025-06-20T14:59:41.966+0000] {logging_mixin.py:188} INFO - [2025-06-20T14:59:41.966+0000] {dagbag.py:540} INFO - Filling up the DagBag from /home/airflow/.local/lib/python3.12/site-packages/airflow/example_dags/example_setup_teardown.py
[2025-06-20T14:59:41.973+0000] {processor.py:840} INFO - DAG(s) 'example_setup_teardown' retrieved from /home/airflow/.local/lib/python3.12/site-packages/airflow/example_dags/example_setup_teardown.py
[2025-06-20T14:59:41.991+0000] {logging_mixin.py:188} INFO - [2025-06-20T14:59:41.991+0000] {dag.py:3096} INFO - Sync 1 DAGs
[2025-06-20T14:59:42.011+0000] {logging_mixin.py:188} INFO - [2025-06-20T14:59:42.011+0000] {dag.py:3954} INFO - Setting next_dagrun for example_setup_teardown to 2025-06-19 00:00:00+00:00, run_after=2025-06-20 00:00:00+00:00
[2025-06-20T14:59:42.026+0000] {processor.py:183} INFO - Processing /home/airflow/.local/lib/python3.12/site-packages/airflow/example_dags/example_setup_teardown.py took 0.068 seconds
[2025-06-20T15:00:12.415+0000] {processor.py:161} INFO - Started process (PID=3029) to work on /home/airflow/.local/lib/python3.12/site-packages/airflow/example_dags/example_setup_teardown.py
[2025-06-20T15:00:12.416+0000] {processor.py:830} INFO - Processing file /home/airflow/.local/lib/python3.12/site-packages/airflow/example_dags/example_setup_teardown.py for tasks to queue
[2025-06-20T15:00:12.419+0000] {logging_mixin.py:188} INFO - [2025-06-20T15:00:12.418+0000] {dagbag.py:540} INFO - Filling up the DagBag from /home/airflow/.local/lib/python3.12/site-packages/airflow/example_dags/example_setup_teardown.py
[2025-06-20T15:00:12.426+0000] {processor.py:840} INFO - DAG(s) 'example_setup_teardown' retrieved from /home/airflow/.local/lib/python3.12/site-packages/airflow/example_dags/example_setup_teardown.py
[2025-06-20T15:00:12.448+0000] {logging_mixin.py:188} INFO - [2025-06-20T15:00:12.447+0000] {dag.py:3096} INFO - Sync 1 DAGs
[2025-06-20T15:00:12.469+0000] {logging_mixin.py:188} INFO - [2025-06-20T15:00:12.469+0000] {dag.py:3954} INFO - Setting next_dagrun for example_setup_teardown to 2025-06-19 00:00:00+00:00, run_after=2025-06-20 00:00:00+00:00
[2025-06-20T15:00:12.486+0000] {processor.py:183} INFO - Processing /home/airflow/.local/lib/python3.12/site-packages/airflow/example_dags/example_setup_teardown.py took 0.076 seconds
[2025-06-20T15:00:42.719+0000] {processor.py:161} INFO - Started process (PID=3088) to work on /home/airflow/.local/lib/python3.12/site-packages/airflow/example_dags/example_setup_teardown.py
[2025-06-20T15:00:42.720+0000] {processor.py:830} INFO - Processing file /home/airflow/.local/lib/python3.12/site-packages/airflow/example_dags/example_setup_teardown.py for tasks to queue
[2025-06-20T15:00:42.723+0000] {logging_mixin.py:188} INFO - [2025-06-20T15:00:42.722+0000] {dagbag.py:540} INFO - Filling up the DagBag from /home/airflow/.local/lib/python3.12/site-packages/airflow/example_dags/example_setup_teardown.py
[2025-06-20T15:00:42.731+0000] {processor.py:840} INFO - DAG(s) 'example_setup_teardown' retrieved from /home/airflow/.local/lib/python3.12/site-packages/airflow/example_dags/example_setup_teardown.py
[2025-06-20T15:00:42.753+0000] {logging_mixin.py:188} INFO - [2025-06-20T15:00:42.753+0000] {dag.py:3096} INFO - Sync 1 DAGs
[2025-06-20T15:00:42.775+0000] {logging_mixin.py:188} INFO - [2025-06-20T15:00:42.775+0000] {dag.py:3954} INFO - Setting next_dagrun for example_setup_teardown to 2025-06-19 00:00:00+00:00, run_after=2025-06-20 00:00:00+00:00
[2025-06-20T15:00:42.792+0000] {processor.py:183} INFO - Processing /home/airflow/.local/lib/python3.12/site-packages/airflow/example_dags/example_setup_teardown.py took 0.080 seconds
[2025-06-20T15:01:12.947+0000] {processor.py:161} INFO - Started process (PID=3147) to work on /home/airflow/.local/lib/python3.12/site-packages/airflow/example_dags/example_setup_teardown.py
[2025-06-20T15:01:12.947+0000] {processor.py:830} INFO - Processing file /home/airflow/.local/lib/python3.12/site-packages/airflow/example_dags/example_setup_teardown.py for tasks to queue
[2025-06-20T15:01:12.949+0000] {logging_mixin.py:188} INFO - [2025-06-20T15:01:12.949+0000] {dagbag.py:540} INFO - Filling up the DagBag from /home/airflow/.local/lib/python3.12/site-packages/airflow/example_dags/example_setup_teardown.py
[2025-06-20T15:01:12.956+0000] {processor.py:840} INFO - DAG(s) 'example_setup_teardown' retrieved from /home/airflow/.local/lib/python3.12/site-packages/airflow/example_dags/example_setup_teardown.py
[2025-06-20T15:01:12.975+0000] {logging_mixin.py:188} INFO - [2025-06-20T15:01:12.975+0000] {dag.py:3096} INFO - Sync 1 DAGs
[2025-06-20T15:01:12.994+0000] {logging_mixin.py:188} INFO - [2025-06-20T15:01:12.994+0000] {dag.py:3954} INFO - Setting next_dagrun for example_setup_teardown to 2025-06-19 00:00:00+00:00, run_after=2025-06-20 00:00:00+00:00
[2025-06-20T15:01:13.010+0000] {processor.py:183} INFO - Processing /home/airflow/.local/lib/python3.12/site-packages/airflow/example_dags/example_setup_teardown.py took 0.070 seconds
[2025-06-20T15:01:43.689+0000] {processor.py:161} INFO - Started process (PID=3206) to work on /home/airflow/.local/lib/python3.12/site-packages/airflow/example_dags/example_setup_teardown.py
[2025-06-20T15:01:43.689+0000] {processor.py:830} INFO - Processing file /home/airflow/.local/lib/python3.12/site-packages/airflow/example_dags/example_setup_teardown.py for tasks to queue
[2025-06-20T15:01:43.691+0000] {logging_mixin.py:188} INFO - [2025-06-20T15:01:43.691+0000] {dagbag.py:540} INFO - Filling up the DagBag from /home/airflow/.local/lib/python3.12/site-packages/airflow/example_dags/example_setup_teardown.py
[2025-06-20T15:01:43.698+0000] {processor.py:840} INFO - DAG(s) 'example_setup_teardown' retrieved from /home/airflow/.local/lib/python3.12/site-packages/airflow/example_dags/example_setup_teardown.py
[2025-06-20T15:01:43.717+0000] {logging_mixin.py:188} INFO - [2025-06-20T15:01:43.716+0000] {dag.py:3096} INFO - Sync 1 DAGs
[2025-06-20T15:01:43.736+0000] {logging_mixin.py:188} INFO - [2025-06-20T15:01:43.736+0000] {dag.py:3954} INFO - Setting next_dagrun for example_setup_teardown to 2025-06-19 00:00:00+00:00, run_after=2025-06-20 00:00:00+00:00
[2025-06-20T15:01:43.752+0000] {processor.py:183} INFO - Processing /home/airflow/.local/lib/python3.12/site-packages/airflow/example_dags/example_setup_teardown.py took 0.069 seconds
[2025-06-20T15:02:14.389+0000] {processor.py:161} INFO - Started process (PID=3265) to work on /home/airflow/.local/lib/python3.12/site-packages/airflow/example_dags/example_setup_teardown.py
[2025-06-20T15:02:14.390+0000] {processor.py:830} INFO - Processing file /home/airflow/.local/lib/python3.12/site-packages/airflow/example_dags/example_setup_teardown.py for tasks to queue
[2025-06-20T15:02:14.392+0000] {logging_mixin.py:188} INFO - [2025-06-20T15:02:14.392+0000] {dagbag.py:540} INFO - Filling up the DagBag from /home/airflow/.local/lib/python3.12/site-packages/airflow/example_dags/example_setup_teardown.py
[2025-06-20T15:02:14.399+0000] {processor.py:840} INFO - DAG(s) 'example_setup_teardown' retrieved from /home/airflow/.local/lib/python3.12/site-packages/airflow/example_dags/example_setup_teardown.py
[2025-06-20T15:02:14.419+0000] {logging_mixin.py:188} INFO - [2025-06-20T15:02:14.419+0000] {dag.py:3096} INFO - Sync 1 DAGs
[2025-06-20T15:02:14.440+0000] {logging_mixin.py:188} INFO - [2025-06-20T15:02:14.439+0000] {dag.py:3954} INFO - Setting next_dagrun for example_setup_teardown to 2025-06-19 00:00:00+00:00, run_after=2025-06-20 00:00:00+00:00
[2025-06-20T15:02:14.457+0000] {processor.py:183} INFO - Processing /home/airflow/.local/lib/python3.12/site-packages/airflow/example_dags/example_setup_teardown.py took 0.074 seconds
[2025-06-20T15:02:45.075+0000] {processor.py:161} INFO - Started process (PID=3324) to work on /home/airflow/.local/lib/python3.12/site-packages/airflow/example_dags/example_setup_teardown.py
[2025-06-20T15:02:45.076+0000] {processor.py:830} INFO - Processing file /home/airflow/.local/lib/python3.12/site-packages/airflow/example_dags/example_setup_teardown.py for tasks to queue
[2025-06-20T15:02:45.078+0000] {logging_mixin.py:188} INFO - [2025-06-20T15:02:45.078+0000] {dagbag.py:540} INFO - Filling up the DagBag from /home/airflow/.local/lib/python3.12/site-packages/airflow/example_dags/example_setup_teardown.py
[2025-06-20T15:02:45.085+0000] {processor.py:840} INFO - DAG(s) 'example_setup_teardown' retrieved from /home/airflow/.local/lib/python3.12/site-packages/airflow/example_dags/example_setup_teardown.py
[2025-06-20T15:02:45.105+0000] {logging_mixin.py:188} INFO - [2025-06-20T15:02:45.105+0000] {dag.py:3096} INFO - Sync 1 DAGs
[2025-06-20T15:02:45.125+0000] {logging_mixin.py:188} INFO - [2025-06-20T15:02:45.124+0000] {dag.py:3954} INFO - Setting next_dagrun for example_setup_teardown to 2025-06-19 00:00:00+00:00, run_after=2025-06-20 00:00:00+00:00
[2025-06-20T15:02:45.140+0000] {processor.py:183} INFO - Processing /home/airflow/.local/lib/python3.12/site-packages/airflow/example_dags/example_setup_teardown.py took 0.070 seconds
[2025-06-20T15:03:15.771+0000] {processor.py:161} INFO - Started process (PID=3383) to work on /home/airflow/.local/lib/python3.12/site-packages/airflow/example_dags/example_setup_teardown.py
[2025-06-20T15:03:15.772+0000] {processor.py:830} INFO - Processing file /home/airflow/.local/lib/python3.12/site-packages/airflow/example_dags/example_setup_teardown.py for tasks to queue
[2025-06-20T15:03:15.774+0000] {logging_mixin.py:188} INFO - [2025-06-20T15:03:15.774+0000] {dagbag.py:540} INFO - Filling up the DagBag from /home/airflow/.local/lib/python3.12/site-packages/airflow/example_dags/example_setup_teardown.py
[2025-06-20T15:03:15.780+0000] {processor.py:840} INFO - DAG(s) 'example_setup_teardown' retrieved from /home/airflow/.local/lib/python3.12/site-packages/airflow/example_dags/example_setup_teardown.py
[2025-06-20T15:03:15.801+0000] {logging_mixin.py:188} INFO - [2025-06-20T15:03:15.801+0000] {dag.py:3096} INFO - Sync 1 DAGs
[2025-06-20T15:03:15.826+0000] {logging_mixin.py:188} INFO - [2025-06-20T15:03:15.825+0000] {dag.py:3954} INFO - Setting next_dagrun for example_setup_teardown to 2025-06-19 00:00:00+00:00, run_after=2025-06-20 00:00:00+00:00
[2025-06-20T15:03:15.841+0000] {processor.py:183} INFO - Processing /home/airflow/.local/lib/python3.12/site-packages/airflow/example_dags/example_setup_teardown.py took 0.076 seconds
[2025-06-20T15:03:46.256+0000] {processor.py:161} INFO - Started process (PID=3442) to work on /home/airflow/.local/lib/python3.12/site-packages/airflow/example_dags/example_setup_teardown.py
[2025-06-20T15:03:46.257+0000] {processor.py:830} INFO - Processing file /home/airflow/.local/lib/python3.12/site-packages/airflow/example_dags/example_setup_teardown.py for tasks to queue
[2025-06-20T15:03:46.259+0000] {logging_mixin.py:188} INFO - [2025-06-20T15:03:46.259+0000] {dagbag.py:540} INFO - Filling up the DagBag from /home/airflow/.local/lib/python3.12/site-packages/airflow/example_dags/example_setup_teardown.py
[2025-06-20T15:03:46.265+0000] {processor.py:840} INFO - DAG(s) 'example_setup_teardown' retrieved from /home/airflow/.local/lib/python3.12/site-packages/airflow/example_dags/example_setup_teardown.py
[2025-06-20T15:03:46.284+0000] {logging_mixin.py:188} INFO - [2025-06-20T15:03:46.284+0000] {dag.py:3096} INFO - Sync 1 DAGs
[2025-06-20T15:03:46.304+0000] {logging_mixin.py:188} INFO - [2025-06-20T15:03:46.304+0000] {dag.py:3954} INFO - Setting next_dagrun for example_setup_teardown to 2025-06-19 00:00:00+00:00, run_after=2025-06-20 00:00:00+00:00
[2025-06-20T15:03:46.319+0000] {processor.py:183} INFO - Processing /home/airflow/.local/lib/python3.12/site-packages/airflow/example_dags/example_setup_teardown.py took 0.069 seconds
[2025-06-20T15:04:16.989+0000] {processor.py:161} INFO - Started process (PID=3499) to work on /home/airflow/.local/lib/python3.12/site-packages/airflow/example_dags/example_setup_teardown.py
[2025-06-20T15:04:16.990+0000] {processor.py:830} INFO - Processing file /home/airflow/.local/lib/python3.12/site-packages/airflow/example_dags/example_setup_teardown.py for tasks to queue
[2025-06-20T15:04:16.992+0000] {logging_mixin.py:188} INFO - [2025-06-20T15:04:16.992+0000] {dagbag.py:540} INFO - Filling up the DagBag from /home/airflow/.local/lib/python3.12/site-packages/airflow/example_dags/example_setup_teardown.py
[2025-06-20T15:04:16.999+0000] {processor.py:840} INFO - DAG(s) 'example_setup_teardown' retrieved from /home/airflow/.local/lib/python3.12/site-packages/airflow/example_dags/example_setup_teardown.py
[2025-06-20T15:04:17.018+0000] {logging_mixin.py:188} INFO - [2025-06-20T15:04:17.018+0000] {dag.py:3096} INFO - Sync 1 DAGs
[2025-06-20T15:04:17.038+0000] {logging_mixin.py:188} INFO - [2025-06-20T15:04:17.038+0000] {dag.py:3954} INFO - Setting next_dagrun for example_setup_teardown to 2025-06-19 00:00:00+00:00, run_after=2025-06-20 00:00:00+00:00
[2025-06-20T15:04:17.054+0000] {processor.py:183} INFO - Processing /home/airflow/.local/lib/python3.12/site-packages/airflow/example_dags/example_setup_teardown.py took 0.071 seconds
[2025-06-20T15:04:47.844+0000] {processor.py:161} INFO - Started process (PID=3558) to work on /home/airflow/.local/lib/python3.12/site-packages/airflow/example_dags/example_setup_teardown.py
[2025-06-20T15:04:47.844+0000] {processor.py:830} INFO - Processing file /home/airflow/.local/lib/python3.12/site-packages/airflow/example_dags/example_setup_teardown.py for tasks to queue
[2025-06-20T15:04:47.846+0000] {logging_mixin.py:188} INFO - [2025-06-20T15:04:47.846+0000] {dagbag.py:540} INFO - Filling up the DagBag from /home/airflow/.local/lib/python3.12/site-packages/airflow/example_dags/example_setup_teardown.py
[2025-06-20T15:04:47.853+0000] {processor.py:840} INFO - DAG(s) 'example_setup_teardown' retrieved from /home/airflow/.local/lib/python3.12/site-packages/airflow/example_dags/example_setup_teardown.py
[2025-06-20T15:04:47.872+0000] {logging_mixin.py:188} INFO - [2025-06-20T15:04:47.872+0000] {dag.py:3096} INFO - Sync 1 DAGs
[2025-06-20T15:04:47.891+0000] {logging_mixin.py:188} INFO - [2025-06-20T15:04:47.891+0000] {dag.py:3954} INFO - Setting next_dagrun for example_setup_teardown to 2025-06-19 00:00:00+00:00, run_after=2025-06-20 00:00:00+00:00
[2025-06-20T15:04:47.906+0000] {processor.py:183} INFO - Processing /home/airflow/.local/lib/python3.12/site-packages/airflow/example_dags/example_setup_teardown.py took 0.068 seconds
[2025-06-20T15:05:18.111+0000] {processor.py:161} INFO - Started process (PID=3617) to work on /home/airflow/.local/lib/python3.12/site-packages/airflow/example_dags/example_setup_teardown.py
[2025-06-20T15:05:18.112+0000] {processor.py:830} INFO - Processing file /home/airflow/.local/lib/python3.12/site-packages/airflow/example_dags/example_setup_teardown.py for tasks to queue
[2025-06-20T15:05:18.114+0000] {logging_mixin.py:188} INFO - [2025-06-20T15:05:18.113+0000] {dagbag.py:540} INFO - Filling up the DagBag from /home/airflow/.local/lib/python3.12/site-packages/airflow/example_dags/example_setup_teardown.py
[2025-06-20T15:05:18.120+0000] {processor.py:840} INFO - DAG(s) 'example_setup_teardown' retrieved from /home/airflow/.local/lib/python3.12/site-packages/airflow/example_dags/example_setup_teardown.py
[2025-06-20T15:05:18.139+0000] {logging_mixin.py:188} INFO - [2025-06-20T15:05:18.139+0000] {dag.py:3096} INFO - Sync 1 DAGs
[2025-06-20T15:05:18.159+0000] {logging_mixin.py:188} INFO - [2025-06-20T15:05:18.159+0000] {dag.py:3954} INFO - Setting next_dagrun for example_setup_teardown to 2025-06-19 00:00:00+00:00, run_after=2025-06-20 00:00:00+00:00
[2025-06-20T15:05:18.174+0000] {processor.py:183} INFO - Processing /home/airflow/.local/lib/python3.12/site-packages/airflow/example_dags/example_setup_teardown.py took 0.068 seconds
[2025-06-20T15:05:48.405+0000] {processor.py:161} INFO - Started process (PID=3676) to work on /home/airflow/.local/lib/python3.12/site-packages/airflow/example_dags/example_setup_teardown.py
[2025-06-20T15:05:48.406+0000] {processor.py:830} INFO - Processing file /home/airflow/.local/lib/python3.12/site-packages/airflow/example_dags/example_setup_teardown.py for tasks to queue
[2025-06-20T15:05:48.408+0000] {logging_mixin.py:188} INFO - [2025-06-20T15:05:48.407+0000] {dagbag.py:540} INFO - Filling up the DagBag from /home/airflow/.local/lib/python3.12/site-packages/airflow/example_dags/example_setup_teardown.py
[2025-06-20T15:05:48.415+0000] {processor.py:840} INFO - DAG(s) 'example_setup_teardown' retrieved from /home/airflow/.local/lib/python3.12/site-packages/airflow/example_dags/example_setup_teardown.py
[2025-06-20T15:05:48.434+0000] {logging_mixin.py:188} INFO - [2025-06-20T15:05:48.434+0000] {dag.py:3096} INFO - Sync 1 DAGs
[2025-06-20T15:05:48.455+0000] {logging_mixin.py:188} INFO - [2025-06-20T15:05:48.454+0000] {dag.py:3954} INFO - Setting next_dagrun for example_setup_teardown to 2025-06-19 00:00:00+00:00, run_after=2025-06-20 00:00:00+00:00
[2025-06-20T15:05:48.471+0000] {processor.py:183} INFO - Processing /home/airflow/.local/lib/python3.12/site-packages/airflow/example_dags/example_setup_teardown.py took 0.072 seconds
[2025-06-20T15:06:18.666+0000] {processor.py:161} INFO - Started process (PID=3735) to work on /home/airflow/.local/lib/python3.12/site-packages/airflow/example_dags/example_setup_teardown.py
[2025-06-20T15:06:18.666+0000] {processor.py:830} INFO - Processing file /home/airflow/.local/lib/python3.12/site-packages/airflow/example_dags/example_setup_teardown.py for tasks to queue
[2025-06-20T15:06:18.668+0000] {logging_mixin.py:188} INFO - [2025-06-20T15:06:18.668+0000] {dagbag.py:540} INFO - Filling up the DagBag from /home/airflow/.local/lib/python3.12/site-packages/airflow/example_dags/example_setup_teardown.py
[2025-06-20T15:06:18.678+0000] {processor.py:840} INFO - DAG(s) 'example_setup_teardown' retrieved from /home/airflow/.local/lib/python3.12/site-packages/airflow/example_dags/example_setup_teardown.py
[2025-06-20T15:06:18.700+0000] {logging_mixin.py:188} INFO - [2025-06-20T15:06:18.700+0000] {dag.py:3096} INFO - Sync 1 DAGs
[2025-06-20T15:06:18.726+0000] {logging_mixin.py:188} INFO - [2025-06-20T15:06:18.725+0000] {dag.py:3954} INFO - Setting next_dagrun for example_setup_teardown to 2025-06-19 00:00:00+00:00, run_after=2025-06-20 00:00:00+00:00
[2025-06-20T15:06:18.745+0000] {processor.py:183} INFO - Processing /home/airflow/.local/lib/python3.12/site-packages/airflow/example_dags/example_setup_teardown.py took 0.085 seconds
[2025-06-20T15:06:48.954+0000] {processor.py:161} INFO - Started process (PID=3794) to work on /home/airflow/.local/lib/python3.12/site-packages/airflow/example_dags/example_setup_teardown.py
[2025-06-20T15:06:48.955+0000] {processor.py:830} INFO - Processing file /home/airflow/.local/lib/python3.12/site-packages/airflow/example_dags/example_setup_teardown.py for tasks to queue
[2025-06-20T15:06:48.957+0000] {logging_mixin.py:188} INFO - [2025-06-20T15:06:48.956+0000] {dagbag.py:540} INFO - Filling up the DagBag from /home/airflow/.local/lib/python3.12/site-packages/airflow/example_dags/example_setup_teardown.py
[2025-06-20T15:06:48.963+0000] {processor.py:840} INFO - DAG(s) 'example_setup_teardown' retrieved from /home/airflow/.local/lib/python3.12/site-packages/airflow/example_dags/example_setup_teardown.py
[2025-06-20T15:06:48.982+0000] {logging_mixin.py:188} INFO - [2025-06-20T15:06:48.982+0000] {dag.py:3096} INFO - Sync 1 DAGs
[2025-06-20T15:06:49.002+0000] {logging_mixin.py:188} INFO - [2025-06-20T15:06:49.002+0000] {dag.py:3954} INFO - Setting next_dagrun for example_setup_teardown to 2025-06-19 00:00:00+00:00, run_after=2025-06-20 00:00:00+00:00
[2025-06-20T15:06:49.018+0000] {processor.py:183} INFO - Processing /home/airflow/.local/lib/python3.12/site-packages/airflow/example_dags/example_setup_teardown.py took 0.070 seconds
[2025-06-20T15:07:19.224+0000] {processor.py:161} INFO - Started process (PID=3853) to work on /home/airflow/.local/lib/python3.12/site-packages/airflow/example_dags/example_setup_teardown.py
[2025-06-20T15:07:19.225+0000] {processor.py:830} INFO - Processing file /home/airflow/.local/lib/python3.12/site-packages/airflow/example_dags/example_setup_teardown.py for tasks to queue
[2025-06-20T15:07:19.227+0000] {logging_mixin.py:188} INFO - [2025-06-20T15:07:19.226+0000] {dagbag.py:540} INFO - Filling up the DagBag from /home/airflow/.local/lib/python3.12/site-packages/airflow/example_dags/example_setup_teardown.py
[2025-06-20T15:07:19.233+0000] {processor.py:840} INFO - DAG(s) 'example_setup_teardown' retrieved from /home/airflow/.local/lib/python3.12/site-packages/airflow/example_dags/example_setup_teardown.py
[2025-06-20T15:07:19.253+0000] {logging_mixin.py:188} INFO - [2025-06-20T15:07:19.252+0000] {dag.py:3096} INFO - Sync 1 DAGs
[2025-06-20T15:07:19.272+0000] {logging_mixin.py:188} INFO - [2025-06-20T15:07:19.272+0000] {dag.py:3954} INFO - Setting next_dagrun for example_setup_teardown to 2025-06-19 00:00:00+00:00, run_after=2025-06-20 00:00:00+00:00
[2025-06-20T15:07:19.288+0000] {processor.py:183} INFO - Processing /home/airflow/.local/lib/python3.12/site-packages/airflow/example_dags/example_setup_teardown.py took 0.069 seconds
[2025-06-20T15:07:49.450+0000] {processor.py:161} INFO - Started process (PID=3912) to work on /home/airflow/.local/lib/python3.12/site-packages/airflow/example_dags/example_setup_teardown.py
[2025-06-20T15:07:49.451+0000] {processor.py:830} INFO - Processing file /home/airflow/.local/lib/python3.12/site-packages/airflow/example_dags/example_setup_teardown.py for tasks to queue
[2025-06-20T15:07:49.454+0000] {logging_mixin.py:188} INFO - [2025-06-20T15:07:49.453+0000] {dagbag.py:540} INFO - Filling up the DagBag from /home/airflow/.local/lib/python3.12/site-packages/airflow/example_dags/example_setup_teardown.py
[2025-06-20T15:07:49.461+0000] {processor.py:840} INFO - DAG(s) 'example_setup_teardown' retrieved from /home/airflow/.local/lib/python3.12/site-packages/airflow/example_dags/example_setup_teardown.py
[2025-06-20T15:07:49.482+0000] {logging_mixin.py:188} INFO - [2025-06-20T15:07:49.482+0000] {dag.py:3096} INFO - Sync 1 DAGs
[2025-06-20T15:07:49.507+0000] {logging_mixin.py:188} INFO - [2025-06-20T15:07:49.507+0000] {dag.py:3954} INFO - Setting next_dagrun for example_setup_teardown to 2025-06-19 00:00:00+00:00, run_after=2025-06-20 00:00:00+00:00
[2025-06-20T15:07:49.524+0000] {processor.py:183} INFO - Processing /home/airflow/.local/lib/python3.12/site-packages/airflow/example_dags/example_setup_teardown.py took 0.081 seconds
[2025-06-20T15:08:19.857+0000] {processor.py:161} INFO - Started process (PID=3971) to work on /home/airflow/.local/lib/python3.12/site-packages/airflow/example_dags/example_setup_teardown.py
[2025-06-20T15:08:19.858+0000] {processor.py:830} INFO - Processing file /home/airflow/.local/lib/python3.12/site-packages/airflow/example_dags/example_setup_teardown.py for tasks to queue
[2025-06-20T15:08:19.859+0000] {logging_mixin.py:188} INFO - [2025-06-20T15:08:19.859+0000] {dagbag.py:540} INFO - Filling up the DagBag from /home/airflow/.local/lib/python3.12/site-packages/airflow/example_dags/example_setup_teardown.py
[2025-06-20T15:08:19.866+0000] {processor.py:840} INFO - DAG(s) 'example_setup_teardown' retrieved from /home/airflow/.local/lib/python3.12/site-packages/airflow/example_dags/example_setup_teardown.py
[2025-06-20T15:08:19.886+0000] {logging_mixin.py:188} INFO - [2025-06-20T15:08:19.885+0000] {dag.py:3096} INFO - Sync 1 DAGs
[2025-06-20T15:08:19.905+0000] {logging_mixin.py:188} INFO - [2025-06-20T15:08:19.905+0000] {dag.py:3954} INFO - Setting next_dagrun for example_setup_teardown to 2025-06-19 00:00:00+00:00, run_after=2025-06-20 00:00:00+00:00
[2025-06-20T15:08:19.921+0000] {processor.py:183} INFO - Processing /home/airflow/.local/lib/python3.12/site-packages/airflow/example_dags/example_setup_teardown.py took 0.070 seconds
[2025-06-20T15:08:50.777+0000] {processor.py:161} INFO - Started process (PID=4030) to work on /home/airflow/.local/lib/python3.12/site-packages/airflow/example_dags/example_setup_teardown.py
[2025-06-20T15:08:50.778+0000] {processor.py:830} INFO - Processing file /home/airflow/.local/lib/python3.12/site-packages/airflow/example_dags/example_setup_teardown.py for tasks to queue
[2025-06-20T15:08:50.780+0000] {logging_mixin.py:188} INFO - [2025-06-20T15:08:50.779+0000] {dagbag.py:540} INFO - Filling up the DagBag from /home/airflow/.local/lib/python3.12/site-packages/airflow/example_dags/example_setup_teardown.py
[2025-06-20T15:08:50.787+0000] {processor.py:840} INFO - DAG(s) 'example_setup_teardown' retrieved from /home/airflow/.local/lib/python3.12/site-packages/airflow/example_dags/example_setup_teardown.py
[2025-06-20T15:08:50.807+0000] {logging_mixin.py:188} INFO - [2025-06-20T15:08:50.807+0000] {dag.py:3096} INFO - Sync 1 DAGs
[2025-06-20T15:08:50.831+0000] {logging_mixin.py:188} INFO - [2025-06-20T15:08:50.831+0000] {dag.py:3954} INFO - Setting next_dagrun for example_setup_teardown to 2025-06-19 00:00:00+00:00, run_after=2025-06-20 00:00:00+00:00
[2025-06-20T15:08:50.848+0000] {processor.py:183} INFO - Processing /home/airflow/.local/lib/python3.12/site-packages/airflow/example_dags/example_setup_teardown.py took 0.077 seconds
[2025-06-20T15:09:20.961+0000] {processor.py:161} INFO - Started process (PID=4089) to work on /home/airflow/.local/lib/python3.12/site-packages/airflow/example_dags/example_setup_teardown.py
[2025-06-20T15:09:20.962+0000] {processor.py:830} INFO - Processing file /home/airflow/.local/lib/python3.12/site-packages/airflow/example_dags/example_setup_teardown.py for tasks to queue
[2025-06-20T15:09:20.963+0000] {logging_mixin.py:188} INFO - [2025-06-20T15:09:20.963+0000] {dagbag.py:540} INFO - Filling up the DagBag from /home/airflow/.local/lib/python3.12/site-packages/airflow/example_dags/example_setup_teardown.py
[2025-06-20T15:09:20.970+0000] {processor.py:840} INFO - DAG(s) 'example_setup_teardown' retrieved from /home/airflow/.local/lib/python3.12/site-packages/airflow/example_dags/example_setup_teardown.py
[2025-06-20T15:09:20.990+0000] {logging_mixin.py:188} INFO - [2025-06-20T15:09:20.990+0000] {dag.py:3096} INFO - Sync 1 DAGs
[2025-06-20T15:09:21.011+0000] {logging_mixin.py:188} INFO - [2025-06-20T15:09:21.011+0000] {dag.py:3954} INFO - Setting next_dagrun for example_setup_teardown to 2025-06-19 00:00:00+00:00, run_after=2025-06-20 00:00:00+00:00
[2025-06-20T15:09:21.027+0000] {processor.py:183} INFO - Processing /home/airflow/.local/lib/python3.12/site-packages/airflow/example_dags/example_setup_teardown.py took 0.072 seconds
[2025-06-20T15:09:51.191+0000] {processor.py:161} INFO - Started process (PID=4148) to work on /home/airflow/.local/lib/python3.12/site-packages/airflow/example_dags/example_setup_teardown.py
[2025-06-20T15:09:51.192+0000] {processor.py:830} INFO - Processing file /home/airflow/.local/lib/python3.12/site-packages/airflow/example_dags/example_setup_teardown.py for tasks to queue
[2025-06-20T15:09:51.194+0000] {logging_mixin.py:188} INFO - [2025-06-20T15:09:51.194+0000] {dagbag.py:540} INFO - Filling up the DagBag from /home/airflow/.local/lib/python3.12/site-packages/airflow/example_dags/example_setup_teardown.py
[2025-06-20T15:09:51.201+0000] {processor.py:840} INFO - DAG(s) 'example_setup_teardown' retrieved from /home/airflow/.local/lib/python3.12/site-packages/airflow/example_dags/example_setup_teardown.py
[2025-06-20T15:09:51.223+0000] {logging_mixin.py:188} INFO - [2025-06-20T15:09:51.223+0000] {dag.py:3096} INFO - Sync 1 DAGs
[2025-06-20T15:09:51.244+0000] {logging_mixin.py:188} INFO - [2025-06-20T15:09:51.244+0000] {dag.py:3954} INFO - Setting next_dagrun for example_setup_teardown to 2025-06-19 00:00:00+00:00, run_after=2025-06-20 00:00:00+00:00
[2025-06-20T15:09:51.261+0000] {processor.py:183} INFO - Processing /home/airflow/.local/lib/python3.12/site-packages/airflow/example_dags/example_setup_teardown.py took 0.075 seconds
[2025-06-20T15:10:21.377+0000] {processor.py:161} INFO - Started process (PID=4207) to work on /home/airflow/.local/lib/python3.12/site-packages/airflow/example_dags/example_setup_teardown.py
[2025-06-20T15:10:21.378+0000] {processor.py:830} INFO - Processing file /home/airflow/.local/lib/python3.12/site-packages/airflow/example_dags/example_setup_teardown.py for tasks to queue
[2025-06-20T15:10:21.380+0000] {logging_mixin.py:188} INFO - [2025-06-20T15:10:21.380+0000] {dagbag.py:540} INFO - Filling up the DagBag from /home/airflow/.local/lib/python3.12/site-packages/airflow/example_dags/example_setup_teardown.py
[2025-06-20T15:10:21.387+0000] {processor.py:840} INFO - DAG(s) 'example_setup_teardown' retrieved from /home/airflow/.local/lib/python3.12/site-packages/airflow/example_dags/example_setup_teardown.py
[2025-06-20T15:10:21.406+0000] {logging_mixin.py:188} INFO - [2025-06-20T15:10:21.406+0000] {dag.py:3096} INFO - Sync 1 DAGs
[2025-06-20T15:10:21.426+0000] {logging_mixin.py:188} INFO - [2025-06-20T15:10:21.426+0000] {dag.py:3954} INFO - Setting next_dagrun for example_setup_teardown to 2025-06-19 00:00:00+00:00, run_after=2025-06-20 00:00:00+00:00
[2025-06-20T15:10:21.442+0000] {processor.py:183} INFO - Processing /home/airflow/.local/lib/python3.12/site-packages/airflow/example_dags/example_setup_teardown.py took 0.071 seconds
[2025-06-20T15:10:52.170+0000] {processor.py:161} INFO - Started process (PID=4266) to work on /home/airflow/.local/lib/python3.12/site-packages/airflow/example_dags/example_setup_teardown.py
[2025-06-20T15:10:52.170+0000] {processor.py:830} INFO - Processing file /home/airflow/.local/lib/python3.12/site-packages/airflow/example_dags/example_setup_teardown.py for tasks to queue
[2025-06-20T15:10:52.172+0000] {logging_mixin.py:188} INFO - [2025-06-20T15:10:52.172+0000] {dagbag.py:540} INFO - Filling up the DagBag from /home/airflow/.local/lib/python3.12/site-packages/airflow/example_dags/example_setup_teardown.py
[2025-06-20T15:10:52.179+0000] {processor.py:840} INFO - DAG(s) 'example_setup_teardown' retrieved from /home/airflow/.local/lib/python3.12/site-packages/airflow/example_dags/example_setup_teardown.py
[2025-06-20T15:10:52.199+0000] {logging_mixin.py:188} INFO - [2025-06-20T15:10:52.198+0000] {dag.py:3096} INFO - Sync 1 DAGs
[2025-06-20T15:10:52.222+0000] {logging_mixin.py:188} INFO - [2025-06-20T15:10:52.222+0000] {dag.py:3954} INFO - Setting next_dagrun for example_setup_teardown to 2025-06-19 00:00:00+00:00, run_after=2025-06-20 00:00:00+00:00
[2025-06-20T15:10:52.239+0000] {processor.py:183} INFO - Processing /home/airflow/.local/lib/python3.12/site-packages/airflow/example_dags/example_setup_teardown.py took 0.075 seconds
[2025-06-20T15:11:23.045+0000] {processor.py:161} INFO - Started process (PID=4325) to work on /home/airflow/.local/lib/python3.12/site-packages/airflow/example_dags/example_setup_teardown.py
[2025-06-20T15:11:23.046+0000] {processor.py:830} INFO - Processing file /home/airflow/.local/lib/python3.12/site-packages/airflow/example_dags/example_setup_teardown.py for tasks to queue
[2025-06-20T15:11:23.048+0000] {logging_mixin.py:188} INFO - [2025-06-20T15:11:23.048+0000] {dagbag.py:540} INFO - Filling up the DagBag from /home/airflow/.local/lib/python3.12/site-packages/airflow/example_dags/example_setup_teardown.py
[2025-06-20T15:11:23.055+0000] {processor.py:840} INFO - DAG(s) 'example_setup_teardown' retrieved from /home/airflow/.local/lib/python3.12/site-packages/airflow/example_dags/example_setup_teardown.py
[2025-06-20T15:11:23.074+0000] {logging_mixin.py:188} INFO - [2025-06-20T15:11:23.074+0000] {dag.py:3096} INFO - Sync 1 DAGs
[2025-06-20T15:11:23.094+0000] {logging_mixin.py:188} INFO - [2025-06-20T15:11:23.094+0000] {dag.py:3954} INFO - Setting next_dagrun for example_setup_teardown to 2025-06-19 00:00:00+00:00, run_after=2025-06-20 00:00:00+00:00
[2025-06-20T15:11:23.109+0000] {processor.py:183} INFO - Processing /home/airflow/.local/lib/python3.12/site-packages/airflow/example_dags/example_setup_teardown.py took 0.070 seconds
[2025-06-20T15:11:53.414+0000] {processor.py:161} INFO - Started process (PID=4384) to work on /home/airflow/.local/lib/python3.12/site-packages/airflow/example_dags/example_setup_teardown.py
[2025-06-20T15:11:53.415+0000] {processor.py:830} INFO - Processing file /home/airflow/.local/lib/python3.12/site-packages/airflow/example_dags/example_setup_teardown.py for tasks to queue
[2025-06-20T15:11:53.416+0000] {logging_mixin.py:188} INFO - [2025-06-20T15:11:53.416+0000] {dagbag.py:540} INFO - Filling up the DagBag from /home/airflow/.local/lib/python3.12/site-packages/airflow/example_dags/example_setup_teardown.py
[2025-06-20T15:11:53.424+0000] {processor.py:840} INFO - DAG(s) 'example_setup_teardown' retrieved from /home/airflow/.local/lib/python3.12/site-packages/airflow/example_dags/example_setup_teardown.py
[2025-06-20T15:11:53.443+0000] {logging_mixin.py:188} INFO - [2025-06-20T15:11:53.443+0000] {dag.py:3096} INFO - Sync 1 DAGs
[2025-06-20T15:11:53.463+0000] {logging_mixin.py:188} INFO - [2025-06-20T15:11:53.463+0000] {dag.py:3954} INFO - Setting next_dagrun for example_setup_teardown to 2025-06-19 00:00:00+00:00, run_after=2025-06-20 00:00:00+00:00
[2025-06-20T15:11:53.478+0000] {processor.py:183} INFO - Processing /home/airflow/.local/lib/python3.12/site-packages/airflow/example_dags/example_setup_teardown.py took 0.070 seconds
[2025-06-20T15:12:23.556+0000] {processor.py:161} INFO - Started process (PID=4443) to work on /home/airflow/.local/lib/python3.12/site-packages/airflow/example_dags/example_setup_teardown.py
[2025-06-20T15:12:23.557+0000] {processor.py:830} INFO - Processing file /home/airflow/.local/lib/python3.12/site-packages/airflow/example_dags/example_setup_teardown.py for tasks to queue
[2025-06-20T15:12:23.559+0000] {logging_mixin.py:188} INFO - [2025-06-20T15:12:23.559+0000] {dagbag.py:540} INFO - Filling up the DagBag from /home/airflow/.local/lib/python3.12/site-packages/airflow/example_dags/example_setup_teardown.py
[2025-06-20T15:12:23.566+0000] {processor.py:840} INFO - DAG(s) 'example_setup_teardown' retrieved from /home/airflow/.local/lib/python3.12/site-packages/airflow/example_dags/example_setup_teardown.py
[2025-06-20T15:12:23.584+0000] {logging_mixin.py:188} INFO - [2025-06-20T15:12:23.584+0000] {dag.py:3096} INFO - Sync 1 DAGs
[2025-06-20T15:12:23.604+0000] {logging_mixin.py:188} INFO - [2025-06-20T15:12:23.604+0000] {dag.py:3954} INFO - Setting next_dagrun for example_setup_teardown to 2025-06-19 00:00:00+00:00, run_after=2025-06-20 00:00:00+00:00
[2025-06-20T15:12:23.619+0000] {processor.py:183} INFO - Processing /home/airflow/.local/lib/python3.12/site-packages/airflow/example_dags/example_setup_teardown.py took 0.068 seconds
[2025-06-20T15:12:54.413+0000] {processor.py:161} INFO - Started process (PID=4508) to work on /home/airflow/.local/lib/python3.12/site-packages/airflow/example_dags/example_setup_teardown.py
[2025-06-20T15:12:54.414+0000] {processor.py:830} INFO - Processing file /home/airflow/.local/lib/python3.12/site-packages/airflow/example_dags/example_setup_teardown.py for tasks to queue
[2025-06-20T15:12:54.416+0000] {logging_mixin.py:188} INFO - [2025-06-20T15:12:54.416+0000] {dagbag.py:540} INFO - Filling up the DagBag from /home/airflow/.local/lib/python3.12/site-packages/airflow/example_dags/example_setup_teardown.py
[2025-06-20T15:12:54.423+0000] {processor.py:840} INFO - DAG(s) 'example_setup_teardown' retrieved from /home/airflow/.local/lib/python3.12/site-packages/airflow/example_dags/example_setup_teardown.py
[2025-06-20T15:12:54.442+0000] {logging_mixin.py:188} INFO - [2025-06-20T15:12:54.442+0000] {dag.py:3096} INFO - Sync 1 DAGs
[2025-06-20T15:12:54.462+0000] {logging_mixin.py:188} INFO - [2025-06-20T15:12:54.462+0000] {dag.py:3954} INFO - Setting next_dagrun for example_setup_teardown to 2025-06-19 00:00:00+00:00, run_after=2025-06-20 00:00:00+00:00
[2025-06-20T15:12:54.477+0000] {processor.py:183} INFO - Processing /home/airflow/.local/lib/python3.12/site-packages/airflow/example_dags/example_setup_teardown.py took 0.069 seconds
[2025-06-20T15:13:24.575+0000] {processor.py:161} INFO - Started process (PID=4567) to work on /home/airflow/.local/lib/python3.12/site-packages/airflow/example_dags/example_setup_teardown.py
[2025-06-20T15:13:24.576+0000] {processor.py:830} INFO - Processing file /home/airflow/.local/lib/python3.12/site-packages/airflow/example_dags/example_setup_teardown.py for tasks to queue
[2025-06-20T15:13:24.578+0000] {logging_mixin.py:188} INFO - [2025-06-20T15:13:24.578+0000] {dagbag.py:540} INFO - Filling up the DagBag from /home/airflow/.local/lib/python3.12/site-packages/airflow/example_dags/example_setup_teardown.py
[2025-06-20T15:13:24.585+0000] {processor.py:840} INFO - DAG(s) 'example_setup_teardown' retrieved from /home/airflow/.local/lib/python3.12/site-packages/airflow/example_dags/example_setup_teardown.py
[2025-06-20T15:13:24.605+0000] {logging_mixin.py:188} INFO - [2025-06-20T15:13:24.605+0000] {dag.py:3096} INFO - Sync 1 DAGs
[2025-06-20T15:13:24.626+0000] {logging_mixin.py:188} INFO - [2025-06-20T15:13:24.626+0000] {dag.py:3954} INFO - Setting next_dagrun for example_setup_teardown to 2025-06-19 00:00:00+00:00, run_after=2025-06-20 00:00:00+00:00
[2025-06-20T15:13:24.642+0000] {processor.py:183} INFO - Processing /home/airflow/.local/lib/python3.12/site-packages/airflow/example_dags/example_setup_teardown.py took 0.072 seconds
[2025-06-20T15:13:54.736+0000] {processor.py:161} INFO - Started process (PID=4626) to work on /home/airflow/.local/lib/python3.12/site-packages/airflow/example_dags/example_setup_teardown.py
[2025-06-20T15:13:54.737+0000] {processor.py:830} INFO - Processing file /home/airflow/.local/lib/python3.12/site-packages/airflow/example_dags/example_setup_teardown.py for tasks to queue
[2025-06-20T15:13:54.739+0000] {logging_mixin.py:188} INFO - [2025-06-20T15:13:54.738+0000] {dagbag.py:540} INFO - Filling up the DagBag from /home/airflow/.local/lib/python3.12/site-packages/airflow/example_dags/example_setup_teardown.py
[2025-06-20T15:13:54.746+0000] {processor.py:840} INFO - DAG(s) 'example_setup_teardown' retrieved from /home/airflow/.local/lib/python3.12/site-packages/airflow/example_dags/example_setup_teardown.py
[2025-06-20T15:13:54.766+0000] {logging_mixin.py:188} INFO - [2025-06-20T15:13:54.766+0000] {dag.py:3096} INFO - Sync 1 DAGs
[2025-06-20T15:13:54.786+0000] {logging_mixin.py:188} INFO - [2025-06-20T15:13:54.786+0000] {dag.py:3954} INFO - Setting next_dagrun for example_setup_teardown to 2025-06-19 00:00:00+00:00, run_after=2025-06-20 00:00:00+00:00
[2025-06-20T15:13:54.802+0000] {processor.py:183} INFO - Processing /home/airflow/.local/lib/python3.12/site-packages/airflow/example_dags/example_setup_teardown.py took 0.072 seconds
[2025-06-20T15:14:25.021+0000] {processor.py:161} INFO - Started process (PID=4685) to work on /home/airflow/.local/lib/python3.12/site-packages/airflow/example_dags/example_setup_teardown.py
[2025-06-20T15:14:25.022+0000] {processor.py:830} INFO - Processing file /home/airflow/.local/lib/python3.12/site-packages/airflow/example_dags/example_setup_teardown.py for tasks to queue
[2025-06-20T15:14:25.024+0000] {logging_mixin.py:188} INFO - [2025-06-20T15:14:25.024+0000] {dagbag.py:540} INFO - Filling up the DagBag from /home/airflow/.local/lib/python3.12/site-packages/airflow/example_dags/example_setup_teardown.py
[2025-06-20T15:14:25.031+0000] {processor.py:840} INFO - DAG(s) 'example_setup_teardown' retrieved from /home/airflow/.local/lib/python3.12/site-packages/airflow/example_dags/example_setup_teardown.py
[2025-06-20T15:14:25.050+0000] {logging_mixin.py:188} INFO - [2025-06-20T15:14:25.050+0000] {dag.py:3096} INFO - Sync 1 DAGs
[2025-06-20T15:14:25.072+0000] {logging_mixin.py:188} INFO - [2025-06-20T15:14:25.071+0000] {dag.py:3954} INFO - Setting next_dagrun for example_setup_teardown to 2025-06-19 00:00:00+00:00, run_after=2025-06-20 00:00:00+00:00
[2025-06-20T15:14:25.089+0000] {processor.py:183} INFO - Processing /home/airflow/.local/lib/python3.12/site-packages/airflow/example_dags/example_setup_teardown.py took 0.074 seconds
[2025-06-20T15:14:55.445+0000] {processor.py:161} INFO - Started process (PID=4744) to work on /home/airflow/.local/lib/python3.12/site-packages/airflow/example_dags/example_setup_teardown.py
[2025-06-20T15:14:55.446+0000] {processor.py:830} INFO - Processing file /home/airflow/.local/lib/python3.12/site-packages/airflow/example_dags/example_setup_teardown.py for tasks to queue
[2025-06-20T15:14:55.448+0000] {logging_mixin.py:188} INFO - [2025-06-20T15:14:55.448+0000] {dagbag.py:540} INFO - Filling up the DagBag from /home/airflow/.local/lib/python3.12/site-packages/airflow/example_dags/example_setup_teardown.py
[2025-06-20T15:14:55.455+0000] {processor.py:840} INFO - DAG(s) 'example_setup_teardown' retrieved from /home/airflow/.local/lib/python3.12/site-packages/airflow/example_dags/example_setup_teardown.py
[2025-06-20T15:14:55.477+0000] {logging_mixin.py:188} INFO - [2025-06-20T15:14:55.477+0000] {dag.py:3096} INFO - Sync 1 DAGs
[2025-06-20T15:14:55.499+0000] {logging_mixin.py:188} INFO - [2025-06-20T15:14:55.498+0000] {dag.py:3954} INFO - Setting next_dagrun for example_setup_teardown to 2025-06-19 00:00:00+00:00, run_after=2025-06-20 00:00:00+00:00
[2025-06-20T15:14:55.514+0000] {processor.py:183} INFO - Processing /home/airflow/.local/lib/python3.12/site-packages/airflow/example_dags/example_setup_teardown.py took 0.075 seconds
[2025-06-20T15:15:25.584+0000] {processor.py:161} INFO - Started process (PID=4803) to work on /home/airflow/.local/lib/python3.12/site-packages/airflow/example_dags/example_setup_teardown.py
[2025-06-20T15:15:25.585+0000] {processor.py:830} INFO - Processing file /home/airflow/.local/lib/python3.12/site-packages/airflow/example_dags/example_setup_teardown.py for tasks to queue
[2025-06-20T15:15:25.587+0000] {logging_mixin.py:188} INFO - [2025-06-20T15:15:25.587+0000] {dagbag.py:540} INFO - Filling up the DagBag from /home/airflow/.local/lib/python3.12/site-packages/airflow/example_dags/example_setup_teardown.py
[2025-06-20T15:15:25.594+0000] {processor.py:840} INFO - DAG(s) 'example_setup_teardown' retrieved from /home/airflow/.local/lib/python3.12/site-packages/airflow/example_dags/example_setup_teardown.py
[2025-06-20T15:15:25.614+0000] {logging_mixin.py:188} INFO - [2025-06-20T15:15:25.613+0000] {dag.py:3096} INFO - Sync 1 DAGs
[2025-06-20T15:15:25.634+0000] {logging_mixin.py:188} INFO - [2025-06-20T15:15:25.633+0000] {dag.py:3954} INFO - Setting next_dagrun for example_setup_teardown to 2025-06-19 00:00:00+00:00, run_after=2025-06-20 00:00:00+00:00
[2025-06-20T15:15:25.649+0000] {processor.py:183} INFO - Processing /home/airflow/.local/lib/python3.12/site-packages/airflow/example_dags/example_setup_teardown.py took 0.071 seconds
[2025-06-20T15:15:56.268+0000] {processor.py:161} INFO - Started process (PID=4862) to work on /home/airflow/.local/lib/python3.12/site-packages/airflow/example_dags/example_setup_teardown.py
[2025-06-20T15:15:56.269+0000] {processor.py:830} INFO - Processing file /home/airflow/.local/lib/python3.12/site-packages/airflow/example_dags/example_setup_teardown.py for tasks to queue
[2025-06-20T15:15:56.270+0000] {logging_mixin.py:188} INFO - [2025-06-20T15:15:56.270+0000] {dagbag.py:540} INFO - Filling up the DagBag from /home/airflow/.local/lib/python3.12/site-packages/airflow/example_dags/example_setup_teardown.py
[2025-06-20T15:15:56.277+0000] {processor.py:840} INFO - DAG(s) 'example_setup_teardown' retrieved from /home/airflow/.local/lib/python3.12/site-packages/airflow/example_dags/example_setup_teardown.py
[2025-06-20T15:15:56.298+0000] {logging_mixin.py:188} INFO - [2025-06-20T15:15:56.297+0000] {dag.py:3096} INFO - Sync 1 DAGs
[2025-06-20T15:15:56.318+0000] {logging_mixin.py:188} INFO - [2025-06-20T15:15:56.318+0000] {dag.py:3954} INFO - Setting next_dagrun for example_setup_teardown to 2025-06-19 00:00:00+00:00, run_after=2025-06-20 00:00:00+00:00
[2025-06-20T15:15:56.333+0000] {processor.py:183} INFO - Processing /home/airflow/.local/lib/python3.12/site-packages/airflow/example_dags/example_setup_teardown.py took 0.072 seconds
[2025-06-20T15:16:27.056+0000] {processor.py:161} INFO - Started process (PID=4921) to work on /home/airflow/.local/lib/python3.12/site-packages/airflow/example_dags/example_setup_teardown.py
[2025-06-20T15:16:27.057+0000] {processor.py:830} INFO - Processing file /home/airflow/.local/lib/python3.12/site-packages/airflow/example_dags/example_setup_teardown.py for tasks to queue
[2025-06-20T15:16:27.059+0000] {logging_mixin.py:188} INFO - [2025-06-20T15:16:27.058+0000] {dagbag.py:540} INFO - Filling up the DagBag from /home/airflow/.local/lib/python3.12/site-packages/airflow/example_dags/example_setup_teardown.py
[2025-06-20T15:16:27.066+0000] {processor.py:840} INFO - DAG(s) 'example_setup_teardown' retrieved from /home/airflow/.local/lib/python3.12/site-packages/airflow/example_dags/example_setup_teardown.py
[2025-06-20T15:16:27.086+0000] {logging_mixin.py:188} INFO - [2025-06-20T15:16:27.085+0000] {dag.py:3096} INFO - Sync 1 DAGs
[2025-06-20T15:16:27.106+0000] {logging_mixin.py:188} INFO - [2025-06-20T15:16:27.105+0000] {dag.py:3954} INFO - Setting next_dagrun for example_setup_teardown to 2025-06-19 00:00:00+00:00, run_after=2025-06-20 00:00:00+00:00
[2025-06-20T15:16:27.122+0000] {processor.py:183} INFO - Processing /home/airflow/.local/lib/python3.12/site-packages/airflow/example_dags/example_setup_teardown.py took 0.072 seconds
[2025-06-20T15:16:57.968+0000] {processor.py:161} INFO - Started process (PID=4980) to work on /home/airflow/.local/lib/python3.12/site-packages/airflow/example_dags/example_setup_teardown.py
[2025-06-20T15:16:57.970+0000] {processor.py:830} INFO - Processing file /home/airflow/.local/lib/python3.12/site-packages/airflow/example_dags/example_setup_teardown.py for tasks to queue
[2025-06-20T15:16:57.972+0000] {logging_mixin.py:188} INFO - [2025-06-20T15:16:57.972+0000] {dagbag.py:540} INFO - Filling up the DagBag from /home/airflow/.local/lib/python3.12/site-packages/airflow/example_dags/example_setup_teardown.py
[2025-06-20T15:16:57.979+0000] {processor.py:840} INFO - DAG(s) 'example_setup_teardown' retrieved from /home/airflow/.local/lib/python3.12/site-packages/airflow/example_dags/example_setup_teardown.py
[2025-06-20T15:16:58.000+0000] {logging_mixin.py:188} INFO - [2025-06-20T15:16:57.999+0000] {dag.py:3096} INFO - Sync 1 DAGs
[2025-06-20T15:16:58.020+0000] {logging_mixin.py:188} INFO - [2025-06-20T15:16:58.020+0000] {dag.py:3954} INFO - Setting next_dagrun for example_setup_teardown to 2025-06-19 00:00:00+00:00, run_after=2025-06-20 00:00:00+00:00
[2025-06-20T15:16:58.036+0000] {processor.py:183} INFO - Processing /home/airflow/.local/lib/python3.12/site-packages/airflow/example_dags/example_setup_teardown.py took 0.078 seconds
[2025-06-20T15:17:28.246+0000] {processor.py:161} INFO - Started process (PID=5039) to work on /home/airflow/.local/lib/python3.12/site-packages/airflow/example_dags/example_setup_teardown.py
[2025-06-20T15:17:28.247+0000] {processor.py:830} INFO - Processing file /home/airflow/.local/lib/python3.12/site-packages/airflow/example_dags/example_setup_teardown.py for tasks to queue
[2025-06-20T15:17:28.248+0000] {logging_mixin.py:188} INFO - [2025-06-20T15:17:28.248+0000] {dagbag.py:540} INFO - Filling up the DagBag from /home/airflow/.local/lib/python3.12/site-packages/airflow/example_dags/example_setup_teardown.py
[2025-06-20T15:17:28.255+0000] {processor.py:840} INFO - DAG(s) 'example_setup_teardown' retrieved from /home/airflow/.local/lib/python3.12/site-packages/airflow/example_dags/example_setup_teardown.py
[2025-06-20T15:17:28.274+0000] {logging_mixin.py:188} INFO - [2025-06-20T15:17:28.274+0000] {dag.py:3096} INFO - Sync 1 DAGs
[2025-06-20T15:17:28.295+0000] {logging_mixin.py:188} INFO - [2025-06-20T15:17:28.294+0000] {dag.py:3954} INFO - Setting next_dagrun for example_setup_teardown to 2025-06-19 00:00:00+00:00, run_after=2025-06-20 00:00:00+00:00
[2025-06-20T15:17:28.310+0000] {processor.py:183} INFO - Processing /home/airflow/.local/lib/python3.12/site-packages/airflow/example_dags/example_setup_teardown.py took 0.070 seconds
[2025-06-20T15:17:58.494+0000] {processor.py:161} INFO - Started process (PID=5098) to work on /home/airflow/.local/lib/python3.12/site-packages/airflow/example_dags/example_setup_teardown.py
[2025-06-20T15:17:58.495+0000] {processor.py:830} INFO - Processing file /home/airflow/.local/lib/python3.12/site-packages/airflow/example_dags/example_setup_teardown.py for tasks to queue
[2025-06-20T15:17:58.497+0000] {logging_mixin.py:188} INFO - [2025-06-20T15:17:58.497+0000] {dagbag.py:540} INFO - Filling up the DagBag from /home/airflow/.local/lib/python3.12/site-packages/airflow/example_dags/example_setup_teardown.py
[2025-06-20T15:17:58.504+0000] {processor.py:840} INFO - DAG(s) 'example_setup_teardown' retrieved from /home/airflow/.local/lib/python3.12/site-packages/airflow/example_dags/example_setup_teardown.py
[2025-06-20T15:17:58.524+0000] {logging_mixin.py:188} INFO - [2025-06-20T15:17:58.524+0000] {dag.py:3096} INFO - Sync 1 DAGs
[2025-06-20T15:17:58.546+0000] {logging_mixin.py:188} INFO - [2025-06-20T15:17:58.546+0000] {dag.py:3954} INFO - Setting next_dagrun for example_setup_teardown to 2025-06-19 00:00:00+00:00, run_after=2025-06-20 00:00:00+00:00
[2025-06-20T15:17:58.561+0000] {processor.py:183} INFO - Processing /home/airflow/.local/lib/python3.12/site-packages/airflow/example_dags/example_setup_teardown.py took 0.075 seconds
[2025-06-20T15:18:29.269+0000] {processor.py:161} INFO - Started process (PID=5158) to work on /home/airflow/.local/lib/python3.12/site-packages/airflow/example_dags/example_setup_teardown.py
[2025-06-20T15:18:29.270+0000] {processor.py:830} INFO - Processing file /home/airflow/.local/lib/python3.12/site-packages/airflow/example_dags/example_setup_teardown.py for tasks to queue
[2025-06-20T15:18:29.272+0000] {logging_mixin.py:188} INFO - [2025-06-20T15:18:29.271+0000] {dagbag.py:540} INFO - Filling up the DagBag from /home/airflow/.local/lib/python3.12/site-packages/airflow/example_dags/example_setup_teardown.py
[2025-06-20T15:18:29.279+0000] {processor.py:840} INFO - DAG(s) 'example_setup_teardown' retrieved from /home/airflow/.local/lib/python3.12/site-packages/airflow/example_dags/example_setup_teardown.py
[2025-06-20T15:18:29.300+0000] {logging_mixin.py:188} INFO - [2025-06-20T15:18:29.299+0000] {dag.py:3096} INFO - Sync 1 DAGs
[2025-06-20T15:18:29.321+0000] {logging_mixin.py:188} INFO - [2025-06-20T15:18:29.321+0000] {dag.py:3954} INFO - Setting next_dagrun for example_setup_teardown to 2025-06-19 00:00:00+00:00, run_after=2025-06-20 00:00:00+00:00
[2025-06-20T15:18:29.337+0000] {processor.py:183} INFO - Processing /home/airflow/.local/lib/python3.12/site-packages/airflow/example_dags/example_setup_teardown.py took 0.074 seconds
[2025-06-20T15:18:59.506+0000] {processor.py:161} INFO - Started process (PID=5217) to work on /home/airflow/.local/lib/python3.12/site-packages/airflow/example_dags/example_setup_teardown.py
[2025-06-20T15:18:59.507+0000] {processor.py:830} INFO - Processing file /home/airflow/.local/lib/python3.12/site-packages/airflow/example_dags/example_setup_teardown.py for tasks to queue
[2025-06-20T15:18:59.509+0000] {logging_mixin.py:188} INFO - [2025-06-20T15:18:59.509+0000] {dagbag.py:540} INFO - Filling up the DagBag from /home/airflow/.local/lib/python3.12/site-packages/airflow/example_dags/example_setup_teardown.py
[2025-06-20T15:18:59.516+0000] {processor.py:840} INFO - DAG(s) 'example_setup_teardown' retrieved from /home/airflow/.local/lib/python3.12/site-packages/airflow/example_dags/example_setup_teardown.py
[2025-06-20T15:18:59.535+0000] {logging_mixin.py:188} INFO - [2025-06-20T15:18:59.535+0000] {dag.py:3096} INFO - Sync 1 DAGs
[2025-06-20T15:18:59.556+0000] {logging_mixin.py:188} INFO - [2025-06-20T15:18:59.556+0000] {dag.py:3954} INFO - Setting next_dagrun for example_setup_teardown to 2025-06-19 00:00:00+00:00, run_after=2025-06-20 00:00:00+00:00
[2025-06-20T15:18:59.571+0000] {processor.py:183} INFO - Processing /home/airflow/.local/lib/python3.12/site-packages/airflow/example_dags/example_setup_teardown.py took 0.071 seconds
[2025-06-20T15:19:29.768+0000] {processor.py:161} INFO - Started process (PID=5276) to work on /home/airflow/.local/lib/python3.12/site-packages/airflow/example_dags/example_setup_teardown.py
[2025-06-20T15:19:29.769+0000] {processor.py:830} INFO - Processing file /home/airflow/.local/lib/python3.12/site-packages/airflow/example_dags/example_setup_teardown.py for tasks to queue
[2025-06-20T15:19:29.770+0000] {logging_mixin.py:188} INFO - [2025-06-20T15:19:29.770+0000] {dagbag.py:540} INFO - Filling up the DagBag from /home/airflow/.local/lib/python3.12/site-packages/airflow/example_dags/example_setup_teardown.py
[2025-06-20T15:19:29.777+0000] {processor.py:840} INFO - DAG(s) 'example_setup_teardown' retrieved from /home/airflow/.local/lib/python3.12/site-packages/airflow/example_dags/example_setup_teardown.py
[2025-06-20T15:19:29.796+0000] {logging_mixin.py:188} INFO - [2025-06-20T15:19:29.796+0000] {dag.py:3096} INFO - Sync 1 DAGs
[2025-06-20T15:19:29.819+0000] {logging_mixin.py:188} INFO - [2025-06-20T15:19:29.819+0000] {dag.py:3954} INFO - Setting next_dagrun for example_setup_teardown to 2025-06-19 00:00:00+00:00, run_after=2025-06-20 00:00:00+00:00
[2025-06-20T15:19:29.835+0000] {processor.py:183} INFO - Processing /home/airflow/.local/lib/python3.12/site-packages/airflow/example_dags/example_setup_teardown.py took 0.074 seconds
[2025-06-20T15:19:59.995+0000] {processor.py:161} INFO - Started process (PID=5335) to work on /home/airflow/.local/lib/python3.12/site-packages/airflow/example_dags/example_setup_teardown.py
[2025-06-20T15:19:59.996+0000] {processor.py:830} INFO - Processing file /home/airflow/.local/lib/python3.12/site-packages/airflow/example_dags/example_setup_teardown.py for tasks to queue
[2025-06-20T15:19:59.998+0000] {logging_mixin.py:188} INFO - [2025-06-20T15:19:59.998+0000] {dagbag.py:540} INFO - Filling up the DagBag from /home/airflow/.local/lib/python3.12/site-packages/airflow/example_dags/example_setup_teardown.py
[2025-06-20T15:20:00.005+0000] {processor.py:840} INFO - DAG(s) 'example_setup_teardown' retrieved from /home/airflow/.local/lib/python3.12/site-packages/airflow/example_dags/example_setup_teardown.py
[2025-06-20T15:20:00.026+0000] {logging_mixin.py:188} INFO - [2025-06-20T15:20:00.025+0000] {dag.py:3096} INFO - Sync 1 DAGs
[2025-06-20T15:20:00.047+0000] {logging_mixin.py:188} INFO - [2025-06-20T15:20:00.046+0000] {dag.py:3954} INFO - Setting next_dagrun for example_setup_teardown to 2025-06-19 00:00:00+00:00, run_after=2025-06-20 00:00:00+00:00
[2025-06-20T15:20:00.062+0000] {processor.py:183} INFO - Processing /home/airflow/.local/lib/python3.12/site-packages/airflow/example_dags/example_setup_teardown.py took 0.073 seconds
[2025-06-20T15:20:30.275+0000] {processor.py:161} INFO - Started process (PID=5394) to work on /home/airflow/.local/lib/python3.12/site-packages/airflow/example_dags/example_setup_teardown.py
[2025-06-20T15:20:30.275+0000] {processor.py:830} INFO - Processing file /home/airflow/.local/lib/python3.12/site-packages/airflow/example_dags/example_setup_teardown.py for tasks to queue
[2025-06-20T15:20:30.277+0000] {logging_mixin.py:188} INFO - [2025-06-20T15:20:30.277+0000] {dagbag.py:540} INFO - Filling up the DagBag from /home/airflow/.local/lib/python3.12/site-packages/airflow/example_dags/example_setup_teardown.py
[2025-06-20T15:20:30.284+0000] {processor.py:840} INFO - DAG(s) 'example_setup_teardown' retrieved from /home/airflow/.local/lib/python3.12/site-packages/airflow/example_dags/example_setup_teardown.py
[2025-06-20T15:20:30.305+0000] {logging_mixin.py:188} INFO - [2025-06-20T15:20:30.305+0000] {dag.py:3096} INFO - Sync 1 DAGs
[2025-06-20T15:20:30.326+0000] {logging_mixin.py:188} INFO - [2025-06-20T15:20:30.326+0000] {dag.py:3954} INFO - Setting next_dagrun for example_setup_teardown to 2025-06-19 00:00:00+00:00, run_after=2025-06-20 00:00:00+00:00
[2025-06-20T15:20:30.343+0000] {processor.py:183} INFO - Processing /home/airflow/.local/lib/python3.12/site-packages/airflow/example_dags/example_setup_teardown.py took 0.075 seconds
[2025-06-20T15:21:00.536+0000] {processor.py:161} INFO - Started process (PID=5453) to work on /home/airflow/.local/lib/python3.12/site-packages/airflow/example_dags/example_setup_teardown.py
[2025-06-20T15:21:00.537+0000] {processor.py:830} INFO - Processing file /home/airflow/.local/lib/python3.12/site-packages/airflow/example_dags/example_setup_teardown.py for tasks to queue
[2025-06-20T15:21:00.539+0000] {logging_mixin.py:188} INFO - [2025-06-20T15:21:00.539+0000] {dagbag.py:540} INFO - Filling up the DagBag from /home/airflow/.local/lib/python3.12/site-packages/airflow/example_dags/example_setup_teardown.py
[2025-06-20T15:21:00.547+0000] {processor.py:840} INFO - DAG(s) 'example_setup_teardown' retrieved from /home/airflow/.local/lib/python3.12/site-packages/airflow/example_dags/example_setup_teardown.py
[2025-06-20T15:21:00.568+0000] {logging_mixin.py:188} INFO - [2025-06-20T15:21:00.568+0000] {dag.py:3096} INFO - Sync 1 DAGs
[2025-06-20T15:21:00.588+0000] {logging_mixin.py:188} INFO - [2025-06-20T15:21:00.588+0000] {dag.py:3954} INFO - Setting next_dagrun for example_setup_teardown to 2025-06-19 00:00:00+00:00, run_after=2025-06-20 00:00:00+00:00
[2025-06-20T15:21:00.604+0000] {processor.py:183} INFO - Processing /home/airflow/.local/lib/python3.12/site-packages/airflow/example_dags/example_setup_teardown.py took 0.075 seconds
[2025-06-20T15:21:30.833+0000] {processor.py:161} INFO - Started process (PID=5512) to work on /home/airflow/.local/lib/python3.12/site-packages/airflow/example_dags/example_setup_teardown.py
[2025-06-20T15:21:30.834+0000] {processor.py:830} INFO - Processing file /home/airflow/.local/lib/python3.12/site-packages/airflow/example_dags/example_setup_teardown.py for tasks to queue
[2025-06-20T15:21:30.836+0000] {logging_mixin.py:188} INFO - [2025-06-20T15:21:30.836+0000] {dagbag.py:540} INFO - Filling up the DagBag from /home/airflow/.local/lib/python3.12/site-packages/airflow/example_dags/example_setup_teardown.py
[2025-06-20T15:21:30.843+0000] {processor.py:840} INFO - DAG(s) 'example_setup_teardown' retrieved from /home/airflow/.local/lib/python3.12/site-packages/airflow/example_dags/example_setup_teardown.py
[2025-06-20T15:21:30.863+0000] {logging_mixin.py:188} INFO - [2025-06-20T15:21:30.862+0000] {dag.py:3096} INFO - Sync 1 DAGs
[2025-06-20T15:21:30.882+0000] {logging_mixin.py:188} INFO - [2025-06-20T15:21:30.882+0000] {dag.py:3954} INFO - Setting next_dagrun for example_setup_teardown to 2025-06-19 00:00:00+00:00, run_after=2025-06-20 00:00:00+00:00
[2025-06-20T15:21:30.898+0000] {processor.py:183} INFO - Processing /home/airflow/.local/lib/python3.12/site-packages/airflow/example_dags/example_setup_teardown.py took 0.070 seconds
[2025-06-20T15:22:01.213+0000] {processor.py:161} INFO - Started process (PID=5571) to work on /home/airflow/.local/lib/python3.12/site-packages/airflow/example_dags/example_setup_teardown.py
[2025-06-20T15:22:01.214+0000] {processor.py:830} INFO - Processing file /home/airflow/.local/lib/python3.12/site-packages/airflow/example_dags/example_setup_teardown.py for tasks to queue
[2025-06-20T15:22:01.216+0000] {logging_mixin.py:188} INFO - [2025-06-20T15:22:01.215+0000] {dagbag.py:540} INFO - Filling up the DagBag from /home/airflow/.local/lib/python3.12/site-packages/airflow/example_dags/example_setup_teardown.py
[2025-06-20T15:22:01.223+0000] {processor.py:840} INFO - DAG(s) 'example_setup_teardown' retrieved from /home/airflow/.local/lib/python3.12/site-packages/airflow/example_dags/example_setup_teardown.py
[2025-06-20T15:22:01.244+0000] {logging_mixin.py:188} INFO - [2025-06-20T15:22:01.244+0000] {dag.py:3096} INFO - Sync 1 DAGs
[2025-06-20T15:22:01.265+0000] {logging_mixin.py:188} INFO - [2025-06-20T15:22:01.264+0000] {dag.py:3954} INFO - Setting next_dagrun for example_setup_teardown to 2025-06-19 00:00:00+00:00, run_after=2025-06-20 00:00:00+00:00
[2025-06-20T15:22:01.281+0000] {processor.py:183} INFO - Processing /home/airflow/.local/lib/python3.12/site-packages/airflow/example_dags/example_setup_teardown.py took 0.074 seconds
[2025-06-20T15:22:31.491+0000] {processor.py:161} INFO - Started process (PID=5631) to work on /home/airflow/.local/lib/python3.12/site-packages/airflow/example_dags/example_setup_teardown.py
[2025-06-20T15:22:31.492+0000] {processor.py:830} INFO - Processing file /home/airflow/.local/lib/python3.12/site-packages/airflow/example_dags/example_setup_teardown.py for tasks to queue
[2025-06-20T15:22:31.494+0000] {logging_mixin.py:188} INFO - [2025-06-20T15:22:31.494+0000] {dagbag.py:540} INFO - Filling up the DagBag from /home/airflow/.local/lib/python3.12/site-packages/airflow/example_dags/example_setup_teardown.py
[2025-06-20T15:22:31.501+0000] {processor.py:840} INFO - DAG(s) 'example_setup_teardown' retrieved from /home/airflow/.local/lib/python3.12/site-packages/airflow/example_dags/example_setup_teardown.py
[2025-06-20T15:22:31.521+0000] {logging_mixin.py:188} INFO - [2025-06-20T15:22:31.521+0000] {dag.py:3096} INFO - Sync 1 DAGs
[2025-06-20T15:22:31.541+0000] {logging_mixin.py:188} INFO - [2025-06-20T15:22:31.541+0000] {dag.py:3954} INFO - Setting next_dagrun for example_setup_teardown to 2025-06-19 00:00:00+00:00, run_after=2025-06-20 00:00:00+00:00
[2025-06-20T15:22:31.557+0000] {processor.py:183} INFO - Processing /home/airflow/.local/lib/python3.12/site-packages/airflow/example_dags/example_setup_teardown.py took 0.072 seconds
[2025-06-20T15:23:01.704+0000] {processor.py:161} INFO - Started process (PID=5689) to work on /home/airflow/.local/lib/python3.12/site-packages/airflow/example_dags/example_setup_teardown.py
[2025-06-20T15:23:01.705+0000] {processor.py:830} INFO - Processing file /home/airflow/.local/lib/python3.12/site-packages/airflow/example_dags/example_setup_teardown.py for tasks to queue
[2025-06-20T15:23:01.707+0000] {logging_mixin.py:188} INFO - [2025-06-20T15:23:01.706+0000] {dagbag.py:540} INFO - Filling up the DagBag from /home/airflow/.local/lib/python3.12/site-packages/airflow/example_dags/example_setup_teardown.py
[2025-06-20T15:23:01.713+0000] {processor.py:840} INFO - DAG(s) 'example_setup_teardown' retrieved from /home/airflow/.local/lib/python3.12/site-packages/airflow/example_dags/example_setup_teardown.py
[2025-06-20T15:23:01.732+0000] {logging_mixin.py:188} INFO - [2025-06-20T15:23:01.732+0000] {dag.py:3096} INFO - Sync 1 DAGs
[2025-06-20T15:23:01.752+0000] {logging_mixin.py:188} INFO - [2025-06-20T15:23:01.752+0000] {dag.py:3954} INFO - Setting next_dagrun for example_setup_teardown to 2025-06-19 00:00:00+00:00, run_after=2025-06-20 00:00:00+00:00
[2025-06-20T15:23:01.767+0000] {processor.py:183} INFO - Processing /home/airflow/.local/lib/python3.12/site-packages/airflow/example_dags/example_setup_teardown.py took 0.069 seconds
[2025-06-20T15:23:32.089+0000] {processor.py:161} INFO - Started process (PID=5748) to work on /home/airflow/.local/lib/python3.12/site-packages/airflow/example_dags/example_setup_teardown.py
[2025-06-20T15:23:32.090+0000] {processor.py:830} INFO - Processing file /home/airflow/.local/lib/python3.12/site-packages/airflow/example_dags/example_setup_teardown.py for tasks to queue
[2025-06-20T15:23:32.092+0000] {logging_mixin.py:188} INFO - [2025-06-20T15:23:32.091+0000] {dagbag.py:540} INFO - Filling up the DagBag from /home/airflow/.local/lib/python3.12/site-packages/airflow/example_dags/example_setup_teardown.py
[2025-06-20T15:23:32.099+0000] {processor.py:840} INFO - DAG(s) 'example_setup_teardown' retrieved from /home/airflow/.local/lib/python3.12/site-packages/airflow/example_dags/example_setup_teardown.py
[2025-06-20T15:23:32.118+0000] {logging_mixin.py:188} INFO - [2025-06-20T15:23:32.118+0000] {dag.py:3096} INFO - Sync 1 DAGs
[2025-06-20T15:23:32.138+0000] {logging_mixin.py:188} INFO - [2025-06-20T15:23:32.138+0000] {dag.py:3954} INFO - Setting next_dagrun for example_setup_teardown to 2025-06-19 00:00:00+00:00, run_after=2025-06-20 00:00:00+00:00
[2025-06-20T15:23:32.153+0000] {processor.py:183} INFO - Processing /home/airflow/.local/lib/python3.12/site-packages/airflow/example_dags/example_setup_teardown.py took 0.070 seconds
[2025-06-20T15:24:02.194+0000] {processor.py:161} INFO - Started process (PID=5807) to work on /home/airflow/.local/lib/python3.12/site-packages/airflow/example_dags/example_setup_teardown.py
[2025-06-20T15:24:02.195+0000] {processor.py:830} INFO - Processing file /home/airflow/.local/lib/python3.12/site-packages/airflow/example_dags/example_setup_teardown.py for tasks to queue
[2025-06-20T15:24:02.197+0000] {logging_mixin.py:188} INFO - [2025-06-20T15:24:02.197+0000] {dagbag.py:540} INFO - Filling up the DagBag from /home/airflow/.local/lib/python3.12/site-packages/airflow/example_dags/example_setup_teardown.py
[2025-06-20T15:24:02.204+0000] {processor.py:840} INFO - DAG(s) 'example_setup_teardown' retrieved from /home/airflow/.local/lib/python3.12/site-packages/airflow/example_dags/example_setup_teardown.py
[2025-06-20T15:24:02.224+0000] {logging_mixin.py:188} INFO - [2025-06-20T15:24:02.223+0000] {dag.py:3096} INFO - Sync 1 DAGs
[2025-06-20T15:24:02.244+0000] {logging_mixin.py:188} INFO - [2025-06-20T15:24:02.244+0000] {dag.py:3954} INFO - Setting next_dagrun for example_setup_teardown to 2025-06-19 00:00:00+00:00, run_after=2025-06-20 00:00:00+00:00
[2025-06-20T15:24:02.259+0000] {processor.py:183} INFO - Processing /home/airflow/.local/lib/python3.12/site-packages/airflow/example_dags/example_setup_teardown.py took 0.071 seconds
[2025-06-20T15:24:33.015+0000] {processor.py:161} INFO - Started process (PID=5866) to work on /home/airflow/.local/lib/python3.12/site-packages/airflow/example_dags/example_setup_teardown.py
[2025-06-20T15:24:33.016+0000] {processor.py:830} INFO - Processing file /home/airflow/.local/lib/python3.12/site-packages/airflow/example_dags/example_setup_teardown.py for tasks to queue
[2025-06-20T15:24:33.018+0000] {logging_mixin.py:188} INFO - [2025-06-20T15:24:33.017+0000] {dagbag.py:540} INFO - Filling up the DagBag from /home/airflow/.local/lib/python3.12/site-packages/airflow/example_dags/example_setup_teardown.py
[2025-06-20T15:24:33.024+0000] {processor.py:840} INFO - DAG(s) 'example_setup_teardown' retrieved from /home/airflow/.local/lib/python3.12/site-packages/airflow/example_dags/example_setup_teardown.py
[2025-06-20T15:24:33.044+0000] {logging_mixin.py:188} INFO - [2025-06-20T15:24:33.044+0000] {dag.py:3096} INFO - Sync 1 DAGs
[2025-06-20T15:24:33.066+0000] {logging_mixin.py:188} INFO - [2025-06-20T15:24:33.066+0000] {dag.py:3954} INFO - Setting next_dagrun for example_setup_teardown to 2025-06-19 00:00:00+00:00, run_after=2025-06-20 00:00:00+00:00
[2025-06-20T15:24:33.083+0000] {processor.py:183} INFO - Processing /home/airflow/.local/lib/python3.12/site-packages/airflow/example_dags/example_setup_teardown.py took 0.074 seconds
[2025-06-20T15:25:03.271+0000] {processor.py:161} INFO - Started process (PID=5923) to work on /home/airflow/.local/lib/python3.12/site-packages/airflow/example_dags/example_setup_teardown.py
[2025-06-20T15:25:03.272+0000] {processor.py:830} INFO - Processing file /home/airflow/.local/lib/python3.12/site-packages/airflow/example_dags/example_setup_teardown.py for tasks to queue
[2025-06-20T15:25:03.275+0000] {logging_mixin.py:188} INFO - [2025-06-20T15:25:03.274+0000] {dagbag.py:540} INFO - Filling up the DagBag from /home/airflow/.local/lib/python3.12/site-packages/airflow/example_dags/example_setup_teardown.py
[2025-06-20T15:25:03.284+0000] {processor.py:840} INFO - DAG(s) 'example_setup_teardown' retrieved from /home/airflow/.local/lib/python3.12/site-packages/airflow/example_dags/example_setup_teardown.py
[2025-06-20T15:25:03.307+0000] {logging_mixin.py:188} INFO - [2025-06-20T15:25:03.307+0000] {dag.py:3096} INFO - Sync 1 DAGs
[2025-06-20T15:25:03.328+0000] {logging_mixin.py:188} INFO - [2025-06-20T15:25:03.328+0000] {dag.py:3954} INFO - Setting next_dagrun for example_setup_teardown to 2025-06-19 00:00:00+00:00, run_after=2025-06-20 00:00:00+00:00
[2025-06-20T15:25:03.345+0000] {processor.py:183} INFO - Processing /home/airflow/.local/lib/python3.12/site-packages/airflow/example_dags/example_setup_teardown.py took 0.080 seconds
[2025-06-20T15:25:33.823+0000] {processor.py:161} INFO - Started process (PID=5982) to work on /home/airflow/.local/lib/python3.12/site-packages/airflow/example_dags/example_setup_teardown.py
[2025-06-20T15:25:33.824+0000] {processor.py:830} INFO - Processing file /home/airflow/.local/lib/python3.12/site-packages/airflow/example_dags/example_setup_teardown.py for tasks to queue
[2025-06-20T15:25:33.825+0000] {logging_mixin.py:188} INFO - [2025-06-20T15:25:33.825+0000] {dagbag.py:540} INFO - Filling up the DagBag from /home/airflow/.local/lib/python3.12/site-packages/airflow/example_dags/example_setup_teardown.py
[2025-06-20T15:25:33.833+0000] {processor.py:840} INFO - DAG(s) 'example_setup_teardown' retrieved from /home/airflow/.local/lib/python3.12/site-packages/airflow/example_dags/example_setup_teardown.py
[2025-06-20T15:25:33.856+0000] {logging_mixin.py:188} INFO - [2025-06-20T15:25:33.856+0000] {dag.py:3096} INFO - Sync 1 DAGs
[2025-06-20T15:25:33.876+0000] {logging_mixin.py:188} INFO - [2025-06-20T15:25:33.875+0000] {dag.py:3954} INFO - Setting next_dagrun for example_setup_teardown to 2025-06-19 00:00:00+00:00, run_after=2025-06-20 00:00:00+00:00
[2025-06-20T15:25:33.891+0000] {processor.py:183} INFO - Processing /home/airflow/.local/lib/python3.12/site-packages/airflow/example_dags/example_setup_teardown.py took 0.074 seconds
[2025-06-20T15:26:04.574+0000] {processor.py:161} INFO - Started process (PID=6041) to work on /home/airflow/.local/lib/python3.12/site-packages/airflow/example_dags/example_setup_teardown.py
[2025-06-20T15:26:04.575+0000] {processor.py:830} INFO - Processing file /home/airflow/.local/lib/python3.12/site-packages/airflow/example_dags/example_setup_teardown.py for tasks to queue
[2025-06-20T15:26:04.577+0000] {logging_mixin.py:188} INFO - [2025-06-20T15:26:04.577+0000] {dagbag.py:540} INFO - Filling up the DagBag from /home/airflow/.local/lib/python3.12/site-packages/airflow/example_dags/example_setup_teardown.py
[2025-06-20T15:26:04.586+0000] {processor.py:840} INFO - DAG(s) 'example_setup_teardown' retrieved from /home/airflow/.local/lib/python3.12/site-packages/airflow/example_dags/example_setup_teardown.py
[2025-06-20T15:26:04.607+0000] {logging_mixin.py:188} INFO - [2025-06-20T15:26:04.607+0000] {dag.py:3096} INFO - Sync 1 DAGs
[2025-06-20T15:26:04.630+0000] {logging_mixin.py:188} INFO - [2025-06-20T15:26:04.630+0000] {dag.py:3954} INFO - Setting next_dagrun for example_setup_teardown to 2025-06-19 00:00:00+00:00, run_after=2025-06-20 00:00:00+00:00
[2025-06-20T15:26:04.647+0000] {processor.py:183} INFO - Processing /home/airflow/.local/lib/python3.12/site-packages/airflow/example_dags/example_setup_teardown.py took 0.080 seconds
[2025-06-20T15:26:34.899+0000] {processor.py:161} INFO - Started process (PID=6100) to work on /home/airflow/.local/lib/python3.12/site-packages/airflow/example_dags/example_setup_teardown.py
[2025-06-20T15:26:34.899+0000] {processor.py:830} INFO - Processing file /home/airflow/.local/lib/python3.12/site-packages/airflow/example_dags/example_setup_teardown.py for tasks to queue
[2025-06-20T15:26:34.901+0000] {logging_mixin.py:188} INFO - [2025-06-20T15:26:34.901+0000] {dagbag.py:540} INFO - Filling up the DagBag from /home/airflow/.local/lib/python3.12/site-packages/airflow/example_dags/example_setup_teardown.py
[2025-06-20T15:26:34.908+0000] {processor.py:840} INFO - DAG(s) 'example_setup_teardown' retrieved from /home/airflow/.local/lib/python3.12/site-packages/airflow/example_dags/example_setup_teardown.py
[2025-06-20T15:26:34.928+0000] {logging_mixin.py:188} INFO - [2025-06-20T15:26:34.928+0000] {dag.py:3096} INFO - Sync 1 DAGs
[2025-06-20T15:26:34.948+0000] {logging_mixin.py:188} INFO - [2025-06-20T15:26:34.948+0000] {dag.py:3954} INFO - Setting next_dagrun for example_setup_teardown to 2025-06-19 00:00:00+00:00, run_after=2025-06-20 00:00:00+00:00
[2025-06-20T15:26:34.964+0000] {processor.py:183} INFO - Processing /home/airflow/.local/lib/python3.12/site-packages/airflow/example_dags/example_setup_teardown.py took 0.072 seconds
[2025-06-20T15:27:05.074+0000] {processor.py:161} INFO - Started process (PID=6159) to work on /home/airflow/.local/lib/python3.12/site-packages/airflow/example_dags/example_setup_teardown.py
[2025-06-20T15:27:05.075+0000] {processor.py:830} INFO - Processing file /home/airflow/.local/lib/python3.12/site-packages/airflow/example_dags/example_setup_teardown.py for tasks to queue
[2025-06-20T15:27:05.078+0000] {logging_mixin.py:188} INFO - [2025-06-20T15:27:05.077+0000] {dagbag.py:540} INFO - Filling up the DagBag from /home/airflow/.local/lib/python3.12/site-packages/airflow/example_dags/example_setup_teardown.py
[2025-06-20T15:27:05.084+0000] {processor.py:840} INFO - DAG(s) 'example_setup_teardown' retrieved from /home/airflow/.local/lib/python3.12/site-packages/airflow/example_dags/example_setup_teardown.py
[2025-06-20T15:27:05.103+0000] {logging_mixin.py:188} INFO - [2025-06-20T15:27:05.103+0000] {dag.py:3096} INFO - Sync 1 DAGs
[2025-06-20T15:27:05.123+0000] {logging_mixin.py:188} INFO - [2025-06-20T15:27:05.122+0000] {dag.py:3954} INFO - Setting next_dagrun for example_setup_teardown to 2025-06-19 00:00:00+00:00, run_after=2025-06-20 00:00:00+00:00
[2025-06-20T15:27:05.138+0000] {processor.py:183} INFO - Processing /home/airflow/.local/lib/python3.12/site-packages/airflow/example_dags/example_setup_teardown.py took 0.070 seconds
[2025-06-20T15:27:35.300+0000] {processor.py:161} INFO - Started process (PID=6218) to work on /home/airflow/.local/lib/python3.12/site-packages/airflow/example_dags/example_setup_teardown.py
[2025-06-20T15:27:35.300+0000] {processor.py:830} INFO - Processing file /home/airflow/.local/lib/python3.12/site-packages/airflow/example_dags/example_setup_teardown.py for tasks to queue
[2025-06-20T15:27:35.302+0000] {logging_mixin.py:188} INFO - [2025-06-20T15:27:35.302+0000] {dagbag.py:540} INFO - Filling up the DagBag from /home/airflow/.local/lib/python3.12/site-packages/airflow/example_dags/example_setup_teardown.py
[2025-06-20T15:27:35.309+0000] {processor.py:840} INFO - DAG(s) 'example_setup_teardown' retrieved from /home/airflow/.local/lib/python3.12/site-packages/airflow/example_dags/example_setup_teardown.py
[2025-06-20T15:27:35.329+0000] {logging_mixin.py:188} INFO - [2025-06-20T15:27:35.328+0000] {dag.py:3096} INFO - Sync 1 DAGs
[2025-06-20T15:27:35.348+0000] {logging_mixin.py:188} INFO - [2025-06-20T15:27:35.348+0000] {dag.py:3954} INFO - Setting next_dagrun for example_setup_teardown to 2025-06-19 00:00:00+00:00, run_after=2025-06-20 00:00:00+00:00
[2025-06-20T15:27:35.363+0000] {processor.py:183} INFO - Processing /home/airflow/.local/lib/python3.12/site-packages/airflow/example_dags/example_setup_teardown.py took 0.070 seconds
[2025-06-20T15:28:05.746+0000] {processor.py:161} INFO - Started process (PID=6277) to work on /home/airflow/.local/lib/python3.12/site-packages/airflow/example_dags/example_setup_teardown.py
[2025-06-20T15:28:05.746+0000] {processor.py:830} INFO - Processing file /home/airflow/.local/lib/python3.12/site-packages/airflow/example_dags/example_setup_teardown.py for tasks to queue
[2025-06-20T15:28:05.749+0000] {logging_mixin.py:188} INFO - [2025-06-20T15:28:05.748+0000] {dagbag.py:540} INFO - Filling up the DagBag from /home/airflow/.local/lib/python3.12/site-packages/airflow/example_dags/example_setup_teardown.py
[2025-06-20T15:28:05.755+0000] {processor.py:840} INFO - DAG(s) 'example_setup_teardown' retrieved from /home/airflow/.local/lib/python3.12/site-packages/airflow/example_dags/example_setup_teardown.py
[2025-06-20T15:28:05.776+0000] {logging_mixin.py:188} INFO - [2025-06-20T15:28:05.776+0000] {dag.py:3096} INFO - Sync 1 DAGs
[2025-06-20T15:28:05.795+0000] {logging_mixin.py:188} INFO - [2025-06-20T15:28:05.795+0000] {dag.py:3954} INFO - Setting next_dagrun for example_setup_teardown to 2025-06-19 00:00:00+00:00, run_after=2025-06-20 00:00:00+00:00
[2025-06-20T15:28:05.811+0000] {processor.py:183} INFO - Processing /home/airflow/.local/lib/python3.12/site-packages/airflow/example_dags/example_setup_teardown.py took 0.071 seconds
[2025-06-20T15:28:36.633+0000] {processor.py:161} INFO - Started process (PID=6336) to work on /home/airflow/.local/lib/python3.12/site-packages/airflow/example_dags/example_setup_teardown.py
[2025-06-20T15:28:36.635+0000] {processor.py:830} INFO - Processing file /home/airflow/.local/lib/python3.12/site-packages/airflow/example_dags/example_setup_teardown.py for tasks to queue
[2025-06-20T15:28:36.637+0000] {logging_mixin.py:188} INFO - [2025-06-20T15:28:36.637+0000] {dagbag.py:540} INFO - Filling up the DagBag from /home/airflow/.local/lib/python3.12/site-packages/airflow/example_dags/example_setup_teardown.py
[2025-06-20T15:28:36.648+0000] {processor.py:840} INFO - DAG(s) 'example_setup_teardown' retrieved from /home/airflow/.local/lib/python3.12/site-packages/airflow/example_dags/example_setup_teardown.py
[2025-06-20T15:28:36.670+0000] {logging_mixin.py:188} INFO - [2025-06-20T15:28:36.669+0000] {dag.py:3096} INFO - Sync 1 DAGs
[2025-06-20T15:28:36.692+0000] {logging_mixin.py:188} INFO - [2025-06-20T15:28:36.692+0000] {dag.py:3954} INFO - Setting next_dagrun for example_setup_teardown to 2025-06-19 00:00:00+00:00, run_after=2025-06-20 00:00:00+00:00
[2025-06-20T15:28:36.709+0000] {processor.py:183} INFO - Processing /home/airflow/.local/lib/python3.12/site-packages/airflow/example_dags/example_setup_teardown.py took 0.084 seconds
[2025-06-20T15:29:07.054+0000] {processor.py:161} INFO - Started process (PID=6395) to work on /home/airflow/.local/lib/python3.12/site-packages/airflow/example_dags/example_setup_teardown.py
[2025-06-20T15:29:07.055+0000] {processor.py:830} INFO - Processing file /home/airflow/.local/lib/python3.12/site-packages/airflow/example_dags/example_setup_teardown.py for tasks to queue
[2025-06-20T15:29:07.057+0000] {logging_mixin.py:188} INFO - [2025-06-20T15:29:07.056+0000] {dagbag.py:540} INFO - Filling up the DagBag from /home/airflow/.local/lib/python3.12/site-packages/airflow/example_dags/example_setup_teardown.py
[2025-06-20T15:29:07.063+0000] {processor.py:840} INFO - DAG(s) 'example_setup_teardown' retrieved from /home/airflow/.local/lib/python3.12/site-packages/airflow/example_dags/example_setup_teardown.py
[2025-06-20T15:29:07.083+0000] {logging_mixin.py:188} INFO - [2025-06-20T15:29:07.083+0000] {dag.py:3096} INFO - Sync 1 DAGs
[2025-06-20T15:29:07.103+0000] {logging_mixin.py:188} INFO - [2025-06-20T15:29:07.103+0000] {dag.py:3954} INFO - Setting next_dagrun for example_setup_teardown to 2025-06-19 00:00:00+00:00, run_after=2025-06-20 00:00:00+00:00
[2025-06-20T15:29:07.119+0000] {processor.py:183} INFO - Processing /home/airflow/.local/lib/python3.12/site-packages/airflow/example_dags/example_setup_teardown.py took 0.071 seconds
[2025-06-20T15:29:38.096+0000] {processor.py:161} INFO - Started process (PID=6454) to work on /home/airflow/.local/lib/python3.12/site-packages/airflow/example_dags/example_setup_teardown.py
[2025-06-20T15:29:38.096+0000] {processor.py:830} INFO - Processing file /home/airflow/.local/lib/python3.12/site-packages/airflow/example_dags/example_setup_teardown.py for tasks to queue
[2025-06-20T15:29:38.098+0000] {logging_mixin.py:188} INFO - [2025-06-20T15:29:38.098+0000] {dagbag.py:540} INFO - Filling up the DagBag from /home/airflow/.local/lib/python3.12/site-packages/airflow/example_dags/example_setup_teardown.py
[2025-06-20T15:29:38.105+0000] {processor.py:840} INFO - DAG(s) 'example_setup_teardown' retrieved from /home/airflow/.local/lib/python3.12/site-packages/airflow/example_dags/example_setup_teardown.py
[2025-06-20T15:29:38.126+0000] {logging_mixin.py:188} INFO - [2025-06-20T15:29:38.126+0000] {dag.py:3096} INFO - Sync 1 DAGs
[2025-06-20T15:29:38.146+0000] {logging_mixin.py:188} INFO - [2025-06-20T15:29:38.146+0000] {dag.py:3954} INFO - Setting next_dagrun for example_setup_teardown to 2025-06-19 00:00:00+00:00, run_after=2025-06-20 00:00:00+00:00
[2025-06-20T15:29:38.162+0000] {processor.py:183} INFO - Processing /home/airflow/.local/lib/python3.12/site-packages/airflow/example_dags/example_setup_teardown.py took 0.072 seconds
[2025-06-20T15:30:09.121+0000] {processor.py:161} INFO - Started process (PID=6513) to work on /home/airflow/.local/lib/python3.12/site-packages/airflow/example_dags/example_setup_teardown.py
[2025-06-20T15:30:09.122+0000] {processor.py:830} INFO - Processing file /home/airflow/.local/lib/python3.12/site-packages/airflow/example_dags/example_setup_teardown.py for tasks to queue
[2025-06-20T15:30:09.125+0000] {logging_mixin.py:188} INFO - [2025-06-20T15:30:09.124+0000] {dagbag.py:540} INFO - Filling up the DagBag from /home/airflow/.local/lib/python3.12/site-packages/airflow/example_dags/example_setup_teardown.py
[2025-06-20T15:30:09.134+0000] {processor.py:840} INFO - DAG(s) 'example_setup_teardown' retrieved from /home/airflow/.local/lib/python3.12/site-packages/airflow/example_dags/example_setup_teardown.py
[2025-06-20T15:30:09.155+0000] {logging_mixin.py:188} INFO - [2025-06-20T15:30:09.155+0000] {dag.py:3096} INFO - Sync 1 DAGs
[2025-06-20T15:30:09.175+0000] {logging_mixin.py:188} INFO - [2025-06-20T15:30:09.175+0000] {dag.py:3954} INFO - Setting next_dagrun for example_setup_teardown to 2025-06-19 00:00:00+00:00, run_after=2025-06-20 00:00:00+00:00
[2025-06-20T15:30:09.191+0000] {processor.py:183} INFO - Processing /home/airflow/.local/lib/python3.12/site-packages/airflow/example_dags/example_setup_teardown.py took 0.076 seconds
[2025-06-20T15:30:39.668+0000] {processor.py:161} INFO - Started process (PID=6572) to work on /home/airflow/.local/lib/python3.12/site-packages/airflow/example_dags/example_setup_teardown.py
[2025-06-20T15:30:39.669+0000] {processor.py:830} INFO - Processing file /home/airflow/.local/lib/python3.12/site-packages/airflow/example_dags/example_setup_teardown.py for tasks to queue
[2025-06-20T15:30:39.671+0000] {logging_mixin.py:188} INFO - [2025-06-20T15:30:39.671+0000] {dagbag.py:540} INFO - Filling up the DagBag from /home/airflow/.local/lib/python3.12/site-packages/airflow/example_dags/example_setup_teardown.py
[2025-06-20T15:30:39.680+0000] {processor.py:840} INFO - DAG(s) 'example_setup_teardown' retrieved from /home/airflow/.local/lib/python3.12/site-packages/airflow/example_dags/example_setup_teardown.py
[2025-06-20T15:30:39.702+0000] {logging_mixin.py:188} INFO - [2025-06-20T15:30:39.701+0000] {dag.py:3096} INFO - Sync 1 DAGs
[2025-06-20T15:30:39.721+0000] {logging_mixin.py:188} INFO - [2025-06-20T15:30:39.721+0000] {dag.py:3954} INFO - Setting next_dagrun for example_setup_teardown to 2025-06-19 00:00:00+00:00, run_after=2025-06-20 00:00:00+00:00
[2025-06-20T15:30:39.737+0000] {processor.py:183} INFO - Processing /home/airflow/.local/lib/python3.12/site-packages/airflow/example_dags/example_setup_teardown.py took 0.075 seconds
[2025-06-20T15:31:10.776+0000] {processor.py:161} INFO - Started process (PID=6631) to work on /home/airflow/.local/lib/python3.12/site-packages/airflow/example_dags/example_setup_teardown.py
[2025-06-20T15:31:10.777+0000] {processor.py:830} INFO - Processing file /home/airflow/.local/lib/python3.12/site-packages/airflow/example_dags/example_setup_teardown.py for tasks to queue
[2025-06-20T15:31:10.779+0000] {logging_mixin.py:188} INFO - [2025-06-20T15:31:10.779+0000] {dagbag.py:540} INFO - Filling up the DagBag from /home/airflow/.local/lib/python3.12/site-packages/airflow/example_dags/example_setup_teardown.py
[2025-06-20T15:31:10.786+0000] {processor.py:840} INFO - DAG(s) 'example_setup_teardown' retrieved from /home/airflow/.local/lib/python3.12/site-packages/airflow/example_dags/example_setup_teardown.py
[2025-06-20T15:31:10.806+0000] {logging_mixin.py:188} INFO - [2025-06-20T15:31:10.805+0000] {dag.py:3096} INFO - Sync 1 DAGs
[2025-06-20T15:31:10.942+0000] {logging_mixin.py:188} INFO - [2025-06-20T15:31:10.942+0000] {dag.py:3954} INFO - Setting next_dagrun for example_setup_teardown to 2025-06-19 00:00:00+00:00, run_after=2025-06-20 00:00:00+00:00
[2025-06-20T15:31:10.957+0000] {processor.py:183} INFO - Processing /home/airflow/.local/lib/python3.12/site-packages/airflow/example_dags/example_setup_teardown.py took 0.187 seconds
[2025-06-20T15:31:41.342+0000] {processor.py:161} INFO - Started process (PID=6690) to work on /home/airflow/.local/lib/python3.12/site-packages/airflow/example_dags/example_setup_teardown.py
[2025-06-20T15:31:41.343+0000] {processor.py:830} INFO - Processing file /home/airflow/.local/lib/python3.12/site-packages/airflow/example_dags/example_setup_teardown.py for tasks to queue
[2025-06-20T15:31:41.345+0000] {logging_mixin.py:188} INFO - [2025-06-20T15:31:41.345+0000] {dagbag.py:540} INFO - Filling up the DagBag from /home/airflow/.local/lib/python3.12/site-packages/airflow/example_dags/example_setup_teardown.py
[2025-06-20T15:31:41.352+0000] {processor.py:840} INFO - DAG(s) 'example_setup_teardown' retrieved from /home/airflow/.local/lib/python3.12/site-packages/airflow/example_dags/example_setup_teardown.py
[2025-06-20T15:31:41.372+0000] {logging_mixin.py:188} INFO - [2025-06-20T15:31:41.372+0000] {dag.py:3096} INFO - Sync 1 DAGs
[2025-06-20T15:31:41.392+0000] {logging_mixin.py:188} INFO - [2025-06-20T15:31:41.392+0000] {dag.py:3954} INFO - Setting next_dagrun for example_setup_teardown to 2025-06-19 00:00:00+00:00, run_after=2025-06-20 00:00:00+00:00
[2025-06-20T15:31:41.408+0000] {processor.py:183} INFO - Processing /home/airflow/.local/lib/python3.12/site-packages/airflow/example_dags/example_setup_teardown.py took 0.072 seconds
[2025-06-20T15:32:12.234+0000] {processor.py:161} INFO - Started process (PID=6749) to work on /home/airflow/.local/lib/python3.12/site-packages/airflow/example_dags/example_setup_teardown.py
[2025-06-20T15:32:12.235+0000] {processor.py:830} INFO - Processing file /home/airflow/.local/lib/python3.12/site-packages/airflow/example_dags/example_setup_teardown.py for tasks to queue
[2025-06-20T15:32:12.237+0000] {logging_mixin.py:188} INFO - [2025-06-20T15:32:12.237+0000] {dagbag.py:540} INFO - Filling up the DagBag from /home/airflow/.local/lib/python3.12/site-packages/airflow/example_dags/example_setup_teardown.py
[2025-06-20T15:32:12.243+0000] {processor.py:840} INFO - DAG(s) 'example_setup_teardown' retrieved from /home/airflow/.local/lib/python3.12/site-packages/airflow/example_dags/example_setup_teardown.py
[2025-06-20T15:32:12.263+0000] {logging_mixin.py:188} INFO - [2025-06-20T15:32:12.262+0000] {dag.py:3096} INFO - Sync 1 DAGs
[2025-06-20T15:32:12.282+0000] {logging_mixin.py:188} INFO - [2025-06-20T15:32:12.282+0000] {dag.py:3954} INFO - Setting next_dagrun for example_setup_teardown to 2025-06-19 00:00:00+00:00, run_after=2025-06-20 00:00:00+00:00
[2025-06-20T15:32:12.299+0000] {processor.py:183} INFO - Processing /home/airflow/.local/lib/python3.12/site-packages/airflow/example_dags/example_setup_teardown.py took 0.071 seconds
[2025-06-20T15:32:42.896+0000] {processor.py:161} INFO - Started process (PID=6808) to work on /home/airflow/.local/lib/python3.12/site-packages/airflow/example_dags/example_setup_teardown.py
[2025-06-20T15:32:42.896+0000] {processor.py:830} INFO - Processing file /home/airflow/.local/lib/python3.12/site-packages/airflow/example_dags/example_setup_teardown.py for tasks to queue
[2025-06-20T15:32:42.898+0000] {logging_mixin.py:188} INFO - [2025-06-20T15:32:42.898+0000] {dagbag.py:540} INFO - Filling up the DagBag from /home/airflow/.local/lib/python3.12/site-packages/airflow/example_dags/example_setup_teardown.py
[2025-06-20T15:32:42.905+0000] {processor.py:840} INFO - DAG(s) 'example_setup_teardown' retrieved from /home/airflow/.local/lib/python3.12/site-packages/airflow/example_dags/example_setup_teardown.py
[2025-06-20T15:32:42.925+0000] {logging_mixin.py:188} INFO - [2025-06-20T15:32:42.925+0000] {dag.py:3096} INFO - Sync 1 DAGs
[2025-06-20T15:32:42.945+0000] {logging_mixin.py:188} INFO - [2025-06-20T15:32:42.945+0000] {dag.py:3954} INFO - Setting next_dagrun for example_setup_teardown to 2025-06-19 00:00:00+00:00, run_after=2025-06-20 00:00:00+00:00
[2025-06-20T15:32:42.960+0000] {processor.py:183} INFO - Processing /home/airflow/.local/lib/python3.12/site-packages/airflow/example_dags/example_setup_teardown.py took 0.071 seconds
[2025-06-20T15:33:13.640+0000] {processor.py:161} INFO - Started process (PID=6867) to work on /home/airflow/.local/lib/python3.12/site-packages/airflow/example_dags/example_setup_teardown.py
[2025-06-20T15:33:13.641+0000] {processor.py:830} INFO - Processing file /home/airflow/.local/lib/python3.12/site-packages/airflow/example_dags/example_setup_teardown.py for tasks to queue
[2025-06-20T15:33:13.643+0000] {logging_mixin.py:188} INFO - [2025-06-20T15:33:13.642+0000] {dagbag.py:540} INFO - Filling up the DagBag from /home/airflow/.local/lib/python3.12/site-packages/airflow/example_dags/example_setup_teardown.py
[2025-06-20T15:33:13.650+0000] {processor.py:840} INFO - DAG(s) 'example_setup_teardown' retrieved from /home/airflow/.local/lib/python3.12/site-packages/airflow/example_dags/example_setup_teardown.py
[2025-06-20T15:33:13.670+0000] {logging_mixin.py:188} INFO - [2025-06-20T15:33:13.669+0000] {dag.py:3096} INFO - Sync 1 DAGs
[2025-06-20T15:33:13.692+0000] {logging_mixin.py:188} INFO - [2025-06-20T15:33:13.692+0000] {dag.py:3954} INFO - Setting next_dagrun for example_setup_teardown to 2025-06-19 00:00:00+00:00, run_after=2025-06-20 00:00:00+00:00
[2025-06-20T15:33:13.708+0000] {processor.py:183} INFO - Processing /home/airflow/.local/lib/python3.12/site-packages/airflow/example_dags/example_setup_teardown.py took 0.074 seconds
[2025-06-20T15:33:44.342+0000] {processor.py:161} INFO - Started process (PID=6926) to work on /home/airflow/.local/lib/python3.12/site-packages/airflow/example_dags/example_setup_teardown.py
[2025-06-20T15:33:44.343+0000] {processor.py:830} INFO - Processing file /home/airflow/.local/lib/python3.12/site-packages/airflow/example_dags/example_setup_teardown.py for tasks to queue
[2025-06-20T15:33:44.345+0000] {logging_mixin.py:188} INFO - [2025-06-20T15:33:44.345+0000] {dagbag.py:540} INFO - Filling up the DagBag from /home/airflow/.local/lib/python3.12/site-packages/airflow/example_dags/example_setup_teardown.py
[2025-06-20T15:33:44.352+0000] {processor.py:840} INFO - DAG(s) 'example_setup_teardown' retrieved from /home/airflow/.local/lib/python3.12/site-packages/airflow/example_dags/example_setup_teardown.py
[2025-06-20T15:33:44.374+0000] {logging_mixin.py:188} INFO - [2025-06-20T15:33:44.373+0000] {dag.py:3096} INFO - Sync 1 DAGs
[2025-06-20T15:33:44.394+0000] {logging_mixin.py:188} INFO - [2025-06-20T15:33:44.393+0000] {dag.py:3954} INFO - Setting next_dagrun for example_setup_teardown to 2025-06-19 00:00:00+00:00, run_after=2025-06-20 00:00:00+00:00
[2025-06-20T15:33:44.409+0000] {processor.py:183} INFO - Processing /home/airflow/.local/lib/python3.12/site-packages/airflow/example_dags/example_setup_teardown.py took 0.073 seconds
[2025-06-20T15:34:15.109+0000] {processor.py:161} INFO - Started process (PID=6985) to work on /home/airflow/.local/lib/python3.12/site-packages/airflow/example_dags/example_setup_teardown.py
[2025-06-20T15:34:15.110+0000] {processor.py:830} INFO - Processing file /home/airflow/.local/lib/python3.12/site-packages/airflow/example_dags/example_setup_teardown.py for tasks to queue
[2025-06-20T15:34:15.112+0000] {logging_mixin.py:188} INFO - [2025-06-20T15:34:15.111+0000] {dagbag.py:540} INFO - Filling up the DagBag from /home/airflow/.local/lib/python3.12/site-packages/airflow/example_dags/example_setup_teardown.py
[2025-06-20T15:34:15.118+0000] {processor.py:840} INFO - DAG(s) 'example_setup_teardown' retrieved from /home/airflow/.local/lib/python3.12/site-packages/airflow/example_dags/example_setup_teardown.py
[2025-06-20T15:34:15.138+0000] {logging_mixin.py:188} INFO - [2025-06-20T15:34:15.138+0000] {dag.py:3096} INFO - Sync 1 DAGs
[2025-06-20T15:34:15.157+0000] {logging_mixin.py:188} INFO - [2025-06-20T15:34:15.157+0000] {dag.py:3954} INFO - Setting next_dagrun for example_setup_teardown to 2025-06-19 00:00:00+00:00, run_after=2025-06-20 00:00:00+00:00
[2025-06-20T15:34:15.173+0000] {processor.py:183} INFO - Processing /home/airflow/.local/lib/python3.12/site-packages/airflow/example_dags/example_setup_teardown.py took 0.070 seconds
[2025-06-20T15:34:45.929+0000] {processor.py:161} INFO - Started process (PID=7044) to work on /home/airflow/.local/lib/python3.12/site-packages/airflow/example_dags/example_setup_teardown.py
[2025-06-20T15:34:45.929+0000] {processor.py:830} INFO - Processing file /home/airflow/.local/lib/python3.12/site-packages/airflow/example_dags/example_setup_teardown.py for tasks to queue
[2025-06-20T15:34:45.931+0000] {logging_mixin.py:188} INFO - [2025-06-20T15:34:45.931+0000] {dagbag.py:540} INFO - Filling up the DagBag from /home/airflow/.local/lib/python3.12/site-packages/airflow/example_dags/example_setup_teardown.py
[2025-06-20T15:34:45.938+0000] {processor.py:840} INFO - DAG(s) 'example_setup_teardown' retrieved from /home/airflow/.local/lib/python3.12/site-packages/airflow/example_dags/example_setup_teardown.py
[2025-06-20T15:34:45.957+0000] {logging_mixin.py:188} INFO - [2025-06-20T15:34:45.957+0000] {dag.py:3096} INFO - Sync 1 DAGs
[2025-06-20T15:34:45.977+0000] {logging_mixin.py:188} INFO - [2025-06-20T15:34:45.977+0000] {dag.py:3954} INFO - Setting next_dagrun for example_setup_teardown to 2025-06-19 00:00:00+00:00, run_after=2025-06-20 00:00:00+00:00
[2025-06-20T15:34:45.992+0000] {processor.py:183} INFO - Processing /home/airflow/.local/lib/python3.12/site-packages/airflow/example_dags/example_setup_teardown.py took 0.070 seconds
[2025-06-20T15:35:16.102+0000] {processor.py:161} INFO - Started process (PID=7103) to work on /home/airflow/.local/lib/python3.12/site-packages/airflow/example_dags/example_setup_teardown.py
[2025-06-20T15:35:16.103+0000] {processor.py:830} INFO - Processing file /home/airflow/.local/lib/python3.12/site-packages/airflow/example_dags/example_setup_teardown.py for tasks to queue
[2025-06-20T15:35:16.105+0000] {logging_mixin.py:188} INFO - [2025-06-20T15:35:16.104+0000] {dagbag.py:540} INFO - Filling up the DagBag from /home/airflow/.local/lib/python3.12/site-packages/airflow/example_dags/example_setup_teardown.py
[2025-06-20T15:35:16.113+0000] {processor.py:840} INFO - DAG(s) 'example_setup_teardown' retrieved from /home/airflow/.local/lib/python3.12/site-packages/airflow/example_dags/example_setup_teardown.py
[2025-06-20T15:35:16.134+0000] {logging_mixin.py:188} INFO - [2025-06-20T15:35:16.134+0000] {dag.py:3096} INFO - Sync 1 DAGs
[2025-06-20T15:35:16.158+0000] {logging_mixin.py:188} INFO - [2025-06-20T15:35:16.158+0000] {dag.py:3954} INFO - Setting next_dagrun for example_setup_teardown to 2025-06-19 00:00:00+00:00, run_after=2025-06-20 00:00:00+00:00
[2025-06-20T15:35:16.174+0000] {processor.py:183} INFO - Processing /home/airflow/.local/lib/python3.12/site-packages/airflow/example_dags/example_setup_teardown.py took 0.080 seconds
[2025-06-20T15:35:46.328+0000] {processor.py:161} INFO - Started process (PID=7162) to work on /home/airflow/.local/lib/python3.12/site-packages/airflow/example_dags/example_setup_teardown.py
[2025-06-20T15:35:46.329+0000] {processor.py:830} INFO - Processing file /home/airflow/.local/lib/python3.12/site-packages/airflow/example_dags/example_setup_teardown.py for tasks to queue
[2025-06-20T15:35:46.331+0000] {logging_mixin.py:188} INFO - [2025-06-20T15:35:46.330+0000] {dagbag.py:540} INFO - Filling up the DagBag from /home/airflow/.local/lib/python3.12/site-packages/airflow/example_dags/example_setup_teardown.py
[2025-06-20T15:35:46.338+0000] {processor.py:840} INFO - DAG(s) 'example_setup_teardown' retrieved from /home/airflow/.local/lib/python3.12/site-packages/airflow/example_dags/example_setup_teardown.py
[2025-06-20T15:35:46.360+0000] {logging_mixin.py:188} INFO - [2025-06-20T15:35:46.360+0000] {dag.py:3096} INFO - Sync 1 DAGs
[2025-06-20T15:35:46.381+0000] {logging_mixin.py:188} INFO - [2025-06-20T15:35:46.381+0000] {dag.py:3954} INFO - Setting next_dagrun for example_setup_teardown to 2025-06-19 00:00:00+00:00, run_after=2025-06-20 00:00:00+00:00
[2025-06-20T15:35:46.398+0000] {processor.py:183} INFO - Processing /home/airflow/.local/lib/python3.12/site-packages/airflow/example_dags/example_setup_teardown.py took 0.077 seconds
[2025-06-20T15:36:16.660+0000] {processor.py:161} INFO - Started process (PID=7221) to work on /home/airflow/.local/lib/python3.12/site-packages/airflow/example_dags/example_setup_teardown.py
[2025-06-20T15:36:16.661+0000] {processor.py:830} INFO - Processing file /home/airflow/.local/lib/python3.12/site-packages/airflow/example_dags/example_setup_teardown.py for tasks to queue
[2025-06-20T15:36:16.663+0000] {logging_mixin.py:188} INFO - [2025-06-20T15:36:16.663+0000] {dagbag.py:540} INFO - Filling up the DagBag from /home/airflow/.local/lib/python3.12/site-packages/airflow/example_dags/example_setup_teardown.py
[2025-06-20T15:36:16.671+0000] {processor.py:840} INFO - DAG(s) 'example_setup_teardown' retrieved from /home/airflow/.local/lib/python3.12/site-packages/airflow/example_dags/example_setup_teardown.py
[2025-06-20T15:36:16.694+0000] {logging_mixin.py:188} INFO - [2025-06-20T15:36:16.694+0000] {dag.py:3096} INFO - Sync 1 DAGs
[2025-06-20T15:36:16.721+0000] {logging_mixin.py:188} INFO - [2025-06-20T15:36:16.720+0000] {dag.py:3954} INFO - Setting next_dagrun for example_setup_teardown to 2025-06-19 00:00:00+00:00, run_after=2025-06-20 00:00:00+00:00
[2025-06-20T15:36:16.744+0000] {processor.py:183} INFO - Processing /home/airflow/.local/lib/python3.12/site-packages/airflow/example_dags/example_setup_teardown.py took 0.090 seconds
[2025-06-20T15:36:46.805+0000] {processor.py:161} INFO - Started process (PID=7280) to work on /home/airflow/.local/lib/python3.12/site-packages/airflow/example_dags/example_setup_teardown.py
[2025-06-20T15:36:46.806+0000] {processor.py:830} INFO - Processing file /home/airflow/.local/lib/python3.12/site-packages/airflow/example_dags/example_setup_teardown.py for tasks to queue
[2025-06-20T15:36:46.808+0000] {logging_mixin.py:188} INFO - [2025-06-20T15:36:46.808+0000] {dagbag.py:540} INFO - Filling up the DagBag from /home/airflow/.local/lib/python3.12/site-packages/airflow/example_dags/example_setup_teardown.py
[2025-06-20T15:36:46.816+0000] {processor.py:840} INFO - DAG(s) 'example_setup_teardown' retrieved from /home/airflow/.local/lib/python3.12/site-packages/airflow/example_dags/example_setup_teardown.py
[2025-06-20T15:36:46.840+0000] {logging_mixin.py:188} INFO - [2025-06-20T15:36:46.839+0000] {dag.py:3096} INFO - Sync 1 DAGs
[2025-06-20T15:36:46.864+0000] {logging_mixin.py:188} INFO - [2025-06-20T15:36:46.863+0000] {dag.py:3954} INFO - Setting next_dagrun for example_setup_teardown to 2025-06-19 00:00:00+00:00, run_after=2025-06-20 00:00:00+00:00
[2025-06-20T15:36:46.881+0000] {processor.py:183} INFO - Processing /home/airflow/.local/lib/python3.12/site-packages/airflow/example_dags/example_setup_teardown.py took 0.085 seconds
[2025-06-20T15:37:16.990+0000] {processor.py:161} INFO - Started process (PID=7339) to work on /home/airflow/.local/lib/python3.12/site-packages/airflow/example_dags/example_setup_teardown.py
[2025-06-20T15:37:16.991+0000] {processor.py:830} INFO - Processing file /home/airflow/.local/lib/python3.12/site-packages/airflow/example_dags/example_setup_teardown.py for tasks to queue
[2025-06-20T15:37:16.993+0000] {logging_mixin.py:188} INFO - [2025-06-20T15:37:16.993+0000] {dagbag.py:540} INFO - Filling up the DagBag from /home/airflow/.local/lib/python3.12/site-packages/airflow/example_dags/example_setup_teardown.py
[2025-06-20T15:37:17.000+0000] {processor.py:840} INFO - DAG(s) 'example_setup_teardown' retrieved from /home/airflow/.local/lib/python3.12/site-packages/airflow/example_dags/example_setup_teardown.py
[2025-06-20T15:37:17.020+0000] {logging_mixin.py:188} INFO - [2025-06-20T15:37:17.020+0000] {dag.py:3096} INFO - Sync 1 DAGs
[2025-06-20T15:37:17.040+0000] {logging_mixin.py:188} INFO - [2025-06-20T15:37:17.039+0000] {dag.py:3954} INFO - Setting next_dagrun for example_setup_teardown to 2025-06-19 00:00:00+00:00, run_after=2025-06-20 00:00:00+00:00
[2025-06-20T15:37:17.055+0000] {processor.py:183} INFO - Processing /home/airflow/.local/lib/python3.12/site-packages/airflow/example_dags/example_setup_teardown.py took 0.071 seconds
[2025-06-20T15:37:47.343+0000] {processor.py:161} INFO - Started process (PID=7398) to work on /home/airflow/.local/lib/python3.12/site-packages/airflow/example_dags/example_setup_teardown.py
[2025-06-20T15:37:47.344+0000] {processor.py:830} INFO - Processing file /home/airflow/.local/lib/python3.12/site-packages/airflow/example_dags/example_setup_teardown.py for tasks to queue
[2025-06-20T15:37:47.346+0000] {logging_mixin.py:188} INFO - [2025-06-20T15:37:47.346+0000] {dagbag.py:540} INFO - Filling up the DagBag from /home/airflow/.local/lib/python3.12/site-packages/airflow/example_dags/example_setup_teardown.py
[2025-06-20T15:37:47.353+0000] {processor.py:840} INFO - DAG(s) 'example_setup_teardown' retrieved from /home/airflow/.local/lib/python3.12/site-packages/airflow/example_dags/example_setup_teardown.py
[2025-06-20T15:37:47.371+0000] {logging_mixin.py:188} INFO - [2025-06-20T15:37:47.371+0000] {dag.py:3096} INFO - Sync 1 DAGs
[2025-06-20T15:37:47.391+0000] {logging_mixin.py:188} INFO - [2025-06-20T15:37:47.391+0000] {dag.py:3954} INFO - Setting next_dagrun for example_setup_teardown to 2025-06-19 00:00:00+00:00, run_after=2025-06-20 00:00:00+00:00
[2025-06-20T15:37:47.406+0000] {processor.py:183} INFO - Processing /home/airflow/.local/lib/python3.12/site-packages/airflow/example_dags/example_setup_teardown.py took 0.069 seconds
[2025-06-20T15:38:18.392+0000] {processor.py:161} INFO - Started process (PID=7457) to work on /home/airflow/.local/lib/python3.12/site-packages/airflow/example_dags/example_setup_teardown.py
[2025-06-20T15:38:18.393+0000] {processor.py:830} INFO - Processing file /home/airflow/.local/lib/python3.12/site-packages/airflow/example_dags/example_setup_teardown.py for tasks to queue
[2025-06-20T15:38:18.395+0000] {logging_mixin.py:188} INFO - [2025-06-20T15:38:18.395+0000] {dagbag.py:540} INFO - Filling up the DagBag from /home/airflow/.local/lib/python3.12/site-packages/airflow/example_dags/example_setup_teardown.py
[2025-06-20T15:38:18.401+0000] {processor.py:840} INFO - DAG(s) 'example_setup_teardown' retrieved from /home/airflow/.local/lib/python3.12/site-packages/airflow/example_dags/example_setup_teardown.py
[2025-06-20T15:38:18.421+0000] {logging_mixin.py:188} INFO - [2025-06-20T15:38:18.421+0000] {dag.py:3096} INFO - Sync 1 DAGs
[2025-06-20T15:38:18.440+0000] {logging_mixin.py:188} INFO - [2025-06-20T15:38:18.440+0000] {dag.py:3954} INFO - Setting next_dagrun for example_setup_teardown to 2025-06-19 00:00:00+00:00, run_after=2025-06-20 00:00:00+00:00
[2025-06-20T15:38:18.456+0000] {processor.py:183} INFO - Processing /home/airflow/.local/lib/python3.12/site-packages/airflow/example_dags/example_setup_teardown.py took 0.070 seconds
[2025-06-20T15:38:49.134+0000] {processor.py:161} INFO - Started process (PID=7516) to work on /home/airflow/.local/lib/python3.12/site-packages/airflow/example_dags/example_setup_teardown.py
[2025-06-20T15:38:49.135+0000] {processor.py:830} INFO - Processing file /home/airflow/.local/lib/python3.12/site-packages/airflow/example_dags/example_setup_teardown.py for tasks to queue
[2025-06-20T15:38:49.137+0000] {logging_mixin.py:188} INFO - [2025-06-20T15:38:49.137+0000] {dagbag.py:540} INFO - Filling up the DagBag from /home/airflow/.local/lib/python3.12/site-packages/airflow/example_dags/example_setup_teardown.py
[2025-06-20T15:38:49.143+0000] {processor.py:840} INFO - DAG(s) 'example_setup_teardown' retrieved from /home/airflow/.local/lib/python3.12/site-packages/airflow/example_dags/example_setup_teardown.py
[2025-06-20T15:38:49.164+0000] {logging_mixin.py:188} INFO - [2025-06-20T15:38:49.163+0000] {dag.py:3096} INFO - Sync 1 DAGs
[2025-06-20T15:38:49.185+0000] {logging_mixin.py:188} INFO - [2025-06-20T15:38:49.185+0000] {dag.py:3954} INFO - Setting next_dagrun for example_setup_teardown to 2025-06-19 00:00:00+00:00, run_after=2025-06-20 00:00:00+00:00
[2025-06-20T15:38:49.201+0000] {processor.py:183} INFO - Processing /home/airflow/.local/lib/python3.12/site-packages/airflow/example_dags/example_setup_teardown.py took 0.074 seconds
[2025-06-20T15:39:19.815+0000] {processor.py:161} INFO - Started process (PID=7575) to work on /home/airflow/.local/lib/python3.12/site-packages/airflow/example_dags/example_setup_teardown.py
[2025-06-20T15:39:19.816+0000] {processor.py:830} INFO - Processing file /home/airflow/.local/lib/python3.12/site-packages/airflow/example_dags/example_setup_teardown.py for tasks to queue
[2025-06-20T15:39:19.818+0000] {logging_mixin.py:188} INFO - [2025-06-20T15:39:19.818+0000] {dagbag.py:540} INFO - Filling up the DagBag from /home/airflow/.local/lib/python3.12/site-packages/airflow/example_dags/example_setup_teardown.py
[2025-06-20T15:39:19.825+0000] {processor.py:840} INFO - DAG(s) 'example_setup_teardown' retrieved from /home/airflow/.local/lib/python3.12/site-packages/airflow/example_dags/example_setup_teardown.py
[2025-06-20T15:39:19.845+0000] {logging_mixin.py:188} INFO - [2025-06-20T15:39:19.845+0000] {dag.py:3096} INFO - Sync 1 DAGs
[2025-06-20T15:39:19.867+0000] {logging_mixin.py:188} INFO - [2025-06-20T15:39:19.867+0000] {dag.py:3954} INFO - Setting next_dagrun for example_setup_teardown to 2025-06-19 00:00:00+00:00, run_after=2025-06-20 00:00:00+00:00
[2025-06-20T15:39:19.884+0000] {processor.py:183} INFO - Processing /home/airflow/.local/lib/python3.12/site-packages/airflow/example_dags/example_setup_teardown.py took 0.076 seconds
[2025-06-20T15:39:50.403+0000] {processor.py:161} INFO - Started process (PID=7634) to work on /home/airflow/.local/lib/python3.12/site-packages/airflow/example_dags/example_setup_teardown.py
[2025-06-20T15:39:50.404+0000] {processor.py:830} INFO - Processing file /home/airflow/.local/lib/python3.12/site-packages/airflow/example_dags/example_setup_teardown.py for tasks to queue
[2025-06-20T15:39:50.406+0000] {logging_mixin.py:188} INFO - [2025-06-20T15:39:50.406+0000] {dagbag.py:540} INFO - Filling up the DagBag from /home/airflow/.local/lib/python3.12/site-packages/airflow/example_dags/example_setup_teardown.py
[2025-06-20T15:39:50.413+0000] {processor.py:840} INFO - DAG(s) 'example_setup_teardown' retrieved from /home/airflow/.local/lib/python3.12/site-packages/airflow/example_dags/example_setup_teardown.py
[2025-06-20T15:39:50.432+0000] {logging_mixin.py:188} INFO - [2025-06-20T15:39:50.432+0000] {dag.py:3096} INFO - Sync 1 DAGs
[2025-06-20T15:39:50.452+0000] {logging_mixin.py:188} INFO - [2025-06-20T15:39:50.452+0000] {dag.py:3954} INFO - Setting next_dagrun for example_setup_teardown to 2025-06-19 00:00:00+00:00, run_after=2025-06-20 00:00:00+00:00
[2025-06-20T15:39:50.467+0000] {processor.py:183} INFO - Processing /home/airflow/.local/lib/python3.12/site-packages/airflow/example_dags/example_setup_teardown.py took 0.070 seconds
[2025-06-20T15:40:21.129+0000] {processor.py:161} INFO - Started process (PID=7693) to work on /home/airflow/.local/lib/python3.12/site-packages/airflow/example_dags/example_setup_teardown.py
[2025-06-20T15:40:21.130+0000] {processor.py:830} INFO - Processing file /home/airflow/.local/lib/python3.12/site-packages/airflow/example_dags/example_setup_teardown.py for tasks to queue
[2025-06-20T15:40:21.132+0000] {logging_mixin.py:188} INFO - [2025-06-20T15:40:21.132+0000] {dagbag.py:540} INFO - Filling up the DagBag from /home/airflow/.local/lib/python3.12/site-packages/airflow/example_dags/example_setup_teardown.py
[2025-06-20T15:40:21.139+0000] {processor.py:840} INFO - DAG(s) 'example_setup_teardown' retrieved from /home/airflow/.local/lib/python3.12/site-packages/airflow/example_dags/example_setup_teardown.py
[2025-06-20T15:40:21.159+0000] {logging_mixin.py:188} INFO - [2025-06-20T15:40:21.159+0000] {dag.py:3096} INFO - Sync 1 DAGs
[2025-06-20T15:40:21.179+0000] {logging_mixin.py:188} INFO - [2025-06-20T15:40:21.179+0000] {dag.py:3954} INFO - Setting next_dagrun for example_setup_teardown to 2025-06-19 00:00:00+00:00, run_after=2025-06-20 00:00:00+00:00
[2025-06-20T15:40:21.195+0000] {processor.py:183} INFO - Processing /home/airflow/.local/lib/python3.12/site-packages/airflow/example_dags/example_setup_teardown.py took 0.072 seconds
[2025-06-20T15:40:51.656+0000] {processor.py:161} INFO - Started process (PID=7752) to work on /home/airflow/.local/lib/python3.12/site-packages/airflow/example_dags/example_setup_teardown.py
[2025-06-20T15:40:51.657+0000] {processor.py:830} INFO - Processing file /home/airflow/.local/lib/python3.12/site-packages/airflow/example_dags/example_setup_teardown.py for tasks to queue
[2025-06-20T15:40:51.658+0000] {logging_mixin.py:188} INFO - [2025-06-20T15:40:51.658+0000] {dagbag.py:540} INFO - Filling up the DagBag from /home/airflow/.local/lib/python3.12/site-packages/airflow/example_dags/example_setup_teardown.py
[2025-06-20T15:40:51.665+0000] {processor.py:840} INFO - DAG(s) 'example_setup_teardown' retrieved from /home/airflow/.local/lib/python3.12/site-packages/airflow/example_dags/example_setup_teardown.py
[2025-06-20T15:40:51.685+0000] {logging_mixin.py:188} INFO - [2025-06-20T15:40:51.685+0000] {dag.py:3096} INFO - Sync 1 DAGs
[2025-06-20T15:40:51.705+0000] {logging_mixin.py:188} INFO - [2025-06-20T15:40:51.705+0000] {dag.py:3954} INFO - Setting next_dagrun for example_setup_teardown to 2025-06-19 00:00:00+00:00, run_after=2025-06-20 00:00:00+00:00
[2025-06-20T15:40:51.721+0000] {processor.py:183} INFO - Processing /home/airflow/.local/lib/python3.12/site-packages/airflow/example_dags/example_setup_teardown.py took 0.071 seconds
[2025-06-20T15:41:22.244+0000] {processor.py:161} INFO - Started process (PID=7811) to work on /home/airflow/.local/lib/python3.12/site-packages/airflow/example_dags/example_setup_teardown.py
[2025-06-20T15:41:22.245+0000] {processor.py:830} INFO - Processing file /home/airflow/.local/lib/python3.12/site-packages/airflow/example_dags/example_setup_teardown.py for tasks to queue
[2025-06-20T15:41:22.247+0000] {logging_mixin.py:188} INFO - [2025-06-20T15:41:22.246+0000] {dagbag.py:540} INFO - Filling up the DagBag from /home/airflow/.local/lib/python3.12/site-packages/airflow/example_dags/example_setup_teardown.py
[2025-06-20T15:41:22.254+0000] {processor.py:840} INFO - DAG(s) 'example_setup_teardown' retrieved from /home/airflow/.local/lib/python3.12/site-packages/airflow/example_dags/example_setup_teardown.py
[2025-06-20T15:41:22.276+0000] {logging_mixin.py:188} INFO - [2025-06-20T15:41:22.276+0000] {dag.py:3096} INFO - Sync 1 DAGs
[2025-06-20T15:41:22.298+0000] {logging_mixin.py:188} INFO - [2025-06-20T15:41:22.298+0000] {dag.py:3954} INFO - Setting next_dagrun for example_setup_teardown to 2025-06-19 00:00:00+00:00, run_after=2025-06-20 00:00:00+00:00
[2025-06-20T15:41:22.314+0000] {processor.py:183} INFO - Processing /home/airflow/.local/lib/python3.12/site-packages/airflow/example_dags/example_setup_teardown.py took 0.077 seconds
[2025-06-20T15:41:52.922+0000] {processor.py:161} INFO - Started process (PID=7870) to work on /home/airflow/.local/lib/python3.12/site-packages/airflow/example_dags/example_setup_teardown.py
[2025-06-20T15:41:52.923+0000] {processor.py:830} INFO - Processing file /home/airflow/.local/lib/python3.12/site-packages/airflow/example_dags/example_setup_teardown.py for tasks to queue
[2025-06-20T15:41:52.925+0000] {logging_mixin.py:188} INFO - [2025-06-20T15:41:52.925+0000] {dagbag.py:540} INFO - Filling up the DagBag from /home/airflow/.local/lib/python3.12/site-packages/airflow/example_dags/example_setup_teardown.py
[2025-06-20T15:41:52.933+0000] {processor.py:840} INFO - DAG(s) 'example_setup_teardown' retrieved from /home/airflow/.local/lib/python3.12/site-packages/airflow/example_dags/example_setup_teardown.py
[2025-06-20T15:41:52.955+0000] {logging_mixin.py:188} INFO - [2025-06-20T15:41:52.955+0000] {dag.py:3096} INFO - Sync 1 DAGs
[2025-06-20T15:41:52.980+0000] {logging_mixin.py:188} INFO - [2025-06-20T15:41:52.980+0000] {dag.py:3954} INFO - Setting next_dagrun for example_setup_teardown to 2025-06-19 00:00:00+00:00, run_after=2025-06-20 00:00:00+00:00
[2025-06-20T15:41:52.997+0000] {processor.py:183} INFO - Processing /home/airflow/.local/lib/python3.12/site-packages/airflow/example_dags/example_setup_teardown.py took 0.082 seconds
[2025-06-20T15:42:23.548+0000] {processor.py:161} INFO - Started process (PID=7929) to work on /home/airflow/.local/lib/python3.12/site-packages/airflow/example_dags/example_setup_teardown.py
[2025-06-20T15:42:23.549+0000] {processor.py:830} INFO - Processing file /home/airflow/.local/lib/python3.12/site-packages/airflow/example_dags/example_setup_teardown.py for tasks to queue
[2025-06-20T15:42:23.551+0000] {logging_mixin.py:188} INFO - [2025-06-20T15:42:23.551+0000] {dagbag.py:540} INFO - Filling up the DagBag from /home/airflow/.local/lib/python3.12/site-packages/airflow/example_dags/example_setup_teardown.py
[2025-06-20T15:42:23.558+0000] {processor.py:840} INFO - DAG(s) 'example_setup_teardown' retrieved from /home/airflow/.local/lib/python3.12/site-packages/airflow/example_dags/example_setup_teardown.py
[2025-06-20T15:42:23.577+0000] {logging_mixin.py:188} INFO - [2025-06-20T15:42:23.577+0000] {dag.py:3096} INFO - Sync 1 DAGs
[2025-06-20T15:42:23.597+0000] {logging_mixin.py:188} INFO - [2025-06-20T15:42:23.597+0000] {dag.py:3954} INFO - Setting next_dagrun for example_setup_teardown to 2025-06-19 00:00:00+00:00, run_after=2025-06-20 00:00:00+00:00
[2025-06-20T15:42:23.613+0000] {processor.py:183} INFO - Processing /home/airflow/.local/lib/python3.12/site-packages/airflow/example_dags/example_setup_teardown.py took 0.070 seconds
[2025-06-20T15:42:54.305+0000] {processor.py:161} INFO - Started process (PID=7988) to work on /home/airflow/.local/lib/python3.12/site-packages/airflow/example_dags/example_setup_teardown.py
[2025-06-20T15:42:54.306+0000] {processor.py:830} INFO - Processing file /home/airflow/.local/lib/python3.12/site-packages/airflow/example_dags/example_setup_teardown.py for tasks to queue
[2025-06-20T15:42:54.308+0000] {logging_mixin.py:188} INFO - [2025-06-20T15:42:54.308+0000] {dagbag.py:540} INFO - Filling up the DagBag from /home/airflow/.local/lib/python3.12/site-packages/airflow/example_dags/example_setup_teardown.py
[2025-06-20T15:42:54.315+0000] {processor.py:840} INFO - DAG(s) 'example_setup_teardown' retrieved from /home/airflow/.local/lib/python3.12/site-packages/airflow/example_dags/example_setup_teardown.py
[2025-06-20T15:42:54.336+0000] {logging_mixin.py:188} INFO - [2025-06-20T15:42:54.336+0000] {dag.py:3096} INFO - Sync 1 DAGs
[2025-06-20T15:42:54.356+0000] {logging_mixin.py:188} INFO - [2025-06-20T15:42:54.356+0000] {dag.py:3954} INFO - Setting next_dagrun for example_setup_teardown to 2025-06-19 00:00:00+00:00, run_after=2025-06-20 00:00:00+00:00
[2025-06-20T15:42:54.372+0000] {processor.py:183} INFO - Processing /home/airflow/.local/lib/python3.12/site-packages/airflow/example_dags/example_setup_teardown.py took 0.073 seconds
[2025-06-20T15:43:24.958+0000] {processor.py:161} INFO - Started process (PID=8047) to work on /home/airflow/.local/lib/python3.12/site-packages/airflow/example_dags/example_setup_teardown.py
[2025-06-20T15:43:24.959+0000] {processor.py:830} INFO - Processing file /home/airflow/.local/lib/python3.12/site-packages/airflow/example_dags/example_setup_teardown.py for tasks to queue
[2025-06-20T15:43:24.961+0000] {logging_mixin.py:188} INFO - [2025-06-20T15:43:24.960+0000] {dagbag.py:540} INFO - Filling up the DagBag from /home/airflow/.local/lib/python3.12/site-packages/airflow/example_dags/example_setup_teardown.py
[2025-06-20T15:43:24.967+0000] {processor.py:840} INFO - DAG(s) 'example_setup_teardown' retrieved from /home/airflow/.local/lib/python3.12/site-packages/airflow/example_dags/example_setup_teardown.py
[2025-06-20T15:43:24.987+0000] {logging_mixin.py:188} INFO - [2025-06-20T15:43:24.987+0000] {dag.py:3096} INFO - Sync 1 DAGs
[2025-06-20T15:43:25.007+0000] {logging_mixin.py:188} INFO - [2025-06-20T15:43:25.007+0000] {dag.py:3954} INFO - Setting next_dagrun for example_setup_teardown to 2025-06-19 00:00:00+00:00, run_after=2025-06-20 00:00:00+00:00
[2025-06-20T15:43:25.022+0000] {processor.py:183} INFO - Processing /home/airflow/.local/lib/python3.12/site-packages/airflow/example_dags/example_setup_teardown.py took 0.070 seconds
[2025-06-20T15:43:55.598+0000] {processor.py:161} INFO - Started process (PID=8106) to work on /home/airflow/.local/lib/python3.12/site-packages/airflow/example_dags/example_setup_teardown.py
[2025-06-20T15:43:55.599+0000] {processor.py:830} INFO - Processing file /home/airflow/.local/lib/python3.12/site-packages/airflow/example_dags/example_setup_teardown.py for tasks to queue
[2025-06-20T15:43:55.602+0000] {logging_mixin.py:188} INFO - [2025-06-20T15:43:55.601+0000] {dagbag.py:540} INFO - Filling up the DagBag from /home/airflow/.local/lib/python3.12/site-packages/airflow/example_dags/example_setup_teardown.py
[2025-06-20T15:43:55.609+0000] {processor.py:840} INFO - DAG(s) 'example_setup_teardown' retrieved from /home/airflow/.local/lib/python3.12/site-packages/airflow/example_dags/example_setup_teardown.py
[2025-06-20T15:43:55.630+0000] {logging_mixin.py:188} INFO - [2025-06-20T15:43:55.630+0000] {dag.py:3096} INFO - Sync 1 DAGs
[2025-06-20T15:43:55.652+0000] {logging_mixin.py:188} INFO - [2025-06-20T15:43:55.652+0000] {dag.py:3954} INFO - Setting next_dagrun for example_setup_teardown to 2025-06-19 00:00:00+00:00, run_after=2025-06-20 00:00:00+00:00
[2025-06-20T15:43:55.669+0000] {processor.py:183} INFO - Processing /home/airflow/.local/lib/python3.12/site-packages/airflow/example_dags/example_setup_teardown.py took 0.077 seconds
[2025-06-20T15:44:26.304+0000] {processor.py:161} INFO - Started process (PID=8165) to work on /home/airflow/.local/lib/python3.12/site-packages/airflow/example_dags/example_setup_teardown.py
[2025-06-20T15:44:26.305+0000] {processor.py:830} INFO - Processing file /home/airflow/.local/lib/python3.12/site-packages/airflow/example_dags/example_setup_teardown.py for tasks to queue
[2025-06-20T15:44:26.307+0000] {logging_mixin.py:188} INFO - [2025-06-20T15:44:26.307+0000] {dagbag.py:540} INFO - Filling up the DagBag from /home/airflow/.local/lib/python3.12/site-packages/airflow/example_dags/example_setup_teardown.py
[2025-06-20T15:44:26.314+0000] {processor.py:840} INFO - DAG(s) 'example_setup_teardown' retrieved from /home/airflow/.local/lib/python3.12/site-packages/airflow/example_dags/example_setup_teardown.py
[2025-06-20T15:44:26.333+0000] {logging_mixin.py:188} INFO - [2025-06-20T15:44:26.333+0000] {dag.py:3096} INFO - Sync 1 DAGs
[2025-06-20T15:44:26.353+0000] {logging_mixin.py:188} INFO - [2025-06-20T15:44:26.353+0000] {dag.py:3954} INFO - Setting next_dagrun for example_setup_teardown to 2025-06-19 00:00:00+00:00, run_after=2025-06-20 00:00:00+00:00
[2025-06-20T15:44:26.368+0000] {processor.py:183} INFO - Processing /home/airflow/.local/lib/python3.12/site-packages/airflow/example_dags/example_setup_teardown.py took 0.070 seconds
[2025-06-20T15:44:57.036+0000] {processor.py:161} INFO - Started process (PID=8224) to work on /home/airflow/.local/lib/python3.12/site-packages/airflow/example_dags/example_setup_teardown.py
[2025-06-20T15:44:57.037+0000] {processor.py:830} INFO - Processing file /home/airflow/.local/lib/python3.12/site-packages/airflow/example_dags/example_setup_teardown.py for tasks to queue
[2025-06-20T15:44:57.039+0000] {logging_mixin.py:188} INFO - [2025-06-20T15:44:57.039+0000] {dagbag.py:540} INFO - Filling up the DagBag from /home/airflow/.local/lib/python3.12/site-packages/airflow/example_dags/example_setup_teardown.py
[2025-06-20T15:44:57.046+0000] {processor.py:840} INFO - DAG(s) 'example_setup_teardown' retrieved from /home/airflow/.local/lib/python3.12/site-packages/airflow/example_dags/example_setup_teardown.py
[2025-06-20T15:44:57.065+0000] {logging_mixin.py:188} INFO - [2025-06-20T15:44:57.065+0000] {dag.py:3096} INFO - Sync 1 DAGs
[2025-06-20T15:44:57.085+0000] {logging_mixin.py:188} INFO - [2025-06-20T15:44:57.085+0000] {dag.py:3954} INFO - Setting next_dagrun for example_setup_teardown to 2025-06-19 00:00:00+00:00, run_after=2025-06-20 00:00:00+00:00
[2025-06-20T15:44:57.102+0000] {processor.py:183} INFO - Processing /home/airflow/.local/lib/python3.12/site-packages/airflow/example_dags/example_setup_teardown.py took 0.071 seconds
[2025-06-20T15:45:27.885+0000] {processor.py:161} INFO - Started process (PID=8283) to work on /home/airflow/.local/lib/python3.12/site-packages/airflow/example_dags/example_setup_teardown.py
[2025-06-20T15:45:27.886+0000] {processor.py:830} INFO - Processing file /home/airflow/.local/lib/python3.12/site-packages/airflow/example_dags/example_setup_teardown.py for tasks to queue
[2025-06-20T15:45:27.888+0000] {logging_mixin.py:188} INFO - [2025-06-20T15:45:27.888+0000] {dagbag.py:540} INFO - Filling up the DagBag from /home/airflow/.local/lib/python3.12/site-packages/airflow/example_dags/example_setup_teardown.py
[2025-06-20T15:45:27.895+0000] {processor.py:840} INFO - DAG(s) 'example_setup_teardown' retrieved from /home/airflow/.local/lib/python3.12/site-packages/airflow/example_dags/example_setup_teardown.py
[2025-06-20T15:45:27.915+0000] {logging_mixin.py:188} INFO - [2025-06-20T15:45:27.915+0000] {dag.py:3096} INFO - Sync 1 DAGs
[2025-06-20T15:45:27.935+0000] {logging_mixin.py:188} INFO - [2025-06-20T15:45:27.935+0000] {dag.py:3954} INFO - Setting next_dagrun for example_setup_teardown to 2025-06-19 00:00:00+00:00, run_after=2025-06-20 00:00:00+00:00
[2025-06-20T15:45:27.951+0000] {processor.py:183} INFO - Processing /home/airflow/.local/lib/python3.12/site-packages/airflow/example_dags/example_setup_teardown.py took 0.071 seconds
[2025-06-20T15:45:58.268+0000] {processor.py:161} INFO - Started process (PID=8342) to work on /home/airflow/.local/lib/python3.12/site-packages/airflow/example_dags/example_setup_teardown.py
[2025-06-20T15:45:58.269+0000] {processor.py:830} INFO - Processing file /home/airflow/.local/lib/python3.12/site-packages/airflow/example_dags/example_setup_teardown.py for tasks to queue
[2025-06-20T15:45:58.271+0000] {logging_mixin.py:188} INFO - [2025-06-20T15:45:58.271+0000] {dagbag.py:540} INFO - Filling up the DagBag from /home/airflow/.local/lib/python3.12/site-packages/airflow/example_dags/example_setup_teardown.py
[2025-06-20T15:45:58.278+0000] {processor.py:840} INFO - DAG(s) 'example_setup_teardown' retrieved from /home/airflow/.local/lib/python3.12/site-packages/airflow/example_dags/example_setup_teardown.py
[2025-06-20T15:45:58.298+0000] {logging_mixin.py:188} INFO - [2025-06-20T15:45:58.298+0000] {dag.py:3096} INFO - Sync 1 DAGs
[2025-06-20T15:45:58.320+0000] {logging_mixin.py:188} INFO - [2025-06-20T15:45:58.319+0000] {dag.py:3954} INFO - Setting next_dagrun for example_setup_teardown to 2025-06-19 00:00:00+00:00, run_after=2025-06-20 00:00:00+00:00
[2025-06-20T15:45:58.337+0000] {processor.py:183} INFO - Processing /home/airflow/.local/lib/python3.12/site-packages/airflow/example_dags/example_setup_teardown.py took 0.074 seconds
[2025-06-20T15:46:29.161+0000] {processor.py:161} INFO - Started process (PID=8407) to work on /home/airflow/.local/lib/python3.12/site-packages/airflow/example_dags/example_setup_teardown.py
[2025-06-20T15:46:29.162+0000] {processor.py:830} INFO - Processing file /home/airflow/.local/lib/python3.12/site-packages/airflow/example_dags/example_setup_teardown.py for tasks to queue
[2025-06-20T15:46:29.164+0000] {logging_mixin.py:188} INFO - [2025-06-20T15:46:29.164+0000] {dagbag.py:540} INFO - Filling up the DagBag from /home/airflow/.local/lib/python3.12/site-packages/airflow/example_dags/example_setup_teardown.py
[2025-06-20T15:46:29.171+0000] {processor.py:840} INFO - DAG(s) 'example_setup_teardown' retrieved from /home/airflow/.local/lib/python3.12/site-packages/airflow/example_dags/example_setup_teardown.py
[2025-06-20T15:46:29.191+0000] {logging_mixin.py:188} INFO - [2025-06-20T15:46:29.191+0000] {dag.py:3096} INFO - Sync 1 DAGs
[2025-06-20T15:46:29.212+0000] {logging_mixin.py:188} INFO - [2025-06-20T15:46:29.212+0000] {dag.py:3954} INFO - Setting next_dagrun for example_setup_teardown to 2025-06-19 00:00:00+00:00, run_after=2025-06-20 00:00:00+00:00
[2025-06-20T15:46:29.229+0000] {processor.py:183} INFO - Processing /home/airflow/.local/lib/python3.12/site-packages/airflow/example_dags/example_setup_teardown.py took 0.073 seconds
[2025-06-20T15:46:59.732+0000] {processor.py:161} INFO - Started process (PID=8466) to work on /home/airflow/.local/lib/python3.12/site-packages/airflow/example_dags/example_setup_teardown.py
[2025-06-20T15:46:59.733+0000] {processor.py:830} INFO - Processing file /home/airflow/.local/lib/python3.12/site-packages/airflow/example_dags/example_setup_teardown.py for tasks to queue
[2025-06-20T15:46:59.735+0000] {logging_mixin.py:188} INFO - [2025-06-20T15:46:59.735+0000] {dagbag.py:540} INFO - Filling up the DagBag from /home/airflow/.local/lib/python3.12/site-packages/airflow/example_dags/example_setup_teardown.py
[2025-06-20T15:46:59.741+0000] {processor.py:840} INFO - DAG(s) 'example_setup_teardown' retrieved from /home/airflow/.local/lib/python3.12/site-packages/airflow/example_dags/example_setup_teardown.py
[2025-06-20T15:46:59.762+0000] {logging_mixin.py:188} INFO - [2025-06-20T15:46:59.761+0000] {dag.py:3096} INFO - Sync 1 DAGs
[2025-06-20T15:46:59.782+0000] {logging_mixin.py:188} INFO - [2025-06-20T15:46:59.782+0000] {dag.py:3954} INFO - Setting next_dagrun for example_setup_teardown to 2025-06-19 00:00:00+00:00, run_after=2025-06-20 00:00:00+00:00
[2025-06-20T15:46:59.799+0000] {processor.py:183} INFO - Processing /home/airflow/.local/lib/python3.12/site-packages/airflow/example_dags/example_setup_teardown.py took 0.073 seconds
[2025-06-20T15:47:30.450+0000] {processor.py:161} INFO - Started process (PID=8525) to work on /home/airflow/.local/lib/python3.12/site-packages/airflow/example_dags/example_setup_teardown.py
[2025-06-20T15:47:30.451+0000] {processor.py:830} INFO - Processing file /home/airflow/.local/lib/python3.12/site-packages/airflow/example_dags/example_setup_teardown.py for tasks to queue
[2025-06-20T15:47:30.454+0000] {logging_mixin.py:188} INFO - [2025-06-20T15:47:30.454+0000] {dagbag.py:540} INFO - Filling up the DagBag from /home/airflow/.local/lib/python3.12/site-packages/airflow/example_dags/example_setup_teardown.py
[2025-06-20T15:47:30.460+0000] {processor.py:840} INFO - DAG(s) 'example_setup_teardown' retrieved from /home/airflow/.local/lib/python3.12/site-packages/airflow/example_dags/example_setup_teardown.py
[2025-06-20T15:47:30.481+0000] {logging_mixin.py:188} INFO - [2025-06-20T15:47:30.481+0000] {dag.py:3096} INFO - Sync 1 DAGs
[2025-06-20T15:47:30.503+0000] {logging_mixin.py:188} INFO - [2025-06-20T15:47:30.503+0000] {dag.py:3954} INFO - Setting next_dagrun for example_setup_teardown to 2025-06-19 00:00:00+00:00, run_after=2025-06-20 00:00:00+00:00
[2025-06-20T15:47:30.520+0000] {processor.py:183} INFO - Processing /home/airflow/.local/lib/python3.12/site-packages/airflow/example_dags/example_setup_teardown.py took 0.076 seconds
[2025-06-20T15:48:01.171+0000] {processor.py:161} INFO - Started process (PID=8584) to work on /home/airflow/.local/lib/python3.12/site-packages/airflow/example_dags/example_setup_teardown.py
[2025-06-20T15:48:01.172+0000] {processor.py:830} INFO - Processing file /home/airflow/.local/lib/python3.12/site-packages/airflow/example_dags/example_setup_teardown.py for tasks to queue
[2025-06-20T15:48:01.174+0000] {logging_mixin.py:188} INFO - [2025-06-20T15:48:01.174+0000] {dagbag.py:540} INFO - Filling up the DagBag from /home/airflow/.local/lib/python3.12/site-packages/airflow/example_dags/example_setup_teardown.py
[2025-06-20T15:48:01.180+0000] {processor.py:840} INFO - DAG(s) 'example_setup_teardown' retrieved from /home/airflow/.local/lib/python3.12/site-packages/airflow/example_dags/example_setup_teardown.py
[2025-06-20T15:48:01.201+0000] {logging_mixin.py:188} INFO - [2025-06-20T15:48:01.201+0000] {dag.py:3096} INFO - Sync 1 DAGs
[2025-06-20T15:48:01.221+0000] {logging_mixin.py:188} INFO - [2025-06-20T15:48:01.221+0000] {dag.py:3954} INFO - Setting next_dagrun for example_setup_teardown to 2025-06-19 00:00:00+00:00, run_after=2025-06-20 00:00:00+00:00
[2025-06-20T15:48:01.237+0000] {processor.py:183} INFO - Processing /home/airflow/.local/lib/python3.12/site-packages/airflow/example_dags/example_setup_teardown.py took 0.072 seconds
[2025-06-20T15:48:31.908+0000] {processor.py:161} INFO - Started process (PID=8643) to work on /home/airflow/.local/lib/python3.12/site-packages/airflow/example_dags/example_setup_teardown.py
[2025-06-20T15:48:31.909+0000] {processor.py:830} INFO - Processing file /home/airflow/.local/lib/python3.12/site-packages/airflow/example_dags/example_setup_teardown.py for tasks to queue
[2025-06-20T15:48:31.912+0000] {logging_mixin.py:188} INFO - [2025-06-20T15:48:31.911+0000] {dagbag.py:540} INFO - Filling up the DagBag from /home/airflow/.local/lib/python3.12/site-packages/airflow/example_dags/example_setup_teardown.py
[2025-06-20T15:48:31.918+0000] {processor.py:840} INFO - DAG(s) 'example_setup_teardown' retrieved from /home/airflow/.local/lib/python3.12/site-packages/airflow/example_dags/example_setup_teardown.py
[2025-06-20T15:48:31.939+0000] {logging_mixin.py:188} INFO - [2025-06-20T15:48:31.938+0000] {dag.py:3096} INFO - Sync 1 DAGs
[2025-06-20T15:48:31.959+0000] {logging_mixin.py:188} INFO - [2025-06-20T15:48:31.958+0000] {dag.py:3954} INFO - Setting next_dagrun for example_setup_teardown to 2025-06-19 00:00:00+00:00, run_after=2025-06-20 00:00:00+00:00
[2025-06-20T15:48:31.974+0000] {processor.py:183} INFO - Processing /home/airflow/.local/lib/python3.12/site-packages/airflow/example_dags/example_setup_teardown.py took 0.072 seconds
[2025-06-20T15:49:02.645+0000] {processor.py:161} INFO - Started process (PID=8702) to work on /home/airflow/.local/lib/python3.12/site-packages/airflow/example_dags/example_setup_teardown.py
[2025-06-20T15:49:02.646+0000] {processor.py:830} INFO - Processing file /home/airflow/.local/lib/python3.12/site-packages/airflow/example_dags/example_setup_teardown.py for tasks to queue
[2025-06-20T15:49:02.649+0000] {logging_mixin.py:188} INFO - [2025-06-20T15:49:02.648+0000] {dagbag.py:540} INFO - Filling up the DagBag from /home/airflow/.local/lib/python3.12/site-packages/airflow/example_dags/example_setup_teardown.py
[2025-06-20T15:49:02.656+0000] {processor.py:840} INFO - DAG(s) 'example_setup_teardown' retrieved from /home/airflow/.local/lib/python3.12/site-packages/airflow/example_dags/example_setup_teardown.py
[2025-06-20T15:49:02.678+0000] {logging_mixin.py:188} INFO - [2025-06-20T15:49:02.678+0000] {dag.py:3096} INFO - Sync 1 DAGs
[2025-06-20T15:49:02.700+0000] {logging_mixin.py:188} INFO - [2025-06-20T15:49:02.700+0000] {dag.py:3954} INFO - Setting next_dagrun for example_setup_teardown to 2025-06-19 00:00:00+00:00, run_after=2025-06-20 00:00:00+00:00
[2025-06-20T15:49:02.717+0000] {processor.py:183} INFO - Processing /home/airflow/.local/lib/python3.12/site-packages/airflow/example_dags/example_setup_teardown.py took 0.079 seconds
[2025-06-20T15:49:33.331+0000] {processor.py:161} INFO - Started process (PID=8761) to work on /home/airflow/.local/lib/python3.12/site-packages/airflow/example_dags/example_setup_teardown.py
[2025-06-20T15:49:33.332+0000] {processor.py:830} INFO - Processing file /home/airflow/.local/lib/python3.12/site-packages/airflow/example_dags/example_setup_teardown.py for tasks to queue
[2025-06-20T15:49:33.335+0000] {logging_mixin.py:188} INFO - [2025-06-20T15:49:33.334+0000] {dagbag.py:540} INFO - Filling up the DagBag from /home/airflow/.local/lib/python3.12/site-packages/airflow/example_dags/example_setup_teardown.py
[2025-06-20T15:49:33.341+0000] {processor.py:840} INFO - DAG(s) 'example_setup_teardown' retrieved from /home/airflow/.local/lib/python3.12/site-packages/airflow/example_dags/example_setup_teardown.py
[2025-06-20T15:49:33.361+0000] {logging_mixin.py:188} INFO - [2025-06-20T15:49:33.361+0000] {dag.py:3096} INFO - Sync 1 DAGs
[2025-06-20T15:49:33.381+0000] {logging_mixin.py:188} INFO - [2025-06-20T15:49:33.381+0000] {dag.py:3954} INFO - Setting next_dagrun for example_setup_teardown to 2025-06-19 00:00:00+00:00, run_after=2025-06-20 00:00:00+00:00
[2025-06-20T15:49:33.397+0000] {processor.py:183} INFO - Processing /home/airflow/.local/lib/python3.12/site-packages/airflow/example_dags/example_setup_teardown.py took 0.072 seconds
[2025-06-20T15:50:04.015+0000] {processor.py:161} INFO - Started process (PID=8820) to work on /home/airflow/.local/lib/python3.12/site-packages/airflow/example_dags/example_setup_teardown.py
[2025-06-20T15:50:04.015+0000] {processor.py:830} INFO - Processing file /home/airflow/.local/lib/python3.12/site-packages/airflow/example_dags/example_setup_teardown.py for tasks to queue
[2025-06-20T15:50:04.018+0000] {logging_mixin.py:188} INFO - [2025-06-20T15:50:04.017+0000] {dagbag.py:540} INFO - Filling up the DagBag from /home/airflow/.local/lib/python3.12/site-packages/airflow/example_dags/example_setup_teardown.py
[2025-06-20T15:50:04.024+0000] {processor.py:840} INFO - DAG(s) 'example_setup_teardown' retrieved from /home/airflow/.local/lib/python3.12/site-packages/airflow/example_dags/example_setup_teardown.py
[2025-06-20T15:50:04.045+0000] {logging_mixin.py:188} INFO - [2025-06-20T15:50:04.045+0000] {dag.py:3096} INFO - Sync 1 DAGs
[2025-06-20T15:50:04.065+0000] {logging_mixin.py:188} INFO - [2025-06-20T15:50:04.065+0000] {dag.py:3954} INFO - Setting next_dagrun for example_setup_teardown to 2025-06-19 00:00:00+00:00, run_after=2025-06-20 00:00:00+00:00
[2025-06-20T15:50:04.081+0000] {processor.py:183} INFO - Processing /home/airflow/.local/lib/python3.12/site-packages/airflow/example_dags/example_setup_teardown.py took 0.072 seconds
[2025-06-20T15:50:34.737+0000] {processor.py:161} INFO - Started process (PID=8879) to work on /home/airflow/.local/lib/python3.12/site-packages/airflow/example_dags/example_setup_teardown.py
[2025-06-20T15:50:34.738+0000] {processor.py:830} INFO - Processing file /home/airflow/.local/lib/python3.12/site-packages/airflow/example_dags/example_setup_teardown.py for tasks to queue
[2025-06-20T15:50:34.740+0000] {logging_mixin.py:188} INFO - [2025-06-20T15:50:34.740+0000] {dagbag.py:540} INFO - Filling up the DagBag from /home/airflow/.local/lib/python3.12/site-packages/airflow/example_dags/example_setup_teardown.py
[2025-06-20T15:50:34.747+0000] {processor.py:840} INFO - DAG(s) 'example_setup_teardown' retrieved from /home/airflow/.local/lib/python3.12/site-packages/airflow/example_dags/example_setup_teardown.py
[2025-06-20T15:50:34.768+0000] {logging_mixin.py:188} INFO - [2025-06-20T15:50:34.767+0000] {dag.py:3096} INFO - Sync 1 DAGs
[2025-06-20T15:50:34.787+0000] {logging_mixin.py:188} INFO - [2025-06-20T15:50:34.787+0000] {dag.py:3954} INFO - Setting next_dagrun for example_setup_teardown to 2025-06-19 00:00:00+00:00, run_after=2025-06-20 00:00:00+00:00
[2025-06-20T15:50:34.803+0000] {processor.py:183} INFO - Processing /home/airflow/.local/lib/python3.12/site-packages/airflow/example_dags/example_setup_teardown.py took 0.072 seconds
[2025-06-20T15:51:05.454+0000] {processor.py:161} INFO - Started process (PID=8938) to work on /home/airflow/.local/lib/python3.12/site-packages/airflow/example_dags/example_setup_teardown.py
[2025-06-20T15:51:05.455+0000] {processor.py:830} INFO - Processing file /home/airflow/.local/lib/python3.12/site-packages/airflow/example_dags/example_setup_teardown.py for tasks to queue
[2025-06-20T15:51:05.457+0000] {logging_mixin.py:188} INFO - [2025-06-20T15:51:05.457+0000] {dagbag.py:540} INFO - Filling up the DagBag from /home/airflow/.local/lib/python3.12/site-packages/airflow/example_dags/example_setup_teardown.py
[2025-06-20T15:51:05.464+0000] {processor.py:840} INFO - DAG(s) 'example_setup_teardown' retrieved from /home/airflow/.local/lib/python3.12/site-packages/airflow/example_dags/example_setup_teardown.py
[2025-06-20T15:51:05.486+0000] {logging_mixin.py:188} INFO - [2025-06-20T15:51:05.486+0000] {dag.py:3096} INFO - Sync 1 DAGs
[2025-06-20T15:51:05.509+0000] {logging_mixin.py:188} INFO - [2025-06-20T15:51:05.509+0000] {dag.py:3954} INFO - Setting next_dagrun for example_setup_teardown to 2025-06-19 00:00:00+00:00, run_after=2025-06-20 00:00:00+00:00
[2025-06-20T15:51:05.528+0000] {processor.py:183} INFO - Processing /home/airflow/.local/lib/python3.12/site-packages/airflow/example_dags/example_setup_teardown.py took 0.079 seconds
[2025-06-20T15:51:36.022+0000] {processor.py:161} INFO - Started process (PID=8997) to work on /home/airflow/.local/lib/python3.12/site-packages/airflow/example_dags/example_setup_teardown.py
[2025-06-20T15:51:36.023+0000] {processor.py:830} INFO - Processing file /home/airflow/.local/lib/python3.12/site-packages/airflow/example_dags/example_setup_teardown.py for tasks to queue
[2025-06-20T15:51:36.025+0000] {logging_mixin.py:188} INFO - [2025-06-20T15:51:36.024+0000] {dagbag.py:540} INFO - Filling up the DagBag from /home/airflow/.local/lib/python3.12/site-packages/airflow/example_dags/example_setup_teardown.py
[2025-06-20T15:51:36.032+0000] {processor.py:840} INFO - DAG(s) 'example_setup_teardown' retrieved from /home/airflow/.local/lib/python3.12/site-packages/airflow/example_dags/example_setup_teardown.py
[2025-06-20T15:51:36.052+0000] {logging_mixin.py:188} INFO - [2025-06-20T15:51:36.052+0000] {dag.py:3096} INFO - Sync 1 DAGs
[2025-06-20T15:51:36.073+0000] {logging_mixin.py:188} INFO - [2025-06-20T15:51:36.073+0000] {dag.py:3954} INFO - Setting next_dagrun for example_setup_teardown to 2025-06-19 00:00:00+00:00, run_after=2025-06-20 00:00:00+00:00
[2025-06-20T15:51:36.089+0000] {processor.py:183} INFO - Processing /home/airflow/.local/lib/python3.12/site-packages/airflow/example_dags/example_setup_teardown.py took 0.074 seconds
[2025-06-20T15:52:06.602+0000] {processor.py:161} INFO - Started process (PID=9056) to work on /home/airflow/.local/lib/python3.12/site-packages/airflow/example_dags/example_setup_teardown.py
[2025-06-20T15:52:06.603+0000] {processor.py:830} INFO - Processing file /home/airflow/.local/lib/python3.12/site-packages/airflow/example_dags/example_setup_teardown.py for tasks to queue
[2025-06-20T15:52:06.606+0000] {logging_mixin.py:188} INFO - [2025-06-20T15:52:06.605+0000] {dagbag.py:540} INFO - Filling up the DagBag from /home/airflow/.local/lib/python3.12/site-packages/airflow/example_dags/example_setup_teardown.py
[2025-06-20T15:52:06.614+0000] {processor.py:840} INFO - DAG(s) 'example_setup_teardown' retrieved from /home/airflow/.local/lib/python3.12/site-packages/airflow/example_dags/example_setup_teardown.py
[2025-06-20T15:52:06.635+0000] {logging_mixin.py:188} INFO - [2025-06-20T15:52:06.634+0000] {dag.py:3096} INFO - Sync 1 DAGs
[2025-06-20T15:52:06.654+0000] {logging_mixin.py:188} INFO - [2025-06-20T15:52:06.654+0000] {dag.py:3954} INFO - Setting next_dagrun for example_setup_teardown to 2025-06-19 00:00:00+00:00, run_after=2025-06-20 00:00:00+00:00
[2025-06-20T15:52:06.670+0000] {processor.py:183} INFO - Processing /home/airflow/.local/lib/python3.12/site-packages/airflow/example_dags/example_setup_teardown.py took 0.074 seconds
[2025-06-20T15:52:37.403+0000] {processor.py:161} INFO - Started process (PID=9115) to work on /home/airflow/.local/lib/python3.12/site-packages/airflow/example_dags/example_setup_teardown.py
[2025-06-20T15:52:37.404+0000] {processor.py:830} INFO - Processing file /home/airflow/.local/lib/python3.12/site-packages/airflow/example_dags/example_setup_teardown.py for tasks to queue
[2025-06-20T15:52:37.406+0000] {logging_mixin.py:188} INFO - [2025-06-20T15:52:37.405+0000] {dagbag.py:540} INFO - Filling up the DagBag from /home/airflow/.local/lib/python3.12/site-packages/airflow/example_dags/example_setup_teardown.py
[2025-06-20T15:52:37.413+0000] {processor.py:840} INFO - DAG(s) 'example_setup_teardown' retrieved from /home/airflow/.local/lib/python3.12/site-packages/airflow/example_dags/example_setup_teardown.py
[2025-06-20T15:52:37.433+0000] {logging_mixin.py:188} INFO - [2025-06-20T15:52:37.433+0000] {dag.py:3096} INFO - Sync 1 DAGs
[2025-06-20T15:52:37.454+0000] {logging_mixin.py:188} INFO - [2025-06-20T15:52:37.453+0000] {dag.py:3954} INFO - Setting next_dagrun for example_setup_teardown to 2025-06-19 00:00:00+00:00, run_after=2025-06-20 00:00:00+00:00
[2025-06-20T15:52:37.470+0000] {processor.py:183} INFO - Processing /home/airflow/.local/lib/python3.12/site-packages/airflow/example_dags/example_setup_teardown.py took 0.073 seconds
[2025-06-20T15:53:07.685+0000] {processor.py:161} INFO - Started process (PID=9173) to work on /home/airflow/.local/lib/python3.12/site-packages/airflow/example_dags/example_setup_teardown.py
[2025-06-20T15:53:07.686+0000] {processor.py:830} INFO - Processing file /home/airflow/.local/lib/python3.12/site-packages/airflow/example_dags/example_setup_teardown.py for tasks to queue
[2025-06-20T15:53:07.688+0000] {logging_mixin.py:188} INFO - [2025-06-20T15:53:07.688+0000] {dagbag.py:540} INFO - Filling up the DagBag from /home/airflow/.local/lib/python3.12/site-packages/airflow/example_dags/example_setup_teardown.py
[2025-06-20T15:53:07.696+0000] {processor.py:840} INFO - DAG(s) 'example_setup_teardown' retrieved from /home/airflow/.local/lib/python3.12/site-packages/airflow/example_dags/example_setup_teardown.py
[2025-06-20T15:53:07.717+0000] {logging_mixin.py:188} INFO - [2025-06-20T15:53:07.717+0000] {dag.py:3096} INFO - Sync 1 DAGs
[2025-06-20T15:53:07.738+0000] {logging_mixin.py:188} INFO - [2025-06-20T15:53:07.738+0000] {dag.py:3954} INFO - Setting next_dagrun for example_setup_teardown to 2025-06-19 00:00:00+00:00, run_after=2025-06-20 00:00:00+00:00
[2025-06-20T15:53:07.754+0000] {processor.py:183} INFO - Processing /home/airflow/.local/lib/python3.12/site-packages/airflow/example_dags/example_setup_teardown.py took 0.076 seconds
[2025-06-20T15:53:37.876+0000] {processor.py:161} INFO - Started process (PID=9232) to work on /home/airflow/.local/lib/python3.12/site-packages/airflow/example_dags/example_setup_teardown.py
[2025-06-20T15:53:37.878+0000] {processor.py:830} INFO - Processing file /home/airflow/.local/lib/python3.12/site-packages/airflow/example_dags/example_setup_teardown.py for tasks to queue
[2025-06-20T15:53:37.880+0000] {logging_mixin.py:188} INFO - [2025-06-20T15:53:37.880+0000] {dagbag.py:540} INFO - Filling up the DagBag from /home/airflow/.local/lib/python3.12/site-packages/airflow/example_dags/example_setup_teardown.py
[2025-06-20T15:53:37.888+0000] {processor.py:840} INFO - DAG(s) 'example_setup_teardown' retrieved from /home/airflow/.local/lib/python3.12/site-packages/airflow/example_dags/example_setup_teardown.py
[2025-06-20T15:53:37.910+0000] {logging_mixin.py:188} INFO - [2025-06-20T15:53:37.910+0000] {dag.py:3096} INFO - Sync 1 DAGs
[2025-06-20T15:53:37.932+0000] {logging_mixin.py:188} INFO - [2025-06-20T15:53:37.931+0000] {dag.py:3954} INFO - Setting next_dagrun for example_setup_teardown to 2025-06-19 00:00:00+00:00, run_after=2025-06-20 00:00:00+00:00
[2025-06-20T15:53:37.948+0000] {processor.py:183} INFO - Processing /home/airflow/.local/lib/python3.12/site-packages/airflow/example_dags/example_setup_teardown.py took 0.079 seconds
[2025-06-20T15:54:08.080+0000] {processor.py:161} INFO - Started process (PID=9291) to work on /home/airflow/.local/lib/python3.12/site-packages/airflow/example_dags/example_setup_teardown.py
[2025-06-20T15:54:08.081+0000] {processor.py:830} INFO - Processing file /home/airflow/.local/lib/python3.12/site-packages/airflow/example_dags/example_setup_teardown.py for tasks to queue
[2025-06-20T15:54:08.083+0000] {logging_mixin.py:188} INFO - [2025-06-20T15:54:08.083+0000] {dagbag.py:540} INFO - Filling up the DagBag from /home/airflow/.local/lib/python3.12/site-packages/airflow/example_dags/example_setup_teardown.py
[2025-06-20T15:54:08.090+0000] {processor.py:840} INFO - DAG(s) 'example_setup_teardown' retrieved from /home/airflow/.local/lib/python3.12/site-packages/airflow/example_dags/example_setup_teardown.py
[2025-06-20T15:54:08.112+0000] {logging_mixin.py:188} INFO - [2025-06-20T15:54:08.111+0000] {dag.py:3096} INFO - Sync 1 DAGs
[2025-06-20T15:54:08.133+0000] {logging_mixin.py:188} INFO - [2025-06-20T15:54:08.132+0000] {dag.py:3954} INFO - Setting next_dagrun for example_setup_teardown to 2025-06-19 00:00:00+00:00, run_after=2025-06-20 00:00:00+00:00
[2025-06-20T15:54:08.148+0000] {processor.py:183} INFO - Processing /home/airflow/.local/lib/python3.12/site-packages/airflow/example_dags/example_setup_teardown.py took 0.076 seconds
[2025-06-20T15:54:38.363+0000] {processor.py:161} INFO - Started process (PID=9350) to work on /home/airflow/.local/lib/python3.12/site-packages/airflow/example_dags/example_setup_teardown.py
[2025-06-20T15:54:38.364+0000] {processor.py:830} INFO - Processing file /home/airflow/.local/lib/python3.12/site-packages/airflow/example_dags/example_setup_teardown.py for tasks to queue
[2025-06-20T15:54:38.366+0000] {logging_mixin.py:188} INFO - [2025-06-20T15:54:38.365+0000] {dagbag.py:540} INFO - Filling up the DagBag from /home/airflow/.local/lib/python3.12/site-packages/airflow/example_dags/example_setup_teardown.py
[2025-06-20T15:54:38.373+0000] {processor.py:840} INFO - DAG(s) 'example_setup_teardown' retrieved from /home/airflow/.local/lib/python3.12/site-packages/airflow/example_dags/example_setup_teardown.py
[2025-06-20T15:54:38.393+0000] {logging_mixin.py:188} INFO - [2025-06-20T15:54:38.393+0000] {dag.py:3096} INFO - Sync 1 DAGs
[2025-06-20T15:54:38.413+0000] {logging_mixin.py:188} INFO - [2025-06-20T15:54:38.413+0000] {dag.py:3954} INFO - Setting next_dagrun for example_setup_teardown to 2025-06-19 00:00:00+00:00, run_after=2025-06-20 00:00:00+00:00
[2025-06-20T15:54:38.428+0000] {processor.py:183} INFO - Processing /home/airflow/.local/lib/python3.12/site-packages/airflow/example_dags/example_setup_teardown.py took 0.072 seconds
[2025-06-20T15:55:09.041+0000] {processor.py:161} INFO - Started process (PID=9409) to work on /home/airflow/.local/lib/python3.12/site-packages/airflow/example_dags/example_setup_teardown.py
[2025-06-20T15:55:09.042+0000] {processor.py:830} INFO - Processing file /home/airflow/.local/lib/python3.12/site-packages/airflow/example_dags/example_setup_teardown.py for tasks to queue
[2025-06-20T15:55:09.045+0000] {logging_mixin.py:188} INFO - [2025-06-20T15:55:09.045+0000] {dagbag.py:540} INFO - Filling up the DagBag from /home/airflow/.local/lib/python3.12/site-packages/airflow/example_dags/example_setup_teardown.py
[2025-06-20T15:55:09.052+0000] {processor.py:840} INFO - DAG(s) 'example_setup_teardown' retrieved from /home/airflow/.local/lib/python3.12/site-packages/airflow/example_dags/example_setup_teardown.py
[2025-06-20T15:55:09.072+0000] {logging_mixin.py:188} INFO - [2025-06-20T15:55:09.072+0000] {dag.py:3096} INFO - Sync 1 DAGs
[2025-06-20T15:55:09.092+0000] {logging_mixin.py:188} INFO - [2025-06-20T15:55:09.092+0000] {dag.py:3954} INFO - Setting next_dagrun for example_setup_teardown to 2025-06-19 00:00:00+00:00, run_after=2025-06-20 00:00:00+00:00
[2025-06-20T15:55:09.107+0000] {processor.py:183} INFO - Processing /home/airflow/.local/lib/python3.12/site-packages/airflow/example_dags/example_setup_teardown.py took 0.072 seconds
[2025-06-20T15:55:39.272+0000] {processor.py:161} INFO - Started process (PID=9468) to work on /home/airflow/.local/lib/python3.12/site-packages/airflow/example_dags/example_setup_teardown.py
[2025-06-20T15:55:39.274+0000] {processor.py:830} INFO - Processing file /home/airflow/.local/lib/python3.12/site-packages/airflow/example_dags/example_setup_teardown.py for tasks to queue
[2025-06-20T15:55:39.276+0000] {logging_mixin.py:188} INFO - [2025-06-20T15:55:39.275+0000] {dagbag.py:540} INFO - Filling up the DagBag from /home/airflow/.local/lib/python3.12/site-packages/airflow/example_dags/example_setup_teardown.py
[2025-06-20T15:55:39.283+0000] {processor.py:840} INFO - DAG(s) 'example_setup_teardown' retrieved from /home/airflow/.local/lib/python3.12/site-packages/airflow/example_dags/example_setup_teardown.py
[2025-06-20T15:55:39.306+0000] {logging_mixin.py:188} INFO - [2025-06-20T15:55:39.306+0000] {dag.py:3096} INFO - Sync 1 DAGs
[2025-06-20T15:55:39.328+0000] {logging_mixin.py:188} INFO - [2025-06-20T15:55:39.328+0000] {dag.py:3954} INFO - Setting next_dagrun for example_setup_teardown to 2025-06-19 00:00:00+00:00, run_after=2025-06-20 00:00:00+00:00
[2025-06-20T15:55:39.344+0000] {processor.py:183} INFO - Processing /home/airflow/.local/lib/python3.12/site-packages/airflow/example_dags/example_setup_teardown.py took 0.079 seconds
[2025-06-20T15:56:09.600+0000] {processor.py:161} INFO - Started process (PID=9527) to work on /home/airflow/.local/lib/python3.12/site-packages/airflow/example_dags/example_setup_teardown.py
[2025-06-20T15:56:09.601+0000] {processor.py:830} INFO - Processing file /home/airflow/.local/lib/python3.12/site-packages/airflow/example_dags/example_setup_teardown.py for tasks to queue
[2025-06-20T15:56:09.604+0000] {logging_mixin.py:188} INFO - [2025-06-20T15:56:09.603+0000] {dagbag.py:540} INFO - Filling up the DagBag from /home/airflow/.local/lib/python3.12/site-packages/airflow/example_dags/example_setup_teardown.py
[2025-06-20T15:56:09.610+0000] {processor.py:840} INFO - DAG(s) 'example_setup_teardown' retrieved from /home/airflow/.local/lib/python3.12/site-packages/airflow/example_dags/example_setup_teardown.py
[2025-06-20T15:56:09.630+0000] {logging_mixin.py:188} INFO - [2025-06-20T15:56:09.630+0000] {dag.py:3096} INFO - Sync 1 DAGs
[2025-06-20T15:56:09.650+0000] {logging_mixin.py:188} INFO - [2025-06-20T15:56:09.650+0000] {dag.py:3954} INFO - Setting next_dagrun for example_setup_teardown to 2025-06-19 00:00:00+00:00, run_after=2025-06-20 00:00:00+00:00
[2025-06-20T15:56:09.666+0000] {processor.py:183} INFO - Processing /home/airflow/.local/lib/python3.12/site-packages/airflow/example_dags/example_setup_teardown.py took 0.072 seconds
[2025-06-20T15:56:39.900+0000] {processor.py:161} INFO - Started process (PID=9586) to work on /home/airflow/.local/lib/python3.12/site-packages/airflow/example_dags/example_setup_teardown.py
[2025-06-20T15:56:39.901+0000] {processor.py:830} INFO - Processing file /home/airflow/.local/lib/python3.12/site-packages/airflow/example_dags/example_setup_teardown.py for tasks to queue
[2025-06-20T15:56:39.903+0000] {logging_mixin.py:188} INFO - [2025-06-20T15:56:39.903+0000] {dagbag.py:540} INFO - Filling up the DagBag from /home/airflow/.local/lib/python3.12/site-packages/airflow/example_dags/example_setup_teardown.py
[2025-06-20T15:56:39.910+0000] {processor.py:840} INFO - DAG(s) 'example_setup_teardown' retrieved from /home/airflow/.local/lib/python3.12/site-packages/airflow/example_dags/example_setup_teardown.py
[2025-06-20T15:56:39.931+0000] {logging_mixin.py:188} INFO - [2025-06-20T15:56:39.931+0000] {dag.py:3096} INFO - Sync 1 DAGs
[2025-06-20T15:56:39.951+0000] {logging_mixin.py:188} INFO - [2025-06-20T15:56:39.951+0000] {dag.py:3954} INFO - Setting next_dagrun for example_setup_teardown to 2025-06-19 00:00:00+00:00, run_after=2025-06-20 00:00:00+00:00
[2025-06-20T15:56:39.968+0000] {processor.py:183} INFO - Processing /home/airflow/.local/lib/python3.12/site-packages/airflow/example_dags/example_setup_teardown.py took 0.074 seconds
[2025-06-20T15:57:10.120+0000] {processor.py:161} INFO - Started process (PID=9645) to work on /home/airflow/.local/lib/python3.12/site-packages/airflow/example_dags/example_setup_teardown.py
[2025-06-20T15:57:10.121+0000] {processor.py:830} INFO - Processing file /home/airflow/.local/lib/python3.12/site-packages/airflow/example_dags/example_setup_teardown.py for tasks to queue
[2025-06-20T15:57:10.123+0000] {logging_mixin.py:188} INFO - [2025-06-20T15:57:10.123+0000] {dagbag.py:540} INFO - Filling up the DagBag from /home/airflow/.local/lib/python3.12/site-packages/airflow/example_dags/example_setup_teardown.py
[2025-06-20T15:57:10.130+0000] {processor.py:840} INFO - DAG(s) 'example_setup_teardown' retrieved from /home/airflow/.local/lib/python3.12/site-packages/airflow/example_dags/example_setup_teardown.py
[2025-06-20T15:57:10.150+0000] {logging_mixin.py:188} INFO - [2025-06-20T15:57:10.150+0000] {dag.py:3096} INFO - Sync 1 DAGs
[2025-06-20T15:57:10.170+0000] {logging_mixin.py:188} INFO - [2025-06-20T15:57:10.169+0000] {dag.py:3954} INFO - Setting next_dagrun for example_setup_teardown to 2025-06-19 00:00:00+00:00, run_after=2025-06-20 00:00:00+00:00
[2025-06-20T15:57:10.185+0000] {processor.py:183} INFO - Processing /home/airflow/.local/lib/python3.12/site-packages/airflow/example_dags/example_setup_teardown.py took 0.070 seconds
[2025-06-20T15:57:40.473+0000] {processor.py:161} INFO - Started process (PID=9704) to work on /home/airflow/.local/lib/python3.12/site-packages/airflow/example_dags/example_setup_teardown.py
[2025-06-20T15:57:40.474+0000] {processor.py:830} INFO - Processing file /home/airflow/.local/lib/python3.12/site-packages/airflow/example_dags/example_setup_teardown.py for tasks to queue
[2025-06-20T15:57:40.476+0000] {logging_mixin.py:188} INFO - [2025-06-20T15:57:40.475+0000] {dagbag.py:540} INFO - Filling up the DagBag from /home/airflow/.local/lib/python3.12/site-packages/airflow/example_dags/example_setup_teardown.py
[2025-06-20T15:57:40.483+0000] {processor.py:840} INFO - DAG(s) 'example_setup_teardown' retrieved from /home/airflow/.local/lib/python3.12/site-packages/airflow/example_dags/example_setup_teardown.py
[2025-06-20T15:57:40.505+0000] {logging_mixin.py:188} INFO - [2025-06-20T15:57:40.504+0000] {dag.py:3096} INFO - Sync 1 DAGs
[2025-06-20T15:57:40.529+0000] {logging_mixin.py:188} INFO - [2025-06-20T15:57:40.529+0000] {dag.py:3954} INFO - Setting next_dagrun for example_setup_teardown to 2025-06-19 00:00:00+00:00, run_after=2025-06-20 00:00:00+00:00
[2025-06-20T15:57:40.555+0000] {processor.py:183} INFO - Processing /home/airflow/.local/lib/python3.12/site-packages/airflow/example_dags/example_setup_teardown.py took 0.088 seconds
[2025-06-20T15:58:10.898+0000] {processor.py:161} INFO - Started process (PID=9763) to work on /home/airflow/.local/lib/python3.12/site-packages/airflow/example_dags/example_setup_teardown.py
[2025-06-20T15:58:10.899+0000] {processor.py:830} INFO - Processing file /home/airflow/.local/lib/python3.12/site-packages/airflow/example_dags/example_setup_teardown.py for tasks to queue
[2025-06-20T15:58:10.901+0000] {logging_mixin.py:188} INFO - [2025-06-20T15:58:10.901+0000] {dagbag.py:540} INFO - Filling up the DagBag from /home/airflow/.local/lib/python3.12/site-packages/airflow/example_dags/example_setup_teardown.py
[2025-06-20T15:58:10.909+0000] {processor.py:840} INFO - DAG(s) 'example_setup_teardown' retrieved from /home/airflow/.local/lib/python3.12/site-packages/airflow/example_dags/example_setup_teardown.py
[2025-06-20T15:58:10.931+0000] {logging_mixin.py:188} INFO - [2025-06-20T15:58:10.930+0000] {dag.py:3096} INFO - Sync 1 DAGs
[2025-06-20T15:58:10.951+0000] {logging_mixin.py:188} INFO - [2025-06-20T15:58:10.950+0000] {dag.py:3954} INFO - Setting next_dagrun for example_setup_teardown to 2025-06-19 00:00:00+00:00, run_after=2025-06-20 00:00:00+00:00
[2025-06-20T15:58:10.966+0000] {processor.py:183} INFO - Processing /home/airflow/.local/lib/python3.12/site-packages/airflow/example_dags/example_setup_teardown.py took 0.076 seconds
[2025-06-20T15:58:41.022+0000] {processor.py:161} INFO - Started process (PID=9822) to work on /home/airflow/.local/lib/python3.12/site-packages/airflow/example_dags/example_setup_teardown.py
[2025-06-20T15:58:41.023+0000] {processor.py:830} INFO - Processing file /home/airflow/.local/lib/python3.12/site-packages/airflow/example_dags/example_setup_teardown.py for tasks to queue
[2025-06-20T15:58:41.025+0000] {logging_mixin.py:188} INFO - [2025-06-20T15:58:41.025+0000] {dagbag.py:540} INFO - Filling up the DagBag from /home/airflow/.local/lib/python3.12/site-packages/airflow/example_dags/example_setup_teardown.py
[2025-06-20T15:58:41.033+0000] {processor.py:840} INFO - DAG(s) 'example_setup_teardown' retrieved from /home/airflow/.local/lib/python3.12/site-packages/airflow/example_dags/example_setup_teardown.py
[2025-06-20T15:58:41.052+0000] {logging_mixin.py:188} INFO - [2025-06-20T15:58:41.052+0000] {dag.py:3096} INFO - Sync 1 DAGs
[2025-06-20T15:58:41.075+0000] {logging_mixin.py:188} INFO - [2025-06-20T15:58:41.075+0000] {dag.py:3954} INFO - Setting next_dagrun for example_setup_teardown to 2025-06-19 00:00:00+00:00, run_after=2025-06-20 00:00:00+00:00
[2025-06-20T15:58:41.093+0000] {processor.py:183} INFO - Processing /home/airflow/.local/lib/python3.12/site-packages/airflow/example_dags/example_setup_teardown.py took 0.079 seconds
[2025-06-20T15:59:11.441+0000] {processor.py:161} INFO - Started process (PID=9881) to work on /home/airflow/.local/lib/python3.12/site-packages/airflow/example_dags/example_setup_teardown.py
[2025-06-20T15:59:11.442+0000] {processor.py:830} INFO - Processing file /home/airflow/.local/lib/python3.12/site-packages/airflow/example_dags/example_setup_teardown.py for tasks to queue
[2025-06-20T15:59:11.444+0000] {logging_mixin.py:188} INFO - [2025-06-20T15:59:11.444+0000] {dagbag.py:540} INFO - Filling up the DagBag from /home/airflow/.local/lib/python3.12/site-packages/airflow/example_dags/example_setup_teardown.py
[2025-06-20T15:59:11.451+0000] {processor.py:840} INFO - DAG(s) 'example_setup_teardown' retrieved from /home/airflow/.local/lib/python3.12/site-packages/airflow/example_dags/example_setup_teardown.py
[2025-06-20T15:59:11.474+0000] {logging_mixin.py:188} INFO - [2025-06-20T15:59:11.473+0000] {dag.py:3096} INFO - Sync 1 DAGs
[2025-06-20T15:59:11.494+0000] {logging_mixin.py:188} INFO - [2025-06-20T15:59:11.494+0000] {dag.py:3954} INFO - Setting next_dagrun for example_setup_teardown to 2025-06-19 00:00:00+00:00, run_after=2025-06-20 00:00:00+00:00
[2025-06-20T15:59:11.518+0000] {processor.py:183} INFO - Processing /home/airflow/.local/lib/python3.12/site-packages/airflow/example_dags/example_setup_teardown.py took 0.083 seconds
[2025-06-20T16:00:24.649+0000] {processor.py:161} INFO - Started process (PID=103) to work on /home/airflow/.local/lib/python3.12/site-packages/airflow/example_dags/example_setup_teardown.py
[2025-06-20T16:00:24.650+0000] {processor.py:830} INFO - Processing file /home/airflow/.local/lib/python3.12/site-packages/airflow/example_dags/example_setup_teardown.py for tasks to queue
[2025-06-20T16:00:24.652+0000] {logging_mixin.py:188} INFO - [2025-06-20T16:00:24.651+0000] {dagbag.py:540} INFO - Filling up the DagBag from /home/airflow/.local/lib/python3.12/site-packages/airflow/example_dags/example_setup_teardown.py
[2025-06-20T16:00:24.662+0000] {processor.py:840} INFO - DAG(s) 'example_setup_teardown' retrieved from /home/airflow/.local/lib/python3.12/site-packages/airflow/example_dags/example_setup_teardown.py
[2025-06-20T16:00:24.675+0000] {logging_mixin.py:188} INFO - [2025-06-20T16:00:24.675+0000] {dag.py:3096} INFO - Sync 1 DAGs
[2025-06-20T16:00:24.699+0000] {logging_mixin.py:188} INFO - [2025-06-20T16:00:24.699+0000] {dag.py:3954} INFO - Setting next_dagrun for example_setup_teardown to 2025-06-19 00:00:00+00:00, run_after=2025-06-20 00:00:00+00:00
[2025-06-20T16:00:24.723+0000] {processor.py:183} INFO - Processing /home/airflow/.local/lib/python3.12/site-packages/airflow/example_dags/example_setup_teardown.py took 0.080 seconds
[2025-06-20T16:00:55.631+0000] {processor.py:161} INFO - Started process (PID=162) to work on /home/airflow/.local/lib/python3.12/site-packages/airflow/example_dags/example_setup_teardown.py
[2025-06-20T16:00:55.632+0000] {processor.py:830} INFO - Processing file /home/airflow/.local/lib/python3.12/site-packages/airflow/example_dags/example_setup_teardown.py for tasks to queue
[2025-06-20T16:00:55.634+0000] {logging_mixin.py:188} INFO - [2025-06-20T16:00:55.633+0000] {dagbag.py:540} INFO - Filling up the DagBag from /home/airflow/.local/lib/python3.12/site-packages/airflow/example_dags/example_setup_teardown.py
[2025-06-20T16:00:55.640+0000] {processor.py:840} INFO - DAG(s) 'example_setup_teardown' retrieved from /home/airflow/.local/lib/python3.12/site-packages/airflow/example_dags/example_setup_teardown.py
[2025-06-20T16:00:55.743+0000] {logging_mixin.py:188} INFO - [2025-06-20T16:00:55.743+0000] {dag.py:3096} INFO - Sync 1 DAGs
[2025-06-20T16:00:55.760+0000] {logging_mixin.py:188} INFO - [2025-06-20T16:00:55.760+0000] {dag.py:3954} INFO - Setting next_dagrun for example_setup_teardown to 2025-06-19 00:00:00+00:00, run_after=2025-06-20 00:00:00+00:00
[2025-06-20T16:00:55.776+0000] {processor.py:183} INFO - Processing /home/airflow/.local/lib/python3.12/site-packages/airflow/example_dags/example_setup_teardown.py took 0.152 seconds
[2025-06-20T16:01:25.843+0000] {processor.py:161} INFO - Started process (PID=221) to work on /home/airflow/.local/lib/python3.12/site-packages/airflow/example_dags/example_setup_teardown.py
[2025-06-20T16:01:25.844+0000] {processor.py:830} INFO - Processing file /home/airflow/.local/lib/python3.12/site-packages/airflow/example_dags/example_setup_teardown.py for tasks to queue
[2025-06-20T16:01:25.846+0000] {logging_mixin.py:188} INFO - [2025-06-20T16:01:25.846+0000] {dagbag.py:540} INFO - Filling up the DagBag from /home/airflow/.local/lib/python3.12/site-packages/airflow/example_dags/example_setup_teardown.py
[2025-06-20T16:01:25.853+0000] {processor.py:840} INFO - DAG(s) 'example_setup_teardown' retrieved from /home/airflow/.local/lib/python3.12/site-packages/airflow/example_dags/example_setup_teardown.py
[2025-06-20T16:01:25.872+0000] {logging_mixin.py:188} INFO - [2025-06-20T16:01:25.872+0000] {dag.py:3096} INFO - Sync 1 DAGs
[2025-06-20T16:01:25.892+0000] {logging_mixin.py:188} INFO - [2025-06-20T16:01:25.892+0000] {dag.py:3954} INFO - Setting next_dagrun for example_setup_teardown to 2025-06-19 00:00:00+00:00, run_after=2025-06-20 00:00:00+00:00
[2025-06-20T16:01:25.907+0000] {processor.py:183} INFO - Processing /home/airflow/.local/lib/python3.12/site-packages/airflow/example_dags/example_setup_teardown.py took 0.070 seconds
[2025-06-20T16:01:56.009+0000] {processor.py:161} INFO - Started process (PID=280) to work on /home/airflow/.local/lib/python3.12/site-packages/airflow/example_dags/example_setup_teardown.py
[2025-06-20T16:01:56.009+0000] {processor.py:830} INFO - Processing file /home/airflow/.local/lib/python3.12/site-packages/airflow/example_dags/example_setup_teardown.py for tasks to queue
[2025-06-20T16:01:56.011+0000] {logging_mixin.py:188} INFO - [2025-06-20T16:01:56.011+0000] {dagbag.py:540} INFO - Filling up the DagBag from /home/airflow/.local/lib/python3.12/site-packages/airflow/example_dags/example_setup_teardown.py
[2025-06-20T16:01:56.018+0000] {processor.py:840} INFO - DAG(s) 'example_setup_teardown' retrieved from /home/airflow/.local/lib/python3.12/site-packages/airflow/example_dags/example_setup_teardown.py
[2025-06-20T16:01:56.038+0000] {logging_mixin.py:188} INFO - [2025-06-20T16:01:56.037+0000] {dag.py:3096} INFO - Sync 1 DAGs
[2025-06-20T16:01:56.057+0000] {logging_mixin.py:188} INFO - [2025-06-20T16:01:56.057+0000] {dag.py:3954} INFO - Setting next_dagrun for example_setup_teardown to 2025-06-19 00:00:00+00:00, run_after=2025-06-20 00:00:00+00:00
[2025-06-20T16:01:56.073+0000] {processor.py:183} INFO - Processing /home/airflow/.local/lib/python3.12/site-packages/airflow/example_dags/example_setup_teardown.py took 0.071 seconds
[2025-06-20T16:02:26.287+0000] {processor.py:161} INFO - Started process (PID=339) to work on /home/airflow/.local/lib/python3.12/site-packages/airflow/example_dags/example_setup_teardown.py
[2025-06-20T16:02:26.288+0000] {processor.py:830} INFO - Processing file /home/airflow/.local/lib/python3.12/site-packages/airflow/example_dags/example_setup_teardown.py for tasks to queue
[2025-06-20T16:02:26.289+0000] {logging_mixin.py:188} INFO - [2025-06-20T16:02:26.289+0000] {dagbag.py:540} INFO - Filling up the DagBag from /home/airflow/.local/lib/python3.12/site-packages/airflow/example_dags/example_setup_teardown.py
[2025-06-20T16:02:26.296+0000] {processor.py:840} INFO - DAG(s) 'example_setup_teardown' retrieved from /home/airflow/.local/lib/python3.12/site-packages/airflow/example_dags/example_setup_teardown.py
[2025-06-20T16:02:26.316+0000] {logging_mixin.py:188} INFO - [2025-06-20T16:02:26.315+0000] {dag.py:3096} INFO - Sync 1 DAGs
[2025-06-20T16:02:26.336+0000] {logging_mixin.py:188} INFO - [2025-06-20T16:02:26.336+0000] {dag.py:3954} INFO - Setting next_dagrun for example_setup_teardown to 2025-06-19 00:00:00+00:00, run_after=2025-06-20 00:00:00+00:00
[2025-06-20T16:02:26.352+0000] {processor.py:183} INFO - Processing /home/airflow/.local/lib/python3.12/site-packages/airflow/example_dags/example_setup_teardown.py took 0.071 seconds
[2025-06-20T16:02:56.465+0000] {processor.py:161} INFO - Started process (PID=398) to work on /home/airflow/.local/lib/python3.12/site-packages/airflow/example_dags/example_setup_teardown.py
[2025-06-20T16:02:56.466+0000] {processor.py:830} INFO - Processing file /home/airflow/.local/lib/python3.12/site-packages/airflow/example_dags/example_setup_teardown.py for tasks to queue
[2025-06-20T16:02:56.468+0000] {logging_mixin.py:188} INFO - [2025-06-20T16:02:56.468+0000] {dagbag.py:540} INFO - Filling up the DagBag from /home/airflow/.local/lib/python3.12/site-packages/airflow/example_dags/example_setup_teardown.py
[2025-06-20T16:02:56.475+0000] {processor.py:840} INFO - DAG(s) 'example_setup_teardown' retrieved from /home/airflow/.local/lib/python3.12/site-packages/airflow/example_dags/example_setup_teardown.py
[2025-06-20T16:02:56.494+0000] {logging_mixin.py:188} INFO - [2025-06-20T16:02:56.494+0000] {dag.py:3096} INFO - Sync 1 DAGs
[2025-06-20T16:02:56.513+0000] {logging_mixin.py:188} INFO - [2025-06-20T16:02:56.513+0000] {dag.py:3954} INFO - Setting next_dagrun for example_setup_teardown to 2025-06-19 00:00:00+00:00, run_after=2025-06-20 00:00:00+00:00
[2025-06-20T16:02:56.528+0000] {processor.py:183} INFO - Processing /home/airflow/.local/lib/python3.12/site-packages/airflow/example_dags/example_setup_teardown.py took 0.069 seconds
[2025-06-20T16:03:26.720+0000] {processor.py:161} INFO - Started process (PID=457) to work on /home/airflow/.local/lib/python3.12/site-packages/airflow/example_dags/example_setup_teardown.py
[2025-06-20T16:03:26.721+0000] {processor.py:830} INFO - Processing file /home/airflow/.local/lib/python3.12/site-packages/airflow/example_dags/example_setup_teardown.py for tasks to queue
[2025-06-20T16:03:26.722+0000] {logging_mixin.py:188} INFO - [2025-06-20T16:03:26.722+0000] {dagbag.py:540} INFO - Filling up the DagBag from /home/airflow/.local/lib/python3.12/site-packages/airflow/example_dags/example_setup_teardown.py
[2025-06-20T16:03:26.729+0000] {processor.py:840} INFO - DAG(s) 'example_setup_teardown' retrieved from /home/airflow/.local/lib/python3.12/site-packages/airflow/example_dags/example_setup_teardown.py
[2025-06-20T16:03:26.747+0000] {logging_mixin.py:188} INFO - [2025-06-20T16:03:26.747+0000] {dag.py:3096} INFO - Sync 1 DAGs
[2025-06-20T16:03:26.766+0000] {logging_mixin.py:188} INFO - [2025-06-20T16:03:26.766+0000] {dag.py:3954} INFO - Setting next_dagrun for example_setup_teardown to 2025-06-19 00:00:00+00:00, run_after=2025-06-20 00:00:00+00:00
[2025-06-20T16:03:26.781+0000] {processor.py:183} INFO - Processing /home/airflow/.local/lib/python3.12/site-packages/airflow/example_dags/example_setup_teardown.py took 0.068 seconds
[2025-06-20T16:03:56.941+0000] {processor.py:161} INFO - Started process (PID=516) to work on /home/airflow/.local/lib/python3.12/site-packages/airflow/example_dags/example_setup_teardown.py
[2025-06-20T16:03:56.942+0000] {processor.py:830} INFO - Processing file /home/airflow/.local/lib/python3.12/site-packages/airflow/example_dags/example_setup_teardown.py for tasks to queue
[2025-06-20T16:03:56.944+0000] {logging_mixin.py:188} INFO - [2025-06-20T16:03:56.943+0000] {dagbag.py:540} INFO - Filling up the DagBag from /home/airflow/.local/lib/python3.12/site-packages/airflow/example_dags/example_setup_teardown.py
[2025-06-20T16:03:56.950+0000] {processor.py:840} INFO - DAG(s) 'example_setup_teardown' retrieved from /home/airflow/.local/lib/python3.12/site-packages/airflow/example_dags/example_setup_teardown.py
[2025-06-20T16:03:56.970+0000] {logging_mixin.py:188} INFO - [2025-06-20T16:03:56.969+0000] {dag.py:3096} INFO - Sync 1 DAGs
[2025-06-20T16:03:56.989+0000] {logging_mixin.py:188} INFO - [2025-06-20T16:03:56.989+0000] {dag.py:3954} INFO - Setting next_dagrun for example_setup_teardown to 2025-06-19 00:00:00+00:00, run_after=2025-06-20 00:00:00+00:00
[2025-06-20T16:03:57.004+0000] {processor.py:183} INFO - Processing /home/airflow/.local/lib/python3.12/site-packages/airflow/example_dags/example_setup_teardown.py took 0.069 seconds
[2025-06-20T16:04:27.158+0000] {processor.py:161} INFO - Started process (PID=575) to work on /home/airflow/.local/lib/python3.12/site-packages/airflow/example_dags/example_setup_teardown.py
[2025-06-20T16:04:27.159+0000] {processor.py:830} INFO - Processing file /home/airflow/.local/lib/python3.12/site-packages/airflow/example_dags/example_setup_teardown.py for tasks to queue
[2025-06-20T16:04:27.161+0000] {logging_mixin.py:188} INFO - [2025-06-20T16:04:27.161+0000] {dagbag.py:540} INFO - Filling up the DagBag from /home/airflow/.local/lib/python3.12/site-packages/airflow/example_dags/example_setup_teardown.py
[2025-06-20T16:04:27.168+0000] {processor.py:840} INFO - DAG(s) 'example_setup_teardown' retrieved from /home/airflow/.local/lib/python3.12/site-packages/airflow/example_dags/example_setup_teardown.py
[2025-06-20T16:04:27.188+0000] {logging_mixin.py:188} INFO - [2025-06-20T16:04:27.188+0000] {dag.py:3096} INFO - Sync 1 DAGs
[2025-06-20T16:04:27.207+0000] {logging_mixin.py:188} INFO - [2025-06-20T16:04:27.207+0000] {dag.py:3954} INFO - Setting next_dagrun for example_setup_teardown to 2025-06-19 00:00:00+00:00, run_after=2025-06-20 00:00:00+00:00
[2025-06-20T16:04:27.222+0000] {processor.py:183} INFO - Processing /home/airflow/.local/lib/python3.12/site-packages/airflow/example_dags/example_setup_teardown.py took 0.070 seconds
[2025-06-20T16:04:58.113+0000] {processor.py:161} INFO - Started process (PID=634) to work on /home/airflow/.local/lib/python3.12/site-packages/airflow/example_dags/example_setup_teardown.py
[2025-06-20T16:04:58.115+0000] {processor.py:830} INFO - Processing file /home/airflow/.local/lib/python3.12/site-packages/airflow/example_dags/example_setup_teardown.py for tasks to queue
[2025-06-20T16:04:58.117+0000] {logging_mixin.py:188} INFO - [2025-06-20T16:04:58.116+0000] {dagbag.py:540} INFO - Filling up the DagBag from /home/airflow/.local/lib/python3.12/site-packages/airflow/example_dags/example_setup_teardown.py
[2025-06-20T16:04:58.125+0000] {processor.py:840} INFO - DAG(s) 'example_setup_teardown' retrieved from /home/airflow/.local/lib/python3.12/site-packages/airflow/example_dags/example_setup_teardown.py
[2025-06-20T16:04:58.151+0000] {logging_mixin.py:188} INFO - [2025-06-20T16:04:58.150+0000] {dag.py:3096} INFO - Sync 1 DAGs
[2025-06-20T16:04:58.172+0000] {logging_mixin.py:188} INFO - [2025-06-20T16:04:58.172+0000] {dag.py:3954} INFO - Setting next_dagrun for example_setup_teardown to 2025-06-19 00:00:00+00:00, run_after=2025-06-20 00:00:00+00:00
[2025-06-20T16:04:58.188+0000] {processor.py:183} INFO - Processing /home/airflow/.local/lib/python3.12/site-packages/airflow/example_dags/example_setup_teardown.py took 0.082 seconds
[2025-06-20T16:05:28.377+0000] {processor.py:161} INFO - Started process (PID=693) to work on /home/airflow/.local/lib/python3.12/site-packages/airflow/example_dags/example_setup_teardown.py
[2025-06-20T16:05:28.378+0000] {processor.py:830} INFO - Processing file /home/airflow/.local/lib/python3.12/site-packages/airflow/example_dags/example_setup_teardown.py for tasks to queue
[2025-06-20T16:05:28.379+0000] {logging_mixin.py:188} INFO - [2025-06-20T16:05:28.379+0000] {dagbag.py:540} INFO - Filling up the DagBag from /home/airflow/.local/lib/python3.12/site-packages/airflow/example_dags/example_setup_teardown.py
[2025-06-20T16:05:28.388+0000] {processor.py:840} INFO - DAG(s) 'example_setup_teardown' retrieved from /home/airflow/.local/lib/python3.12/site-packages/airflow/example_dags/example_setup_teardown.py
[2025-06-20T16:05:28.407+0000] {logging_mixin.py:188} INFO - [2025-06-20T16:05:28.407+0000] {dag.py:3096} INFO - Sync 1 DAGs
[2025-06-20T16:05:28.426+0000] {logging_mixin.py:188} INFO - [2025-06-20T16:05:28.426+0000] {dag.py:3954} INFO - Setting next_dagrun for example_setup_teardown to 2025-06-19 00:00:00+00:00, run_after=2025-06-20 00:00:00+00:00
[2025-06-20T16:05:28.441+0000] {processor.py:183} INFO - Processing /home/airflow/.local/lib/python3.12/site-packages/airflow/example_dags/example_setup_teardown.py took 0.071 seconds
[2025-06-20T16:05:58.730+0000] {processor.py:161} INFO - Started process (PID=752) to work on /home/airflow/.local/lib/python3.12/site-packages/airflow/example_dags/example_setup_teardown.py
[2025-06-20T16:05:58.731+0000] {processor.py:830} INFO - Processing file /home/airflow/.local/lib/python3.12/site-packages/airflow/example_dags/example_setup_teardown.py for tasks to queue
[2025-06-20T16:05:58.733+0000] {logging_mixin.py:188} INFO - [2025-06-20T16:05:58.733+0000] {dagbag.py:540} INFO - Filling up the DagBag from /home/airflow/.local/lib/python3.12/site-packages/airflow/example_dags/example_setup_teardown.py
[2025-06-20T16:05:58.740+0000] {processor.py:840} INFO - DAG(s) 'example_setup_teardown' retrieved from /home/airflow/.local/lib/python3.12/site-packages/airflow/example_dags/example_setup_teardown.py
[2025-06-20T16:05:58.759+0000] {logging_mixin.py:188} INFO - [2025-06-20T16:05:58.759+0000] {dag.py:3096} INFO - Sync 1 DAGs
[2025-06-20T16:05:58.780+0000] {logging_mixin.py:188} INFO - [2025-06-20T16:05:58.779+0000] {dag.py:3954} INFO - Setting next_dagrun for example_setup_teardown to 2025-06-19 00:00:00+00:00, run_after=2025-06-20 00:00:00+00:00
[2025-06-20T16:05:58.795+0000] {processor.py:183} INFO - Processing /home/airflow/.local/lib/python3.12/site-packages/airflow/example_dags/example_setup_teardown.py took 0.070 seconds
[2025-06-20T16:06:29.153+0000] {processor.py:161} INFO - Started process (PID=811) to work on /home/airflow/.local/lib/python3.12/site-packages/airflow/example_dags/example_setup_teardown.py
[2025-06-20T16:06:29.154+0000] {processor.py:830} INFO - Processing file /home/airflow/.local/lib/python3.12/site-packages/airflow/example_dags/example_setup_teardown.py for tasks to queue
[2025-06-20T16:06:29.156+0000] {logging_mixin.py:188} INFO - [2025-06-20T16:06:29.155+0000] {dagbag.py:540} INFO - Filling up the DagBag from /home/airflow/.local/lib/python3.12/site-packages/airflow/example_dags/example_setup_teardown.py
[2025-06-20T16:06:29.162+0000] {processor.py:840} INFO - DAG(s) 'example_setup_teardown' retrieved from /home/airflow/.local/lib/python3.12/site-packages/airflow/example_dags/example_setup_teardown.py
[2025-06-20T16:06:29.182+0000] {logging_mixin.py:188} INFO - [2025-06-20T16:06:29.182+0000] {dag.py:3096} INFO - Sync 1 DAGs
[2025-06-20T16:06:29.201+0000] {logging_mixin.py:188} INFO - [2025-06-20T16:06:29.201+0000] {dag.py:3954} INFO - Setting next_dagrun for example_setup_teardown to 2025-06-19 00:00:00+00:00, run_after=2025-06-20 00:00:00+00:00
[2025-06-20T16:06:29.216+0000] {processor.py:183} INFO - Processing /home/airflow/.local/lib/python3.12/site-packages/airflow/example_dags/example_setup_teardown.py took 0.069 seconds
[2025-06-20T16:06:59.415+0000] {processor.py:161} INFO - Started process (PID=870) to work on /home/airflow/.local/lib/python3.12/site-packages/airflow/example_dags/example_setup_teardown.py
[2025-06-20T16:06:59.416+0000] {processor.py:830} INFO - Processing file /home/airflow/.local/lib/python3.12/site-packages/airflow/example_dags/example_setup_teardown.py for tasks to queue
[2025-06-20T16:06:59.418+0000] {logging_mixin.py:188} INFO - [2025-06-20T16:06:59.417+0000] {dagbag.py:540} INFO - Filling up the DagBag from /home/airflow/.local/lib/python3.12/site-packages/airflow/example_dags/example_setup_teardown.py
[2025-06-20T16:06:59.425+0000] {processor.py:840} INFO - DAG(s) 'example_setup_teardown' retrieved from /home/airflow/.local/lib/python3.12/site-packages/airflow/example_dags/example_setup_teardown.py
[2025-06-20T16:06:59.445+0000] {logging_mixin.py:188} INFO - [2025-06-20T16:06:59.445+0000] {dag.py:3096} INFO - Sync 1 DAGs
[2025-06-20T16:06:59.466+0000] {logging_mixin.py:188} INFO - [2025-06-20T16:06:59.466+0000] {dag.py:3954} INFO - Setting next_dagrun for example_setup_teardown to 2025-06-19 00:00:00+00:00, run_after=2025-06-20 00:00:00+00:00
[2025-06-20T16:06:59.482+0000] {processor.py:183} INFO - Processing /home/airflow/.local/lib/python3.12/site-packages/airflow/example_dags/example_setup_teardown.py took 0.073 seconds
[2025-06-20T16:07:29.725+0000] {processor.py:161} INFO - Started process (PID=929) to work on /home/airflow/.local/lib/python3.12/site-packages/airflow/example_dags/example_setup_teardown.py
[2025-06-20T16:07:29.726+0000] {processor.py:830} INFO - Processing file /home/airflow/.local/lib/python3.12/site-packages/airflow/example_dags/example_setup_teardown.py for tasks to queue
[2025-06-20T16:07:29.728+0000] {logging_mixin.py:188} INFO - [2025-06-20T16:07:29.728+0000] {dagbag.py:540} INFO - Filling up the DagBag from /home/airflow/.local/lib/python3.12/site-packages/airflow/example_dags/example_setup_teardown.py
[2025-06-20T16:07:29.734+0000] {processor.py:840} INFO - DAG(s) 'example_setup_teardown' retrieved from /home/airflow/.local/lib/python3.12/site-packages/airflow/example_dags/example_setup_teardown.py
[2025-06-20T16:07:29.755+0000] {logging_mixin.py:188} INFO - [2025-06-20T16:07:29.754+0000] {dag.py:3096} INFO - Sync 1 DAGs
[2025-06-20T16:07:29.774+0000] {logging_mixin.py:188} INFO - [2025-06-20T16:07:29.774+0000] {dag.py:3954} INFO - Setting next_dagrun for example_setup_teardown to 2025-06-19 00:00:00+00:00, run_after=2025-06-20 00:00:00+00:00
[2025-06-20T16:07:29.789+0000] {processor.py:183} INFO - Processing /home/airflow/.local/lib/python3.12/site-packages/airflow/example_dags/example_setup_teardown.py took 0.070 seconds
[2025-06-20T16:08:00.038+0000] {processor.py:161} INFO - Started process (PID=988) to work on /home/airflow/.local/lib/python3.12/site-packages/airflow/example_dags/example_setup_teardown.py
[2025-06-20T16:08:00.039+0000] {processor.py:830} INFO - Processing file /home/airflow/.local/lib/python3.12/site-packages/airflow/example_dags/example_setup_teardown.py for tasks to queue
[2025-06-20T16:08:00.041+0000] {logging_mixin.py:188} INFO - [2025-06-20T16:08:00.041+0000] {dagbag.py:540} INFO - Filling up the DagBag from /home/airflow/.local/lib/python3.12/site-packages/airflow/example_dags/example_setup_teardown.py
[2025-06-20T16:08:00.048+0000] {processor.py:840} INFO - DAG(s) 'example_setup_teardown' retrieved from /home/airflow/.local/lib/python3.12/site-packages/airflow/example_dags/example_setup_teardown.py
[2025-06-20T16:08:00.068+0000] {logging_mixin.py:188} INFO - [2025-06-20T16:08:00.068+0000] {dag.py:3096} INFO - Sync 1 DAGs
[2025-06-20T16:08:00.088+0000] {logging_mixin.py:188} INFO - [2025-06-20T16:08:00.088+0000] {dag.py:3954} INFO - Setting next_dagrun for example_setup_teardown to 2025-06-19 00:00:00+00:00, run_after=2025-06-20 00:00:00+00:00
[2025-06-20T16:08:00.103+0000] {processor.py:183} INFO - Processing /home/airflow/.local/lib/python3.12/site-packages/airflow/example_dags/example_setup_teardown.py took 0.071 seconds
[2025-06-20T16:08:30.362+0000] {processor.py:161} INFO - Started process (PID=1047) to work on /home/airflow/.local/lib/python3.12/site-packages/airflow/example_dags/example_setup_teardown.py
[2025-06-20T16:08:30.363+0000] {processor.py:830} INFO - Processing file /home/airflow/.local/lib/python3.12/site-packages/airflow/example_dags/example_setup_teardown.py for tasks to queue
[2025-06-20T16:08:30.364+0000] {logging_mixin.py:188} INFO - [2025-06-20T16:08:30.364+0000] {dagbag.py:540} INFO - Filling up the DagBag from /home/airflow/.local/lib/python3.12/site-packages/airflow/example_dags/example_setup_teardown.py
[2025-06-20T16:08:30.371+0000] {processor.py:840} INFO - DAG(s) 'example_setup_teardown' retrieved from /home/airflow/.local/lib/python3.12/site-packages/airflow/example_dags/example_setup_teardown.py
[2025-06-20T16:08:30.391+0000] {logging_mixin.py:188} INFO - [2025-06-20T16:08:30.391+0000] {dag.py:3096} INFO - Sync 1 DAGs
[2025-06-20T16:08:30.412+0000] {logging_mixin.py:188} INFO - [2025-06-20T16:08:30.412+0000] {dag.py:3954} INFO - Setting next_dagrun for example_setup_teardown to 2025-06-19 00:00:00+00:00, run_after=2025-06-20 00:00:00+00:00
[2025-06-20T16:08:30.430+0000] {processor.py:183} INFO - Processing /home/airflow/.local/lib/python3.12/site-packages/airflow/example_dags/example_setup_teardown.py took 0.074 seconds
[2025-06-20T16:09:00.616+0000] {processor.py:161} INFO - Started process (PID=1106) to work on /home/airflow/.local/lib/python3.12/site-packages/airflow/example_dags/example_setup_teardown.py
[2025-06-20T16:09:00.617+0000] {processor.py:830} INFO - Processing file /home/airflow/.local/lib/python3.12/site-packages/airflow/example_dags/example_setup_teardown.py for tasks to queue
[2025-06-20T16:09:00.619+0000] {logging_mixin.py:188} INFO - [2025-06-20T16:09:00.618+0000] {dagbag.py:540} INFO - Filling up the DagBag from /home/airflow/.local/lib/python3.12/site-packages/airflow/example_dags/example_setup_teardown.py
[2025-06-20T16:09:00.625+0000] {processor.py:840} INFO - DAG(s) 'example_setup_teardown' retrieved from /home/airflow/.local/lib/python3.12/site-packages/airflow/example_dags/example_setup_teardown.py
[2025-06-20T16:09:00.645+0000] {logging_mixin.py:188} INFO - [2025-06-20T16:09:00.645+0000] {dag.py:3096} INFO - Sync 1 DAGs
[2025-06-20T16:09:00.665+0000] {logging_mixin.py:188} INFO - [2025-06-20T16:09:00.664+0000] {dag.py:3954} INFO - Setting next_dagrun for example_setup_teardown to 2025-06-19 00:00:00+00:00, run_after=2025-06-20 00:00:00+00:00
[2025-06-20T16:09:00.683+0000] {processor.py:183} INFO - Processing /home/airflow/.local/lib/python3.12/site-packages/airflow/example_dags/example_setup_teardown.py took 0.073 seconds
[2025-06-20T16:09:31.122+0000] {processor.py:161} INFO - Started process (PID=1166) to work on /home/airflow/.local/lib/python3.12/site-packages/airflow/example_dags/example_setup_teardown.py
[2025-06-20T16:09:31.123+0000] {processor.py:830} INFO - Processing file /home/airflow/.local/lib/python3.12/site-packages/airflow/example_dags/example_setup_teardown.py for tasks to queue
[2025-06-20T16:09:31.125+0000] {logging_mixin.py:188} INFO - [2025-06-20T16:09:31.125+0000] {dagbag.py:540} INFO - Filling up the DagBag from /home/airflow/.local/lib/python3.12/site-packages/airflow/example_dags/example_setup_teardown.py
[2025-06-20T16:09:31.132+0000] {processor.py:840} INFO - DAG(s) 'example_setup_teardown' retrieved from /home/airflow/.local/lib/python3.12/site-packages/airflow/example_dags/example_setup_teardown.py
[2025-06-20T16:09:31.152+0000] {logging_mixin.py:188} INFO - [2025-06-20T16:09:31.152+0000] {dag.py:3096} INFO - Sync 1 DAGs
[2025-06-20T16:09:31.172+0000] {logging_mixin.py:188} INFO - [2025-06-20T16:09:31.172+0000] {dag.py:3954} INFO - Setting next_dagrun for example_setup_teardown to 2025-06-19 00:00:00+00:00, run_after=2025-06-20 00:00:00+00:00
[2025-06-20T16:09:31.188+0000] {processor.py:183} INFO - Processing /home/airflow/.local/lib/python3.12/site-packages/airflow/example_dags/example_setup_teardown.py took 0.072 seconds
[2025-06-20T16:10:01.565+0000] {processor.py:161} INFO - Started process (PID=1225) to work on /home/airflow/.local/lib/python3.12/site-packages/airflow/example_dags/example_setup_teardown.py
[2025-06-20T16:10:01.566+0000] {processor.py:830} INFO - Processing file /home/airflow/.local/lib/python3.12/site-packages/airflow/example_dags/example_setup_teardown.py for tasks to queue
[2025-06-20T16:10:01.568+0000] {logging_mixin.py:188} INFO - [2025-06-20T16:10:01.567+0000] {dagbag.py:540} INFO - Filling up the DagBag from /home/airflow/.local/lib/python3.12/site-packages/airflow/example_dags/example_setup_teardown.py
[2025-06-20T16:10:01.575+0000] {processor.py:840} INFO - DAG(s) 'example_setup_teardown' retrieved from /home/airflow/.local/lib/python3.12/site-packages/airflow/example_dags/example_setup_teardown.py
[2025-06-20T16:10:01.595+0000] {logging_mixin.py:188} INFO - [2025-06-20T16:10:01.595+0000] {dag.py:3096} INFO - Sync 1 DAGs
[2025-06-20T16:10:01.615+0000] {logging_mixin.py:188} INFO - [2025-06-20T16:10:01.615+0000] {dag.py:3954} INFO - Setting next_dagrun for example_setup_teardown to 2025-06-19 00:00:00+00:00, run_after=2025-06-20 00:00:00+00:00
[2025-06-20T16:10:01.631+0000] {processor.py:183} INFO - Processing /home/airflow/.local/lib/python3.12/site-packages/airflow/example_dags/example_setup_teardown.py took 0.072 seconds
[2025-06-20T16:10:31.754+0000] {processor.py:161} INFO - Started process (PID=1284) to work on /home/airflow/.local/lib/python3.12/site-packages/airflow/example_dags/example_setup_teardown.py
[2025-06-20T16:10:31.755+0000] {processor.py:830} INFO - Processing file /home/airflow/.local/lib/python3.12/site-packages/airflow/example_dags/example_setup_teardown.py for tasks to queue
[2025-06-20T16:10:31.757+0000] {logging_mixin.py:188} INFO - [2025-06-20T16:10:31.757+0000] {dagbag.py:540} INFO - Filling up the DagBag from /home/airflow/.local/lib/python3.12/site-packages/airflow/example_dags/example_setup_teardown.py
[2025-06-20T16:10:31.764+0000] {processor.py:840} INFO - DAG(s) 'example_setup_teardown' retrieved from /home/airflow/.local/lib/python3.12/site-packages/airflow/example_dags/example_setup_teardown.py
[2025-06-20T16:10:31.783+0000] {logging_mixin.py:188} INFO - [2025-06-20T16:10:31.783+0000] {dag.py:3096} INFO - Sync 1 DAGs
[2025-06-20T16:10:31.803+0000] {logging_mixin.py:188} INFO - [2025-06-20T16:10:31.803+0000] {dag.py:3954} INFO - Setting next_dagrun for example_setup_teardown to 2025-06-19 00:00:00+00:00, run_after=2025-06-20 00:00:00+00:00
[2025-06-20T16:10:31.819+0000] {processor.py:183} INFO - Processing /home/airflow/.local/lib/python3.12/site-packages/airflow/example_dags/example_setup_teardown.py took 0.071 seconds
[2025-06-20T16:11:02.010+0000] {processor.py:161} INFO - Started process (PID=1342) to work on /home/airflow/.local/lib/python3.12/site-packages/airflow/example_dags/example_setup_teardown.py
[2025-06-20T16:11:02.011+0000] {processor.py:830} INFO - Processing file /home/airflow/.local/lib/python3.12/site-packages/airflow/example_dags/example_setup_teardown.py for tasks to queue
[2025-06-20T16:11:02.013+0000] {logging_mixin.py:188} INFO - [2025-06-20T16:11:02.013+0000] {dagbag.py:540} INFO - Filling up the DagBag from /home/airflow/.local/lib/python3.12/site-packages/airflow/example_dags/example_setup_teardown.py
[2025-06-20T16:11:02.020+0000] {processor.py:840} INFO - DAG(s) 'example_setup_teardown' retrieved from /home/airflow/.local/lib/python3.12/site-packages/airflow/example_dags/example_setup_teardown.py
[2025-06-20T16:11:02.039+0000] {logging_mixin.py:188} INFO - [2025-06-20T16:11:02.039+0000] {dag.py:3096} INFO - Sync 1 DAGs
[2025-06-20T16:11:02.059+0000] {logging_mixin.py:188} INFO - [2025-06-20T16:11:02.058+0000] {dag.py:3954} INFO - Setting next_dagrun for example_setup_teardown to 2025-06-19 00:00:00+00:00, run_after=2025-06-20 00:00:00+00:00
[2025-06-20T16:11:02.074+0000] {processor.py:183} INFO - Processing /home/airflow/.local/lib/python3.12/site-packages/airflow/example_dags/example_setup_teardown.py took 0.069 seconds
[2025-06-20T16:11:32.481+0000] {processor.py:161} INFO - Started process (PID=1401) to work on /home/airflow/.local/lib/python3.12/site-packages/airflow/example_dags/example_setup_teardown.py
[2025-06-20T16:11:32.482+0000] {processor.py:830} INFO - Processing file /home/airflow/.local/lib/python3.12/site-packages/airflow/example_dags/example_setup_teardown.py for tasks to queue
[2025-06-20T16:11:32.484+0000] {logging_mixin.py:188} INFO - [2025-06-20T16:11:32.483+0000] {dagbag.py:540} INFO - Filling up the DagBag from /home/airflow/.local/lib/python3.12/site-packages/airflow/example_dags/example_setup_teardown.py
[2025-06-20T16:11:32.490+0000] {processor.py:840} INFO - DAG(s) 'example_setup_teardown' retrieved from /home/airflow/.local/lib/python3.12/site-packages/airflow/example_dags/example_setup_teardown.py
[2025-06-20T16:11:32.510+0000] {logging_mixin.py:188} INFO - [2025-06-20T16:11:32.510+0000] {dag.py:3096} INFO - Sync 1 DAGs
[2025-06-20T16:11:32.529+0000] {logging_mixin.py:188} INFO - [2025-06-20T16:11:32.529+0000] {dag.py:3954} INFO - Setting next_dagrun for example_setup_teardown to 2025-06-19 00:00:00+00:00, run_after=2025-06-20 00:00:00+00:00
[2025-06-20T16:11:32.545+0000] {processor.py:183} INFO - Processing /home/airflow/.local/lib/python3.12/site-packages/airflow/example_dags/example_setup_teardown.py took 0.070 seconds
[2025-06-20T16:12:02.896+0000] {processor.py:161} INFO - Started process (PID=1460) to work on /home/airflow/.local/lib/python3.12/site-packages/airflow/example_dags/example_setup_teardown.py
[2025-06-20T16:12:02.897+0000] {processor.py:830} INFO - Processing file /home/airflow/.local/lib/python3.12/site-packages/airflow/example_dags/example_setup_teardown.py for tasks to queue
[2025-06-20T16:12:02.898+0000] {logging_mixin.py:188} INFO - [2025-06-20T16:12:02.898+0000] {dagbag.py:540} INFO - Filling up the DagBag from /home/airflow/.local/lib/python3.12/site-packages/airflow/example_dags/example_setup_teardown.py
[2025-06-20T16:12:02.905+0000] {processor.py:840} INFO - DAG(s) 'example_setup_teardown' retrieved from /home/airflow/.local/lib/python3.12/site-packages/airflow/example_dags/example_setup_teardown.py
[2025-06-20T16:12:02.925+0000] {logging_mixin.py:188} INFO - [2025-06-20T16:12:02.924+0000] {dag.py:3096} INFO - Sync 1 DAGs
[2025-06-20T16:12:02.944+0000] {logging_mixin.py:188} INFO - [2025-06-20T16:12:02.944+0000] {dag.py:3954} INFO - Setting next_dagrun for example_setup_teardown to 2025-06-19 00:00:00+00:00, run_after=2025-06-20 00:00:00+00:00
[2025-06-20T16:12:02.960+0000] {processor.py:183} INFO - Processing /home/airflow/.local/lib/python3.12/site-packages/airflow/example_dags/example_setup_teardown.py took 0.070 seconds
[2025-06-20T16:12:33.051+0000] {processor.py:161} INFO - Started process (PID=1519) to work on /home/airflow/.local/lib/python3.12/site-packages/airflow/example_dags/example_setup_teardown.py
[2025-06-20T16:12:33.052+0000] {processor.py:830} INFO - Processing file /home/airflow/.local/lib/python3.12/site-packages/airflow/example_dags/example_setup_teardown.py for tasks to queue
[2025-06-20T16:12:33.053+0000] {logging_mixin.py:188} INFO - [2025-06-20T16:12:33.053+0000] {dagbag.py:540} INFO - Filling up the DagBag from /home/airflow/.local/lib/python3.12/site-packages/airflow/example_dags/example_setup_teardown.py
[2025-06-20T16:12:33.060+0000] {processor.py:840} INFO - DAG(s) 'example_setup_teardown' retrieved from /home/airflow/.local/lib/python3.12/site-packages/airflow/example_dags/example_setup_teardown.py
[2025-06-20T16:12:33.080+0000] {logging_mixin.py:188} INFO - [2025-06-20T16:12:33.080+0000] {dag.py:3096} INFO - Sync 1 DAGs
[2025-06-20T16:12:33.099+0000] {logging_mixin.py:188} INFO - [2025-06-20T16:12:33.099+0000] {dag.py:3954} INFO - Setting next_dagrun for example_setup_teardown to 2025-06-19 00:00:00+00:00, run_after=2025-06-20 00:00:00+00:00
[2025-06-20T16:12:33.115+0000] {processor.py:183} INFO - Processing /home/airflow/.local/lib/python3.12/site-packages/airflow/example_dags/example_setup_teardown.py took 0.071 seconds
[2025-06-20T16:13:04.085+0000] {processor.py:161} INFO - Started process (PID=1578) to work on /home/airflow/.local/lib/python3.12/site-packages/airflow/example_dags/example_setup_teardown.py
[2025-06-20T16:13:04.085+0000] {processor.py:830} INFO - Processing file /home/airflow/.local/lib/python3.12/site-packages/airflow/example_dags/example_setup_teardown.py for tasks to queue
[2025-06-20T16:13:04.087+0000] {logging_mixin.py:188} INFO - [2025-06-20T16:13:04.087+0000] {dagbag.py:540} INFO - Filling up the DagBag from /home/airflow/.local/lib/python3.12/site-packages/airflow/example_dags/example_setup_teardown.py
[2025-06-20T16:13:04.094+0000] {processor.py:840} INFO - DAG(s) 'example_setup_teardown' retrieved from /home/airflow/.local/lib/python3.12/site-packages/airflow/example_dags/example_setup_teardown.py
[2025-06-20T16:13:04.114+0000] {logging_mixin.py:188} INFO - [2025-06-20T16:13:04.113+0000] {dag.py:3096} INFO - Sync 1 DAGs
[2025-06-20T16:13:04.135+0000] {logging_mixin.py:188} INFO - [2025-06-20T16:13:04.135+0000] {dag.py:3954} INFO - Setting next_dagrun for example_setup_teardown to 2025-06-19 00:00:00+00:00, run_after=2025-06-20 00:00:00+00:00
[2025-06-20T16:13:04.152+0000] {processor.py:183} INFO - Processing /home/airflow/.local/lib/python3.12/site-packages/airflow/example_dags/example_setup_teardown.py took 0.073 seconds
[2025-06-20T16:13:34.509+0000] {processor.py:161} INFO - Started process (PID=1637) to work on /home/airflow/.local/lib/python3.12/site-packages/airflow/example_dags/example_setup_teardown.py
[2025-06-20T16:13:34.510+0000] {processor.py:830} INFO - Processing file /home/airflow/.local/lib/python3.12/site-packages/airflow/example_dags/example_setup_teardown.py for tasks to queue
[2025-06-20T16:13:34.512+0000] {logging_mixin.py:188} INFO - [2025-06-20T16:13:34.512+0000] {dagbag.py:540} INFO - Filling up the DagBag from /home/airflow/.local/lib/python3.12/site-packages/airflow/example_dags/example_setup_teardown.py
[2025-06-20T16:13:34.518+0000] {processor.py:840} INFO - DAG(s) 'example_setup_teardown' retrieved from /home/airflow/.local/lib/python3.12/site-packages/airflow/example_dags/example_setup_teardown.py
[2025-06-20T16:13:34.538+0000] {logging_mixin.py:188} INFO - [2025-06-20T16:13:34.538+0000] {dag.py:3096} INFO - Sync 1 DAGs
[2025-06-20T16:13:34.558+0000] {logging_mixin.py:188} INFO - [2025-06-20T16:13:34.558+0000] {dag.py:3954} INFO - Setting next_dagrun for example_setup_teardown to 2025-06-19 00:00:00+00:00, run_after=2025-06-20 00:00:00+00:00
[2025-06-20T16:13:34.573+0000] {processor.py:183} INFO - Processing /home/airflow/.local/lib/python3.12/site-packages/airflow/example_dags/example_setup_teardown.py took 0.070 seconds
[2025-06-20T16:14:04.846+0000] {processor.py:161} INFO - Started process (PID=1696) to work on /home/airflow/.local/lib/python3.12/site-packages/airflow/example_dags/example_setup_teardown.py
[2025-06-20T16:14:04.847+0000] {processor.py:830} INFO - Processing file /home/airflow/.local/lib/python3.12/site-packages/airflow/example_dags/example_setup_teardown.py for tasks to queue
[2025-06-20T16:14:04.849+0000] {logging_mixin.py:188} INFO - [2025-06-20T16:14:04.848+0000] {dagbag.py:540} INFO - Filling up the DagBag from /home/airflow/.local/lib/python3.12/site-packages/airflow/example_dags/example_setup_teardown.py
[2025-06-20T16:14:04.855+0000] {processor.py:840} INFO - DAG(s) 'example_setup_teardown' retrieved from /home/airflow/.local/lib/python3.12/site-packages/airflow/example_dags/example_setup_teardown.py
[2025-06-20T16:14:04.876+0000] {logging_mixin.py:188} INFO - [2025-06-20T16:14:04.876+0000] {dag.py:3096} INFO - Sync 1 DAGs
[2025-06-20T16:14:04.898+0000] {logging_mixin.py:188} INFO - [2025-06-20T16:14:04.897+0000] {dag.py:3954} INFO - Setting next_dagrun for example_setup_teardown to 2025-06-19 00:00:00+00:00, run_after=2025-06-20 00:00:00+00:00
[2025-06-20T16:14:04.914+0000] {processor.py:183} INFO - Processing /home/airflow/.local/lib/python3.12/site-packages/airflow/example_dags/example_setup_teardown.py took 0.074 seconds
[2025-06-20T16:14:35.263+0000] {processor.py:161} INFO - Started process (PID=1755) to work on /home/airflow/.local/lib/python3.12/site-packages/airflow/example_dags/example_setup_teardown.py
[2025-06-20T16:14:35.264+0000] {processor.py:830} INFO - Processing file /home/airflow/.local/lib/python3.12/site-packages/airflow/example_dags/example_setup_teardown.py for tasks to queue
[2025-06-20T16:14:35.266+0000] {logging_mixin.py:188} INFO - [2025-06-20T16:14:35.266+0000] {dagbag.py:540} INFO - Filling up the DagBag from /home/airflow/.local/lib/python3.12/site-packages/airflow/example_dags/example_setup_teardown.py
[2025-06-20T16:14:35.273+0000] {processor.py:840} INFO - DAG(s) 'example_setup_teardown' retrieved from /home/airflow/.local/lib/python3.12/site-packages/airflow/example_dags/example_setup_teardown.py
[2025-06-20T16:14:35.294+0000] {logging_mixin.py:188} INFO - [2025-06-20T16:14:35.294+0000] {dag.py:3096} INFO - Sync 1 DAGs
[2025-06-20T16:14:35.315+0000] {logging_mixin.py:188} INFO - [2025-06-20T16:14:35.315+0000] {dag.py:3954} INFO - Setting next_dagrun for example_setup_teardown to 2025-06-19 00:00:00+00:00, run_after=2025-06-20 00:00:00+00:00
[2025-06-20T16:14:35.332+0000] {processor.py:183} INFO - Processing /home/airflow/.local/lib/python3.12/site-packages/airflow/example_dags/example_setup_teardown.py took 0.074 seconds
[2025-06-20T16:15:05.613+0000] {processor.py:161} INFO - Started process (PID=1814) to work on /home/airflow/.local/lib/python3.12/site-packages/airflow/example_dags/example_setup_teardown.py
[2025-06-20T16:15:05.614+0000] {processor.py:830} INFO - Processing file /home/airflow/.local/lib/python3.12/site-packages/airflow/example_dags/example_setup_teardown.py for tasks to queue
[2025-06-20T16:15:05.615+0000] {logging_mixin.py:188} INFO - [2025-06-20T16:15:05.615+0000] {dagbag.py:540} INFO - Filling up the DagBag from /home/airflow/.local/lib/python3.12/site-packages/airflow/example_dags/example_setup_teardown.py
[2025-06-20T16:15:05.623+0000] {processor.py:840} INFO - DAG(s) 'example_setup_teardown' retrieved from /home/airflow/.local/lib/python3.12/site-packages/airflow/example_dags/example_setup_teardown.py
[2025-06-20T16:15:05.646+0000] {logging_mixin.py:188} INFO - [2025-06-20T16:15:05.646+0000] {dag.py:3096} INFO - Sync 1 DAGs
[2025-06-20T16:15:05.667+0000] {logging_mixin.py:188} INFO - [2025-06-20T16:15:05.667+0000] {dag.py:3954} INFO - Setting next_dagrun for example_setup_teardown to 2025-06-19 00:00:00+00:00, run_after=2025-06-20 00:00:00+00:00
[2025-06-20T16:15:05.684+0000] {processor.py:183} INFO - Processing /home/airflow/.local/lib/python3.12/site-packages/airflow/example_dags/example_setup_teardown.py took 0.077 seconds
[2025-06-20T16:15:35.821+0000] {processor.py:161} INFO - Started process (PID=1873) to work on /home/airflow/.local/lib/python3.12/site-packages/airflow/example_dags/example_setup_teardown.py
[2025-06-20T16:15:35.822+0000] {processor.py:830} INFO - Processing file /home/airflow/.local/lib/python3.12/site-packages/airflow/example_dags/example_setup_teardown.py for tasks to queue
[2025-06-20T16:15:35.823+0000] {logging_mixin.py:188} INFO - [2025-06-20T16:15:35.823+0000] {dagbag.py:540} INFO - Filling up the DagBag from /home/airflow/.local/lib/python3.12/site-packages/airflow/example_dags/example_setup_teardown.py
[2025-06-20T16:15:35.830+0000] {processor.py:840} INFO - DAG(s) 'example_setup_teardown' retrieved from /home/airflow/.local/lib/python3.12/site-packages/airflow/example_dags/example_setup_teardown.py
[2025-06-20T16:15:35.850+0000] {logging_mixin.py:188} INFO - [2025-06-20T16:15:35.850+0000] {dag.py:3096} INFO - Sync 1 DAGs
[2025-06-20T16:15:35.870+0000] {logging_mixin.py:188} INFO - [2025-06-20T16:15:35.870+0000] {dag.py:3954} INFO - Setting next_dagrun for example_setup_teardown to 2025-06-19 00:00:00+00:00, run_after=2025-06-20 00:00:00+00:00
[2025-06-20T16:15:35.885+0000] {processor.py:183} INFO - Processing /home/airflow/.local/lib/python3.12/site-packages/airflow/example_dags/example_setup_teardown.py took 0.071 seconds
[2025-06-20T16:16:06.586+0000] {processor.py:161} INFO - Started process (PID=1932) to work on /home/airflow/.local/lib/python3.12/site-packages/airflow/example_dags/example_setup_teardown.py
[2025-06-20T16:16:06.587+0000] {processor.py:830} INFO - Processing file /home/airflow/.local/lib/python3.12/site-packages/airflow/example_dags/example_setup_teardown.py for tasks to queue
[2025-06-20T16:16:06.589+0000] {logging_mixin.py:188} INFO - [2025-06-20T16:16:06.589+0000] {dagbag.py:540} INFO - Filling up the DagBag from /home/airflow/.local/lib/python3.12/site-packages/airflow/example_dags/example_setup_teardown.py
[2025-06-20T16:16:06.596+0000] {processor.py:840} INFO - DAG(s) 'example_setup_teardown' retrieved from /home/airflow/.local/lib/python3.12/site-packages/airflow/example_dags/example_setup_teardown.py
[2025-06-20T16:16:06.615+0000] {logging_mixin.py:188} INFO - [2025-06-20T16:16:06.615+0000] {dag.py:3096} INFO - Sync 1 DAGs
[2025-06-20T16:16:06.635+0000] {logging_mixin.py:188} INFO - [2025-06-20T16:16:06.634+0000] {dag.py:3954} INFO - Setting next_dagrun for example_setup_teardown to 2025-06-19 00:00:00+00:00, run_after=2025-06-20 00:00:00+00:00
[2025-06-20T16:16:06.650+0000] {processor.py:183} INFO - Processing /home/airflow/.local/lib/python3.12/site-packages/airflow/example_dags/example_setup_teardown.py took 0.070 seconds
[2025-06-20T16:16:36.948+0000] {processor.py:161} INFO - Started process (PID=1991) to work on /home/airflow/.local/lib/python3.12/site-packages/airflow/example_dags/example_setup_teardown.py
[2025-06-20T16:16:36.949+0000] {processor.py:830} INFO - Processing file /home/airflow/.local/lib/python3.12/site-packages/airflow/example_dags/example_setup_teardown.py for tasks to queue
[2025-06-20T16:16:36.951+0000] {logging_mixin.py:188} INFO - [2025-06-20T16:16:36.951+0000] {dagbag.py:540} INFO - Filling up the DagBag from /home/airflow/.local/lib/python3.12/site-packages/airflow/example_dags/example_setup_teardown.py
[2025-06-20T16:16:36.958+0000] {processor.py:840} INFO - DAG(s) 'example_setup_teardown' retrieved from /home/airflow/.local/lib/python3.12/site-packages/airflow/example_dags/example_setup_teardown.py
[2025-06-20T16:16:36.977+0000] {logging_mixin.py:188} INFO - [2025-06-20T16:16:36.977+0000] {dag.py:3096} INFO - Sync 1 DAGs
[2025-06-20T16:16:36.997+0000] {logging_mixin.py:188} INFO - [2025-06-20T16:16:36.996+0000] {dag.py:3954} INFO - Setting next_dagrun for example_setup_teardown to 2025-06-19 00:00:00+00:00, run_after=2025-06-20 00:00:00+00:00
[2025-06-20T16:16:37.012+0000] {processor.py:183} INFO - Processing /home/airflow/.local/lib/python3.12/site-packages/airflow/example_dags/example_setup_teardown.py took 0.069 seconds
[2025-06-20T16:17:07.317+0000] {processor.py:161} INFO - Started process (PID=2051) to work on /home/airflow/.local/lib/python3.12/site-packages/airflow/example_dags/example_setup_teardown.py
[2025-06-20T16:17:07.318+0000] {processor.py:830} INFO - Processing file /home/airflow/.local/lib/python3.12/site-packages/airflow/example_dags/example_setup_teardown.py for tasks to queue
[2025-06-20T16:17:07.320+0000] {logging_mixin.py:188} INFO - [2025-06-20T16:17:07.320+0000] {dagbag.py:540} INFO - Filling up the DagBag from /home/airflow/.local/lib/python3.12/site-packages/airflow/example_dags/example_setup_teardown.py
[2025-06-20T16:17:07.327+0000] {processor.py:840} INFO - DAG(s) 'example_setup_teardown' retrieved from /home/airflow/.local/lib/python3.12/site-packages/airflow/example_dags/example_setup_teardown.py
[2025-06-20T16:17:07.350+0000] {logging_mixin.py:188} INFO - [2025-06-20T16:17:07.350+0000] {dag.py:3096} INFO - Sync 1 DAGs
[2025-06-20T16:17:07.369+0000] {logging_mixin.py:188} INFO - [2025-06-20T16:17:07.369+0000] {dag.py:3954} INFO - Setting next_dagrun for example_setup_teardown to 2025-06-19 00:00:00+00:00, run_after=2025-06-20 00:00:00+00:00
[2025-06-20T16:17:07.386+0000] {processor.py:183} INFO - Processing /home/airflow/.local/lib/python3.12/site-packages/airflow/example_dags/example_setup_teardown.py took 0.077 seconds
[2025-06-20T16:17:37.444+0000] {processor.py:161} INFO - Started process (PID=2110) to work on /home/airflow/.local/lib/python3.12/site-packages/airflow/example_dags/example_setup_teardown.py
[2025-06-20T16:17:37.445+0000] {processor.py:830} INFO - Processing file /home/airflow/.local/lib/python3.12/site-packages/airflow/example_dags/example_setup_teardown.py for tasks to queue
[2025-06-20T16:17:37.447+0000] {logging_mixin.py:188} INFO - [2025-06-20T16:17:37.447+0000] {dagbag.py:540} INFO - Filling up the DagBag from /home/airflow/.local/lib/python3.12/site-packages/airflow/example_dags/example_setup_teardown.py
[2025-06-20T16:17:37.454+0000] {processor.py:840} INFO - DAG(s) 'example_setup_teardown' retrieved from /home/airflow/.local/lib/python3.12/site-packages/airflow/example_dags/example_setup_teardown.py
[2025-06-20T16:17:37.473+0000] {logging_mixin.py:188} INFO - [2025-06-20T16:17:37.473+0000] {dag.py:3096} INFO - Sync 1 DAGs
[2025-06-20T16:17:37.493+0000] {logging_mixin.py:188} INFO - [2025-06-20T16:17:37.493+0000] {dag.py:3954} INFO - Setting next_dagrun for example_setup_teardown to 2025-06-19 00:00:00+00:00, run_after=2025-06-20 00:00:00+00:00
[2025-06-20T16:17:37.509+0000] {processor.py:183} INFO - Processing /home/airflow/.local/lib/python3.12/site-packages/airflow/example_dags/example_setup_teardown.py took 0.071 seconds
[2025-06-20T16:18:08.542+0000] {processor.py:161} INFO - Started process (PID=2169) to work on /home/airflow/.local/lib/python3.12/site-packages/airflow/example_dags/example_setup_teardown.py
[2025-06-20T16:18:08.543+0000] {processor.py:830} INFO - Processing file /home/airflow/.local/lib/python3.12/site-packages/airflow/example_dags/example_setup_teardown.py for tasks to queue
[2025-06-20T16:18:08.545+0000] {logging_mixin.py:188} INFO - [2025-06-20T16:18:08.545+0000] {dagbag.py:540} INFO - Filling up the DagBag from /home/airflow/.local/lib/python3.12/site-packages/airflow/example_dags/example_setup_teardown.py
[2025-06-20T16:18:08.552+0000] {processor.py:840} INFO - DAG(s) 'example_setup_teardown' retrieved from /home/airflow/.local/lib/python3.12/site-packages/airflow/example_dags/example_setup_teardown.py
[2025-06-20T16:18:08.571+0000] {logging_mixin.py:188} INFO - [2025-06-20T16:18:08.570+0000] {dag.py:3096} INFO - Sync 1 DAGs
[2025-06-20T16:18:08.590+0000] {logging_mixin.py:188} INFO - [2025-06-20T16:18:08.590+0000] {dag.py:3954} INFO - Setting next_dagrun for example_setup_teardown to 2025-06-19 00:00:00+00:00, run_after=2025-06-20 00:00:00+00:00
[2025-06-20T16:18:08.605+0000] {processor.py:183} INFO - Processing /home/airflow/.local/lib/python3.12/site-packages/airflow/example_dags/example_setup_teardown.py took 0.069 seconds
[2025-06-20T16:18:39.256+0000] {processor.py:161} INFO - Started process (PID=2228) to work on /home/airflow/.local/lib/python3.12/site-packages/airflow/example_dags/example_setup_teardown.py
[2025-06-20T16:18:39.257+0000] {processor.py:830} INFO - Processing file /home/airflow/.local/lib/python3.12/site-packages/airflow/example_dags/example_setup_teardown.py for tasks to queue
[2025-06-20T16:18:39.259+0000] {logging_mixin.py:188} INFO - [2025-06-20T16:18:39.259+0000] {dagbag.py:540} INFO - Filling up the DagBag from /home/airflow/.local/lib/python3.12/site-packages/airflow/example_dags/example_setup_teardown.py
[2025-06-20T16:18:39.266+0000] {processor.py:840} INFO - DAG(s) 'example_setup_teardown' retrieved from /home/airflow/.local/lib/python3.12/site-packages/airflow/example_dags/example_setup_teardown.py
[2025-06-20T16:18:39.286+0000] {logging_mixin.py:188} INFO - [2025-06-20T16:18:39.286+0000] {dag.py:3096} INFO - Sync 1 DAGs
[2025-06-20T16:18:39.306+0000] {logging_mixin.py:188} INFO - [2025-06-20T16:18:39.306+0000] {dag.py:3954} INFO - Setting next_dagrun for example_setup_teardown to 2025-06-19 00:00:00+00:00, run_after=2025-06-20 00:00:00+00:00
[2025-06-20T16:18:39.430+0000] {processor.py:183} INFO - Processing /home/airflow/.local/lib/python3.12/site-packages/airflow/example_dags/example_setup_teardown.py took 0.179 seconds
[2025-06-20T16:19:09.644+0000] {processor.py:161} INFO - Started process (PID=2288) to work on /home/airflow/.local/lib/python3.12/site-packages/airflow/example_dags/example_setup_teardown.py
[2025-06-20T16:19:09.645+0000] {processor.py:830} INFO - Processing file /home/airflow/.local/lib/python3.12/site-packages/airflow/example_dags/example_setup_teardown.py for tasks to queue
[2025-06-20T16:19:09.647+0000] {logging_mixin.py:188} INFO - [2025-06-20T16:19:09.647+0000] {dagbag.py:540} INFO - Filling up the DagBag from /home/airflow/.local/lib/python3.12/site-packages/airflow/example_dags/example_setup_teardown.py
[2025-06-20T16:19:09.654+0000] {processor.py:840} INFO - DAG(s) 'example_setup_teardown' retrieved from /home/airflow/.local/lib/python3.12/site-packages/airflow/example_dags/example_setup_teardown.py
[2025-06-20T16:19:09.674+0000] {logging_mixin.py:188} INFO - [2025-06-20T16:19:09.674+0000] {dag.py:3096} INFO - Sync 1 DAGs
[2025-06-20T16:19:09.694+0000] {logging_mixin.py:188} INFO - [2025-06-20T16:19:09.694+0000] {dag.py:3954} INFO - Setting next_dagrun for example_setup_teardown to 2025-06-19 00:00:00+00:00, run_after=2025-06-20 00:00:00+00:00
[2025-06-20T16:19:09.710+0000] {processor.py:183} INFO - Processing /home/airflow/.local/lib/python3.12/site-packages/airflow/example_dags/example_setup_teardown.py took 0.071 seconds
[2025-06-20T16:19:40.430+0000] {processor.py:161} INFO - Started process (PID=2344) to work on /home/airflow/.local/lib/python3.12/site-packages/airflow/example_dags/example_setup_teardown.py
[2025-06-20T16:19:40.431+0000] {processor.py:830} INFO - Processing file /home/airflow/.local/lib/python3.12/site-packages/airflow/example_dags/example_setup_teardown.py for tasks to queue
[2025-06-20T16:19:40.433+0000] {logging_mixin.py:188} INFO - [2025-06-20T16:19:40.432+0000] {dagbag.py:540} INFO - Filling up the DagBag from /home/airflow/.local/lib/python3.12/site-packages/airflow/example_dags/example_setup_teardown.py
[2025-06-20T16:19:40.439+0000] {processor.py:840} INFO - DAG(s) 'example_setup_teardown' retrieved from /home/airflow/.local/lib/python3.12/site-packages/airflow/example_dags/example_setup_teardown.py
[2025-06-20T16:19:40.461+0000] {logging_mixin.py:188} INFO - [2025-06-20T16:19:40.460+0000] {dag.py:3096} INFO - Sync 1 DAGs
[2025-06-20T16:19:40.480+0000] {logging_mixin.py:188} INFO - [2025-06-20T16:19:40.480+0000] {dag.py:3954} INFO - Setting next_dagrun for example_setup_teardown to 2025-06-19 00:00:00+00:00, run_after=2025-06-20 00:00:00+00:00
[2025-06-20T16:19:40.499+0000] {processor.py:183} INFO - Processing /home/airflow/.local/lib/python3.12/site-packages/airflow/example_dags/example_setup_teardown.py took 0.075 seconds
[2025-06-20T16:20:11.927+0000] {processor.py:161} INFO - Started process (PID=2403) to work on /home/airflow/.local/lib/python3.12/site-packages/airflow/example_dags/example_setup_teardown.py
[2025-06-20T16:20:11.928+0000] {processor.py:830} INFO - Processing file /home/airflow/.local/lib/python3.12/site-packages/airflow/example_dags/example_setup_teardown.py for tasks to queue
[2025-06-20T16:20:11.930+0000] {logging_mixin.py:188} INFO - [2025-06-20T16:20:11.930+0000] {dagbag.py:540} INFO - Filling up the DagBag from /home/airflow/.local/lib/python3.12/site-packages/airflow/example_dags/example_setup_teardown.py
[2025-06-20T16:20:11.938+0000] {processor.py:840} INFO - DAG(s) 'example_setup_teardown' retrieved from /home/airflow/.local/lib/python3.12/site-packages/airflow/example_dags/example_setup_teardown.py
[2025-06-20T16:20:12.068+0000] {logging_mixin.py:188} INFO - [2025-06-20T16:20:12.067+0000] {dag.py:3096} INFO - Sync 1 DAGs
[2025-06-20T16:20:12.084+0000] {logging_mixin.py:188} INFO - [2025-06-20T16:20:12.084+0000] {dag.py:3954} INFO - Setting next_dagrun for example_setup_teardown to 2025-06-19 00:00:00+00:00, run_after=2025-06-20 00:00:00+00:00
[2025-06-20T16:20:12.099+0000] {processor.py:183} INFO - Processing /home/airflow/.local/lib/python3.12/site-packages/airflow/example_dags/example_setup_teardown.py took 0.178 seconds
[2025-06-20T16:20:42.897+0000] {processor.py:161} INFO - Started process (PID=2462) to work on /home/airflow/.local/lib/python3.12/site-packages/airflow/example_dags/example_setup_teardown.py
[2025-06-20T16:20:42.898+0000] {processor.py:830} INFO - Processing file /home/airflow/.local/lib/python3.12/site-packages/airflow/example_dags/example_setup_teardown.py for tasks to queue
[2025-06-20T16:20:42.901+0000] {logging_mixin.py:188} INFO - [2025-06-20T16:20:42.900+0000] {dagbag.py:540} INFO - Filling up the DagBag from /home/airflow/.local/lib/python3.12/site-packages/airflow/example_dags/example_setup_teardown.py
[2025-06-20T16:20:42.907+0000] {processor.py:840} INFO - DAG(s) 'example_setup_teardown' retrieved from /home/airflow/.local/lib/python3.12/site-packages/airflow/example_dags/example_setup_teardown.py
[2025-06-20T16:20:42.927+0000] {logging_mixin.py:188} INFO - [2025-06-20T16:20:42.927+0000] {dag.py:3096} INFO - Sync 1 DAGs
[2025-06-20T16:20:42.950+0000] {logging_mixin.py:188} INFO - [2025-06-20T16:20:42.950+0000] {dag.py:3954} INFO - Setting next_dagrun for example_setup_teardown to 2025-06-19 00:00:00+00:00, run_after=2025-06-20 00:00:00+00:00
[2025-06-20T16:20:42.965+0000] {processor.py:183} INFO - Processing /home/airflow/.local/lib/python3.12/site-packages/airflow/example_dags/example_setup_teardown.py took 0.074 seconds
[2025-06-20T16:21:13.130+0000] {processor.py:161} INFO - Started process (PID=2521) to work on /home/airflow/.local/lib/python3.12/site-packages/airflow/example_dags/example_setup_teardown.py
[2025-06-20T16:21:13.131+0000] {processor.py:830} INFO - Processing file /home/airflow/.local/lib/python3.12/site-packages/airflow/example_dags/example_setup_teardown.py for tasks to queue
[2025-06-20T16:21:13.133+0000] {logging_mixin.py:188} INFO - [2025-06-20T16:21:13.132+0000] {dagbag.py:540} INFO - Filling up the DagBag from /home/airflow/.local/lib/python3.12/site-packages/airflow/example_dags/example_setup_teardown.py
[2025-06-20T16:21:13.140+0000] {processor.py:840} INFO - DAG(s) 'example_setup_teardown' retrieved from /home/airflow/.local/lib/python3.12/site-packages/airflow/example_dags/example_setup_teardown.py
[2025-06-20T16:21:13.163+0000] {logging_mixin.py:188} INFO - [2025-06-20T16:21:13.162+0000] {dag.py:3096} INFO - Sync 1 DAGs
[2025-06-20T16:21:13.187+0000] {logging_mixin.py:188} INFO - [2025-06-20T16:21:13.187+0000] {dag.py:3954} INFO - Setting next_dagrun for example_setup_teardown to 2025-06-19 00:00:00+00:00, run_after=2025-06-20 00:00:00+00:00
[2025-06-20T16:21:13.204+0000] {processor.py:183} INFO - Processing /home/airflow/.local/lib/python3.12/site-packages/airflow/example_dags/example_setup_teardown.py took 0.081 seconds
[2025-06-20T16:21:43.404+0000] {processor.py:161} INFO - Started process (PID=2581) to work on /home/airflow/.local/lib/python3.12/site-packages/airflow/example_dags/example_setup_teardown.py
[2025-06-20T16:21:43.405+0000] {processor.py:830} INFO - Processing file /home/airflow/.local/lib/python3.12/site-packages/airflow/example_dags/example_setup_teardown.py for tasks to queue
[2025-06-20T16:21:43.407+0000] {logging_mixin.py:188} INFO - [2025-06-20T16:21:43.406+0000] {dagbag.py:540} INFO - Filling up the DagBag from /home/airflow/.local/lib/python3.12/site-packages/airflow/example_dags/example_setup_teardown.py
[2025-06-20T16:21:43.414+0000] {processor.py:840} INFO - DAG(s) 'example_setup_teardown' retrieved from /home/airflow/.local/lib/python3.12/site-packages/airflow/example_dags/example_setup_teardown.py
[2025-06-20T16:21:43.433+0000] {logging_mixin.py:188} INFO - [2025-06-20T16:21:43.432+0000] {dag.py:3096} INFO - Sync 1 DAGs
[2025-06-20T16:21:43.452+0000] {logging_mixin.py:188} INFO - [2025-06-20T16:21:43.452+0000] {dag.py:3954} INFO - Setting next_dagrun for example_setup_teardown to 2025-06-19 00:00:00+00:00, run_after=2025-06-20 00:00:00+00:00
[2025-06-20T16:21:43.468+0000] {processor.py:183} INFO - Processing /home/airflow/.local/lib/python3.12/site-packages/airflow/example_dags/example_setup_teardown.py took 0.071 seconds
[2025-06-20T16:22:13.712+0000] {processor.py:161} INFO - Started process (PID=2640) to work on /home/airflow/.local/lib/python3.12/site-packages/airflow/example_dags/example_setup_teardown.py
[2025-06-20T16:22:13.713+0000] {processor.py:830} INFO - Processing file /home/airflow/.local/lib/python3.12/site-packages/airflow/example_dags/example_setup_teardown.py for tasks to queue
[2025-06-20T16:22:13.715+0000] {logging_mixin.py:188} INFO - [2025-06-20T16:22:13.715+0000] {dagbag.py:540} INFO - Filling up the DagBag from /home/airflow/.local/lib/python3.12/site-packages/airflow/example_dags/example_setup_teardown.py
[2025-06-20T16:22:13.723+0000] {processor.py:840} INFO - DAG(s) 'example_setup_teardown' retrieved from /home/airflow/.local/lib/python3.12/site-packages/airflow/example_dags/example_setup_teardown.py
[2025-06-20T16:22:13.743+0000] {logging_mixin.py:188} INFO - [2025-06-20T16:22:13.743+0000] {dag.py:3096} INFO - Sync 1 DAGs
[2025-06-20T16:22:13.765+0000] {logging_mixin.py:188} INFO - [2025-06-20T16:22:13.764+0000] {dag.py:3954} INFO - Setting next_dagrun for example_setup_teardown to 2025-06-19 00:00:00+00:00, run_after=2025-06-20 00:00:00+00:00
[2025-06-20T16:22:13.780+0000] {processor.py:183} INFO - Processing /home/airflow/.local/lib/python3.12/site-packages/airflow/example_dags/example_setup_teardown.py took 0.074 seconds
[2025-06-20T16:22:43.955+0000] {processor.py:161} INFO - Started process (PID=2699) to work on /home/airflow/.local/lib/python3.12/site-packages/airflow/example_dags/example_setup_teardown.py
[2025-06-20T16:22:43.956+0000] {processor.py:830} INFO - Processing file /home/airflow/.local/lib/python3.12/site-packages/airflow/example_dags/example_setup_teardown.py for tasks to queue
[2025-06-20T16:22:43.958+0000] {logging_mixin.py:188} INFO - [2025-06-20T16:22:43.958+0000] {dagbag.py:540} INFO - Filling up the DagBag from /home/airflow/.local/lib/python3.12/site-packages/airflow/example_dags/example_setup_teardown.py
[2025-06-20T16:22:43.965+0000] {processor.py:840} INFO - DAG(s) 'example_setup_teardown' retrieved from /home/airflow/.local/lib/python3.12/site-packages/airflow/example_dags/example_setup_teardown.py
[2025-06-20T16:22:43.984+0000] {logging_mixin.py:188} INFO - [2025-06-20T16:22:43.984+0000] {dag.py:3096} INFO - Sync 1 DAGs
[2025-06-20T16:22:44.003+0000] {logging_mixin.py:188} INFO - [2025-06-20T16:22:44.003+0000] {dag.py:3954} INFO - Setting next_dagrun for example_setup_teardown to 2025-06-19 00:00:00+00:00, run_after=2025-06-20 00:00:00+00:00
[2025-06-20T16:22:44.019+0000] {processor.py:183} INFO - Processing /home/airflow/.local/lib/python3.12/site-packages/airflow/example_dags/example_setup_teardown.py took 0.070 seconds
[2025-06-20T16:23:14.068+0000] {processor.py:161} INFO - Started process (PID=2758) to work on /home/airflow/.local/lib/python3.12/site-packages/airflow/example_dags/example_setup_teardown.py
[2025-06-20T16:23:14.069+0000] {processor.py:830} INFO - Processing file /home/airflow/.local/lib/python3.12/site-packages/airflow/example_dags/example_setup_teardown.py for tasks to queue
[2025-06-20T16:23:14.070+0000] {logging_mixin.py:188} INFO - [2025-06-20T16:23:14.070+0000] {dagbag.py:540} INFO - Filling up the DagBag from /home/airflow/.local/lib/python3.12/site-packages/airflow/example_dags/example_setup_teardown.py
[2025-06-20T16:23:14.077+0000] {processor.py:840} INFO - DAG(s) 'example_setup_teardown' retrieved from /home/airflow/.local/lib/python3.12/site-packages/airflow/example_dags/example_setup_teardown.py
[2025-06-20T16:23:14.095+0000] {logging_mixin.py:188} INFO - [2025-06-20T16:23:14.095+0000] {dag.py:3096} INFO - Sync 1 DAGs
[2025-06-20T16:23:14.115+0000] {logging_mixin.py:188} INFO - [2025-06-20T16:23:14.115+0000] {dag.py:3954} INFO - Setting next_dagrun for example_setup_teardown to 2025-06-19 00:00:00+00:00, run_after=2025-06-20 00:00:00+00:00
[2025-06-20T16:23:14.131+0000] {processor.py:183} INFO - Processing /home/airflow/.local/lib/python3.12/site-packages/airflow/example_dags/example_setup_teardown.py took 0.069 seconds
[2025-06-20T16:24:26.219+0000] {processor.py:161} INFO - Started process (PID=97) to work on /home/airflow/.local/lib/python3.12/site-packages/airflow/example_dags/example_setup_teardown.py
[2025-06-20T16:24:26.220+0000] {processor.py:830} INFO - Processing file /home/airflow/.local/lib/python3.12/site-packages/airflow/example_dags/example_setup_teardown.py for tasks to queue
[2025-06-20T16:24:26.222+0000] {logging_mixin.py:188} INFO - [2025-06-20T16:24:26.222+0000] {dagbag.py:540} INFO - Filling up the DagBag from /home/airflow/.local/lib/python3.12/site-packages/airflow/example_dags/example_setup_teardown.py
[2025-06-20T16:24:26.230+0000] {processor.py:840} INFO - DAG(s) 'example_setup_teardown' retrieved from /home/airflow/.local/lib/python3.12/site-packages/airflow/example_dags/example_setup_teardown.py
[2025-06-20T16:24:26.241+0000] {logging_mixin.py:188} INFO - [2025-06-20T16:24:26.241+0000] {dag.py:3096} INFO - Sync 1 DAGs
[2025-06-20T16:24:26.262+0000] {logging_mixin.py:188} INFO - [2025-06-20T16:24:26.262+0000] {dag.py:3954} INFO - Setting next_dagrun for example_setup_teardown to 2025-06-19 00:00:00+00:00, run_after=2025-06-20 00:00:00+00:00
[2025-06-20T16:24:26.279+0000] {processor.py:183} INFO - Processing /home/airflow/.local/lib/python3.12/site-packages/airflow/example_dags/example_setup_teardown.py took 0.066 seconds
[2025-06-20T16:24:58.187+0000] {processor.py:161} INFO - Started process (PID=162) to work on /home/airflow/.local/lib/python3.12/site-packages/airflow/example_dags/example_setup_teardown.py
[2025-06-20T16:24:58.188+0000] {processor.py:830} INFO - Processing file /home/airflow/.local/lib/python3.12/site-packages/airflow/example_dags/example_setup_teardown.py for tasks to queue
[2025-06-20T16:24:58.190+0000] {logging_mixin.py:188} INFO - [2025-06-20T16:24:58.190+0000] {dagbag.py:540} INFO - Filling up the DagBag from /home/airflow/.local/lib/python3.12/site-packages/airflow/example_dags/example_setup_teardown.py
[2025-06-20T16:24:58.197+0000] {processor.py:840} INFO - DAG(s) 'example_setup_teardown' retrieved from /home/airflow/.local/lib/python3.12/site-packages/airflow/example_dags/example_setup_teardown.py
[2025-06-20T16:24:58.306+0000] {logging_mixin.py:188} INFO - [2025-06-20T16:24:58.306+0000] {dag.py:3096} INFO - Sync 1 DAGs
[2025-06-20T16:24:58.323+0000] {logging_mixin.py:188} INFO - [2025-06-20T16:24:58.323+0000] {dag.py:3954} INFO - Setting next_dagrun for example_setup_teardown to 2025-06-19 00:00:00+00:00, run_after=2025-06-20 00:00:00+00:00
[2025-06-20T16:24:58.339+0000] {processor.py:183} INFO - Processing /home/airflow/.local/lib/python3.12/site-packages/airflow/example_dags/example_setup_teardown.py took 0.158 seconds
[2025-06-20T16:25:28.387+0000] {processor.py:161} INFO - Started process (PID=221) to work on /home/airflow/.local/lib/python3.12/site-packages/airflow/example_dags/example_setup_teardown.py
[2025-06-20T16:25:28.388+0000] {processor.py:830} INFO - Processing file /home/airflow/.local/lib/python3.12/site-packages/airflow/example_dags/example_setup_teardown.py for tasks to queue
[2025-06-20T16:25:28.390+0000] {logging_mixin.py:188} INFO - [2025-06-20T16:25:28.389+0000] {dagbag.py:540} INFO - Filling up the DagBag from /home/airflow/.local/lib/python3.12/site-packages/airflow/example_dags/example_setup_teardown.py
[2025-06-20T16:25:28.397+0000] {processor.py:840} INFO - DAG(s) 'example_setup_teardown' retrieved from /home/airflow/.local/lib/python3.12/site-packages/airflow/example_dags/example_setup_teardown.py
[2025-06-20T16:25:28.416+0000] {logging_mixin.py:188} INFO - [2025-06-20T16:25:28.416+0000] {dag.py:3096} INFO - Sync 1 DAGs
[2025-06-20T16:25:28.436+0000] {logging_mixin.py:188} INFO - [2025-06-20T16:25:28.436+0000] {dag.py:3954} INFO - Setting next_dagrun for example_setup_teardown to 2025-06-19 00:00:00+00:00, run_after=2025-06-20 00:00:00+00:00
[2025-06-20T16:25:28.452+0000] {processor.py:183} INFO - Processing /home/airflow/.local/lib/python3.12/site-packages/airflow/example_dags/example_setup_teardown.py took 0.071 seconds
[2025-06-20T16:25:58.504+0000] {processor.py:161} INFO - Started process (PID=280) to work on /home/airflow/.local/lib/python3.12/site-packages/airflow/example_dags/example_setup_teardown.py
[2025-06-20T16:25:58.504+0000] {processor.py:830} INFO - Processing file /home/airflow/.local/lib/python3.12/site-packages/airflow/example_dags/example_setup_teardown.py for tasks to queue
[2025-06-20T16:25:58.506+0000] {logging_mixin.py:188} INFO - [2025-06-20T16:25:58.506+0000] {dagbag.py:540} INFO - Filling up the DagBag from /home/airflow/.local/lib/python3.12/site-packages/airflow/example_dags/example_setup_teardown.py
[2025-06-20T16:25:58.513+0000] {processor.py:840} INFO - DAG(s) 'example_setup_teardown' retrieved from /home/airflow/.local/lib/python3.12/site-packages/airflow/example_dags/example_setup_teardown.py
[2025-06-20T16:25:58.533+0000] {logging_mixin.py:188} INFO - [2025-06-20T16:25:58.533+0000] {dag.py:3096} INFO - Sync 1 DAGs
[2025-06-20T16:25:58.553+0000] {logging_mixin.py:188} INFO - [2025-06-20T16:25:58.553+0000] {dag.py:3954} INFO - Setting next_dagrun for example_setup_teardown to 2025-06-19 00:00:00+00:00, run_after=2025-06-20 00:00:00+00:00
[2025-06-20T16:25:58.568+0000] {processor.py:183} INFO - Processing /home/airflow/.local/lib/python3.12/site-packages/airflow/example_dags/example_setup_teardown.py took 0.071 seconds
[2025-06-20T16:26:28.654+0000] {processor.py:161} INFO - Started process (PID=339) to work on /home/airflow/.local/lib/python3.12/site-packages/airflow/example_dags/example_setup_teardown.py
[2025-06-20T16:26:28.655+0000] {processor.py:830} INFO - Processing file /home/airflow/.local/lib/python3.12/site-packages/airflow/example_dags/example_setup_teardown.py for tasks to queue
[2025-06-20T16:26:28.657+0000] {logging_mixin.py:188} INFO - [2025-06-20T16:26:28.657+0000] {dagbag.py:540} INFO - Filling up the DagBag from /home/airflow/.local/lib/python3.12/site-packages/airflow/example_dags/example_setup_teardown.py
[2025-06-20T16:26:28.664+0000] {processor.py:840} INFO - DAG(s) 'example_setup_teardown' retrieved from /home/airflow/.local/lib/python3.12/site-packages/airflow/example_dags/example_setup_teardown.py
[2025-06-20T16:26:28.683+0000] {logging_mixin.py:188} INFO - [2025-06-20T16:26:28.683+0000] {dag.py:3096} INFO - Sync 1 DAGs
[2025-06-20T16:26:28.703+0000] {logging_mixin.py:188} INFO - [2025-06-20T16:26:28.703+0000] {dag.py:3954} INFO - Setting next_dagrun for example_setup_teardown to 2025-06-19 00:00:00+00:00, run_after=2025-06-20 00:00:00+00:00
[2025-06-20T16:26:28.719+0000] {processor.py:183} INFO - Processing /home/airflow/.local/lib/python3.12/site-packages/airflow/example_dags/example_setup_teardown.py took 0.071 seconds
[2025-06-20T16:26:58.842+0000] {processor.py:161} INFO - Started process (PID=398) to work on /home/airflow/.local/lib/python3.12/site-packages/airflow/example_dags/example_setup_teardown.py
[2025-06-20T16:26:58.843+0000] {processor.py:830} INFO - Processing file /home/airflow/.local/lib/python3.12/site-packages/airflow/example_dags/example_setup_teardown.py for tasks to queue
[2025-06-20T16:26:58.845+0000] {logging_mixin.py:188} INFO - [2025-06-20T16:26:58.845+0000] {dagbag.py:540} INFO - Filling up the DagBag from /home/airflow/.local/lib/python3.12/site-packages/airflow/example_dags/example_setup_teardown.py
[2025-06-20T16:26:58.853+0000] {processor.py:840} INFO - DAG(s) 'example_setup_teardown' retrieved from /home/airflow/.local/lib/python3.12/site-packages/airflow/example_dags/example_setup_teardown.py
[2025-06-20T16:26:58.872+0000] {logging_mixin.py:188} INFO - [2025-06-20T16:26:58.872+0000] {dag.py:3096} INFO - Sync 1 DAGs
[2025-06-20T16:26:58.892+0000] {logging_mixin.py:188} INFO - [2025-06-20T16:26:58.892+0000] {dag.py:3954} INFO - Setting next_dagrun for example_setup_teardown to 2025-06-19 00:00:00+00:00, run_after=2025-06-20 00:00:00+00:00
[2025-06-20T16:26:58.907+0000] {processor.py:183} INFO - Processing /home/airflow/.local/lib/python3.12/site-packages/airflow/example_dags/example_setup_teardown.py took 0.071 seconds
[2025-06-20T16:27:29.161+0000] {processor.py:161} INFO - Started process (PID=457) to work on /home/airflow/.local/lib/python3.12/site-packages/airflow/example_dags/example_setup_teardown.py
[2025-06-20T16:27:29.162+0000] {processor.py:830} INFO - Processing file /home/airflow/.local/lib/python3.12/site-packages/airflow/example_dags/example_setup_teardown.py for tasks to queue
[2025-06-20T16:27:29.164+0000] {logging_mixin.py:188} INFO - [2025-06-20T16:27:29.164+0000] {dagbag.py:540} INFO - Filling up the DagBag from /home/airflow/.local/lib/python3.12/site-packages/airflow/example_dags/example_setup_teardown.py
[2025-06-20T16:27:29.171+0000] {processor.py:840} INFO - DAG(s) 'example_setup_teardown' retrieved from /home/airflow/.local/lib/python3.12/site-packages/airflow/example_dags/example_setup_teardown.py
[2025-06-20T16:27:29.193+0000] {logging_mixin.py:188} INFO - [2025-06-20T16:27:29.193+0000] {dag.py:3096} INFO - Sync 1 DAGs
[2025-06-20T16:27:29.215+0000] {logging_mixin.py:188} INFO - [2025-06-20T16:27:29.215+0000] {dag.py:3954} INFO - Setting next_dagrun for example_setup_teardown to 2025-06-19 00:00:00+00:00, run_after=2025-06-20 00:00:00+00:00
[2025-06-20T16:27:29.232+0000] {processor.py:183} INFO - Processing /home/airflow/.local/lib/python3.12/site-packages/airflow/example_dags/example_setup_teardown.py took 0.078 seconds
[2025-06-20T16:27:59.381+0000] {processor.py:161} INFO - Started process (PID=516) to work on /home/airflow/.local/lib/python3.12/site-packages/airflow/example_dags/example_setup_teardown.py
[2025-06-20T16:27:59.382+0000] {processor.py:830} INFO - Processing file /home/airflow/.local/lib/python3.12/site-packages/airflow/example_dags/example_setup_teardown.py for tasks to queue
[2025-06-20T16:27:59.384+0000] {logging_mixin.py:188} INFO - [2025-06-20T16:27:59.383+0000] {dagbag.py:540} INFO - Filling up the DagBag from /home/airflow/.local/lib/python3.12/site-packages/airflow/example_dags/example_setup_teardown.py
[2025-06-20T16:27:59.391+0000] {processor.py:840} INFO - DAG(s) 'example_setup_teardown' retrieved from /home/airflow/.local/lib/python3.12/site-packages/airflow/example_dags/example_setup_teardown.py
[2025-06-20T16:27:59.410+0000] {logging_mixin.py:188} INFO - [2025-06-20T16:27:59.410+0000] {dag.py:3096} INFO - Sync 1 DAGs
[2025-06-20T16:27:59.430+0000] {logging_mixin.py:188} INFO - [2025-06-20T16:27:59.430+0000] {dag.py:3954} INFO - Setting next_dagrun for example_setup_teardown to 2025-06-19 00:00:00+00:00, run_after=2025-06-20 00:00:00+00:00
[2025-06-20T16:27:59.446+0000] {processor.py:183} INFO - Processing /home/airflow/.local/lib/python3.12/site-packages/airflow/example_dags/example_setup_teardown.py took 0.071 seconds
[2025-06-20T16:28:29.612+0000] {processor.py:161} INFO - Started process (PID=575) to work on /home/airflow/.local/lib/python3.12/site-packages/airflow/example_dags/example_setup_teardown.py
[2025-06-20T16:28:29.613+0000] {processor.py:830} INFO - Processing file /home/airflow/.local/lib/python3.12/site-packages/airflow/example_dags/example_setup_teardown.py for tasks to queue
[2025-06-20T16:28:29.615+0000] {logging_mixin.py:188} INFO - [2025-06-20T16:28:29.615+0000] {dagbag.py:540} INFO - Filling up the DagBag from /home/airflow/.local/lib/python3.12/site-packages/airflow/example_dags/example_setup_teardown.py
[2025-06-20T16:28:29.622+0000] {processor.py:840} INFO - DAG(s) 'example_setup_teardown' retrieved from /home/airflow/.local/lib/python3.12/site-packages/airflow/example_dags/example_setup_teardown.py
[2025-06-20T16:28:29.642+0000] {logging_mixin.py:188} INFO - [2025-06-20T16:28:29.642+0000] {dag.py:3096} INFO - Sync 1 DAGs
[2025-06-20T16:28:29.661+0000] {logging_mixin.py:188} INFO - [2025-06-20T16:28:29.661+0000] {dag.py:3954} INFO - Setting next_dagrun for example_setup_teardown to 2025-06-19 00:00:00+00:00, run_after=2025-06-20 00:00:00+00:00
[2025-06-20T16:28:29.676+0000] {processor.py:183} INFO - Processing /home/airflow/.local/lib/python3.12/site-packages/airflow/example_dags/example_setup_teardown.py took 0.070 seconds
[2025-06-20T16:29:00.425+0000] {processor.py:161} INFO - Started process (PID=634) to work on /home/airflow/.local/lib/python3.12/site-packages/airflow/example_dags/example_setup_teardown.py
[2025-06-20T16:29:00.426+0000] {processor.py:830} INFO - Processing file /home/airflow/.local/lib/python3.12/site-packages/airflow/example_dags/example_setup_teardown.py for tasks to queue
[2025-06-20T16:29:00.428+0000] {logging_mixin.py:188} INFO - [2025-06-20T16:29:00.427+0000] {dagbag.py:540} INFO - Filling up the DagBag from /home/airflow/.local/lib/python3.12/site-packages/airflow/example_dags/example_setup_teardown.py
[2025-06-20T16:29:00.434+0000] {processor.py:840} INFO - DAG(s) 'example_setup_teardown' retrieved from /home/airflow/.local/lib/python3.12/site-packages/airflow/example_dags/example_setup_teardown.py
[2025-06-20T16:29:00.454+0000] {logging_mixin.py:188} INFO - [2025-06-20T16:29:00.454+0000] {dag.py:3096} INFO - Sync 1 DAGs
[2025-06-20T16:29:00.476+0000] {logging_mixin.py:188} INFO - [2025-06-20T16:29:00.476+0000] {dag.py:3954} INFO - Setting next_dagrun for example_setup_teardown to 2025-06-19 00:00:00+00:00, run_after=2025-06-20 00:00:00+00:00
[2025-06-20T16:29:00.493+0000] {processor.py:183} INFO - Processing /home/airflow/.local/lib/python3.12/site-packages/airflow/example_dags/example_setup_teardown.py took 0.074 seconds
[2025-06-20T16:29:30.653+0000] {processor.py:161} INFO - Started process (PID=693) to work on /home/airflow/.local/lib/python3.12/site-packages/airflow/example_dags/example_setup_teardown.py
[2025-06-20T16:29:30.654+0000] {processor.py:830} INFO - Processing file /home/airflow/.local/lib/python3.12/site-packages/airflow/example_dags/example_setup_teardown.py for tasks to queue
[2025-06-20T16:29:30.656+0000] {logging_mixin.py:188} INFO - [2025-06-20T16:29:30.656+0000] {dagbag.py:540} INFO - Filling up the DagBag from /home/airflow/.local/lib/python3.12/site-packages/airflow/example_dags/example_setup_teardown.py
[2025-06-20T16:29:30.664+0000] {processor.py:840} INFO - DAG(s) 'example_setup_teardown' retrieved from /home/airflow/.local/lib/python3.12/site-packages/airflow/example_dags/example_setup_teardown.py
[2025-06-20T16:29:30.683+0000] {logging_mixin.py:188} INFO - [2025-06-20T16:29:30.683+0000] {dag.py:3096} INFO - Sync 1 DAGs
[2025-06-20T16:29:30.704+0000] {logging_mixin.py:188} INFO - [2025-06-20T16:29:30.704+0000] {dag.py:3954} INFO - Setting next_dagrun for example_setup_teardown to 2025-06-19 00:00:00+00:00, run_after=2025-06-20 00:00:00+00:00
[2025-06-20T16:29:30.720+0000] {processor.py:183} INFO - Processing /home/airflow/.local/lib/python3.12/site-packages/airflow/example_dags/example_setup_teardown.py took 0.073 seconds
[2025-06-20T16:30:00.946+0000] {processor.py:161} INFO - Started process (PID=752) to work on /home/airflow/.local/lib/python3.12/site-packages/airflow/example_dags/example_setup_teardown.py
[2025-06-20T16:30:00.947+0000] {processor.py:830} INFO - Processing file /home/airflow/.local/lib/python3.12/site-packages/airflow/example_dags/example_setup_teardown.py for tasks to queue
[2025-06-20T16:30:00.949+0000] {logging_mixin.py:188} INFO - [2025-06-20T16:30:00.949+0000] {dagbag.py:540} INFO - Filling up the DagBag from /home/airflow/.local/lib/python3.12/site-packages/airflow/example_dags/example_setup_teardown.py
[2025-06-20T16:30:00.956+0000] {processor.py:840} INFO - DAG(s) 'example_setup_teardown' retrieved from /home/airflow/.local/lib/python3.12/site-packages/airflow/example_dags/example_setup_teardown.py
[2025-06-20T16:30:00.976+0000] {logging_mixin.py:188} INFO - [2025-06-20T16:30:00.975+0000] {dag.py:3096} INFO - Sync 1 DAGs
[2025-06-20T16:30:00.995+0000] {logging_mixin.py:188} INFO - [2025-06-20T16:30:00.995+0000] {dag.py:3954} INFO - Setting next_dagrun for example_setup_teardown to 2025-06-19 00:00:00+00:00, run_after=2025-06-20 00:00:00+00:00
[2025-06-20T16:30:01.011+0000] {processor.py:183} INFO - Processing /home/airflow/.local/lib/python3.12/site-packages/airflow/example_dags/example_setup_teardown.py took 0.071 seconds
[2025-06-20T16:30:31.266+0000] {processor.py:161} INFO - Started process (PID=811) to work on /home/airflow/.local/lib/python3.12/site-packages/airflow/example_dags/example_setup_teardown.py
[2025-06-20T16:30:31.267+0000] {processor.py:830} INFO - Processing file /home/airflow/.local/lib/python3.12/site-packages/airflow/example_dags/example_setup_teardown.py for tasks to queue
[2025-06-20T16:30:31.269+0000] {logging_mixin.py:188} INFO - [2025-06-20T16:30:31.269+0000] {dagbag.py:540} INFO - Filling up the DagBag from /home/airflow/.local/lib/python3.12/site-packages/airflow/example_dags/example_setup_teardown.py
[2025-06-20T16:30:31.276+0000] {processor.py:840} INFO - DAG(s) 'example_setup_teardown' retrieved from /home/airflow/.local/lib/python3.12/site-packages/airflow/example_dags/example_setup_teardown.py
[2025-06-20T16:30:31.296+0000] {logging_mixin.py:188} INFO - [2025-06-20T16:30:31.296+0000] {dag.py:3096} INFO - Sync 1 DAGs
[2025-06-20T16:30:31.317+0000] {logging_mixin.py:188} INFO - [2025-06-20T16:30:31.317+0000] {dag.py:3954} INFO - Setting next_dagrun for example_setup_teardown to 2025-06-19 00:00:00+00:00, run_after=2025-06-20 00:00:00+00:00
[2025-06-20T16:30:31.333+0000] {processor.py:183} INFO - Processing /home/airflow/.local/lib/python3.12/site-packages/airflow/example_dags/example_setup_teardown.py took 0.073 seconds
[2025-06-20T16:31:01.615+0000] {processor.py:161} INFO - Started process (PID=870) to work on /home/airflow/.local/lib/python3.12/site-packages/airflow/example_dags/example_setup_teardown.py
[2025-06-20T16:31:01.616+0000] {processor.py:830} INFO - Processing file /home/airflow/.local/lib/python3.12/site-packages/airflow/example_dags/example_setup_teardown.py for tasks to queue
[2025-06-20T16:31:01.618+0000] {logging_mixin.py:188} INFO - [2025-06-20T16:31:01.618+0000] {dagbag.py:540} INFO - Filling up the DagBag from /home/airflow/.local/lib/python3.12/site-packages/airflow/example_dags/example_setup_teardown.py
[2025-06-20T16:31:01.625+0000] {processor.py:840} INFO - DAG(s) 'example_setup_teardown' retrieved from /home/airflow/.local/lib/python3.12/site-packages/airflow/example_dags/example_setup_teardown.py
[2025-06-20T16:31:01.646+0000] {logging_mixin.py:188} INFO - [2025-06-20T16:31:01.646+0000] {dag.py:3096} INFO - Sync 1 DAGs
[2025-06-20T16:31:01.667+0000] {logging_mixin.py:188} INFO - [2025-06-20T16:31:01.667+0000] {dag.py:3954} INFO - Setting next_dagrun for example_setup_teardown to 2025-06-19 00:00:00+00:00, run_after=2025-06-20 00:00:00+00:00
[2025-06-20T16:31:01.683+0000] {processor.py:183} INFO - Processing /home/airflow/.local/lib/python3.12/site-packages/airflow/example_dags/example_setup_teardown.py took 0.074 seconds
[2025-06-20T16:31:32.035+0000] {processor.py:161} INFO - Started process (PID=929) to work on /home/airflow/.local/lib/python3.12/site-packages/airflow/example_dags/example_setup_teardown.py
[2025-06-20T16:31:32.036+0000] {processor.py:830} INFO - Processing file /home/airflow/.local/lib/python3.12/site-packages/airflow/example_dags/example_setup_teardown.py for tasks to queue
[2025-06-20T16:31:32.039+0000] {logging_mixin.py:188} INFO - [2025-06-20T16:31:32.038+0000] {dagbag.py:540} INFO - Filling up the DagBag from /home/airflow/.local/lib/python3.12/site-packages/airflow/example_dags/example_setup_teardown.py
[2025-06-20T16:31:32.047+0000] {processor.py:840} INFO - DAG(s) 'example_setup_teardown' retrieved from /home/airflow/.local/lib/python3.12/site-packages/airflow/example_dags/example_setup_teardown.py
[2025-06-20T16:31:32.070+0000] {logging_mixin.py:188} INFO - [2025-06-20T16:31:32.070+0000] {dag.py:3096} INFO - Sync 1 DAGs
[2025-06-20T16:31:32.091+0000] {logging_mixin.py:188} INFO - [2025-06-20T16:31:32.091+0000] {dag.py:3954} INFO - Setting next_dagrun for example_setup_teardown to 2025-06-19 00:00:00+00:00, run_after=2025-06-20 00:00:00+00:00
[2025-06-20T16:31:32.108+0000] {processor.py:183} INFO - Processing /home/airflow/.local/lib/python3.12/site-packages/airflow/example_dags/example_setup_teardown.py took 0.080 seconds
[2025-06-20T16:32:02.328+0000] {processor.py:161} INFO - Started process (PID=988) to work on /home/airflow/.local/lib/python3.12/site-packages/airflow/example_dags/example_setup_teardown.py
[2025-06-20T16:32:02.329+0000] {processor.py:830} INFO - Processing file /home/airflow/.local/lib/python3.12/site-packages/airflow/example_dags/example_setup_teardown.py for tasks to queue
[2025-06-20T16:32:02.331+0000] {logging_mixin.py:188} INFO - [2025-06-20T16:32:02.330+0000] {dagbag.py:540} INFO - Filling up the DagBag from /home/airflow/.local/lib/python3.12/site-packages/airflow/example_dags/example_setup_teardown.py
[2025-06-20T16:32:02.337+0000] {processor.py:840} INFO - DAG(s) 'example_setup_teardown' retrieved from /home/airflow/.local/lib/python3.12/site-packages/airflow/example_dags/example_setup_teardown.py
[2025-06-20T16:32:02.356+0000] {logging_mixin.py:188} INFO - [2025-06-20T16:32:02.356+0000] {dag.py:3096} INFO - Sync 1 DAGs
[2025-06-20T16:32:02.376+0000] {logging_mixin.py:188} INFO - [2025-06-20T16:32:02.376+0000] {dag.py:3954} INFO - Setting next_dagrun for example_setup_teardown to 2025-06-19 00:00:00+00:00, run_after=2025-06-20 00:00:00+00:00
[2025-06-20T16:32:02.391+0000] {processor.py:183} INFO - Processing /home/airflow/.local/lib/python3.12/site-packages/airflow/example_dags/example_setup_teardown.py took 0.069 seconds
[2025-06-20T16:32:32.532+0000] {processor.py:161} INFO - Started process (PID=1047) to work on /home/airflow/.local/lib/python3.12/site-packages/airflow/example_dags/example_setup_teardown.py
[2025-06-20T16:32:32.533+0000] {processor.py:830} INFO - Processing file /home/airflow/.local/lib/python3.12/site-packages/airflow/example_dags/example_setup_teardown.py for tasks to queue
[2025-06-20T16:32:32.535+0000] {logging_mixin.py:188} INFO - [2025-06-20T16:32:32.534+0000] {dagbag.py:540} INFO - Filling up the DagBag from /home/airflow/.local/lib/python3.12/site-packages/airflow/example_dags/example_setup_teardown.py
[2025-06-20T16:32:32.542+0000] {processor.py:840} INFO - DAG(s) 'example_setup_teardown' retrieved from /home/airflow/.local/lib/python3.12/site-packages/airflow/example_dags/example_setup_teardown.py
[2025-06-20T16:32:32.561+0000] {logging_mixin.py:188} INFO - [2025-06-20T16:32:32.560+0000] {dag.py:3096} INFO - Sync 1 DAGs
[2025-06-20T16:32:32.580+0000] {logging_mixin.py:188} INFO - [2025-06-20T16:32:32.580+0000] {dag.py:3954} INFO - Setting next_dagrun for example_setup_teardown to 2025-06-19 00:00:00+00:00, run_after=2025-06-20 00:00:00+00:00
[2025-06-20T16:32:32.595+0000] {processor.py:183} INFO - Processing /home/airflow/.local/lib/python3.12/site-packages/airflow/example_dags/example_setup_teardown.py took 0.069 seconds
[2025-06-20T16:33:02.914+0000] {processor.py:161} INFO - Started process (PID=1106) to work on /home/airflow/.local/lib/python3.12/site-packages/airflow/example_dags/example_setup_teardown.py
[2025-06-20T16:33:02.915+0000] {processor.py:830} INFO - Processing file /home/airflow/.local/lib/python3.12/site-packages/airflow/example_dags/example_setup_teardown.py for tasks to queue
[2025-06-20T16:33:02.918+0000] {logging_mixin.py:188} INFO - [2025-06-20T16:33:02.917+0000] {dagbag.py:540} INFO - Filling up the DagBag from /home/airflow/.local/lib/python3.12/site-packages/airflow/example_dags/example_setup_teardown.py
[2025-06-20T16:33:02.925+0000] {processor.py:840} INFO - DAG(s) 'example_setup_teardown' retrieved from /home/airflow/.local/lib/python3.12/site-packages/airflow/example_dags/example_setup_teardown.py
[2025-06-20T16:33:02.947+0000] {logging_mixin.py:188} INFO - [2025-06-20T16:33:02.947+0000] {dag.py:3096} INFO - Sync 1 DAGs
[2025-06-20T16:33:02.970+0000] {logging_mixin.py:188} INFO - [2025-06-20T16:33:02.970+0000] {dag.py:3954} INFO - Setting next_dagrun for example_setup_teardown to 2025-06-19 00:00:00+00:00, run_after=2025-06-20 00:00:00+00:00
[2025-06-20T16:33:02.987+0000] {processor.py:183} INFO - Processing /home/airflow/.local/lib/python3.12/site-packages/airflow/example_dags/example_setup_teardown.py took 0.079 seconds
[2025-06-20T16:33:33.399+0000] {processor.py:161} INFO - Started process (PID=1165) to work on /home/airflow/.local/lib/python3.12/site-packages/airflow/example_dags/example_setup_teardown.py
[2025-06-20T16:33:33.400+0000] {processor.py:830} INFO - Processing file /home/airflow/.local/lib/python3.12/site-packages/airflow/example_dags/example_setup_teardown.py for tasks to queue
[2025-06-20T16:33:33.401+0000] {logging_mixin.py:188} INFO - [2025-06-20T16:33:33.401+0000] {dagbag.py:540} INFO - Filling up the DagBag from /home/airflow/.local/lib/python3.12/site-packages/airflow/example_dags/example_setup_teardown.py
[2025-06-20T16:33:33.408+0000] {processor.py:840} INFO - DAG(s) 'example_setup_teardown' retrieved from /home/airflow/.local/lib/python3.12/site-packages/airflow/example_dags/example_setup_teardown.py
[2025-06-20T16:33:33.427+0000] {logging_mixin.py:188} INFO - [2025-06-20T16:33:33.427+0000] {dag.py:3096} INFO - Sync 1 DAGs
[2025-06-20T16:33:33.447+0000] {logging_mixin.py:188} INFO - [2025-06-20T16:33:33.447+0000] {dag.py:3954} INFO - Setting next_dagrun for example_setup_teardown to 2025-06-19 00:00:00+00:00, run_after=2025-06-20 00:00:00+00:00
[2025-06-20T16:33:33.462+0000] {processor.py:183} INFO - Processing /home/airflow/.local/lib/python3.12/site-packages/airflow/example_dags/example_setup_teardown.py took 0.069 seconds
[2025-06-20T16:34:03.676+0000] {processor.py:161} INFO - Started process (PID=1224) to work on /home/airflow/.local/lib/python3.12/site-packages/airflow/example_dags/example_setup_teardown.py
[2025-06-20T16:34:03.677+0000] {processor.py:830} INFO - Processing file /home/airflow/.local/lib/python3.12/site-packages/airflow/example_dags/example_setup_teardown.py for tasks to queue
[2025-06-20T16:34:03.679+0000] {logging_mixin.py:188} INFO - [2025-06-20T16:34:03.679+0000] {dagbag.py:540} INFO - Filling up the DagBag from /home/airflow/.local/lib/python3.12/site-packages/airflow/example_dags/example_setup_teardown.py
[2025-06-20T16:34:03.686+0000] {processor.py:840} INFO - DAG(s) 'example_setup_teardown' retrieved from /home/airflow/.local/lib/python3.12/site-packages/airflow/example_dags/example_setup_teardown.py
[2025-06-20T16:34:03.707+0000] {logging_mixin.py:188} INFO - [2025-06-20T16:34:03.707+0000] {dag.py:3096} INFO - Sync 1 DAGs
[2025-06-20T16:34:03.729+0000] {logging_mixin.py:188} INFO - [2025-06-20T16:34:03.729+0000] {dag.py:3954} INFO - Setting next_dagrun for example_setup_teardown to 2025-06-19 00:00:00+00:00, run_after=2025-06-20 00:00:00+00:00
[2025-06-20T16:34:03.746+0000] {processor.py:183} INFO - Processing /home/airflow/.local/lib/python3.12/site-packages/airflow/example_dags/example_setup_teardown.py took 0.076 seconds
[2025-06-20T16:34:33.936+0000] {processor.py:161} INFO - Started process (PID=1283) to work on /home/airflow/.local/lib/python3.12/site-packages/airflow/example_dags/example_setup_teardown.py
[2025-06-20T16:34:33.937+0000] {processor.py:830} INFO - Processing file /home/airflow/.local/lib/python3.12/site-packages/airflow/example_dags/example_setup_teardown.py for tasks to queue
[2025-06-20T16:34:33.939+0000] {logging_mixin.py:188} INFO - [2025-06-20T16:34:33.939+0000] {dagbag.py:540} INFO - Filling up the DagBag from /home/airflow/.local/lib/python3.12/site-packages/airflow/example_dags/example_setup_teardown.py
[2025-06-20T16:34:33.946+0000] {processor.py:840} INFO - DAG(s) 'example_setup_teardown' retrieved from /home/airflow/.local/lib/python3.12/site-packages/airflow/example_dags/example_setup_teardown.py
[2025-06-20T16:34:33.967+0000] {logging_mixin.py:188} INFO - [2025-06-20T16:34:33.967+0000] {dag.py:3096} INFO - Sync 1 DAGs
[2025-06-20T16:34:33.987+0000] {logging_mixin.py:188} INFO - [2025-06-20T16:34:33.987+0000] {dag.py:3954} INFO - Setting next_dagrun for example_setup_teardown to 2025-06-19 00:00:00+00:00, run_after=2025-06-20 00:00:00+00:00
[2025-06-20T16:34:34.003+0000] {processor.py:183} INFO - Processing /home/airflow/.local/lib/python3.12/site-packages/airflow/example_dags/example_setup_teardown.py took 0.073 seconds
[2025-06-20T16:35:04.372+0000] {processor.py:161} INFO - Started process (PID=1342) to work on /home/airflow/.local/lib/python3.12/site-packages/airflow/example_dags/example_setup_teardown.py
[2025-06-20T16:35:04.373+0000] {processor.py:830} INFO - Processing file /home/airflow/.local/lib/python3.12/site-packages/airflow/example_dags/example_setup_teardown.py for tasks to queue
[2025-06-20T16:35:04.375+0000] {logging_mixin.py:188} INFO - [2025-06-20T16:35:04.375+0000] {dagbag.py:540} INFO - Filling up the DagBag from /home/airflow/.local/lib/python3.12/site-packages/airflow/example_dags/example_setup_teardown.py
[2025-06-20T16:35:04.382+0000] {processor.py:840} INFO - DAG(s) 'example_setup_teardown' retrieved from /home/airflow/.local/lib/python3.12/site-packages/airflow/example_dags/example_setup_teardown.py
[2025-06-20T16:35:04.403+0000] {logging_mixin.py:188} INFO - [2025-06-20T16:35:04.403+0000] {dag.py:3096} INFO - Sync 1 DAGs
[2025-06-20T16:35:04.424+0000] {logging_mixin.py:188} INFO - [2025-06-20T16:35:04.424+0000] {dag.py:3954} INFO - Setting next_dagrun for example_setup_teardown to 2025-06-19 00:00:00+00:00, run_after=2025-06-20 00:00:00+00:00
[2025-06-20T16:35:04.441+0000] {processor.py:183} INFO - Processing /home/airflow/.local/lib/python3.12/site-packages/airflow/example_dags/example_setup_teardown.py took 0.075 seconds
[2025-06-20T16:35:34.545+0000] {processor.py:161} INFO - Started process (PID=1401) to work on /home/airflow/.local/lib/python3.12/site-packages/airflow/example_dags/example_setup_teardown.py
[2025-06-20T16:35:34.547+0000] {processor.py:830} INFO - Processing file /home/airflow/.local/lib/python3.12/site-packages/airflow/example_dags/example_setup_teardown.py for tasks to queue
[2025-06-20T16:35:34.549+0000] {logging_mixin.py:188} INFO - [2025-06-20T16:35:34.548+0000] {dagbag.py:540} INFO - Filling up the DagBag from /home/airflow/.local/lib/python3.12/site-packages/airflow/example_dags/example_setup_teardown.py
[2025-06-20T16:35:34.559+0000] {processor.py:840} INFO - DAG(s) 'example_setup_teardown' retrieved from /home/airflow/.local/lib/python3.12/site-packages/airflow/example_dags/example_setup_teardown.py
[2025-06-20T16:35:34.590+0000] {logging_mixin.py:188} INFO - [2025-06-20T16:35:34.590+0000] {dag.py:3096} INFO - Sync 1 DAGs
[2025-06-20T16:35:34.619+0000] {logging_mixin.py:188} INFO - [2025-06-20T16:35:34.619+0000] {dag.py:3954} INFO - Setting next_dagrun for example_setup_teardown to 2025-06-19 00:00:00+00:00, run_after=2025-06-20 00:00:00+00:00
[2025-06-20T16:35:34.638+0000] {processor.py:183} INFO - Processing /home/airflow/.local/lib/python3.12/site-packages/airflow/example_dags/example_setup_teardown.py took 0.100 seconds
[2025-06-20T16:36:04.997+0000] {processor.py:161} INFO - Started process (PID=1460) to work on /home/airflow/.local/lib/python3.12/site-packages/airflow/example_dags/example_setup_teardown.py
[2025-06-20T16:36:04.997+0000] {processor.py:830} INFO - Processing file /home/airflow/.local/lib/python3.12/site-packages/airflow/example_dags/example_setup_teardown.py for tasks to queue
[2025-06-20T16:36:05.000+0000] {logging_mixin.py:188} INFO - [2025-06-20T16:36:04.999+0000] {dagbag.py:540} INFO - Filling up the DagBag from /home/airflow/.local/lib/python3.12/site-packages/airflow/example_dags/example_setup_teardown.py
[2025-06-20T16:36:05.008+0000] {processor.py:840} INFO - DAG(s) 'example_setup_teardown' retrieved from /home/airflow/.local/lib/python3.12/site-packages/airflow/example_dags/example_setup_teardown.py
[2025-06-20T16:36:05.032+0000] {logging_mixin.py:188} INFO - [2025-06-20T16:36:05.032+0000] {dag.py:3096} INFO - Sync 1 DAGs
[2025-06-20T16:36:05.051+0000] {logging_mixin.py:188} INFO - [2025-06-20T16:36:05.051+0000] {dag.py:3954} INFO - Setting next_dagrun for example_setup_teardown to 2025-06-19 00:00:00+00:00, run_after=2025-06-20 00:00:00+00:00
[2025-06-20T16:36:05.068+0000] {processor.py:183} INFO - Processing /home/airflow/.local/lib/python3.12/site-packages/airflow/example_dags/example_setup_teardown.py took 0.078 seconds
[2025-06-20T16:36:35.243+0000] {processor.py:161} INFO - Started process (PID=1519) to work on /home/airflow/.local/lib/python3.12/site-packages/airflow/example_dags/example_setup_teardown.py
[2025-06-20T16:36:35.244+0000] {processor.py:830} INFO - Processing file /home/airflow/.local/lib/python3.12/site-packages/airflow/example_dags/example_setup_teardown.py for tasks to queue
[2025-06-20T16:36:35.245+0000] {logging_mixin.py:188} INFO - [2025-06-20T16:36:35.245+0000] {dagbag.py:540} INFO - Filling up the DagBag from /home/airflow/.local/lib/python3.12/site-packages/airflow/example_dags/example_setup_teardown.py
[2025-06-20T16:36:35.252+0000] {processor.py:840} INFO - DAG(s) 'example_setup_teardown' retrieved from /home/airflow/.local/lib/python3.12/site-packages/airflow/example_dags/example_setup_teardown.py
[2025-06-20T16:36:35.273+0000] {logging_mixin.py:188} INFO - [2025-06-20T16:36:35.273+0000] {dag.py:3096} INFO - Sync 1 DAGs
[2025-06-20T16:36:35.292+0000] {logging_mixin.py:188} INFO - [2025-06-20T16:36:35.292+0000] {dag.py:3954} INFO - Setting next_dagrun for example_setup_teardown to 2025-06-19 00:00:00+00:00, run_after=2025-06-20 00:00:00+00:00
[2025-06-20T16:36:35.307+0000] {processor.py:183} INFO - Processing /home/airflow/.local/lib/python3.12/site-packages/airflow/example_dags/example_setup_teardown.py took 0.071 seconds
[2025-06-20T16:37:05.651+0000] {processor.py:161} INFO - Started process (PID=1578) to work on /home/airflow/.local/lib/python3.12/site-packages/airflow/example_dags/example_setup_teardown.py
[2025-06-20T16:37:05.652+0000] {processor.py:830} INFO - Processing file /home/airflow/.local/lib/python3.12/site-packages/airflow/example_dags/example_setup_teardown.py for tasks to queue
[2025-06-20T16:37:05.654+0000] {logging_mixin.py:188} INFO - [2025-06-20T16:37:05.653+0000] {dagbag.py:540} INFO - Filling up the DagBag from /home/airflow/.local/lib/python3.12/site-packages/airflow/example_dags/example_setup_teardown.py
[2025-06-20T16:37:05.661+0000] {processor.py:840} INFO - DAG(s) 'example_setup_teardown' retrieved from /home/airflow/.local/lib/python3.12/site-packages/airflow/example_dags/example_setup_teardown.py
[2025-06-20T16:37:05.680+0000] {logging_mixin.py:188} INFO - [2025-06-20T16:37:05.680+0000] {dag.py:3096} INFO - Sync 1 DAGs
[2025-06-20T16:37:05.701+0000] {logging_mixin.py:188} INFO - [2025-06-20T16:37:05.700+0000] {dag.py:3954} INFO - Setting next_dagrun for example_setup_teardown to 2025-06-19 00:00:00+00:00, run_after=2025-06-20 00:00:00+00:00
[2025-06-20T16:37:05.716+0000] {processor.py:183} INFO - Processing /home/airflow/.local/lib/python3.12/site-packages/airflow/example_dags/example_setup_teardown.py took 0.072 seconds
[2025-06-20T16:37:35.963+0000] {processor.py:161} INFO - Started process (PID=1637) to work on /home/airflow/.local/lib/python3.12/site-packages/airflow/example_dags/example_setup_teardown.py
[2025-06-20T16:37:35.964+0000] {processor.py:830} INFO - Processing file /home/airflow/.local/lib/python3.12/site-packages/airflow/example_dags/example_setup_teardown.py for tasks to queue
[2025-06-20T16:37:35.967+0000] {logging_mixin.py:188} INFO - [2025-06-20T16:37:35.966+0000] {dagbag.py:540} INFO - Filling up the DagBag from /home/airflow/.local/lib/python3.12/site-packages/airflow/example_dags/example_setup_teardown.py
[2025-06-20T16:37:35.975+0000] {processor.py:840} INFO - DAG(s) 'example_setup_teardown' retrieved from /home/airflow/.local/lib/python3.12/site-packages/airflow/example_dags/example_setup_teardown.py
[2025-06-20T16:37:35.997+0000] {logging_mixin.py:188} INFO - [2025-06-20T16:37:35.997+0000] {dag.py:3096} INFO - Sync 1 DAGs
[2025-06-20T16:37:36.018+0000] {logging_mixin.py:188} INFO - [2025-06-20T16:37:36.018+0000] {dag.py:3954} INFO - Setting next_dagrun for example_setup_teardown to 2025-06-19 00:00:00+00:00, run_after=2025-06-20 00:00:00+00:00
[2025-06-20T16:37:36.035+0000] {processor.py:183} INFO - Processing /home/airflow/.local/lib/python3.12/site-packages/airflow/example_dags/example_setup_teardown.py took 0.078 seconds
[2025-06-20T16:38:06.100+0000] {processor.py:161} INFO - Started process (PID=1696) to work on /home/airflow/.local/lib/python3.12/site-packages/airflow/example_dags/example_setup_teardown.py
[2025-06-20T16:38:06.101+0000] {processor.py:830} INFO - Processing file /home/airflow/.local/lib/python3.12/site-packages/airflow/example_dags/example_setup_teardown.py for tasks to queue
[2025-06-20T16:38:06.103+0000] {logging_mixin.py:188} INFO - [2025-06-20T16:38:06.103+0000] {dagbag.py:540} INFO - Filling up the DagBag from /home/airflow/.local/lib/python3.12/site-packages/airflow/example_dags/example_setup_teardown.py
[2025-06-20T16:38:06.110+0000] {processor.py:840} INFO - DAG(s) 'example_setup_teardown' retrieved from /home/airflow/.local/lib/python3.12/site-packages/airflow/example_dags/example_setup_teardown.py
[2025-06-20T16:38:06.130+0000] {logging_mixin.py:188} INFO - [2025-06-20T16:38:06.130+0000] {dag.py:3096} INFO - Sync 1 DAGs
[2025-06-20T16:38:06.150+0000] {logging_mixin.py:188} INFO - [2025-06-20T16:38:06.150+0000] {dag.py:3954} INFO - Setting next_dagrun for example_setup_teardown to 2025-06-19 00:00:00+00:00, run_after=2025-06-20 00:00:00+00:00
[2025-06-20T16:38:06.165+0000] {processor.py:183} INFO - Processing /home/airflow/.local/lib/python3.12/site-packages/airflow/example_dags/example_setup_teardown.py took 0.071 seconds
[2025-06-20T16:38:36.607+0000] {processor.py:161} INFO - Started process (PID=1754) to work on /home/airflow/.local/lib/python3.12/site-packages/airflow/example_dags/example_setup_teardown.py
[2025-06-20T16:38:36.608+0000] {processor.py:830} INFO - Processing file /home/airflow/.local/lib/python3.12/site-packages/airflow/example_dags/example_setup_teardown.py for tasks to queue
[2025-06-20T16:38:36.610+0000] {logging_mixin.py:188} INFO - [2025-06-20T16:38:36.610+0000] {dagbag.py:540} INFO - Filling up the DagBag from /home/airflow/.local/lib/python3.12/site-packages/airflow/example_dags/example_setup_teardown.py
[2025-06-20T16:38:36.617+0000] {processor.py:840} INFO - DAG(s) 'example_setup_teardown' retrieved from /home/airflow/.local/lib/python3.12/site-packages/airflow/example_dags/example_setup_teardown.py
[2025-06-20T16:38:36.636+0000] {logging_mixin.py:188} INFO - [2025-06-20T16:38:36.635+0000] {dag.py:3096} INFO - Sync 1 DAGs
[2025-06-20T16:38:36.655+0000] {logging_mixin.py:188} INFO - [2025-06-20T16:38:36.655+0000] {dag.py:3954} INFO - Setting next_dagrun for example_setup_teardown to 2025-06-19 00:00:00+00:00, run_after=2025-06-20 00:00:00+00:00
[2025-06-20T16:38:36.671+0000] {processor.py:183} INFO - Processing /home/airflow/.local/lib/python3.12/site-packages/airflow/example_dags/example_setup_teardown.py took 0.070 seconds
[2025-06-20T16:39:06.902+0000] {processor.py:161} INFO - Started process (PID=1813) to work on /home/airflow/.local/lib/python3.12/site-packages/airflow/example_dags/example_setup_teardown.py
[2025-06-20T16:39:06.903+0000] {processor.py:830} INFO - Processing file /home/airflow/.local/lib/python3.12/site-packages/airflow/example_dags/example_setup_teardown.py for tasks to queue
[2025-06-20T16:39:06.904+0000] {logging_mixin.py:188} INFO - [2025-06-20T16:39:06.904+0000] {dagbag.py:540} INFO - Filling up the DagBag from /home/airflow/.local/lib/python3.12/site-packages/airflow/example_dags/example_setup_teardown.py
[2025-06-20T16:39:06.911+0000] {processor.py:840} INFO - DAG(s) 'example_setup_teardown' retrieved from /home/airflow/.local/lib/python3.12/site-packages/airflow/example_dags/example_setup_teardown.py
[2025-06-20T16:39:06.930+0000] {logging_mixin.py:188} INFO - [2025-06-20T16:39:06.930+0000] {dag.py:3096} INFO - Sync 1 DAGs
[2025-06-20T16:39:06.950+0000] {logging_mixin.py:188} INFO - [2025-06-20T16:39:06.950+0000] {dag.py:3954} INFO - Setting next_dagrun for example_setup_teardown to 2025-06-19 00:00:00+00:00, run_after=2025-06-20 00:00:00+00:00
[2025-06-20T16:39:06.967+0000] {processor.py:183} INFO - Processing /home/airflow/.local/lib/python3.12/site-packages/airflow/example_dags/example_setup_teardown.py took 0.071 seconds
[2025-06-20T16:39:37.040+0000] {processor.py:161} INFO - Started process (PID=1872) to work on /home/airflow/.local/lib/python3.12/site-packages/airflow/example_dags/example_setup_teardown.py
[2025-06-20T16:39:37.041+0000] {processor.py:830} INFO - Processing file /home/airflow/.local/lib/python3.12/site-packages/airflow/example_dags/example_setup_teardown.py for tasks to queue
[2025-06-20T16:39:37.043+0000] {logging_mixin.py:188} INFO - [2025-06-20T16:39:37.043+0000] {dagbag.py:540} INFO - Filling up the DagBag from /home/airflow/.local/lib/python3.12/site-packages/airflow/example_dags/example_setup_teardown.py
[2025-06-20T16:39:37.050+0000] {processor.py:840} INFO - DAG(s) 'example_setup_teardown' retrieved from /home/airflow/.local/lib/python3.12/site-packages/airflow/example_dags/example_setup_teardown.py
[2025-06-20T16:39:37.072+0000] {logging_mixin.py:188} INFO - [2025-06-20T16:39:37.071+0000] {dag.py:3096} INFO - Sync 1 DAGs
[2025-06-20T16:39:37.096+0000] {logging_mixin.py:188} INFO - [2025-06-20T16:39:37.096+0000] {dag.py:3954} INFO - Setting next_dagrun for example_setup_teardown to 2025-06-19 00:00:00+00:00, run_after=2025-06-20 00:00:00+00:00
[2025-06-20T16:39:37.115+0000] {processor.py:183} INFO - Processing /home/airflow/.local/lib/python3.12/site-packages/airflow/example_dags/example_setup_teardown.py took 0.081 seconds
[2025-06-20T16:40:07.446+0000] {processor.py:161} INFO - Started process (PID=1931) to work on /home/airflow/.local/lib/python3.12/site-packages/airflow/example_dags/example_setup_teardown.py
[2025-06-20T16:40:07.447+0000] {processor.py:830} INFO - Processing file /home/airflow/.local/lib/python3.12/site-packages/airflow/example_dags/example_setup_teardown.py for tasks to queue
[2025-06-20T16:40:07.449+0000] {logging_mixin.py:188} INFO - [2025-06-20T16:40:07.449+0000] {dagbag.py:540} INFO - Filling up the DagBag from /home/airflow/.local/lib/python3.12/site-packages/airflow/example_dags/example_setup_teardown.py
[2025-06-20T16:40:07.456+0000] {processor.py:840} INFO - DAG(s) 'example_setup_teardown' retrieved from /home/airflow/.local/lib/python3.12/site-packages/airflow/example_dags/example_setup_teardown.py
[2025-06-20T16:40:07.477+0000] {logging_mixin.py:188} INFO - [2025-06-20T16:40:07.477+0000] {dag.py:3096} INFO - Sync 1 DAGs
[2025-06-20T16:40:07.497+0000] {logging_mixin.py:188} INFO - [2025-06-20T16:40:07.497+0000] {dag.py:3954} INFO - Setting next_dagrun for example_setup_teardown to 2025-06-19 00:00:00+00:00, run_after=2025-06-20 00:00:00+00:00
[2025-06-20T16:40:07.512+0000] {processor.py:183} INFO - Processing /home/airflow/.local/lib/python3.12/site-packages/airflow/example_dags/example_setup_teardown.py took 0.072 seconds
[2025-06-20T16:40:38.308+0000] {processor.py:161} INFO - Started process (PID=1990) to work on /home/airflow/.local/lib/python3.12/site-packages/airflow/example_dags/example_setup_teardown.py
[2025-06-20T16:40:38.309+0000] {processor.py:830} INFO - Processing file /home/airflow/.local/lib/python3.12/site-packages/airflow/example_dags/example_setup_teardown.py for tasks to queue
[2025-06-20T16:40:38.311+0000] {logging_mixin.py:188} INFO - [2025-06-20T16:40:38.310+0000] {dagbag.py:540} INFO - Filling up the DagBag from /home/airflow/.local/lib/python3.12/site-packages/airflow/example_dags/example_setup_teardown.py
[2025-06-20T16:40:38.318+0000] {processor.py:840} INFO - DAG(s) 'example_setup_teardown' retrieved from /home/airflow/.local/lib/python3.12/site-packages/airflow/example_dags/example_setup_teardown.py
[2025-06-20T16:40:38.339+0000] {logging_mixin.py:188} INFO - [2025-06-20T16:40:38.338+0000] {dag.py:3096} INFO - Sync 1 DAGs
[2025-06-20T16:40:38.361+0000] {logging_mixin.py:188} INFO - [2025-06-20T16:40:38.361+0000] {dag.py:3954} INFO - Setting next_dagrun for example_setup_teardown to 2025-06-19 00:00:00+00:00, run_after=2025-06-20 00:00:00+00:00
[2025-06-20T16:40:38.377+0000] {processor.py:183} INFO - Processing /home/airflow/.local/lib/python3.12/site-packages/airflow/example_dags/example_setup_teardown.py took 0.076 seconds
[2025-06-20T16:41:09.262+0000] {processor.py:161} INFO - Started process (PID=2049) to work on /home/airflow/.local/lib/python3.12/site-packages/airflow/example_dags/example_setup_teardown.py
[2025-06-20T16:41:09.263+0000] {processor.py:830} INFO - Processing file /home/airflow/.local/lib/python3.12/site-packages/airflow/example_dags/example_setup_teardown.py for tasks to queue
[2025-06-20T16:41:09.265+0000] {logging_mixin.py:188} INFO - [2025-06-20T16:41:09.265+0000] {dagbag.py:540} INFO - Filling up the DagBag from /home/airflow/.local/lib/python3.12/site-packages/airflow/example_dags/example_setup_teardown.py
[2025-06-20T16:41:09.272+0000] {processor.py:840} INFO - DAG(s) 'example_setup_teardown' retrieved from /home/airflow/.local/lib/python3.12/site-packages/airflow/example_dags/example_setup_teardown.py
[2025-06-20T16:41:09.291+0000] {logging_mixin.py:188} INFO - [2025-06-20T16:41:09.291+0000] {dag.py:3096} INFO - Sync 1 DAGs
[2025-06-20T16:41:09.310+0000] {logging_mixin.py:188} INFO - [2025-06-20T16:41:09.310+0000] {dag.py:3954} INFO - Setting next_dagrun for example_setup_teardown to 2025-06-19 00:00:00+00:00, run_after=2025-06-20 00:00:00+00:00
[2025-06-20T16:41:09.326+0000] {processor.py:183} INFO - Processing /home/airflow/.local/lib/python3.12/site-packages/airflow/example_dags/example_setup_teardown.py took 0.069 seconds
[2025-06-20T16:41:40.066+0000] {processor.py:161} INFO - Started process (PID=2106) to work on /home/airflow/.local/lib/python3.12/site-packages/airflow/example_dags/example_setup_teardown.py
[2025-06-20T16:41:40.067+0000] {processor.py:830} INFO - Processing file /home/airflow/.local/lib/python3.12/site-packages/airflow/example_dags/example_setup_teardown.py for tasks to queue
[2025-06-20T16:41:40.068+0000] {logging_mixin.py:188} INFO - [2025-06-20T16:41:40.068+0000] {dagbag.py:540} INFO - Filling up the DagBag from /home/airflow/.local/lib/python3.12/site-packages/airflow/example_dags/example_setup_teardown.py
[2025-06-20T16:41:40.075+0000] {processor.py:840} INFO - DAG(s) 'example_setup_teardown' retrieved from /home/airflow/.local/lib/python3.12/site-packages/airflow/example_dags/example_setup_teardown.py
[2025-06-20T16:41:40.095+0000] {logging_mixin.py:188} INFO - [2025-06-20T16:41:40.094+0000] {dag.py:3096} INFO - Sync 1 DAGs
[2025-06-20T16:41:40.116+0000] {logging_mixin.py:188} INFO - [2025-06-20T16:41:40.116+0000] {dag.py:3954} INFO - Setting next_dagrun for example_setup_teardown to 2025-06-19 00:00:00+00:00, run_after=2025-06-20 00:00:00+00:00
[2025-06-20T16:41:40.132+0000] {processor.py:183} INFO - Processing /home/airflow/.local/lib/python3.12/site-packages/airflow/example_dags/example_setup_teardown.py took 0.072 seconds
[2025-06-20T16:42:10.982+0000] {processor.py:161} INFO - Started process (PID=2165) to work on /home/airflow/.local/lib/python3.12/site-packages/airflow/example_dags/example_setup_teardown.py
[2025-06-20T16:42:10.983+0000] {processor.py:830} INFO - Processing file /home/airflow/.local/lib/python3.12/site-packages/airflow/example_dags/example_setup_teardown.py for tasks to queue
[2025-06-20T16:42:10.985+0000] {logging_mixin.py:188} INFO - [2025-06-20T16:42:10.984+0000] {dagbag.py:540} INFO - Filling up the DagBag from /home/airflow/.local/lib/python3.12/site-packages/airflow/example_dags/example_setup_teardown.py
[2025-06-20T16:42:10.992+0000] {processor.py:840} INFO - DAG(s) 'example_setup_teardown' retrieved from /home/airflow/.local/lib/python3.12/site-packages/airflow/example_dags/example_setup_teardown.py
[2025-06-20T16:42:11.012+0000] {logging_mixin.py:188} INFO - [2025-06-20T16:42:11.011+0000] {dag.py:3096} INFO - Sync 1 DAGs
[2025-06-20T16:42:11.032+0000] {logging_mixin.py:188} INFO - [2025-06-20T16:42:11.031+0000] {dag.py:3954} INFO - Setting next_dagrun for example_setup_teardown to 2025-06-19 00:00:00+00:00, run_after=2025-06-20 00:00:00+00:00
[2025-06-20T16:42:11.047+0000] {processor.py:183} INFO - Processing /home/airflow/.local/lib/python3.12/site-packages/airflow/example_dags/example_setup_teardown.py took 0.072 seconds
[2025-06-20T16:42:41.635+0000] {processor.py:161} INFO - Started process (PID=2224) to work on /home/airflow/.local/lib/python3.12/site-packages/airflow/example_dags/example_setup_teardown.py
[2025-06-20T16:42:41.636+0000] {processor.py:830} INFO - Processing file /home/airflow/.local/lib/python3.12/site-packages/airflow/example_dags/example_setup_teardown.py for tasks to queue
[2025-06-20T16:42:41.638+0000] {logging_mixin.py:188} INFO - [2025-06-20T16:42:41.638+0000] {dagbag.py:540} INFO - Filling up the DagBag from /home/airflow/.local/lib/python3.12/site-packages/airflow/example_dags/example_setup_teardown.py
[2025-06-20T16:42:41.646+0000] {processor.py:840} INFO - DAG(s) 'example_setup_teardown' retrieved from /home/airflow/.local/lib/python3.12/site-packages/airflow/example_dags/example_setup_teardown.py
[2025-06-20T16:42:41.665+0000] {logging_mixin.py:188} INFO - [2025-06-20T16:42:41.665+0000] {dag.py:3096} INFO - Sync 1 DAGs
[2025-06-20T16:42:41.687+0000] {logging_mixin.py:188} INFO - [2025-06-20T16:42:41.687+0000] {dag.py:3954} INFO - Setting next_dagrun for example_setup_teardown to 2025-06-19 00:00:00+00:00, run_after=2025-06-20 00:00:00+00:00
[2025-06-20T16:42:41.703+0000] {processor.py:183} INFO - Processing /home/airflow/.local/lib/python3.12/site-packages/airflow/example_dags/example_setup_teardown.py took 0.075 seconds
[2025-06-20T16:43:12.237+0000] {processor.py:161} INFO - Started process (PID=2283) to work on /home/airflow/.local/lib/python3.12/site-packages/airflow/example_dags/example_setup_teardown.py
[2025-06-20T16:43:12.238+0000] {processor.py:830} INFO - Processing file /home/airflow/.local/lib/python3.12/site-packages/airflow/example_dags/example_setup_teardown.py for tasks to queue
[2025-06-20T16:43:12.243+0000] {logging_mixin.py:188} INFO - [2025-06-20T16:43:12.243+0000] {dagbag.py:540} INFO - Filling up the DagBag from /home/airflow/.local/lib/python3.12/site-packages/airflow/example_dags/example_setup_teardown.py
[2025-06-20T16:43:12.251+0000] {processor.py:840} INFO - DAG(s) 'example_setup_teardown' retrieved from /home/airflow/.local/lib/python3.12/site-packages/airflow/example_dags/example_setup_teardown.py
[2025-06-20T16:43:12.271+0000] {logging_mixin.py:188} INFO - [2025-06-20T16:43:12.270+0000] {dag.py:3096} INFO - Sync 1 DAGs
[2025-06-20T16:43:12.291+0000] {logging_mixin.py:188} INFO - [2025-06-20T16:43:12.291+0000] {dag.py:3954} INFO - Setting next_dagrun for example_setup_teardown to 2025-06-19 00:00:00+00:00, run_after=2025-06-20 00:00:00+00:00
[2025-06-20T16:43:12.418+0000] {processor.py:183} INFO - Processing /home/airflow/.local/lib/python3.12/site-packages/airflow/example_dags/example_setup_teardown.py took 0.187 seconds
[2025-06-20T16:44:15.574+0000] {processor.py:161} INFO - Started process (PID=103) to work on /home/airflow/.local/lib/python3.12/site-packages/airflow/example_dags/example_setup_teardown.py
[2025-06-20T16:44:15.575+0000] {processor.py:830} INFO - Processing file /home/airflow/.local/lib/python3.12/site-packages/airflow/example_dags/example_setup_teardown.py for tasks to queue
[2025-06-20T16:44:15.577+0000] {logging_mixin.py:188} INFO - [2025-06-20T16:44:15.577+0000] {dagbag.py:540} INFO - Filling up the DagBag from /home/airflow/.local/lib/python3.12/site-packages/airflow/example_dags/example_setup_teardown.py
[2025-06-20T16:44:15.585+0000] {processor.py:840} INFO - DAG(s) 'example_setup_teardown' retrieved from /home/airflow/.local/lib/python3.12/site-packages/airflow/example_dags/example_setup_teardown.py
[2025-06-20T16:44:15.711+0000] {logging_mixin.py:188} INFO - [2025-06-20T16:44:15.710+0000] {override.py:1829} INFO - Created Permission View: can delete on DAG:example_setup_teardown
[2025-06-20T16:44:15.719+0000] {logging_mixin.py:188} INFO - [2025-06-20T16:44:15.719+0000] {override.py:1829} INFO - Created Permission View: can read on DAG:example_setup_teardown
[2025-06-20T16:44:15.724+0000] {logging_mixin.py:188} INFO - [2025-06-20T16:44:15.724+0000] {override.py:1829} INFO - Created Permission View: can edit on DAG:example_setup_teardown
[2025-06-20T16:44:15.725+0000] {logging_mixin.py:188} INFO - [2025-06-20T16:44:15.725+0000] {dag.py:3096} INFO - Sync 1 DAGs
[2025-06-20T16:44:15.735+0000] {logging_mixin.py:188} INFO - [2025-06-20T16:44:15.735+0000] {dag.py:3118} INFO - Creating ORM DAG for example_setup_teardown
[2025-06-20T16:44:15.744+0000] {logging_mixin.py:188} INFO - [2025-06-20T16:44:15.744+0000] {dag.py:3954} INFO - Setting next_dagrun for example_setup_teardown to 2025-06-19 00:00:00+00:00, run_after=2025-06-20 00:00:00+00:00
[2025-06-20T16:44:15.757+0000] {processor.py:183} INFO - Processing /home/airflow/.local/lib/python3.12/site-packages/airflow/example_dags/example_setup_teardown.py took 0.189 seconds
[2025-06-20T16:44:45.960+0000] {processor.py:161} INFO - Started process (PID=162) to work on /home/airflow/.local/lib/python3.12/site-packages/airflow/example_dags/example_setup_teardown.py
[2025-06-20T16:44:45.961+0000] {processor.py:830} INFO - Processing file /home/airflow/.local/lib/python3.12/site-packages/airflow/example_dags/example_setup_teardown.py for tasks to queue
[2025-06-20T16:44:45.963+0000] {logging_mixin.py:188} INFO - [2025-06-20T16:44:45.962+0000] {dagbag.py:540} INFO - Filling up the DagBag from /home/airflow/.local/lib/python3.12/site-packages/airflow/example_dags/example_setup_teardown.py
[2025-06-20T16:44:45.969+0000] {processor.py:840} INFO - DAG(s) 'example_setup_teardown' retrieved from /home/airflow/.local/lib/python3.12/site-packages/airflow/example_dags/example_setup_teardown.py
[2025-06-20T16:44:45.990+0000] {logging_mixin.py:188} INFO - [2025-06-20T16:44:45.989+0000] {dag.py:3096} INFO - Sync 1 DAGs
[2025-06-20T16:44:46.011+0000] {logging_mixin.py:188} INFO - [2025-06-20T16:44:46.011+0000] {dag.py:3954} INFO - Setting next_dagrun for example_setup_teardown to 2025-06-19 00:00:00+00:00, run_after=2025-06-20 00:00:00+00:00
[2025-06-20T16:44:46.027+0000] {processor.py:183} INFO - Processing /home/airflow/.local/lib/python3.12/site-packages/airflow/example_dags/example_setup_teardown.py took 0.073 seconds
[2025-06-20T16:45:16.482+0000] {processor.py:161} INFO - Started process (PID=221) to work on /home/airflow/.local/lib/python3.12/site-packages/airflow/example_dags/example_setup_teardown.py
[2025-06-20T16:45:16.483+0000] {processor.py:830} INFO - Processing file /home/airflow/.local/lib/python3.12/site-packages/airflow/example_dags/example_setup_teardown.py for tasks to queue
[2025-06-20T16:45:16.484+0000] {logging_mixin.py:188} INFO - [2025-06-20T16:45:16.484+0000] {dagbag.py:540} INFO - Filling up the DagBag from /home/airflow/.local/lib/python3.12/site-packages/airflow/example_dags/example_setup_teardown.py
[2025-06-20T16:45:16.492+0000] {processor.py:840} INFO - DAG(s) 'example_setup_teardown' retrieved from /home/airflow/.local/lib/python3.12/site-packages/airflow/example_dags/example_setup_teardown.py
[2025-06-20T16:45:16.516+0000] {logging_mixin.py:188} INFO - [2025-06-20T16:45:16.516+0000] {dag.py:3096} INFO - Sync 1 DAGs
[2025-06-20T16:45:16.540+0000] {logging_mixin.py:188} INFO - [2025-06-20T16:45:16.540+0000] {dag.py:3954} INFO - Setting next_dagrun for example_setup_teardown to 2025-06-19 00:00:00+00:00, run_after=2025-06-20 00:00:00+00:00
[2025-06-20T16:45:16.556+0000] {processor.py:183} INFO - Processing /home/airflow/.local/lib/python3.12/site-packages/airflow/example_dags/example_setup_teardown.py took 0.082 seconds
[2025-06-20T16:45:46.946+0000] {processor.py:161} INFO - Started process (PID=280) to work on /home/airflow/.local/lib/python3.12/site-packages/airflow/example_dags/example_setup_teardown.py
[2025-06-20T16:45:46.947+0000] {processor.py:830} INFO - Processing file /home/airflow/.local/lib/python3.12/site-packages/airflow/example_dags/example_setup_teardown.py for tasks to queue
[2025-06-20T16:45:46.949+0000] {logging_mixin.py:188} INFO - [2025-06-20T16:45:46.948+0000] {dagbag.py:540} INFO - Filling up the DagBag from /home/airflow/.local/lib/python3.12/site-packages/airflow/example_dags/example_setup_teardown.py
[2025-06-20T16:45:46.955+0000] {processor.py:840} INFO - DAG(s) 'example_setup_teardown' retrieved from /home/airflow/.local/lib/python3.12/site-packages/airflow/example_dags/example_setup_teardown.py
[2025-06-20T16:45:46.977+0000] {logging_mixin.py:188} INFO - [2025-06-20T16:45:46.976+0000] {dag.py:3096} INFO - Sync 1 DAGs
[2025-06-20T16:45:46.998+0000] {logging_mixin.py:188} INFO - [2025-06-20T16:45:46.998+0000] {dag.py:3954} INFO - Setting next_dagrun for example_setup_teardown to 2025-06-19 00:00:00+00:00, run_after=2025-06-20 00:00:00+00:00
[2025-06-20T16:45:47.014+0000] {processor.py:183} INFO - Processing /home/airflow/.local/lib/python3.12/site-packages/airflow/example_dags/example_setup_teardown.py took 0.074 seconds
[2025-06-20T16:46:17.264+0000] {processor.py:161} INFO - Started process (PID=339) to work on /home/airflow/.local/lib/python3.12/site-packages/airflow/example_dags/example_setup_teardown.py
[2025-06-20T16:46:17.265+0000] {processor.py:830} INFO - Processing file /home/airflow/.local/lib/python3.12/site-packages/airflow/example_dags/example_setup_teardown.py for tasks to queue
[2025-06-20T16:46:17.267+0000] {logging_mixin.py:188} INFO - [2025-06-20T16:46:17.267+0000] {dagbag.py:540} INFO - Filling up the DagBag from /home/airflow/.local/lib/python3.12/site-packages/airflow/example_dags/example_setup_teardown.py
[2025-06-20T16:46:17.274+0000] {processor.py:840} INFO - DAG(s) 'example_setup_teardown' retrieved from /home/airflow/.local/lib/python3.12/site-packages/airflow/example_dags/example_setup_teardown.py
[2025-06-20T16:46:17.293+0000] {logging_mixin.py:188} INFO - [2025-06-20T16:46:17.293+0000] {dag.py:3096} INFO - Sync 1 DAGs
[2025-06-20T16:46:17.314+0000] {logging_mixin.py:188} INFO - [2025-06-20T16:46:17.314+0000] {dag.py:3954} INFO - Setting next_dagrun for example_setup_teardown to 2025-06-19 00:00:00+00:00, run_after=2025-06-20 00:00:00+00:00
[2025-06-20T16:46:17.329+0000] {processor.py:183} INFO - Processing /home/airflow/.local/lib/python3.12/site-packages/airflow/example_dags/example_setup_teardown.py took 0.070 seconds
[2025-06-20T16:46:47.530+0000] {processor.py:161} INFO - Started process (PID=398) to work on /home/airflow/.local/lib/python3.12/site-packages/airflow/example_dags/example_setup_teardown.py
[2025-06-20T16:46:47.531+0000] {processor.py:830} INFO - Processing file /home/airflow/.local/lib/python3.12/site-packages/airflow/example_dags/example_setup_teardown.py for tasks to queue
[2025-06-20T16:46:47.533+0000] {logging_mixin.py:188} INFO - [2025-06-20T16:46:47.532+0000] {dagbag.py:540} INFO - Filling up the DagBag from /home/airflow/.local/lib/python3.12/site-packages/airflow/example_dags/example_setup_teardown.py
[2025-06-20T16:46:47.539+0000] {processor.py:840} INFO - DAG(s) 'example_setup_teardown' retrieved from /home/airflow/.local/lib/python3.12/site-packages/airflow/example_dags/example_setup_teardown.py
[2025-06-20T16:46:47.559+0000] {logging_mixin.py:188} INFO - [2025-06-20T16:46:47.559+0000] {dag.py:3096} INFO - Sync 1 DAGs
[2025-06-20T16:46:47.578+0000] {logging_mixin.py:188} INFO - [2025-06-20T16:46:47.578+0000] {dag.py:3954} INFO - Setting next_dagrun for example_setup_teardown to 2025-06-19 00:00:00+00:00, run_after=2025-06-20 00:00:00+00:00
[2025-06-20T16:46:47.594+0000] {processor.py:183} INFO - Processing /home/airflow/.local/lib/python3.12/site-packages/airflow/example_dags/example_setup_teardown.py took 0.070 seconds
[2025-06-20T16:47:17.909+0000] {processor.py:161} INFO - Started process (PID=457) to work on /home/airflow/.local/lib/python3.12/site-packages/airflow/example_dags/example_setup_teardown.py
[2025-06-20T16:47:17.910+0000] {processor.py:830} INFO - Processing file /home/airflow/.local/lib/python3.12/site-packages/airflow/example_dags/example_setup_teardown.py for tasks to queue
[2025-06-20T16:47:17.912+0000] {logging_mixin.py:188} INFO - [2025-06-20T16:47:17.911+0000] {dagbag.py:540} INFO - Filling up the DagBag from /home/airflow/.local/lib/python3.12/site-packages/airflow/example_dags/example_setup_teardown.py
[2025-06-20T16:47:17.918+0000] {processor.py:840} INFO - DAG(s) 'example_setup_teardown' retrieved from /home/airflow/.local/lib/python3.12/site-packages/airflow/example_dags/example_setup_teardown.py
[2025-06-20T16:47:17.940+0000] {logging_mixin.py:188} INFO - [2025-06-20T16:47:17.940+0000] {dag.py:3096} INFO - Sync 1 DAGs
[2025-06-20T16:47:17.961+0000] {logging_mixin.py:188} INFO - [2025-06-20T16:47:17.961+0000] {dag.py:3954} INFO - Setting next_dagrun for example_setup_teardown to 2025-06-19 00:00:00+00:00, run_after=2025-06-20 00:00:00+00:00
[2025-06-20T16:47:17.977+0000] {processor.py:183} INFO - Processing /home/airflow/.local/lib/python3.12/site-packages/airflow/example_dags/example_setup_teardown.py took 0.074 seconds
[2025-06-20T16:47:48.257+0000] {processor.py:161} INFO - Started process (PID=516) to work on /home/airflow/.local/lib/python3.12/site-packages/airflow/example_dags/example_setup_teardown.py
[2025-06-20T16:47:48.257+0000] {processor.py:830} INFO - Processing file /home/airflow/.local/lib/python3.12/site-packages/airflow/example_dags/example_setup_teardown.py for tasks to queue
[2025-06-20T16:47:48.259+0000] {logging_mixin.py:188} INFO - [2025-06-20T16:47:48.259+0000] {dagbag.py:540} INFO - Filling up the DagBag from /home/airflow/.local/lib/python3.12/site-packages/airflow/example_dags/example_setup_teardown.py
[2025-06-20T16:47:48.266+0000] {processor.py:840} INFO - DAG(s) 'example_setup_teardown' retrieved from /home/airflow/.local/lib/python3.12/site-packages/airflow/example_dags/example_setup_teardown.py
[2025-06-20T16:47:48.287+0000] {logging_mixin.py:188} INFO - [2025-06-20T16:47:48.286+0000] {dag.py:3096} INFO - Sync 1 DAGs
[2025-06-20T16:47:48.308+0000] {logging_mixin.py:188} INFO - [2025-06-20T16:47:48.308+0000] {dag.py:3954} INFO - Setting next_dagrun for example_setup_teardown to 2025-06-19 00:00:00+00:00, run_after=2025-06-20 00:00:00+00:00
[2025-06-20T16:47:48.324+0000] {processor.py:183} INFO - Processing /home/airflow/.local/lib/python3.12/site-packages/airflow/example_dags/example_setup_teardown.py took 0.074 seconds
[2025-06-20T16:48:18.640+0000] {processor.py:161} INFO - Started process (PID=575) to work on /home/airflow/.local/lib/python3.12/site-packages/airflow/example_dags/example_setup_teardown.py
[2025-06-20T16:48:18.641+0000] {processor.py:830} INFO - Processing file /home/airflow/.local/lib/python3.12/site-packages/airflow/example_dags/example_setup_teardown.py for tasks to queue
[2025-06-20T16:48:18.643+0000] {logging_mixin.py:188} INFO - [2025-06-20T16:48:18.643+0000] {dagbag.py:540} INFO - Filling up the DagBag from /home/airflow/.local/lib/python3.12/site-packages/airflow/example_dags/example_setup_teardown.py
[2025-06-20T16:48:18.650+0000] {processor.py:840} INFO - DAG(s) 'example_setup_teardown' retrieved from /home/airflow/.local/lib/python3.12/site-packages/airflow/example_dags/example_setup_teardown.py
[2025-06-20T16:48:18.670+0000] {logging_mixin.py:188} INFO - [2025-06-20T16:48:18.670+0000] {dag.py:3096} INFO - Sync 1 DAGs
[2025-06-20T16:48:18.690+0000] {logging_mixin.py:188} INFO - [2025-06-20T16:48:18.690+0000] {dag.py:3954} INFO - Setting next_dagrun for example_setup_teardown to 2025-06-19 00:00:00+00:00, run_after=2025-06-20 00:00:00+00:00
[2025-06-20T16:48:18.705+0000] {processor.py:183} INFO - Processing /home/airflow/.local/lib/python3.12/site-packages/airflow/example_dags/example_setup_teardown.py took 0.071 seconds
[2025-06-20T16:48:48.984+0000] {processor.py:161} INFO - Started process (PID=634) to work on /home/airflow/.local/lib/python3.12/site-packages/airflow/example_dags/example_setup_teardown.py
[2025-06-20T16:48:48.985+0000] {processor.py:830} INFO - Processing file /home/airflow/.local/lib/python3.12/site-packages/airflow/example_dags/example_setup_teardown.py for tasks to queue
[2025-06-20T16:48:48.987+0000] {logging_mixin.py:188} INFO - [2025-06-20T16:48:48.987+0000] {dagbag.py:540} INFO - Filling up the DagBag from /home/airflow/.local/lib/python3.12/site-packages/airflow/example_dags/example_setup_teardown.py
[2025-06-20T16:48:48.996+0000] {processor.py:840} INFO - DAG(s) 'example_setup_teardown' retrieved from /home/airflow/.local/lib/python3.12/site-packages/airflow/example_dags/example_setup_teardown.py
[2025-06-20T16:48:49.015+0000] {logging_mixin.py:188} INFO - [2025-06-20T16:48:49.015+0000] {dag.py:3096} INFO - Sync 1 DAGs
[2025-06-20T16:48:49.034+0000] {logging_mixin.py:188} INFO - [2025-06-20T16:48:49.034+0000] {dag.py:3954} INFO - Setting next_dagrun for example_setup_teardown to 2025-06-19 00:00:00+00:00, run_after=2025-06-20 00:00:00+00:00
[2025-06-20T16:48:49.049+0000] {processor.py:183} INFO - Processing /home/airflow/.local/lib/python3.12/site-packages/airflow/example_dags/example_setup_teardown.py took 0.072 seconds
[2025-06-20T16:49:19.429+0000] {processor.py:161} INFO - Started process (PID=693) to work on /home/airflow/.local/lib/python3.12/site-packages/airflow/example_dags/example_setup_teardown.py
[2025-06-20T16:49:19.430+0000] {processor.py:830} INFO - Processing file /home/airflow/.local/lib/python3.12/site-packages/airflow/example_dags/example_setup_teardown.py for tasks to queue
[2025-06-20T16:49:19.431+0000] {logging_mixin.py:188} INFO - [2025-06-20T16:49:19.431+0000] {dagbag.py:540} INFO - Filling up the DagBag from /home/airflow/.local/lib/python3.12/site-packages/airflow/example_dags/example_setup_teardown.py
[2025-06-20T16:49:19.438+0000] {processor.py:840} INFO - DAG(s) 'example_setup_teardown' retrieved from /home/airflow/.local/lib/python3.12/site-packages/airflow/example_dags/example_setup_teardown.py
[2025-06-20T16:49:19.457+0000] {logging_mixin.py:188} INFO - [2025-06-20T16:49:19.457+0000] {dag.py:3096} INFO - Sync 1 DAGs
[2025-06-20T16:49:19.476+0000] {logging_mixin.py:188} INFO - [2025-06-20T16:49:19.476+0000] {dag.py:3954} INFO - Setting next_dagrun for example_setup_teardown to 2025-06-19 00:00:00+00:00, run_after=2025-06-20 00:00:00+00:00
[2025-06-20T16:49:19.492+0000] {processor.py:183} INFO - Processing /home/airflow/.local/lib/python3.12/site-packages/airflow/example_dags/example_setup_teardown.py took 0.069 seconds
[2025-06-20T16:49:49.747+0000] {processor.py:161} INFO - Started process (PID=752) to work on /home/airflow/.local/lib/python3.12/site-packages/airflow/example_dags/example_setup_teardown.py
[2025-06-20T16:49:49.748+0000] {processor.py:830} INFO - Processing file /home/airflow/.local/lib/python3.12/site-packages/airflow/example_dags/example_setup_teardown.py for tasks to queue
[2025-06-20T16:49:49.750+0000] {logging_mixin.py:188} INFO - [2025-06-20T16:49:49.749+0000] {dagbag.py:540} INFO - Filling up the DagBag from /home/airflow/.local/lib/python3.12/site-packages/airflow/example_dags/example_setup_teardown.py
[2025-06-20T16:49:49.757+0000] {processor.py:840} INFO - DAG(s) 'example_setup_teardown' retrieved from /home/airflow/.local/lib/python3.12/site-packages/airflow/example_dags/example_setup_teardown.py
[2025-06-20T16:49:49.777+0000] {logging_mixin.py:188} INFO - [2025-06-20T16:49:49.777+0000] {dag.py:3096} INFO - Sync 1 DAGs
[2025-06-20T16:49:49.797+0000] {logging_mixin.py:188} INFO - [2025-06-20T16:49:49.797+0000] {dag.py:3954} INFO - Setting next_dagrun for example_setup_teardown to 2025-06-19 00:00:00+00:00, run_after=2025-06-20 00:00:00+00:00
[2025-06-20T16:49:49.818+0000] {processor.py:183} INFO - Processing /home/airflow/.local/lib/python3.12/site-packages/airflow/example_dags/example_setup_teardown.py took 0.077 seconds
[2025-06-20T16:50:20.213+0000] {processor.py:161} INFO - Started process (PID=811) to work on /home/airflow/.local/lib/python3.12/site-packages/airflow/example_dags/example_setup_teardown.py
[2025-06-20T16:50:20.214+0000] {processor.py:830} INFO - Processing file /home/airflow/.local/lib/python3.12/site-packages/airflow/example_dags/example_setup_teardown.py for tasks to queue
[2025-06-20T16:50:20.217+0000] {logging_mixin.py:188} INFO - [2025-06-20T16:50:20.216+0000] {dagbag.py:540} INFO - Filling up the DagBag from /home/airflow/.local/lib/python3.12/site-packages/airflow/example_dags/example_setup_teardown.py
[2025-06-20T16:50:20.224+0000] {processor.py:840} INFO - DAG(s) 'example_setup_teardown' retrieved from /home/airflow/.local/lib/python3.12/site-packages/airflow/example_dags/example_setup_teardown.py
[2025-06-20T16:50:20.245+0000] {logging_mixin.py:188} INFO - [2025-06-20T16:50:20.245+0000] {dag.py:3096} INFO - Sync 1 DAGs
[2025-06-20T16:50:20.265+0000] {logging_mixin.py:188} INFO - [2025-06-20T16:50:20.265+0000] {dag.py:3954} INFO - Setting next_dagrun for example_setup_teardown to 2025-06-19 00:00:00+00:00, run_after=2025-06-20 00:00:00+00:00
[2025-06-20T16:50:20.281+0000] {processor.py:183} INFO - Processing /home/airflow/.local/lib/python3.12/site-packages/airflow/example_dags/example_setup_teardown.py took 0.074 seconds
[2025-06-20T16:50:50.617+0000] {processor.py:161} INFO - Started process (PID=870) to work on /home/airflow/.local/lib/python3.12/site-packages/airflow/example_dags/example_setup_teardown.py
[2025-06-20T16:50:50.618+0000] {processor.py:830} INFO - Processing file /home/airflow/.local/lib/python3.12/site-packages/airflow/example_dags/example_setup_teardown.py for tasks to queue
[2025-06-20T16:50:50.620+0000] {logging_mixin.py:188} INFO - [2025-06-20T16:50:50.619+0000] {dagbag.py:540} INFO - Filling up the DagBag from /home/airflow/.local/lib/python3.12/site-packages/airflow/example_dags/example_setup_teardown.py
[2025-06-20T16:50:50.627+0000] {processor.py:840} INFO - DAG(s) 'example_setup_teardown' retrieved from /home/airflow/.local/lib/python3.12/site-packages/airflow/example_dags/example_setup_teardown.py
[2025-06-20T16:50:50.648+0000] {logging_mixin.py:188} INFO - [2025-06-20T16:50:50.648+0000] {dag.py:3096} INFO - Sync 1 DAGs
[2025-06-20T16:50:50.668+0000] {logging_mixin.py:188} INFO - [2025-06-20T16:50:50.668+0000] {dag.py:3954} INFO - Setting next_dagrun for example_setup_teardown to 2025-06-19 00:00:00+00:00, run_after=2025-06-20 00:00:00+00:00
[2025-06-20T16:50:50.684+0000] {processor.py:183} INFO - Processing /home/airflow/.local/lib/python3.12/site-packages/airflow/example_dags/example_setup_teardown.py took 0.073 seconds
