[2025-06-20T14:34:46.905+0000] {processor.py:161} INFO - Started process (PID=75) to work on /home/airflow/.local/lib/python3.12/site-packages/airflow/example_dags/example_external_task_marker_dag.py
[2025-06-20T14:34:46.907+0000] {processor.py:830} INFO - Processing file /home/airflow/.local/lib/python3.12/site-packages/airflow/example_dags/example_external_task_marker_dag.py for tasks to queue
[2025-06-20T14:34:46.909+0000] {logging_mixin.py:188} INFO - [2025-06-20T14:34:46.909+0000] {dagbag.py:540} INFO - Filling up the DagBag from /home/airflow/.local/lib/python3.12/site-packages/airflow/example_dags/example_external_task_marker_dag.py
[2025-06-20T14:34:46.917+0000] {processor.py:840} INFO - DAG(s) 'example_external_task_marker_parent', 'example_external_task_marker_child' retrieved from /home/airflow/.local/lib/python3.12/site-packages/airflow/example_dags/example_external_task_marker_dag.py
[2025-06-20T14:34:46.930+0000] {logging_mixin.py:188} INFO - [2025-06-20T14:34:46.929+0000] {dag.py:3096} INFO - Sync 2 DAGs
[2025-06-20T14:34:46.945+0000] {logging_mixin.py:188} INFO - [2025-06-20T14:34:46.945+0000] {dag.py:3954} INFO - Setting next_dagrun for example_external_task_marker_child to None, run_after=None
[2025-06-20T14:34:46.949+0000] {logging_mixin.py:188} INFO - [2025-06-20T14:34:46.948+0000] {dag.py:3954} INFO - Setting next_dagrun for example_external_task_marker_parent to None, run_after=None
[2025-06-20T14:34:46.963+0000] {processor.py:183} INFO - Processing /home/airflow/.local/lib/python3.12/site-packages/airflow/example_dags/example_external_task_marker_dag.py took 0.065 seconds
[2025-06-20T14:35:17.959+0000] {processor.py:161} INFO - Started process (PID=133) to work on /home/airflow/.local/lib/python3.12/site-packages/airflow/example_dags/example_external_task_marker_dag.py
[2025-06-20T14:35:17.959+0000] {processor.py:830} INFO - Processing file /home/airflow/.local/lib/python3.12/site-packages/airflow/example_dags/example_external_task_marker_dag.py for tasks to queue
[2025-06-20T14:35:17.961+0000] {logging_mixin.py:188} INFO - [2025-06-20T14:35:17.961+0000] {dagbag.py:540} INFO - Filling up the DagBag from /home/airflow/.local/lib/python3.12/site-packages/airflow/example_dags/example_external_task_marker_dag.py
[2025-06-20T14:35:17.967+0000] {processor.py:840} INFO - DAG(s) 'example_external_task_marker_parent', 'example_external_task_marker_child' retrieved from /home/airflow/.local/lib/python3.12/site-packages/airflow/example_dags/example_external_task_marker_dag.py
[2025-06-20T14:35:18.076+0000] {logging_mixin.py:188} INFO - [2025-06-20T14:35:18.076+0000] {dag.py:3096} INFO - Sync 2 DAGs
[2025-06-20T14:35:18.086+0000] {logging_mixin.py:188} INFO - [2025-06-20T14:35:18.086+0000] {dag.py:3954} INFO - Setting next_dagrun for example_external_task_marker_child to None, run_after=None
[2025-06-20T14:35:18.088+0000] {logging_mixin.py:188} INFO - [2025-06-20T14:35:18.088+0000] {dag.py:3954} INFO - Setting next_dagrun for example_external_task_marker_parent to None, run_after=None
[2025-06-20T14:35:18.104+0000] {processor.py:183} INFO - Processing /home/airflow/.local/lib/python3.12/site-packages/airflow/example_dags/example_external_task_marker_dag.py took 0.151 seconds
[2025-06-20T14:35:48.206+0000] {processor.py:161} INFO - Started process (PID=191) to work on /home/airflow/.local/lib/python3.12/site-packages/airflow/example_dags/example_external_task_marker_dag.py
[2025-06-20T14:35:48.207+0000] {processor.py:830} INFO - Processing file /home/airflow/.local/lib/python3.12/site-packages/airflow/example_dags/example_external_task_marker_dag.py for tasks to queue
[2025-06-20T14:35:48.209+0000] {logging_mixin.py:188} INFO - [2025-06-20T14:35:48.208+0000] {dagbag.py:540} INFO - Filling up the DagBag from /home/airflow/.local/lib/python3.12/site-packages/airflow/example_dags/example_external_task_marker_dag.py
[2025-06-20T14:35:48.215+0000] {processor.py:840} INFO - DAG(s) 'example_external_task_marker_parent', 'example_external_task_marker_child' retrieved from /home/airflow/.local/lib/python3.12/site-packages/airflow/example_dags/example_external_task_marker_dag.py
[2025-06-20T14:35:48.239+0000] {logging_mixin.py:188} INFO - [2025-06-20T14:35:48.239+0000] {dag.py:3096} INFO - Sync 2 DAGs
[2025-06-20T14:35:48.252+0000] {logging_mixin.py:188} INFO - [2025-06-20T14:35:48.252+0000] {dag.py:3954} INFO - Setting next_dagrun for example_external_task_marker_child to None, run_after=None
[2025-06-20T14:35:48.255+0000] {logging_mixin.py:188} INFO - [2025-06-20T14:35:48.255+0000] {dag.py:3954} INFO - Setting next_dagrun for example_external_task_marker_parent to None, run_after=None
[2025-06-20T14:35:48.270+0000] {processor.py:183} INFO - Processing /home/airflow/.local/lib/python3.12/site-packages/airflow/example_dags/example_external_task_marker_dag.py took 0.070 seconds
[2025-06-20T14:36:18.443+0000] {processor.py:161} INFO - Started process (PID=249) to work on /home/airflow/.local/lib/python3.12/site-packages/airflow/example_dags/example_external_task_marker_dag.py
[2025-06-20T14:36:18.444+0000] {processor.py:830} INFO - Processing file /home/airflow/.local/lib/python3.12/site-packages/airflow/example_dags/example_external_task_marker_dag.py for tasks to queue
[2025-06-20T14:36:18.446+0000] {logging_mixin.py:188} INFO - [2025-06-20T14:36:18.445+0000] {dagbag.py:540} INFO - Filling up the DagBag from /home/airflow/.local/lib/python3.12/site-packages/airflow/example_dags/example_external_task_marker_dag.py
[2025-06-20T14:36:18.452+0000] {processor.py:840} INFO - DAG(s) 'example_external_task_marker_parent', 'example_external_task_marker_child' retrieved from /home/airflow/.local/lib/python3.12/site-packages/airflow/example_dags/example_external_task_marker_dag.py
[2025-06-20T14:36:18.473+0000] {logging_mixin.py:188} INFO - [2025-06-20T14:36:18.473+0000] {dag.py:3096} INFO - Sync 2 DAGs
[2025-06-20T14:36:18.485+0000] {logging_mixin.py:188} INFO - [2025-06-20T14:36:18.485+0000] {dag.py:3954} INFO - Setting next_dagrun for example_external_task_marker_child to None, run_after=None
[2025-06-20T14:36:18.488+0000] {logging_mixin.py:188} INFO - [2025-06-20T14:36:18.488+0000] {dag.py:3954} INFO - Setting next_dagrun for example_external_task_marker_parent to None, run_after=None
[2025-06-20T14:36:18.502+0000] {processor.py:183} INFO - Processing /home/airflow/.local/lib/python3.12/site-packages/airflow/example_dags/example_external_task_marker_dag.py took 0.066 seconds
[2025-06-20T14:36:49.014+0000] {processor.py:161} INFO - Started process (PID=313) to work on /home/airflow/.local/lib/python3.12/site-packages/airflow/example_dags/example_external_task_marker_dag.py
[2025-06-20T14:36:49.015+0000] {processor.py:830} INFO - Processing file /home/airflow/.local/lib/python3.12/site-packages/airflow/example_dags/example_external_task_marker_dag.py for tasks to queue
[2025-06-20T14:36:49.017+0000] {logging_mixin.py:188} INFO - [2025-06-20T14:36:49.017+0000] {dagbag.py:540} INFO - Filling up the DagBag from /home/airflow/.local/lib/python3.12/site-packages/airflow/example_dags/example_external_task_marker_dag.py
[2025-06-20T14:36:49.023+0000] {processor.py:840} INFO - DAG(s) 'example_external_task_marker_child', 'example_external_task_marker_parent' retrieved from /home/airflow/.local/lib/python3.12/site-packages/airflow/example_dags/example_external_task_marker_dag.py
[2025-06-20T14:36:49.045+0000] {logging_mixin.py:188} INFO - [2025-06-20T14:36:49.045+0000] {dag.py:3096} INFO - Sync 2 DAGs
[2025-06-20T14:36:49.058+0000] {logging_mixin.py:188} INFO - [2025-06-20T14:36:49.058+0000] {dag.py:3954} INFO - Setting next_dagrun for example_external_task_marker_child to None, run_after=None
[2025-06-20T14:36:49.061+0000] {logging_mixin.py:188} INFO - [2025-06-20T14:36:49.061+0000] {dag.py:3954} INFO - Setting next_dagrun for example_external_task_marker_parent to None, run_after=None
[2025-06-20T14:36:49.075+0000] {processor.py:183} INFO - Processing /home/airflow/.local/lib/python3.12/site-packages/airflow/example_dags/example_external_task_marker_dag.py took 0.067 seconds
[2025-06-20T14:37:19.608+0000] {processor.py:161} INFO - Started process (PID=387) to work on /home/airflow/.local/lib/python3.12/site-packages/airflow/example_dags/example_external_task_marker_dag.py
[2025-06-20T14:37:19.609+0000] {processor.py:830} INFO - Processing file /home/airflow/.local/lib/python3.12/site-packages/airflow/example_dags/example_external_task_marker_dag.py for tasks to queue
[2025-06-20T14:37:19.610+0000] {logging_mixin.py:188} INFO - [2025-06-20T14:37:19.610+0000] {dagbag.py:540} INFO - Filling up the DagBag from /home/airflow/.local/lib/python3.12/site-packages/airflow/example_dags/example_external_task_marker_dag.py
[2025-06-20T14:37:19.616+0000] {processor.py:840} INFO - DAG(s) 'example_external_task_marker_child', 'example_external_task_marker_parent' retrieved from /home/airflow/.local/lib/python3.12/site-packages/airflow/example_dags/example_external_task_marker_dag.py
[2025-06-20T14:37:19.639+0000] {logging_mixin.py:188} INFO - [2025-06-20T14:37:19.638+0000] {dag.py:3096} INFO - Sync 2 DAGs
[2025-06-20T14:37:19.651+0000] {logging_mixin.py:188} INFO - [2025-06-20T14:37:19.651+0000] {dag.py:3954} INFO - Setting next_dagrun for example_external_task_marker_child to None, run_after=None
[2025-06-20T14:37:19.654+0000] {logging_mixin.py:188} INFO - [2025-06-20T14:37:19.654+0000] {dag.py:3954} INFO - Setting next_dagrun for example_external_task_marker_parent to None, run_after=None
[2025-06-20T14:37:19.668+0000] {processor.py:183} INFO - Processing /home/airflow/.local/lib/python3.12/site-packages/airflow/example_dags/example_external_task_marker_dag.py took 0.067 seconds
[2025-06-20T14:37:50.151+0000] {processor.py:161} INFO - Started process (PID=445) to work on /home/airflow/.local/lib/python3.12/site-packages/airflow/example_dags/example_external_task_marker_dag.py
[2025-06-20T14:37:50.152+0000] {processor.py:830} INFO - Processing file /home/airflow/.local/lib/python3.12/site-packages/airflow/example_dags/example_external_task_marker_dag.py for tasks to queue
[2025-06-20T14:37:50.154+0000] {logging_mixin.py:188} INFO - [2025-06-20T14:37:50.154+0000] {dagbag.py:540} INFO - Filling up the DagBag from /home/airflow/.local/lib/python3.12/site-packages/airflow/example_dags/example_external_task_marker_dag.py
[2025-06-20T14:37:50.160+0000] {processor.py:840} INFO - DAG(s) 'example_external_task_marker_parent', 'example_external_task_marker_child' retrieved from /home/airflow/.local/lib/python3.12/site-packages/airflow/example_dags/example_external_task_marker_dag.py
[2025-06-20T14:37:50.182+0000] {logging_mixin.py:188} INFO - [2025-06-20T14:37:50.182+0000] {dag.py:3096} INFO - Sync 2 DAGs
[2025-06-20T14:37:50.194+0000] {logging_mixin.py:188} INFO - [2025-06-20T14:37:50.194+0000] {dag.py:3954} INFO - Setting next_dagrun for example_external_task_marker_child to None, run_after=None
[2025-06-20T14:37:50.198+0000] {logging_mixin.py:188} INFO - [2025-06-20T14:37:50.198+0000] {dag.py:3954} INFO - Setting next_dagrun for example_external_task_marker_parent to None, run_after=None
[2025-06-20T14:37:50.212+0000] {processor.py:183} INFO - Processing /home/airflow/.local/lib/python3.12/site-packages/airflow/example_dags/example_external_task_marker_dag.py took 0.067 seconds
[2025-06-20T14:38:20.613+0000] {processor.py:161} INFO - Started process (PID=503) to work on /home/airflow/.local/lib/python3.12/site-packages/airflow/example_dags/example_external_task_marker_dag.py
[2025-06-20T14:38:20.614+0000] {processor.py:830} INFO - Processing file /home/airflow/.local/lib/python3.12/site-packages/airflow/example_dags/example_external_task_marker_dag.py for tasks to queue
[2025-06-20T14:38:20.616+0000] {logging_mixin.py:188} INFO - [2025-06-20T14:38:20.616+0000] {dagbag.py:540} INFO - Filling up the DagBag from /home/airflow/.local/lib/python3.12/site-packages/airflow/example_dags/example_external_task_marker_dag.py
[2025-06-20T14:38:20.622+0000] {processor.py:840} INFO - DAG(s) 'example_external_task_marker_parent', 'example_external_task_marker_child' retrieved from /home/airflow/.local/lib/python3.12/site-packages/airflow/example_dags/example_external_task_marker_dag.py
[2025-06-20T14:38:20.647+0000] {logging_mixin.py:188} INFO - [2025-06-20T14:38:20.647+0000] {dag.py:3096} INFO - Sync 2 DAGs
[2025-06-20T14:38:20.659+0000] {logging_mixin.py:188} INFO - [2025-06-20T14:38:20.659+0000] {dag.py:3954} INFO - Setting next_dagrun for example_external_task_marker_child to None, run_after=None
[2025-06-20T14:38:20.663+0000] {logging_mixin.py:188} INFO - [2025-06-20T14:38:20.663+0000] {dag.py:3954} INFO - Setting next_dagrun for example_external_task_marker_parent to None, run_after=None
[2025-06-20T14:38:20.676+0000] {processor.py:183} INFO - Processing /home/airflow/.local/lib/python3.12/site-packages/airflow/example_dags/example_external_task_marker_dag.py took 0.070 seconds
[2025-06-20T14:38:51.489+0000] {processor.py:161} INFO - Started process (PID=561) to work on /home/airflow/.local/lib/python3.12/site-packages/airflow/example_dags/example_external_task_marker_dag.py
[2025-06-20T14:38:51.490+0000] {processor.py:830} INFO - Processing file /home/airflow/.local/lib/python3.12/site-packages/airflow/example_dags/example_external_task_marker_dag.py for tasks to queue
[2025-06-20T14:38:51.492+0000] {logging_mixin.py:188} INFO - [2025-06-20T14:38:51.491+0000] {dagbag.py:540} INFO - Filling up the DagBag from /home/airflow/.local/lib/python3.12/site-packages/airflow/example_dags/example_external_task_marker_dag.py
[2025-06-20T14:38:51.498+0000] {processor.py:840} INFO - DAG(s) 'example_external_task_marker_parent', 'example_external_task_marker_child' retrieved from /home/airflow/.local/lib/python3.12/site-packages/airflow/example_dags/example_external_task_marker_dag.py
[2025-06-20T14:38:51.520+0000] {logging_mixin.py:188} INFO - [2025-06-20T14:38:51.520+0000] {dag.py:3096} INFO - Sync 2 DAGs
[2025-06-20T14:38:51.533+0000] {logging_mixin.py:188} INFO - [2025-06-20T14:38:51.533+0000] {dag.py:3954} INFO - Setting next_dagrun for example_external_task_marker_child to None, run_after=None
[2025-06-20T14:38:51.537+0000] {logging_mixin.py:188} INFO - [2025-06-20T14:38:51.536+0000] {dag.py:3954} INFO - Setting next_dagrun for example_external_task_marker_parent to None, run_after=None
[2025-06-20T14:38:51.550+0000] {processor.py:183} INFO - Processing /home/airflow/.local/lib/python3.12/site-packages/airflow/example_dags/example_external_task_marker_dag.py took 0.068 seconds
[2025-06-20T14:39:21.744+0000] {processor.py:161} INFO - Started process (PID=619) to work on /home/airflow/.local/lib/python3.12/site-packages/airflow/example_dags/example_external_task_marker_dag.py
[2025-06-20T14:39:21.745+0000] {processor.py:830} INFO - Processing file /home/airflow/.local/lib/python3.12/site-packages/airflow/example_dags/example_external_task_marker_dag.py for tasks to queue
[2025-06-20T14:39:21.747+0000] {logging_mixin.py:188} INFO - [2025-06-20T14:39:21.747+0000] {dagbag.py:540} INFO - Filling up the DagBag from /home/airflow/.local/lib/python3.12/site-packages/airflow/example_dags/example_external_task_marker_dag.py
[2025-06-20T14:39:21.753+0000] {processor.py:840} INFO - DAG(s) 'example_external_task_marker_child', 'example_external_task_marker_parent' retrieved from /home/airflow/.local/lib/python3.12/site-packages/airflow/example_dags/example_external_task_marker_dag.py
[2025-06-20T14:39:21.775+0000] {logging_mixin.py:188} INFO - [2025-06-20T14:39:21.775+0000] {dag.py:3096} INFO - Sync 2 DAGs
[2025-06-20T14:39:21.787+0000] {logging_mixin.py:188} INFO - [2025-06-20T14:39:21.787+0000] {dag.py:3954} INFO - Setting next_dagrun for example_external_task_marker_child to None, run_after=None
[2025-06-20T14:39:21.791+0000] {logging_mixin.py:188} INFO - [2025-06-20T14:39:21.790+0000] {dag.py:3954} INFO - Setting next_dagrun for example_external_task_marker_parent to None, run_after=None
[2025-06-20T14:39:21.804+0000] {processor.py:183} INFO - Processing /home/airflow/.local/lib/python3.12/site-packages/airflow/example_dags/example_external_task_marker_dag.py took 0.066 seconds
[2025-06-20T14:39:52.112+0000] {processor.py:161} INFO - Started process (PID=677) to work on /home/airflow/.local/lib/python3.12/site-packages/airflow/example_dags/example_external_task_marker_dag.py
[2025-06-20T14:39:52.113+0000] {processor.py:830} INFO - Processing file /home/airflow/.local/lib/python3.12/site-packages/airflow/example_dags/example_external_task_marker_dag.py for tasks to queue
[2025-06-20T14:39:52.115+0000] {logging_mixin.py:188} INFO - [2025-06-20T14:39:52.115+0000] {dagbag.py:540} INFO - Filling up the DagBag from /home/airflow/.local/lib/python3.12/site-packages/airflow/example_dags/example_external_task_marker_dag.py
[2025-06-20T14:39:52.121+0000] {processor.py:840} INFO - DAG(s) 'example_external_task_marker_parent', 'example_external_task_marker_child' retrieved from /home/airflow/.local/lib/python3.12/site-packages/airflow/example_dags/example_external_task_marker_dag.py
[2025-06-20T14:39:52.145+0000] {logging_mixin.py:188} INFO - [2025-06-20T14:39:52.145+0000] {dag.py:3096} INFO - Sync 2 DAGs
[2025-06-20T14:39:52.159+0000] {logging_mixin.py:188} INFO - [2025-06-20T14:39:52.159+0000] {dag.py:3954} INFO - Setting next_dagrun for example_external_task_marker_child to None, run_after=None
[2025-06-20T14:39:52.162+0000] {logging_mixin.py:188} INFO - [2025-06-20T14:39:52.162+0000] {dag.py:3954} INFO - Setting next_dagrun for example_external_task_marker_parent to None, run_after=None
[2025-06-20T14:39:52.177+0000] {processor.py:183} INFO - Processing /home/airflow/.local/lib/python3.12/site-packages/airflow/example_dags/example_external_task_marker_dag.py took 0.070 seconds
[2025-06-20T14:40:22.349+0000] {processor.py:161} INFO - Started process (PID=735) to work on /home/airflow/.local/lib/python3.12/site-packages/airflow/example_dags/example_external_task_marker_dag.py
[2025-06-20T14:40:22.350+0000] {processor.py:830} INFO - Processing file /home/airflow/.local/lib/python3.12/site-packages/airflow/example_dags/example_external_task_marker_dag.py for tasks to queue
[2025-06-20T14:40:22.352+0000] {logging_mixin.py:188} INFO - [2025-06-20T14:40:22.352+0000] {dagbag.py:540} INFO - Filling up the DagBag from /home/airflow/.local/lib/python3.12/site-packages/airflow/example_dags/example_external_task_marker_dag.py
[2025-06-20T14:40:22.358+0000] {processor.py:840} INFO - DAG(s) 'example_external_task_marker_child', 'example_external_task_marker_parent' retrieved from /home/airflow/.local/lib/python3.12/site-packages/airflow/example_dags/example_external_task_marker_dag.py
[2025-06-20T14:40:22.380+0000] {logging_mixin.py:188} INFO - [2025-06-20T14:40:22.380+0000] {dag.py:3096} INFO - Sync 2 DAGs
[2025-06-20T14:40:22.393+0000] {logging_mixin.py:188} INFO - [2025-06-20T14:40:22.393+0000] {dag.py:3954} INFO - Setting next_dagrun for example_external_task_marker_child to None, run_after=None
[2025-06-20T14:40:22.397+0000] {logging_mixin.py:188} INFO - [2025-06-20T14:40:22.397+0000] {dag.py:3954} INFO - Setting next_dagrun for example_external_task_marker_parent to None, run_after=None
[2025-06-20T14:40:22.414+0000] {processor.py:183} INFO - Processing /home/airflow/.local/lib/python3.12/site-packages/airflow/example_dags/example_external_task_marker_dag.py took 0.070 seconds
[2025-06-20T14:40:52.702+0000] {processor.py:161} INFO - Started process (PID=793) to work on /home/airflow/.local/lib/python3.12/site-packages/airflow/example_dags/example_external_task_marker_dag.py
[2025-06-20T14:40:52.703+0000] {processor.py:830} INFO - Processing file /home/airflow/.local/lib/python3.12/site-packages/airflow/example_dags/example_external_task_marker_dag.py for tasks to queue
[2025-06-20T14:40:52.705+0000] {logging_mixin.py:188} INFO - [2025-06-20T14:40:52.704+0000] {dagbag.py:540} INFO - Filling up the DagBag from /home/airflow/.local/lib/python3.12/site-packages/airflow/example_dags/example_external_task_marker_dag.py
[2025-06-20T14:40:52.710+0000] {processor.py:840} INFO - DAG(s) 'example_external_task_marker_child', 'example_external_task_marker_parent' retrieved from /home/airflow/.local/lib/python3.12/site-packages/airflow/example_dags/example_external_task_marker_dag.py
[2025-06-20T14:40:52.732+0000] {logging_mixin.py:188} INFO - [2025-06-20T14:40:52.732+0000] {dag.py:3096} INFO - Sync 2 DAGs
[2025-06-20T14:40:52.746+0000] {logging_mixin.py:188} INFO - [2025-06-20T14:40:52.746+0000] {dag.py:3954} INFO - Setting next_dagrun for example_external_task_marker_child to None, run_after=None
[2025-06-20T14:40:52.750+0000] {logging_mixin.py:188} INFO - [2025-06-20T14:40:52.749+0000] {dag.py:3954} INFO - Setting next_dagrun for example_external_task_marker_parent to None, run_after=None
[2025-06-20T14:40:52.765+0000] {processor.py:183} INFO - Processing /home/airflow/.local/lib/python3.12/site-packages/airflow/example_dags/example_external_task_marker_dag.py took 0.069 seconds
[2025-06-20T14:41:22.927+0000] {processor.py:161} INFO - Started process (PID=851) to work on /home/airflow/.local/lib/python3.12/site-packages/airflow/example_dags/example_external_task_marker_dag.py
[2025-06-20T14:41:22.928+0000] {processor.py:830} INFO - Processing file /home/airflow/.local/lib/python3.12/site-packages/airflow/example_dags/example_external_task_marker_dag.py for tasks to queue
[2025-06-20T14:41:22.930+0000] {logging_mixin.py:188} INFO - [2025-06-20T14:41:22.930+0000] {dagbag.py:540} INFO - Filling up the DagBag from /home/airflow/.local/lib/python3.12/site-packages/airflow/example_dags/example_external_task_marker_dag.py
[2025-06-20T14:41:22.937+0000] {processor.py:840} INFO - DAG(s) 'example_external_task_marker_child', 'example_external_task_marker_parent' retrieved from /home/airflow/.local/lib/python3.12/site-packages/airflow/example_dags/example_external_task_marker_dag.py
[2025-06-20T14:41:22.960+0000] {logging_mixin.py:188} INFO - [2025-06-20T14:41:22.960+0000] {dag.py:3096} INFO - Sync 2 DAGs
[2025-06-20T14:41:22.972+0000] {logging_mixin.py:188} INFO - [2025-06-20T14:41:22.972+0000] {dag.py:3954} INFO - Setting next_dagrun for example_external_task_marker_child to None, run_after=None
[2025-06-20T14:41:22.976+0000] {logging_mixin.py:188} INFO - [2025-06-20T14:41:22.976+0000] {dag.py:3954} INFO - Setting next_dagrun for example_external_task_marker_parent to None, run_after=None
[2025-06-20T14:41:22.990+0000] {processor.py:183} INFO - Processing /home/airflow/.local/lib/python3.12/site-packages/airflow/example_dags/example_external_task_marker_dag.py took 0.068 seconds
[2025-06-20T14:41:53.303+0000] {processor.py:161} INFO - Started process (PID=909) to work on /home/airflow/.local/lib/python3.12/site-packages/airflow/example_dags/example_external_task_marker_dag.py
[2025-06-20T14:41:53.305+0000] {processor.py:830} INFO - Processing file /home/airflow/.local/lib/python3.12/site-packages/airflow/example_dags/example_external_task_marker_dag.py for tasks to queue
[2025-06-20T14:41:53.310+0000] {logging_mixin.py:188} INFO - [2025-06-20T14:41:53.309+0000] {dagbag.py:540} INFO - Filling up the DagBag from /home/airflow/.local/lib/python3.12/site-packages/airflow/example_dags/example_external_task_marker_dag.py
[2025-06-20T14:41:53.325+0000] {processor.py:840} INFO - DAG(s) 'example_external_task_marker_parent', 'example_external_task_marker_child' retrieved from /home/airflow/.local/lib/python3.12/site-packages/airflow/example_dags/example_external_task_marker_dag.py
[2025-06-20T14:41:53.357+0000] {logging_mixin.py:188} INFO - [2025-06-20T14:41:53.356+0000] {dag.py:3096} INFO - Sync 2 DAGs
[2025-06-20T14:41:53.369+0000] {logging_mixin.py:188} INFO - [2025-06-20T14:41:53.369+0000] {dag.py:3954} INFO - Setting next_dagrun for example_external_task_marker_child to None, run_after=None
[2025-06-20T14:41:53.373+0000] {logging_mixin.py:188} INFO - [2025-06-20T14:41:53.373+0000] {dag.py:3954} INFO - Setting next_dagrun for example_external_task_marker_parent to None, run_after=None
[2025-06-20T14:41:53.387+0000] {processor.py:183} INFO - Processing /home/airflow/.local/lib/python3.12/site-packages/airflow/example_dags/example_external_task_marker_dag.py took 0.097 seconds
[2025-06-20T14:42:23.880+0000] {processor.py:161} INFO - Started process (PID=967) to work on /home/airflow/.local/lib/python3.12/site-packages/airflow/example_dags/example_external_task_marker_dag.py
[2025-06-20T14:42:23.881+0000] {processor.py:830} INFO - Processing file /home/airflow/.local/lib/python3.12/site-packages/airflow/example_dags/example_external_task_marker_dag.py for tasks to queue
[2025-06-20T14:42:23.883+0000] {logging_mixin.py:188} INFO - [2025-06-20T14:42:23.883+0000] {dagbag.py:540} INFO - Filling up the DagBag from /home/airflow/.local/lib/python3.12/site-packages/airflow/example_dags/example_external_task_marker_dag.py
[2025-06-20T14:42:23.889+0000] {processor.py:840} INFO - DAG(s) 'example_external_task_marker_child', 'example_external_task_marker_parent' retrieved from /home/airflow/.local/lib/python3.12/site-packages/airflow/example_dags/example_external_task_marker_dag.py
[2025-06-20T14:42:23.911+0000] {logging_mixin.py:188} INFO - [2025-06-20T14:42:23.911+0000] {dag.py:3096} INFO - Sync 2 DAGs
[2025-06-20T14:42:23.924+0000] {logging_mixin.py:188} INFO - [2025-06-20T14:42:23.924+0000] {dag.py:3954} INFO - Setting next_dagrun for example_external_task_marker_child to None, run_after=None
[2025-06-20T14:42:23.927+0000] {logging_mixin.py:188} INFO - [2025-06-20T14:42:23.927+0000] {dag.py:3954} INFO - Setting next_dagrun for example_external_task_marker_parent to None, run_after=None
[2025-06-20T14:42:23.941+0000] {processor.py:183} INFO - Processing /home/airflow/.local/lib/python3.12/site-packages/airflow/example_dags/example_external_task_marker_dag.py took 0.067 seconds
[2025-06-20T14:42:54.974+0000] {processor.py:161} INFO - Started process (PID=1025) to work on /home/airflow/.local/lib/python3.12/site-packages/airflow/example_dags/example_external_task_marker_dag.py
[2025-06-20T14:42:54.975+0000] {processor.py:830} INFO - Processing file /home/airflow/.local/lib/python3.12/site-packages/airflow/example_dags/example_external_task_marker_dag.py for tasks to queue
[2025-06-20T14:42:54.976+0000] {logging_mixin.py:188} INFO - [2025-06-20T14:42:54.976+0000] {dagbag.py:540} INFO - Filling up the DagBag from /home/airflow/.local/lib/python3.12/site-packages/airflow/example_dags/example_external_task_marker_dag.py
[2025-06-20T14:42:54.983+0000] {processor.py:840} INFO - DAG(s) 'example_external_task_marker_child', 'example_external_task_marker_parent' retrieved from /home/airflow/.local/lib/python3.12/site-packages/airflow/example_dags/example_external_task_marker_dag.py
[2025-06-20T14:42:55.004+0000] {logging_mixin.py:188} INFO - [2025-06-20T14:42:55.004+0000] {dag.py:3096} INFO - Sync 2 DAGs
[2025-06-20T14:42:55.016+0000] {logging_mixin.py:188} INFO - [2025-06-20T14:42:55.016+0000] {dag.py:3954} INFO - Setting next_dagrun for example_external_task_marker_child to None, run_after=None
[2025-06-20T14:42:55.020+0000] {logging_mixin.py:188} INFO - [2025-06-20T14:42:55.020+0000] {dag.py:3954} INFO - Setting next_dagrun for example_external_task_marker_parent to None, run_after=None
[2025-06-20T14:42:55.034+0000] {processor.py:183} INFO - Processing /home/airflow/.local/lib/python3.12/site-packages/airflow/example_dags/example_external_task_marker_dag.py took 0.066 seconds
[2025-06-20T14:43:25.477+0000] {processor.py:161} INFO - Started process (PID=1083) to work on /home/airflow/.local/lib/python3.12/site-packages/airflow/example_dags/example_external_task_marker_dag.py
[2025-06-20T14:43:25.478+0000] {processor.py:830} INFO - Processing file /home/airflow/.local/lib/python3.12/site-packages/airflow/example_dags/example_external_task_marker_dag.py for tasks to queue
[2025-06-20T14:43:25.480+0000] {logging_mixin.py:188} INFO - [2025-06-20T14:43:25.479+0000] {dagbag.py:540} INFO - Filling up the DagBag from /home/airflow/.local/lib/python3.12/site-packages/airflow/example_dags/example_external_task_marker_dag.py
[2025-06-20T14:43:25.485+0000] {processor.py:840} INFO - DAG(s) 'example_external_task_marker_child', 'example_external_task_marker_parent' retrieved from /home/airflow/.local/lib/python3.12/site-packages/airflow/example_dags/example_external_task_marker_dag.py
[2025-06-20T14:43:25.508+0000] {logging_mixin.py:188} INFO - [2025-06-20T14:43:25.508+0000] {dag.py:3096} INFO - Sync 2 DAGs
[2025-06-20T14:43:25.524+0000] {logging_mixin.py:188} INFO - [2025-06-20T14:43:25.523+0000] {dag.py:3954} INFO - Setting next_dagrun for example_external_task_marker_child to None, run_after=None
[2025-06-20T14:43:25.527+0000] {logging_mixin.py:188} INFO - [2025-06-20T14:43:25.527+0000] {dag.py:3954} INFO - Setting next_dagrun for example_external_task_marker_parent to None, run_after=None
[2025-06-20T14:43:25.541+0000] {processor.py:183} INFO - Processing /home/airflow/.local/lib/python3.12/site-packages/airflow/example_dags/example_external_task_marker_dag.py took 0.070 seconds
[2025-06-20T14:43:56.274+0000] {processor.py:161} INFO - Started process (PID=1141) to work on /home/airflow/.local/lib/python3.12/site-packages/airflow/example_dags/example_external_task_marker_dag.py
[2025-06-20T14:43:56.275+0000] {processor.py:830} INFO - Processing file /home/airflow/.local/lib/python3.12/site-packages/airflow/example_dags/example_external_task_marker_dag.py for tasks to queue
[2025-06-20T14:43:56.277+0000] {logging_mixin.py:188} INFO - [2025-06-20T14:43:56.277+0000] {dagbag.py:540} INFO - Filling up the DagBag from /home/airflow/.local/lib/python3.12/site-packages/airflow/example_dags/example_external_task_marker_dag.py
[2025-06-20T14:43:56.284+0000] {processor.py:840} INFO - DAG(s) 'example_external_task_marker_parent', 'example_external_task_marker_child' retrieved from /home/airflow/.local/lib/python3.12/site-packages/airflow/example_dags/example_external_task_marker_dag.py
[2025-06-20T14:43:56.306+0000] {logging_mixin.py:188} INFO - [2025-06-20T14:43:56.306+0000] {dag.py:3096} INFO - Sync 2 DAGs
[2025-06-20T14:43:56.319+0000] {logging_mixin.py:188} INFO - [2025-06-20T14:43:56.319+0000] {dag.py:3954} INFO - Setting next_dagrun for example_external_task_marker_child to None, run_after=None
[2025-06-20T14:43:56.323+0000] {logging_mixin.py:188} INFO - [2025-06-20T14:43:56.323+0000] {dag.py:3954} INFO - Setting next_dagrun for example_external_task_marker_parent to None, run_after=None
[2025-06-20T14:43:56.338+0000] {processor.py:183} INFO - Processing /home/airflow/.local/lib/python3.12/site-packages/airflow/example_dags/example_external_task_marker_dag.py took 0.070 seconds
[2025-06-20T14:44:26.512+0000] {processor.py:161} INFO - Started process (PID=1199) to work on /home/airflow/.local/lib/python3.12/site-packages/airflow/example_dags/example_external_task_marker_dag.py
[2025-06-20T14:44:26.513+0000] {processor.py:830} INFO - Processing file /home/airflow/.local/lib/python3.12/site-packages/airflow/example_dags/example_external_task_marker_dag.py for tasks to queue
[2025-06-20T14:44:26.515+0000] {logging_mixin.py:188} INFO - [2025-06-20T14:44:26.515+0000] {dagbag.py:540} INFO - Filling up the DagBag from /home/airflow/.local/lib/python3.12/site-packages/airflow/example_dags/example_external_task_marker_dag.py
[2025-06-20T14:44:26.521+0000] {processor.py:840} INFO - DAG(s) 'example_external_task_marker_child', 'example_external_task_marker_parent' retrieved from /home/airflow/.local/lib/python3.12/site-packages/airflow/example_dags/example_external_task_marker_dag.py
[2025-06-20T14:44:26.543+0000] {logging_mixin.py:188} INFO - [2025-06-20T14:44:26.542+0000] {dag.py:3096} INFO - Sync 2 DAGs
[2025-06-20T14:44:26.555+0000] {logging_mixin.py:188} INFO - [2025-06-20T14:44:26.555+0000] {dag.py:3954} INFO - Setting next_dagrun for example_external_task_marker_child to None, run_after=None
[2025-06-20T14:44:26.558+0000] {logging_mixin.py:188} INFO - [2025-06-20T14:44:26.558+0000] {dag.py:3954} INFO - Setting next_dagrun for example_external_task_marker_parent to None, run_after=None
[2025-06-20T14:44:26.572+0000] {processor.py:183} INFO - Processing /home/airflow/.local/lib/python3.12/site-packages/airflow/example_dags/example_external_task_marker_dag.py took 0.069 seconds
[2025-06-20T14:44:56.807+0000] {processor.py:161} INFO - Started process (PID=1257) to work on /home/airflow/.local/lib/python3.12/site-packages/airflow/example_dags/example_external_task_marker_dag.py
[2025-06-20T14:44:56.808+0000] {processor.py:830} INFO - Processing file /home/airflow/.local/lib/python3.12/site-packages/airflow/example_dags/example_external_task_marker_dag.py for tasks to queue
[2025-06-20T14:44:56.810+0000] {logging_mixin.py:188} INFO - [2025-06-20T14:44:56.809+0000] {dagbag.py:540} INFO - Filling up the DagBag from /home/airflow/.local/lib/python3.12/site-packages/airflow/example_dags/example_external_task_marker_dag.py
[2025-06-20T14:44:56.816+0000] {processor.py:840} INFO - DAG(s) 'example_external_task_marker_parent', 'example_external_task_marker_child' retrieved from /home/airflow/.local/lib/python3.12/site-packages/airflow/example_dags/example_external_task_marker_dag.py
[2025-06-20T14:44:56.838+0000] {logging_mixin.py:188} INFO - [2025-06-20T14:44:56.838+0000] {dag.py:3096} INFO - Sync 2 DAGs
[2025-06-20T14:44:56.850+0000] {logging_mixin.py:188} INFO - [2025-06-20T14:44:56.850+0000] {dag.py:3954} INFO - Setting next_dagrun for example_external_task_marker_child to None, run_after=None
[2025-06-20T14:44:56.853+0000] {logging_mixin.py:188} INFO - [2025-06-20T14:44:56.853+0000] {dag.py:3954} INFO - Setting next_dagrun for example_external_task_marker_parent to None, run_after=None
[2025-06-20T14:44:56.867+0000] {processor.py:183} INFO - Processing /home/airflow/.local/lib/python3.12/site-packages/airflow/example_dags/example_external_task_marker_dag.py took 0.066 seconds
[2025-06-20T14:45:27.918+0000] {processor.py:161} INFO - Started process (PID=1315) to work on /home/airflow/.local/lib/python3.12/site-packages/airflow/example_dags/example_external_task_marker_dag.py
[2025-06-20T14:45:27.918+0000] {processor.py:830} INFO - Processing file /home/airflow/.local/lib/python3.12/site-packages/airflow/example_dags/example_external_task_marker_dag.py for tasks to queue
[2025-06-20T14:45:27.920+0000] {logging_mixin.py:188} INFO - [2025-06-20T14:45:27.920+0000] {dagbag.py:540} INFO - Filling up the DagBag from /home/airflow/.local/lib/python3.12/site-packages/airflow/example_dags/example_external_task_marker_dag.py
[2025-06-20T14:45:27.926+0000] {processor.py:840} INFO - DAG(s) 'example_external_task_marker_parent', 'example_external_task_marker_child' retrieved from /home/airflow/.local/lib/python3.12/site-packages/airflow/example_dags/example_external_task_marker_dag.py
[2025-06-20T14:45:28.054+0000] {logging_mixin.py:188} INFO - [2025-06-20T14:45:28.054+0000] {dag.py:3096} INFO - Sync 2 DAGs
[2025-06-20T14:45:28.064+0000] {logging_mixin.py:188} INFO - [2025-06-20T14:45:28.064+0000] {dag.py:3954} INFO - Setting next_dagrun for example_external_task_marker_child to None, run_after=None
[2025-06-20T14:45:28.067+0000] {logging_mixin.py:188} INFO - [2025-06-20T14:45:28.067+0000] {dag.py:3954} INFO - Setting next_dagrun for example_external_task_marker_parent to None, run_after=None
[2025-06-20T14:45:28.079+0000] {processor.py:183} INFO - Processing /home/airflow/.local/lib/python3.12/site-packages/airflow/example_dags/example_external_task_marker_dag.py took 0.167 seconds
[2025-06-20T14:45:58.741+0000] {processor.py:161} INFO - Started process (PID=1373) to work on /home/airflow/.local/lib/python3.12/site-packages/airflow/example_dags/example_external_task_marker_dag.py
[2025-06-20T14:45:58.742+0000] {processor.py:830} INFO - Processing file /home/airflow/.local/lib/python3.12/site-packages/airflow/example_dags/example_external_task_marker_dag.py for tasks to queue
[2025-06-20T14:45:58.744+0000] {logging_mixin.py:188} INFO - [2025-06-20T14:45:58.744+0000] {dagbag.py:540} INFO - Filling up the DagBag from /home/airflow/.local/lib/python3.12/site-packages/airflow/example_dags/example_external_task_marker_dag.py
[2025-06-20T14:45:58.750+0000] {processor.py:840} INFO - DAG(s) 'example_external_task_marker_parent', 'example_external_task_marker_child' retrieved from /home/airflow/.local/lib/python3.12/site-packages/airflow/example_dags/example_external_task_marker_dag.py
[2025-06-20T14:45:58.778+0000] {logging_mixin.py:188} INFO - [2025-06-20T14:45:58.778+0000] {dag.py:3096} INFO - Sync 2 DAGs
[2025-06-20T14:45:58.796+0000] {logging_mixin.py:188} INFO - [2025-06-20T14:45:58.795+0000] {dag.py:3954} INFO - Setting next_dagrun for example_external_task_marker_child to None, run_after=None
[2025-06-20T14:45:58.799+0000] {logging_mixin.py:188} INFO - [2025-06-20T14:45:58.799+0000] {dag.py:3954} INFO - Setting next_dagrun for example_external_task_marker_parent to None, run_after=None
[2025-06-20T14:45:58.814+0000] {processor.py:183} INFO - Processing /home/airflow/.local/lib/python3.12/site-packages/airflow/example_dags/example_external_task_marker_dag.py took 0.079 seconds
[2025-06-20T14:46:29.016+0000] {processor.py:161} INFO - Started process (PID=1431) to work on /home/airflow/.local/lib/python3.12/site-packages/airflow/example_dags/example_external_task_marker_dag.py
[2025-06-20T14:46:29.016+0000] {processor.py:830} INFO - Processing file /home/airflow/.local/lib/python3.12/site-packages/airflow/example_dags/example_external_task_marker_dag.py for tasks to queue
[2025-06-20T14:46:29.018+0000] {logging_mixin.py:188} INFO - [2025-06-20T14:46:29.018+0000] {dagbag.py:540} INFO - Filling up the DagBag from /home/airflow/.local/lib/python3.12/site-packages/airflow/example_dags/example_external_task_marker_dag.py
[2025-06-20T14:46:29.024+0000] {processor.py:840} INFO - DAG(s) 'example_external_task_marker_child', 'example_external_task_marker_parent' retrieved from /home/airflow/.local/lib/python3.12/site-packages/airflow/example_dags/example_external_task_marker_dag.py
[2025-06-20T14:46:29.046+0000] {logging_mixin.py:188} INFO - [2025-06-20T14:46:29.046+0000] {dag.py:3096} INFO - Sync 2 DAGs
[2025-06-20T14:46:29.058+0000] {logging_mixin.py:188} INFO - [2025-06-20T14:46:29.058+0000] {dag.py:3954} INFO - Setting next_dagrun for example_external_task_marker_child to None, run_after=None
[2025-06-20T14:46:29.062+0000] {logging_mixin.py:188} INFO - [2025-06-20T14:46:29.061+0000] {dag.py:3954} INFO - Setting next_dagrun for example_external_task_marker_parent to None, run_after=None
[2025-06-20T14:46:29.076+0000] {processor.py:183} INFO - Processing /home/airflow/.local/lib/python3.12/site-packages/airflow/example_dags/example_external_task_marker_dag.py took 0.066 seconds
[2025-06-20T14:46:59.264+0000] {processor.py:161} INFO - Started process (PID=1489) to work on /home/airflow/.local/lib/python3.12/site-packages/airflow/example_dags/example_external_task_marker_dag.py
[2025-06-20T14:46:59.265+0000] {processor.py:830} INFO - Processing file /home/airflow/.local/lib/python3.12/site-packages/airflow/example_dags/example_external_task_marker_dag.py for tasks to queue
[2025-06-20T14:46:59.266+0000] {logging_mixin.py:188} INFO - [2025-06-20T14:46:59.266+0000] {dagbag.py:540} INFO - Filling up the DagBag from /home/airflow/.local/lib/python3.12/site-packages/airflow/example_dags/example_external_task_marker_dag.py
[2025-06-20T14:46:59.273+0000] {processor.py:840} INFO - DAG(s) 'example_external_task_marker_parent', 'example_external_task_marker_child' retrieved from /home/airflow/.local/lib/python3.12/site-packages/airflow/example_dags/example_external_task_marker_dag.py
[2025-06-20T14:46:59.295+0000] {logging_mixin.py:188} INFO - [2025-06-20T14:46:59.295+0000] {dag.py:3096} INFO - Sync 2 DAGs
[2025-06-20T14:46:59.307+0000] {logging_mixin.py:188} INFO - [2025-06-20T14:46:59.307+0000] {dag.py:3954} INFO - Setting next_dagrun for example_external_task_marker_child to None, run_after=None
[2025-06-20T14:46:59.311+0000] {logging_mixin.py:188} INFO - [2025-06-20T14:46:59.311+0000] {dag.py:3954} INFO - Setting next_dagrun for example_external_task_marker_parent to None, run_after=None
[2025-06-20T14:46:59.325+0000] {processor.py:183} INFO - Processing /home/airflow/.local/lib/python3.12/site-packages/airflow/example_dags/example_external_task_marker_dag.py took 0.067 seconds
[2025-06-20T14:47:29.554+0000] {processor.py:161} INFO - Started process (PID=1547) to work on /home/airflow/.local/lib/python3.12/site-packages/airflow/example_dags/example_external_task_marker_dag.py
[2025-06-20T14:47:29.555+0000] {processor.py:830} INFO - Processing file /home/airflow/.local/lib/python3.12/site-packages/airflow/example_dags/example_external_task_marker_dag.py for tasks to queue
[2025-06-20T14:47:29.557+0000] {logging_mixin.py:188} INFO - [2025-06-20T14:47:29.556+0000] {dagbag.py:540} INFO - Filling up the DagBag from /home/airflow/.local/lib/python3.12/site-packages/airflow/example_dags/example_external_task_marker_dag.py
[2025-06-20T14:47:29.562+0000] {processor.py:840} INFO - DAG(s) 'example_external_task_marker_parent', 'example_external_task_marker_child' retrieved from /home/airflow/.local/lib/python3.12/site-packages/airflow/example_dags/example_external_task_marker_dag.py
[2025-06-20T14:47:29.583+0000] {logging_mixin.py:188} INFO - [2025-06-20T14:47:29.583+0000] {dag.py:3096} INFO - Sync 2 DAGs
[2025-06-20T14:47:29.596+0000] {logging_mixin.py:188} INFO - [2025-06-20T14:47:29.595+0000] {dag.py:3954} INFO - Setting next_dagrun for example_external_task_marker_child to None, run_after=None
[2025-06-20T14:47:29.599+0000] {logging_mixin.py:188} INFO - [2025-06-20T14:47:29.599+0000] {dag.py:3954} INFO - Setting next_dagrun for example_external_task_marker_parent to None, run_after=None
[2025-06-20T14:47:29.612+0000] {processor.py:183} INFO - Processing /home/airflow/.local/lib/python3.12/site-packages/airflow/example_dags/example_external_task_marker_dag.py took 0.064 seconds
[2025-06-20T14:47:59.868+0000] {processor.py:161} INFO - Started process (PID=1605) to work on /home/airflow/.local/lib/python3.12/site-packages/airflow/example_dags/example_external_task_marker_dag.py
[2025-06-20T14:47:59.869+0000] {processor.py:830} INFO - Processing file /home/airflow/.local/lib/python3.12/site-packages/airflow/example_dags/example_external_task_marker_dag.py for tasks to queue
[2025-06-20T14:47:59.871+0000] {logging_mixin.py:188} INFO - [2025-06-20T14:47:59.870+0000] {dagbag.py:540} INFO - Filling up the DagBag from /home/airflow/.local/lib/python3.12/site-packages/airflow/example_dags/example_external_task_marker_dag.py
[2025-06-20T14:47:59.877+0000] {processor.py:840} INFO - DAG(s) 'example_external_task_marker_parent', 'example_external_task_marker_child' retrieved from /home/airflow/.local/lib/python3.12/site-packages/airflow/example_dags/example_external_task_marker_dag.py
[2025-06-20T14:47:59.899+0000] {logging_mixin.py:188} INFO - [2025-06-20T14:47:59.898+0000] {dag.py:3096} INFO - Sync 2 DAGs
[2025-06-20T14:47:59.911+0000] {logging_mixin.py:188} INFO - [2025-06-20T14:47:59.911+0000] {dag.py:3954} INFO - Setting next_dagrun for example_external_task_marker_child to None, run_after=None
[2025-06-20T14:47:59.915+0000] {logging_mixin.py:188} INFO - [2025-06-20T14:47:59.914+0000] {dag.py:3954} INFO - Setting next_dagrun for example_external_task_marker_parent to None, run_after=None
[2025-06-20T14:47:59.929+0000] {processor.py:183} INFO - Processing /home/airflow/.local/lib/python3.12/site-packages/airflow/example_dags/example_external_task_marker_dag.py took 0.067 seconds
[2025-06-20T14:48:30.261+0000] {processor.py:161} INFO - Started process (PID=1663) to work on /home/airflow/.local/lib/python3.12/site-packages/airflow/example_dags/example_external_task_marker_dag.py
[2025-06-20T14:48:30.262+0000] {processor.py:830} INFO - Processing file /home/airflow/.local/lib/python3.12/site-packages/airflow/example_dags/example_external_task_marker_dag.py for tasks to queue
[2025-06-20T14:48:30.264+0000] {logging_mixin.py:188} INFO - [2025-06-20T14:48:30.263+0000] {dagbag.py:540} INFO - Filling up the DagBag from /home/airflow/.local/lib/python3.12/site-packages/airflow/example_dags/example_external_task_marker_dag.py
[2025-06-20T14:48:30.270+0000] {processor.py:840} INFO - DAG(s) 'example_external_task_marker_child', 'example_external_task_marker_parent' retrieved from /home/airflow/.local/lib/python3.12/site-packages/airflow/example_dags/example_external_task_marker_dag.py
[2025-06-20T14:48:30.291+0000] {logging_mixin.py:188} INFO - [2025-06-20T14:48:30.290+0000] {dag.py:3096} INFO - Sync 2 DAGs
[2025-06-20T14:48:30.303+0000] {logging_mixin.py:188} INFO - [2025-06-20T14:48:30.302+0000] {dag.py:3954} INFO - Setting next_dagrun for example_external_task_marker_child to None, run_after=None
[2025-06-20T14:48:30.306+0000] {logging_mixin.py:188} INFO - [2025-06-20T14:48:30.306+0000] {dag.py:3954} INFO - Setting next_dagrun for example_external_task_marker_parent to None, run_after=None
[2025-06-20T14:48:30.319+0000] {processor.py:183} INFO - Processing /home/airflow/.local/lib/python3.12/site-packages/airflow/example_dags/example_external_task_marker_dag.py took 0.064 seconds
[2025-06-20T14:49:00.493+0000] {processor.py:161} INFO - Started process (PID=1721) to work on /home/airflow/.local/lib/python3.12/site-packages/airflow/example_dags/example_external_task_marker_dag.py
[2025-06-20T14:49:00.494+0000] {processor.py:830} INFO - Processing file /home/airflow/.local/lib/python3.12/site-packages/airflow/example_dags/example_external_task_marker_dag.py for tasks to queue
[2025-06-20T14:49:00.496+0000] {logging_mixin.py:188} INFO - [2025-06-20T14:49:00.496+0000] {dagbag.py:540} INFO - Filling up the DagBag from /home/airflow/.local/lib/python3.12/site-packages/airflow/example_dags/example_external_task_marker_dag.py
[2025-06-20T14:49:00.502+0000] {processor.py:840} INFO - DAG(s) 'example_external_task_marker_child', 'example_external_task_marker_parent' retrieved from /home/airflow/.local/lib/python3.12/site-packages/airflow/example_dags/example_external_task_marker_dag.py
[2025-06-20T14:49:00.525+0000] {logging_mixin.py:188} INFO - [2025-06-20T14:49:00.525+0000] {dag.py:3096} INFO - Sync 2 DAGs
[2025-06-20T14:49:00.537+0000] {logging_mixin.py:188} INFO - [2025-06-20T14:49:00.537+0000] {dag.py:3954} INFO - Setting next_dagrun for example_external_task_marker_child to None, run_after=None
[2025-06-20T14:49:00.541+0000] {logging_mixin.py:188} INFO - [2025-06-20T14:49:00.540+0000] {dag.py:3954} INFO - Setting next_dagrun for example_external_task_marker_parent to None, run_after=None
[2025-06-20T14:49:00.554+0000] {processor.py:183} INFO - Processing /home/airflow/.local/lib/python3.12/site-packages/airflow/example_dags/example_external_task_marker_dag.py took 0.067 seconds
[2025-06-20T14:49:30.807+0000] {processor.py:161} INFO - Started process (PID=1779) to work on /home/airflow/.local/lib/python3.12/site-packages/airflow/example_dags/example_external_task_marker_dag.py
[2025-06-20T14:49:30.808+0000] {processor.py:830} INFO - Processing file /home/airflow/.local/lib/python3.12/site-packages/airflow/example_dags/example_external_task_marker_dag.py for tasks to queue
[2025-06-20T14:49:30.810+0000] {logging_mixin.py:188} INFO - [2025-06-20T14:49:30.810+0000] {dagbag.py:540} INFO - Filling up the DagBag from /home/airflow/.local/lib/python3.12/site-packages/airflow/example_dags/example_external_task_marker_dag.py
[2025-06-20T14:49:30.817+0000] {processor.py:840} INFO - DAG(s) 'example_external_task_marker_child', 'example_external_task_marker_parent' retrieved from /home/airflow/.local/lib/python3.12/site-packages/airflow/example_dags/example_external_task_marker_dag.py
[2025-06-20T14:49:30.840+0000] {logging_mixin.py:188} INFO - [2025-06-20T14:49:30.839+0000] {dag.py:3096} INFO - Sync 2 DAGs
[2025-06-20T14:49:30.853+0000] {logging_mixin.py:188} INFO - [2025-06-20T14:49:30.853+0000] {dag.py:3954} INFO - Setting next_dagrun for example_external_task_marker_child to None, run_after=None
[2025-06-20T14:49:30.856+0000] {logging_mixin.py:188} INFO - [2025-06-20T14:49:30.856+0000] {dag.py:3954} INFO - Setting next_dagrun for example_external_task_marker_parent to None, run_after=None
[2025-06-20T14:49:30.870+0000] {processor.py:183} INFO - Processing /home/airflow/.local/lib/python3.12/site-packages/airflow/example_dags/example_external_task_marker_dag.py took 0.070 seconds
[2025-06-20T14:50:01.009+0000] {processor.py:161} INFO - Started process (PID=1837) to work on /home/airflow/.local/lib/python3.12/site-packages/airflow/example_dags/example_external_task_marker_dag.py
[2025-06-20T14:50:01.010+0000] {processor.py:830} INFO - Processing file /home/airflow/.local/lib/python3.12/site-packages/airflow/example_dags/example_external_task_marker_dag.py for tasks to queue
[2025-06-20T14:50:01.012+0000] {logging_mixin.py:188} INFO - [2025-06-20T14:50:01.012+0000] {dagbag.py:540} INFO - Filling up the DagBag from /home/airflow/.local/lib/python3.12/site-packages/airflow/example_dags/example_external_task_marker_dag.py
[2025-06-20T14:50:01.018+0000] {processor.py:840} INFO - DAG(s) 'example_external_task_marker_parent', 'example_external_task_marker_child' retrieved from /home/airflow/.local/lib/python3.12/site-packages/airflow/example_dags/example_external_task_marker_dag.py
[2025-06-20T14:50:01.042+0000] {logging_mixin.py:188} INFO - [2025-06-20T14:50:01.042+0000] {dag.py:3096} INFO - Sync 2 DAGs
[2025-06-20T14:50:01.055+0000] {logging_mixin.py:188} INFO - [2025-06-20T14:50:01.055+0000] {dag.py:3954} INFO - Setting next_dagrun for example_external_task_marker_child to None, run_after=None
[2025-06-20T14:50:01.058+0000] {logging_mixin.py:188} INFO - [2025-06-20T14:50:01.058+0000] {dag.py:3954} INFO - Setting next_dagrun for example_external_task_marker_parent to None, run_after=None
[2025-06-20T14:50:01.076+0000] {processor.py:183} INFO - Processing /home/airflow/.local/lib/python3.12/site-packages/airflow/example_dags/example_external_task_marker_dag.py took 0.073 seconds
[2025-06-20T14:50:31.140+0000] {processor.py:161} INFO - Started process (PID=1895) to work on /home/airflow/.local/lib/python3.12/site-packages/airflow/example_dags/example_external_task_marker_dag.py
[2025-06-20T14:50:31.141+0000] {processor.py:830} INFO - Processing file /home/airflow/.local/lib/python3.12/site-packages/airflow/example_dags/example_external_task_marker_dag.py for tasks to queue
[2025-06-20T14:50:31.143+0000] {logging_mixin.py:188} INFO - [2025-06-20T14:50:31.142+0000] {dagbag.py:540} INFO - Filling up the DagBag from /home/airflow/.local/lib/python3.12/site-packages/airflow/example_dags/example_external_task_marker_dag.py
[2025-06-20T14:50:31.149+0000] {processor.py:840} INFO - DAG(s) 'example_external_task_marker_child', 'example_external_task_marker_parent' retrieved from /home/airflow/.local/lib/python3.12/site-packages/airflow/example_dags/example_external_task_marker_dag.py
[2025-06-20T14:50:31.174+0000] {logging_mixin.py:188} INFO - [2025-06-20T14:50:31.174+0000] {dag.py:3096} INFO - Sync 2 DAGs
[2025-06-20T14:50:31.187+0000] {logging_mixin.py:188} INFO - [2025-06-20T14:50:31.187+0000] {dag.py:3954} INFO - Setting next_dagrun for example_external_task_marker_child to None, run_after=None
[2025-06-20T14:50:31.190+0000] {logging_mixin.py:188} INFO - [2025-06-20T14:50:31.190+0000] {dag.py:3954} INFO - Setting next_dagrun for example_external_task_marker_parent to None, run_after=None
[2025-06-20T14:50:31.204+0000] {processor.py:183} INFO - Processing /home/airflow/.local/lib/python3.12/site-packages/airflow/example_dags/example_external_task_marker_dag.py took 0.070 seconds
[2025-06-20T14:51:01.356+0000] {processor.py:161} INFO - Started process (PID=1953) to work on /home/airflow/.local/lib/python3.12/site-packages/airflow/example_dags/example_external_task_marker_dag.py
[2025-06-20T14:51:01.358+0000] {processor.py:830} INFO - Processing file /home/airflow/.local/lib/python3.12/site-packages/airflow/example_dags/example_external_task_marker_dag.py for tasks to queue
[2025-06-20T14:51:01.359+0000] {logging_mixin.py:188} INFO - [2025-06-20T14:51:01.359+0000] {dagbag.py:540} INFO - Filling up the DagBag from /home/airflow/.local/lib/python3.12/site-packages/airflow/example_dags/example_external_task_marker_dag.py
[2025-06-20T14:51:01.367+0000] {processor.py:840} INFO - DAG(s) 'example_external_task_marker_parent', 'example_external_task_marker_child' retrieved from /home/airflow/.local/lib/python3.12/site-packages/airflow/example_dags/example_external_task_marker_dag.py
[2025-06-20T14:51:01.390+0000] {logging_mixin.py:188} INFO - [2025-06-20T14:51:01.390+0000] {dag.py:3096} INFO - Sync 2 DAGs
[2025-06-20T14:51:01.403+0000] {logging_mixin.py:188} INFO - [2025-06-20T14:51:01.403+0000] {dag.py:3954} INFO - Setting next_dagrun for example_external_task_marker_child to None, run_after=None
[2025-06-20T14:51:01.406+0000] {logging_mixin.py:188} INFO - [2025-06-20T14:51:01.406+0000] {dag.py:3954} INFO - Setting next_dagrun for example_external_task_marker_parent to None, run_after=None
[2025-06-20T14:51:01.420+0000] {processor.py:183} INFO - Processing /home/airflow/.local/lib/python3.12/site-packages/airflow/example_dags/example_external_task_marker_dag.py took 0.071 seconds
[2025-06-20T14:51:31.559+0000] {processor.py:161} INFO - Started process (PID=2011) to work on /home/airflow/.local/lib/python3.12/site-packages/airflow/example_dags/example_external_task_marker_dag.py
[2025-06-20T14:51:31.560+0000] {processor.py:830} INFO - Processing file /home/airflow/.local/lib/python3.12/site-packages/airflow/example_dags/example_external_task_marker_dag.py for tasks to queue
[2025-06-20T14:51:31.562+0000] {logging_mixin.py:188} INFO - [2025-06-20T14:51:31.562+0000] {dagbag.py:540} INFO - Filling up the DagBag from /home/airflow/.local/lib/python3.12/site-packages/airflow/example_dags/example_external_task_marker_dag.py
[2025-06-20T14:51:31.568+0000] {processor.py:840} INFO - DAG(s) 'example_external_task_marker_parent', 'example_external_task_marker_child' retrieved from /home/airflow/.local/lib/python3.12/site-packages/airflow/example_dags/example_external_task_marker_dag.py
[2025-06-20T14:51:31.590+0000] {logging_mixin.py:188} INFO - [2025-06-20T14:51:31.590+0000] {dag.py:3096} INFO - Sync 2 DAGs
[2025-06-20T14:51:31.602+0000] {logging_mixin.py:188} INFO - [2025-06-20T14:51:31.602+0000] {dag.py:3954} INFO - Setting next_dagrun for example_external_task_marker_child to None, run_after=None
[2025-06-20T14:51:31.608+0000] {logging_mixin.py:188} INFO - [2025-06-20T14:51:31.608+0000] {dag.py:3954} INFO - Setting next_dagrun for example_external_task_marker_parent to None, run_after=None
[2025-06-20T14:51:31.621+0000] {processor.py:183} INFO - Processing /home/airflow/.local/lib/python3.12/site-packages/airflow/example_dags/example_external_task_marker_dag.py took 0.068 seconds
[2025-06-20T14:52:01.750+0000] {processor.py:161} INFO - Started process (PID=2069) to work on /home/airflow/.local/lib/python3.12/site-packages/airflow/example_dags/example_external_task_marker_dag.py
[2025-06-20T14:52:01.751+0000] {processor.py:830} INFO - Processing file /home/airflow/.local/lib/python3.12/site-packages/airflow/example_dags/example_external_task_marker_dag.py for tasks to queue
[2025-06-20T14:52:01.752+0000] {logging_mixin.py:188} INFO - [2025-06-20T14:52:01.752+0000] {dagbag.py:540} INFO - Filling up the DagBag from /home/airflow/.local/lib/python3.12/site-packages/airflow/example_dags/example_external_task_marker_dag.py
[2025-06-20T14:52:01.759+0000] {processor.py:840} INFO - DAG(s) 'example_external_task_marker_child', 'example_external_task_marker_parent' retrieved from /home/airflow/.local/lib/python3.12/site-packages/airflow/example_dags/example_external_task_marker_dag.py
[2025-06-20T14:52:01.781+0000] {logging_mixin.py:188} INFO - [2025-06-20T14:52:01.781+0000] {dag.py:3096} INFO - Sync 2 DAGs
[2025-06-20T14:52:01.795+0000] {logging_mixin.py:188} INFO - [2025-06-20T14:52:01.795+0000] {dag.py:3954} INFO - Setting next_dagrun for example_external_task_marker_child to None, run_after=None
[2025-06-20T14:52:01.799+0000] {logging_mixin.py:188} INFO - [2025-06-20T14:52:01.799+0000] {dag.py:3954} INFO - Setting next_dagrun for example_external_task_marker_parent to None, run_after=None
[2025-06-20T14:52:01.813+0000] {processor.py:183} INFO - Processing /home/airflow/.local/lib/python3.12/site-packages/airflow/example_dags/example_external_task_marker_dag.py took 0.070 seconds
[2025-06-20T14:52:32.691+0000] {processor.py:161} INFO - Started process (PID=2127) to work on /home/airflow/.local/lib/python3.12/site-packages/airflow/example_dags/example_external_task_marker_dag.py
[2025-06-20T14:52:32.692+0000] {processor.py:830} INFO - Processing file /home/airflow/.local/lib/python3.12/site-packages/airflow/example_dags/example_external_task_marker_dag.py for tasks to queue
[2025-06-20T14:52:32.694+0000] {logging_mixin.py:188} INFO - [2025-06-20T14:52:32.694+0000] {dagbag.py:540} INFO - Filling up the DagBag from /home/airflow/.local/lib/python3.12/site-packages/airflow/example_dags/example_external_task_marker_dag.py
[2025-06-20T14:52:32.701+0000] {processor.py:840} INFO - DAG(s) 'example_external_task_marker_parent', 'example_external_task_marker_child' retrieved from /home/airflow/.local/lib/python3.12/site-packages/airflow/example_dags/example_external_task_marker_dag.py
[2025-06-20T14:52:32.722+0000] {logging_mixin.py:188} INFO - [2025-06-20T14:52:32.722+0000] {dag.py:3096} INFO - Sync 2 DAGs
[2025-06-20T14:52:32.735+0000] {logging_mixin.py:188} INFO - [2025-06-20T14:52:32.734+0000] {dag.py:3954} INFO - Setting next_dagrun for example_external_task_marker_child to None, run_after=None
[2025-06-20T14:52:32.738+0000] {logging_mixin.py:188} INFO - [2025-06-20T14:52:32.738+0000] {dag.py:3954} INFO - Setting next_dagrun for example_external_task_marker_parent to None, run_after=None
[2025-06-20T14:52:32.751+0000] {processor.py:183} INFO - Processing /home/airflow/.local/lib/python3.12/site-packages/airflow/example_dags/example_external_task_marker_dag.py took 0.067 seconds
[2025-06-20T14:53:02.886+0000] {processor.py:161} INFO - Started process (PID=2185) to work on /home/airflow/.local/lib/python3.12/site-packages/airflow/example_dags/example_external_task_marker_dag.py
[2025-06-20T14:53:02.887+0000] {processor.py:830} INFO - Processing file /home/airflow/.local/lib/python3.12/site-packages/airflow/example_dags/example_external_task_marker_dag.py for tasks to queue
[2025-06-20T14:53:02.889+0000] {logging_mixin.py:188} INFO - [2025-06-20T14:53:02.888+0000] {dagbag.py:540} INFO - Filling up the DagBag from /home/airflow/.local/lib/python3.12/site-packages/airflow/example_dags/example_external_task_marker_dag.py
[2025-06-20T14:53:02.894+0000] {processor.py:840} INFO - DAG(s) 'example_external_task_marker_child', 'example_external_task_marker_parent' retrieved from /home/airflow/.local/lib/python3.12/site-packages/airflow/example_dags/example_external_task_marker_dag.py
[2025-06-20T14:53:02.915+0000] {logging_mixin.py:188} INFO - [2025-06-20T14:53:02.915+0000] {dag.py:3096} INFO - Sync 2 DAGs
[2025-06-20T14:53:02.927+0000] {logging_mixin.py:188} INFO - [2025-06-20T14:53:02.927+0000] {dag.py:3954} INFO - Setting next_dagrun for example_external_task_marker_child to None, run_after=None
[2025-06-20T14:53:02.931+0000] {logging_mixin.py:188} INFO - [2025-06-20T14:53:02.930+0000] {dag.py:3954} INFO - Setting next_dagrun for example_external_task_marker_parent to None, run_after=None
[2025-06-20T14:53:02.944+0000] {processor.py:183} INFO - Processing /home/airflow/.local/lib/python3.12/site-packages/airflow/example_dags/example_external_task_marker_dag.py took 0.063 seconds
[2025-06-20T14:53:33.205+0000] {processor.py:161} INFO - Started process (PID=2243) to work on /home/airflow/.local/lib/python3.12/site-packages/airflow/example_dags/example_external_task_marker_dag.py
[2025-06-20T14:53:33.206+0000] {processor.py:830} INFO - Processing file /home/airflow/.local/lib/python3.12/site-packages/airflow/example_dags/example_external_task_marker_dag.py for tasks to queue
[2025-06-20T14:53:33.207+0000] {logging_mixin.py:188} INFO - [2025-06-20T14:53:33.207+0000] {dagbag.py:540} INFO - Filling up the DagBag from /home/airflow/.local/lib/python3.12/site-packages/airflow/example_dags/example_external_task_marker_dag.py
[2025-06-20T14:53:33.214+0000] {processor.py:840} INFO - DAG(s) 'example_external_task_marker_child', 'example_external_task_marker_parent' retrieved from /home/airflow/.local/lib/python3.12/site-packages/airflow/example_dags/example_external_task_marker_dag.py
[2025-06-20T14:53:33.236+0000] {logging_mixin.py:188} INFO - [2025-06-20T14:53:33.236+0000] {dag.py:3096} INFO - Sync 2 DAGs
[2025-06-20T14:53:33.248+0000] {logging_mixin.py:188} INFO - [2025-06-20T14:53:33.248+0000] {dag.py:3954} INFO - Setting next_dagrun for example_external_task_marker_child to None, run_after=None
[2025-06-20T14:53:33.252+0000] {logging_mixin.py:188} INFO - [2025-06-20T14:53:33.251+0000] {dag.py:3954} INFO - Setting next_dagrun for example_external_task_marker_parent to None, run_after=None
[2025-06-20T14:53:33.266+0000] {processor.py:183} INFO - Processing /home/airflow/.local/lib/python3.12/site-packages/airflow/example_dags/example_external_task_marker_dag.py took 0.067 seconds
[2025-06-20T14:54:04.247+0000] {processor.py:161} INFO - Started process (PID=2301) to work on /home/airflow/.local/lib/python3.12/site-packages/airflow/example_dags/example_external_task_marker_dag.py
[2025-06-20T14:54:04.248+0000] {processor.py:830} INFO - Processing file /home/airflow/.local/lib/python3.12/site-packages/airflow/example_dags/example_external_task_marker_dag.py for tasks to queue
[2025-06-20T14:54:04.250+0000] {logging_mixin.py:188} INFO - [2025-06-20T14:54:04.250+0000] {dagbag.py:540} INFO - Filling up the DagBag from /home/airflow/.local/lib/python3.12/site-packages/airflow/example_dags/example_external_task_marker_dag.py
[2025-06-20T14:54:04.256+0000] {processor.py:840} INFO - DAG(s) 'example_external_task_marker_parent', 'example_external_task_marker_child' retrieved from /home/airflow/.local/lib/python3.12/site-packages/airflow/example_dags/example_external_task_marker_dag.py
[2025-06-20T14:54:04.277+0000] {logging_mixin.py:188} INFO - [2025-06-20T14:54:04.277+0000] {dag.py:3096} INFO - Sync 2 DAGs
[2025-06-20T14:54:04.289+0000] {logging_mixin.py:188} INFO - [2025-06-20T14:54:04.289+0000] {dag.py:3954} INFO - Setting next_dagrun for example_external_task_marker_child to None, run_after=None
[2025-06-20T14:54:04.292+0000] {logging_mixin.py:188} INFO - [2025-06-20T14:54:04.292+0000] {dag.py:3954} INFO - Setting next_dagrun for example_external_task_marker_parent to None, run_after=None
[2025-06-20T14:54:04.306+0000] {processor.py:183} INFO - Processing /home/airflow/.local/lib/python3.12/site-packages/airflow/example_dags/example_external_task_marker_dag.py took 0.065 seconds
[2025-06-20T14:54:35.220+0000] {processor.py:161} INFO - Started process (PID=2359) to work on /home/airflow/.local/lib/python3.12/site-packages/airflow/example_dags/example_external_task_marker_dag.py
[2025-06-20T14:54:35.221+0000] {processor.py:830} INFO - Processing file /home/airflow/.local/lib/python3.12/site-packages/airflow/example_dags/example_external_task_marker_dag.py for tasks to queue
[2025-06-20T14:54:35.223+0000] {logging_mixin.py:188} INFO - [2025-06-20T14:54:35.223+0000] {dagbag.py:540} INFO - Filling up the DagBag from /home/airflow/.local/lib/python3.12/site-packages/airflow/example_dags/example_external_task_marker_dag.py
[2025-06-20T14:54:35.229+0000] {processor.py:840} INFO - DAG(s) 'example_external_task_marker_child', 'example_external_task_marker_parent' retrieved from /home/airflow/.local/lib/python3.12/site-packages/airflow/example_dags/example_external_task_marker_dag.py
[2025-06-20T14:54:35.252+0000] {logging_mixin.py:188} INFO - [2025-06-20T14:54:35.251+0000] {dag.py:3096} INFO - Sync 2 DAGs
[2025-06-20T14:54:35.264+0000] {logging_mixin.py:188} INFO - [2025-06-20T14:54:35.264+0000] {dag.py:3954} INFO - Setting next_dagrun for example_external_task_marker_child to None, run_after=None
[2025-06-20T14:54:35.267+0000] {logging_mixin.py:188} INFO - [2025-06-20T14:54:35.267+0000] {dag.py:3954} INFO - Setting next_dagrun for example_external_task_marker_parent to None, run_after=None
[2025-06-20T14:54:35.281+0000] {processor.py:183} INFO - Processing /home/airflow/.local/lib/python3.12/site-packages/airflow/example_dags/example_external_task_marker_dag.py took 0.067 seconds
[2025-06-20T14:55:05.388+0000] {processor.py:161} INFO - Started process (PID=2418) to work on /home/airflow/.local/lib/python3.12/site-packages/airflow/example_dags/example_external_task_marker_dag.py
[2025-06-20T14:55:05.389+0000] {processor.py:830} INFO - Processing file /home/airflow/.local/lib/python3.12/site-packages/airflow/example_dags/example_external_task_marker_dag.py for tasks to queue
[2025-06-20T14:55:05.391+0000] {logging_mixin.py:188} INFO - [2025-06-20T14:55:05.390+0000] {dagbag.py:540} INFO - Filling up the DagBag from /home/airflow/.local/lib/python3.12/site-packages/airflow/example_dags/example_external_task_marker_dag.py
[2025-06-20T14:55:05.397+0000] {processor.py:840} INFO - DAG(s) 'example_external_task_marker_parent', 'example_external_task_marker_child' retrieved from /home/airflow/.local/lib/python3.12/site-packages/airflow/example_dags/example_external_task_marker_dag.py
[2025-06-20T14:55:05.419+0000] {logging_mixin.py:188} INFO - [2025-06-20T14:55:05.419+0000] {dag.py:3096} INFO - Sync 2 DAGs
[2025-06-20T14:55:05.431+0000] {logging_mixin.py:188} INFO - [2025-06-20T14:55:05.431+0000] {dag.py:3954} INFO - Setting next_dagrun for example_external_task_marker_child to None, run_after=None
[2025-06-20T14:55:05.434+0000] {logging_mixin.py:188} INFO - [2025-06-20T14:55:05.434+0000] {dag.py:3954} INFO - Setting next_dagrun for example_external_task_marker_parent to None, run_after=None
[2025-06-20T14:55:05.448+0000] {processor.py:183} INFO - Processing /home/airflow/.local/lib/python3.12/site-packages/airflow/example_dags/example_external_task_marker_dag.py took 0.066 seconds
[2025-06-20T14:55:35.692+0000] {processor.py:161} INFO - Started process (PID=2477) to work on /home/airflow/.local/lib/python3.12/site-packages/airflow/example_dags/example_external_task_marker_dag.py
[2025-06-20T14:55:35.693+0000] {processor.py:830} INFO - Processing file /home/airflow/.local/lib/python3.12/site-packages/airflow/example_dags/example_external_task_marker_dag.py for tasks to queue
[2025-06-20T14:55:35.695+0000] {logging_mixin.py:188} INFO - [2025-06-20T14:55:35.694+0000] {dagbag.py:540} INFO - Filling up the DagBag from /home/airflow/.local/lib/python3.12/site-packages/airflow/example_dags/example_external_task_marker_dag.py
[2025-06-20T14:55:35.703+0000] {processor.py:840} INFO - DAG(s) 'example_external_task_marker_child', 'example_external_task_marker_parent' retrieved from /home/airflow/.local/lib/python3.12/site-packages/airflow/example_dags/example_external_task_marker_dag.py
[2025-06-20T14:55:35.728+0000] {logging_mixin.py:188} INFO - [2025-06-20T14:55:35.727+0000] {dag.py:3096} INFO - Sync 2 DAGs
[2025-06-20T14:55:35.740+0000] {logging_mixin.py:188} INFO - [2025-06-20T14:55:35.740+0000] {dag.py:3954} INFO - Setting next_dagrun for example_external_task_marker_child to None, run_after=None
[2025-06-20T14:55:35.744+0000] {logging_mixin.py:188} INFO - [2025-06-20T14:55:35.744+0000] {dag.py:3954} INFO - Setting next_dagrun for example_external_task_marker_parent to None, run_after=None
[2025-06-20T14:55:35.757+0000] {processor.py:183} INFO - Processing /home/airflow/.local/lib/python3.12/site-packages/airflow/example_dags/example_external_task_marker_dag.py took 0.073 seconds
[2025-06-20T14:56:06.024+0000] {processor.py:161} INFO - Started process (PID=2536) to work on /home/airflow/.local/lib/python3.12/site-packages/airflow/example_dags/example_external_task_marker_dag.py
[2025-06-20T14:56:06.025+0000] {processor.py:830} INFO - Processing file /home/airflow/.local/lib/python3.12/site-packages/airflow/example_dags/example_external_task_marker_dag.py for tasks to queue
[2025-06-20T14:56:06.027+0000] {logging_mixin.py:188} INFO - [2025-06-20T14:56:06.027+0000] {dagbag.py:540} INFO - Filling up the DagBag from /home/airflow/.local/lib/python3.12/site-packages/airflow/example_dags/example_external_task_marker_dag.py
[2025-06-20T14:56:06.033+0000] {processor.py:840} INFO - DAG(s) 'example_external_task_marker_parent', 'example_external_task_marker_child' retrieved from /home/airflow/.local/lib/python3.12/site-packages/airflow/example_dags/example_external_task_marker_dag.py
[2025-06-20T14:56:06.054+0000] {logging_mixin.py:188} INFO - [2025-06-20T14:56:06.054+0000] {dag.py:3096} INFO - Sync 2 DAGs
[2025-06-20T14:56:06.067+0000] {logging_mixin.py:188} INFO - [2025-06-20T14:56:06.067+0000] {dag.py:3954} INFO - Setting next_dagrun for example_external_task_marker_child to None, run_after=None
[2025-06-20T14:56:06.071+0000] {logging_mixin.py:188} INFO - [2025-06-20T14:56:06.070+0000] {dag.py:3954} INFO - Setting next_dagrun for example_external_task_marker_parent to None, run_after=None
[2025-06-20T14:56:06.084+0000] {processor.py:183} INFO - Processing /home/airflow/.local/lib/python3.12/site-packages/airflow/example_dags/example_external_task_marker_dag.py took 0.066 seconds
[2025-06-20T14:56:36.242+0000] {processor.py:161} INFO - Started process (PID=2595) to work on /home/airflow/.local/lib/python3.12/site-packages/airflow/example_dags/example_external_task_marker_dag.py
[2025-06-20T14:56:36.243+0000] {processor.py:830} INFO - Processing file /home/airflow/.local/lib/python3.12/site-packages/airflow/example_dags/example_external_task_marker_dag.py for tasks to queue
[2025-06-20T14:56:36.245+0000] {logging_mixin.py:188} INFO - [2025-06-20T14:56:36.244+0000] {dagbag.py:540} INFO - Filling up the DagBag from /home/airflow/.local/lib/python3.12/site-packages/airflow/example_dags/example_external_task_marker_dag.py
[2025-06-20T14:56:36.251+0000] {processor.py:840} INFO - DAG(s) 'example_external_task_marker_child', 'example_external_task_marker_parent' retrieved from /home/airflow/.local/lib/python3.12/site-packages/airflow/example_dags/example_external_task_marker_dag.py
[2025-06-20T14:56:36.274+0000] {logging_mixin.py:188} INFO - [2025-06-20T14:56:36.274+0000] {dag.py:3096} INFO - Sync 2 DAGs
[2025-06-20T14:56:36.286+0000] {logging_mixin.py:188} INFO - [2025-06-20T14:56:36.286+0000] {dag.py:3954} INFO - Setting next_dagrun for example_external_task_marker_child to None, run_after=None
[2025-06-20T14:56:36.290+0000] {logging_mixin.py:188} INFO - [2025-06-20T14:56:36.290+0000] {dag.py:3954} INFO - Setting next_dagrun for example_external_task_marker_parent to None, run_after=None
[2025-06-20T14:56:36.304+0000] {processor.py:183} INFO - Processing /home/airflow/.local/lib/python3.12/site-packages/airflow/example_dags/example_external_task_marker_dag.py took 0.067 seconds
[2025-06-20T14:57:06.545+0000] {processor.py:161} INFO - Started process (PID=2654) to work on /home/airflow/.local/lib/python3.12/site-packages/airflow/example_dags/example_external_task_marker_dag.py
[2025-06-20T14:57:06.546+0000] {processor.py:830} INFO - Processing file /home/airflow/.local/lib/python3.12/site-packages/airflow/example_dags/example_external_task_marker_dag.py for tasks to queue
[2025-06-20T14:57:06.548+0000] {logging_mixin.py:188} INFO - [2025-06-20T14:57:06.548+0000] {dagbag.py:540} INFO - Filling up the DagBag from /home/airflow/.local/lib/python3.12/site-packages/airflow/example_dags/example_external_task_marker_dag.py
[2025-06-20T14:57:06.554+0000] {processor.py:840} INFO - DAG(s) 'example_external_task_marker_parent', 'example_external_task_marker_child' retrieved from /home/airflow/.local/lib/python3.12/site-packages/airflow/example_dags/example_external_task_marker_dag.py
[2025-06-20T14:57:06.575+0000] {logging_mixin.py:188} INFO - [2025-06-20T14:57:06.575+0000] {dag.py:3096} INFO - Sync 2 DAGs
[2025-06-20T14:57:06.587+0000] {logging_mixin.py:188} INFO - [2025-06-20T14:57:06.587+0000] {dag.py:3954} INFO - Setting next_dagrun for example_external_task_marker_child to None, run_after=None
[2025-06-20T14:57:06.590+0000] {logging_mixin.py:188} INFO - [2025-06-20T14:57:06.590+0000] {dag.py:3954} INFO - Setting next_dagrun for example_external_task_marker_parent to None, run_after=None
[2025-06-20T14:57:06.603+0000] {processor.py:183} INFO - Processing /home/airflow/.local/lib/python3.12/site-packages/airflow/example_dags/example_external_task_marker_dag.py took 0.063 seconds
[2025-06-20T14:57:36.769+0000] {processor.py:161} INFO - Started process (PID=2713) to work on /home/airflow/.local/lib/python3.12/site-packages/airflow/example_dags/example_external_task_marker_dag.py
[2025-06-20T14:57:36.770+0000] {processor.py:830} INFO - Processing file /home/airflow/.local/lib/python3.12/site-packages/airflow/example_dags/example_external_task_marker_dag.py for tasks to queue
[2025-06-20T14:57:36.772+0000] {logging_mixin.py:188} INFO - [2025-06-20T14:57:36.772+0000] {dagbag.py:540} INFO - Filling up the DagBag from /home/airflow/.local/lib/python3.12/site-packages/airflow/example_dags/example_external_task_marker_dag.py
[2025-06-20T14:57:36.779+0000] {processor.py:840} INFO - DAG(s) 'example_external_task_marker_child', 'example_external_task_marker_parent' retrieved from /home/airflow/.local/lib/python3.12/site-packages/airflow/example_dags/example_external_task_marker_dag.py
[2025-06-20T14:57:36.803+0000] {logging_mixin.py:188} INFO - [2025-06-20T14:57:36.802+0000] {dag.py:3096} INFO - Sync 2 DAGs
[2025-06-20T14:57:36.815+0000] {logging_mixin.py:188} INFO - [2025-06-20T14:57:36.815+0000] {dag.py:3954} INFO - Setting next_dagrun for example_external_task_marker_child to None, run_after=None
[2025-06-20T14:57:36.819+0000] {logging_mixin.py:188} INFO - [2025-06-20T14:57:36.819+0000] {dag.py:3954} INFO - Setting next_dagrun for example_external_task_marker_parent to None, run_after=None
[2025-06-20T14:57:36.832+0000] {processor.py:183} INFO - Processing /home/airflow/.local/lib/python3.12/site-packages/airflow/example_dags/example_external_task_marker_dag.py took 0.069 seconds
[2025-06-20T14:58:06.893+0000] {processor.py:161} INFO - Started process (PID=2772) to work on /home/airflow/.local/lib/python3.12/site-packages/airflow/example_dags/example_external_task_marker_dag.py
[2025-06-20T14:58:06.894+0000] {processor.py:830} INFO - Processing file /home/airflow/.local/lib/python3.12/site-packages/airflow/example_dags/example_external_task_marker_dag.py for tasks to queue
[2025-06-20T14:58:06.896+0000] {logging_mixin.py:188} INFO - [2025-06-20T14:58:06.896+0000] {dagbag.py:540} INFO - Filling up the DagBag from /home/airflow/.local/lib/python3.12/site-packages/airflow/example_dags/example_external_task_marker_dag.py
[2025-06-20T14:58:06.902+0000] {processor.py:840} INFO - DAG(s) 'example_external_task_marker_child', 'example_external_task_marker_parent' retrieved from /home/airflow/.local/lib/python3.12/site-packages/airflow/example_dags/example_external_task_marker_dag.py
[2025-06-20T14:58:06.923+0000] {logging_mixin.py:188} INFO - [2025-06-20T14:58:06.923+0000] {dag.py:3096} INFO - Sync 2 DAGs
[2025-06-20T14:58:06.936+0000] {logging_mixin.py:188} INFO - [2025-06-20T14:58:06.936+0000] {dag.py:3954} INFO - Setting next_dagrun for example_external_task_marker_child to None, run_after=None
[2025-06-20T14:58:06.939+0000] {logging_mixin.py:188} INFO - [2025-06-20T14:58:06.939+0000] {dag.py:3954} INFO - Setting next_dagrun for example_external_task_marker_parent to None, run_after=None
[2025-06-20T14:58:06.954+0000] {processor.py:183} INFO - Processing /home/airflow/.local/lib/python3.12/site-packages/airflow/example_dags/example_external_task_marker_dag.py took 0.067 seconds
[2025-06-20T14:58:37.028+0000] {processor.py:161} INFO - Started process (PID=2831) to work on /home/airflow/.local/lib/python3.12/site-packages/airflow/example_dags/example_external_task_marker_dag.py
[2025-06-20T14:58:37.029+0000] {processor.py:830} INFO - Processing file /home/airflow/.local/lib/python3.12/site-packages/airflow/example_dags/example_external_task_marker_dag.py for tasks to queue
[2025-06-20T14:58:37.031+0000] {logging_mixin.py:188} INFO - [2025-06-20T14:58:37.031+0000] {dagbag.py:540} INFO - Filling up the DagBag from /home/airflow/.local/lib/python3.12/site-packages/airflow/example_dags/example_external_task_marker_dag.py
[2025-06-20T14:58:37.038+0000] {processor.py:840} INFO - DAG(s) 'example_external_task_marker_parent', 'example_external_task_marker_child' retrieved from /home/airflow/.local/lib/python3.12/site-packages/airflow/example_dags/example_external_task_marker_dag.py
[2025-06-20T14:58:37.061+0000] {logging_mixin.py:188} INFO - [2025-06-20T14:58:37.061+0000] {dag.py:3096} INFO - Sync 2 DAGs
[2025-06-20T14:58:37.074+0000] {logging_mixin.py:188} INFO - [2025-06-20T14:58:37.074+0000] {dag.py:3954} INFO - Setting next_dagrun for example_external_task_marker_child to None, run_after=None
[2025-06-20T14:58:37.078+0000] {logging_mixin.py:188} INFO - [2025-06-20T14:58:37.077+0000] {dag.py:3954} INFO - Setting next_dagrun for example_external_task_marker_parent to None, run_after=None
[2025-06-20T14:58:37.092+0000] {processor.py:183} INFO - Processing /home/airflow/.local/lib/python3.12/site-packages/airflow/example_dags/example_external_task_marker_dag.py took 0.070 seconds
[2025-06-20T14:59:07.415+0000] {processor.py:161} INFO - Started process (PID=2890) to work on /home/airflow/.local/lib/python3.12/site-packages/airflow/example_dags/example_external_task_marker_dag.py
[2025-06-20T14:59:07.416+0000] {processor.py:830} INFO - Processing file /home/airflow/.local/lib/python3.12/site-packages/airflow/example_dags/example_external_task_marker_dag.py for tasks to queue
[2025-06-20T14:59:07.418+0000] {logging_mixin.py:188} INFO - [2025-06-20T14:59:07.417+0000] {dagbag.py:540} INFO - Filling up the DagBag from /home/airflow/.local/lib/python3.12/site-packages/airflow/example_dags/example_external_task_marker_dag.py
[2025-06-20T14:59:07.424+0000] {processor.py:840} INFO - DAG(s) 'example_external_task_marker_parent', 'example_external_task_marker_child' retrieved from /home/airflow/.local/lib/python3.12/site-packages/airflow/example_dags/example_external_task_marker_dag.py
[2025-06-20T14:59:07.446+0000] {logging_mixin.py:188} INFO - [2025-06-20T14:59:07.446+0000] {dag.py:3096} INFO - Sync 2 DAGs
[2025-06-20T14:59:07.458+0000] {logging_mixin.py:188} INFO - [2025-06-20T14:59:07.458+0000] {dag.py:3954} INFO - Setting next_dagrun for example_external_task_marker_child to None, run_after=None
[2025-06-20T14:59:07.462+0000] {logging_mixin.py:188} INFO - [2025-06-20T14:59:07.461+0000] {dag.py:3954} INFO - Setting next_dagrun for example_external_task_marker_parent to None, run_after=None
[2025-06-20T14:59:07.475+0000] {processor.py:183} INFO - Processing /home/airflow/.local/lib/python3.12/site-packages/airflow/example_dags/example_external_task_marker_dag.py took 0.067 seconds
[2025-06-20T14:59:38.316+0000] {processor.py:161} INFO - Started process (PID=2947) to work on /home/airflow/.local/lib/python3.12/site-packages/airflow/example_dags/example_external_task_marker_dag.py
[2025-06-20T14:59:38.318+0000] {processor.py:830} INFO - Processing file /home/airflow/.local/lib/python3.12/site-packages/airflow/example_dags/example_external_task_marker_dag.py for tasks to queue
[2025-06-20T14:59:38.320+0000] {logging_mixin.py:188} INFO - [2025-06-20T14:59:38.320+0000] {dagbag.py:540} INFO - Filling up the DagBag from /home/airflow/.local/lib/python3.12/site-packages/airflow/example_dags/example_external_task_marker_dag.py
[2025-06-20T14:59:38.328+0000] {processor.py:840} INFO - DAG(s) 'example_external_task_marker_parent', 'example_external_task_marker_child' retrieved from /home/airflow/.local/lib/python3.12/site-packages/airflow/example_dags/example_external_task_marker_dag.py
[2025-06-20T14:59:38.352+0000] {logging_mixin.py:188} INFO - [2025-06-20T14:59:38.352+0000] {dag.py:3096} INFO - Sync 2 DAGs
[2025-06-20T14:59:38.367+0000] {logging_mixin.py:188} INFO - [2025-06-20T14:59:38.367+0000] {dag.py:3954} INFO - Setting next_dagrun for example_external_task_marker_child to None, run_after=None
[2025-06-20T14:59:38.371+0000] {logging_mixin.py:188} INFO - [2025-06-20T14:59:38.371+0000] {dag.py:3954} INFO - Setting next_dagrun for example_external_task_marker_parent to None, run_after=None
[2025-06-20T14:59:38.386+0000] {processor.py:183} INFO - Processing /home/airflow/.local/lib/python3.12/site-packages/airflow/example_dags/example_external_task_marker_dag.py took 0.078 seconds
[2025-06-20T15:00:08.771+0000] {processor.py:161} INFO - Started process (PID=3006) to work on /home/airflow/.local/lib/python3.12/site-packages/airflow/example_dags/example_external_task_marker_dag.py
[2025-06-20T15:00:08.772+0000] {processor.py:830} INFO - Processing file /home/airflow/.local/lib/python3.12/site-packages/airflow/example_dags/example_external_task_marker_dag.py for tasks to queue
[2025-06-20T15:00:08.774+0000] {logging_mixin.py:188} INFO - [2025-06-20T15:00:08.774+0000] {dagbag.py:540} INFO - Filling up the DagBag from /home/airflow/.local/lib/python3.12/site-packages/airflow/example_dags/example_external_task_marker_dag.py
[2025-06-20T15:00:08.781+0000] {processor.py:840} INFO - DAG(s) 'example_external_task_marker_child', 'example_external_task_marker_parent' retrieved from /home/airflow/.local/lib/python3.12/site-packages/airflow/example_dags/example_external_task_marker_dag.py
[2025-06-20T15:00:08.805+0000] {logging_mixin.py:188} INFO - [2025-06-20T15:00:08.804+0000] {dag.py:3096} INFO - Sync 2 DAGs
[2025-06-20T15:00:08.818+0000] {logging_mixin.py:188} INFO - [2025-06-20T15:00:08.818+0000] {dag.py:3954} INFO - Setting next_dagrun for example_external_task_marker_child to None, run_after=None
[2025-06-20T15:00:08.822+0000] {logging_mixin.py:188} INFO - [2025-06-20T15:00:08.822+0000] {dag.py:3954} INFO - Setting next_dagrun for example_external_task_marker_parent to None, run_after=None
[2025-06-20T15:00:08.836+0000] {processor.py:183} INFO - Processing /home/airflow/.local/lib/python3.12/site-packages/airflow/example_dags/example_external_task_marker_dag.py took 0.072 seconds
[2025-06-20T15:00:39.257+0000] {processor.py:161} INFO - Started process (PID=3065) to work on /home/airflow/.local/lib/python3.12/site-packages/airflow/example_dags/example_external_task_marker_dag.py
[2025-06-20T15:00:39.258+0000] {processor.py:830} INFO - Processing file /home/airflow/.local/lib/python3.12/site-packages/airflow/example_dags/example_external_task_marker_dag.py for tasks to queue
[2025-06-20T15:00:39.260+0000] {logging_mixin.py:188} INFO - [2025-06-20T15:00:39.259+0000] {dagbag.py:540} INFO - Filling up the DagBag from /home/airflow/.local/lib/python3.12/site-packages/airflow/example_dags/example_external_task_marker_dag.py
[2025-06-20T15:00:39.266+0000] {processor.py:840} INFO - DAG(s) 'example_external_task_marker_child', 'example_external_task_marker_parent' retrieved from /home/airflow/.local/lib/python3.12/site-packages/airflow/example_dags/example_external_task_marker_dag.py
[2025-06-20T15:00:39.288+0000] {logging_mixin.py:188} INFO - [2025-06-20T15:00:39.288+0000] {dag.py:3096} INFO - Sync 2 DAGs
[2025-06-20T15:00:39.301+0000] {logging_mixin.py:188} INFO - [2025-06-20T15:00:39.301+0000] {dag.py:3954} INFO - Setting next_dagrun for example_external_task_marker_child to None, run_after=None
[2025-06-20T15:00:39.305+0000] {logging_mixin.py:188} INFO - [2025-06-20T15:00:39.304+0000] {dag.py:3954} INFO - Setting next_dagrun for example_external_task_marker_parent to None, run_after=None
[2025-06-20T15:00:39.319+0000] {processor.py:183} INFO - Processing /home/airflow/.local/lib/python3.12/site-packages/airflow/example_dags/example_external_task_marker_dag.py took 0.068 seconds
[2025-06-20T15:01:09.453+0000] {processor.py:161} INFO - Started process (PID=3124) to work on /home/airflow/.local/lib/python3.12/site-packages/airflow/example_dags/example_external_task_marker_dag.py
[2025-06-20T15:01:09.454+0000] {processor.py:830} INFO - Processing file /home/airflow/.local/lib/python3.12/site-packages/airflow/example_dags/example_external_task_marker_dag.py for tasks to queue
[2025-06-20T15:01:09.455+0000] {logging_mixin.py:188} INFO - [2025-06-20T15:01:09.455+0000] {dagbag.py:540} INFO - Filling up the DagBag from /home/airflow/.local/lib/python3.12/site-packages/airflow/example_dags/example_external_task_marker_dag.py
[2025-06-20T15:01:09.461+0000] {processor.py:840} INFO - DAG(s) 'example_external_task_marker_parent', 'example_external_task_marker_child' retrieved from /home/airflow/.local/lib/python3.12/site-packages/airflow/example_dags/example_external_task_marker_dag.py
[2025-06-20T15:01:09.483+0000] {logging_mixin.py:188} INFO - [2025-06-20T15:01:09.483+0000] {dag.py:3096} INFO - Sync 2 DAGs
[2025-06-20T15:01:09.495+0000] {logging_mixin.py:188} INFO - [2025-06-20T15:01:09.495+0000] {dag.py:3954} INFO - Setting next_dagrun for example_external_task_marker_child to None, run_after=None
[2025-06-20T15:01:09.499+0000] {logging_mixin.py:188} INFO - [2025-06-20T15:01:09.498+0000] {dag.py:3954} INFO - Setting next_dagrun for example_external_task_marker_parent to None, run_after=None
[2025-06-20T15:01:09.512+0000] {processor.py:183} INFO - Processing /home/airflow/.local/lib/python3.12/site-packages/airflow/example_dags/example_external_task_marker_dag.py took 0.066 seconds
[2025-06-20T15:01:39.634+0000] {processor.py:161} INFO - Started process (PID=3183) to work on /home/airflow/.local/lib/python3.12/site-packages/airflow/example_dags/example_external_task_marker_dag.py
[2025-06-20T15:01:39.635+0000] {processor.py:830} INFO - Processing file /home/airflow/.local/lib/python3.12/site-packages/airflow/example_dags/example_external_task_marker_dag.py for tasks to queue
[2025-06-20T15:01:39.637+0000] {logging_mixin.py:188} INFO - [2025-06-20T15:01:39.637+0000] {dagbag.py:540} INFO - Filling up the DagBag from /home/airflow/.local/lib/python3.12/site-packages/airflow/example_dags/example_external_task_marker_dag.py
[2025-06-20T15:01:39.643+0000] {processor.py:840} INFO - DAG(s) 'example_external_task_marker_child', 'example_external_task_marker_parent' retrieved from /home/airflow/.local/lib/python3.12/site-packages/airflow/example_dags/example_external_task_marker_dag.py
[2025-06-20T15:01:39.664+0000] {logging_mixin.py:188} INFO - [2025-06-20T15:01:39.664+0000] {dag.py:3096} INFO - Sync 2 DAGs
[2025-06-20T15:01:39.677+0000] {logging_mixin.py:188} INFO - [2025-06-20T15:01:39.677+0000] {dag.py:3954} INFO - Setting next_dagrun for example_external_task_marker_child to None, run_after=None
[2025-06-20T15:01:39.680+0000] {logging_mixin.py:188} INFO - [2025-06-20T15:01:39.680+0000] {dag.py:3954} INFO - Setting next_dagrun for example_external_task_marker_parent to None, run_after=None
[2025-06-20T15:01:39.694+0000] {processor.py:183} INFO - Processing /home/airflow/.local/lib/python3.12/site-packages/airflow/example_dags/example_external_task_marker_dag.py took 0.066 seconds
[2025-06-20T15:02:10.348+0000] {processor.py:161} INFO - Started process (PID=3242) to work on /home/airflow/.local/lib/python3.12/site-packages/airflow/example_dags/example_external_task_marker_dag.py
[2025-06-20T15:02:10.349+0000] {processor.py:830} INFO - Processing file /home/airflow/.local/lib/python3.12/site-packages/airflow/example_dags/example_external_task_marker_dag.py for tasks to queue
[2025-06-20T15:02:10.351+0000] {logging_mixin.py:188} INFO - [2025-06-20T15:02:10.351+0000] {dagbag.py:540} INFO - Filling up the DagBag from /home/airflow/.local/lib/python3.12/site-packages/airflow/example_dags/example_external_task_marker_dag.py
[2025-06-20T15:02:10.357+0000] {processor.py:840} INFO - DAG(s) 'example_external_task_marker_child', 'example_external_task_marker_parent' retrieved from /home/airflow/.local/lib/python3.12/site-packages/airflow/example_dags/example_external_task_marker_dag.py
[2025-06-20T15:02:10.378+0000] {logging_mixin.py:188} INFO - [2025-06-20T15:02:10.378+0000] {dag.py:3096} INFO - Sync 2 DAGs
[2025-06-20T15:02:10.390+0000] {logging_mixin.py:188} INFO - [2025-06-20T15:02:10.390+0000] {dag.py:3954} INFO - Setting next_dagrun for example_external_task_marker_child to None, run_after=None
[2025-06-20T15:02:10.394+0000] {logging_mixin.py:188} INFO - [2025-06-20T15:02:10.393+0000] {dag.py:3954} INFO - Setting next_dagrun for example_external_task_marker_parent to None, run_after=None
[2025-06-20T15:02:10.407+0000] {processor.py:183} INFO - Processing /home/airflow/.local/lib/python3.12/site-packages/airflow/example_dags/example_external_task_marker_dag.py took 0.064 seconds
[2025-06-20T15:02:41.065+0000] {processor.py:161} INFO - Started process (PID=3301) to work on /home/airflow/.local/lib/python3.12/site-packages/airflow/example_dags/example_external_task_marker_dag.py
[2025-06-20T15:02:41.066+0000] {processor.py:830} INFO - Processing file /home/airflow/.local/lib/python3.12/site-packages/airflow/example_dags/example_external_task_marker_dag.py for tasks to queue
[2025-06-20T15:02:41.068+0000] {logging_mixin.py:188} INFO - [2025-06-20T15:02:41.068+0000] {dagbag.py:540} INFO - Filling up the DagBag from /home/airflow/.local/lib/python3.12/site-packages/airflow/example_dags/example_external_task_marker_dag.py
[2025-06-20T15:02:41.074+0000] {processor.py:840} INFO - DAG(s) 'example_external_task_marker_parent', 'example_external_task_marker_child' retrieved from /home/airflow/.local/lib/python3.12/site-packages/airflow/example_dags/example_external_task_marker_dag.py
[2025-06-20T15:02:41.096+0000] {logging_mixin.py:188} INFO - [2025-06-20T15:02:41.096+0000] {dag.py:3096} INFO - Sync 2 DAGs
[2025-06-20T15:02:41.108+0000] {logging_mixin.py:188} INFO - [2025-06-20T15:02:41.108+0000] {dag.py:3954} INFO - Setting next_dagrun for example_external_task_marker_child to None, run_after=None
[2025-06-20T15:02:41.112+0000] {logging_mixin.py:188} INFO - [2025-06-20T15:02:41.111+0000] {dag.py:3954} INFO - Setting next_dagrun for example_external_task_marker_parent to None, run_after=None
[2025-06-20T15:02:41.126+0000] {processor.py:183} INFO - Processing /home/airflow/.local/lib/python3.12/site-packages/airflow/example_dags/example_external_task_marker_dag.py took 0.066 seconds
[2025-06-20T15:03:11.719+0000] {processor.py:161} INFO - Started process (PID=3360) to work on /home/airflow/.local/lib/python3.12/site-packages/airflow/example_dags/example_external_task_marker_dag.py
[2025-06-20T15:03:11.720+0000] {processor.py:830} INFO - Processing file /home/airflow/.local/lib/python3.12/site-packages/airflow/example_dags/example_external_task_marker_dag.py for tasks to queue
[2025-06-20T15:03:11.722+0000] {logging_mixin.py:188} INFO - [2025-06-20T15:03:11.722+0000] {dagbag.py:540} INFO - Filling up the DagBag from /home/airflow/.local/lib/python3.12/site-packages/airflow/example_dags/example_external_task_marker_dag.py
[2025-06-20T15:03:11.729+0000] {processor.py:840} INFO - DAG(s) 'example_external_task_marker_parent', 'example_external_task_marker_child' retrieved from /home/airflow/.local/lib/python3.12/site-packages/airflow/example_dags/example_external_task_marker_dag.py
[2025-06-20T15:03:11.754+0000] {logging_mixin.py:188} INFO - [2025-06-20T15:03:11.753+0000] {dag.py:3096} INFO - Sync 2 DAGs
[2025-06-20T15:03:11.767+0000] {logging_mixin.py:188} INFO - [2025-06-20T15:03:11.767+0000] {dag.py:3954} INFO - Setting next_dagrun for example_external_task_marker_child to None, run_after=None
[2025-06-20T15:03:11.770+0000] {logging_mixin.py:188} INFO - [2025-06-20T15:03:11.770+0000] {dag.py:3954} INFO - Setting next_dagrun for example_external_task_marker_parent to None, run_after=None
[2025-06-20T15:03:11.785+0000] {processor.py:183} INFO - Processing /home/airflow/.local/lib/python3.12/site-packages/airflow/example_dags/example_external_task_marker_dag.py took 0.072 seconds
[2025-06-20T15:03:42.542+0000] {processor.py:161} INFO - Started process (PID=3419) to work on /home/airflow/.local/lib/python3.12/site-packages/airflow/example_dags/example_external_task_marker_dag.py
[2025-06-20T15:03:42.542+0000] {processor.py:830} INFO - Processing file /home/airflow/.local/lib/python3.12/site-packages/airflow/example_dags/example_external_task_marker_dag.py for tasks to queue
[2025-06-20T15:03:42.544+0000] {logging_mixin.py:188} INFO - [2025-06-20T15:03:42.544+0000] {dagbag.py:540} INFO - Filling up the DagBag from /home/airflow/.local/lib/python3.12/site-packages/airflow/example_dags/example_external_task_marker_dag.py
[2025-06-20T15:03:42.550+0000] {processor.py:840} INFO - DAG(s) 'example_external_task_marker_parent', 'example_external_task_marker_child' retrieved from /home/airflow/.local/lib/python3.12/site-packages/airflow/example_dags/example_external_task_marker_dag.py
[2025-06-20T15:03:42.571+0000] {logging_mixin.py:188} INFO - [2025-06-20T15:03:42.571+0000] {dag.py:3096} INFO - Sync 2 DAGs
[2025-06-20T15:03:42.583+0000] {logging_mixin.py:188} INFO - [2025-06-20T15:03:42.583+0000] {dag.py:3954} INFO - Setting next_dagrun for example_external_task_marker_child to None, run_after=None
[2025-06-20T15:03:42.586+0000] {logging_mixin.py:188} INFO - [2025-06-20T15:03:42.586+0000] {dag.py:3954} INFO - Setting next_dagrun for example_external_task_marker_parent to None, run_after=None
[2025-06-20T15:03:42.600+0000] {processor.py:183} INFO - Processing /home/airflow/.local/lib/python3.12/site-packages/airflow/example_dags/example_external_task_marker_dag.py took 0.064 seconds
[2025-06-20T15:04:12.924+0000] {processor.py:161} INFO - Started process (PID=3478) to work on /home/airflow/.local/lib/python3.12/site-packages/airflow/example_dags/example_external_task_marker_dag.py
[2025-06-20T15:04:12.925+0000] {processor.py:830} INFO - Processing file /home/airflow/.local/lib/python3.12/site-packages/airflow/example_dags/example_external_task_marker_dag.py for tasks to queue
[2025-06-20T15:04:12.927+0000] {logging_mixin.py:188} INFO - [2025-06-20T15:04:12.927+0000] {dagbag.py:540} INFO - Filling up the DagBag from /home/airflow/.local/lib/python3.12/site-packages/airflow/example_dags/example_external_task_marker_dag.py
[2025-06-20T15:04:12.933+0000] {processor.py:840} INFO - DAG(s) 'example_external_task_marker_child', 'example_external_task_marker_parent' retrieved from /home/airflow/.local/lib/python3.12/site-packages/airflow/example_dags/example_external_task_marker_dag.py
[2025-06-20T15:04:12.955+0000] {logging_mixin.py:188} INFO - [2025-06-20T15:04:12.954+0000] {dag.py:3096} INFO - Sync 2 DAGs
[2025-06-20T15:04:12.967+0000] {logging_mixin.py:188} INFO - [2025-06-20T15:04:12.967+0000] {dag.py:3954} INFO - Setting next_dagrun for example_external_task_marker_child to None, run_after=None
[2025-06-20T15:04:12.970+0000] {logging_mixin.py:188} INFO - [2025-06-20T15:04:12.970+0000] {dag.py:3954} INFO - Setting next_dagrun for example_external_task_marker_parent to None, run_after=None
[2025-06-20T15:04:12.983+0000] {processor.py:183} INFO - Processing /home/airflow/.local/lib/python3.12/site-packages/airflow/example_dags/example_external_task_marker_dag.py took 0.065 seconds
[2025-06-20T15:04:43.727+0000] {processor.py:161} INFO - Started process (PID=3537) to work on /home/airflow/.local/lib/python3.12/site-packages/airflow/example_dags/example_external_task_marker_dag.py
[2025-06-20T15:04:43.728+0000] {processor.py:830} INFO - Processing file /home/airflow/.local/lib/python3.12/site-packages/airflow/example_dags/example_external_task_marker_dag.py for tasks to queue
[2025-06-20T15:04:43.730+0000] {logging_mixin.py:188} INFO - [2025-06-20T15:04:43.729+0000] {dagbag.py:540} INFO - Filling up the DagBag from /home/airflow/.local/lib/python3.12/site-packages/airflow/example_dags/example_external_task_marker_dag.py
[2025-06-20T15:04:43.736+0000] {processor.py:840} INFO - DAG(s) 'example_external_task_marker_parent', 'example_external_task_marker_child' retrieved from /home/airflow/.local/lib/python3.12/site-packages/airflow/example_dags/example_external_task_marker_dag.py
[2025-06-20T15:04:43.758+0000] {logging_mixin.py:188} INFO - [2025-06-20T15:04:43.757+0000] {dag.py:3096} INFO - Sync 2 DAGs
[2025-06-20T15:04:43.770+0000] {logging_mixin.py:188} INFO - [2025-06-20T15:04:43.770+0000] {dag.py:3954} INFO - Setting next_dagrun for example_external_task_marker_child to None, run_after=None
[2025-06-20T15:04:43.773+0000] {logging_mixin.py:188} INFO - [2025-06-20T15:04:43.773+0000] {dag.py:3954} INFO - Setting next_dagrun for example_external_task_marker_parent to None, run_after=None
[2025-06-20T15:04:43.786+0000] {processor.py:183} INFO - Processing /home/airflow/.local/lib/python3.12/site-packages/airflow/example_dags/example_external_task_marker_dag.py took 0.065 seconds
[2025-06-20T15:05:13.881+0000] {processor.py:161} INFO - Started process (PID=3596) to work on /home/airflow/.local/lib/python3.12/site-packages/airflow/example_dags/example_external_task_marker_dag.py
[2025-06-20T15:05:13.882+0000] {processor.py:830} INFO - Processing file /home/airflow/.local/lib/python3.12/site-packages/airflow/example_dags/example_external_task_marker_dag.py for tasks to queue
[2025-06-20T15:05:13.884+0000] {logging_mixin.py:188} INFO - [2025-06-20T15:05:13.884+0000] {dagbag.py:540} INFO - Filling up the DagBag from /home/airflow/.local/lib/python3.12/site-packages/airflow/example_dags/example_external_task_marker_dag.py
[2025-06-20T15:05:13.890+0000] {processor.py:840} INFO - DAG(s) 'example_external_task_marker_child', 'example_external_task_marker_parent' retrieved from /home/airflow/.local/lib/python3.12/site-packages/airflow/example_dags/example_external_task_marker_dag.py
[2025-06-20T15:05:13.911+0000] {logging_mixin.py:188} INFO - [2025-06-20T15:05:13.911+0000] {dag.py:3096} INFO - Sync 2 DAGs
[2025-06-20T15:05:13.924+0000] {logging_mixin.py:188} INFO - [2025-06-20T15:05:13.924+0000] {dag.py:3954} INFO - Setting next_dagrun for example_external_task_marker_child to None, run_after=None
[2025-06-20T15:05:13.927+0000] {logging_mixin.py:188} INFO - [2025-06-20T15:05:13.927+0000] {dag.py:3954} INFO - Setting next_dagrun for example_external_task_marker_parent to None, run_after=None
[2025-06-20T15:05:13.941+0000] {processor.py:183} INFO - Processing /home/airflow/.local/lib/python3.12/site-packages/airflow/example_dags/example_external_task_marker_dag.py took 0.065 seconds
[2025-06-20T15:05:44.136+0000] {processor.py:161} INFO - Started process (PID=3655) to work on /home/airflow/.local/lib/python3.12/site-packages/airflow/example_dags/example_external_task_marker_dag.py
[2025-06-20T15:05:44.137+0000] {processor.py:830} INFO - Processing file /home/airflow/.local/lib/python3.12/site-packages/airflow/example_dags/example_external_task_marker_dag.py for tasks to queue
[2025-06-20T15:05:44.139+0000] {logging_mixin.py:188} INFO - [2025-06-20T15:05:44.138+0000] {dagbag.py:540} INFO - Filling up the DagBag from /home/airflow/.local/lib/python3.12/site-packages/airflow/example_dags/example_external_task_marker_dag.py
[2025-06-20T15:05:44.145+0000] {processor.py:840} INFO - DAG(s) 'example_external_task_marker_parent', 'example_external_task_marker_child' retrieved from /home/airflow/.local/lib/python3.12/site-packages/airflow/example_dags/example_external_task_marker_dag.py
[2025-06-20T15:05:44.166+0000] {logging_mixin.py:188} INFO - [2025-06-20T15:05:44.166+0000] {dag.py:3096} INFO - Sync 2 DAGs
[2025-06-20T15:05:44.178+0000] {logging_mixin.py:188} INFO - [2025-06-20T15:05:44.178+0000] {dag.py:3954} INFO - Setting next_dagrun for example_external_task_marker_child to None, run_after=None
[2025-06-20T15:05:44.182+0000] {logging_mixin.py:188} INFO - [2025-06-20T15:05:44.181+0000] {dag.py:3954} INFO - Setting next_dagrun for example_external_task_marker_parent to None, run_after=None
[2025-06-20T15:05:44.195+0000] {processor.py:183} INFO - Processing /home/airflow/.local/lib/python3.12/site-packages/airflow/example_dags/example_external_task_marker_dag.py took 0.065 seconds
[2025-06-20T15:06:14.514+0000] {processor.py:161} INFO - Started process (PID=3714) to work on /home/airflow/.local/lib/python3.12/site-packages/airflow/example_dags/example_external_task_marker_dag.py
[2025-06-20T15:06:14.514+0000] {processor.py:830} INFO - Processing file /home/airflow/.local/lib/python3.12/site-packages/airflow/example_dags/example_external_task_marker_dag.py for tasks to queue
[2025-06-20T15:06:14.516+0000] {logging_mixin.py:188} INFO - [2025-06-20T15:06:14.516+0000] {dagbag.py:540} INFO - Filling up the DagBag from /home/airflow/.local/lib/python3.12/site-packages/airflow/example_dags/example_external_task_marker_dag.py
[2025-06-20T15:06:14.522+0000] {processor.py:840} INFO - DAG(s) 'example_external_task_marker_child', 'example_external_task_marker_parent' retrieved from /home/airflow/.local/lib/python3.12/site-packages/airflow/example_dags/example_external_task_marker_dag.py
[2025-06-20T15:06:14.543+0000] {logging_mixin.py:188} INFO - [2025-06-20T15:06:14.543+0000] {dag.py:3096} INFO - Sync 2 DAGs
[2025-06-20T15:06:14.556+0000] {logging_mixin.py:188} INFO - [2025-06-20T15:06:14.556+0000] {dag.py:3954} INFO - Setting next_dagrun for example_external_task_marker_child to None, run_after=None
[2025-06-20T15:06:14.560+0000] {logging_mixin.py:188} INFO - [2025-06-20T15:06:14.560+0000] {dag.py:3954} INFO - Setting next_dagrun for example_external_task_marker_parent to None, run_after=None
[2025-06-20T15:06:14.574+0000] {processor.py:183} INFO - Processing /home/airflow/.local/lib/python3.12/site-packages/airflow/example_dags/example_external_task_marker_dag.py took 0.066 seconds
[2025-06-20T15:06:44.788+0000] {processor.py:161} INFO - Started process (PID=3773) to work on /home/airflow/.local/lib/python3.12/site-packages/airflow/example_dags/example_external_task_marker_dag.py
[2025-06-20T15:06:44.789+0000] {processor.py:830} INFO - Processing file /home/airflow/.local/lib/python3.12/site-packages/airflow/example_dags/example_external_task_marker_dag.py for tasks to queue
[2025-06-20T15:06:44.791+0000] {logging_mixin.py:188} INFO - [2025-06-20T15:06:44.791+0000] {dagbag.py:540} INFO - Filling up the DagBag from /home/airflow/.local/lib/python3.12/site-packages/airflow/example_dags/example_external_task_marker_dag.py
[2025-06-20T15:06:44.797+0000] {processor.py:840} INFO - DAG(s) 'example_external_task_marker_child', 'example_external_task_marker_parent' retrieved from /home/airflow/.local/lib/python3.12/site-packages/airflow/example_dags/example_external_task_marker_dag.py
[2025-06-20T15:06:44.818+0000] {logging_mixin.py:188} INFO - [2025-06-20T15:06:44.818+0000] {dag.py:3096} INFO - Sync 2 DAGs
[2025-06-20T15:06:44.830+0000] {logging_mixin.py:188} INFO - [2025-06-20T15:06:44.830+0000] {dag.py:3954} INFO - Setting next_dagrun for example_external_task_marker_child to None, run_after=None
[2025-06-20T15:06:44.833+0000] {logging_mixin.py:188} INFO - [2025-06-20T15:06:44.833+0000] {dag.py:3954} INFO - Setting next_dagrun for example_external_task_marker_parent to None, run_after=None
[2025-06-20T15:06:44.847+0000] {processor.py:183} INFO - Processing /home/airflow/.local/lib/python3.12/site-packages/airflow/example_dags/example_external_task_marker_dag.py took 0.064 seconds
[2025-06-20T15:07:15.124+0000] {processor.py:161} INFO - Started process (PID=3832) to work on /home/airflow/.local/lib/python3.12/site-packages/airflow/example_dags/example_external_task_marker_dag.py
[2025-06-20T15:07:15.125+0000] {processor.py:830} INFO - Processing file /home/airflow/.local/lib/python3.12/site-packages/airflow/example_dags/example_external_task_marker_dag.py for tasks to queue
[2025-06-20T15:07:15.127+0000] {logging_mixin.py:188} INFO - [2025-06-20T15:07:15.126+0000] {dagbag.py:540} INFO - Filling up the DagBag from /home/airflow/.local/lib/python3.12/site-packages/airflow/example_dags/example_external_task_marker_dag.py
[2025-06-20T15:07:15.133+0000] {processor.py:840} INFO - DAG(s) 'example_external_task_marker_parent', 'example_external_task_marker_child' retrieved from /home/airflow/.local/lib/python3.12/site-packages/airflow/example_dags/example_external_task_marker_dag.py
[2025-06-20T15:07:15.155+0000] {logging_mixin.py:188} INFO - [2025-06-20T15:07:15.155+0000] {dag.py:3096} INFO - Sync 2 DAGs
[2025-06-20T15:07:15.168+0000] {logging_mixin.py:188} INFO - [2025-06-20T15:07:15.167+0000] {dag.py:3954} INFO - Setting next_dagrun for example_external_task_marker_child to None, run_after=None
[2025-06-20T15:07:15.171+0000] {logging_mixin.py:188} INFO - [2025-06-20T15:07:15.171+0000] {dag.py:3954} INFO - Setting next_dagrun for example_external_task_marker_parent to None, run_after=None
[2025-06-20T15:07:15.185+0000] {processor.py:183} INFO - Processing /home/airflow/.local/lib/python3.12/site-packages/airflow/example_dags/example_external_task_marker_dag.py took 0.068 seconds
