[2025-06-20T14:34:48.802+0000] {processor.py:161} INFO - Started process (PID=108) to work on /home/airflow/.local/lib/python3.12/site-packages/airflow/example_dags/example_branch_python_dop_operator_3.py
[2025-06-20T14:34:48.803+0000] {processor.py:830} INFO - Processing file /home/airflow/.local/lib/python3.12/site-packages/airflow/example_dags/example_branch_python_dop_operator_3.py for tasks to queue
[2025-06-20T14:34:48.805+0000] {logging_mixin.py:188} INFO - [2025-06-20T14:34:48.804+0000] {dagbag.py:540} INFO - Filling up the DagBag from /home/airflow/.local/lib/python3.12/site-packages/airflow/example_dags/example_branch_python_dop_operator_3.py
[2025-06-20T14:34:48.814+0000] {processor.py:840} INFO - DAG(s) 'example_branch_dop_operator_v3' retrieved from /home/airflow/.local/lib/python3.12/site-packages/airflow/example_dags/example_branch_python_dop_operator_3.py
[2025-06-20T14:34:48.826+0000] {logging_mixin.py:188} INFO - [2025-06-20T14:34:48.825+0000] {dag.py:3096} INFO - Sync 1 DAGs
[2025-06-20T14:34:48.850+0000] {logging_mixin.py:188} INFO - [2025-06-20T14:34:48.849+0000] {dag.py:3954} INFO - Setting next_dagrun for example_branch_dop_operator_v3 to 2025-06-20 14:33:00+00:00, run_after=2025-06-20 14:34:00+00:00
[2025-06-20T14:34:48.865+0000] {processor.py:183} INFO - Processing /home/airflow/.local/lib/python3.12/site-packages/airflow/example_dags/example_branch_python_dop_operator_3.py took 0.069 seconds
[2025-06-20T14:35:20.612+0000] {processor.py:161} INFO - Started process (PID=166) to work on /home/airflow/.local/lib/python3.12/site-packages/airflow/example_dags/example_branch_python_dop_operator_3.py
[2025-06-20T14:35:20.613+0000] {processor.py:830} INFO - Processing file /home/airflow/.local/lib/python3.12/site-packages/airflow/example_dags/example_branch_python_dop_operator_3.py for tasks to queue
[2025-06-20T14:35:20.614+0000] {logging_mixin.py:188} INFO - [2025-06-20T14:35:20.614+0000] {dagbag.py:540} INFO - Filling up the DagBag from /home/airflow/.local/lib/python3.12/site-packages/airflow/example_dags/example_branch_python_dop_operator_3.py
[2025-06-20T14:35:20.623+0000] {processor.py:840} INFO - DAG(s) 'example_branch_dop_operator_v3' retrieved from /home/airflow/.local/lib/python3.12/site-packages/airflow/example_dags/example_branch_python_dop_operator_3.py
[2025-06-20T14:35:20.723+0000] {logging_mixin.py:188} INFO - [2025-06-20T14:35:20.723+0000] {dag.py:3096} INFO - Sync 1 DAGs
[2025-06-20T14:35:20.743+0000] {logging_mixin.py:188} INFO - [2025-06-20T14:35:20.743+0000] {dag.py:3954} INFO - Setting next_dagrun for example_branch_dop_operator_v3 to 2025-06-20 14:34:00+00:00, run_after=2025-06-20 14:35:00+00:00
[2025-06-20T14:35:20.758+0000] {processor.py:183} INFO - Processing /home/airflow/.local/lib/python3.12/site-packages/airflow/example_dags/example_branch_python_dop_operator_3.py took 0.153 seconds
[2025-06-20T14:35:51.027+0000] {processor.py:161} INFO - Started process (PID=224) to work on /home/airflow/.local/lib/python3.12/site-packages/airflow/example_dags/example_branch_python_dop_operator_3.py
[2025-06-20T14:35:51.028+0000] {processor.py:830} INFO - Processing file /home/airflow/.local/lib/python3.12/site-packages/airflow/example_dags/example_branch_python_dop_operator_3.py for tasks to queue
[2025-06-20T14:35:51.031+0000] {logging_mixin.py:188} INFO - [2025-06-20T14:35:51.030+0000] {dagbag.py:540} INFO - Filling up the DagBag from /home/airflow/.local/lib/python3.12/site-packages/airflow/example_dags/example_branch_python_dop_operator_3.py
[2025-06-20T14:35:51.041+0000] {processor.py:840} INFO - DAG(s) 'example_branch_dop_operator_v3' retrieved from /home/airflow/.local/lib/python3.12/site-packages/airflow/example_dags/example_branch_python_dop_operator_3.py
[2025-06-20T14:35:51.060+0000] {logging_mixin.py:188} INFO - [2025-06-20T14:35:51.060+0000] {dag.py:3096} INFO - Sync 1 DAGs
[2025-06-20T14:35:51.083+0000] {logging_mixin.py:188} INFO - [2025-06-20T14:35:51.083+0000] {dag.py:3954} INFO - Setting next_dagrun for example_branch_dop_operator_v3 to 2025-06-20 14:34:00+00:00, run_after=2025-06-20 14:35:00+00:00
[2025-06-20T14:35:51.098+0000] {processor.py:183} INFO - Processing /home/airflow/.local/lib/python3.12/site-packages/airflow/example_dags/example_branch_python_dop_operator_3.py took 0.078 seconds
[2025-06-20T14:36:22.069+0000] {processor.py:161} INFO - Started process (PID=282) to work on /home/airflow/.local/lib/python3.12/site-packages/airflow/example_dags/example_branch_python_dop_operator_3.py
[2025-06-20T14:36:22.070+0000] {processor.py:830} INFO - Processing file /home/airflow/.local/lib/python3.12/site-packages/airflow/example_dags/example_branch_python_dop_operator_3.py for tasks to queue
[2025-06-20T14:36:22.072+0000] {logging_mixin.py:188} INFO - [2025-06-20T14:36:22.072+0000] {dagbag.py:540} INFO - Filling up the DagBag from /home/airflow/.local/lib/python3.12/site-packages/airflow/example_dags/example_branch_python_dop_operator_3.py
[2025-06-20T14:36:22.082+0000] {processor.py:840} INFO - DAG(s) 'example_branch_dop_operator_v3' retrieved from /home/airflow/.local/lib/python3.12/site-packages/airflow/example_dags/example_branch_python_dop_operator_3.py
[2025-06-20T14:36:22.101+0000] {logging_mixin.py:188} INFO - [2025-06-20T14:36:22.101+0000] {dag.py:3096} INFO - Sync 1 DAGs
[2025-06-20T14:36:22.124+0000] {logging_mixin.py:188} INFO - [2025-06-20T14:36:22.124+0000] {dag.py:3954} INFO - Setting next_dagrun for example_branch_dop_operator_v3 to 2025-06-20 14:35:00+00:00, run_after=2025-06-20 14:36:00+00:00
[2025-06-20T14:36:22.141+0000] {processor.py:183} INFO - Processing /home/airflow/.local/lib/python3.12/site-packages/airflow/example_dags/example_branch_python_dop_operator_3.py took 0.078 seconds
[2025-06-20T14:36:52.685+0000] {processor.py:161} INFO - Started process (PID=340) to work on /home/airflow/.local/lib/python3.12/site-packages/airflow/example_dags/example_branch_python_dop_operator_3.py
[2025-06-20T14:36:52.686+0000] {processor.py:830} INFO - Processing file /home/airflow/.local/lib/python3.12/site-packages/airflow/example_dags/example_branch_python_dop_operator_3.py for tasks to queue
[2025-06-20T14:36:52.688+0000] {logging_mixin.py:188} INFO - [2025-06-20T14:36:52.687+0000] {dagbag.py:540} INFO - Filling up the DagBag from /home/airflow/.local/lib/python3.12/site-packages/airflow/example_dags/example_branch_python_dop_operator_3.py
[2025-06-20T14:36:52.697+0000] {processor.py:840} INFO - DAG(s) 'example_branch_dop_operator_v3' retrieved from /home/airflow/.local/lib/python3.12/site-packages/airflow/example_dags/example_branch_python_dop_operator_3.py
[2025-06-20T14:36:52.715+0000] {logging_mixin.py:188} INFO - [2025-06-20T14:36:52.715+0000] {dag.py:3096} INFO - Sync 1 DAGs
[2025-06-20T14:36:52.737+0000] {logging_mixin.py:188} INFO - [2025-06-20T14:36:52.737+0000] {dag.py:3954} INFO - Setting next_dagrun for example_branch_dop_operator_v3 to 2025-06-20 14:35:00+00:00, run_after=2025-06-20 14:36:00+00:00
[2025-06-20T14:36:52.753+0000] {processor.py:183} INFO - Processing /home/airflow/.local/lib/python3.12/site-packages/airflow/example_dags/example_branch_python_dop_operator_3.py took 0.073 seconds
[2025-06-20T14:37:23.188+0000] {processor.py:161} INFO - Started process (PID=415) to work on /home/airflow/.local/lib/python3.12/site-packages/airflow/example_dags/example_branch_python_dop_operator_3.py
[2025-06-20T14:37:23.189+0000] {processor.py:830} INFO - Processing file /home/airflow/.local/lib/python3.12/site-packages/airflow/example_dags/example_branch_python_dop_operator_3.py for tasks to queue
[2025-06-20T14:37:23.191+0000] {logging_mixin.py:188} INFO - [2025-06-20T14:37:23.191+0000] {dagbag.py:540} INFO - Filling up the DagBag from /home/airflow/.local/lib/python3.12/site-packages/airflow/example_dags/example_branch_python_dop_operator_3.py
[2025-06-20T14:37:23.199+0000] {processor.py:840} INFO - DAG(s) 'example_branch_dop_operator_v3' retrieved from /home/airflow/.local/lib/python3.12/site-packages/airflow/example_dags/example_branch_python_dop_operator_3.py
[2025-06-20T14:37:23.218+0000] {logging_mixin.py:188} INFO - [2025-06-20T14:37:23.217+0000] {dag.py:3096} INFO - Sync 1 DAGs
[2025-06-20T14:37:23.240+0000] {logging_mixin.py:188} INFO - [2025-06-20T14:37:23.240+0000] {dag.py:3954} INFO - Setting next_dagrun for example_branch_dop_operator_v3 to 2025-06-20 14:36:00+00:00, run_after=2025-06-20 14:37:00+00:00
[2025-06-20T14:37:23.255+0000] {processor.py:183} INFO - Processing /home/airflow/.local/lib/python3.12/site-packages/airflow/example_dags/example_branch_python_dop_operator_3.py took 0.073 seconds
[2025-06-20T14:37:53.704+0000] {processor.py:161} INFO - Started process (PID=472) to work on /home/airflow/.local/lib/python3.12/site-packages/airflow/example_dags/example_branch_python_dop_operator_3.py
[2025-06-20T14:37:53.705+0000] {processor.py:830} INFO - Processing file /home/airflow/.local/lib/python3.12/site-packages/airflow/example_dags/example_branch_python_dop_operator_3.py for tasks to queue
[2025-06-20T14:37:53.707+0000] {logging_mixin.py:188} INFO - [2025-06-20T14:37:53.707+0000] {dagbag.py:540} INFO - Filling up the DagBag from /home/airflow/.local/lib/python3.12/site-packages/airflow/example_dags/example_branch_python_dop_operator_3.py
[2025-06-20T14:37:53.715+0000] {processor.py:840} INFO - DAG(s) 'example_branch_dop_operator_v3' retrieved from /home/airflow/.local/lib/python3.12/site-packages/airflow/example_dags/example_branch_python_dop_operator_3.py
[2025-06-20T14:37:53.734+0000] {logging_mixin.py:188} INFO - [2025-06-20T14:37:53.734+0000] {dag.py:3096} INFO - Sync 1 DAGs
[2025-06-20T14:37:53.757+0000] {logging_mixin.py:188} INFO - [2025-06-20T14:37:53.757+0000] {dag.py:3954} INFO - Setting next_dagrun for example_branch_dop_operator_v3 to 2025-06-20 14:36:00+00:00, run_after=2025-06-20 14:37:00+00:00
[2025-06-20T14:37:53.772+0000] {processor.py:183} INFO - Processing /home/airflow/.local/lib/python3.12/site-packages/airflow/example_dags/example_branch_python_dop_operator_3.py took 0.074 seconds
[2025-06-20T14:38:24.300+0000] {processor.py:161} INFO - Started process (PID=530) to work on /home/airflow/.local/lib/python3.12/site-packages/airflow/example_dags/example_branch_python_dop_operator_3.py
[2025-06-20T14:38:24.301+0000] {processor.py:830} INFO - Processing file /home/airflow/.local/lib/python3.12/site-packages/airflow/example_dags/example_branch_python_dop_operator_3.py for tasks to queue
[2025-06-20T14:38:24.303+0000] {logging_mixin.py:188} INFO - [2025-06-20T14:38:24.303+0000] {dagbag.py:540} INFO - Filling up the DagBag from /home/airflow/.local/lib/python3.12/site-packages/airflow/example_dags/example_branch_python_dop_operator_3.py
[2025-06-20T14:38:24.312+0000] {processor.py:840} INFO - DAG(s) 'example_branch_dop_operator_v3' retrieved from /home/airflow/.local/lib/python3.12/site-packages/airflow/example_dags/example_branch_python_dop_operator_3.py
[2025-06-20T14:38:24.333+0000] {logging_mixin.py:188} INFO - [2025-06-20T14:38:24.333+0000] {dag.py:3096} INFO - Sync 1 DAGs
[2025-06-20T14:38:24.358+0000] {logging_mixin.py:188} INFO - [2025-06-20T14:38:24.358+0000] {dag.py:3954} INFO - Setting next_dagrun for example_branch_dop_operator_v3 to 2025-06-20 14:37:00+00:00, run_after=2025-06-20 14:38:00+00:00
[2025-06-20T14:38:24.375+0000] {processor.py:183} INFO - Processing /home/airflow/.local/lib/python3.12/site-packages/airflow/example_dags/example_branch_python_dop_operator_3.py took 0.080 seconds
[2025-06-20T14:38:55.137+0000] {processor.py:161} INFO - Started process (PID=588) to work on /home/airflow/.local/lib/python3.12/site-packages/airflow/example_dags/example_branch_python_dop_operator_3.py
[2025-06-20T14:38:55.138+0000] {processor.py:830} INFO - Processing file /home/airflow/.local/lib/python3.12/site-packages/airflow/example_dags/example_branch_python_dop_operator_3.py for tasks to queue
[2025-06-20T14:38:55.140+0000] {logging_mixin.py:188} INFO - [2025-06-20T14:38:55.139+0000] {dagbag.py:540} INFO - Filling up the DagBag from /home/airflow/.local/lib/python3.12/site-packages/airflow/example_dags/example_branch_python_dop_operator_3.py
[2025-06-20T14:38:55.148+0000] {processor.py:840} INFO - DAG(s) 'example_branch_dop_operator_v3' retrieved from /home/airflow/.local/lib/python3.12/site-packages/airflow/example_dags/example_branch_python_dop_operator_3.py
[2025-06-20T14:38:55.167+0000] {logging_mixin.py:188} INFO - [2025-06-20T14:38:55.167+0000] {dag.py:3096} INFO - Sync 1 DAGs
[2025-06-20T14:38:55.190+0000] {logging_mixin.py:188} INFO - [2025-06-20T14:38:55.190+0000] {dag.py:3954} INFO - Setting next_dagrun for example_branch_dop_operator_v3 to 2025-06-20 14:37:00+00:00, run_after=2025-06-20 14:38:00+00:00
[2025-06-20T14:38:55.205+0000] {processor.py:183} INFO - Processing /home/airflow/.local/lib/python3.12/site-packages/airflow/example_dags/example_branch_python_dop_operator_3.py took 0.074 seconds
[2025-06-20T14:39:25.343+0000] {processor.py:161} INFO - Started process (PID=646) to work on /home/airflow/.local/lib/python3.12/site-packages/airflow/example_dags/example_branch_python_dop_operator_3.py
[2025-06-20T14:39:25.344+0000] {processor.py:830} INFO - Processing file /home/airflow/.local/lib/python3.12/site-packages/airflow/example_dags/example_branch_python_dop_operator_3.py for tasks to queue
[2025-06-20T14:39:25.346+0000] {logging_mixin.py:188} INFO - [2025-06-20T14:39:25.346+0000] {dagbag.py:540} INFO - Filling up the DagBag from /home/airflow/.local/lib/python3.12/site-packages/airflow/example_dags/example_branch_python_dop_operator_3.py
[2025-06-20T14:39:25.354+0000] {processor.py:840} INFO - DAG(s) 'example_branch_dop_operator_v3' retrieved from /home/airflow/.local/lib/python3.12/site-packages/airflow/example_dags/example_branch_python_dop_operator_3.py
[2025-06-20T14:39:25.374+0000] {logging_mixin.py:188} INFO - [2025-06-20T14:39:25.374+0000] {dag.py:3096} INFO - Sync 1 DAGs
[2025-06-20T14:39:25.398+0000] {logging_mixin.py:188} INFO - [2025-06-20T14:39:25.397+0000] {dag.py:3954} INFO - Setting next_dagrun for example_branch_dop_operator_v3 to 2025-06-20 14:38:00+00:00, run_after=2025-06-20 14:39:00+00:00
[2025-06-20T14:39:25.413+0000] {processor.py:183} INFO - Processing /home/airflow/.local/lib/python3.12/site-packages/airflow/example_dags/example_branch_python_dop_operator_3.py took 0.076 seconds
[2025-06-20T14:39:55.731+0000] {processor.py:161} INFO - Started process (PID=704) to work on /home/airflow/.local/lib/python3.12/site-packages/airflow/example_dags/example_branch_python_dop_operator_3.py
[2025-06-20T14:39:55.732+0000] {processor.py:830} INFO - Processing file /home/airflow/.local/lib/python3.12/site-packages/airflow/example_dags/example_branch_python_dop_operator_3.py for tasks to queue
[2025-06-20T14:39:55.733+0000] {logging_mixin.py:188} INFO - [2025-06-20T14:39:55.733+0000] {dagbag.py:540} INFO - Filling up the DagBag from /home/airflow/.local/lib/python3.12/site-packages/airflow/example_dags/example_branch_python_dop_operator_3.py
[2025-06-20T14:39:55.742+0000] {processor.py:840} INFO - DAG(s) 'example_branch_dop_operator_v3' retrieved from /home/airflow/.local/lib/python3.12/site-packages/airflow/example_dags/example_branch_python_dop_operator_3.py
[2025-06-20T14:39:55.762+0000] {logging_mixin.py:188} INFO - [2025-06-20T14:39:55.762+0000] {dag.py:3096} INFO - Sync 1 DAGs
[2025-06-20T14:39:55.785+0000] {logging_mixin.py:188} INFO - [2025-06-20T14:39:55.785+0000] {dag.py:3954} INFO - Setting next_dagrun for example_branch_dop_operator_v3 to 2025-06-20 14:38:00+00:00, run_after=2025-06-20 14:39:00+00:00
[2025-06-20T14:39:55.802+0000] {processor.py:183} INFO - Processing /home/airflow/.local/lib/python3.12/site-packages/airflow/example_dags/example_branch_python_dop_operator_3.py took 0.077 seconds
[2025-06-20T14:40:25.968+0000] {processor.py:161} INFO - Started process (PID=762) to work on /home/airflow/.local/lib/python3.12/site-packages/airflow/example_dags/example_branch_python_dop_operator_3.py
[2025-06-20T14:40:25.969+0000] {processor.py:830} INFO - Processing file /home/airflow/.local/lib/python3.12/site-packages/airflow/example_dags/example_branch_python_dop_operator_3.py for tasks to queue
[2025-06-20T14:40:25.970+0000] {logging_mixin.py:188} INFO - [2025-06-20T14:40:25.970+0000] {dagbag.py:540} INFO - Filling up the DagBag from /home/airflow/.local/lib/python3.12/site-packages/airflow/example_dags/example_branch_python_dop_operator_3.py
[2025-06-20T14:40:25.979+0000] {processor.py:840} INFO - DAG(s) 'example_branch_dop_operator_v3' retrieved from /home/airflow/.local/lib/python3.12/site-packages/airflow/example_dags/example_branch_python_dop_operator_3.py
[2025-06-20T14:40:25.999+0000] {logging_mixin.py:188} INFO - [2025-06-20T14:40:25.999+0000] {dag.py:3096} INFO - Sync 1 DAGs
[2025-06-20T14:40:26.022+0000] {logging_mixin.py:188} INFO - [2025-06-20T14:40:26.022+0000] {dag.py:3954} INFO - Setting next_dagrun for example_branch_dop_operator_v3 to 2025-06-20 14:39:00+00:00, run_after=2025-06-20 14:40:00+00:00
[2025-06-20T14:40:26.037+0000] {processor.py:183} INFO - Processing /home/airflow/.local/lib/python3.12/site-packages/airflow/example_dags/example_branch_python_dop_operator_3.py took 0.076 seconds
[2025-06-20T14:40:56.194+0000] {processor.py:161} INFO - Started process (PID=820) to work on /home/airflow/.local/lib/python3.12/site-packages/airflow/example_dags/example_branch_python_dop_operator_3.py
[2025-06-20T14:40:56.195+0000] {processor.py:830} INFO - Processing file /home/airflow/.local/lib/python3.12/site-packages/airflow/example_dags/example_branch_python_dop_operator_3.py for tasks to queue
[2025-06-20T14:40:56.197+0000] {logging_mixin.py:188} INFO - [2025-06-20T14:40:56.197+0000] {dagbag.py:540} INFO - Filling up the DagBag from /home/airflow/.local/lib/python3.12/site-packages/airflow/example_dags/example_branch_python_dop_operator_3.py
[2025-06-20T14:40:56.205+0000] {processor.py:840} INFO - DAG(s) 'example_branch_dop_operator_v3' retrieved from /home/airflow/.local/lib/python3.12/site-packages/airflow/example_dags/example_branch_python_dop_operator_3.py
[2025-06-20T14:40:56.224+0000] {logging_mixin.py:188} INFO - [2025-06-20T14:40:56.224+0000] {dag.py:3096} INFO - Sync 1 DAGs
[2025-06-20T14:40:56.248+0000] {logging_mixin.py:188} INFO - [2025-06-20T14:40:56.248+0000] {dag.py:3954} INFO - Setting next_dagrun for example_branch_dop_operator_v3 to 2025-06-20 14:39:00+00:00, run_after=2025-06-20 14:40:00+00:00
[2025-06-20T14:40:56.264+0000] {processor.py:183} INFO - Processing /home/airflow/.local/lib/python3.12/site-packages/airflow/example_dags/example_branch_python_dop_operator_3.py took 0.076 seconds
[2025-06-20T14:41:26.880+0000] {processor.py:161} INFO - Started process (PID=878) to work on /home/airflow/.local/lib/python3.12/site-packages/airflow/example_dags/example_branch_python_dop_operator_3.py
[2025-06-20T14:41:26.881+0000] {processor.py:830} INFO - Processing file /home/airflow/.local/lib/python3.12/site-packages/airflow/example_dags/example_branch_python_dop_operator_3.py for tasks to queue
[2025-06-20T14:41:26.883+0000] {logging_mixin.py:188} INFO - [2025-06-20T14:41:26.883+0000] {dagbag.py:540} INFO - Filling up the DagBag from /home/airflow/.local/lib/python3.12/site-packages/airflow/example_dags/example_branch_python_dop_operator_3.py
[2025-06-20T14:41:26.891+0000] {processor.py:840} INFO - DAG(s) 'example_branch_dop_operator_v3' retrieved from /home/airflow/.local/lib/python3.12/site-packages/airflow/example_dags/example_branch_python_dop_operator_3.py
[2025-06-20T14:41:26.914+0000] {logging_mixin.py:188} INFO - [2025-06-20T14:41:26.914+0000] {dag.py:3096} INFO - Sync 1 DAGs
[2025-06-20T14:41:26.938+0000] {logging_mixin.py:188} INFO - [2025-06-20T14:41:26.938+0000] {dag.py:3954} INFO - Setting next_dagrun for example_branch_dop_operator_v3 to 2025-06-20 14:40:00+00:00, run_after=2025-06-20 14:41:00+00:00
[2025-06-20T14:41:26.954+0000] {processor.py:183} INFO - Processing /home/airflow/.local/lib/python3.12/site-packages/airflow/example_dags/example_branch_python_dop_operator_3.py took 0.081 seconds
[2025-06-20T14:41:57.999+0000] {processor.py:161} INFO - Started process (PID=936) to work on /home/airflow/.local/lib/python3.12/site-packages/airflow/example_dags/example_branch_python_dop_operator_3.py
[2025-06-20T14:41:58.000+0000] {processor.py:830} INFO - Processing file /home/airflow/.local/lib/python3.12/site-packages/airflow/example_dags/example_branch_python_dop_operator_3.py for tasks to queue
[2025-06-20T14:41:58.002+0000] {logging_mixin.py:188} INFO - [2025-06-20T14:41:58.002+0000] {dagbag.py:540} INFO - Filling up the DagBag from /home/airflow/.local/lib/python3.12/site-packages/airflow/example_dags/example_branch_python_dop_operator_3.py
[2025-06-20T14:41:58.011+0000] {processor.py:840} INFO - DAG(s) 'example_branch_dop_operator_v3' retrieved from /home/airflow/.local/lib/python3.12/site-packages/airflow/example_dags/example_branch_python_dop_operator_3.py
[2025-06-20T14:41:58.030+0000] {logging_mixin.py:188} INFO - [2025-06-20T14:41:58.030+0000] {dag.py:3096} INFO - Sync 1 DAGs
[2025-06-20T14:41:58.056+0000] {logging_mixin.py:188} INFO - [2025-06-20T14:41:58.056+0000] {dag.py:3954} INFO - Setting next_dagrun for example_branch_dop_operator_v3 to 2025-06-20 14:40:00+00:00, run_after=2025-06-20 14:41:00+00:00
[2025-06-20T14:41:58.071+0000] {processor.py:183} INFO - Processing /home/airflow/.local/lib/python3.12/site-packages/airflow/example_dags/example_branch_python_dop_operator_3.py took 0.078 seconds
[2025-06-20T14:42:28.386+0000] {processor.py:161} INFO - Started process (PID=994) to work on /home/airflow/.local/lib/python3.12/site-packages/airflow/example_dags/example_branch_python_dop_operator_3.py
[2025-06-20T14:42:28.387+0000] {processor.py:830} INFO - Processing file /home/airflow/.local/lib/python3.12/site-packages/airflow/example_dags/example_branch_python_dop_operator_3.py for tasks to queue
[2025-06-20T14:42:28.389+0000] {logging_mixin.py:188} INFO - [2025-06-20T14:42:28.389+0000] {dagbag.py:540} INFO - Filling up the DagBag from /home/airflow/.local/lib/python3.12/site-packages/airflow/example_dags/example_branch_python_dop_operator_3.py
[2025-06-20T14:42:28.398+0000] {processor.py:840} INFO - DAG(s) 'example_branch_dop_operator_v3' retrieved from /home/airflow/.local/lib/python3.12/site-packages/airflow/example_dags/example_branch_python_dop_operator_3.py
[2025-06-20T14:42:28.417+0000] {logging_mixin.py:188} INFO - [2025-06-20T14:42:28.417+0000] {dag.py:3096} INFO - Sync 1 DAGs
[2025-06-20T14:42:28.443+0000] {logging_mixin.py:188} INFO - [2025-06-20T14:42:28.443+0000] {dag.py:3954} INFO - Setting next_dagrun for example_branch_dop_operator_v3 to 2025-06-20 14:41:00+00:00, run_after=2025-06-20 14:42:00+00:00
[2025-06-20T14:42:28.459+0000] {processor.py:183} INFO - Processing /home/airflow/.local/lib/python3.12/site-packages/airflow/example_dags/example_branch_python_dop_operator_3.py took 0.079 seconds
[2025-06-20T14:42:58.764+0000] {processor.py:161} INFO - Started process (PID=1052) to work on /home/airflow/.local/lib/python3.12/site-packages/airflow/example_dags/example_branch_python_dop_operator_3.py
[2025-06-20T14:42:58.765+0000] {processor.py:830} INFO - Processing file /home/airflow/.local/lib/python3.12/site-packages/airflow/example_dags/example_branch_python_dop_operator_3.py for tasks to queue
[2025-06-20T14:42:58.767+0000] {logging_mixin.py:188} INFO - [2025-06-20T14:42:58.767+0000] {dagbag.py:540} INFO - Filling up the DagBag from /home/airflow/.local/lib/python3.12/site-packages/airflow/example_dags/example_branch_python_dop_operator_3.py
[2025-06-20T14:42:58.775+0000] {processor.py:840} INFO - DAG(s) 'example_branch_dop_operator_v3' retrieved from /home/airflow/.local/lib/python3.12/site-packages/airflow/example_dags/example_branch_python_dop_operator_3.py
[2025-06-20T14:42:58.794+0000] {logging_mixin.py:188} INFO - [2025-06-20T14:42:58.794+0000] {dag.py:3096} INFO - Sync 1 DAGs
[2025-06-20T14:42:58.817+0000] {logging_mixin.py:188} INFO - [2025-06-20T14:42:58.817+0000] {dag.py:3954} INFO - Setting next_dagrun for example_branch_dop_operator_v3 to 2025-06-20 14:41:00+00:00, run_after=2025-06-20 14:42:00+00:00
[2025-06-20T14:42:58.833+0000] {processor.py:183} INFO - Processing /home/airflow/.local/lib/python3.12/site-packages/airflow/example_dags/example_branch_python_dop_operator_3.py took 0.075 seconds
[2025-06-20T14:43:29.509+0000] {processor.py:161} INFO - Started process (PID=1110) to work on /home/airflow/.local/lib/python3.12/site-packages/airflow/example_dags/example_branch_python_dop_operator_3.py
[2025-06-20T14:43:29.510+0000] {processor.py:830} INFO - Processing file /home/airflow/.local/lib/python3.12/site-packages/airflow/example_dags/example_branch_python_dop_operator_3.py for tasks to queue
[2025-06-20T14:43:29.512+0000] {logging_mixin.py:188} INFO - [2025-06-20T14:43:29.512+0000] {dagbag.py:540} INFO - Filling up the DagBag from /home/airflow/.local/lib/python3.12/site-packages/airflow/example_dags/example_branch_python_dop_operator_3.py
[2025-06-20T14:43:29.521+0000] {processor.py:840} INFO - DAG(s) 'example_branch_dop_operator_v3' retrieved from /home/airflow/.local/lib/python3.12/site-packages/airflow/example_dags/example_branch_python_dop_operator_3.py
[2025-06-20T14:43:29.540+0000] {logging_mixin.py:188} INFO - [2025-06-20T14:43:29.540+0000] {dag.py:3096} INFO - Sync 1 DAGs
[2025-06-20T14:43:29.563+0000] {logging_mixin.py:188} INFO - [2025-06-20T14:43:29.563+0000] {dag.py:3954} INFO - Setting next_dagrun for example_branch_dop_operator_v3 to 2025-06-20 14:42:00+00:00, run_after=2025-06-20 14:43:00+00:00
[2025-06-20T14:43:29.579+0000] {processor.py:183} INFO - Processing /home/airflow/.local/lib/python3.12/site-packages/airflow/example_dags/example_branch_python_dop_operator_3.py took 0.076 seconds
[2025-06-20T14:44:00.653+0000] {processor.py:161} INFO - Started process (PID=1168) to work on /home/airflow/.local/lib/python3.12/site-packages/airflow/example_dags/example_branch_python_dop_operator_3.py
[2025-06-20T14:44:00.654+0000] {processor.py:830} INFO - Processing file /home/airflow/.local/lib/python3.12/site-packages/airflow/example_dags/example_branch_python_dop_operator_3.py for tasks to queue
[2025-06-20T14:44:00.656+0000] {logging_mixin.py:188} INFO - [2025-06-20T14:44:00.655+0000] {dagbag.py:540} INFO - Filling up the DagBag from /home/airflow/.local/lib/python3.12/site-packages/airflow/example_dags/example_branch_python_dop_operator_3.py
[2025-06-20T14:44:00.664+0000] {processor.py:840} INFO - DAG(s) 'example_branch_dop_operator_v3' retrieved from /home/airflow/.local/lib/python3.12/site-packages/airflow/example_dags/example_branch_python_dop_operator_3.py
[2025-06-20T14:44:00.682+0000] {logging_mixin.py:188} INFO - [2025-06-20T14:44:00.682+0000] {dag.py:3096} INFO - Sync 1 DAGs
[2025-06-20T14:44:00.848+0000] {logging_mixin.py:188} INFO - [2025-06-20T14:44:00.848+0000] {dag.py:3954} INFO - Setting next_dagrun for example_branch_dop_operator_v3 to 2025-06-20 14:43:00+00:00, run_after=2025-06-20 14:44:00+00:00
[2025-06-20T14:44:00.863+0000] {processor.py:183} INFO - Processing /home/airflow/.local/lib/python3.12/site-packages/airflow/example_dags/example_branch_python_dop_operator_3.py took 0.216 seconds
[2025-06-20T14:44:31.094+0000] {processor.py:161} INFO - Started process (PID=1228) to work on /home/airflow/.local/lib/python3.12/site-packages/airflow/example_dags/example_branch_python_dop_operator_3.py
[2025-06-20T14:44:31.095+0000] {processor.py:830} INFO - Processing file /home/airflow/.local/lib/python3.12/site-packages/airflow/example_dags/example_branch_python_dop_operator_3.py for tasks to queue
[2025-06-20T14:44:31.096+0000] {logging_mixin.py:188} INFO - [2025-06-20T14:44:31.096+0000] {dagbag.py:540} INFO - Filling up the DagBag from /home/airflow/.local/lib/python3.12/site-packages/airflow/example_dags/example_branch_python_dop_operator_3.py
[2025-06-20T14:44:31.105+0000] {processor.py:840} INFO - DAG(s) 'example_branch_dop_operator_v3' retrieved from /home/airflow/.local/lib/python3.12/site-packages/airflow/example_dags/example_branch_python_dop_operator_3.py
[2025-06-20T14:44:31.124+0000] {logging_mixin.py:188} INFO - [2025-06-20T14:44:31.124+0000] {dag.py:3096} INFO - Sync 1 DAGs
[2025-06-20T14:44:31.148+0000] {logging_mixin.py:188} INFO - [2025-06-20T14:44:31.147+0000] {dag.py:3954} INFO - Setting next_dagrun for example_branch_dop_operator_v3 to 2025-06-20 14:43:00+00:00, run_after=2025-06-20 14:44:00+00:00
[2025-06-20T14:44:31.271+0000] {processor.py:183} INFO - Processing /home/airflow/.local/lib/python3.12/site-packages/airflow/example_dags/example_branch_python_dop_operator_3.py took 0.184 seconds
[2025-06-20T14:45:01.631+0000] {processor.py:161} INFO - Started process (PID=1284) to work on /home/airflow/.local/lib/python3.12/site-packages/airflow/example_dags/example_branch_python_dop_operator_3.py
[2025-06-20T14:45:01.632+0000] {processor.py:830} INFO - Processing file /home/airflow/.local/lib/python3.12/site-packages/airflow/example_dags/example_branch_python_dop_operator_3.py for tasks to queue
[2025-06-20T14:45:01.634+0000] {logging_mixin.py:188} INFO - [2025-06-20T14:45:01.634+0000] {dagbag.py:540} INFO - Filling up the DagBag from /home/airflow/.local/lib/python3.12/site-packages/airflow/example_dags/example_branch_python_dop_operator_3.py
[2025-06-20T14:45:01.642+0000] {processor.py:840} INFO - DAG(s) 'example_branch_dop_operator_v3' retrieved from /home/airflow/.local/lib/python3.12/site-packages/airflow/example_dags/example_branch_python_dop_operator_3.py
[2025-06-20T14:45:01.660+0000] {logging_mixin.py:188} INFO - [2025-06-20T14:45:01.660+0000] {dag.py:3096} INFO - Sync 1 DAGs
[2025-06-20T14:45:01.683+0000] {logging_mixin.py:188} INFO - [2025-06-20T14:45:01.682+0000] {dag.py:3954} INFO - Setting next_dagrun for example_branch_dop_operator_v3 to 2025-06-20 14:44:00+00:00, run_after=2025-06-20 14:45:00+00:00
[2025-06-20T14:45:01.698+0000] {processor.py:183} INFO - Processing /home/airflow/.local/lib/python3.12/site-packages/airflow/example_dags/example_branch_python_dop_operator_3.py took 0.073 seconds
[2025-06-20T14:45:32.218+0000] {processor.py:161} INFO - Started process (PID=1343) to work on /home/airflow/.local/lib/python3.12/site-packages/airflow/example_dags/example_branch_python_dop_operator_3.py
[2025-06-20T14:45:32.218+0000] {processor.py:830} INFO - Processing file /home/airflow/.local/lib/python3.12/site-packages/airflow/example_dags/example_branch_python_dop_operator_3.py for tasks to queue
[2025-06-20T14:45:32.221+0000] {logging_mixin.py:188} INFO - [2025-06-20T14:45:32.220+0000] {dagbag.py:540} INFO - Filling up the DagBag from /home/airflow/.local/lib/python3.12/site-packages/airflow/example_dags/example_branch_python_dop_operator_3.py
[2025-06-20T14:45:32.230+0000] {processor.py:840} INFO - DAG(s) 'example_branch_dop_operator_v3' retrieved from /home/airflow/.local/lib/python3.12/site-packages/airflow/example_dags/example_branch_python_dop_operator_3.py
[2025-06-20T14:45:32.248+0000] {logging_mixin.py:188} INFO - [2025-06-20T14:45:32.248+0000] {dag.py:3096} INFO - Sync 1 DAGs
[2025-06-20T14:45:32.272+0000] {logging_mixin.py:188} INFO - [2025-06-20T14:45:32.272+0000] {dag.py:3954} INFO - Setting next_dagrun for example_branch_dop_operator_v3 to 2025-06-20 14:44:00+00:00, run_after=2025-06-20 14:45:00+00:00
[2025-06-20T14:45:32.288+0000] {processor.py:183} INFO - Processing /home/airflow/.local/lib/python3.12/site-packages/airflow/example_dags/example_branch_python_dop_operator_3.py took 0.076 seconds
[2025-06-20T14:46:02.459+0000] {processor.py:161} INFO - Started process (PID=1402) to work on /home/airflow/.local/lib/python3.12/site-packages/airflow/example_dags/example_branch_python_dop_operator_3.py
[2025-06-20T14:46:02.459+0000] {processor.py:830} INFO - Processing file /home/airflow/.local/lib/python3.12/site-packages/airflow/example_dags/example_branch_python_dop_operator_3.py for tasks to queue
[2025-06-20T14:46:02.461+0000] {logging_mixin.py:188} INFO - [2025-06-20T14:46:02.461+0000] {dagbag.py:540} INFO - Filling up the DagBag from /home/airflow/.local/lib/python3.12/site-packages/airflow/example_dags/example_branch_python_dop_operator_3.py
[2025-06-20T14:46:02.471+0000] {processor.py:840} INFO - DAG(s) 'example_branch_dop_operator_v3' retrieved from /home/airflow/.local/lib/python3.12/site-packages/airflow/example_dags/example_branch_python_dop_operator_3.py
[2025-06-20T14:46:02.490+0000] {logging_mixin.py:188} INFO - [2025-06-20T14:46:02.490+0000] {dag.py:3096} INFO - Sync 1 DAGs
[2025-06-20T14:46:02.515+0000] {logging_mixin.py:188} INFO - [2025-06-20T14:46:02.514+0000] {dag.py:3954} INFO - Setting next_dagrun for example_branch_dop_operator_v3 to 2025-06-20 14:45:00+00:00, run_after=2025-06-20 14:46:00+00:00
[2025-06-20T14:46:02.530+0000] {processor.py:183} INFO - Processing /home/airflow/.local/lib/python3.12/site-packages/airflow/example_dags/example_branch_python_dop_operator_3.py took 0.079 seconds
[2025-06-20T14:46:32.791+0000] {processor.py:161} INFO - Started process (PID=1460) to work on /home/airflow/.local/lib/python3.12/site-packages/airflow/example_dags/example_branch_python_dop_operator_3.py
[2025-06-20T14:46:32.792+0000] {processor.py:830} INFO - Processing file /home/airflow/.local/lib/python3.12/site-packages/airflow/example_dags/example_branch_python_dop_operator_3.py for tasks to queue
[2025-06-20T14:46:32.794+0000] {logging_mixin.py:188} INFO - [2025-06-20T14:46:32.793+0000] {dagbag.py:540} INFO - Filling up the DagBag from /home/airflow/.local/lib/python3.12/site-packages/airflow/example_dags/example_branch_python_dop_operator_3.py
[2025-06-20T14:46:32.802+0000] {processor.py:840} INFO - DAG(s) 'example_branch_dop_operator_v3' retrieved from /home/airflow/.local/lib/python3.12/site-packages/airflow/example_dags/example_branch_python_dop_operator_3.py
[2025-06-20T14:46:32.820+0000] {logging_mixin.py:188} INFO - [2025-06-20T14:46:32.819+0000] {dag.py:3096} INFO - Sync 1 DAGs
[2025-06-20T14:46:32.842+0000] {logging_mixin.py:188} INFO - [2025-06-20T14:46:32.842+0000] {dag.py:3954} INFO - Setting next_dagrun for example_branch_dop_operator_v3 to 2025-06-20 14:45:00+00:00, run_after=2025-06-20 14:46:00+00:00
[2025-06-20T14:46:32.857+0000] {processor.py:183} INFO - Processing /home/airflow/.local/lib/python3.12/site-packages/airflow/example_dags/example_branch_python_dop_operator_3.py took 0.073 seconds
[2025-06-20T14:47:02.936+0000] {processor.py:161} INFO - Started process (PID=1517) to work on /home/airflow/.local/lib/python3.12/site-packages/airflow/example_dags/example_branch_python_dop_operator_3.py
[2025-06-20T14:47:02.937+0000] {processor.py:830} INFO - Processing file /home/airflow/.local/lib/python3.12/site-packages/airflow/example_dags/example_branch_python_dop_operator_3.py for tasks to queue
[2025-06-20T14:47:02.939+0000] {logging_mixin.py:188} INFO - [2025-06-20T14:47:02.938+0000] {dagbag.py:540} INFO - Filling up the DagBag from /home/airflow/.local/lib/python3.12/site-packages/airflow/example_dags/example_branch_python_dop_operator_3.py
[2025-06-20T14:47:02.948+0000] {processor.py:840} INFO - DAG(s) 'example_branch_dop_operator_v3' retrieved from /home/airflow/.local/lib/python3.12/site-packages/airflow/example_dags/example_branch_python_dop_operator_3.py
[2025-06-20T14:47:02.967+0000] {logging_mixin.py:188} INFO - [2025-06-20T14:47:02.966+0000] {dag.py:3096} INFO - Sync 1 DAGs
[2025-06-20T14:47:02.990+0000] {logging_mixin.py:188} INFO - [2025-06-20T14:47:02.990+0000] {dag.py:3954} INFO - Setting next_dagrun for example_branch_dop_operator_v3 to 2025-06-20 14:46:00+00:00, run_after=2025-06-20 14:47:00+00:00
[2025-06-20T14:47:03.006+0000] {processor.py:183} INFO - Processing /home/airflow/.local/lib/python3.12/site-packages/airflow/example_dags/example_branch_python_dop_operator_3.py took 0.077 seconds
[2025-06-20T14:47:33.248+0000] {processor.py:161} INFO - Started process (PID=1575) to work on /home/airflow/.local/lib/python3.12/site-packages/airflow/example_dags/example_branch_python_dop_operator_3.py
[2025-06-20T14:47:33.249+0000] {processor.py:830} INFO - Processing file /home/airflow/.local/lib/python3.12/site-packages/airflow/example_dags/example_branch_python_dop_operator_3.py for tasks to queue
[2025-06-20T14:47:33.251+0000] {logging_mixin.py:188} INFO - [2025-06-20T14:47:33.251+0000] {dagbag.py:540} INFO - Filling up the DagBag from /home/airflow/.local/lib/python3.12/site-packages/airflow/example_dags/example_branch_python_dop_operator_3.py
[2025-06-20T14:47:33.260+0000] {processor.py:840} INFO - DAG(s) 'example_branch_dop_operator_v3' retrieved from /home/airflow/.local/lib/python3.12/site-packages/airflow/example_dags/example_branch_python_dop_operator_3.py
[2025-06-20T14:47:33.279+0000] {logging_mixin.py:188} INFO - [2025-06-20T14:47:33.279+0000] {dag.py:3096} INFO - Sync 1 DAGs
[2025-06-20T14:47:33.302+0000] {logging_mixin.py:188} INFO - [2025-06-20T14:47:33.302+0000] {dag.py:3954} INFO - Setting next_dagrun for example_branch_dop_operator_v3 to 2025-06-20 14:46:00+00:00, run_after=2025-06-20 14:47:00+00:00
[2025-06-20T14:47:33.318+0000] {processor.py:183} INFO - Processing /home/airflow/.local/lib/python3.12/site-packages/airflow/example_dags/example_branch_python_dop_operator_3.py took 0.076 seconds
[2025-06-20T14:48:03.618+0000] {processor.py:161} INFO - Started process (PID=1633) to work on /home/airflow/.local/lib/python3.12/site-packages/airflow/example_dags/example_branch_python_dop_operator_3.py
[2025-06-20T14:48:03.619+0000] {processor.py:830} INFO - Processing file /home/airflow/.local/lib/python3.12/site-packages/airflow/example_dags/example_branch_python_dop_operator_3.py for tasks to queue
[2025-06-20T14:48:03.621+0000] {logging_mixin.py:188} INFO - [2025-06-20T14:48:03.621+0000] {dagbag.py:540} INFO - Filling up the DagBag from /home/airflow/.local/lib/python3.12/site-packages/airflow/example_dags/example_branch_python_dop_operator_3.py
[2025-06-20T14:48:03.630+0000] {processor.py:840} INFO - DAG(s) 'example_branch_dop_operator_v3' retrieved from /home/airflow/.local/lib/python3.12/site-packages/airflow/example_dags/example_branch_python_dop_operator_3.py
[2025-06-20T14:48:03.650+0000] {logging_mixin.py:188} INFO - [2025-06-20T14:48:03.650+0000] {dag.py:3096} INFO - Sync 1 DAGs
[2025-06-20T14:48:03.674+0000] {logging_mixin.py:188} INFO - [2025-06-20T14:48:03.674+0000] {dag.py:3954} INFO - Setting next_dagrun for example_branch_dop_operator_v3 to 2025-06-20 14:47:00+00:00, run_after=2025-06-20 14:48:00+00:00
[2025-06-20T14:48:03.690+0000] {processor.py:183} INFO - Processing /home/airflow/.local/lib/python3.12/site-packages/airflow/example_dags/example_branch_python_dop_operator_3.py took 0.078 seconds
[2025-06-20T14:48:33.781+0000] {processor.py:161} INFO - Started process (PID=1691) to work on /home/airflow/.local/lib/python3.12/site-packages/airflow/example_dags/example_branch_python_dop_operator_3.py
[2025-06-20T14:48:33.782+0000] {processor.py:830} INFO - Processing file /home/airflow/.local/lib/python3.12/site-packages/airflow/example_dags/example_branch_python_dop_operator_3.py for tasks to queue
[2025-06-20T14:48:33.784+0000] {logging_mixin.py:188} INFO - [2025-06-20T14:48:33.783+0000] {dagbag.py:540} INFO - Filling up the DagBag from /home/airflow/.local/lib/python3.12/site-packages/airflow/example_dags/example_branch_python_dop_operator_3.py
[2025-06-20T14:48:33.793+0000] {processor.py:840} INFO - DAG(s) 'example_branch_dop_operator_v3' retrieved from /home/airflow/.local/lib/python3.12/site-packages/airflow/example_dags/example_branch_python_dop_operator_3.py
[2025-06-20T14:48:33.812+0000] {logging_mixin.py:188} INFO - [2025-06-20T14:48:33.812+0000] {dag.py:3096} INFO - Sync 1 DAGs
[2025-06-20T14:48:33.839+0000] {logging_mixin.py:188} INFO - [2025-06-20T14:48:33.839+0000] {dag.py:3954} INFO - Setting next_dagrun for example_branch_dop_operator_v3 to 2025-06-20 14:47:00+00:00, run_after=2025-06-20 14:48:00+00:00
[2025-06-20T14:48:33.856+0000] {processor.py:183} INFO - Processing /home/airflow/.local/lib/python3.12/site-packages/airflow/example_dags/example_branch_python_dop_operator_3.py took 0.081 seconds
[2025-06-20T14:49:03.994+0000] {processor.py:161} INFO - Started process (PID=1748) to work on /home/airflow/.local/lib/python3.12/site-packages/airflow/example_dags/example_branch_python_dop_operator_3.py
[2025-06-20T14:49:03.995+0000] {processor.py:830} INFO - Processing file /home/airflow/.local/lib/python3.12/site-packages/airflow/example_dags/example_branch_python_dop_operator_3.py for tasks to queue
[2025-06-20T14:49:03.997+0000] {logging_mixin.py:188} INFO - [2025-06-20T14:49:03.997+0000] {dagbag.py:540} INFO - Filling up the DagBag from /home/airflow/.local/lib/python3.12/site-packages/airflow/example_dags/example_branch_python_dop_operator_3.py
[2025-06-20T14:49:04.005+0000] {processor.py:840} INFO - DAG(s) 'example_branch_dop_operator_v3' retrieved from /home/airflow/.local/lib/python3.12/site-packages/airflow/example_dags/example_branch_python_dop_operator_3.py
[2025-06-20T14:49:04.024+0000] {logging_mixin.py:188} INFO - [2025-06-20T14:49:04.024+0000] {dag.py:3096} INFO - Sync 1 DAGs
[2025-06-20T14:49:04.048+0000] {logging_mixin.py:188} INFO - [2025-06-20T14:49:04.047+0000] {dag.py:3954} INFO - Setting next_dagrun for example_branch_dop_operator_v3 to 2025-06-20 14:48:00+00:00, run_after=2025-06-20 14:49:00+00:00
[2025-06-20T14:49:04.063+0000] {processor.py:183} INFO - Processing /home/airflow/.local/lib/python3.12/site-packages/airflow/example_dags/example_branch_python_dop_operator_3.py took 0.075 seconds
[2025-06-20T14:49:34.350+0000] {processor.py:161} INFO - Started process (PID=1805) to work on /home/airflow/.local/lib/python3.12/site-packages/airflow/example_dags/example_branch_python_dop_operator_3.py
[2025-06-20T14:49:34.351+0000] {processor.py:830} INFO - Processing file /home/airflow/.local/lib/python3.12/site-packages/airflow/example_dags/example_branch_python_dop_operator_3.py for tasks to queue
[2025-06-20T14:49:34.353+0000] {logging_mixin.py:188} INFO - [2025-06-20T14:49:34.353+0000] {dagbag.py:540} INFO - Filling up the DagBag from /home/airflow/.local/lib/python3.12/site-packages/airflow/example_dags/example_branch_python_dop_operator_3.py
[2025-06-20T14:49:34.362+0000] {processor.py:840} INFO - DAG(s) 'example_branch_dop_operator_v3' retrieved from /home/airflow/.local/lib/python3.12/site-packages/airflow/example_dags/example_branch_python_dop_operator_3.py
[2025-06-20T14:49:34.381+0000] {logging_mixin.py:188} INFO - [2025-06-20T14:49:34.380+0000] {dag.py:3096} INFO - Sync 1 DAGs
[2025-06-20T14:49:34.404+0000] {logging_mixin.py:188} INFO - [2025-06-20T14:49:34.403+0000] {dag.py:3954} INFO - Setting next_dagrun for example_branch_dop_operator_v3 to 2025-06-20 14:48:00+00:00, run_after=2025-06-20 14:49:00+00:00
[2025-06-20T14:49:34.419+0000] {processor.py:183} INFO - Processing /home/airflow/.local/lib/python3.12/site-packages/airflow/example_dags/example_branch_python_dop_operator_3.py took 0.075 seconds
[2025-06-20T14:50:04.502+0000] {processor.py:161} INFO - Started process (PID=1864) to work on /home/airflow/.local/lib/python3.12/site-packages/airflow/example_dags/example_branch_python_dop_operator_3.py
[2025-06-20T14:50:04.503+0000] {processor.py:830} INFO - Processing file /home/airflow/.local/lib/python3.12/site-packages/airflow/example_dags/example_branch_python_dop_operator_3.py for tasks to queue
[2025-06-20T14:50:04.505+0000] {logging_mixin.py:188} INFO - [2025-06-20T14:50:04.505+0000] {dagbag.py:540} INFO - Filling up the DagBag from /home/airflow/.local/lib/python3.12/site-packages/airflow/example_dags/example_branch_python_dop_operator_3.py
[2025-06-20T14:50:04.514+0000] {processor.py:840} INFO - DAG(s) 'example_branch_dop_operator_v3' retrieved from /home/airflow/.local/lib/python3.12/site-packages/airflow/example_dags/example_branch_python_dop_operator_3.py
[2025-06-20T14:50:04.533+0000] {logging_mixin.py:188} INFO - [2025-06-20T14:50:04.533+0000] {dag.py:3096} INFO - Sync 1 DAGs
[2025-06-20T14:50:04.556+0000] {logging_mixin.py:188} INFO - [2025-06-20T14:50:04.556+0000] {dag.py:3954} INFO - Setting next_dagrun for example_branch_dop_operator_v3 to 2025-06-20 14:49:00+00:00, run_after=2025-06-20 14:50:00+00:00
[2025-06-20T14:50:04.571+0000] {processor.py:183} INFO - Processing /home/airflow/.local/lib/python3.12/site-packages/airflow/example_dags/example_branch_python_dop_operator_3.py took 0.075 seconds
[2025-06-20T14:50:35.533+0000] {processor.py:161} INFO - Started process (PID=1921) to work on /home/airflow/.local/lib/python3.12/site-packages/airflow/example_dags/example_branch_python_dop_operator_3.py
[2025-06-20T14:50:35.534+0000] {processor.py:830} INFO - Processing file /home/airflow/.local/lib/python3.12/site-packages/airflow/example_dags/example_branch_python_dop_operator_3.py for tasks to queue
[2025-06-20T14:50:35.536+0000] {logging_mixin.py:188} INFO - [2025-06-20T14:50:35.535+0000] {dagbag.py:540} INFO - Filling up the DagBag from /home/airflow/.local/lib/python3.12/site-packages/airflow/example_dags/example_branch_python_dop_operator_3.py
[2025-06-20T14:50:35.544+0000] {processor.py:840} INFO - DAG(s) 'example_branch_dop_operator_v3' retrieved from /home/airflow/.local/lib/python3.12/site-packages/airflow/example_dags/example_branch_python_dop_operator_3.py
[2025-06-20T14:50:35.563+0000] {logging_mixin.py:188} INFO - [2025-06-20T14:50:35.563+0000] {dag.py:3096} INFO - Sync 1 DAGs
[2025-06-20T14:50:35.587+0000] {logging_mixin.py:188} INFO - [2025-06-20T14:50:35.587+0000] {dag.py:3954} INFO - Setting next_dagrun for example_branch_dop_operator_v3 to 2025-06-20 14:49:00+00:00, run_after=2025-06-20 14:50:00+00:00
[2025-06-20T14:50:35.602+0000] {processor.py:183} INFO - Processing /home/airflow/.local/lib/python3.12/site-packages/airflow/example_dags/example_branch_python_dop_operator_3.py took 0.076 seconds
[2025-06-20T14:51:05.819+0000] {processor.py:161} INFO - Started process (PID=1979) to work on /home/airflow/.local/lib/python3.12/site-packages/airflow/example_dags/example_branch_python_dop_operator_3.py
[2025-06-20T14:51:05.820+0000] {processor.py:830} INFO - Processing file /home/airflow/.local/lib/python3.12/site-packages/airflow/example_dags/example_branch_python_dop_operator_3.py for tasks to queue
[2025-06-20T14:51:05.822+0000] {logging_mixin.py:188} INFO - [2025-06-20T14:51:05.822+0000] {dagbag.py:540} INFO - Filling up the DagBag from /home/airflow/.local/lib/python3.12/site-packages/airflow/example_dags/example_branch_python_dop_operator_3.py
[2025-06-20T14:51:05.832+0000] {processor.py:840} INFO - DAG(s) 'example_branch_dop_operator_v3' retrieved from /home/airflow/.local/lib/python3.12/site-packages/airflow/example_dags/example_branch_python_dop_operator_3.py
[2025-06-20T14:51:05.850+0000] {logging_mixin.py:188} INFO - [2025-06-20T14:51:05.850+0000] {dag.py:3096} INFO - Sync 1 DAGs
[2025-06-20T14:51:05.874+0000] {logging_mixin.py:188} INFO - [2025-06-20T14:51:05.874+0000] {dag.py:3954} INFO - Setting next_dagrun for example_branch_dop_operator_v3 to 2025-06-20 14:50:00+00:00, run_after=2025-06-20 14:51:00+00:00
[2025-06-20T14:51:05.890+0000] {processor.py:183} INFO - Processing /home/airflow/.local/lib/python3.12/site-packages/airflow/example_dags/example_branch_python_dop_operator_3.py took 0.078 seconds
[2025-06-20T14:51:35.973+0000] {processor.py:161} INFO - Started process (PID=2037) to work on /home/airflow/.local/lib/python3.12/site-packages/airflow/example_dags/example_branch_python_dop_operator_3.py
[2025-06-20T14:51:35.974+0000] {processor.py:830} INFO - Processing file /home/airflow/.local/lib/python3.12/site-packages/airflow/example_dags/example_branch_python_dop_operator_3.py for tasks to queue
[2025-06-20T14:51:35.976+0000] {logging_mixin.py:188} INFO - [2025-06-20T14:51:35.975+0000] {dagbag.py:540} INFO - Filling up the DagBag from /home/airflow/.local/lib/python3.12/site-packages/airflow/example_dags/example_branch_python_dop_operator_3.py
[2025-06-20T14:51:35.984+0000] {processor.py:840} INFO - DAG(s) 'example_branch_dop_operator_v3' retrieved from /home/airflow/.local/lib/python3.12/site-packages/airflow/example_dags/example_branch_python_dop_operator_3.py
[2025-06-20T14:51:36.003+0000] {logging_mixin.py:188} INFO - [2025-06-20T14:51:36.003+0000] {dag.py:3096} INFO - Sync 1 DAGs
[2025-06-20T14:51:36.026+0000] {logging_mixin.py:188} INFO - [2025-06-20T14:51:36.026+0000] {dag.py:3954} INFO - Setting next_dagrun for example_branch_dop_operator_v3 to 2025-06-20 14:50:00+00:00, run_after=2025-06-20 14:51:00+00:00
[2025-06-20T14:51:36.042+0000] {processor.py:183} INFO - Processing /home/airflow/.local/lib/python3.12/site-packages/airflow/example_dags/example_branch_python_dop_operator_3.py took 0.078 seconds
[2025-06-20T14:52:06.138+0000] {processor.py:161} INFO - Started process (PID=2095) to work on /home/airflow/.local/lib/python3.12/site-packages/airflow/example_dags/example_branch_python_dop_operator_3.py
[2025-06-20T14:52:06.139+0000] {processor.py:830} INFO - Processing file /home/airflow/.local/lib/python3.12/site-packages/airflow/example_dags/example_branch_python_dop_operator_3.py for tasks to queue
[2025-06-20T14:52:06.141+0000] {logging_mixin.py:188} INFO - [2025-06-20T14:52:06.141+0000] {dagbag.py:540} INFO - Filling up the DagBag from /home/airflow/.local/lib/python3.12/site-packages/airflow/example_dags/example_branch_python_dop_operator_3.py
[2025-06-20T14:52:06.149+0000] {processor.py:840} INFO - DAG(s) 'example_branch_dop_operator_v3' retrieved from /home/airflow/.local/lib/python3.12/site-packages/airflow/example_dags/example_branch_python_dop_operator_3.py
[2025-06-20T14:52:06.170+0000] {logging_mixin.py:188} INFO - [2025-06-20T14:52:06.170+0000] {dag.py:3096} INFO - Sync 1 DAGs
[2025-06-20T14:52:06.193+0000] {logging_mixin.py:188} INFO - [2025-06-20T14:52:06.193+0000] {dag.py:3954} INFO - Setting next_dagrun for example_branch_dop_operator_v3 to 2025-06-20 14:51:00+00:00, run_after=2025-06-20 14:52:00+00:00
[2025-06-20T14:52:06.209+0000] {processor.py:183} INFO - Processing /home/airflow/.local/lib/python3.12/site-packages/airflow/example_dags/example_branch_python_dop_operator_3.py took 0.078 seconds
[2025-06-20T14:52:37.254+0000] {processor.py:161} INFO - Started process (PID=2153) to work on /home/airflow/.local/lib/python3.12/site-packages/airflow/example_dags/example_branch_python_dop_operator_3.py
[2025-06-20T14:52:37.255+0000] {processor.py:830} INFO - Processing file /home/airflow/.local/lib/python3.12/site-packages/airflow/example_dags/example_branch_python_dop_operator_3.py for tasks to queue
[2025-06-20T14:52:37.257+0000] {logging_mixin.py:188} INFO - [2025-06-20T14:52:37.256+0000] {dagbag.py:540} INFO - Filling up the DagBag from /home/airflow/.local/lib/python3.12/site-packages/airflow/example_dags/example_branch_python_dop_operator_3.py
[2025-06-20T14:52:37.265+0000] {processor.py:840} INFO - DAG(s) 'example_branch_dop_operator_v3' retrieved from /home/airflow/.local/lib/python3.12/site-packages/airflow/example_dags/example_branch_python_dop_operator_3.py
[2025-06-20T14:52:37.284+0000] {logging_mixin.py:188} INFO - [2025-06-20T14:52:37.284+0000] {dag.py:3096} INFO - Sync 1 DAGs
[2025-06-20T14:52:37.309+0000] {logging_mixin.py:188} INFO - [2025-06-20T14:52:37.308+0000] {dag.py:3954} INFO - Setting next_dagrun for example_branch_dop_operator_v3 to 2025-06-20 14:51:00+00:00, run_after=2025-06-20 14:52:00+00:00
[2025-06-20T14:52:37.325+0000] {processor.py:183} INFO - Processing /home/airflow/.local/lib/python3.12/site-packages/airflow/example_dags/example_branch_python_dop_operator_3.py took 0.078 seconds
[2025-06-20T14:53:07.406+0000] {processor.py:161} INFO - Started process (PID=2211) to work on /home/airflow/.local/lib/python3.12/site-packages/airflow/example_dags/example_branch_python_dop_operator_3.py
[2025-06-20T14:53:07.407+0000] {processor.py:830} INFO - Processing file /home/airflow/.local/lib/python3.12/site-packages/airflow/example_dags/example_branch_python_dop_operator_3.py for tasks to queue
[2025-06-20T14:53:07.409+0000] {logging_mixin.py:188} INFO - [2025-06-20T14:53:07.409+0000] {dagbag.py:540} INFO - Filling up the DagBag from /home/airflow/.local/lib/python3.12/site-packages/airflow/example_dags/example_branch_python_dop_operator_3.py
[2025-06-20T14:53:07.417+0000] {processor.py:840} INFO - DAG(s) 'example_branch_dop_operator_v3' retrieved from /home/airflow/.local/lib/python3.12/site-packages/airflow/example_dags/example_branch_python_dop_operator_3.py
[2025-06-20T14:53:07.437+0000] {logging_mixin.py:188} INFO - [2025-06-20T14:53:07.437+0000] {dag.py:3096} INFO - Sync 1 DAGs
[2025-06-20T14:53:07.465+0000] {logging_mixin.py:188} INFO - [2025-06-20T14:53:07.464+0000] {dag.py:3954} INFO - Setting next_dagrun for example_branch_dop_operator_v3 to 2025-06-20 14:52:00+00:00, run_after=2025-06-20 14:53:00+00:00
[2025-06-20T14:53:07.481+0000] {processor.py:183} INFO - Processing /home/airflow/.local/lib/python3.12/site-packages/airflow/example_dags/example_branch_python_dop_operator_3.py took 0.082 seconds
[2025-06-20T14:53:37.720+0000] {processor.py:161} INFO - Started process (PID=2269) to work on /home/airflow/.local/lib/python3.12/site-packages/airflow/example_dags/example_branch_python_dop_operator_3.py
[2025-06-20T14:53:37.721+0000] {processor.py:830} INFO - Processing file /home/airflow/.local/lib/python3.12/site-packages/airflow/example_dags/example_branch_python_dop_operator_3.py for tasks to queue
[2025-06-20T14:53:37.723+0000] {logging_mixin.py:188} INFO - [2025-06-20T14:53:37.722+0000] {dagbag.py:540} INFO - Filling up the DagBag from /home/airflow/.local/lib/python3.12/site-packages/airflow/example_dags/example_branch_python_dop_operator_3.py
[2025-06-20T14:53:37.731+0000] {processor.py:840} INFO - DAG(s) 'example_branch_dop_operator_v3' retrieved from /home/airflow/.local/lib/python3.12/site-packages/airflow/example_dags/example_branch_python_dop_operator_3.py
[2025-06-20T14:53:37.750+0000] {logging_mixin.py:188} INFO - [2025-06-20T14:53:37.750+0000] {dag.py:3096} INFO - Sync 1 DAGs
[2025-06-20T14:53:37.774+0000] {logging_mixin.py:188} INFO - [2025-06-20T14:53:37.774+0000] {dag.py:3954} INFO - Setting next_dagrun for example_branch_dop_operator_v3 to 2025-06-20 14:52:00+00:00, run_after=2025-06-20 14:53:00+00:00
[2025-06-20T14:53:37.789+0000] {processor.py:183} INFO - Processing /home/airflow/.local/lib/python3.12/site-packages/airflow/example_dags/example_branch_python_dop_operator_3.py took 0.075 seconds
[2025-06-20T14:54:08.626+0000] {processor.py:161} INFO - Started process (PID=2327) to work on /home/airflow/.local/lib/python3.12/site-packages/airflow/example_dags/example_branch_python_dop_operator_3.py
[2025-06-20T14:54:08.627+0000] {processor.py:830} INFO - Processing file /home/airflow/.local/lib/python3.12/site-packages/airflow/example_dags/example_branch_python_dop_operator_3.py for tasks to queue
[2025-06-20T14:54:08.628+0000] {logging_mixin.py:188} INFO - [2025-06-20T14:54:08.628+0000] {dagbag.py:540} INFO - Filling up the DagBag from /home/airflow/.local/lib/python3.12/site-packages/airflow/example_dags/example_branch_python_dop_operator_3.py
[2025-06-20T14:54:08.637+0000] {processor.py:840} INFO - DAG(s) 'example_branch_dop_operator_v3' retrieved from /home/airflow/.local/lib/python3.12/site-packages/airflow/example_dags/example_branch_python_dop_operator_3.py
[2025-06-20T14:54:08.657+0000] {logging_mixin.py:188} INFO - [2025-06-20T14:54:08.656+0000] {dag.py:3096} INFO - Sync 1 DAGs
[2025-06-20T14:54:08.680+0000] {logging_mixin.py:188} INFO - [2025-06-20T14:54:08.680+0000] {dag.py:3954} INFO - Setting next_dagrun for example_branch_dop_operator_v3 to 2025-06-20 14:53:00+00:00, run_after=2025-06-20 14:54:00+00:00
[2025-06-20T14:54:08.696+0000] {processor.py:183} INFO - Processing /home/airflow/.local/lib/python3.12/site-packages/airflow/example_dags/example_branch_python_dop_operator_3.py took 0.077 seconds
[2025-06-20T14:54:39.696+0000] {processor.py:161} INFO - Started process (PID=2385) to work on /home/airflow/.local/lib/python3.12/site-packages/airflow/example_dags/example_branch_python_dop_operator_3.py
[2025-06-20T14:54:39.697+0000] {processor.py:830} INFO - Processing file /home/airflow/.local/lib/python3.12/site-packages/airflow/example_dags/example_branch_python_dop_operator_3.py for tasks to queue
[2025-06-20T14:54:39.699+0000] {logging_mixin.py:188} INFO - [2025-06-20T14:54:39.699+0000] {dagbag.py:540} INFO - Filling up the DagBag from /home/airflow/.local/lib/python3.12/site-packages/airflow/example_dags/example_branch_python_dop_operator_3.py
[2025-06-20T14:54:39.707+0000] {processor.py:840} INFO - DAG(s) 'example_branch_dop_operator_v3' retrieved from /home/airflow/.local/lib/python3.12/site-packages/airflow/example_dags/example_branch_python_dop_operator_3.py
[2025-06-20T14:54:39.726+0000] {logging_mixin.py:188} INFO - [2025-06-20T14:54:39.726+0000] {dag.py:3096} INFO - Sync 1 DAGs
[2025-06-20T14:54:39.748+0000] {logging_mixin.py:188} INFO - [2025-06-20T14:54:39.748+0000] {dag.py:3954} INFO - Setting next_dagrun for example_branch_dop_operator_v3 to 2025-06-20 14:53:00+00:00, run_after=2025-06-20 14:54:00+00:00
[2025-06-20T14:54:39.764+0000] {processor.py:183} INFO - Processing /home/airflow/.local/lib/python3.12/site-packages/airflow/example_dags/example_branch_python_dop_operator_3.py took 0.075 seconds
[2025-06-20T14:55:09.941+0000] {processor.py:161} INFO - Started process (PID=2444) to work on /home/airflow/.local/lib/python3.12/site-packages/airflow/example_dags/example_branch_python_dop_operator_3.py
[2025-06-20T14:55:09.942+0000] {processor.py:830} INFO - Processing file /home/airflow/.local/lib/python3.12/site-packages/airflow/example_dags/example_branch_python_dop_operator_3.py for tasks to queue
[2025-06-20T14:55:09.944+0000] {logging_mixin.py:188} INFO - [2025-06-20T14:55:09.944+0000] {dagbag.py:540} INFO - Filling up the DagBag from /home/airflow/.local/lib/python3.12/site-packages/airflow/example_dags/example_branch_python_dop_operator_3.py
[2025-06-20T14:55:09.953+0000] {processor.py:840} INFO - DAG(s) 'example_branch_dop_operator_v3' retrieved from /home/airflow/.local/lib/python3.12/site-packages/airflow/example_dags/example_branch_python_dop_operator_3.py
[2025-06-20T14:55:09.971+0000] {logging_mixin.py:188} INFO - [2025-06-20T14:55:09.971+0000] {dag.py:3096} INFO - Sync 1 DAGs
[2025-06-20T14:55:09.994+0000] {logging_mixin.py:188} INFO - [2025-06-20T14:55:09.994+0000] {dag.py:3954} INFO - Setting next_dagrun for example_branch_dop_operator_v3 to 2025-06-20 14:54:00+00:00, run_after=2025-06-20 14:55:00+00:00
[2025-06-20T14:55:10.010+0000] {processor.py:183} INFO - Processing /home/airflow/.local/lib/python3.12/site-packages/airflow/example_dags/example_branch_python_dop_operator_3.py took 0.075 seconds
[2025-06-20T14:55:40.103+0000] {processor.py:161} INFO - Started process (PID=2503) to work on /home/airflow/.local/lib/python3.12/site-packages/airflow/example_dags/example_branch_python_dop_operator_3.py
[2025-06-20T14:55:40.104+0000] {processor.py:830} INFO - Processing file /home/airflow/.local/lib/python3.12/site-packages/airflow/example_dags/example_branch_python_dop_operator_3.py for tasks to queue
[2025-06-20T14:55:40.106+0000] {logging_mixin.py:188} INFO - [2025-06-20T14:55:40.105+0000] {dagbag.py:540} INFO - Filling up the DagBag from /home/airflow/.local/lib/python3.12/site-packages/airflow/example_dags/example_branch_python_dop_operator_3.py
[2025-06-20T14:55:40.114+0000] {processor.py:840} INFO - DAG(s) 'example_branch_dop_operator_v3' retrieved from /home/airflow/.local/lib/python3.12/site-packages/airflow/example_dags/example_branch_python_dop_operator_3.py
[2025-06-20T14:55:40.138+0000] {logging_mixin.py:188} INFO - [2025-06-20T14:55:40.137+0000] {dag.py:3096} INFO - Sync 1 DAGs
[2025-06-20T14:55:40.169+0000] {logging_mixin.py:188} INFO - [2025-06-20T14:55:40.169+0000] {dag.py:3954} INFO - Setting next_dagrun for example_branch_dop_operator_v3 to 2025-06-20 14:54:00+00:00, run_after=2025-06-20 14:55:00+00:00
[2025-06-20T14:55:40.187+0000] {processor.py:183} INFO - Processing /home/airflow/.local/lib/python3.12/site-packages/airflow/example_dags/example_branch_python_dop_operator_3.py took 0.090 seconds
[2025-06-20T14:56:10.379+0000] {processor.py:161} INFO - Started process (PID=2562) to work on /home/airflow/.local/lib/python3.12/site-packages/airflow/example_dags/example_branch_python_dop_operator_3.py
[2025-06-20T14:56:10.380+0000] {processor.py:830} INFO - Processing file /home/airflow/.local/lib/python3.12/site-packages/airflow/example_dags/example_branch_python_dop_operator_3.py for tasks to queue
[2025-06-20T14:56:10.381+0000] {logging_mixin.py:188} INFO - [2025-06-20T14:56:10.381+0000] {dagbag.py:540} INFO - Filling up the DagBag from /home/airflow/.local/lib/python3.12/site-packages/airflow/example_dags/example_branch_python_dop_operator_3.py
[2025-06-20T14:56:10.390+0000] {processor.py:840} INFO - DAG(s) 'example_branch_dop_operator_v3' retrieved from /home/airflow/.local/lib/python3.12/site-packages/airflow/example_dags/example_branch_python_dop_operator_3.py
[2025-06-20T14:56:10.409+0000] {logging_mixin.py:188} INFO - [2025-06-20T14:56:10.409+0000] {dag.py:3096} INFO - Sync 1 DAGs
[2025-06-20T14:56:10.431+0000] {logging_mixin.py:188} INFO - [2025-06-20T14:56:10.431+0000] {dag.py:3954} INFO - Setting next_dagrun for example_branch_dop_operator_v3 to 2025-06-20 14:55:00+00:00, run_after=2025-06-20 14:56:00+00:00
[2025-06-20T14:56:10.447+0000] {processor.py:183} INFO - Processing /home/airflow/.local/lib/python3.12/site-packages/airflow/example_dags/example_branch_python_dop_operator_3.py took 0.075 seconds
[2025-06-20T14:56:40.646+0000] {processor.py:161} INFO - Started process (PID=2621) to work on /home/airflow/.local/lib/python3.12/site-packages/airflow/example_dags/example_branch_python_dop_operator_3.py
[2025-06-20T14:56:40.647+0000] {processor.py:830} INFO - Processing file /home/airflow/.local/lib/python3.12/site-packages/airflow/example_dags/example_branch_python_dop_operator_3.py for tasks to queue
[2025-06-20T14:56:40.649+0000] {logging_mixin.py:188} INFO - [2025-06-20T14:56:40.649+0000] {dagbag.py:540} INFO - Filling up the DagBag from /home/airflow/.local/lib/python3.12/site-packages/airflow/example_dags/example_branch_python_dop_operator_3.py
[2025-06-20T14:56:40.658+0000] {processor.py:840} INFO - DAG(s) 'example_branch_dop_operator_v3' retrieved from /home/airflow/.local/lib/python3.12/site-packages/airflow/example_dags/example_branch_python_dop_operator_3.py
[2025-06-20T14:56:40.676+0000] {logging_mixin.py:188} INFO - [2025-06-20T14:56:40.676+0000] {dag.py:3096} INFO - Sync 1 DAGs
[2025-06-20T14:56:40.701+0000] {logging_mixin.py:188} INFO - [2025-06-20T14:56:40.700+0000] {dag.py:3954} INFO - Setting next_dagrun for example_branch_dop_operator_v3 to 2025-06-20 14:55:00+00:00, run_after=2025-06-20 14:56:00+00:00
[2025-06-20T14:56:40.717+0000] {processor.py:183} INFO - Processing /home/airflow/.local/lib/python3.12/site-packages/airflow/example_dags/example_branch_python_dop_operator_3.py took 0.077 seconds
[2025-06-20T14:57:10.882+0000] {processor.py:161} INFO - Started process (PID=2680) to work on /home/airflow/.local/lib/python3.12/site-packages/airflow/example_dags/example_branch_python_dop_operator_3.py
[2025-06-20T14:57:10.883+0000] {processor.py:830} INFO - Processing file /home/airflow/.local/lib/python3.12/site-packages/airflow/example_dags/example_branch_python_dop_operator_3.py for tasks to queue
[2025-06-20T14:57:10.885+0000] {logging_mixin.py:188} INFO - [2025-06-20T14:57:10.885+0000] {dagbag.py:540} INFO - Filling up the DagBag from /home/airflow/.local/lib/python3.12/site-packages/airflow/example_dags/example_branch_python_dop_operator_3.py
[2025-06-20T14:57:10.893+0000] {processor.py:840} INFO - DAG(s) 'example_branch_dop_operator_v3' retrieved from /home/airflow/.local/lib/python3.12/site-packages/airflow/example_dags/example_branch_python_dop_operator_3.py
[2025-06-20T14:57:10.912+0000] {logging_mixin.py:188} INFO - [2025-06-20T14:57:10.912+0000] {dag.py:3096} INFO - Sync 1 DAGs
[2025-06-20T14:57:10.934+0000] {logging_mixin.py:188} INFO - [2025-06-20T14:57:10.934+0000] {dag.py:3954} INFO - Setting next_dagrun for example_branch_dop_operator_v3 to 2025-06-20 14:56:00+00:00, run_after=2025-06-20 14:57:00+00:00
[2025-06-20T14:57:10.950+0000] {processor.py:183} INFO - Processing /home/airflow/.local/lib/python3.12/site-packages/airflow/example_dags/example_branch_python_dop_operator_3.py took 0.074 seconds
[2025-06-20T14:57:41.119+0000] {processor.py:161} INFO - Started process (PID=2739) to work on /home/airflow/.local/lib/python3.12/site-packages/airflow/example_dags/example_branch_python_dop_operator_3.py
[2025-06-20T14:57:41.120+0000] {processor.py:830} INFO - Processing file /home/airflow/.local/lib/python3.12/site-packages/airflow/example_dags/example_branch_python_dop_operator_3.py for tasks to queue
[2025-06-20T14:57:41.122+0000] {logging_mixin.py:188} INFO - [2025-06-20T14:57:41.122+0000] {dagbag.py:540} INFO - Filling up the DagBag from /home/airflow/.local/lib/python3.12/site-packages/airflow/example_dags/example_branch_python_dop_operator_3.py
[2025-06-20T14:57:41.130+0000] {processor.py:840} INFO - DAG(s) 'example_branch_dop_operator_v3' retrieved from /home/airflow/.local/lib/python3.12/site-packages/airflow/example_dags/example_branch_python_dop_operator_3.py
[2025-06-20T14:57:41.150+0000] {logging_mixin.py:188} INFO - [2025-06-20T14:57:41.149+0000] {dag.py:3096} INFO - Sync 1 DAGs
[2025-06-20T14:57:41.172+0000] {logging_mixin.py:188} INFO - [2025-06-20T14:57:41.172+0000] {dag.py:3954} INFO - Setting next_dagrun for example_branch_dop_operator_v3 to 2025-06-20 14:56:00+00:00, run_after=2025-06-20 14:57:00+00:00
[2025-06-20T14:57:41.188+0000] {processor.py:183} INFO - Processing /home/airflow/.local/lib/python3.12/site-packages/airflow/example_dags/example_branch_python_dop_operator_3.py took 0.074 seconds
[2025-06-20T14:58:11.314+0000] {processor.py:161} INFO - Started process (PID=2798) to work on /home/airflow/.local/lib/python3.12/site-packages/airflow/example_dags/example_branch_python_dop_operator_3.py
[2025-06-20T14:58:11.315+0000] {processor.py:830} INFO - Processing file /home/airflow/.local/lib/python3.12/site-packages/airflow/example_dags/example_branch_python_dop_operator_3.py for tasks to queue
[2025-06-20T14:58:11.317+0000] {logging_mixin.py:188} INFO - [2025-06-20T14:58:11.316+0000] {dagbag.py:540} INFO - Filling up the DagBag from /home/airflow/.local/lib/python3.12/site-packages/airflow/example_dags/example_branch_python_dop_operator_3.py
[2025-06-20T14:58:11.325+0000] {processor.py:840} INFO - DAG(s) 'example_branch_dop_operator_v3' retrieved from /home/airflow/.local/lib/python3.12/site-packages/airflow/example_dags/example_branch_python_dop_operator_3.py
[2025-06-20T14:58:11.345+0000] {logging_mixin.py:188} INFO - [2025-06-20T14:58:11.345+0000] {dag.py:3096} INFO - Sync 1 DAGs
[2025-06-20T14:58:11.370+0000] {logging_mixin.py:188} INFO - [2025-06-20T14:58:11.370+0000] {dag.py:3954} INFO - Setting next_dagrun for example_branch_dop_operator_v3 to 2025-06-20 14:57:00+00:00, run_after=2025-06-20 14:58:00+00:00
[2025-06-20T14:58:11.386+0000] {processor.py:183} INFO - Processing /home/airflow/.local/lib/python3.12/site-packages/airflow/example_dags/example_branch_python_dop_operator_3.py took 0.078 seconds
[2025-06-20T14:58:41.470+0000] {processor.py:161} INFO - Started process (PID=2857) to work on /home/airflow/.local/lib/python3.12/site-packages/airflow/example_dags/example_branch_python_dop_operator_3.py
[2025-06-20T14:58:41.471+0000] {processor.py:830} INFO - Processing file /home/airflow/.local/lib/python3.12/site-packages/airflow/example_dags/example_branch_python_dop_operator_3.py for tasks to queue
[2025-06-20T14:58:41.472+0000] {logging_mixin.py:188} INFO - [2025-06-20T14:58:41.472+0000] {dagbag.py:540} INFO - Filling up the DagBag from /home/airflow/.local/lib/python3.12/site-packages/airflow/example_dags/example_branch_python_dop_operator_3.py
[2025-06-20T14:58:41.481+0000] {processor.py:840} INFO - DAG(s) 'example_branch_dop_operator_v3' retrieved from /home/airflow/.local/lib/python3.12/site-packages/airflow/example_dags/example_branch_python_dop_operator_3.py
[2025-06-20T14:58:41.501+0000] {logging_mixin.py:188} INFO - [2025-06-20T14:58:41.500+0000] {dag.py:3096} INFO - Sync 1 DAGs
[2025-06-20T14:58:41.525+0000] {logging_mixin.py:188} INFO - [2025-06-20T14:58:41.525+0000] {dag.py:3954} INFO - Setting next_dagrun for example_branch_dop_operator_v3 to 2025-06-20 14:57:00+00:00, run_after=2025-06-20 14:58:00+00:00
[2025-06-20T14:58:41.541+0000] {processor.py:183} INFO - Processing /home/airflow/.local/lib/python3.12/site-packages/airflow/example_dags/example_branch_python_dop_operator_3.py took 0.077 seconds
[2025-06-20T14:59:11.774+0000] {processor.py:161} INFO - Started process (PID=2916) to work on /home/airflow/.local/lib/python3.12/site-packages/airflow/example_dags/example_branch_python_dop_operator_3.py
[2025-06-20T14:59:11.774+0000] {processor.py:830} INFO - Processing file /home/airflow/.local/lib/python3.12/site-packages/airflow/example_dags/example_branch_python_dop_operator_3.py for tasks to queue
[2025-06-20T14:59:11.776+0000] {logging_mixin.py:188} INFO - [2025-06-20T14:59:11.776+0000] {dagbag.py:540} INFO - Filling up the DagBag from /home/airflow/.local/lib/python3.12/site-packages/airflow/example_dags/example_branch_python_dop_operator_3.py
[2025-06-20T14:59:11.785+0000] {processor.py:840} INFO - DAG(s) 'example_branch_dop_operator_v3' retrieved from /home/airflow/.local/lib/python3.12/site-packages/airflow/example_dags/example_branch_python_dop_operator_3.py
[2025-06-20T14:59:11.803+0000] {logging_mixin.py:188} INFO - [2025-06-20T14:59:11.803+0000] {dag.py:3096} INFO - Sync 1 DAGs
[2025-06-20T14:59:11.826+0000] {logging_mixin.py:188} INFO - [2025-06-20T14:59:11.826+0000] {dag.py:3954} INFO - Setting next_dagrun for example_branch_dop_operator_v3 to 2025-06-20 14:58:00+00:00, run_after=2025-06-20 14:59:00+00:00
[2025-06-20T14:59:11.841+0000] {processor.py:183} INFO - Processing /home/airflow/.local/lib/python3.12/site-packages/airflow/example_dags/example_branch_python_dop_operator_3.py took 0.074 seconds
[2025-06-20T14:59:42.279+0000] {processor.py:161} INFO - Started process (PID=2975) to work on /home/airflow/.local/lib/python3.12/site-packages/airflow/example_dags/example_branch_python_dop_operator_3.py
[2025-06-20T14:59:42.280+0000] {processor.py:830} INFO - Processing file /home/airflow/.local/lib/python3.12/site-packages/airflow/example_dags/example_branch_python_dop_operator_3.py for tasks to queue
[2025-06-20T14:59:42.282+0000] {logging_mixin.py:188} INFO - [2025-06-20T14:59:42.281+0000] {dagbag.py:540} INFO - Filling up the DagBag from /home/airflow/.local/lib/python3.12/site-packages/airflow/example_dags/example_branch_python_dop_operator_3.py
[2025-06-20T14:59:42.290+0000] {processor.py:840} INFO - DAG(s) 'example_branch_dop_operator_v3' retrieved from /home/airflow/.local/lib/python3.12/site-packages/airflow/example_dags/example_branch_python_dop_operator_3.py
[2025-06-20T14:59:42.309+0000] {logging_mixin.py:188} INFO - [2025-06-20T14:59:42.309+0000] {dag.py:3096} INFO - Sync 1 DAGs
[2025-06-20T14:59:42.331+0000] {logging_mixin.py:188} INFO - [2025-06-20T14:59:42.331+0000] {dag.py:3954} INFO - Setting next_dagrun for example_branch_dop_operator_v3 to 2025-06-20 14:58:00+00:00, run_after=2025-06-20 14:59:00+00:00
[2025-06-20T14:59:42.347+0000] {processor.py:183} INFO - Processing /home/airflow/.local/lib/python3.12/site-packages/airflow/example_dags/example_branch_python_dop_operator_3.py took 0.074 seconds
[2025-06-20T15:00:12.724+0000] {processor.py:161} INFO - Started process (PID=3034) to work on /home/airflow/.local/lib/python3.12/site-packages/airflow/example_dags/example_branch_python_dop_operator_3.py
[2025-06-20T15:00:12.725+0000] {processor.py:830} INFO - Processing file /home/airflow/.local/lib/python3.12/site-packages/airflow/example_dags/example_branch_python_dop_operator_3.py for tasks to queue
[2025-06-20T15:00:12.727+0000] {logging_mixin.py:188} INFO - [2025-06-20T15:00:12.726+0000] {dagbag.py:540} INFO - Filling up the DagBag from /home/airflow/.local/lib/python3.12/site-packages/airflow/example_dags/example_branch_python_dop_operator_3.py
[2025-06-20T15:00:12.736+0000] {processor.py:840} INFO - DAG(s) 'example_branch_dop_operator_v3' retrieved from /home/airflow/.local/lib/python3.12/site-packages/airflow/example_dags/example_branch_python_dop_operator_3.py
[2025-06-20T15:00:12.756+0000] {logging_mixin.py:188} INFO - [2025-06-20T15:00:12.755+0000] {dag.py:3096} INFO - Sync 1 DAGs
[2025-06-20T15:00:12.783+0000] {logging_mixin.py:188} INFO - [2025-06-20T15:00:12.783+0000] {dag.py:3954} INFO - Setting next_dagrun for example_branch_dop_operator_v3 to 2025-06-20 14:59:00+00:00, run_after=2025-06-20 15:00:00+00:00
[2025-06-20T15:00:12.805+0000] {processor.py:183} INFO - Processing /home/airflow/.local/lib/python3.12/site-packages/airflow/example_dags/example_branch_python_dop_operator_3.py took 0.087 seconds
[2025-06-20T15:00:43.105+0000] {processor.py:161} INFO - Started process (PID=3094) to work on /home/airflow/.local/lib/python3.12/site-packages/airflow/example_dags/example_branch_python_dop_operator_3.py
[2025-06-20T15:00:43.106+0000] {processor.py:830} INFO - Processing file /home/airflow/.local/lib/python3.12/site-packages/airflow/example_dags/example_branch_python_dop_operator_3.py for tasks to queue
[2025-06-20T15:00:43.108+0000] {logging_mixin.py:188} INFO - [2025-06-20T15:00:43.107+0000] {dagbag.py:540} INFO - Filling up the DagBag from /home/airflow/.local/lib/python3.12/site-packages/airflow/example_dags/example_branch_python_dop_operator_3.py
[2025-06-20T15:00:43.117+0000] {processor.py:840} INFO - DAG(s) 'example_branch_dop_operator_v3' retrieved from /home/airflow/.local/lib/python3.12/site-packages/airflow/example_dags/example_branch_python_dop_operator_3.py
[2025-06-20T15:00:43.138+0000] {logging_mixin.py:188} INFO - [2025-06-20T15:00:43.138+0000] {dag.py:3096} INFO - Sync 1 DAGs
[2025-06-20T15:00:43.162+0000] {logging_mixin.py:188} INFO - [2025-06-20T15:00:43.162+0000] {dag.py:3954} INFO - Setting next_dagrun for example_branch_dop_operator_v3 to 2025-06-20 14:59:00+00:00, run_after=2025-06-20 15:00:00+00:00
[2025-06-20T15:00:43.180+0000] {processor.py:183} INFO - Processing /home/airflow/.local/lib/python3.12/site-packages/airflow/example_dags/example_branch_python_dop_operator_3.py took 0.082 seconds
[2025-06-20T15:01:13.326+0000] {processor.py:161} INFO - Started process (PID=3153) to work on /home/airflow/.local/lib/python3.12/site-packages/airflow/example_dags/example_branch_python_dop_operator_3.py
[2025-06-20T15:01:13.327+0000] {processor.py:830} INFO - Processing file /home/airflow/.local/lib/python3.12/site-packages/airflow/example_dags/example_branch_python_dop_operator_3.py for tasks to queue
[2025-06-20T15:01:13.329+0000] {logging_mixin.py:188} INFO - [2025-06-20T15:01:13.328+0000] {dagbag.py:540} INFO - Filling up the DagBag from /home/airflow/.local/lib/python3.12/site-packages/airflow/example_dags/example_branch_python_dop_operator_3.py
[2025-06-20T15:01:13.337+0000] {processor.py:840} INFO - DAG(s) 'example_branch_dop_operator_v3' retrieved from /home/airflow/.local/lib/python3.12/site-packages/airflow/example_dags/example_branch_python_dop_operator_3.py
[2025-06-20T15:01:13.357+0000] {logging_mixin.py:188} INFO - [2025-06-20T15:01:13.357+0000] {dag.py:3096} INFO - Sync 1 DAGs
[2025-06-20T15:01:13.380+0000] {logging_mixin.py:188} INFO - [2025-06-20T15:01:13.380+0000] {dag.py:3954} INFO - Setting next_dagrun for example_branch_dop_operator_v3 to 2025-06-20 15:00:00+00:00, run_after=2025-06-20 15:01:00+00:00
[2025-06-20T15:01:13.396+0000] {processor.py:183} INFO - Processing /home/airflow/.local/lib/python3.12/site-packages/airflow/example_dags/example_branch_python_dop_operator_3.py took 0.077 seconds
[2025-06-20T15:01:43.973+0000] {processor.py:161} INFO - Started process (PID=3211) to work on /home/airflow/.local/lib/python3.12/site-packages/airflow/example_dags/example_branch_python_dop_operator_3.py
[2025-06-20T15:01:43.974+0000] {processor.py:830} INFO - Processing file /home/airflow/.local/lib/python3.12/site-packages/airflow/example_dags/example_branch_python_dop_operator_3.py for tasks to queue
[2025-06-20T15:01:43.976+0000] {logging_mixin.py:188} INFO - [2025-06-20T15:01:43.976+0000] {dagbag.py:540} INFO - Filling up the DagBag from /home/airflow/.local/lib/python3.12/site-packages/airflow/example_dags/example_branch_python_dop_operator_3.py
[2025-06-20T15:01:43.985+0000] {processor.py:840} INFO - DAG(s) 'example_branch_dop_operator_v3' retrieved from /home/airflow/.local/lib/python3.12/site-packages/airflow/example_dags/example_branch_python_dop_operator_3.py
[2025-06-20T15:01:44.005+0000] {logging_mixin.py:188} INFO - [2025-06-20T15:01:44.005+0000] {dag.py:3096} INFO - Sync 1 DAGs
[2025-06-20T15:01:44.028+0000] {logging_mixin.py:188} INFO - [2025-06-20T15:01:44.028+0000] {dag.py:3954} INFO - Setting next_dagrun for example_branch_dop_operator_v3 to 2025-06-20 15:00:00+00:00, run_after=2025-06-20 15:01:00+00:00
[2025-06-20T15:01:44.044+0000] {processor.py:183} INFO - Processing /home/airflow/.local/lib/python3.12/site-packages/airflow/example_dags/example_branch_python_dop_operator_3.py took 0.077 seconds
[2025-06-20T15:02:14.696+0000] {processor.py:161} INFO - Started process (PID=3270) to work on /home/airflow/.local/lib/python3.12/site-packages/airflow/example_dags/example_branch_python_dop_operator_3.py
[2025-06-20T15:02:14.697+0000] {processor.py:830} INFO - Processing file /home/airflow/.local/lib/python3.12/site-packages/airflow/example_dags/example_branch_python_dop_operator_3.py for tasks to queue
[2025-06-20T15:02:14.699+0000] {logging_mixin.py:188} INFO - [2025-06-20T15:02:14.699+0000] {dagbag.py:540} INFO - Filling up the DagBag from /home/airflow/.local/lib/python3.12/site-packages/airflow/example_dags/example_branch_python_dop_operator_3.py
[2025-06-20T15:02:14.708+0000] {processor.py:840} INFO - DAG(s) 'example_branch_dop_operator_v3' retrieved from /home/airflow/.local/lib/python3.12/site-packages/airflow/example_dags/example_branch_python_dop_operator_3.py
[2025-06-20T15:02:14.728+0000] {logging_mixin.py:188} INFO - [2025-06-20T15:02:14.727+0000] {dag.py:3096} INFO - Sync 1 DAGs
[2025-06-20T15:02:14.753+0000] {logging_mixin.py:188} INFO - [2025-06-20T15:02:14.752+0000] {dag.py:3954} INFO - Setting next_dagrun for example_branch_dop_operator_v3 to 2025-06-20 15:01:00+00:00, run_after=2025-06-20 15:02:00+00:00
[2025-06-20T15:02:14.768+0000] {processor.py:183} INFO - Processing /home/airflow/.local/lib/python3.12/site-packages/airflow/example_dags/example_branch_python_dop_operator_3.py took 0.078 seconds
[2025-06-20T15:02:45.415+0000] {processor.py:161} INFO - Started process (PID=3329) to work on /home/airflow/.local/lib/python3.12/site-packages/airflow/example_dags/example_branch_python_dop_operator_3.py
[2025-06-20T15:02:45.416+0000] {processor.py:830} INFO - Processing file /home/airflow/.local/lib/python3.12/site-packages/airflow/example_dags/example_branch_python_dop_operator_3.py for tasks to queue
[2025-06-20T15:02:45.419+0000] {logging_mixin.py:188} INFO - [2025-06-20T15:02:45.418+0000] {dagbag.py:540} INFO - Filling up the DagBag from /home/airflow/.local/lib/python3.12/site-packages/airflow/example_dags/example_branch_python_dop_operator_3.py
[2025-06-20T15:02:45.427+0000] {processor.py:840} INFO - DAG(s) 'example_branch_dop_operator_v3' retrieved from /home/airflow/.local/lib/python3.12/site-packages/airflow/example_dags/example_branch_python_dop_operator_3.py
[2025-06-20T15:02:45.449+0000] {logging_mixin.py:188} INFO - [2025-06-20T15:02:45.448+0000] {dag.py:3096} INFO - Sync 1 DAGs
[2025-06-20T15:02:45.473+0000] {logging_mixin.py:188} INFO - [2025-06-20T15:02:45.473+0000] {dag.py:3954} INFO - Setting next_dagrun for example_branch_dop_operator_v3 to 2025-06-20 15:01:00+00:00, run_after=2025-06-20 15:02:00+00:00
[2025-06-20T15:02:45.489+0000] {processor.py:183} INFO - Processing /home/airflow/.local/lib/python3.12/site-packages/airflow/example_dags/example_branch_python_dop_operator_3.py took 0.080 seconds
[2025-06-20T15:03:16.090+0000] {processor.py:161} INFO - Started process (PID=3388) to work on /home/airflow/.local/lib/python3.12/site-packages/airflow/example_dags/example_branch_python_dop_operator_3.py
[2025-06-20T15:03:16.091+0000] {processor.py:830} INFO - Processing file /home/airflow/.local/lib/python3.12/site-packages/airflow/example_dags/example_branch_python_dop_operator_3.py for tasks to queue
[2025-06-20T15:03:16.092+0000] {logging_mixin.py:188} INFO - [2025-06-20T15:03:16.092+0000] {dagbag.py:540} INFO - Filling up the DagBag from /home/airflow/.local/lib/python3.12/site-packages/airflow/example_dags/example_branch_python_dop_operator_3.py
[2025-06-20T15:03:16.101+0000] {processor.py:840} INFO - DAG(s) 'example_branch_dop_operator_v3' retrieved from /home/airflow/.local/lib/python3.12/site-packages/airflow/example_dags/example_branch_python_dop_operator_3.py
[2025-06-20T15:03:16.120+0000] {logging_mixin.py:188} INFO - [2025-06-20T15:03:16.120+0000] {dag.py:3096} INFO - Sync 1 DAGs
[2025-06-20T15:03:16.144+0000] {logging_mixin.py:188} INFO - [2025-06-20T15:03:16.144+0000] {dag.py:3954} INFO - Setting next_dagrun for example_branch_dop_operator_v3 to 2025-06-20 15:02:00+00:00, run_after=2025-06-20 15:03:00+00:00
[2025-06-20T15:03:16.160+0000] {processor.py:183} INFO - Processing /home/airflow/.local/lib/python3.12/site-packages/airflow/example_dags/example_branch_python_dop_operator_3.py took 0.077 seconds
[2025-06-20T15:03:46.553+0000] {processor.py:161} INFO - Started process (PID=3447) to work on /home/airflow/.local/lib/python3.12/site-packages/airflow/example_dags/example_branch_python_dop_operator_3.py
[2025-06-20T15:03:46.554+0000] {processor.py:830} INFO - Processing file /home/airflow/.local/lib/python3.12/site-packages/airflow/example_dags/example_branch_python_dop_operator_3.py for tasks to queue
[2025-06-20T15:03:46.556+0000] {logging_mixin.py:188} INFO - [2025-06-20T15:03:46.555+0000] {dagbag.py:540} INFO - Filling up the DagBag from /home/airflow/.local/lib/python3.12/site-packages/airflow/example_dags/example_branch_python_dop_operator_3.py
[2025-06-20T15:03:46.564+0000] {processor.py:840} INFO - DAG(s) 'example_branch_dop_operator_v3' retrieved from /home/airflow/.local/lib/python3.12/site-packages/airflow/example_dags/example_branch_python_dop_operator_3.py
[2025-06-20T15:03:46.582+0000] {logging_mixin.py:188} INFO - [2025-06-20T15:03:46.582+0000] {dag.py:3096} INFO - Sync 1 DAGs
[2025-06-20T15:03:46.605+0000] {logging_mixin.py:188} INFO - [2025-06-20T15:03:46.604+0000] {dag.py:3954} INFO - Setting next_dagrun for example_branch_dop_operator_v3 to 2025-06-20 15:02:00+00:00, run_after=2025-06-20 15:03:00+00:00
[2025-06-20T15:03:46.620+0000] {processor.py:183} INFO - Processing /home/airflow/.local/lib/python3.12/site-packages/airflow/example_dags/example_branch_python_dop_operator_3.py took 0.073 seconds
[2025-06-20T15:04:17.292+0000] {processor.py:161} INFO - Started process (PID=3504) to work on /home/airflow/.local/lib/python3.12/site-packages/airflow/example_dags/example_branch_python_dop_operator_3.py
[2025-06-20T15:04:17.293+0000] {processor.py:830} INFO - Processing file /home/airflow/.local/lib/python3.12/site-packages/airflow/example_dags/example_branch_python_dop_operator_3.py for tasks to queue
[2025-06-20T15:04:17.295+0000] {logging_mixin.py:188} INFO - [2025-06-20T15:04:17.295+0000] {dagbag.py:540} INFO - Filling up the DagBag from /home/airflow/.local/lib/python3.12/site-packages/airflow/example_dags/example_branch_python_dop_operator_3.py
[2025-06-20T15:04:17.303+0000] {processor.py:840} INFO - DAG(s) 'example_branch_dop_operator_v3' retrieved from /home/airflow/.local/lib/python3.12/site-packages/airflow/example_dags/example_branch_python_dop_operator_3.py
[2025-06-20T15:04:17.322+0000] {logging_mixin.py:188} INFO - [2025-06-20T15:04:17.322+0000] {dag.py:3096} INFO - Sync 1 DAGs
[2025-06-20T15:04:17.346+0000] {logging_mixin.py:188} INFO - [2025-06-20T15:04:17.346+0000] {dag.py:3954} INFO - Setting next_dagrun for example_branch_dop_operator_v3 to 2025-06-20 15:03:00+00:00, run_after=2025-06-20 15:04:00+00:00
[2025-06-20T15:04:17.363+0000] {processor.py:183} INFO - Processing /home/airflow/.local/lib/python3.12/site-packages/airflow/example_dags/example_branch_python_dop_operator_3.py took 0.077 seconds
[2025-06-20T15:04:48.144+0000] {processor.py:161} INFO - Started process (PID=3563) to work on /home/airflow/.local/lib/python3.12/site-packages/airflow/example_dags/example_branch_python_dop_operator_3.py
[2025-06-20T15:04:48.145+0000] {processor.py:830} INFO - Processing file /home/airflow/.local/lib/python3.12/site-packages/airflow/example_dags/example_branch_python_dop_operator_3.py for tasks to queue
[2025-06-20T15:04:48.147+0000] {logging_mixin.py:188} INFO - [2025-06-20T15:04:48.147+0000] {dagbag.py:540} INFO - Filling up the DagBag from /home/airflow/.local/lib/python3.12/site-packages/airflow/example_dags/example_branch_python_dop_operator_3.py
[2025-06-20T15:04:48.156+0000] {processor.py:840} INFO - DAG(s) 'example_branch_dop_operator_v3' retrieved from /home/airflow/.local/lib/python3.12/site-packages/airflow/example_dags/example_branch_python_dop_operator_3.py
[2025-06-20T15:04:48.174+0000] {logging_mixin.py:188} INFO - [2025-06-20T15:04:48.174+0000] {dag.py:3096} INFO - Sync 1 DAGs
[2025-06-20T15:04:48.197+0000] {logging_mixin.py:188} INFO - [2025-06-20T15:04:48.197+0000] {dag.py:3954} INFO - Setting next_dagrun for example_branch_dop_operator_v3 to 2025-06-20 15:03:00+00:00, run_after=2025-06-20 15:04:00+00:00
[2025-06-20T15:04:48.212+0000] {processor.py:183} INFO - Processing /home/airflow/.local/lib/python3.12/site-packages/airflow/example_dags/example_branch_python_dop_operator_3.py took 0.074 seconds
[2025-06-20T15:05:18.435+0000] {processor.py:161} INFO - Started process (PID=3622) to work on /home/airflow/.local/lib/python3.12/site-packages/airflow/example_dags/example_branch_python_dop_operator_3.py
[2025-06-20T15:05:18.436+0000] {processor.py:830} INFO - Processing file /home/airflow/.local/lib/python3.12/site-packages/airflow/example_dags/example_branch_python_dop_operator_3.py for tasks to queue
[2025-06-20T15:05:18.438+0000] {logging_mixin.py:188} INFO - [2025-06-20T15:05:18.437+0000] {dagbag.py:540} INFO - Filling up the DagBag from /home/airflow/.local/lib/python3.12/site-packages/airflow/example_dags/example_branch_python_dop_operator_3.py
[2025-06-20T15:05:18.446+0000] {processor.py:840} INFO - DAG(s) 'example_branch_dop_operator_v3' retrieved from /home/airflow/.local/lib/python3.12/site-packages/airflow/example_dags/example_branch_python_dop_operator_3.py
[2025-06-20T15:05:18.465+0000] {logging_mixin.py:188} INFO - [2025-06-20T15:05:18.465+0000] {dag.py:3096} INFO - Sync 1 DAGs
[2025-06-20T15:05:18.488+0000] {logging_mixin.py:188} INFO - [2025-06-20T15:05:18.488+0000] {dag.py:3954} INFO - Setting next_dagrun for example_branch_dop_operator_v3 to 2025-06-20 15:04:00+00:00, run_after=2025-06-20 15:05:00+00:00
[2025-06-20T15:05:18.504+0000] {processor.py:183} INFO - Processing /home/airflow/.local/lib/python3.12/site-packages/airflow/example_dags/example_branch_python_dop_operator_3.py took 0.075 seconds
[2025-06-20T15:05:48.702+0000] {processor.py:161} INFO - Started process (PID=3681) to work on /home/airflow/.local/lib/python3.12/site-packages/airflow/example_dags/example_branch_python_dop_operator_3.py
[2025-06-20T15:05:48.703+0000] {processor.py:830} INFO - Processing file /home/airflow/.local/lib/python3.12/site-packages/airflow/example_dags/example_branch_python_dop_operator_3.py for tasks to queue
[2025-06-20T15:05:48.704+0000] {logging_mixin.py:188} INFO - [2025-06-20T15:05:48.704+0000] {dagbag.py:540} INFO - Filling up the DagBag from /home/airflow/.local/lib/python3.12/site-packages/airflow/example_dags/example_branch_python_dop_operator_3.py
[2025-06-20T15:05:48.713+0000] {processor.py:840} INFO - DAG(s) 'example_branch_dop_operator_v3' retrieved from /home/airflow/.local/lib/python3.12/site-packages/airflow/example_dags/example_branch_python_dop_operator_3.py
[2025-06-20T15:05:48.732+0000] {logging_mixin.py:188} INFO - [2025-06-20T15:05:48.731+0000] {dag.py:3096} INFO - Sync 1 DAGs
[2025-06-20T15:05:48.755+0000] {logging_mixin.py:188} INFO - [2025-06-20T15:05:48.755+0000] {dag.py:3954} INFO - Setting next_dagrun for example_branch_dop_operator_v3 to 2025-06-20 15:04:00+00:00, run_after=2025-06-20 15:05:00+00:00
[2025-06-20T15:05:48.770+0000] {processor.py:183} INFO - Processing /home/airflow/.local/lib/python3.12/site-packages/airflow/example_dags/example_branch_python_dop_operator_3.py took 0.075 seconds
[2025-06-20T15:06:19.019+0000] {processor.py:161} INFO - Started process (PID=3740) to work on /home/airflow/.local/lib/python3.12/site-packages/airflow/example_dags/example_branch_python_dop_operator_3.py
[2025-06-20T15:06:19.020+0000] {processor.py:830} INFO - Processing file /home/airflow/.local/lib/python3.12/site-packages/airflow/example_dags/example_branch_python_dop_operator_3.py for tasks to queue
[2025-06-20T15:06:19.022+0000] {logging_mixin.py:188} INFO - [2025-06-20T15:06:19.022+0000] {dagbag.py:540} INFO - Filling up the DagBag from /home/airflow/.local/lib/python3.12/site-packages/airflow/example_dags/example_branch_python_dop_operator_3.py
[2025-06-20T15:06:19.031+0000] {processor.py:840} INFO - DAG(s) 'example_branch_dop_operator_v3' retrieved from /home/airflow/.local/lib/python3.12/site-packages/airflow/example_dags/example_branch_python_dop_operator_3.py
[2025-06-20T15:06:19.051+0000] {logging_mixin.py:188} INFO - [2025-06-20T15:06:19.051+0000] {dag.py:3096} INFO - Sync 1 DAGs
[2025-06-20T15:06:19.078+0000] {logging_mixin.py:188} INFO - [2025-06-20T15:06:19.078+0000] {dag.py:3954} INFO - Setting next_dagrun for example_branch_dop_operator_v3 to 2025-06-20 15:05:00+00:00, run_after=2025-06-20 15:06:00+00:00
[2025-06-20T15:06:19.097+0000] {processor.py:183} INFO - Processing /home/airflow/.local/lib/python3.12/site-packages/airflow/example_dags/example_branch_python_dop_operator_3.py took 0.085 seconds
[2025-06-20T15:06:49.259+0000] {processor.py:161} INFO - Started process (PID=3799) to work on /home/airflow/.local/lib/python3.12/site-packages/airflow/example_dags/example_branch_python_dop_operator_3.py
[2025-06-20T15:06:49.260+0000] {processor.py:830} INFO - Processing file /home/airflow/.local/lib/python3.12/site-packages/airflow/example_dags/example_branch_python_dop_operator_3.py for tasks to queue
[2025-06-20T15:06:49.262+0000] {logging_mixin.py:188} INFO - [2025-06-20T15:06:49.262+0000] {dagbag.py:540} INFO - Filling up the DagBag from /home/airflow/.local/lib/python3.12/site-packages/airflow/example_dags/example_branch_python_dop_operator_3.py
[2025-06-20T15:06:49.271+0000] {processor.py:840} INFO - DAG(s) 'example_branch_dop_operator_v3' retrieved from /home/airflow/.local/lib/python3.12/site-packages/airflow/example_dags/example_branch_python_dop_operator_3.py
[2025-06-20T15:06:49.290+0000] {logging_mixin.py:188} INFO - [2025-06-20T15:06:49.290+0000] {dag.py:3096} INFO - Sync 1 DAGs
[2025-06-20T15:06:49.312+0000] {logging_mixin.py:188} INFO - [2025-06-20T15:06:49.312+0000] {dag.py:3954} INFO - Setting next_dagrun for example_branch_dop_operator_v3 to 2025-06-20 15:05:00+00:00, run_after=2025-06-20 15:06:00+00:00
[2025-06-20T15:06:49.328+0000] {processor.py:183} INFO - Processing /home/airflow/.local/lib/python3.12/site-packages/airflow/example_dags/example_branch_python_dop_operator_3.py took 0.076 seconds
[2025-06-20T15:07:19.524+0000] {processor.py:161} INFO - Started process (PID=3858) to work on /home/airflow/.local/lib/python3.12/site-packages/airflow/example_dags/example_branch_python_dop_operator_3.py
[2025-06-20T15:07:19.525+0000] {processor.py:830} INFO - Processing file /home/airflow/.local/lib/python3.12/site-packages/airflow/example_dags/example_branch_python_dop_operator_3.py for tasks to queue
[2025-06-20T15:07:19.528+0000] {logging_mixin.py:188} INFO - [2025-06-20T15:07:19.527+0000] {dagbag.py:540} INFO - Filling up the DagBag from /home/airflow/.local/lib/python3.12/site-packages/airflow/example_dags/example_branch_python_dop_operator_3.py
[2025-06-20T15:07:19.540+0000] {processor.py:840} INFO - DAG(s) 'example_branch_dop_operator_v3' retrieved from /home/airflow/.local/lib/python3.12/site-packages/airflow/example_dags/example_branch_python_dop_operator_3.py
[2025-06-20T15:07:19.559+0000] {logging_mixin.py:188} INFO - [2025-06-20T15:07:19.559+0000] {dag.py:3096} INFO - Sync 1 DAGs
[2025-06-20T15:07:19.583+0000] {logging_mixin.py:188} INFO - [2025-06-20T15:07:19.582+0000] {dag.py:3954} INFO - Setting next_dagrun for example_branch_dop_operator_v3 to 2025-06-20 15:06:00+00:00, run_after=2025-06-20 15:07:00+00:00
[2025-06-20T15:07:19.599+0000] {processor.py:183} INFO - Processing /home/airflow/.local/lib/python3.12/site-packages/airflow/example_dags/example_branch_python_dop_operator_3.py took 0.082 seconds
[2025-06-20T15:07:49.775+0000] {processor.py:161} INFO - Started process (PID=3917) to work on /home/airflow/.local/lib/python3.12/site-packages/airflow/example_dags/example_branch_python_dop_operator_3.py
[2025-06-20T15:07:49.776+0000] {processor.py:830} INFO - Processing file /home/airflow/.local/lib/python3.12/site-packages/airflow/example_dags/example_branch_python_dop_operator_3.py for tasks to queue
[2025-06-20T15:07:49.778+0000] {logging_mixin.py:188} INFO - [2025-06-20T15:07:49.778+0000] {dagbag.py:540} INFO - Filling up the DagBag from /home/airflow/.local/lib/python3.12/site-packages/airflow/example_dags/example_branch_python_dop_operator_3.py
[2025-06-20T15:07:49.787+0000] {processor.py:840} INFO - DAG(s) 'example_branch_dop_operator_v3' retrieved from /home/airflow/.local/lib/python3.12/site-packages/airflow/example_dags/example_branch_python_dop_operator_3.py
[2025-06-20T15:07:49.807+0000] {logging_mixin.py:188} INFO - [2025-06-20T15:07:49.807+0000] {dag.py:3096} INFO - Sync 1 DAGs
[2025-06-20T15:07:49.830+0000] {logging_mixin.py:188} INFO - [2025-06-20T15:07:49.829+0000] {dag.py:3954} INFO - Setting next_dagrun for example_branch_dop_operator_v3 to 2025-06-20 15:06:00+00:00, run_after=2025-06-20 15:07:00+00:00
[2025-06-20T15:07:49.845+0000] {processor.py:183} INFO - Processing /home/airflow/.local/lib/python3.12/site-packages/airflow/example_dags/example_branch_python_dop_operator_3.py took 0.077 seconds
[2025-06-20T15:08:20.182+0000] {processor.py:161} INFO - Started process (PID=3976) to work on /home/airflow/.local/lib/python3.12/site-packages/airflow/example_dags/example_branch_python_dop_operator_3.py
[2025-06-20T15:08:20.183+0000] {processor.py:830} INFO - Processing file /home/airflow/.local/lib/python3.12/site-packages/airflow/example_dags/example_branch_python_dop_operator_3.py for tasks to queue
[2025-06-20T15:08:20.184+0000] {logging_mixin.py:188} INFO - [2025-06-20T15:08:20.184+0000] {dagbag.py:540} INFO - Filling up the DagBag from /home/airflow/.local/lib/python3.12/site-packages/airflow/example_dags/example_branch_python_dop_operator_3.py
[2025-06-20T15:08:20.193+0000] {processor.py:840} INFO - DAG(s) 'example_branch_dop_operator_v3' retrieved from /home/airflow/.local/lib/python3.12/site-packages/airflow/example_dags/example_branch_python_dop_operator_3.py
[2025-06-20T15:08:20.212+0000] {logging_mixin.py:188} INFO - [2025-06-20T15:08:20.212+0000] {dag.py:3096} INFO - Sync 1 DAGs
[2025-06-20T15:08:20.235+0000] {logging_mixin.py:188} INFO - [2025-06-20T15:08:20.235+0000] {dag.py:3954} INFO - Setting next_dagrun for example_branch_dop_operator_v3 to 2025-06-20 15:07:00+00:00, run_after=2025-06-20 15:08:00+00:00
[2025-06-20T15:08:20.251+0000] {processor.py:183} INFO - Processing /home/airflow/.local/lib/python3.12/site-packages/airflow/example_dags/example_branch_python_dop_operator_3.py took 0.076 seconds
[2025-06-20T15:08:51.121+0000] {processor.py:161} INFO - Started process (PID=4035) to work on /home/airflow/.local/lib/python3.12/site-packages/airflow/example_dags/example_branch_python_dop_operator_3.py
[2025-06-20T15:08:51.122+0000] {processor.py:830} INFO - Processing file /home/airflow/.local/lib/python3.12/site-packages/airflow/example_dags/example_branch_python_dop_operator_3.py for tasks to queue
[2025-06-20T15:08:51.124+0000] {logging_mixin.py:188} INFO - [2025-06-20T15:08:51.123+0000] {dagbag.py:540} INFO - Filling up the DagBag from /home/airflow/.local/lib/python3.12/site-packages/airflow/example_dags/example_branch_python_dop_operator_3.py
[2025-06-20T15:08:51.133+0000] {processor.py:840} INFO - DAG(s) 'example_branch_dop_operator_v3' retrieved from /home/airflow/.local/lib/python3.12/site-packages/airflow/example_dags/example_branch_python_dop_operator_3.py
[2025-06-20T15:08:51.152+0000] {logging_mixin.py:188} INFO - [2025-06-20T15:08:51.152+0000] {dag.py:3096} INFO - Sync 1 DAGs
[2025-06-20T15:08:51.180+0000] {logging_mixin.py:188} INFO - [2025-06-20T15:08:51.180+0000] {dag.py:3954} INFO - Setting next_dagrun for example_branch_dop_operator_v3 to 2025-06-20 15:07:00+00:00, run_after=2025-06-20 15:08:00+00:00
[2025-06-20T15:08:51.198+0000] {processor.py:183} INFO - Processing /home/airflow/.local/lib/python3.12/site-packages/airflow/example_dags/example_branch_python_dop_operator_3.py took 0.085 seconds
[2025-06-20T15:09:21.274+0000] {processor.py:161} INFO - Started process (PID=4094) to work on /home/airflow/.local/lib/python3.12/site-packages/airflow/example_dags/example_branch_python_dop_operator_3.py
[2025-06-20T15:09:21.275+0000] {processor.py:830} INFO - Processing file /home/airflow/.local/lib/python3.12/site-packages/airflow/example_dags/example_branch_python_dop_operator_3.py for tasks to queue
[2025-06-20T15:09:21.277+0000] {logging_mixin.py:188} INFO - [2025-06-20T15:09:21.276+0000] {dagbag.py:540} INFO - Filling up the DagBag from /home/airflow/.local/lib/python3.12/site-packages/airflow/example_dags/example_branch_python_dop_operator_3.py
[2025-06-20T15:09:21.285+0000] {processor.py:840} INFO - DAG(s) 'example_branch_dop_operator_v3' retrieved from /home/airflow/.local/lib/python3.12/site-packages/airflow/example_dags/example_branch_python_dop_operator_3.py
[2025-06-20T15:09:21.304+0000] {logging_mixin.py:188} INFO - [2025-06-20T15:09:21.304+0000] {dag.py:3096} INFO - Sync 1 DAGs
[2025-06-20T15:09:21.327+0000] {logging_mixin.py:188} INFO - [2025-06-20T15:09:21.327+0000] {dag.py:3954} INFO - Setting next_dagrun for example_branch_dop_operator_v3 to 2025-06-20 15:08:00+00:00, run_after=2025-06-20 15:09:00+00:00
[2025-06-20T15:09:21.343+0000] {processor.py:183} INFO - Processing /home/airflow/.local/lib/python3.12/site-packages/airflow/example_dags/example_branch_python_dop_operator_3.py took 0.075 seconds
[2025-06-20T15:09:51.508+0000] {processor.py:161} INFO - Started process (PID=4153) to work on /home/airflow/.local/lib/python3.12/site-packages/airflow/example_dags/example_branch_python_dop_operator_3.py
[2025-06-20T15:09:51.509+0000] {processor.py:830} INFO - Processing file /home/airflow/.local/lib/python3.12/site-packages/airflow/example_dags/example_branch_python_dop_operator_3.py for tasks to queue
[2025-06-20T15:09:51.511+0000] {logging_mixin.py:188} INFO - [2025-06-20T15:09:51.510+0000] {dagbag.py:540} INFO - Filling up the DagBag from /home/airflow/.local/lib/python3.12/site-packages/airflow/example_dags/example_branch_python_dop_operator_3.py
[2025-06-20T15:09:51.520+0000] {processor.py:840} INFO - DAG(s) 'example_branch_dop_operator_v3' retrieved from /home/airflow/.local/lib/python3.12/site-packages/airflow/example_dags/example_branch_python_dop_operator_3.py
[2025-06-20T15:09:51.539+0000] {logging_mixin.py:188} INFO - [2025-06-20T15:09:51.539+0000] {dag.py:3096} INFO - Sync 1 DAGs
[2025-06-20T15:09:51.563+0000] {logging_mixin.py:188} INFO - [2025-06-20T15:09:51.563+0000] {dag.py:3954} INFO - Setting next_dagrun for example_branch_dop_operator_v3 to 2025-06-20 15:08:00+00:00, run_after=2025-06-20 15:09:00+00:00
[2025-06-20T15:09:51.579+0000] {processor.py:183} INFO - Processing /home/airflow/.local/lib/python3.12/site-packages/airflow/example_dags/example_branch_python_dop_operator_3.py took 0.078 seconds
[2025-06-20T15:10:21.687+0000] {processor.py:161} INFO - Started process (PID=4212) to work on /home/airflow/.local/lib/python3.12/site-packages/airflow/example_dags/example_branch_python_dop_operator_3.py
[2025-06-20T15:10:21.688+0000] {processor.py:830} INFO - Processing file /home/airflow/.local/lib/python3.12/site-packages/airflow/example_dags/example_branch_python_dop_operator_3.py for tasks to queue
[2025-06-20T15:10:21.690+0000] {logging_mixin.py:188} INFO - [2025-06-20T15:10:21.690+0000] {dagbag.py:540} INFO - Filling up the DagBag from /home/airflow/.local/lib/python3.12/site-packages/airflow/example_dags/example_branch_python_dop_operator_3.py
[2025-06-20T15:10:21.699+0000] {processor.py:840} INFO - DAG(s) 'example_branch_dop_operator_v3' retrieved from /home/airflow/.local/lib/python3.12/site-packages/airflow/example_dags/example_branch_python_dop_operator_3.py
[2025-06-20T15:10:21.718+0000] {logging_mixin.py:188} INFO - [2025-06-20T15:10:21.718+0000] {dag.py:3096} INFO - Sync 1 DAGs
[2025-06-20T15:10:21.742+0000] {logging_mixin.py:188} INFO - [2025-06-20T15:10:21.741+0000] {dag.py:3954} INFO - Setting next_dagrun for example_branch_dop_operator_v3 to 2025-06-20 15:09:00+00:00, run_after=2025-06-20 15:10:00+00:00
[2025-06-20T15:10:21.757+0000] {processor.py:183} INFO - Processing /home/airflow/.local/lib/python3.12/site-packages/airflow/example_dags/example_branch_python_dop_operator_3.py took 0.076 seconds
[2025-06-20T15:10:52.515+0000] {processor.py:161} INFO - Started process (PID=4271) to work on /home/airflow/.local/lib/python3.12/site-packages/airflow/example_dags/example_branch_python_dop_operator_3.py
[2025-06-20T15:10:52.516+0000] {processor.py:830} INFO - Processing file /home/airflow/.local/lib/python3.12/site-packages/airflow/example_dags/example_branch_python_dop_operator_3.py for tasks to queue
[2025-06-20T15:10:52.518+0000] {logging_mixin.py:188} INFO - [2025-06-20T15:10:52.518+0000] {dagbag.py:540} INFO - Filling up the DagBag from /home/airflow/.local/lib/python3.12/site-packages/airflow/example_dags/example_branch_python_dop_operator_3.py
[2025-06-20T15:10:52.528+0000] {processor.py:840} INFO - DAG(s) 'example_branch_dop_operator_v3' retrieved from /home/airflow/.local/lib/python3.12/site-packages/airflow/example_dags/example_branch_python_dop_operator_3.py
[2025-06-20T15:10:52.552+0000] {logging_mixin.py:188} INFO - [2025-06-20T15:10:52.552+0000] {dag.py:3096} INFO - Sync 1 DAGs
[2025-06-20T15:10:52.577+0000] {logging_mixin.py:188} INFO - [2025-06-20T15:10:52.576+0000] {dag.py:3954} INFO - Setting next_dagrun for example_branch_dop_operator_v3 to 2025-06-20 15:09:00+00:00, run_after=2025-06-20 15:10:00+00:00
[2025-06-20T15:10:52.594+0000] {processor.py:183} INFO - Processing /home/airflow/.local/lib/python3.12/site-packages/airflow/example_dags/example_branch_python_dop_operator_3.py took 0.085 seconds
[2025-06-20T15:11:23.368+0000] {processor.py:161} INFO - Started process (PID=4330) to work on /home/airflow/.local/lib/python3.12/site-packages/airflow/example_dags/example_branch_python_dop_operator_3.py
[2025-06-20T15:11:23.369+0000] {processor.py:830} INFO - Processing file /home/airflow/.local/lib/python3.12/site-packages/airflow/example_dags/example_branch_python_dop_operator_3.py for tasks to queue
[2025-06-20T15:11:23.370+0000] {logging_mixin.py:188} INFO - [2025-06-20T15:11:23.370+0000] {dagbag.py:540} INFO - Filling up the DagBag from /home/airflow/.local/lib/python3.12/site-packages/airflow/example_dags/example_branch_python_dop_operator_3.py
[2025-06-20T15:11:23.379+0000] {processor.py:840} INFO - DAG(s) 'example_branch_dop_operator_v3' retrieved from /home/airflow/.local/lib/python3.12/site-packages/airflow/example_dags/example_branch_python_dop_operator_3.py
[2025-06-20T15:11:23.398+0000] {logging_mixin.py:188} INFO - [2025-06-20T15:11:23.398+0000] {dag.py:3096} INFO - Sync 1 DAGs
[2025-06-20T15:11:23.421+0000] {logging_mixin.py:188} INFO - [2025-06-20T15:11:23.421+0000] {dag.py:3954} INFO - Setting next_dagrun for example_branch_dop_operator_v3 to 2025-06-20 15:10:00+00:00, run_after=2025-06-20 15:11:00+00:00
[2025-06-20T15:11:23.437+0000] {processor.py:183} INFO - Processing /home/airflow/.local/lib/python3.12/site-packages/airflow/example_dags/example_branch_python_dop_operator_3.py took 0.075 seconds
[2025-06-20T15:11:53.707+0000] {processor.py:161} INFO - Started process (PID=4389) to work on /home/airflow/.local/lib/python3.12/site-packages/airflow/example_dags/example_branch_python_dop_operator_3.py
[2025-06-20T15:11:53.708+0000] {processor.py:830} INFO - Processing file /home/airflow/.local/lib/python3.12/site-packages/airflow/example_dags/example_branch_python_dop_operator_3.py for tasks to queue
[2025-06-20T15:11:53.710+0000] {logging_mixin.py:188} INFO - [2025-06-20T15:11:53.709+0000] {dagbag.py:540} INFO - Filling up the DagBag from /home/airflow/.local/lib/python3.12/site-packages/airflow/example_dags/example_branch_python_dop_operator_3.py
[2025-06-20T15:11:53.718+0000] {processor.py:840} INFO - DAG(s) 'example_branch_dop_operator_v3' retrieved from /home/airflow/.local/lib/python3.12/site-packages/airflow/example_dags/example_branch_python_dop_operator_3.py
[2025-06-20T15:11:53.739+0000] {logging_mixin.py:188} INFO - [2025-06-20T15:11:53.739+0000] {dag.py:3096} INFO - Sync 1 DAGs
[2025-06-20T15:11:53.764+0000] {logging_mixin.py:188} INFO - [2025-06-20T15:11:53.764+0000] {dag.py:3954} INFO - Setting next_dagrun for example_branch_dop_operator_v3 to 2025-06-20 15:10:00+00:00, run_after=2025-06-20 15:11:00+00:00
[2025-06-20T15:11:53.781+0000] {processor.py:183} INFO - Processing /home/airflow/.local/lib/python3.12/site-packages/airflow/example_dags/example_branch_python_dop_operator_3.py took 0.080 seconds
[2025-06-20T15:12:23.852+0000] {processor.py:161} INFO - Started process (PID=4454) to work on /home/airflow/.local/lib/python3.12/site-packages/airflow/example_dags/example_branch_python_dop_operator_3.py
[2025-06-20T15:12:23.854+0000] {processor.py:830} INFO - Processing file /home/airflow/.local/lib/python3.12/site-packages/airflow/example_dags/example_branch_python_dop_operator_3.py for tasks to queue
[2025-06-20T15:12:23.855+0000] {logging_mixin.py:188} INFO - [2025-06-20T15:12:23.855+0000] {dagbag.py:540} INFO - Filling up the DagBag from /home/airflow/.local/lib/python3.12/site-packages/airflow/example_dags/example_branch_python_dop_operator_3.py
[2025-06-20T15:12:23.864+0000] {processor.py:840} INFO - DAG(s) 'example_branch_dop_operator_v3' retrieved from /home/airflow/.local/lib/python3.12/site-packages/airflow/example_dags/example_branch_python_dop_operator_3.py
[2025-06-20T15:12:23.885+0000] {logging_mixin.py:188} INFO - [2025-06-20T15:12:23.885+0000] {dag.py:3096} INFO - Sync 1 DAGs
[2025-06-20T15:12:23.908+0000] {logging_mixin.py:188} INFO - [2025-06-20T15:12:23.908+0000] {dag.py:3954} INFO - Setting next_dagrun for example_branch_dop_operator_v3 to 2025-06-20 15:11:00+00:00, run_after=2025-06-20 15:12:00+00:00
[2025-06-20T15:12:23.926+0000] {processor.py:183} INFO - Processing /home/airflow/.local/lib/python3.12/site-packages/airflow/example_dags/example_branch_python_dop_operator_3.py took 0.081 seconds
[2025-06-20T15:12:54.717+0000] {processor.py:161} INFO - Started process (PID=4513) to work on /home/airflow/.local/lib/python3.12/site-packages/airflow/example_dags/example_branch_python_dop_operator_3.py
[2025-06-20T15:12:54.718+0000] {processor.py:830} INFO - Processing file /home/airflow/.local/lib/python3.12/site-packages/airflow/example_dags/example_branch_python_dop_operator_3.py for tasks to queue
[2025-06-20T15:12:54.720+0000] {logging_mixin.py:188} INFO - [2025-06-20T15:12:54.719+0000] {dagbag.py:540} INFO - Filling up the DagBag from /home/airflow/.local/lib/python3.12/site-packages/airflow/example_dags/example_branch_python_dop_operator_3.py
[2025-06-20T15:12:54.728+0000] {processor.py:840} INFO - DAG(s) 'example_branch_dop_operator_v3' retrieved from /home/airflow/.local/lib/python3.12/site-packages/airflow/example_dags/example_branch_python_dop_operator_3.py
[2025-06-20T15:12:54.746+0000] {logging_mixin.py:188} INFO - [2025-06-20T15:12:54.746+0000] {dag.py:3096} INFO - Sync 1 DAGs
[2025-06-20T15:12:54.769+0000] {logging_mixin.py:188} INFO - [2025-06-20T15:12:54.769+0000] {dag.py:3954} INFO - Setting next_dagrun for example_branch_dop_operator_v3 to 2025-06-20 15:11:00+00:00, run_after=2025-06-20 15:12:00+00:00
[2025-06-20T15:12:54.784+0000] {processor.py:183} INFO - Processing /home/airflow/.local/lib/python3.12/site-packages/airflow/example_dags/example_branch_python_dop_operator_3.py took 0.074 seconds
[2025-06-20T15:13:24.881+0000] {processor.py:161} INFO - Started process (PID=4572) to work on /home/airflow/.local/lib/python3.12/site-packages/airflow/example_dags/example_branch_python_dop_operator_3.py
[2025-06-20T15:13:24.881+0000] {processor.py:830} INFO - Processing file /home/airflow/.local/lib/python3.12/site-packages/airflow/example_dags/example_branch_python_dop_operator_3.py for tasks to queue
[2025-06-20T15:13:24.883+0000] {logging_mixin.py:188} INFO - [2025-06-20T15:13:24.883+0000] {dagbag.py:540} INFO - Filling up the DagBag from /home/airflow/.local/lib/python3.12/site-packages/airflow/example_dags/example_branch_python_dop_operator_3.py
[2025-06-20T15:13:24.892+0000] {processor.py:840} INFO - DAG(s) 'example_branch_dop_operator_v3' retrieved from /home/airflow/.local/lib/python3.12/site-packages/airflow/example_dags/example_branch_python_dop_operator_3.py
[2025-06-20T15:13:24.913+0000] {logging_mixin.py:188} INFO - [2025-06-20T15:13:24.912+0000] {dag.py:3096} INFO - Sync 1 DAGs
[2025-06-20T15:13:24.938+0000] {logging_mixin.py:188} INFO - [2025-06-20T15:13:24.937+0000] {dag.py:3954} INFO - Setting next_dagrun for example_branch_dop_operator_v3 to 2025-06-20 15:12:00+00:00, run_after=2025-06-20 15:13:00+00:00
[2025-06-20T15:13:24.955+0000] {processor.py:183} INFO - Processing /home/airflow/.local/lib/python3.12/site-packages/airflow/example_dags/example_branch_python_dop_operator_3.py took 0.081 seconds
[2025-06-20T15:13:55.171+0000] {processor.py:161} INFO - Started process (PID=4631) to work on /home/airflow/.local/lib/python3.12/site-packages/airflow/example_dags/example_branch_python_dop_operator_3.py
[2025-06-20T15:13:55.172+0000] {processor.py:830} INFO - Processing file /home/airflow/.local/lib/python3.12/site-packages/airflow/example_dags/example_branch_python_dop_operator_3.py for tasks to queue
[2025-06-20T15:13:55.174+0000] {logging_mixin.py:188} INFO - [2025-06-20T15:13:55.173+0000] {dagbag.py:540} INFO - Filling up the DagBag from /home/airflow/.local/lib/python3.12/site-packages/airflow/example_dags/example_branch_python_dop_operator_3.py
[2025-06-20T15:13:55.182+0000] {processor.py:840} INFO - DAG(s) 'example_branch_dop_operator_v3' retrieved from /home/airflow/.local/lib/python3.12/site-packages/airflow/example_dags/example_branch_python_dop_operator_3.py
[2025-06-20T15:13:55.205+0000] {logging_mixin.py:188} INFO - [2025-06-20T15:13:55.204+0000] {dag.py:3096} INFO - Sync 1 DAGs
[2025-06-20T15:13:55.229+0000] {logging_mixin.py:188} INFO - [2025-06-20T15:13:55.229+0000] {dag.py:3954} INFO - Setting next_dagrun for example_branch_dop_operator_v3 to 2025-06-20 15:12:00+00:00, run_after=2025-06-20 15:13:00+00:00
[2025-06-20T15:13:55.246+0000] {processor.py:183} INFO - Processing /home/airflow/.local/lib/python3.12/site-packages/airflow/example_dags/example_branch_python_dop_operator_3.py took 0.081 seconds
[2025-06-20T15:14:25.342+0000] {processor.py:161} INFO - Started process (PID=4690) to work on /home/airflow/.local/lib/python3.12/site-packages/airflow/example_dags/example_branch_python_dop_operator_3.py
[2025-06-20T15:14:25.343+0000] {processor.py:830} INFO - Processing file /home/airflow/.local/lib/python3.12/site-packages/airflow/example_dags/example_branch_python_dop_operator_3.py for tasks to queue
[2025-06-20T15:14:25.345+0000] {logging_mixin.py:188} INFO - [2025-06-20T15:14:25.344+0000] {dagbag.py:540} INFO - Filling up the DagBag from /home/airflow/.local/lib/python3.12/site-packages/airflow/example_dags/example_branch_python_dop_operator_3.py
[2025-06-20T15:14:25.353+0000] {processor.py:840} INFO - DAG(s) 'example_branch_dop_operator_v3' retrieved from /home/airflow/.local/lib/python3.12/site-packages/airflow/example_dags/example_branch_python_dop_operator_3.py
[2025-06-20T15:14:25.373+0000] {logging_mixin.py:188} INFO - [2025-06-20T15:14:25.373+0000] {dag.py:3096} INFO - Sync 1 DAGs
[2025-06-20T15:14:25.396+0000] {logging_mixin.py:188} INFO - [2025-06-20T15:14:25.395+0000] {dag.py:3954} INFO - Setting next_dagrun for example_branch_dop_operator_v3 to 2025-06-20 15:13:00+00:00, run_after=2025-06-20 15:14:00+00:00
[2025-06-20T15:14:25.411+0000] {processor.py:183} INFO - Processing /home/airflow/.local/lib/python3.12/site-packages/airflow/example_dags/example_branch_python_dop_operator_3.py took 0.076 seconds
[2025-06-20T15:14:55.728+0000] {processor.py:161} INFO - Started process (PID=4749) to work on /home/airflow/.local/lib/python3.12/site-packages/airflow/example_dags/example_branch_python_dop_operator_3.py
[2025-06-20T15:14:55.729+0000] {processor.py:830} INFO - Processing file /home/airflow/.local/lib/python3.12/site-packages/airflow/example_dags/example_branch_python_dop_operator_3.py for tasks to queue
[2025-06-20T15:14:55.731+0000] {logging_mixin.py:188} INFO - [2025-06-20T15:14:55.731+0000] {dagbag.py:540} INFO - Filling up the DagBag from /home/airflow/.local/lib/python3.12/site-packages/airflow/example_dags/example_branch_python_dop_operator_3.py
[2025-06-20T15:14:55.740+0000] {processor.py:840} INFO - DAG(s) 'example_branch_dop_operator_v3' retrieved from /home/airflow/.local/lib/python3.12/site-packages/airflow/example_dags/example_branch_python_dop_operator_3.py
[2025-06-20T15:14:55.763+0000] {logging_mixin.py:188} INFO - [2025-06-20T15:14:55.763+0000] {dag.py:3096} INFO - Sync 1 DAGs
[2025-06-20T15:14:55.799+0000] {logging_mixin.py:188} INFO - [2025-06-20T15:14:55.799+0000] {dag.py:3954} INFO - Setting next_dagrun for example_branch_dop_operator_v3 to 2025-06-20 15:13:00+00:00, run_after=2025-06-20 15:14:00+00:00
[2025-06-20T15:14:55.823+0000] {processor.py:183} INFO - Processing /home/airflow/.local/lib/python3.12/site-packages/airflow/example_dags/example_branch_python_dop_operator_3.py took 0.102 seconds
[2025-06-20T15:15:26.013+0000] {processor.py:161} INFO - Started process (PID=4808) to work on /home/airflow/.local/lib/python3.12/site-packages/airflow/example_dags/example_branch_python_dop_operator_3.py
[2025-06-20T15:15:26.014+0000] {processor.py:830} INFO - Processing file /home/airflow/.local/lib/python3.12/site-packages/airflow/example_dags/example_branch_python_dop_operator_3.py for tasks to queue
[2025-06-20T15:15:26.016+0000] {logging_mixin.py:188} INFO - [2025-06-20T15:15:26.016+0000] {dagbag.py:540} INFO - Filling up the DagBag from /home/airflow/.local/lib/python3.12/site-packages/airflow/example_dags/example_branch_python_dop_operator_3.py
[2025-06-20T15:15:26.025+0000] {processor.py:840} INFO - DAG(s) 'example_branch_dop_operator_v3' retrieved from /home/airflow/.local/lib/python3.12/site-packages/airflow/example_dags/example_branch_python_dop_operator_3.py
[2025-06-20T15:15:26.044+0000] {logging_mixin.py:188} INFO - [2025-06-20T15:15:26.044+0000] {dag.py:3096} INFO - Sync 1 DAGs
[2025-06-20T15:15:26.068+0000] {logging_mixin.py:188} INFO - [2025-06-20T15:15:26.068+0000] {dag.py:3954} INFO - Setting next_dagrun for example_branch_dop_operator_v3 to 2025-06-20 15:14:00+00:00, run_after=2025-06-20 15:15:00+00:00
[2025-06-20T15:15:26.084+0000] {processor.py:183} INFO - Processing /home/airflow/.local/lib/python3.12/site-packages/airflow/example_dags/example_branch_python_dop_operator_3.py took 0.077 seconds
[2025-06-20T15:15:56.566+0000] {processor.py:161} INFO - Started process (PID=4867) to work on /home/airflow/.local/lib/python3.12/site-packages/airflow/example_dags/example_branch_python_dop_operator_3.py
[2025-06-20T15:15:56.567+0000] {processor.py:830} INFO - Processing file /home/airflow/.local/lib/python3.12/site-packages/airflow/example_dags/example_branch_python_dop_operator_3.py for tasks to queue
[2025-06-20T15:15:56.569+0000] {logging_mixin.py:188} INFO - [2025-06-20T15:15:56.569+0000] {dagbag.py:540} INFO - Filling up the DagBag from /home/airflow/.local/lib/python3.12/site-packages/airflow/example_dags/example_branch_python_dop_operator_3.py
[2025-06-20T15:15:56.578+0000] {processor.py:840} INFO - DAG(s) 'example_branch_dop_operator_v3' retrieved from /home/airflow/.local/lib/python3.12/site-packages/airflow/example_dags/example_branch_python_dop_operator_3.py
[2025-06-20T15:15:56.597+0000] {logging_mixin.py:188} INFO - [2025-06-20T15:15:56.597+0000] {dag.py:3096} INFO - Sync 1 DAGs
[2025-06-20T15:15:56.621+0000] {logging_mixin.py:188} INFO - [2025-06-20T15:15:56.620+0000] {dag.py:3954} INFO - Setting next_dagrun for example_branch_dop_operator_v3 to 2025-06-20 15:14:00+00:00, run_after=2025-06-20 15:15:00+00:00
[2025-06-20T15:15:56.638+0000] {processor.py:183} INFO - Processing /home/airflow/.local/lib/python3.12/site-packages/airflow/example_dags/example_branch_python_dop_operator_3.py took 0.079 seconds
[2025-06-20T15:16:27.353+0000] {processor.py:161} INFO - Started process (PID=4926) to work on /home/airflow/.local/lib/python3.12/site-packages/airflow/example_dags/example_branch_python_dop_operator_3.py
[2025-06-20T15:16:27.354+0000] {processor.py:830} INFO - Processing file /home/airflow/.local/lib/python3.12/site-packages/airflow/example_dags/example_branch_python_dop_operator_3.py for tasks to queue
[2025-06-20T15:16:27.357+0000] {logging_mixin.py:188} INFO - [2025-06-20T15:16:27.356+0000] {dagbag.py:540} INFO - Filling up the DagBag from /home/airflow/.local/lib/python3.12/site-packages/airflow/example_dags/example_branch_python_dop_operator_3.py
[2025-06-20T15:16:27.367+0000] {processor.py:840} INFO - DAG(s) 'example_branch_dop_operator_v3' retrieved from /home/airflow/.local/lib/python3.12/site-packages/airflow/example_dags/example_branch_python_dop_operator_3.py
[2025-06-20T15:16:27.389+0000] {logging_mixin.py:188} INFO - [2025-06-20T15:16:27.389+0000] {dag.py:3096} INFO - Sync 1 DAGs
[2025-06-20T15:16:27.414+0000] {logging_mixin.py:188} INFO - [2025-06-20T15:16:27.414+0000] {dag.py:3954} INFO - Setting next_dagrun for example_branch_dop_operator_v3 to 2025-06-20 15:15:00+00:00, run_after=2025-06-20 15:16:00+00:00
[2025-06-20T15:16:27.432+0000] {processor.py:183} INFO - Processing /home/airflow/.local/lib/python3.12/site-packages/airflow/example_dags/example_branch_python_dop_operator_3.py took 0.087 seconds
[2025-06-20T15:16:58.303+0000] {processor.py:161} INFO - Started process (PID=4985) to work on /home/airflow/.local/lib/python3.12/site-packages/airflow/example_dags/example_branch_python_dop_operator_3.py
[2025-06-20T15:16:58.304+0000] {processor.py:830} INFO - Processing file /home/airflow/.local/lib/python3.12/site-packages/airflow/example_dags/example_branch_python_dop_operator_3.py for tasks to queue
[2025-06-20T15:16:58.309+0000] {logging_mixin.py:188} INFO - [2025-06-20T15:16:58.309+0000] {dagbag.py:540} INFO - Filling up the DagBag from /home/airflow/.local/lib/python3.12/site-packages/airflow/example_dags/example_branch_python_dop_operator_3.py
[2025-06-20T15:16:58.321+0000] {processor.py:840} INFO - DAG(s) 'example_branch_dop_operator_v3' retrieved from /home/airflow/.local/lib/python3.12/site-packages/airflow/example_dags/example_branch_python_dop_operator_3.py
[2025-06-20T15:16:58.345+0000] {logging_mixin.py:188} INFO - [2025-06-20T15:16:58.345+0000] {dag.py:3096} INFO - Sync 1 DAGs
[2025-06-20T15:16:58.369+0000] {logging_mixin.py:188} INFO - [2025-06-20T15:16:58.369+0000] {dag.py:3954} INFO - Setting next_dagrun for example_branch_dop_operator_v3 to 2025-06-20 15:15:00+00:00, run_after=2025-06-20 15:16:00+00:00
[2025-06-20T15:16:58.385+0000] {processor.py:183} INFO - Processing /home/airflow/.local/lib/python3.12/site-packages/airflow/example_dags/example_branch_python_dop_operator_3.py took 0.092 seconds
[2025-06-20T15:17:28.513+0000] {processor.py:161} INFO - Started process (PID=5044) to work on /home/airflow/.local/lib/python3.12/site-packages/airflow/example_dags/example_branch_python_dop_operator_3.py
[2025-06-20T15:17:28.514+0000] {processor.py:830} INFO - Processing file /home/airflow/.local/lib/python3.12/site-packages/airflow/example_dags/example_branch_python_dop_operator_3.py for tasks to queue
[2025-06-20T15:17:28.515+0000] {logging_mixin.py:188} INFO - [2025-06-20T15:17:28.515+0000] {dagbag.py:540} INFO - Filling up the DagBag from /home/airflow/.local/lib/python3.12/site-packages/airflow/example_dags/example_branch_python_dop_operator_3.py
[2025-06-20T15:17:28.524+0000] {processor.py:840} INFO - DAG(s) 'example_branch_dop_operator_v3' retrieved from /home/airflow/.local/lib/python3.12/site-packages/airflow/example_dags/example_branch_python_dop_operator_3.py
[2025-06-20T15:17:28.543+0000] {logging_mixin.py:188} INFO - [2025-06-20T15:17:28.543+0000] {dag.py:3096} INFO - Sync 1 DAGs
[2025-06-20T15:17:28.569+0000] {logging_mixin.py:188} INFO - [2025-06-20T15:17:28.569+0000] {dag.py:3954} INFO - Setting next_dagrun for example_branch_dop_operator_v3 to 2025-06-20 15:16:00+00:00, run_after=2025-06-20 15:17:00+00:00
[2025-06-20T15:17:28.585+0000] {processor.py:183} INFO - Processing /home/airflow/.local/lib/python3.12/site-packages/airflow/example_dags/example_branch_python_dop_operator_3.py took 0.080 seconds
[2025-06-20T15:17:58.788+0000] {processor.py:161} INFO - Started process (PID=5103) to work on /home/airflow/.local/lib/python3.12/site-packages/airflow/example_dags/example_branch_python_dop_operator_3.py
[2025-06-20T15:17:58.789+0000] {processor.py:830} INFO - Processing file /home/airflow/.local/lib/python3.12/site-packages/airflow/example_dags/example_branch_python_dop_operator_3.py for tasks to queue
[2025-06-20T15:17:58.791+0000] {logging_mixin.py:188} INFO - [2025-06-20T15:17:58.790+0000] {dagbag.py:540} INFO - Filling up the DagBag from /home/airflow/.local/lib/python3.12/site-packages/airflow/example_dags/example_branch_python_dop_operator_3.py
[2025-06-20T15:17:58.799+0000] {processor.py:840} INFO - DAG(s) 'example_branch_dop_operator_v3' retrieved from /home/airflow/.local/lib/python3.12/site-packages/airflow/example_dags/example_branch_python_dop_operator_3.py
[2025-06-20T15:17:58.818+0000] {logging_mixin.py:188} INFO - [2025-06-20T15:17:58.818+0000] {dag.py:3096} INFO - Sync 1 DAGs
[2025-06-20T15:17:58.843+0000] {logging_mixin.py:188} INFO - [2025-06-20T15:17:58.842+0000] {dag.py:3954} INFO - Setting next_dagrun for example_branch_dop_operator_v3 to 2025-06-20 15:16:00+00:00, run_after=2025-06-20 15:17:00+00:00
[2025-06-20T15:17:58.858+0000] {processor.py:183} INFO - Processing /home/airflow/.local/lib/python3.12/site-packages/airflow/example_dags/example_branch_python_dop_operator_3.py took 0.076 seconds
[2025-06-20T15:18:29.581+0000] {processor.py:161} INFO - Started process (PID=5163) to work on /home/airflow/.local/lib/python3.12/site-packages/airflow/example_dags/example_branch_python_dop_operator_3.py
[2025-06-20T15:18:29.582+0000] {processor.py:830} INFO - Processing file /home/airflow/.local/lib/python3.12/site-packages/airflow/example_dags/example_branch_python_dop_operator_3.py for tasks to queue
[2025-06-20T15:18:29.584+0000] {logging_mixin.py:188} INFO - [2025-06-20T15:18:29.584+0000] {dagbag.py:540} INFO - Filling up the DagBag from /home/airflow/.local/lib/python3.12/site-packages/airflow/example_dags/example_branch_python_dop_operator_3.py
[2025-06-20T15:18:29.593+0000] {processor.py:840} INFO - DAG(s) 'example_branch_dop_operator_v3' retrieved from /home/airflow/.local/lib/python3.12/site-packages/airflow/example_dags/example_branch_python_dop_operator_3.py
[2025-06-20T15:18:29.614+0000] {logging_mixin.py:188} INFO - [2025-06-20T15:18:29.614+0000] {dag.py:3096} INFO - Sync 1 DAGs
[2025-06-20T15:18:29.640+0000] {logging_mixin.py:188} INFO - [2025-06-20T15:18:29.640+0000] {dag.py:3954} INFO - Setting next_dagrun for example_branch_dop_operator_v3 to 2025-06-20 15:17:00+00:00, run_after=2025-06-20 15:18:00+00:00
[2025-06-20T15:18:29.657+0000] {processor.py:183} INFO - Processing /home/airflow/.local/lib/python3.12/site-packages/airflow/example_dags/example_branch_python_dop_operator_3.py took 0.082 seconds
[2025-06-20T15:18:59.805+0000] {processor.py:161} INFO - Started process (PID=5222) to work on /home/airflow/.local/lib/python3.12/site-packages/airflow/example_dags/example_branch_python_dop_operator_3.py
[2025-06-20T15:18:59.806+0000] {processor.py:830} INFO - Processing file /home/airflow/.local/lib/python3.12/site-packages/airflow/example_dags/example_branch_python_dop_operator_3.py for tasks to queue
[2025-06-20T15:18:59.808+0000] {logging_mixin.py:188} INFO - [2025-06-20T15:18:59.808+0000] {dagbag.py:540} INFO - Filling up the DagBag from /home/airflow/.local/lib/python3.12/site-packages/airflow/example_dags/example_branch_python_dop_operator_3.py
[2025-06-20T15:18:59.817+0000] {processor.py:840} INFO - DAG(s) 'example_branch_dop_operator_v3' retrieved from /home/airflow/.local/lib/python3.12/site-packages/airflow/example_dags/example_branch_python_dop_operator_3.py
[2025-06-20T15:18:59.836+0000] {logging_mixin.py:188} INFO - [2025-06-20T15:18:59.835+0000] {dag.py:3096} INFO - Sync 1 DAGs
[2025-06-20T15:18:59.859+0000] {logging_mixin.py:188} INFO - [2025-06-20T15:18:59.859+0000] {dag.py:3954} INFO - Setting next_dagrun for example_branch_dop_operator_v3 to 2025-06-20 15:17:00+00:00, run_after=2025-06-20 15:18:00+00:00
[2025-06-20T15:18:59.875+0000] {processor.py:183} INFO - Processing /home/airflow/.local/lib/python3.12/site-packages/airflow/example_dags/example_branch_python_dop_operator_3.py took 0.076 seconds
[2025-06-20T15:19:30.073+0000] {processor.py:161} INFO - Started process (PID=5281) to work on /home/airflow/.local/lib/python3.12/site-packages/airflow/example_dags/example_branch_python_dop_operator_3.py
[2025-06-20T15:19:30.074+0000] {processor.py:830} INFO - Processing file /home/airflow/.local/lib/python3.12/site-packages/airflow/example_dags/example_branch_python_dop_operator_3.py for tasks to queue
[2025-06-20T15:19:30.076+0000] {logging_mixin.py:188} INFO - [2025-06-20T15:19:30.076+0000] {dagbag.py:540} INFO - Filling up the DagBag from /home/airflow/.local/lib/python3.12/site-packages/airflow/example_dags/example_branch_python_dop_operator_3.py
[2025-06-20T15:19:30.085+0000] {processor.py:840} INFO - DAG(s) 'example_branch_dop_operator_v3' retrieved from /home/airflow/.local/lib/python3.12/site-packages/airflow/example_dags/example_branch_python_dop_operator_3.py
[2025-06-20T15:19:30.103+0000] {logging_mixin.py:188} INFO - [2025-06-20T15:19:30.103+0000] {dag.py:3096} INFO - Sync 1 DAGs
[2025-06-20T15:19:30.126+0000] {logging_mixin.py:188} INFO - [2025-06-20T15:19:30.126+0000] {dag.py:3954} INFO - Setting next_dagrun for example_branch_dop_operator_v3 to 2025-06-20 15:18:00+00:00, run_after=2025-06-20 15:19:00+00:00
[2025-06-20T15:19:30.142+0000] {processor.py:183} INFO - Processing /home/airflow/.local/lib/python3.12/site-packages/airflow/example_dags/example_branch_python_dop_operator_3.py took 0.075 seconds
[2025-06-20T15:20:00.279+0000] {processor.py:161} INFO - Started process (PID=5340) to work on /home/airflow/.local/lib/python3.12/site-packages/airflow/example_dags/example_branch_python_dop_operator_3.py
[2025-06-20T15:20:00.280+0000] {processor.py:830} INFO - Processing file /home/airflow/.local/lib/python3.12/site-packages/airflow/example_dags/example_branch_python_dop_operator_3.py for tasks to queue
[2025-06-20T15:20:00.282+0000] {logging_mixin.py:188} INFO - [2025-06-20T15:20:00.282+0000] {dagbag.py:540} INFO - Filling up the DagBag from /home/airflow/.local/lib/python3.12/site-packages/airflow/example_dags/example_branch_python_dop_operator_3.py
[2025-06-20T15:20:00.291+0000] {processor.py:840} INFO - DAG(s) 'example_branch_dop_operator_v3' retrieved from /home/airflow/.local/lib/python3.12/site-packages/airflow/example_dags/example_branch_python_dop_operator_3.py
[2025-06-20T15:20:00.310+0000] {logging_mixin.py:188} INFO - [2025-06-20T15:20:00.310+0000] {dag.py:3096} INFO - Sync 1 DAGs
[2025-06-20T15:20:00.333+0000] {logging_mixin.py:188} INFO - [2025-06-20T15:20:00.333+0000] {dag.py:3954} INFO - Setting next_dagrun for example_branch_dop_operator_v3 to 2025-06-20 15:19:00+00:00, run_after=2025-06-20 15:20:00+00:00
[2025-06-20T15:20:00.349+0000] {processor.py:183} INFO - Processing /home/airflow/.local/lib/python3.12/site-packages/airflow/example_dags/example_branch_python_dop_operator_3.py took 0.076 seconds
[2025-06-20T15:20:30.604+0000] {processor.py:161} INFO - Started process (PID=5400) to work on /home/airflow/.local/lib/python3.12/site-packages/airflow/example_dags/example_branch_python_dop_operator_3.py
[2025-06-20T15:20:30.605+0000] {processor.py:830} INFO - Processing file /home/airflow/.local/lib/python3.12/site-packages/airflow/example_dags/example_branch_python_dop_operator_3.py for tasks to queue
[2025-06-20T15:20:30.607+0000] {logging_mixin.py:188} INFO - [2025-06-20T15:20:30.606+0000] {dagbag.py:540} INFO - Filling up the DagBag from /home/airflow/.local/lib/python3.12/site-packages/airflow/example_dags/example_branch_python_dop_operator_3.py
[2025-06-20T15:20:30.615+0000] {processor.py:840} INFO - DAG(s) 'example_branch_dop_operator_v3' retrieved from /home/airflow/.local/lib/python3.12/site-packages/airflow/example_dags/example_branch_python_dop_operator_3.py
[2025-06-20T15:20:30.635+0000] {logging_mixin.py:188} INFO - [2025-06-20T15:20:30.634+0000] {dag.py:3096} INFO - Sync 1 DAGs
[2025-06-20T15:20:30.658+0000] {logging_mixin.py:188} INFO - [2025-06-20T15:20:30.658+0000] {dag.py:3954} INFO - Setting next_dagrun for example_branch_dop_operator_v3 to 2025-06-20 15:19:00+00:00, run_after=2025-06-20 15:20:00+00:00
[2025-06-20T15:20:30.674+0000] {processor.py:183} INFO - Processing /home/airflow/.local/lib/python3.12/site-packages/airflow/example_dags/example_branch_python_dop_operator_3.py took 0.076 seconds
[2025-06-20T15:21:00.830+0000] {processor.py:161} INFO - Started process (PID=5458) to work on /home/airflow/.local/lib/python3.12/site-packages/airflow/example_dags/example_branch_python_dop_operator_3.py
[2025-06-20T15:21:00.831+0000] {processor.py:830} INFO - Processing file /home/airflow/.local/lib/python3.12/site-packages/airflow/example_dags/example_branch_python_dop_operator_3.py for tasks to queue
[2025-06-20T15:21:00.833+0000] {logging_mixin.py:188} INFO - [2025-06-20T15:21:00.833+0000] {dagbag.py:540} INFO - Filling up the DagBag from /home/airflow/.local/lib/python3.12/site-packages/airflow/example_dags/example_branch_python_dop_operator_3.py
[2025-06-20T15:21:00.841+0000] {processor.py:840} INFO - DAG(s) 'example_branch_dop_operator_v3' retrieved from /home/airflow/.local/lib/python3.12/site-packages/airflow/example_dags/example_branch_python_dop_operator_3.py
[2025-06-20T15:21:00.862+0000] {logging_mixin.py:188} INFO - [2025-06-20T15:21:00.862+0000] {dag.py:3096} INFO - Sync 1 DAGs
[2025-06-20T15:21:00.885+0000] {logging_mixin.py:188} INFO - [2025-06-20T15:21:00.885+0000] {dag.py:3954} INFO - Setting next_dagrun for example_branch_dop_operator_v3 to 2025-06-20 15:20:00+00:00, run_after=2025-06-20 15:21:00+00:00
[2025-06-20T15:21:00.901+0000] {processor.py:183} INFO - Processing /home/airflow/.local/lib/python3.12/site-packages/airflow/example_dags/example_branch_python_dop_operator_3.py took 0.077 seconds
[2025-06-20T15:21:31.117+0000] {processor.py:161} INFO - Started process (PID=5517) to work on /home/airflow/.local/lib/python3.12/site-packages/airflow/example_dags/example_branch_python_dop_operator_3.py
[2025-06-20T15:21:31.118+0000] {processor.py:830} INFO - Processing file /home/airflow/.local/lib/python3.12/site-packages/airflow/example_dags/example_branch_python_dop_operator_3.py for tasks to queue
[2025-06-20T15:21:31.120+0000] {logging_mixin.py:188} INFO - [2025-06-20T15:21:31.120+0000] {dagbag.py:540} INFO - Filling up the DagBag from /home/airflow/.local/lib/python3.12/site-packages/airflow/example_dags/example_branch_python_dop_operator_3.py
[2025-06-20T15:21:31.129+0000] {processor.py:840} INFO - DAG(s) 'example_branch_dop_operator_v3' retrieved from /home/airflow/.local/lib/python3.12/site-packages/airflow/example_dags/example_branch_python_dop_operator_3.py
[2025-06-20T15:21:31.148+0000] {logging_mixin.py:188} INFO - [2025-06-20T15:21:31.148+0000] {dag.py:3096} INFO - Sync 1 DAGs
[2025-06-20T15:21:31.171+0000] {logging_mixin.py:188} INFO - [2025-06-20T15:21:31.171+0000] {dag.py:3954} INFO - Setting next_dagrun for example_branch_dop_operator_v3 to 2025-06-20 15:20:00+00:00, run_after=2025-06-20 15:21:00+00:00
[2025-06-20T15:21:31.186+0000] {processor.py:183} INFO - Processing /home/airflow/.local/lib/python3.12/site-packages/airflow/example_dags/example_branch_python_dop_operator_3.py took 0.075 seconds
[2025-06-20T15:22:01.525+0000] {processor.py:161} INFO - Started process (PID=5576) to work on /home/airflow/.local/lib/python3.12/site-packages/airflow/example_dags/example_branch_python_dop_operator_3.py
[2025-06-20T15:22:01.526+0000] {processor.py:830} INFO - Processing file /home/airflow/.local/lib/python3.12/site-packages/airflow/example_dags/example_branch_python_dop_operator_3.py for tasks to queue
[2025-06-20T15:22:01.528+0000] {logging_mixin.py:188} INFO - [2025-06-20T15:22:01.527+0000] {dagbag.py:540} INFO - Filling up the DagBag from /home/airflow/.local/lib/python3.12/site-packages/airflow/example_dags/example_branch_python_dop_operator_3.py
[2025-06-20T15:22:01.536+0000] {processor.py:840} INFO - DAG(s) 'example_branch_dop_operator_v3' retrieved from /home/airflow/.local/lib/python3.12/site-packages/airflow/example_dags/example_branch_python_dop_operator_3.py
[2025-06-20T15:22:01.555+0000] {logging_mixin.py:188} INFO - [2025-06-20T15:22:01.555+0000] {dag.py:3096} INFO - Sync 1 DAGs
[2025-06-20T15:22:01.579+0000] {logging_mixin.py:188} INFO - [2025-06-20T15:22:01.578+0000] {dag.py:3954} INFO - Setting next_dagrun for example_branch_dop_operator_v3 to 2025-06-20 15:21:00+00:00, run_after=2025-06-20 15:22:00+00:00
[2025-06-20T15:22:01.594+0000] {processor.py:183} INFO - Processing /home/airflow/.local/lib/python3.12/site-packages/airflow/example_dags/example_branch_python_dop_operator_3.py took 0.076 seconds
[2025-06-20T15:22:31.824+0000] {processor.py:161} INFO - Started process (PID=5635) to work on /home/airflow/.local/lib/python3.12/site-packages/airflow/example_dags/example_branch_python_dop_operator_3.py
[2025-06-20T15:22:31.825+0000] {processor.py:830} INFO - Processing file /home/airflow/.local/lib/python3.12/site-packages/airflow/example_dags/example_branch_python_dop_operator_3.py for tasks to queue
[2025-06-20T15:22:31.827+0000] {logging_mixin.py:188} INFO - [2025-06-20T15:22:31.827+0000] {dagbag.py:540} INFO - Filling up the DagBag from /home/airflow/.local/lib/python3.12/site-packages/airflow/example_dags/example_branch_python_dop_operator_3.py
[2025-06-20T15:22:31.836+0000] {processor.py:840} INFO - DAG(s) 'example_branch_dop_operator_v3' retrieved from /home/airflow/.local/lib/python3.12/site-packages/airflow/example_dags/example_branch_python_dop_operator_3.py
[2025-06-20T15:22:31.856+0000] {logging_mixin.py:188} INFO - [2025-06-20T15:22:31.855+0000] {dag.py:3096} INFO - Sync 1 DAGs
[2025-06-20T15:22:31.879+0000] {logging_mixin.py:188} INFO - [2025-06-20T15:22:31.879+0000] {dag.py:3954} INFO - Setting next_dagrun for example_branch_dop_operator_v3 to 2025-06-20 15:21:00+00:00, run_after=2025-06-20 15:22:00+00:00
[2025-06-20T15:22:31.895+0000] {processor.py:183} INFO - Processing /home/airflow/.local/lib/python3.12/site-packages/airflow/example_dags/example_branch_python_dop_operator_3.py took 0.078 seconds
[2025-06-20T15:23:02.072+0000] {processor.py:161} INFO - Started process (PID=5695) to work on /home/airflow/.local/lib/python3.12/site-packages/airflow/example_dags/example_branch_python_dop_operator_3.py
[2025-06-20T15:23:02.073+0000] {processor.py:830} INFO - Processing file /home/airflow/.local/lib/python3.12/site-packages/airflow/example_dags/example_branch_python_dop_operator_3.py for tasks to queue
[2025-06-20T15:23:02.075+0000] {logging_mixin.py:188} INFO - [2025-06-20T15:23:02.075+0000] {dagbag.py:540} INFO - Filling up the DagBag from /home/airflow/.local/lib/python3.12/site-packages/airflow/example_dags/example_branch_python_dop_operator_3.py
[2025-06-20T15:23:02.083+0000] {processor.py:840} INFO - DAG(s) 'example_branch_dop_operator_v3' retrieved from /home/airflow/.local/lib/python3.12/site-packages/airflow/example_dags/example_branch_python_dop_operator_3.py
[2025-06-20T15:23:02.102+0000] {logging_mixin.py:188} INFO - [2025-06-20T15:23:02.102+0000] {dag.py:3096} INFO - Sync 1 DAGs
[2025-06-20T15:23:02.125+0000] {logging_mixin.py:188} INFO - [2025-06-20T15:23:02.125+0000] {dag.py:3954} INFO - Setting next_dagrun for example_branch_dop_operator_v3 to 2025-06-20 15:22:00+00:00, run_after=2025-06-20 15:23:00+00:00
[2025-06-20T15:23:02.142+0000] {processor.py:183} INFO - Processing /home/airflow/.local/lib/python3.12/site-packages/airflow/example_dags/example_branch_python_dop_operator_3.py took 0.076 seconds
[2025-06-20T15:23:32.423+0000] {processor.py:161} INFO - Started process (PID=5754) to work on /home/airflow/.local/lib/python3.12/site-packages/airflow/example_dags/example_branch_python_dop_operator_3.py
[2025-06-20T15:23:32.424+0000] {processor.py:830} INFO - Processing file /home/airflow/.local/lib/python3.12/site-packages/airflow/example_dags/example_branch_python_dop_operator_3.py for tasks to queue
[2025-06-20T15:23:32.426+0000] {logging_mixin.py:188} INFO - [2025-06-20T15:23:32.425+0000] {dagbag.py:540} INFO - Filling up the DagBag from /home/airflow/.local/lib/python3.12/site-packages/airflow/example_dags/example_branch_python_dop_operator_3.py
[2025-06-20T15:23:32.434+0000] {processor.py:840} INFO - DAG(s) 'example_branch_dop_operator_v3' retrieved from /home/airflow/.local/lib/python3.12/site-packages/airflow/example_dags/example_branch_python_dop_operator_3.py
[2025-06-20T15:23:32.452+0000] {logging_mixin.py:188} INFO - [2025-06-20T15:23:32.452+0000] {dag.py:3096} INFO - Sync 1 DAGs
[2025-06-20T15:23:32.476+0000] {logging_mixin.py:188} INFO - [2025-06-20T15:23:32.476+0000] {dag.py:3954} INFO - Setting next_dagrun for example_branch_dop_operator_v3 to 2025-06-20 15:22:00+00:00, run_after=2025-06-20 15:23:00+00:00
[2025-06-20T15:23:32.492+0000] {processor.py:183} INFO - Processing /home/airflow/.local/lib/python3.12/site-packages/airflow/example_dags/example_branch_python_dop_operator_3.py took 0.075 seconds
[2025-06-20T15:24:02.611+0000] {processor.py:161} INFO - Started process (PID=5813) to work on /home/airflow/.local/lib/python3.12/site-packages/airflow/example_dags/example_branch_python_dop_operator_3.py
[2025-06-20T15:24:02.611+0000] {processor.py:830} INFO - Processing file /home/airflow/.local/lib/python3.12/site-packages/airflow/example_dags/example_branch_python_dop_operator_3.py for tasks to queue
[2025-06-20T15:24:02.613+0000] {logging_mixin.py:188} INFO - [2025-06-20T15:24:02.613+0000] {dagbag.py:540} INFO - Filling up the DagBag from /home/airflow/.local/lib/python3.12/site-packages/airflow/example_dags/example_branch_python_dop_operator_3.py
[2025-06-20T15:24:02.621+0000] {processor.py:840} INFO - DAG(s) 'example_branch_dop_operator_v3' retrieved from /home/airflow/.local/lib/python3.12/site-packages/airflow/example_dags/example_branch_python_dop_operator_3.py
[2025-06-20T15:24:02.640+0000] {logging_mixin.py:188} INFO - [2025-06-20T15:24:02.639+0000] {dag.py:3096} INFO - Sync 1 DAGs
[2025-06-20T15:24:02.662+0000] {logging_mixin.py:188} INFO - [2025-06-20T15:24:02.662+0000] {dag.py:3954} INFO - Setting next_dagrun for example_branch_dop_operator_v3 to 2025-06-20 15:23:00+00:00, run_after=2025-06-20 15:24:00+00:00
[2025-06-20T15:24:02.678+0000] {processor.py:183} INFO - Processing /home/airflow/.local/lib/python3.12/site-packages/airflow/example_dags/example_branch_python_dop_operator_3.py took 0.073 seconds
[2025-06-20T15:24:33.298+0000] {processor.py:161} INFO - Started process (PID=5871) to work on /home/airflow/.local/lib/python3.12/site-packages/airflow/example_dags/example_branch_python_dop_operator_3.py
[2025-06-20T15:24:33.299+0000] {processor.py:830} INFO - Processing file /home/airflow/.local/lib/python3.12/site-packages/airflow/example_dags/example_branch_python_dop_operator_3.py for tasks to queue
[2025-06-20T15:24:33.300+0000] {logging_mixin.py:188} INFO - [2025-06-20T15:24:33.300+0000] {dagbag.py:540} INFO - Filling up the DagBag from /home/airflow/.local/lib/python3.12/site-packages/airflow/example_dags/example_branch_python_dop_operator_3.py
[2025-06-20T15:24:33.309+0000] {processor.py:840} INFO - DAG(s) 'example_branch_dop_operator_v3' retrieved from /home/airflow/.local/lib/python3.12/site-packages/airflow/example_dags/example_branch_python_dop_operator_3.py
[2025-06-20T15:24:33.328+0000] {logging_mixin.py:188} INFO - [2025-06-20T15:24:33.328+0000] {dag.py:3096} INFO - Sync 1 DAGs
[2025-06-20T15:24:33.351+0000] {logging_mixin.py:188} INFO - [2025-06-20T15:24:33.351+0000] {dag.py:3954} INFO - Setting next_dagrun for example_branch_dop_operator_v3 to 2025-06-20 15:23:00+00:00, run_after=2025-06-20 15:24:00+00:00
[2025-06-20T15:24:33.367+0000] {processor.py:183} INFO - Processing /home/airflow/.local/lib/python3.12/site-packages/airflow/example_dags/example_branch_python_dop_operator_3.py took 0.076 seconds
[2025-06-20T15:25:03.700+0000] {processor.py:161} INFO - Started process (PID=5930) to work on /home/airflow/.local/lib/python3.12/site-packages/airflow/example_dags/example_branch_python_dop_operator_3.py
[2025-06-20T15:25:03.701+0000] {processor.py:830} INFO - Processing file /home/airflow/.local/lib/python3.12/site-packages/airflow/example_dags/example_branch_python_dop_operator_3.py for tasks to queue
[2025-06-20T15:25:03.703+0000] {logging_mixin.py:188} INFO - [2025-06-20T15:25:03.703+0000] {dagbag.py:540} INFO - Filling up the DagBag from /home/airflow/.local/lib/python3.12/site-packages/airflow/example_dags/example_branch_python_dop_operator_3.py
[2025-06-20T15:25:03.713+0000] {processor.py:840} INFO - DAG(s) 'example_branch_dop_operator_v3' retrieved from /home/airflow/.local/lib/python3.12/site-packages/airflow/example_dags/example_branch_python_dop_operator_3.py
[2025-06-20T15:25:03.736+0000] {logging_mixin.py:188} INFO - [2025-06-20T15:25:03.736+0000] {dag.py:3096} INFO - Sync 1 DAGs
[2025-06-20T15:25:03.762+0000] {logging_mixin.py:188} INFO - [2025-06-20T15:25:03.762+0000] {dag.py:3954} INFO - Setting next_dagrun for example_branch_dop_operator_v3 to 2025-06-20 15:24:00+00:00, run_after=2025-06-20 15:25:00+00:00
[2025-06-20T15:25:03.782+0000] {processor.py:183} INFO - Processing /home/airflow/.local/lib/python3.12/site-packages/airflow/example_dags/example_branch_python_dop_operator_3.py took 0.089 seconds
[2025-06-20T15:25:34.077+0000] {processor.py:161} INFO - Started process (PID=5987) to work on /home/airflow/.local/lib/python3.12/site-packages/airflow/example_dags/example_branch_python_dop_operator_3.py
[2025-06-20T15:25:34.078+0000] {processor.py:830} INFO - Processing file /home/airflow/.local/lib/python3.12/site-packages/airflow/example_dags/example_branch_python_dop_operator_3.py for tasks to queue
[2025-06-20T15:25:34.080+0000] {logging_mixin.py:188} INFO - [2025-06-20T15:25:34.079+0000] {dagbag.py:540} INFO - Filling up the DagBag from /home/airflow/.local/lib/python3.12/site-packages/airflow/example_dags/example_branch_python_dop_operator_3.py
[2025-06-20T15:25:34.088+0000] {processor.py:840} INFO - DAG(s) 'example_branch_dop_operator_v3' retrieved from /home/airflow/.local/lib/python3.12/site-packages/airflow/example_dags/example_branch_python_dop_operator_3.py
[2025-06-20T15:25:34.110+0000] {logging_mixin.py:188} INFO - [2025-06-20T15:25:34.110+0000] {dag.py:3096} INFO - Sync 1 DAGs
[2025-06-20T15:25:34.133+0000] {logging_mixin.py:188} INFO - [2025-06-20T15:25:34.133+0000] {dag.py:3954} INFO - Setting next_dagrun for example_branch_dop_operator_v3 to 2025-06-20 15:24:00+00:00, run_after=2025-06-20 15:25:00+00:00
[2025-06-20T15:25:34.148+0000] {processor.py:183} INFO - Processing /home/airflow/.local/lib/python3.12/site-packages/airflow/example_dags/example_branch_python_dop_operator_3.py took 0.077 seconds
[2025-06-20T15:26:04.806+0000] {processor.py:161} INFO - Started process (PID=6046) to work on /home/airflow/.local/lib/python3.12/site-packages/airflow/example_dags/example_branch_python_dop_operator_3.py
[2025-06-20T15:26:04.807+0000] {processor.py:830} INFO - Processing file /home/airflow/.local/lib/python3.12/site-packages/airflow/example_dags/example_branch_python_dop_operator_3.py for tasks to queue
[2025-06-20T15:26:04.809+0000] {logging_mixin.py:188} INFO - [2025-06-20T15:26:04.809+0000] {dagbag.py:540} INFO - Filling up the DagBag from /home/airflow/.local/lib/python3.12/site-packages/airflow/example_dags/example_branch_python_dop_operator_3.py
[2025-06-20T15:26:04.818+0000] {processor.py:840} INFO - DAG(s) 'example_branch_dop_operator_v3' retrieved from /home/airflow/.local/lib/python3.12/site-packages/airflow/example_dags/example_branch_python_dop_operator_3.py
[2025-06-20T15:26:04.837+0000] {logging_mixin.py:188} INFO - [2025-06-20T15:26:04.837+0000] {dag.py:3096} INFO - Sync 1 DAGs
[2025-06-20T15:26:04.861+0000] {logging_mixin.py:188} INFO - [2025-06-20T15:26:04.860+0000] {dag.py:3954} INFO - Setting next_dagrun for example_branch_dop_operator_v3 to 2025-06-20 15:25:00+00:00, run_after=2025-06-20 15:26:00+00:00
[2025-06-20T15:26:04.876+0000] {processor.py:183} INFO - Processing /home/airflow/.local/lib/python3.12/site-packages/airflow/example_dags/example_branch_python_dop_operator_3.py took 0.077 seconds
[2025-06-20T15:26:35.129+0000] {processor.py:161} INFO - Started process (PID=6105) to work on /home/airflow/.local/lib/python3.12/site-packages/airflow/example_dags/example_branch_python_dop_operator_3.py
[2025-06-20T15:26:35.130+0000] {processor.py:830} INFO - Processing file /home/airflow/.local/lib/python3.12/site-packages/airflow/example_dags/example_branch_python_dop_operator_3.py for tasks to queue
[2025-06-20T15:26:35.132+0000] {logging_mixin.py:188} INFO - [2025-06-20T15:26:35.131+0000] {dagbag.py:540} INFO - Filling up the DagBag from /home/airflow/.local/lib/python3.12/site-packages/airflow/example_dags/example_branch_python_dop_operator_3.py
[2025-06-20T15:26:35.140+0000] {processor.py:840} INFO - DAG(s) 'example_branch_dop_operator_v3' retrieved from /home/airflow/.local/lib/python3.12/site-packages/airflow/example_dags/example_branch_python_dop_operator_3.py
[2025-06-20T15:26:35.159+0000] {logging_mixin.py:188} INFO - [2025-06-20T15:26:35.159+0000] {dag.py:3096} INFO - Sync 1 DAGs
[2025-06-20T15:26:35.182+0000] {logging_mixin.py:188} INFO - [2025-06-20T15:26:35.182+0000] {dag.py:3954} INFO - Setting next_dagrun for example_branch_dop_operator_v3 to 2025-06-20 15:25:00+00:00, run_after=2025-06-20 15:26:00+00:00
[2025-06-20T15:26:35.198+0000] {processor.py:183} INFO - Processing /home/airflow/.local/lib/python3.12/site-packages/airflow/example_dags/example_branch_python_dop_operator_3.py took 0.076 seconds
[2025-06-20T15:27:05.290+0000] {processor.py:161} INFO - Started process (PID=6164) to work on /home/airflow/.local/lib/python3.12/site-packages/airflow/example_dags/example_branch_python_dop_operator_3.py
[2025-06-20T15:27:05.292+0000] {processor.py:830} INFO - Processing file /home/airflow/.local/lib/python3.12/site-packages/airflow/example_dags/example_branch_python_dop_operator_3.py for tasks to queue
[2025-06-20T15:27:05.293+0000] {logging_mixin.py:188} INFO - [2025-06-20T15:27:05.293+0000] {dagbag.py:540} INFO - Filling up the DagBag from /home/airflow/.local/lib/python3.12/site-packages/airflow/example_dags/example_branch_python_dop_operator_3.py
[2025-06-20T15:27:05.302+0000] {processor.py:840} INFO - DAG(s) 'example_branch_dop_operator_v3' retrieved from /home/airflow/.local/lib/python3.12/site-packages/airflow/example_dags/example_branch_python_dop_operator_3.py
[2025-06-20T15:27:05.320+0000] {logging_mixin.py:188} INFO - [2025-06-20T15:27:05.320+0000] {dag.py:3096} INFO - Sync 1 DAGs
[2025-06-20T15:27:05.344+0000] {logging_mixin.py:188} INFO - [2025-06-20T15:27:05.344+0000] {dag.py:3954} INFO - Setting next_dagrun for example_branch_dop_operator_v3 to 2025-06-20 15:26:00+00:00, run_after=2025-06-20 15:27:00+00:00
[2025-06-20T15:27:05.360+0000] {processor.py:183} INFO - Processing /home/airflow/.local/lib/python3.12/site-packages/airflow/example_dags/example_branch_python_dop_operator_3.py took 0.076 seconds
[2025-06-20T15:27:35.532+0000] {processor.py:161} INFO - Started process (PID=6223) to work on /home/airflow/.local/lib/python3.12/site-packages/airflow/example_dags/example_branch_python_dop_operator_3.py
[2025-06-20T15:27:35.532+0000] {processor.py:830} INFO - Processing file /home/airflow/.local/lib/python3.12/site-packages/airflow/example_dags/example_branch_python_dop_operator_3.py for tasks to queue
[2025-06-20T15:27:35.534+0000] {logging_mixin.py:188} INFO - [2025-06-20T15:27:35.534+0000] {dagbag.py:540} INFO - Filling up the DagBag from /home/airflow/.local/lib/python3.12/site-packages/airflow/example_dags/example_branch_python_dop_operator_3.py
[2025-06-20T15:27:35.543+0000] {processor.py:840} INFO - DAG(s) 'example_branch_dop_operator_v3' retrieved from /home/airflow/.local/lib/python3.12/site-packages/airflow/example_dags/example_branch_python_dop_operator_3.py
[2025-06-20T15:27:35.563+0000] {logging_mixin.py:188} INFO - [2025-06-20T15:27:35.562+0000] {dag.py:3096} INFO - Sync 1 DAGs
[2025-06-20T15:27:35.588+0000] {logging_mixin.py:188} INFO - [2025-06-20T15:27:35.588+0000] {dag.py:3954} INFO - Setting next_dagrun for example_branch_dop_operator_v3 to 2025-06-20 15:26:00+00:00, run_after=2025-06-20 15:27:00+00:00
[2025-06-20T15:27:35.604+0000] {processor.py:183} INFO - Processing /home/airflow/.local/lib/python3.12/site-packages/airflow/example_dags/example_branch_python_dop_operator_3.py took 0.079 seconds
[2025-06-20T15:28:05.987+0000] {processor.py:161} INFO - Started process (PID=6282) to work on /home/airflow/.local/lib/python3.12/site-packages/airflow/example_dags/example_branch_python_dop_operator_3.py
[2025-06-20T15:28:05.988+0000] {processor.py:830} INFO - Processing file /home/airflow/.local/lib/python3.12/site-packages/airflow/example_dags/example_branch_python_dop_operator_3.py for tasks to queue
[2025-06-20T15:28:05.990+0000] {logging_mixin.py:188} INFO - [2025-06-20T15:28:05.990+0000] {dagbag.py:540} INFO - Filling up the DagBag from /home/airflow/.local/lib/python3.12/site-packages/airflow/example_dags/example_branch_python_dop_operator_3.py
[2025-06-20T15:28:05.999+0000] {processor.py:840} INFO - DAG(s) 'example_branch_dop_operator_v3' retrieved from /home/airflow/.local/lib/python3.12/site-packages/airflow/example_dags/example_branch_python_dop_operator_3.py
[2025-06-20T15:28:06.021+0000] {logging_mixin.py:188} INFO - [2025-06-20T15:28:06.021+0000] {dag.py:3096} INFO - Sync 1 DAGs
[2025-06-20T15:28:06.046+0000] {logging_mixin.py:188} INFO - [2025-06-20T15:28:06.046+0000] {dag.py:3954} INFO - Setting next_dagrun for example_branch_dop_operator_v3 to 2025-06-20 15:27:00+00:00, run_after=2025-06-20 15:28:00+00:00
[2025-06-20T15:28:06.063+0000] {processor.py:183} INFO - Processing /home/airflow/.local/lib/python3.12/site-packages/airflow/example_dags/example_branch_python_dop_operator_3.py took 0.082 seconds
[2025-06-20T15:28:37.062+0000] {processor.py:161} INFO - Started process (PID=6341) to work on /home/airflow/.local/lib/python3.12/site-packages/airflow/example_dags/example_branch_python_dop_operator_3.py
[2025-06-20T15:28:37.063+0000] {processor.py:830} INFO - Processing file /home/airflow/.local/lib/python3.12/site-packages/airflow/example_dags/example_branch_python_dop_operator_3.py for tasks to queue
[2025-06-20T15:28:37.065+0000] {logging_mixin.py:188} INFO - [2025-06-20T15:28:37.064+0000] {dagbag.py:540} INFO - Filling up the DagBag from /home/airflow/.local/lib/python3.12/site-packages/airflow/example_dags/example_branch_python_dop_operator_3.py
[2025-06-20T15:28:37.073+0000] {processor.py:840} INFO - DAG(s) 'example_branch_dop_operator_v3' retrieved from /home/airflow/.local/lib/python3.12/site-packages/airflow/example_dags/example_branch_python_dop_operator_3.py
[2025-06-20T15:28:37.093+0000] {logging_mixin.py:188} INFO - [2025-06-20T15:28:37.092+0000] {dag.py:3096} INFO - Sync 1 DAGs
[2025-06-20T15:28:37.116+0000] {logging_mixin.py:188} INFO - [2025-06-20T15:28:37.115+0000] {dag.py:3954} INFO - Setting next_dagrun for example_branch_dop_operator_v3 to 2025-06-20 15:27:00+00:00, run_after=2025-06-20 15:28:00+00:00
[2025-06-20T15:28:37.131+0000] {processor.py:183} INFO - Processing /home/airflow/.local/lib/python3.12/site-packages/airflow/example_dags/example_branch_python_dop_operator_3.py took 0.075 seconds
[2025-06-20T15:29:07.419+0000] {processor.py:161} INFO - Started process (PID=6401) to work on /home/airflow/.local/lib/python3.12/site-packages/airflow/example_dags/example_branch_python_dop_operator_3.py
[2025-06-20T15:29:07.420+0000] {processor.py:830} INFO - Processing file /home/airflow/.local/lib/python3.12/site-packages/airflow/example_dags/example_branch_python_dop_operator_3.py for tasks to queue
[2025-06-20T15:29:07.421+0000] {logging_mixin.py:188} INFO - [2025-06-20T15:29:07.421+0000] {dagbag.py:540} INFO - Filling up the DagBag from /home/airflow/.local/lib/python3.12/site-packages/airflow/example_dags/example_branch_python_dop_operator_3.py
[2025-06-20T15:29:07.430+0000] {processor.py:840} INFO - DAG(s) 'example_branch_dop_operator_v3' retrieved from /home/airflow/.local/lib/python3.12/site-packages/airflow/example_dags/example_branch_python_dop_operator_3.py
[2025-06-20T15:29:07.449+0000] {logging_mixin.py:188} INFO - [2025-06-20T15:29:07.449+0000] {dag.py:3096} INFO - Sync 1 DAGs
[2025-06-20T15:29:07.471+0000] {logging_mixin.py:188} INFO - [2025-06-20T15:29:07.471+0000] {dag.py:3954} INFO - Setting next_dagrun for example_branch_dop_operator_v3 to 2025-06-20 15:28:00+00:00, run_after=2025-06-20 15:29:00+00:00
[2025-06-20T15:29:07.597+0000] {processor.py:183} INFO - Processing /home/airflow/.local/lib/python3.12/site-packages/airflow/example_dags/example_branch_python_dop_operator_3.py took 0.185 seconds
[2025-06-20T15:29:38.392+0000] {processor.py:161} INFO - Started process (PID=6459) to work on /home/airflow/.local/lib/python3.12/site-packages/airflow/example_dags/example_branch_python_dop_operator_3.py
[2025-06-20T15:29:38.393+0000] {processor.py:830} INFO - Processing file /home/airflow/.local/lib/python3.12/site-packages/airflow/example_dags/example_branch_python_dop_operator_3.py for tasks to queue
[2025-06-20T15:29:38.394+0000] {logging_mixin.py:188} INFO - [2025-06-20T15:29:38.394+0000] {dagbag.py:540} INFO - Filling up the DagBag from /home/airflow/.local/lib/python3.12/site-packages/airflow/example_dags/example_branch_python_dop_operator_3.py
[2025-06-20T15:29:38.403+0000] {processor.py:840} INFO - DAG(s) 'example_branch_dop_operator_v3' retrieved from /home/airflow/.local/lib/python3.12/site-packages/airflow/example_dags/example_branch_python_dop_operator_3.py
[2025-06-20T15:29:38.422+0000] {logging_mixin.py:188} INFO - [2025-06-20T15:29:38.422+0000] {dag.py:3096} INFO - Sync 1 DAGs
[2025-06-20T15:29:38.445+0000] {logging_mixin.py:188} INFO - [2025-06-20T15:29:38.445+0000] {dag.py:3954} INFO - Setting next_dagrun for example_branch_dop_operator_v3 to 2025-06-20 15:28:00+00:00, run_after=2025-06-20 15:29:00+00:00
[2025-06-20T15:29:38.460+0000] {processor.py:183} INFO - Processing /home/airflow/.local/lib/python3.12/site-packages/airflow/example_dags/example_branch_python_dop_operator_3.py took 0.075 seconds
[2025-06-20T15:30:09.400+0000] {processor.py:161} INFO - Started process (PID=6518) to work on /home/airflow/.local/lib/python3.12/site-packages/airflow/example_dags/example_branch_python_dop_operator_3.py
[2025-06-20T15:30:09.400+0000] {processor.py:830} INFO - Processing file /home/airflow/.local/lib/python3.12/site-packages/airflow/example_dags/example_branch_python_dop_operator_3.py for tasks to queue
[2025-06-20T15:30:09.403+0000] {logging_mixin.py:188} INFO - [2025-06-20T15:30:09.402+0000] {dagbag.py:540} INFO - Filling up the DagBag from /home/airflow/.local/lib/python3.12/site-packages/airflow/example_dags/example_branch_python_dop_operator_3.py
[2025-06-20T15:30:09.417+0000] {processor.py:840} INFO - DAG(s) 'example_branch_dop_operator_v3' retrieved from /home/airflow/.local/lib/python3.12/site-packages/airflow/example_dags/example_branch_python_dop_operator_3.py
[2025-06-20T15:30:09.437+0000] {logging_mixin.py:188} INFO - [2025-06-20T15:30:09.437+0000] {dag.py:3096} INFO - Sync 1 DAGs
[2025-06-20T15:30:09.460+0000] {logging_mixin.py:188} INFO - [2025-06-20T15:30:09.460+0000] {dag.py:3954} INFO - Setting next_dagrun for example_branch_dop_operator_v3 to 2025-06-20 15:29:00+00:00, run_after=2025-06-20 15:30:00+00:00
[2025-06-20T15:30:09.477+0000] {processor.py:183} INFO - Processing /home/airflow/.local/lib/python3.12/site-packages/airflow/example_dags/example_branch_python_dop_operator_3.py took 0.084 seconds
[2025-06-20T15:30:39.934+0000] {processor.py:161} INFO - Started process (PID=6577) to work on /home/airflow/.local/lib/python3.12/site-packages/airflow/example_dags/example_branch_python_dop_operator_3.py
[2025-06-20T15:30:39.935+0000] {processor.py:830} INFO - Processing file /home/airflow/.local/lib/python3.12/site-packages/airflow/example_dags/example_branch_python_dop_operator_3.py for tasks to queue
[2025-06-20T15:30:39.937+0000] {logging_mixin.py:188} INFO - [2025-06-20T15:30:39.936+0000] {dagbag.py:540} INFO - Filling up the DagBag from /home/airflow/.local/lib/python3.12/site-packages/airflow/example_dags/example_branch_python_dop_operator_3.py
[2025-06-20T15:30:39.945+0000] {processor.py:840} INFO - DAG(s) 'example_branch_dop_operator_v3' retrieved from /home/airflow/.local/lib/python3.12/site-packages/airflow/example_dags/example_branch_python_dop_operator_3.py
[2025-06-20T15:30:39.964+0000] {logging_mixin.py:188} INFO - [2025-06-20T15:30:39.964+0000] {dag.py:3096} INFO - Sync 1 DAGs
[2025-06-20T15:30:39.987+0000] {logging_mixin.py:188} INFO - [2025-06-20T15:30:39.987+0000] {dag.py:3954} INFO - Setting next_dagrun for example_branch_dop_operator_v3 to 2025-06-20 15:29:00+00:00, run_after=2025-06-20 15:30:00+00:00
[2025-06-20T15:30:40.003+0000] {processor.py:183} INFO - Processing /home/airflow/.local/lib/python3.12/site-packages/airflow/example_dags/example_branch_python_dop_operator_3.py took 0.075 seconds
[2025-06-20T15:31:11.454+0000] {processor.py:161} INFO - Started process (PID=6636) to work on /home/airflow/.local/lib/python3.12/site-packages/airflow/example_dags/example_branch_python_dop_operator_3.py
[2025-06-20T15:31:11.455+0000] {processor.py:830} INFO - Processing file /home/airflow/.local/lib/python3.12/site-packages/airflow/example_dags/example_branch_python_dop_operator_3.py for tasks to queue
[2025-06-20T15:31:11.457+0000] {logging_mixin.py:188} INFO - [2025-06-20T15:31:11.457+0000] {dagbag.py:540} INFO - Filling up the DagBag from /home/airflow/.local/lib/python3.12/site-packages/airflow/example_dags/example_branch_python_dop_operator_3.py
[2025-06-20T15:31:11.466+0000] {processor.py:840} INFO - DAG(s) 'example_branch_dop_operator_v3' retrieved from /home/airflow/.local/lib/python3.12/site-packages/airflow/example_dags/example_branch_python_dop_operator_3.py
[2025-06-20T15:31:11.484+0000] {logging_mixin.py:188} INFO - [2025-06-20T15:31:11.484+0000] {dag.py:3096} INFO - Sync 1 DAGs
[2025-06-20T15:31:11.615+0000] {logging_mixin.py:188} INFO - [2025-06-20T15:31:11.614+0000] {dag.py:3954} INFO - Setting next_dagrun for example_branch_dop_operator_v3 to 2025-06-20 15:30:00+00:00, run_after=2025-06-20 15:31:00+00:00
[2025-06-20T15:31:11.628+0000] {processor.py:183} INFO - Processing /home/airflow/.local/lib/python3.12/site-packages/airflow/example_dags/example_branch_python_dop_operator_3.py took 0.181 seconds
[2025-06-20T15:31:41.808+0000] {processor.py:161} INFO - Started process (PID=6696) to work on /home/airflow/.local/lib/python3.12/site-packages/airflow/example_dags/example_branch_python_dop_operator_3.py
[2025-06-20T15:31:41.809+0000] {processor.py:830} INFO - Processing file /home/airflow/.local/lib/python3.12/site-packages/airflow/example_dags/example_branch_python_dop_operator_3.py for tasks to queue
[2025-06-20T15:31:41.811+0000] {logging_mixin.py:188} INFO - [2025-06-20T15:31:41.810+0000] {dagbag.py:540} INFO - Filling up the DagBag from /home/airflow/.local/lib/python3.12/site-packages/airflow/example_dags/example_branch_python_dop_operator_3.py
[2025-06-20T15:31:41.819+0000] {processor.py:840} INFO - DAG(s) 'example_branch_dop_operator_v3' retrieved from /home/airflow/.local/lib/python3.12/site-packages/airflow/example_dags/example_branch_python_dop_operator_3.py
[2025-06-20T15:31:41.838+0000] {logging_mixin.py:188} INFO - [2025-06-20T15:31:41.838+0000] {dag.py:3096} INFO - Sync 1 DAGs
[2025-06-20T15:31:41.861+0000] {logging_mixin.py:188} INFO - [2025-06-20T15:31:41.861+0000] {dag.py:3954} INFO - Setting next_dagrun for example_branch_dop_operator_v3 to 2025-06-20 15:30:00+00:00, run_after=2025-06-20 15:31:00+00:00
[2025-06-20T15:31:41.877+0000] {processor.py:183} INFO - Processing /home/airflow/.local/lib/python3.12/site-packages/airflow/example_dags/example_branch_python_dop_operator_3.py took 0.075 seconds
[2025-06-20T15:32:12.546+0000] {processor.py:161} INFO - Started process (PID=6754) to work on /home/airflow/.local/lib/python3.12/site-packages/airflow/example_dags/example_branch_python_dop_operator_3.py
[2025-06-20T15:32:12.547+0000] {processor.py:830} INFO - Processing file /home/airflow/.local/lib/python3.12/site-packages/airflow/example_dags/example_branch_python_dop_operator_3.py for tasks to queue
[2025-06-20T15:32:12.548+0000] {logging_mixin.py:188} INFO - [2025-06-20T15:32:12.548+0000] {dagbag.py:540} INFO - Filling up the DagBag from /home/airflow/.local/lib/python3.12/site-packages/airflow/example_dags/example_branch_python_dop_operator_3.py
[2025-06-20T15:32:12.557+0000] {processor.py:840} INFO - DAG(s) 'example_branch_dop_operator_v3' retrieved from /home/airflow/.local/lib/python3.12/site-packages/airflow/example_dags/example_branch_python_dop_operator_3.py
[2025-06-20T15:32:12.577+0000] {logging_mixin.py:188} INFO - [2025-06-20T15:32:12.577+0000] {dag.py:3096} INFO - Sync 1 DAGs
[2025-06-20T15:32:12.600+0000] {logging_mixin.py:188} INFO - [2025-06-20T15:32:12.600+0000] {dag.py:3954} INFO - Setting next_dagrun for example_branch_dop_operator_v3 to 2025-06-20 15:31:00+00:00, run_after=2025-06-20 15:32:00+00:00
[2025-06-20T15:32:12.616+0000] {processor.py:183} INFO - Processing /home/airflow/.local/lib/python3.12/site-packages/airflow/example_dags/example_branch_python_dop_operator_3.py took 0.076 seconds
[2025-06-20T15:32:43.175+0000] {processor.py:161} INFO - Started process (PID=6813) to work on /home/airflow/.local/lib/python3.12/site-packages/airflow/example_dags/example_branch_python_dop_operator_3.py
[2025-06-20T15:32:43.176+0000] {processor.py:830} INFO - Processing file /home/airflow/.local/lib/python3.12/site-packages/airflow/example_dags/example_branch_python_dop_operator_3.py for tasks to queue
[2025-06-20T15:32:43.178+0000] {logging_mixin.py:188} INFO - [2025-06-20T15:32:43.178+0000] {dagbag.py:540} INFO - Filling up the DagBag from /home/airflow/.local/lib/python3.12/site-packages/airflow/example_dags/example_branch_python_dop_operator_3.py
[2025-06-20T15:32:43.186+0000] {processor.py:840} INFO - DAG(s) 'example_branch_dop_operator_v3' retrieved from /home/airflow/.local/lib/python3.12/site-packages/airflow/example_dags/example_branch_python_dop_operator_3.py
[2025-06-20T15:32:43.206+0000] {logging_mixin.py:188} INFO - [2025-06-20T15:32:43.206+0000] {dag.py:3096} INFO - Sync 1 DAGs
[2025-06-20T15:32:43.230+0000] {logging_mixin.py:188} INFO - [2025-06-20T15:32:43.230+0000] {dag.py:3954} INFO - Setting next_dagrun for example_branch_dop_operator_v3 to 2025-06-20 15:31:00+00:00, run_after=2025-06-20 15:32:00+00:00
[2025-06-20T15:32:43.245+0000] {processor.py:183} INFO - Processing /home/airflow/.local/lib/python3.12/site-packages/airflow/example_dags/example_branch_python_dop_operator_3.py took 0.076 seconds
[2025-06-20T15:33:13.916+0000] {processor.py:161} INFO - Started process (PID=6872) to work on /home/airflow/.local/lib/python3.12/site-packages/airflow/example_dags/example_branch_python_dop_operator_3.py
[2025-06-20T15:33:13.917+0000] {processor.py:830} INFO - Processing file /home/airflow/.local/lib/python3.12/site-packages/airflow/example_dags/example_branch_python_dop_operator_3.py for tasks to queue
[2025-06-20T15:33:13.919+0000] {logging_mixin.py:188} INFO - [2025-06-20T15:33:13.919+0000] {dagbag.py:540} INFO - Filling up the DagBag from /home/airflow/.local/lib/python3.12/site-packages/airflow/example_dags/example_branch_python_dop_operator_3.py
[2025-06-20T15:33:13.928+0000] {processor.py:840} INFO - DAG(s) 'example_branch_dop_operator_v3' retrieved from /home/airflow/.local/lib/python3.12/site-packages/airflow/example_dags/example_branch_python_dop_operator_3.py
[2025-06-20T15:33:13.948+0000] {logging_mixin.py:188} INFO - [2025-06-20T15:33:13.947+0000] {dag.py:3096} INFO - Sync 1 DAGs
[2025-06-20T15:33:13.971+0000] {logging_mixin.py:188} INFO - [2025-06-20T15:33:13.971+0000] {dag.py:3954} INFO - Setting next_dagrun for example_branch_dop_operator_v3 to 2025-06-20 15:32:00+00:00, run_after=2025-06-20 15:33:00+00:00
[2025-06-20T15:33:13.986+0000] {processor.py:183} INFO - Processing /home/airflow/.local/lib/python3.12/site-packages/airflow/example_dags/example_branch_python_dop_operator_3.py took 0.077 seconds
[2025-06-20T15:33:44.614+0000] {processor.py:161} INFO - Started process (PID=6931) to work on /home/airflow/.local/lib/python3.12/site-packages/airflow/example_dags/example_branch_python_dop_operator_3.py
[2025-06-20T15:33:44.615+0000] {processor.py:830} INFO - Processing file /home/airflow/.local/lib/python3.12/site-packages/airflow/example_dags/example_branch_python_dop_operator_3.py for tasks to queue
[2025-06-20T15:33:44.617+0000] {logging_mixin.py:188} INFO - [2025-06-20T15:33:44.617+0000] {dagbag.py:540} INFO - Filling up the DagBag from /home/airflow/.local/lib/python3.12/site-packages/airflow/example_dags/example_branch_python_dop_operator_3.py
[2025-06-20T15:33:44.625+0000] {processor.py:840} INFO - DAG(s) 'example_branch_dop_operator_v3' retrieved from /home/airflow/.local/lib/python3.12/site-packages/airflow/example_dags/example_branch_python_dop_operator_3.py
[2025-06-20T15:33:44.646+0000] {logging_mixin.py:188} INFO - [2025-06-20T15:33:44.645+0000] {dag.py:3096} INFO - Sync 1 DAGs
[2025-06-20T15:33:44.669+0000] {logging_mixin.py:188} INFO - [2025-06-20T15:33:44.669+0000] {dag.py:3954} INFO - Setting next_dagrun for example_branch_dop_operator_v3 to 2025-06-20 15:32:00+00:00, run_after=2025-06-20 15:33:00+00:00
[2025-06-20T15:33:44.685+0000] {processor.py:183} INFO - Processing /home/airflow/.local/lib/python3.12/site-packages/airflow/example_dags/example_branch_python_dop_operator_3.py took 0.077 seconds
[2025-06-20T15:34:15.386+0000] {processor.py:161} INFO - Started process (PID=6990) to work on /home/airflow/.local/lib/python3.12/site-packages/airflow/example_dags/example_branch_python_dop_operator_3.py
[2025-06-20T15:34:15.387+0000] {processor.py:830} INFO - Processing file /home/airflow/.local/lib/python3.12/site-packages/airflow/example_dags/example_branch_python_dop_operator_3.py for tasks to queue
[2025-06-20T15:34:15.388+0000] {logging_mixin.py:188} INFO - [2025-06-20T15:34:15.388+0000] {dagbag.py:540} INFO - Filling up the DagBag from /home/airflow/.local/lib/python3.12/site-packages/airflow/example_dags/example_branch_python_dop_operator_3.py
[2025-06-20T15:34:15.397+0000] {processor.py:840} INFO - DAG(s) 'example_branch_dop_operator_v3' retrieved from /home/airflow/.local/lib/python3.12/site-packages/airflow/example_dags/example_branch_python_dop_operator_3.py
[2025-06-20T15:34:15.416+0000] {logging_mixin.py:188} INFO - [2025-06-20T15:34:15.416+0000] {dag.py:3096} INFO - Sync 1 DAGs
[2025-06-20T15:34:15.439+0000] {logging_mixin.py:188} INFO - [2025-06-20T15:34:15.439+0000] {dag.py:3954} INFO - Setting next_dagrun for example_branch_dop_operator_v3 to 2025-06-20 15:33:00+00:00, run_after=2025-06-20 15:34:00+00:00
[2025-06-20T15:34:15.454+0000] {processor.py:183} INFO - Processing /home/airflow/.local/lib/python3.12/site-packages/airflow/example_dags/example_branch_python_dop_operator_3.py took 0.074 seconds
[2025-06-20T15:34:46.198+0000] {processor.py:161} INFO - Started process (PID=7049) to work on /home/airflow/.local/lib/python3.12/site-packages/airflow/example_dags/example_branch_python_dop_operator_3.py
[2025-06-20T15:34:46.199+0000] {processor.py:830} INFO - Processing file /home/airflow/.local/lib/python3.12/site-packages/airflow/example_dags/example_branch_python_dop_operator_3.py for tasks to queue
[2025-06-20T15:34:46.200+0000] {logging_mixin.py:188} INFO - [2025-06-20T15:34:46.200+0000] {dagbag.py:540} INFO - Filling up the DagBag from /home/airflow/.local/lib/python3.12/site-packages/airflow/example_dags/example_branch_python_dop_operator_3.py
[2025-06-20T15:34:46.209+0000] {processor.py:840} INFO - DAG(s) 'example_branch_dop_operator_v3' retrieved from /home/airflow/.local/lib/python3.12/site-packages/airflow/example_dags/example_branch_python_dop_operator_3.py
[2025-06-20T15:34:46.228+0000] {logging_mixin.py:188} INFO - [2025-06-20T15:34:46.228+0000] {dag.py:3096} INFO - Sync 1 DAGs
[2025-06-20T15:34:46.252+0000] {logging_mixin.py:188} INFO - [2025-06-20T15:34:46.252+0000] {dag.py:3954} INFO - Setting next_dagrun for example_branch_dop_operator_v3 to 2025-06-20 15:33:00+00:00, run_after=2025-06-20 15:34:00+00:00
[2025-06-20T15:34:46.267+0000] {processor.py:183} INFO - Processing /home/airflow/.local/lib/python3.12/site-packages/airflow/example_dags/example_branch_python_dop_operator_3.py took 0.076 seconds
[2025-06-20T15:35:16.390+0000] {processor.py:161} INFO - Started process (PID=7108) to work on /home/airflow/.local/lib/python3.12/site-packages/airflow/example_dags/example_branch_python_dop_operator_3.py
[2025-06-20T15:35:16.391+0000] {processor.py:830} INFO - Processing file /home/airflow/.local/lib/python3.12/site-packages/airflow/example_dags/example_branch_python_dop_operator_3.py for tasks to queue
[2025-06-20T15:35:16.393+0000] {logging_mixin.py:188} INFO - [2025-06-20T15:35:16.392+0000] {dagbag.py:540} INFO - Filling up the DagBag from /home/airflow/.local/lib/python3.12/site-packages/airflow/example_dags/example_branch_python_dop_operator_3.py
[2025-06-20T15:35:16.401+0000] {processor.py:840} INFO - DAG(s) 'example_branch_dop_operator_v3' retrieved from /home/airflow/.local/lib/python3.12/site-packages/airflow/example_dags/example_branch_python_dop_operator_3.py
[2025-06-20T15:35:16.420+0000] {logging_mixin.py:188} INFO - [2025-06-20T15:35:16.420+0000] {dag.py:3096} INFO - Sync 1 DAGs
[2025-06-20T15:35:16.444+0000] {logging_mixin.py:188} INFO - [2025-06-20T15:35:16.444+0000] {dag.py:3954} INFO - Setting next_dagrun for example_branch_dop_operator_v3 to 2025-06-20 15:34:00+00:00, run_after=2025-06-20 15:35:00+00:00
[2025-06-20T15:35:16.460+0000] {processor.py:183} INFO - Processing /home/airflow/.local/lib/python3.12/site-packages/airflow/example_dags/example_branch_python_dop_operator_3.py took 0.076 seconds
[2025-06-20T15:35:46.621+0000] {processor.py:161} INFO - Started process (PID=7167) to work on /home/airflow/.local/lib/python3.12/site-packages/airflow/example_dags/example_branch_python_dop_operator_3.py
[2025-06-20T15:35:46.622+0000] {processor.py:830} INFO - Processing file /home/airflow/.local/lib/python3.12/site-packages/airflow/example_dags/example_branch_python_dop_operator_3.py for tasks to queue
[2025-06-20T15:35:46.624+0000] {logging_mixin.py:188} INFO - [2025-06-20T15:35:46.624+0000] {dagbag.py:540} INFO - Filling up the DagBag from /home/airflow/.local/lib/python3.12/site-packages/airflow/example_dags/example_branch_python_dop_operator_3.py
[2025-06-20T15:35:46.632+0000] {processor.py:840} INFO - DAG(s) 'example_branch_dop_operator_v3' retrieved from /home/airflow/.local/lib/python3.12/site-packages/airflow/example_dags/example_branch_python_dop_operator_3.py
[2025-06-20T15:35:46.652+0000] {logging_mixin.py:188} INFO - [2025-06-20T15:35:46.652+0000] {dag.py:3096} INFO - Sync 1 DAGs
[2025-06-20T15:35:46.678+0000] {logging_mixin.py:188} INFO - [2025-06-20T15:35:46.678+0000] {dag.py:3954} INFO - Setting next_dagrun for example_branch_dop_operator_v3 to 2025-06-20 15:34:00+00:00, run_after=2025-06-20 15:35:00+00:00
[2025-06-20T15:35:46.696+0000] {processor.py:183} INFO - Processing /home/airflow/.local/lib/python3.12/site-packages/airflow/example_dags/example_branch_python_dop_operator_3.py took 0.081 seconds
[2025-06-20T15:36:16.929+0000] {processor.py:161} INFO - Started process (PID=7226) to work on /home/airflow/.local/lib/python3.12/site-packages/airflow/example_dags/example_branch_python_dop_operator_3.py
[2025-06-20T15:36:16.930+0000] {processor.py:830} INFO - Processing file /home/airflow/.local/lib/python3.12/site-packages/airflow/example_dags/example_branch_python_dop_operator_3.py for tasks to queue
[2025-06-20T15:36:16.932+0000] {logging_mixin.py:188} INFO - [2025-06-20T15:36:16.932+0000] {dagbag.py:540} INFO - Filling up the DagBag from /home/airflow/.local/lib/python3.12/site-packages/airflow/example_dags/example_branch_python_dop_operator_3.py
[2025-06-20T15:36:16.941+0000] {processor.py:840} INFO - DAG(s) 'example_branch_dop_operator_v3' retrieved from /home/airflow/.local/lib/python3.12/site-packages/airflow/example_dags/example_branch_python_dop_operator_3.py
[2025-06-20T15:36:16.960+0000] {logging_mixin.py:188} INFO - [2025-06-20T15:36:16.960+0000] {dag.py:3096} INFO - Sync 1 DAGs
[2025-06-20T15:36:16.988+0000] {logging_mixin.py:188} INFO - [2025-06-20T15:36:16.987+0000] {dag.py:3954} INFO - Setting next_dagrun for example_branch_dop_operator_v3 to 2025-06-20 15:35:00+00:00, run_after=2025-06-20 15:36:00+00:00
[2025-06-20T15:36:17.004+0000] {processor.py:183} INFO - Processing /home/airflow/.local/lib/python3.12/site-packages/airflow/example_dags/example_branch_python_dop_operator_3.py took 0.081 seconds
[2025-06-20T15:36:48.137+0000] {processor.py:161} INFO - Started process (PID=7285) to work on /home/airflow/.local/lib/python3.12/site-packages/airflow/example_dags/example_branch_python_dop_operator_3.py
[2025-06-20T15:36:48.138+0000] {processor.py:830} INFO - Processing file /home/airflow/.local/lib/python3.12/site-packages/airflow/example_dags/example_branch_python_dop_operator_3.py for tasks to queue
[2025-06-20T15:36:48.140+0000] {logging_mixin.py:188} INFO - [2025-06-20T15:36:48.140+0000] {dagbag.py:540} INFO - Filling up the DagBag from /home/airflow/.local/lib/python3.12/site-packages/airflow/example_dags/example_branch_python_dop_operator_3.py
[2025-06-20T15:36:48.148+0000] {processor.py:840} INFO - DAG(s) 'example_branch_dop_operator_v3' retrieved from /home/airflow/.local/lib/python3.12/site-packages/airflow/example_dags/example_branch_python_dop_operator_3.py
[2025-06-20T15:36:48.168+0000] {logging_mixin.py:188} INFO - [2025-06-20T15:36:48.167+0000] {dag.py:3096} INFO - Sync 1 DAGs
[2025-06-20T15:36:48.191+0000] {logging_mixin.py:188} INFO - [2025-06-20T15:36:48.191+0000] {dag.py:3954} INFO - Setting next_dagrun for example_branch_dop_operator_v3 to 2025-06-20 15:35:00+00:00, run_after=2025-06-20 15:36:00+00:00
[2025-06-20T15:36:48.207+0000] {processor.py:183} INFO - Processing /home/airflow/.local/lib/python3.12/site-packages/airflow/example_dags/example_branch_python_dop_operator_3.py took 0.076 seconds
[2025-06-20T15:37:18.335+0000] {processor.py:161} INFO - Started process (PID=7344) to work on /home/airflow/.local/lib/python3.12/site-packages/airflow/example_dags/example_branch_python_dop_operator_3.py
[2025-06-20T15:37:18.336+0000] {processor.py:830} INFO - Processing file /home/airflow/.local/lib/python3.12/site-packages/airflow/example_dags/example_branch_python_dop_operator_3.py for tasks to queue
[2025-06-20T15:37:18.338+0000] {logging_mixin.py:188} INFO - [2025-06-20T15:37:18.337+0000] {dagbag.py:540} INFO - Filling up the DagBag from /home/airflow/.local/lib/python3.12/site-packages/airflow/example_dags/example_branch_python_dop_operator_3.py
[2025-06-20T15:37:18.348+0000] {processor.py:840} INFO - DAG(s) 'example_branch_dop_operator_v3' retrieved from /home/airflow/.local/lib/python3.12/site-packages/airflow/example_dags/example_branch_python_dop_operator_3.py
[2025-06-20T15:37:18.371+0000] {logging_mixin.py:188} INFO - [2025-06-20T15:37:18.371+0000] {dag.py:3096} INFO - Sync 1 DAGs
[2025-06-20T15:37:18.396+0000] {logging_mixin.py:188} INFO - [2025-06-20T15:37:18.396+0000] {dag.py:3954} INFO - Setting next_dagrun for example_branch_dop_operator_v3 to 2025-06-20 15:36:00+00:00, run_after=2025-06-20 15:37:00+00:00
[2025-06-20T15:37:18.413+0000] {processor.py:183} INFO - Processing /home/airflow/.local/lib/python3.12/site-packages/airflow/example_dags/example_branch_python_dop_operator_3.py took 0.086 seconds
[2025-06-20T15:37:48.725+0000] {processor.py:161} INFO - Started process (PID=7405) to work on /home/airflow/.local/lib/python3.12/site-packages/airflow/example_dags/example_branch_python_dop_operator_3.py
[2025-06-20T15:37:48.726+0000] {processor.py:830} INFO - Processing file /home/airflow/.local/lib/python3.12/site-packages/airflow/example_dags/example_branch_python_dop_operator_3.py for tasks to queue
[2025-06-20T15:37:48.728+0000] {logging_mixin.py:188} INFO - [2025-06-20T15:37:48.727+0000] {dagbag.py:540} INFO - Filling up the DagBag from /home/airflow/.local/lib/python3.12/site-packages/airflow/example_dags/example_branch_python_dop_operator_3.py
[2025-06-20T15:37:48.736+0000] {processor.py:840} INFO - DAG(s) 'example_branch_dop_operator_v3' retrieved from /home/airflow/.local/lib/python3.12/site-packages/airflow/example_dags/example_branch_python_dop_operator_3.py
[2025-06-20T15:37:48.756+0000] {logging_mixin.py:188} INFO - [2025-06-20T15:37:48.755+0000] {dag.py:3096} INFO - Sync 1 DAGs
[2025-06-20T15:37:48.780+0000] {logging_mixin.py:188} INFO - [2025-06-20T15:37:48.780+0000] {dag.py:3954} INFO - Setting next_dagrun for example_branch_dop_operator_v3 to 2025-06-20 15:36:00+00:00, run_after=2025-06-20 15:37:00+00:00
[2025-06-20T15:37:48.796+0000] {processor.py:183} INFO - Processing /home/airflow/.local/lib/python3.12/site-packages/airflow/example_dags/example_branch_python_dop_operator_3.py took 0.077 seconds
[2025-06-20T15:38:19.670+0000] {processor.py:161} INFO - Started process (PID=7462) to work on /home/airflow/.local/lib/python3.12/site-packages/airflow/example_dags/example_branch_python_dop_operator_3.py
[2025-06-20T15:38:19.671+0000] {processor.py:830} INFO - Processing file /home/airflow/.local/lib/python3.12/site-packages/airflow/example_dags/example_branch_python_dop_operator_3.py for tasks to queue
[2025-06-20T15:38:19.673+0000] {logging_mixin.py:188} INFO - [2025-06-20T15:38:19.672+0000] {dagbag.py:540} INFO - Filling up the DagBag from /home/airflow/.local/lib/python3.12/site-packages/airflow/example_dags/example_branch_python_dop_operator_3.py
[2025-06-20T15:38:19.681+0000] {processor.py:840} INFO - DAG(s) 'example_branch_dop_operator_v3' retrieved from /home/airflow/.local/lib/python3.12/site-packages/airflow/example_dags/example_branch_python_dop_operator_3.py
[2025-06-20T15:38:19.701+0000] {logging_mixin.py:188} INFO - [2025-06-20T15:38:19.701+0000] {dag.py:3096} INFO - Sync 1 DAGs
[2025-06-20T15:38:19.724+0000] {logging_mixin.py:188} INFO - [2025-06-20T15:38:19.724+0000] {dag.py:3954} INFO - Setting next_dagrun for example_branch_dop_operator_v3 to 2025-06-20 15:37:00+00:00, run_after=2025-06-20 15:38:00+00:00
[2025-06-20T15:38:19.742+0000] {processor.py:183} INFO - Processing /home/airflow/.local/lib/python3.12/site-packages/airflow/example_dags/example_branch_python_dop_operator_3.py took 0.078 seconds
[2025-06-20T15:38:50.352+0000] {processor.py:161} INFO - Started process (PID=7521) to work on /home/airflow/.local/lib/python3.12/site-packages/airflow/example_dags/example_branch_python_dop_operator_3.py
[2025-06-20T15:38:50.353+0000] {processor.py:830} INFO - Processing file /home/airflow/.local/lib/python3.12/site-packages/airflow/example_dags/example_branch_python_dop_operator_3.py for tasks to queue
[2025-06-20T15:38:50.355+0000] {logging_mixin.py:188} INFO - [2025-06-20T15:38:50.354+0000] {dagbag.py:540} INFO - Filling up the DagBag from /home/airflow/.local/lib/python3.12/site-packages/airflow/example_dags/example_branch_python_dop_operator_3.py
[2025-06-20T15:38:50.363+0000] {processor.py:840} INFO - DAG(s) 'example_branch_dop_operator_v3' retrieved from /home/airflow/.local/lib/python3.12/site-packages/airflow/example_dags/example_branch_python_dop_operator_3.py
[2025-06-20T15:38:50.384+0000] {logging_mixin.py:188} INFO - [2025-06-20T15:38:50.384+0000] {dag.py:3096} INFO - Sync 1 DAGs
[2025-06-20T15:38:50.408+0000] {logging_mixin.py:188} INFO - [2025-06-20T15:38:50.408+0000] {dag.py:3954} INFO - Setting next_dagrun for example_branch_dop_operator_v3 to 2025-06-20 15:37:00+00:00, run_after=2025-06-20 15:38:00+00:00
[2025-06-20T15:38:50.424+0000] {processor.py:183} INFO - Processing /home/airflow/.local/lib/python3.12/site-packages/airflow/example_dags/example_branch_python_dop_operator_3.py took 0.079 seconds
[2025-06-20T15:39:21.035+0000] {processor.py:161} INFO - Started process (PID=7580) to work on /home/airflow/.local/lib/python3.12/site-packages/airflow/example_dags/example_branch_python_dop_operator_3.py
[2025-06-20T15:39:21.036+0000] {processor.py:830} INFO - Processing file /home/airflow/.local/lib/python3.12/site-packages/airflow/example_dags/example_branch_python_dop_operator_3.py for tasks to queue
[2025-06-20T15:39:21.038+0000] {logging_mixin.py:188} INFO - [2025-06-20T15:39:21.037+0000] {dagbag.py:540} INFO - Filling up the DagBag from /home/airflow/.local/lib/python3.12/site-packages/airflow/example_dags/example_branch_python_dop_operator_3.py
[2025-06-20T15:39:21.046+0000] {processor.py:840} INFO - DAG(s) 'example_branch_dop_operator_v3' retrieved from /home/airflow/.local/lib/python3.12/site-packages/airflow/example_dags/example_branch_python_dop_operator_3.py
[2025-06-20T15:39:21.066+0000] {logging_mixin.py:188} INFO - [2025-06-20T15:39:21.066+0000] {dag.py:3096} INFO - Sync 1 DAGs
[2025-06-20T15:39:21.089+0000] {logging_mixin.py:188} INFO - [2025-06-20T15:39:21.089+0000] {dag.py:3954} INFO - Setting next_dagrun for example_branch_dop_operator_v3 to 2025-06-20 15:38:00+00:00, run_after=2025-06-20 15:39:00+00:00
[2025-06-20T15:39:21.104+0000] {processor.py:183} INFO - Processing /home/airflow/.local/lib/python3.12/site-packages/airflow/example_dags/example_branch_python_dop_operator_3.py took 0.077 seconds
[2025-06-20T15:39:51.611+0000] {processor.py:161} INFO - Started process (PID=7639) to work on /home/airflow/.local/lib/python3.12/site-packages/airflow/example_dags/example_branch_python_dop_operator_3.py
[2025-06-20T15:39:51.612+0000] {processor.py:830} INFO - Processing file /home/airflow/.local/lib/python3.12/site-packages/airflow/example_dags/example_branch_python_dop_operator_3.py for tasks to queue
[2025-06-20T15:39:51.614+0000] {logging_mixin.py:188} INFO - [2025-06-20T15:39:51.613+0000] {dagbag.py:540} INFO - Filling up the DagBag from /home/airflow/.local/lib/python3.12/site-packages/airflow/example_dags/example_branch_python_dop_operator_3.py
[2025-06-20T15:39:51.622+0000] {processor.py:840} INFO - DAG(s) 'example_branch_dop_operator_v3' retrieved from /home/airflow/.local/lib/python3.12/site-packages/airflow/example_dags/example_branch_python_dop_operator_3.py
[2025-06-20T15:39:51.642+0000] {logging_mixin.py:188} INFO - [2025-06-20T15:39:51.641+0000] {dag.py:3096} INFO - Sync 1 DAGs
[2025-06-20T15:39:51.664+0000] {logging_mixin.py:188} INFO - [2025-06-20T15:39:51.664+0000] {dag.py:3954} INFO - Setting next_dagrun for example_branch_dop_operator_v3 to 2025-06-20 15:38:00+00:00, run_after=2025-06-20 15:39:00+00:00
[2025-06-20T15:39:51.680+0000] {processor.py:183} INFO - Processing /home/airflow/.local/lib/python3.12/site-packages/airflow/example_dags/example_branch_python_dop_operator_3.py took 0.075 seconds
[2025-06-20T15:40:22.343+0000] {processor.py:161} INFO - Started process (PID=7698) to work on /home/airflow/.local/lib/python3.12/site-packages/airflow/example_dags/example_branch_python_dop_operator_3.py
[2025-06-20T15:40:22.344+0000] {processor.py:830} INFO - Processing file /home/airflow/.local/lib/python3.12/site-packages/airflow/example_dags/example_branch_python_dop_operator_3.py for tasks to queue
[2025-06-20T15:40:22.346+0000] {logging_mixin.py:188} INFO - [2025-06-20T15:40:22.345+0000] {dagbag.py:540} INFO - Filling up the DagBag from /home/airflow/.local/lib/python3.12/site-packages/airflow/example_dags/example_branch_python_dop_operator_3.py
[2025-06-20T15:40:22.354+0000] {processor.py:840} INFO - DAG(s) 'example_branch_dop_operator_v3' retrieved from /home/airflow/.local/lib/python3.12/site-packages/airflow/example_dags/example_branch_python_dop_operator_3.py
[2025-06-20T15:40:22.377+0000] {logging_mixin.py:188} INFO - [2025-06-20T15:40:22.377+0000] {dag.py:3096} INFO - Sync 1 DAGs
[2025-06-20T15:40:22.407+0000] {logging_mixin.py:188} INFO - [2025-06-20T15:40:22.407+0000] {dag.py:3954} INFO - Setting next_dagrun for example_branch_dop_operator_v3 to 2025-06-20 15:39:00+00:00, run_after=2025-06-20 15:40:00+00:00
[2025-06-20T15:40:22.424+0000] {processor.py:183} INFO - Processing /home/airflow/.local/lib/python3.12/site-packages/airflow/example_dags/example_branch_python_dop_operator_3.py took 0.087 seconds
[2025-06-20T15:40:52.871+0000] {processor.py:161} INFO - Started process (PID=7757) to work on /home/airflow/.local/lib/python3.12/site-packages/airflow/example_dags/example_branch_python_dop_operator_3.py
[2025-06-20T15:40:52.872+0000] {processor.py:830} INFO - Processing file /home/airflow/.local/lib/python3.12/site-packages/airflow/example_dags/example_branch_python_dop_operator_3.py for tasks to queue
[2025-06-20T15:40:52.874+0000] {logging_mixin.py:188} INFO - [2025-06-20T15:40:52.873+0000] {dagbag.py:540} INFO - Filling up the DagBag from /home/airflow/.local/lib/python3.12/site-packages/airflow/example_dags/example_branch_python_dop_operator_3.py
[2025-06-20T15:40:52.882+0000] {processor.py:840} INFO - DAG(s) 'example_branch_dop_operator_v3' retrieved from /home/airflow/.local/lib/python3.12/site-packages/airflow/example_dags/example_branch_python_dop_operator_3.py
[2025-06-20T15:40:52.902+0000] {logging_mixin.py:188} INFO - [2025-06-20T15:40:52.902+0000] {dag.py:3096} INFO - Sync 1 DAGs
[2025-06-20T15:40:52.925+0000] {logging_mixin.py:188} INFO - [2025-06-20T15:40:52.924+0000] {dag.py:3954} INFO - Setting next_dagrun for example_branch_dop_operator_v3 to 2025-06-20 15:39:00+00:00, run_after=2025-06-20 15:40:00+00:00
[2025-06-20T15:40:52.940+0000] {processor.py:183} INFO - Processing /home/airflow/.local/lib/python3.12/site-packages/airflow/example_dags/example_branch_python_dop_operator_3.py took 0.075 seconds
[2025-06-20T15:41:23.458+0000] {processor.py:161} INFO - Started process (PID=7816) to work on /home/airflow/.local/lib/python3.12/site-packages/airflow/example_dags/example_branch_python_dop_operator_3.py
[2025-06-20T15:41:23.459+0000] {processor.py:830} INFO - Processing file /home/airflow/.local/lib/python3.12/site-packages/airflow/example_dags/example_branch_python_dop_operator_3.py for tasks to queue
[2025-06-20T15:41:23.461+0000] {logging_mixin.py:188} INFO - [2025-06-20T15:41:23.460+0000] {dagbag.py:540} INFO - Filling up the DagBag from /home/airflow/.local/lib/python3.12/site-packages/airflow/example_dags/example_branch_python_dop_operator_3.py
[2025-06-20T15:41:23.469+0000] {processor.py:840} INFO - DAG(s) 'example_branch_dop_operator_v3' retrieved from /home/airflow/.local/lib/python3.12/site-packages/airflow/example_dags/example_branch_python_dop_operator_3.py
[2025-06-20T15:41:23.489+0000] {logging_mixin.py:188} INFO - [2025-06-20T15:41:23.489+0000] {dag.py:3096} INFO - Sync 1 DAGs
[2025-06-20T15:41:23.512+0000] {logging_mixin.py:188} INFO - [2025-06-20T15:41:23.512+0000] {dag.py:3954} INFO - Setting next_dagrun for example_branch_dop_operator_v3 to 2025-06-20 15:40:00+00:00, run_after=2025-06-20 15:41:00+00:00
[2025-06-20T15:41:23.528+0000] {processor.py:183} INFO - Processing /home/airflow/.local/lib/python3.12/site-packages/airflow/example_dags/example_branch_python_dop_operator_3.py took 0.076 seconds
[2025-06-20T15:41:54.154+0000] {processor.py:161} INFO - Started process (PID=7875) to work on /home/airflow/.local/lib/python3.12/site-packages/airflow/example_dags/example_branch_python_dop_operator_3.py
[2025-06-20T15:41:54.155+0000] {processor.py:830} INFO - Processing file /home/airflow/.local/lib/python3.12/site-packages/airflow/example_dags/example_branch_python_dop_operator_3.py for tasks to queue
[2025-06-20T15:41:54.157+0000] {logging_mixin.py:188} INFO - [2025-06-20T15:41:54.156+0000] {dagbag.py:540} INFO - Filling up the DagBag from /home/airflow/.local/lib/python3.12/site-packages/airflow/example_dags/example_branch_python_dop_operator_3.py
[2025-06-20T15:41:54.166+0000] {processor.py:840} INFO - DAG(s) 'example_branch_dop_operator_v3' retrieved from /home/airflow/.local/lib/python3.12/site-packages/airflow/example_dags/example_branch_python_dop_operator_3.py
[2025-06-20T15:41:54.187+0000] {logging_mixin.py:188} INFO - [2025-06-20T15:41:54.187+0000] {dag.py:3096} INFO - Sync 1 DAGs
[2025-06-20T15:41:54.212+0000] {logging_mixin.py:188} INFO - [2025-06-20T15:41:54.212+0000] {dag.py:3954} INFO - Setting next_dagrun for example_branch_dop_operator_v3 to 2025-06-20 15:40:00+00:00, run_after=2025-06-20 15:41:00+00:00
[2025-06-20T15:41:54.228+0000] {processor.py:183} INFO - Processing /home/airflow/.local/lib/python3.12/site-packages/airflow/example_dags/example_branch_python_dop_operator_3.py took 0.081 seconds
[2025-06-20T15:42:24.760+0000] {processor.py:161} INFO - Started process (PID=7934) to work on /home/airflow/.local/lib/python3.12/site-packages/airflow/example_dags/example_branch_python_dop_operator_3.py
[2025-06-20T15:42:24.761+0000] {processor.py:830} INFO - Processing file /home/airflow/.local/lib/python3.12/site-packages/airflow/example_dags/example_branch_python_dop_operator_3.py for tasks to queue
[2025-06-20T15:42:24.763+0000] {logging_mixin.py:188} INFO - [2025-06-20T15:42:24.763+0000] {dagbag.py:540} INFO - Filling up the DagBag from /home/airflow/.local/lib/python3.12/site-packages/airflow/example_dags/example_branch_python_dop_operator_3.py
[2025-06-20T15:42:24.775+0000] {processor.py:840} INFO - DAG(s) 'example_branch_dop_operator_v3' retrieved from /home/airflow/.local/lib/python3.12/site-packages/airflow/example_dags/example_branch_python_dop_operator_3.py
[2025-06-20T15:42:24.798+0000] {logging_mixin.py:188} INFO - [2025-06-20T15:42:24.798+0000] {dag.py:3096} INFO - Sync 1 DAGs
[2025-06-20T15:42:24.823+0000] {logging_mixin.py:188} INFO - [2025-06-20T15:42:24.822+0000] {dag.py:3954} INFO - Setting next_dagrun for example_branch_dop_operator_v3 to 2025-06-20 15:41:00+00:00, run_after=2025-06-20 15:42:00+00:00
[2025-06-20T15:42:24.839+0000] {processor.py:183} INFO - Processing /home/airflow/.local/lib/python3.12/site-packages/airflow/example_dags/example_branch_python_dop_operator_3.py took 0.085 seconds
[2025-06-20T15:42:55.525+0000] {processor.py:161} INFO - Started process (PID=7993) to work on /home/airflow/.local/lib/python3.12/site-packages/airflow/example_dags/example_branch_python_dop_operator_3.py
[2025-06-20T15:42:55.526+0000] {processor.py:830} INFO - Processing file /home/airflow/.local/lib/python3.12/site-packages/airflow/example_dags/example_branch_python_dop_operator_3.py for tasks to queue
[2025-06-20T15:42:55.528+0000] {logging_mixin.py:188} INFO - [2025-06-20T15:42:55.527+0000] {dagbag.py:540} INFO - Filling up the DagBag from /home/airflow/.local/lib/python3.12/site-packages/airflow/example_dags/example_branch_python_dop_operator_3.py
[2025-06-20T15:42:55.537+0000] {processor.py:840} INFO - DAG(s) 'example_branch_dop_operator_v3' retrieved from /home/airflow/.local/lib/python3.12/site-packages/airflow/example_dags/example_branch_python_dop_operator_3.py
[2025-06-20T15:42:55.556+0000] {logging_mixin.py:188} INFO - [2025-06-20T15:42:55.556+0000] {dag.py:3096} INFO - Sync 1 DAGs
[2025-06-20T15:42:55.579+0000] {logging_mixin.py:188} INFO - [2025-06-20T15:42:55.579+0000] {dag.py:3954} INFO - Setting next_dagrun for example_branch_dop_operator_v3 to 2025-06-20 15:41:00+00:00, run_after=2025-06-20 15:42:00+00:00
[2025-06-20T15:42:55.595+0000] {processor.py:183} INFO - Processing /home/airflow/.local/lib/python3.12/site-packages/airflow/example_dags/example_branch_python_dop_operator_3.py took 0.076 seconds
[2025-06-20T15:43:26.170+0000] {processor.py:161} INFO - Started process (PID=8052) to work on /home/airflow/.local/lib/python3.12/site-packages/airflow/example_dags/example_branch_python_dop_operator_3.py
[2025-06-20T15:43:26.170+0000] {processor.py:830} INFO - Processing file /home/airflow/.local/lib/python3.12/site-packages/airflow/example_dags/example_branch_python_dop_operator_3.py for tasks to queue
[2025-06-20T15:43:26.172+0000] {logging_mixin.py:188} INFO - [2025-06-20T15:43:26.172+0000] {dagbag.py:540} INFO - Filling up the DagBag from /home/airflow/.local/lib/python3.12/site-packages/airflow/example_dags/example_branch_python_dop_operator_3.py
[2025-06-20T15:43:26.181+0000] {processor.py:840} INFO - DAG(s) 'example_branch_dop_operator_v3' retrieved from /home/airflow/.local/lib/python3.12/site-packages/airflow/example_dags/example_branch_python_dop_operator_3.py
[2025-06-20T15:43:26.200+0000] {logging_mixin.py:188} INFO - [2025-06-20T15:43:26.200+0000] {dag.py:3096} INFO - Sync 1 DAGs
[2025-06-20T15:43:26.223+0000] {logging_mixin.py:188} INFO - [2025-06-20T15:43:26.223+0000] {dag.py:3954} INFO - Setting next_dagrun for example_branch_dop_operator_v3 to 2025-06-20 15:42:00+00:00, run_after=2025-06-20 15:43:00+00:00
[2025-06-20T15:43:26.239+0000] {processor.py:183} INFO - Processing /home/airflow/.local/lib/python3.12/site-packages/airflow/example_dags/example_branch_python_dop_operator_3.py took 0.075 seconds
[2025-06-20T15:43:56.814+0000] {processor.py:161} INFO - Started process (PID=8111) to work on /home/airflow/.local/lib/python3.12/site-packages/airflow/example_dags/example_branch_python_dop_operator_3.py
[2025-06-20T15:43:56.815+0000] {processor.py:830} INFO - Processing file /home/airflow/.local/lib/python3.12/site-packages/airflow/example_dags/example_branch_python_dop_operator_3.py for tasks to queue
[2025-06-20T15:43:56.817+0000] {logging_mixin.py:188} INFO - [2025-06-20T15:43:56.816+0000] {dagbag.py:540} INFO - Filling up the DagBag from /home/airflow/.local/lib/python3.12/site-packages/airflow/example_dags/example_branch_python_dop_operator_3.py
[2025-06-20T15:43:56.825+0000] {processor.py:840} INFO - DAG(s) 'example_branch_dop_operator_v3' retrieved from /home/airflow/.local/lib/python3.12/site-packages/airflow/example_dags/example_branch_python_dop_operator_3.py
[2025-06-20T15:43:56.846+0000] {logging_mixin.py:188} INFO - [2025-06-20T15:43:56.845+0000] {dag.py:3096} INFO - Sync 1 DAGs
[2025-06-20T15:43:56.869+0000] {logging_mixin.py:188} INFO - [2025-06-20T15:43:56.869+0000] {dag.py:3954} INFO - Setting next_dagrun for example_branch_dop_operator_v3 to 2025-06-20 15:42:00+00:00, run_after=2025-06-20 15:43:00+00:00
[2025-06-20T15:43:56.886+0000] {processor.py:183} INFO - Processing /home/airflow/.local/lib/python3.12/site-packages/airflow/example_dags/example_branch_python_dop_operator_3.py took 0.078 seconds
[2025-06-20T15:44:27.523+0000] {processor.py:161} INFO - Started process (PID=8170) to work on /home/airflow/.local/lib/python3.12/site-packages/airflow/example_dags/example_branch_python_dop_operator_3.py
[2025-06-20T15:44:27.524+0000] {processor.py:830} INFO - Processing file /home/airflow/.local/lib/python3.12/site-packages/airflow/example_dags/example_branch_python_dop_operator_3.py for tasks to queue
[2025-06-20T15:44:27.526+0000] {logging_mixin.py:188} INFO - [2025-06-20T15:44:27.526+0000] {dagbag.py:540} INFO - Filling up the DagBag from /home/airflow/.local/lib/python3.12/site-packages/airflow/example_dags/example_branch_python_dop_operator_3.py
[2025-06-20T15:44:27.538+0000] {processor.py:840} INFO - DAG(s) 'example_branch_dop_operator_v3' retrieved from /home/airflow/.local/lib/python3.12/site-packages/airflow/example_dags/example_branch_python_dop_operator_3.py
[2025-06-20T15:44:27.559+0000] {logging_mixin.py:188} INFO - [2025-06-20T15:44:27.559+0000] {dag.py:3096} INFO - Sync 1 DAGs
[2025-06-20T15:44:27.588+0000] {logging_mixin.py:188} INFO - [2025-06-20T15:44:27.588+0000] {dag.py:3954} INFO - Setting next_dagrun for example_branch_dop_operator_v3 to 2025-06-20 15:43:00+00:00, run_after=2025-06-20 15:44:00+00:00
[2025-06-20T15:44:27.606+0000] {processor.py:183} INFO - Processing /home/airflow/.local/lib/python3.12/site-packages/airflow/example_dags/example_branch_python_dop_operator_3.py took 0.088 seconds
[2025-06-20T15:44:58.293+0000] {processor.py:161} INFO - Started process (PID=8229) to work on /home/airflow/.local/lib/python3.12/site-packages/airflow/example_dags/example_branch_python_dop_operator_3.py
[2025-06-20T15:44:58.294+0000] {processor.py:830} INFO - Processing file /home/airflow/.local/lib/python3.12/site-packages/airflow/example_dags/example_branch_python_dop_operator_3.py for tasks to queue
[2025-06-20T15:44:58.296+0000] {logging_mixin.py:188} INFO - [2025-06-20T15:44:58.295+0000] {dagbag.py:540} INFO - Filling up the DagBag from /home/airflow/.local/lib/python3.12/site-packages/airflow/example_dags/example_branch_python_dop_operator_3.py
[2025-06-20T15:44:58.304+0000] {processor.py:840} INFO - DAG(s) 'example_branch_dop_operator_v3' retrieved from /home/airflow/.local/lib/python3.12/site-packages/airflow/example_dags/example_branch_python_dop_operator_3.py
[2025-06-20T15:44:58.323+0000] {logging_mixin.py:188} INFO - [2025-06-20T15:44:58.323+0000] {dag.py:3096} INFO - Sync 1 DAGs
[2025-06-20T15:44:58.348+0000] {logging_mixin.py:188} INFO - [2025-06-20T15:44:58.347+0000] {dag.py:3954} INFO - Setting next_dagrun for example_branch_dop_operator_v3 to 2025-06-20 15:43:00+00:00, run_after=2025-06-20 15:44:00+00:00
[2025-06-20T15:44:58.363+0000] {processor.py:183} INFO - Processing /home/airflow/.local/lib/python3.12/site-packages/airflow/example_dags/example_branch_python_dop_operator_3.py took 0.077 seconds
[2025-06-20T15:45:29.102+0000] {processor.py:161} INFO - Started process (PID=8294) to work on /home/airflow/.local/lib/python3.12/site-packages/airflow/example_dags/example_branch_python_dop_operator_3.py
[2025-06-20T15:45:29.103+0000] {processor.py:830} INFO - Processing file /home/airflow/.local/lib/python3.12/site-packages/airflow/example_dags/example_branch_python_dop_operator_3.py for tasks to queue
[2025-06-20T15:45:29.105+0000] {logging_mixin.py:188} INFO - [2025-06-20T15:45:29.104+0000] {dagbag.py:540} INFO - Filling up the DagBag from /home/airflow/.local/lib/python3.12/site-packages/airflow/example_dags/example_branch_python_dop_operator_3.py
[2025-06-20T15:45:29.113+0000] {processor.py:840} INFO - DAG(s) 'example_branch_dop_operator_v3' retrieved from /home/airflow/.local/lib/python3.12/site-packages/airflow/example_dags/example_branch_python_dop_operator_3.py
[2025-06-20T15:45:29.134+0000] {logging_mixin.py:188} INFO - [2025-06-20T15:45:29.134+0000] {dag.py:3096} INFO - Sync 1 DAGs
[2025-06-20T15:45:29.157+0000] {logging_mixin.py:188} INFO - [2025-06-20T15:45:29.157+0000] {dag.py:3954} INFO - Setting next_dagrun for example_branch_dop_operator_v3 to 2025-06-20 15:44:00+00:00, run_after=2025-06-20 15:45:00+00:00
[2025-06-20T15:45:29.173+0000] {processor.py:183} INFO - Processing /home/airflow/.local/lib/python3.12/site-packages/airflow/example_dags/example_branch_python_dop_operator_3.py took 0.077 seconds
[2025-06-20T15:45:59.494+0000] {processor.py:161} INFO - Started process (PID=8353) to work on /home/airflow/.local/lib/python3.12/site-packages/airflow/example_dags/example_branch_python_dop_operator_3.py
[2025-06-20T15:45:59.495+0000] {processor.py:830} INFO - Processing file /home/airflow/.local/lib/python3.12/site-packages/airflow/example_dags/example_branch_python_dop_operator_3.py for tasks to queue
[2025-06-20T15:45:59.497+0000] {logging_mixin.py:188} INFO - [2025-06-20T15:45:59.497+0000] {dagbag.py:540} INFO - Filling up the DagBag from /home/airflow/.local/lib/python3.12/site-packages/airflow/example_dags/example_branch_python_dop_operator_3.py
[2025-06-20T15:45:59.507+0000] {processor.py:840} INFO - DAG(s) 'example_branch_dop_operator_v3' retrieved from /home/airflow/.local/lib/python3.12/site-packages/airflow/example_dags/example_branch_python_dop_operator_3.py
[2025-06-20T15:45:59.527+0000] {logging_mixin.py:188} INFO - [2025-06-20T15:45:59.526+0000] {dag.py:3096} INFO - Sync 1 DAGs
[2025-06-20T15:45:59.550+0000] {logging_mixin.py:188} INFO - [2025-06-20T15:45:59.550+0000] {dag.py:3954} INFO - Setting next_dagrun for example_branch_dop_operator_v3 to 2025-06-20 15:44:00+00:00, run_after=2025-06-20 15:45:00+00:00
[2025-06-20T15:45:59.566+0000] {processor.py:183} INFO - Processing /home/airflow/.local/lib/python3.12/site-packages/airflow/example_dags/example_branch_python_dop_operator_3.py took 0.077 seconds
[2025-06-20T15:46:30.481+0000] {processor.py:161} INFO - Started process (PID=8412) to work on /home/airflow/.local/lib/python3.12/site-packages/airflow/example_dags/example_branch_python_dop_operator_3.py
[2025-06-20T15:46:30.482+0000] {processor.py:830} INFO - Processing file /home/airflow/.local/lib/python3.12/site-packages/airflow/example_dags/example_branch_python_dop_operator_3.py for tasks to queue
[2025-06-20T15:46:30.484+0000] {logging_mixin.py:188} INFO - [2025-06-20T15:46:30.484+0000] {dagbag.py:540} INFO - Filling up the DagBag from /home/airflow/.local/lib/python3.12/site-packages/airflow/example_dags/example_branch_python_dop_operator_3.py
[2025-06-20T15:46:30.494+0000] {processor.py:840} INFO - DAG(s) 'example_branch_dop_operator_v3' retrieved from /home/airflow/.local/lib/python3.12/site-packages/airflow/example_dags/example_branch_python_dop_operator_3.py
[2025-06-20T15:46:30.514+0000] {logging_mixin.py:188} INFO - [2025-06-20T15:46:30.514+0000] {dag.py:3096} INFO - Sync 1 DAGs
[2025-06-20T15:46:30.538+0000] {logging_mixin.py:188} INFO - [2025-06-20T15:46:30.538+0000] {dag.py:3954} INFO - Setting next_dagrun for example_branch_dop_operator_v3 to 2025-06-20 15:45:00+00:00, run_after=2025-06-20 15:46:00+00:00
[2025-06-20T15:46:30.554+0000] {processor.py:183} INFO - Processing /home/airflow/.local/lib/python3.12/site-packages/airflow/example_dags/example_branch_python_dop_operator_3.py took 0.079 seconds
[2025-06-20T15:47:01.035+0000] {processor.py:161} INFO - Started process (PID=8471) to work on /home/airflow/.local/lib/python3.12/site-packages/airflow/example_dags/example_branch_python_dop_operator_3.py
[2025-06-20T15:47:01.036+0000] {processor.py:830} INFO - Processing file /home/airflow/.local/lib/python3.12/site-packages/airflow/example_dags/example_branch_python_dop_operator_3.py for tasks to queue
[2025-06-20T15:47:01.037+0000] {logging_mixin.py:188} INFO - [2025-06-20T15:47:01.037+0000] {dagbag.py:540} INFO - Filling up the DagBag from /home/airflow/.local/lib/python3.12/site-packages/airflow/example_dags/example_branch_python_dop_operator_3.py
[2025-06-20T15:47:01.046+0000] {processor.py:840} INFO - DAG(s) 'example_branch_dop_operator_v3' retrieved from /home/airflow/.local/lib/python3.12/site-packages/airflow/example_dags/example_branch_python_dop_operator_3.py
[2025-06-20T15:47:01.066+0000] {logging_mixin.py:188} INFO - [2025-06-20T15:47:01.066+0000] {dag.py:3096} INFO - Sync 1 DAGs
[2025-06-20T15:47:01.091+0000] {logging_mixin.py:188} INFO - [2025-06-20T15:47:01.091+0000] {dag.py:3954} INFO - Setting next_dagrun for example_branch_dop_operator_v3 to 2025-06-20 15:46:00+00:00, run_after=2025-06-20 15:47:00+00:00
[2025-06-20T15:47:01.106+0000] {processor.py:183} INFO - Processing /home/airflow/.local/lib/python3.12/site-packages/airflow/example_dags/example_branch_python_dop_operator_3.py took 0.079 seconds
[2025-06-20T15:47:31.753+0000] {processor.py:161} INFO - Started process (PID=8530) to work on /home/airflow/.local/lib/python3.12/site-packages/airflow/example_dags/example_branch_python_dop_operator_3.py
[2025-06-20T15:47:31.754+0000] {processor.py:830} INFO - Processing file /home/airflow/.local/lib/python3.12/site-packages/airflow/example_dags/example_branch_python_dop_operator_3.py for tasks to queue
[2025-06-20T15:47:31.756+0000] {logging_mixin.py:188} INFO - [2025-06-20T15:47:31.756+0000] {dagbag.py:540} INFO - Filling up the DagBag from /home/airflow/.local/lib/python3.12/site-packages/airflow/example_dags/example_branch_python_dop_operator_3.py
[2025-06-20T15:47:31.765+0000] {processor.py:840} INFO - DAG(s) 'example_branch_dop_operator_v3' retrieved from /home/airflow/.local/lib/python3.12/site-packages/airflow/example_dags/example_branch_python_dop_operator_3.py
[2025-06-20T15:47:31.784+0000] {logging_mixin.py:188} INFO - [2025-06-20T15:47:31.784+0000] {dag.py:3096} INFO - Sync 1 DAGs
[2025-06-20T15:47:31.809+0000] {logging_mixin.py:188} INFO - [2025-06-20T15:47:31.808+0000] {dag.py:3954} INFO - Setting next_dagrun for example_branch_dop_operator_v3 to 2025-06-20 15:46:00+00:00, run_after=2025-06-20 15:47:00+00:00
[2025-06-20T15:47:31.824+0000] {processor.py:183} INFO - Processing /home/airflow/.local/lib/python3.12/site-packages/airflow/example_dags/example_branch_python_dop_operator_3.py took 0.077 seconds
[2025-06-20T15:48:02.463+0000] {processor.py:161} INFO - Started process (PID=8589) to work on /home/airflow/.local/lib/python3.12/site-packages/airflow/example_dags/example_branch_python_dop_operator_3.py
[2025-06-20T15:48:02.464+0000] {processor.py:830} INFO - Processing file /home/airflow/.local/lib/python3.12/site-packages/airflow/example_dags/example_branch_python_dop_operator_3.py for tasks to queue
[2025-06-20T15:48:02.466+0000] {logging_mixin.py:188} INFO - [2025-06-20T15:48:02.466+0000] {dagbag.py:540} INFO - Filling up the DagBag from /home/airflow/.local/lib/python3.12/site-packages/airflow/example_dags/example_branch_python_dop_operator_3.py
[2025-06-20T15:48:02.475+0000] {processor.py:840} INFO - DAG(s) 'example_branch_dop_operator_v3' retrieved from /home/airflow/.local/lib/python3.12/site-packages/airflow/example_dags/example_branch_python_dop_operator_3.py
[2025-06-20T15:48:02.494+0000] {logging_mixin.py:188} INFO - [2025-06-20T15:48:02.494+0000] {dag.py:3096} INFO - Sync 1 DAGs
[2025-06-20T15:48:02.517+0000] {logging_mixin.py:188} INFO - [2025-06-20T15:48:02.517+0000] {dag.py:3954} INFO - Setting next_dagrun for example_branch_dop_operator_v3 to 2025-06-20 15:47:00+00:00, run_after=2025-06-20 15:48:00+00:00
[2025-06-20T15:48:02.533+0000] {processor.py:183} INFO - Processing /home/airflow/.local/lib/python3.12/site-packages/airflow/example_dags/example_branch_python_dop_operator_3.py took 0.076 seconds
[2025-06-20T15:48:33.214+0000] {processor.py:161} INFO - Started process (PID=8648) to work on /home/airflow/.local/lib/python3.12/site-packages/airflow/example_dags/example_branch_python_dop_operator_3.py
[2025-06-20T15:48:33.215+0000] {processor.py:830} INFO - Processing file /home/airflow/.local/lib/python3.12/site-packages/airflow/example_dags/example_branch_python_dop_operator_3.py for tasks to queue
[2025-06-20T15:48:33.216+0000] {logging_mixin.py:188} INFO - [2025-06-20T15:48:33.216+0000] {dagbag.py:540} INFO - Filling up the DagBag from /home/airflow/.local/lib/python3.12/site-packages/airflow/example_dags/example_branch_python_dop_operator_3.py
[2025-06-20T15:48:33.225+0000] {processor.py:840} INFO - DAG(s) 'example_branch_dop_operator_v3' retrieved from /home/airflow/.local/lib/python3.12/site-packages/airflow/example_dags/example_branch_python_dop_operator_3.py
[2025-06-20T15:48:33.245+0000] {logging_mixin.py:188} INFO - [2025-06-20T15:48:33.245+0000] {dag.py:3096} INFO - Sync 1 DAGs
[2025-06-20T15:48:33.268+0000] {logging_mixin.py:188} INFO - [2025-06-20T15:48:33.268+0000] {dag.py:3954} INFO - Setting next_dagrun for example_branch_dop_operator_v3 to 2025-06-20 15:47:00+00:00, run_after=2025-06-20 15:48:00+00:00
[2025-06-20T15:48:33.284+0000] {processor.py:183} INFO - Processing /home/airflow/.local/lib/python3.12/site-packages/airflow/example_dags/example_branch_python_dop_operator_3.py took 0.077 seconds
[2025-06-20T15:49:03.948+0000] {processor.py:161} INFO - Started process (PID=8707) to work on /home/airflow/.local/lib/python3.12/site-packages/airflow/example_dags/example_branch_python_dop_operator_3.py
[2025-06-20T15:49:03.949+0000] {processor.py:830} INFO - Processing file /home/airflow/.local/lib/python3.12/site-packages/airflow/example_dags/example_branch_python_dop_operator_3.py for tasks to queue
[2025-06-20T15:49:03.951+0000] {logging_mixin.py:188} INFO - [2025-06-20T15:49:03.951+0000] {dagbag.py:540} INFO - Filling up the DagBag from /home/airflow/.local/lib/python3.12/site-packages/airflow/example_dags/example_branch_python_dop_operator_3.py
[2025-06-20T15:49:03.960+0000] {processor.py:840} INFO - DAG(s) 'example_branch_dop_operator_v3' retrieved from /home/airflow/.local/lib/python3.12/site-packages/airflow/example_dags/example_branch_python_dop_operator_3.py
[2025-06-20T15:49:03.979+0000] {logging_mixin.py:188} INFO - [2025-06-20T15:49:03.979+0000] {dag.py:3096} INFO - Sync 1 DAGs
[2025-06-20T15:49:04.003+0000] {logging_mixin.py:188} INFO - [2025-06-20T15:49:04.002+0000] {dag.py:3954} INFO - Setting next_dagrun for example_branch_dop_operator_v3 to 2025-06-20 15:48:00+00:00, run_after=2025-06-20 15:49:00+00:00
[2025-06-20T15:49:04.018+0000] {processor.py:183} INFO - Processing /home/airflow/.local/lib/python3.12/site-packages/airflow/example_dags/example_branch_python_dop_operator_3.py took 0.076 seconds
[2025-06-20T15:49:34.653+0000] {processor.py:161} INFO - Started process (PID=8766) to work on /home/airflow/.local/lib/python3.12/site-packages/airflow/example_dags/example_branch_python_dop_operator_3.py
[2025-06-20T15:49:34.654+0000] {processor.py:830} INFO - Processing file /home/airflow/.local/lib/python3.12/site-packages/airflow/example_dags/example_branch_python_dop_operator_3.py for tasks to queue
[2025-06-20T15:49:34.656+0000] {logging_mixin.py:188} INFO - [2025-06-20T15:49:34.656+0000] {dagbag.py:540} INFO - Filling up the DagBag from /home/airflow/.local/lib/python3.12/site-packages/airflow/example_dags/example_branch_python_dop_operator_3.py
[2025-06-20T15:49:34.665+0000] {processor.py:840} INFO - DAG(s) 'example_branch_dop_operator_v3' retrieved from /home/airflow/.local/lib/python3.12/site-packages/airflow/example_dags/example_branch_python_dop_operator_3.py
[2025-06-20T15:49:34.685+0000] {logging_mixin.py:188} INFO - [2025-06-20T15:49:34.685+0000] {dag.py:3096} INFO - Sync 1 DAGs
[2025-06-20T15:49:34.709+0000] {logging_mixin.py:188} INFO - [2025-06-20T15:49:34.708+0000] {dag.py:3954} INFO - Setting next_dagrun for example_branch_dop_operator_v3 to 2025-06-20 15:48:00+00:00, run_after=2025-06-20 15:49:00+00:00
[2025-06-20T15:49:34.724+0000] {processor.py:183} INFO - Processing /home/airflow/.local/lib/python3.12/site-packages/airflow/example_dags/example_branch_python_dop_operator_3.py took 0.077 seconds
[2025-06-20T15:50:05.324+0000] {processor.py:161} INFO - Started process (PID=8825) to work on /home/airflow/.local/lib/python3.12/site-packages/airflow/example_dags/example_branch_python_dop_operator_3.py
[2025-06-20T15:50:05.325+0000] {processor.py:830} INFO - Processing file /home/airflow/.local/lib/python3.12/site-packages/airflow/example_dags/example_branch_python_dop_operator_3.py for tasks to queue
[2025-06-20T15:50:05.327+0000] {logging_mixin.py:188} INFO - [2025-06-20T15:50:05.326+0000] {dagbag.py:540} INFO - Filling up the DagBag from /home/airflow/.local/lib/python3.12/site-packages/airflow/example_dags/example_branch_python_dop_operator_3.py
[2025-06-20T15:50:05.336+0000] {processor.py:840} INFO - DAG(s) 'example_branch_dop_operator_v3' retrieved from /home/airflow/.local/lib/python3.12/site-packages/airflow/example_dags/example_branch_python_dop_operator_3.py
[2025-06-20T15:50:05.358+0000] {logging_mixin.py:188} INFO - [2025-06-20T15:50:05.358+0000] {dag.py:3096} INFO - Sync 1 DAGs
[2025-06-20T15:50:05.384+0000] {logging_mixin.py:188} INFO - [2025-06-20T15:50:05.384+0000] {dag.py:3954} INFO - Setting next_dagrun for example_branch_dop_operator_v3 to 2025-06-20 15:49:00+00:00, run_after=2025-06-20 15:50:00+00:00
[2025-06-20T15:50:05.403+0000] {processor.py:183} INFO - Processing /home/airflow/.local/lib/python3.12/site-packages/airflow/example_dags/example_branch_python_dop_operator_3.py took 0.086 seconds
[2025-06-20T15:50:36.032+0000] {processor.py:161} INFO - Started process (PID=8884) to work on /home/airflow/.local/lib/python3.12/site-packages/airflow/example_dags/example_branch_python_dop_operator_3.py
[2025-06-20T15:50:36.032+0000] {processor.py:830} INFO - Processing file /home/airflow/.local/lib/python3.12/site-packages/airflow/example_dags/example_branch_python_dop_operator_3.py for tasks to queue
[2025-06-20T15:50:36.034+0000] {logging_mixin.py:188} INFO - [2025-06-20T15:50:36.034+0000] {dagbag.py:540} INFO - Filling up the DagBag from /home/airflow/.local/lib/python3.12/site-packages/airflow/example_dags/example_branch_python_dop_operator_3.py
[2025-06-20T15:50:36.043+0000] {processor.py:840} INFO - DAG(s) 'example_branch_dop_operator_v3' retrieved from /home/airflow/.local/lib/python3.12/site-packages/airflow/example_dags/example_branch_python_dop_operator_3.py
[2025-06-20T15:50:36.063+0000] {logging_mixin.py:188} INFO - [2025-06-20T15:50:36.063+0000] {dag.py:3096} INFO - Sync 1 DAGs
[2025-06-20T15:50:36.086+0000] {logging_mixin.py:188} INFO - [2025-06-20T15:50:36.086+0000] {dag.py:3954} INFO - Setting next_dagrun for example_branch_dop_operator_v3 to 2025-06-20 15:49:00+00:00, run_after=2025-06-20 15:50:00+00:00
[2025-06-20T15:50:36.101+0000] {processor.py:183} INFO - Processing /home/airflow/.local/lib/python3.12/site-packages/airflow/example_dags/example_branch_python_dop_operator_3.py took 0.076 seconds
[2025-06-20T15:51:06.760+0000] {processor.py:161} INFO - Started process (PID=8943) to work on /home/airflow/.local/lib/python3.12/site-packages/airflow/example_dags/example_branch_python_dop_operator_3.py
[2025-06-20T15:51:06.761+0000] {processor.py:830} INFO - Processing file /home/airflow/.local/lib/python3.12/site-packages/airflow/example_dags/example_branch_python_dop_operator_3.py for tasks to queue
[2025-06-20T15:51:06.762+0000] {logging_mixin.py:188} INFO - [2025-06-20T15:51:06.762+0000] {dagbag.py:540} INFO - Filling up the DagBag from /home/airflow/.local/lib/python3.12/site-packages/airflow/example_dags/example_branch_python_dop_operator_3.py
[2025-06-20T15:51:06.771+0000] {processor.py:840} INFO - DAG(s) 'example_branch_dop_operator_v3' retrieved from /home/airflow/.local/lib/python3.12/site-packages/airflow/example_dags/example_branch_python_dop_operator_3.py
[2025-06-20T15:51:06.792+0000] {logging_mixin.py:188} INFO - [2025-06-20T15:51:06.792+0000] {dag.py:3096} INFO - Sync 1 DAGs
[2025-06-20T15:51:06.815+0000] {logging_mixin.py:188} INFO - [2025-06-20T15:51:06.815+0000] {dag.py:3954} INFO - Setting next_dagrun for example_branch_dop_operator_v3 to 2025-06-20 15:50:00+00:00, run_after=2025-06-20 15:51:00+00:00
[2025-06-20T15:51:06.831+0000] {processor.py:183} INFO - Processing /home/airflow/.local/lib/python3.12/site-packages/airflow/example_dags/example_branch_python_dop_operator_3.py took 0.078 seconds
[2025-06-20T15:51:37.331+0000] {processor.py:161} INFO - Started process (PID=9002) to work on /home/airflow/.local/lib/python3.12/site-packages/airflow/example_dags/example_branch_python_dop_operator_3.py
[2025-06-20T15:51:37.332+0000] {processor.py:830} INFO - Processing file /home/airflow/.local/lib/python3.12/site-packages/airflow/example_dags/example_branch_python_dop_operator_3.py for tasks to queue
[2025-06-20T15:51:37.334+0000] {logging_mixin.py:188} INFO - [2025-06-20T15:51:37.333+0000] {dagbag.py:540} INFO - Filling up the DagBag from /home/airflow/.local/lib/python3.12/site-packages/airflow/example_dags/example_branch_python_dop_operator_3.py
[2025-06-20T15:51:37.342+0000] {processor.py:840} INFO - DAG(s) 'example_branch_dop_operator_v3' retrieved from /home/airflow/.local/lib/python3.12/site-packages/airflow/example_dags/example_branch_python_dop_operator_3.py
[2025-06-20T15:51:37.366+0000] {logging_mixin.py:188} INFO - [2025-06-20T15:51:37.366+0000] {dag.py:3096} INFO - Sync 1 DAGs
[2025-06-20T15:51:37.393+0000] {logging_mixin.py:188} INFO - [2025-06-20T15:51:37.393+0000] {dag.py:3954} INFO - Setting next_dagrun for example_branch_dop_operator_v3 to 2025-06-20 15:50:00+00:00, run_after=2025-06-20 15:51:00+00:00
[2025-06-20T15:51:37.411+0000] {processor.py:183} INFO - Processing /home/airflow/.local/lib/python3.12/site-packages/airflow/example_dags/example_branch_python_dop_operator_3.py took 0.087 seconds
[2025-06-20T15:52:07.900+0000] {processor.py:161} INFO - Started process (PID=9061) to work on /home/airflow/.local/lib/python3.12/site-packages/airflow/example_dags/example_branch_python_dop_operator_3.py
[2025-06-20T15:52:07.901+0000] {processor.py:830} INFO - Processing file /home/airflow/.local/lib/python3.12/site-packages/airflow/example_dags/example_branch_python_dop_operator_3.py for tasks to queue
[2025-06-20T15:52:07.903+0000] {logging_mixin.py:188} INFO - [2025-06-20T15:52:07.903+0000] {dagbag.py:540} INFO - Filling up the DagBag from /home/airflow/.local/lib/python3.12/site-packages/airflow/example_dags/example_branch_python_dop_operator_3.py
[2025-06-20T15:52:07.912+0000] {processor.py:840} INFO - DAG(s) 'example_branch_dop_operator_v3' retrieved from /home/airflow/.local/lib/python3.12/site-packages/airflow/example_dags/example_branch_python_dop_operator_3.py
[2025-06-20T15:52:07.933+0000] {logging_mixin.py:188} INFO - [2025-06-20T15:52:07.933+0000] {dag.py:3096} INFO - Sync 1 DAGs
[2025-06-20T15:52:07.956+0000] {logging_mixin.py:188} INFO - [2025-06-20T15:52:07.956+0000] {dag.py:3954} INFO - Setting next_dagrun for example_branch_dop_operator_v3 to 2025-06-20 15:51:00+00:00, run_after=2025-06-20 15:52:00+00:00
[2025-06-20T15:52:07.973+0000] {processor.py:183} INFO - Processing /home/airflow/.local/lib/python3.12/site-packages/airflow/example_dags/example_branch_python_dop_operator_3.py took 0.079 seconds
[2025-06-20T15:52:38.748+0000] {processor.py:161} INFO - Started process (PID=9120) to work on /home/airflow/.local/lib/python3.12/site-packages/airflow/example_dags/example_branch_python_dop_operator_3.py
[2025-06-20T15:52:38.749+0000] {processor.py:830} INFO - Processing file /home/airflow/.local/lib/python3.12/site-packages/airflow/example_dags/example_branch_python_dop_operator_3.py for tasks to queue
[2025-06-20T15:52:38.751+0000] {logging_mixin.py:188} INFO - [2025-06-20T15:52:38.751+0000] {dagbag.py:540} INFO - Filling up the DagBag from /home/airflow/.local/lib/python3.12/site-packages/airflow/example_dags/example_branch_python_dop_operator_3.py
[2025-06-20T15:52:38.764+0000] {processor.py:840} INFO - DAG(s) 'example_branch_dop_operator_v3' retrieved from /home/airflow/.local/lib/python3.12/site-packages/airflow/example_dags/example_branch_python_dop_operator_3.py
[2025-06-20T15:52:38.785+0000] {logging_mixin.py:188} INFO - [2025-06-20T15:52:38.785+0000] {dag.py:3096} INFO - Sync 1 DAGs
[2025-06-20T15:52:38.810+0000] {logging_mixin.py:188} INFO - [2025-06-20T15:52:38.810+0000] {dag.py:3954} INFO - Setting next_dagrun for example_branch_dop_operator_v3 to 2025-06-20 15:51:00+00:00, run_after=2025-06-20 15:52:00+00:00
[2025-06-20T15:52:38.826+0000] {processor.py:183} INFO - Processing /home/airflow/.local/lib/python3.12/site-packages/airflow/example_dags/example_branch_python_dop_operator_3.py took 0.086 seconds
[2025-06-20T15:53:09.174+0000] {processor.py:161} INFO - Started process (PID=9179) to work on /home/airflow/.local/lib/python3.12/site-packages/airflow/example_dags/example_branch_python_dop_operator_3.py
[2025-06-20T15:53:09.175+0000] {processor.py:830} INFO - Processing file /home/airflow/.local/lib/python3.12/site-packages/airflow/example_dags/example_branch_python_dop_operator_3.py for tasks to queue
[2025-06-20T15:53:09.180+0000] {logging_mixin.py:188} INFO - [2025-06-20T15:53:09.180+0000] {dagbag.py:540} INFO - Filling up the DagBag from /home/airflow/.local/lib/python3.12/site-packages/airflow/example_dags/example_branch_python_dop_operator_3.py
[2025-06-20T15:53:09.193+0000] {processor.py:840} INFO - DAG(s) 'example_branch_dop_operator_v3' retrieved from /home/airflow/.local/lib/python3.12/site-packages/airflow/example_dags/example_branch_python_dop_operator_3.py
[2025-06-20T15:53:09.216+0000] {logging_mixin.py:188} INFO - [2025-06-20T15:53:09.216+0000] {dag.py:3096} INFO - Sync 1 DAGs
[2025-06-20T15:53:09.248+0000] {logging_mixin.py:188} INFO - [2025-06-20T15:53:09.247+0000] {dag.py:3954} INFO - Setting next_dagrun for example_branch_dop_operator_v3 to 2025-06-20 15:52:00+00:00, run_after=2025-06-20 15:53:00+00:00
[2025-06-20T15:53:09.264+0000] {processor.py:183} INFO - Processing /home/airflow/.local/lib/python3.12/site-packages/airflow/example_dags/example_branch_python_dop_operator_3.py took 0.097 seconds
[2025-06-20T15:53:40.210+0000] {processor.py:161} INFO - Started process (PID=9238) to work on /home/airflow/.local/lib/python3.12/site-packages/airflow/example_dags/example_branch_python_dop_operator_3.py
[2025-06-20T15:53:40.211+0000] {processor.py:830} INFO - Processing file /home/airflow/.local/lib/python3.12/site-packages/airflow/example_dags/example_branch_python_dop_operator_3.py for tasks to queue
[2025-06-20T15:53:40.213+0000] {logging_mixin.py:188} INFO - [2025-06-20T15:53:40.212+0000] {dagbag.py:540} INFO - Filling up the DagBag from /home/airflow/.local/lib/python3.12/site-packages/airflow/example_dags/example_branch_python_dop_operator_3.py
[2025-06-20T15:53:40.221+0000] {processor.py:840} INFO - DAG(s) 'example_branch_dop_operator_v3' retrieved from /home/airflow/.local/lib/python3.12/site-packages/airflow/example_dags/example_branch_python_dop_operator_3.py
[2025-06-20T15:53:40.241+0000] {logging_mixin.py:188} INFO - [2025-06-20T15:53:40.241+0000] {dag.py:3096} INFO - Sync 1 DAGs
[2025-06-20T15:53:40.265+0000] {logging_mixin.py:188} INFO - [2025-06-20T15:53:40.264+0000] {dag.py:3954} INFO - Setting next_dagrun for example_branch_dop_operator_v3 to 2025-06-20 15:52:00+00:00, run_after=2025-06-20 15:53:00+00:00
[2025-06-20T15:53:40.281+0000] {processor.py:183} INFO - Processing /home/airflow/.local/lib/python3.12/site-packages/airflow/example_dags/example_branch_python_dop_operator_3.py took 0.078 seconds
[2025-06-20T15:54:10.411+0000] {processor.py:161} INFO - Started process (PID=9297) to work on /home/airflow/.local/lib/python3.12/site-packages/airflow/example_dags/example_branch_python_dop_operator_3.py
[2025-06-20T15:54:10.412+0000] {processor.py:830} INFO - Processing file /home/airflow/.local/lib/python3.12/site-packages/airflow/example_dags/example_branch_python_dop_operator_3.py for tasks to queue
[2025-06-20T15:54:10.415+0000] {logging_mixin.py:188} INFO - [2025-06-20T15:54:10.415+0000] {dagbag.py:540} INFO - Filling up the DagBag from /home/airflow/.local/lib/python3.12/site-packages/airflow/example_dags/example_branch_python_dop_operator_3.py
[2025-06-20T15:54:10.427+0000] {processor.py:840} INFO - DAG(s) 'example_branch_dop_operator_v3' retrieved from /home/airflow/.local/lib/python3.12/site-packages/airflow/example_dags/example_branch_python_dop_operator_3.py
[2025-06-20T15:54:10.465+0000] {logging_mixin.py:188} INFO - [2025-06-20T15:54:10.465+0000] {dag.py:3096} INFO - Sync 1 DAGs
[2025-06-20T15:54:10.505+0000] {logging_mixin.py:188} INFO - [2025-06-20T15:54:10.505+0000] {dag.py:3954} INFO - Setting next_dagrun for example_branch_dop_operator_v3 to 2025-06-20 15:53:00+00:00, run_after=2025-06-20 15:54:00+00:00
[2025-06-20T15:54:10.530+0000] {processor.py:183} INFO - Processing /home/airflow/.local/lib/python3.12/site-packages/airflow/example_dags/example_branch_python_dop_operator_3.py took 0.127 seconds
[2025-06-20T15:54:40.618+0000] {processor.py:161} INFO - Started process (PID=9356) to work on /home/airflow/.local/lib/python3.12/site-packages/airflow/example_dags/example_branch_python_dop_operator_3.py
[2025-06-20T15:54:40.619+0000] {processor.py:830} INFO - Processing file /home/airflow/.local/lib/python3.12/site-packages/airflow/example_dags/example_branch_python_dop_operator_3.py for tasks to queue
[2025-06-20T15:54:40.621+0000] {logging_mixin.py:188} INFO - [2025-06-20T15:54:40.621+0000] {dagbag.py:540} INFO - Filling up the DagBag from /home/airflow/.local/lib/python3.12/site-packages/airflow/example_dags/example_branch_python_dop_operator_3.py
[2025-06-20T15:54:40.630+0000] {processor.py:840} INFO - DAG(s) 'example_branch_dop_operator_v3' retrieved from /home/airflow/.local/lib/python3.12/site-packages/airflow/example_dags/example_branch_python_dop_operator_3.py
[2025-06-20T15:54:40.649+0000] {logging_mixin.py:188} INFO - [2025-06-20T15:54:40.649+0000] {dag.py:3096} INFO - Sync 1 DAGs
[2025-06-20T15:54:40.672+0000] {logging_mixin.py:188} INFO - [2025-06-20T15:54:40.672+0000] {dag.py:3954} INFO - Setting next_dagrun for example_branch_dop_operator_v3 to 2025-06-20 15:53:00+00:00, run_after=2025-06-20 15:54:00+00:00
[2025-06-20T15:54:40.688+0000] {processor.py:183} INFO - Processing /home/airflow/.local/lib/python3.12/site-packages/airflow/example_dags/example_branch_python_dop_operator_3.py took 0.076 seconds
[2025-06-20T15:55:11.368+0000] {processor.py:161} INFO - Started process (PID=9415) to work on /home/airflow/.local/lib/python3.12/site-packages/airflow/example_dags/example_branch_python_dop_operator_3.py
[2025-06-20T15:55:11.369+0000] {processor.py:830} INFO - Processing file /home/airflow/.local/lib/python3.12/site-packages/airflow/example_dags/example_branch_python_dop_operator_3.py for tasks to queue
[2025-06-20T15:55:11.371+0000] {logging_mixin.py:188} INFO - [2025-06-20T15:55:11.371+0000] {dagbag.py:540} INFO - Filling up the DagBag from /home/airflow/.local/lib/python3.12/site-packages/airflow/example_dags/example_branch_python_dop_operator_3.py
[2025-06-20T15:55:11.383+0000] {processor.py:840} INFO - DAG(s) 'example_branch_dop_operator_v3' retrieved from /home/airflow/.local/lib/python3.12/site-packages/airflow/example_dags/example_branch_python_dop_operator_3.py
[2025-06-20T15:55:11.409+0000] {logging_mixin.py:188} INFO - [2025-06-20T15:55:11.409+0000] {dag.py:3096} INFO - Sync 1 DAGs
[2025-06-20T15:55:11.439+0000] {logging_mixin.py:188} INFO - [2025-06-20T15:55:11.439+0000] {dag.py:3954} INFO - Setting next_dagrun for example_branch_dop_operator_v3 to 2025-06-20 15:54:00+00:00, run_after=2025-06-20 15:55:00+00:00
[2025-06-20T15:55:11.459+0000] {processor.py:183} INFO - Processing /home/airflow/.local/lib/python3.12/site-packages/airflow/example_dags/example_branch_python_dop_operator_3.py took 0.097 seconds
[2025-06-20T15:55:41.836+0000] {processor.py:161} INFO - Started process (PID=9474) to work on /home/airflow/.local/lib/python3.12/site-packages/airflow/example_dags/example_branch_python_dop_operator_3.py
[2025-06-20T15:55:41.837+0000] {processor.py:830} INFO - Processing file /home/airflow/.local/lib/python3.12/site-packages/airflow/example_dags/example_branch_python_dop_operator_3.py for tasks to queue
[2025-06-20T15:55:41.839+0000] {logging_mixin.py:188} INFO - [2025-06-20T15:55:41.839+0000] {dagbag.py:540} INFO - Filling up the DagBag from /home/airflow/.local/lib/python3.12/site-packages/airflow/example_dags/example_branch_python_dop_operator_3.py
[2025-06-20T15:55:41.852+0000] {processor.py:840} INFO - DAG(s) 'example_branch_dop_operator_v3' retrieved from /home/airflow/.local/lib/python3.12/site-packages/airflow/example_dags/example_branch_python_dop_operator_3.py
[2025-06-20T15:55:41.874+0000] {logging_mixin.py:188} INFO - [2025-06-20T15:55:41.874+0000] {dag.py:3096} INFO - Sync 1 DAGs
[2025-06-20T15:55:41.900+0000] {logging_mixin.py:188} INFO - [2025-06-20T15:55:41.900+0000] {dag.py:3954} INFO - Setting next_dagrun for example_branch_dop_operator_v3 to 2025-06-20 15:54:00+00:00, run_after=2025-06-20 15:55:00+00:00
[2025-06-20T15:55:41.918+0000] {processor.py:183} INFO - Processing /home/airflow/.local/lib/python3.12/site-packages/airflow/example_dags/example_branch_python_dop_operator_3.py took 0.090 seconds
[2025-06-20T15:56:12.008+0000] {processor.py:161} INFO - Started process (PID=9533) to work on /home/airflow/.local/lib/python3.12/site-packages/airflow/example_dags/example_branch_python_dop_operator_3.py
[2025-06-20T15:56:12.009+0000] {processor.py:830} INFO - Processing file /home/airflow/.local/lib/python3.12/site-packages/airflow/example_dags/example_branch_python_dop_operator_3.py for tasks to queue
[2025-06-20T15:56:12.012+0000] {logging_mixin.py:188} INFO - [2025-06-20T15:56:12.012+0000] {dagbag.py:540} INFO - Filling up the DagBag from /home/airflow/.local/lib/python3.12/site-packages/airflow/example_dags/example_branch_python_dop_operator_3.py
[2025-06-20T15:56:12.021+0000] {processor.py:840} INFO - DAG(s) 'example_branch_dop_operator_v3' retrieved from /home/airflow/.local/lib/python3.12/site-packages/airflow/example_dags/example_branch_python_dop_operator_3.py
[2025-06-20T15:56:12.042+0000] {logging_mixin.py:188} INFO - [2025-06-20T15:56:12.042+0000] {dag.py:3096} INFO - Sync 1 DAGs
[2025-06-20T15:56:12.069+0000] {logging_mixin.py:188} INFO - [2025-06-20T15:56:12.069+0000] {dag.py:3954} INFO - Setting next_dagrun for example_branch_dop_operator_v3 to 2025-06-20 15:55:00+00:00, run_after=2025-06-20 15:56:00+00:00
[2025-06-20T15:56:12.085+0000] {processor.py:183} INFO - Processing /home/airflow/.local/lib/python3.12/site-packages/airflow/example_dags/example_branch_python_dop_operator_3.py took 0.083 seconds
[2025-06-20T15:56:42.303+0000] {processor.py:161} INFO - Started process (PID=9592) to work on /home/airflow/.local/lib/python3.12/site-packages/airflow/example_dags/example_branch_python_dop_operator_3.py
[2025-06-20T15:56:42.303+0000] {processor.py:830} INFO - Processing file /home/airflow/.local/lib/python3.12/site-packages/airflow/example_dags/example_branch_python_dop_operator_3.py for tasks to queue
[2025-06-20T15:56:42.305+0000] {logging_mixin.py:188} INFO - [2025-06-20T15:56:42.305+0000] {dagbag.py:540} INFO - Filling up the DagBag from /home/airflow/.local/lib/python3.12/site-packages/airflow/example_dags/example_branch_python_dop_operator_3.py
[2025-06-20T15:56:42.315+0000] {processor.py:840} INFO - DAG(s) 'example_branch_dop_operator_v3' retrieved from /home/airflow/.local/lib/python3.12/site-packages/airflow/example_dags/example_branch_python_dop_operator_3.py
[2025-06-20T15:56:42.334+0000] {logging_mixin.py:188} INFO - [2025-06-20T15:56:42.334+0000] {dag.py:3096} INFO - Sync 1 DAGs
[2025-06-20T15:56:42.358+0000] {logging_mixin.py:188} INFO - [2025-06-20T15:56:42.357+0000] {dag.py:3954} INFO - Setting next_dagrun for example_branch_dop_operator_v3 to 2025-06-20 15:55:00+00:00, run_after=2025-06-20 15:56:00+00:00
[2025-06-20T15:56:42.374+0000] {processor.py:183} INFO - Processing /home/airflow/.local/lib/python3.12/site-packages/airflow/example_dags/example_branch_python_dop_operator_3.py took 0.077 seconds
[2025-06-20T15:57:12.588+0000] {processor.py:161} INFO - Started process (PID=9651) to work on /home/airflow/.local/lib/python3.12/site-packages/airflow/example_dags/example_branch_python_dop_operator_3.py
[2025-06-20T15:57:12.589+0000] {processor.py:830} INFO - Processing file /home/airflow/.local/lib/python3.12/site-packages/airflow/example_dags/example_branch_python_dop_operator_3.py for tasks to queue
[2025-06-20T15:57:12.590+0000] {logging_mixin.py:188} INFO - [2025-06-20T15:57:12.590+0000] {dagbag.py:540} INFO - Filling up the DagBag from /home/airflow/.local/lib/python3.12/site-packages/airflow/example_dags/example_branch_python_dop_operator_3.py
[2025-06-20T15:57:12.599+0000] {processor.py:840} INFO - DAG(s) 'example_branch_dop_operator_v3' retrieved from /home/airflow/.local/lib/python3.12/site-packages/airflow/example_dags/example_branch_python_dop_operator_3.py
[2025-06-20T15:57:12.618+0000] {logging_mixin.py:188} INFO - [2025-06-20T15:57:12.618+0000] {dag.py:3096} INFO - Sync 1 DAGs
[2025-06-20T15:57:12.641+0000] {logging_mixin.py:188} INFO - [2025-06-20T15:57:12.640+0000] {dag.py:3954} INFO - Setting next_dagrun for example_branch_dop_operator_v3 to 2025-06-20 15:56:00+00:00, run_after=2025-06-20 15:57:00+00:00
[2025-06-20T15:57:12.656+0000] {processor.py:183} INFO - Processing /home/airflow/.local/lib/python3.12/site-packages/airflow/example_dags/example_branch_python_dop_operator_3.py took 0.074 seconds
[2025-06-20T15:57:42.844+0000] {processor.py:161} INFO - Started process (PID=9710) to work on /home/airflow/.local/lib/python3.12/site-packages/airflow/example_dags/example_branch_python_dop_operator_3.py
[2025-06-20T15:57:42.845+0000] {processor.py:830} INFO - Processing file /home/airflow/.local/lib/python3.12/site-packages/airflow/example_dags/example_branch_python_dop_operator_3.py for tasks to queue
[2025-06-20T15:57:42.847+0000] {logging_mixin.py:188} INFO - [2025-06-20T15:57:42.846+0000] {dagbag.py:540} INFO - Filling up the DagBag from /home/airflow/.local/lib/python3.12/site-packages/airflow/example_dags/example_branch_python_dop_operator_3.py
[2025-06-20T15:57:42.855+0000] {processor.py:840} INFO - DAG(s) 'example_branch_dop_operator_v3' retrieved from /home/airflow/.local/lib/python3.12/site-packages/airflow/example_dags/example_branch_python_dop_operator_3.py
[2025-06-20T15:57:42.874+0000] {logging_mixin.py:188} INFO - [2025-06-20T15:57:42.874+0000] {dag.py:3096} INFO - Sync 1 DAGs
[2025-06-20T15:57:42.897+0000] {logging_mixin.py:188} INFO - [2025-06-20T15:57:42.897+0000] {dag.py:3954} INFO - Setting next_dagrun for example_branch_dop_operator_v3 to 2025-06-20 15:56:00+00:00, run_after=2025-06-20 15:57:00+00:00
[2025-06-20T15:57:42.913+0000] {processor.py:183} INFO - Processing /home/airflow/.local/lib/python3.12/site-packages/airflow/example_dags/example_branch_python_dop_operator_3.py took 0.075 seconds
[2025-06-20T15:58:13.231+0000] {processor.py:161} INFO - Started process (PID=9769) to work on /home/airflow/.local/lib/python3.12/site-packages/airflow/example_dags/example_branch_python_dop_operator_3.py
[2025-06-20T15:58:13.232+0000] {processor.py:830} INFO - Processing file /home/airflow/.local/lib/python3.12/site-packages/airflow/example_dags/example_branch_python_dop_operator_3.py for tasks to queue
[2025-06-20T15:58:13.234+0000] {logging_mixin.py:188} INFO - [2025-06-20T15:58:13.234+0000] {dagbag.py:540} INFO - Filling up the DagBag from /home/airflow/.local/lib/python3.12/site-packages/airflow/example_dags/example_branch_python_dop_operator_3.py
[2025-06-20T15:58:13.243+0000] {processor.py:840} INFO - DAG(s) 'example_branch_dop_operator_v3' retrieved from /home/airflow/.local/lib/python3.12/site-packages/airflow/example_dags/example_branch_python_dop_operator_3.py
[2025-06-20T15:58:13.262+0000] {logging_mixin.py:188} INFO - [2025-06-20T15:58:13.261+0000] {dag.py:3096} INFO - Sync 1 DAGs
[2025-06-20T15:58:13.285+0000] {logging_mixin.py:188} INFO - [2025-06-20T15:58:13.284+0000] {dag.py:3954} INFO - Setting next_dagrun for example_branch_dop_operator_v3 to 2025-06-20 15:57:00+00:00, run_after=2025-06-20 15:58:00+00:00
[2025-06-20T15:58:13.300+0000] {processor.py:183} INFO - Processing /home/airflow/.local/lib/python3.12/site-packages/airflow/example_dags/example_branch_python_dop_operator_3.py took 0.076 seconds
[2025-06-20T15:58:43.365+0000] {processor.py:161} INFO - Started process (PID=9827) to work on /home/airflow/.local/lib/python3.12/site-packages/airflow/example_dags/example_branch_python_dop_operator_3.py
[2025-06-20T15:58:43.366+0000] {processor.py:830} INFO - Processing file /home/airflow/.local/lib/python3.12/site-packages/airflow/example_dags/example_branch_python_dop_operator_3.py for tasks to queue
[2025-06-20T15:58:43.368+0000] {logging_mixin.py:188} INFO - [2025-06-20T15:58:43.367+0000] {dagbag.py:540} INFO - Filling up the DagBag from /home/airflow/.local/lib/python3.12/site-packages/airflow/example_dags/example_branch_python_dop_operator_3.py
[2025-06-20T15:58:43.376+0000] {processor.py:840} INFO - DAG(s) 'example_branch_dop_operator_v3' retrieved from /home/airflow/.local/lib/python3.12/site-packages/airflow/example_dags/example_branch_python_dop_operator_3.py
[2025-06-20T15:58:43.397+0000] {logging_mixin.py:188} INFO - [2025-06-20T15:58:43.397+0000] {dag.py:3096} INFO - Sync 1 DAGs
[2025-06-20T15:58:43.420+0000] {logging_mixin.py:188} INFO - [2025-06-20T15:58:43.420+0000] {dag.py:3954} INFO - Setting next_dagrun for example_branch_dop_operator_v3 to 2025-06-20 15:57:00+00:00, run_after=2025-06-20 15:58:00+00:00
[2025-06-20T15:58:43.436+0000] {processor.py:183} INFO - Processing /home/airflow/.local/lib/python3.12/site-packages/airflow/example_dags/example_branch_python_dop_operator_3.py took 0.077 seconds
[2025-06-20T15:59:13.666+0000] {processor.py:161} INFO - Started process (PID=9886) to work on /home/airflow/.local/lib/python3.12/site-packages/airflow/example_dags/example_branch_python_dop_operator_3.py
[2025-06-20T15:59:13.667+0000] {processor.py:830} INFO - Processing file /home/airflow/.local/lib/python3.12/site-packages/airflow/example_dags/example_branch_python_dop_operator_3.py for tasks to queue
[2025-06-20T15:59:13.668+0000] {logging_mixin.py:188} INFO - [2025-06-20T15:59:13.668+0000] {dagbag.py:540} INFO - Filling up the DagBag from /home/airflow/.local/lib/python3.12/site-packages/airflow/example_dags/example_branch_python_dop_operator_3.py
[2025-06-20T15:59:13.677+0000] {processor.py:840} INFO - DAG(s) 'example_branch_dop_operator_v3' retrieved from /home/airflow/.local/lib/python3.12/site-packages/airflow/example_dags/example_branch_python_dop_operator_3.py
[2025-06-20T15:59:13.697+0000] {logging_mixin.py:188} INFO - [2025-06-20T15:59:13.697+0000] {dag.py:3096} INFO - Sync 1 DAGs
[2025-06-20T15:59:13.722+0000] {logging_mixin.py:188} INFO - [2025-06-20T15:59:13.721+0000] {dag.py:3954} INFO - Setting next_dagrun for example_branch_dop_operator_v3 to 2025-06-20 15:58:00+00:00, run_after=2025-06-20 15:59:00+00:00
[2025-06-20T15:59:13.738+0000] {processor.py:183} INFO - Processing /home/airflow/.local/lib/python3.12/site-packages/airflow/example_dags/example_branch_python_dop_operator_3.py took 0.078 seconds
[2025-06-20T16:00:24.979+0000] {processor.py:161} INFO - Started process (PID=108) to work on /home/airflow/.local/lib/python3.12/site-packages/airflow/example_dags/example_branch_python_dop_operator_3.py
[2025-06-20T16:00:24.980+0000] {processor.py:830} INFO - Processing file /home/airflow/.local/lib/python3.12/site-packages/airflow/example_dags/example_branch_python_dop_operator_3.py for tasks to queue
[2025-06-20T16:00:24.982+0000] {logging_mixin.py:188} INFO - [2025-06-20T16:00:24.982+0000] {dagbag.py:540} INFO - Filling up the DagBag from /home/airflow/.local/lib/python3.12/site-packages/airflow/example_dags/example_branch_python_dop_operator_3.py
[2025-06-20T16:00:24.991+0000] {processor.py:840} INFO - DAG(s) 'example_branch_dop_operator_v3' retrieved from /home/airflow/.local/lib/python3.12/site-packages/airflow/example_dags/example_branch_python_dop_operator_3.py
[2025-06-20T16:00:25.004+0000] {logging_mixin.py:188} INFO - [2025-06-20T16:00:25.004+0000] {dag.py:3096} INFO - Sync 1 DAGs
[2025-06-20T16:00:25.032+0000] {logging_mixin.py:188} INFO - [2025-06-20T16:00:25.032+0000] {dag.py:3954} INFO - Setting next_dagrun for example_branch_dop_operator_v3 to 2025-06-20 15:59:00+00:00, run_after=2025-06-20 16:00:00+00:00
[2025-06-20T16:00:25.048+0000] {processor.py:183} INFO - Processing /home/airflow/.local/lib/python3.12/site-packages/airflow/example_dags/example_branch_python_dop_operator_3.py took 0.075 seconds
[2025-06-20T16:00:56.173+0000] {processor.py:161} INFO - Started process (PID=167) to work on /home/airflow/.local/lib/python3.12/site-packages/airflow/example_dags/example_branch_python_dop_operator_3.py
[2025-06-20T16:00:56.174+0000] {processor.py:830} INFO - Processing file /home/airflow/.local/lib/python3.12/site-packages/airflow/example_dags/example_branch_python_dop_operator_3.py for tasks to queue
[2025-06-20T16:00:56.176+0000] {logging_mixin.py:188} INFO - [2025-06-20T16:00:56.175+0000] {dagbag.py:540} INFO - Filling up the DagBag from /home/airflow/.local/lib/python3.12/site-packages/airflow/example_dags/example_branch_python_dop_operator_3.py
[2025-06-20T16:00:56.185+0000] {processor.py:840} INFO - DAG(s) 'example_branch_dop_operator_v3' retrieved from /home/airflow/.local/lib/python3.12/site-packages/airflow/example_dags/example_branch_python_dop_operator_3.py
[2025-06-20T16:00:56.294+0000] {logging_mixin.py:188} INFO - [2025-06-20T16:00:56.294+0000] {dag.py:3096} INFO - Sync 1 DAGs
[2025-06-20T16:00:56.315+0000] {logging_mixin.py:188} INFO - [2025-06-20T16:00:56.315+0000] {dag.py:3954} INFO - Setting next_dagrun for example_branch_dop_operator_v3 to 2025-06-20 15:59:00+00:00, run_after=2025-06-20 16:00:00+00:00
[2025-06-20T16:00:56.331+0000] {processor.py:183} INFO - Processing /home/airflow/.local/lib/python3.12/site-packages/airflow/example_dags/example_branch_python_dop_operator_3.py took 0.167 seconds
[2025-06-20T16:01:27.050+0000] {processor.py:161} INFO - Started process (PID=226) to work on /home/airflow/.local/lib/python3.12/site-packages/airflow/example_dags/example_branch_python_dop_operator_3.py
[2025-06-20T16:01:27.051+0000] {processor.py:830} INFO - Processing file /home/airflow/.local/lib/python3.12/site-packages/airflow/example_dags/example_branch_python_dop_operator_3.py for tasks to queue
[2025-06-20T16:01:27.053+0000] {logging_mixin.py:188} INFO - [2025-06-20T16:01:27.053+0000] {dagbag.py:540} INFO - Filling up the DagBag from /home/airflow/.local/lib/python3.12/site-packages/airflow/example_dags/example_branch_python_dop_operator_3.py
[2025-06-20T16:01:27.062+0000] {processor.py:840} INFO - DAG(s) 'example_branch_dop_operator_v3' retrieved from /home/airflow/.local/lib/python3.12/site-packages/airflow/example_dags/example_branch_python_dop_operator_3.py
[2025-06-20T16:01:27.080+0000] {logging_mixin.py:188} INFO - [2025-06-20T16:01:27.080+0000] {dag.py:3096} INFO - Sync 1 DAGs
[2025-06-20T16:01:27.104+0000] {logging_mixin.py:188} INFO - [2025-06-20T16:01:27.104+0000] {dag.py:3954} INFO - Setting next_dagrun for example_branch_dop_operator_v3 to 2025-06-20 16:00:00+00:00, run_after=2025-06-20 16:01:00+00:00
[2025-06-20T16:01:27.120+0000] {processor.py:183} INFO - Processing /home/airflow/.local/lib/python3.12/site-packages/airflow/example_dags/example_branch_python_dop_operator_3.py took 0.076 seconds
[2025-06-20T16:01:57.253+0000] {processor.py:161} INFO - Started process (PID=285) to work on /home/airflow/.local/lib/python3.12/site-packages/airflow/example_dags/example_branch_python_dop_operator_3.py
[2025-06-20T16:01:57.254+0000] {processor.py:830} INFO - Processing file /home/airflow/.local/lib/python3.12/site-packages/airflow/example_dags/example_branch_python_dop_operator_3.py for tasks to queue
[2025-06-20T16:01:57.256+0000] {logging_mixin.py:188} INFO - [2025-06-20T16:01:57.256+0000] {dagbag.py:540} INFO - Filling up the DagBag from /home/airflow/.local/lib/python3.12/site-packages/airflow/example_dags/example_branch_python_dop_operator_3.py
[2025-06-20T16:01:57.265+0000] {processor.py:840} INFO - DAG(s) 'example_branch_dop_operator_v3' retrieved from /home/airflow/.local/lib/python3.12/site-packages/airflow/example_dags/example_branch_python_dop_operator_3.py
[2025-06-20T16:01:57.284+0000] {logging_mixin.py:188} INFO - [2025-06-20T16:01:57.284+0000] {dag.py:3096} INFO - Sync 1 DAGs
[2025-06-20T16:01:57.307+0000] {logging_mixin.py:188} INFO - [2025-06-20T16:01:57.307+0000] {dag.py:3954} INFO - Setting next_dagrun for example_branch_dop_operator_v3 to 2025-06-20 16:00:00+00:00, run_after=2025-06-20 16:01:00+00:00
[2025-06-20T16:01:57.323+0000] {processor.py:183} INFO - Processing /home/airflow/.local/lib/python3.12/site-packages/airflow/example_dags/example_branch_python_dop_operator_3.py took 0.076 seconds
[2025-06-20T16:02:27.500+0000] {processor.py:161} INFO - Started process (PID=344) to work on /home/airflow/.local/lib/python3.12/site-packages/airflow/example_dags/example_branch_python_dop_operator_3.py
[2025-06-20T16:02:27.501+0000] {processor.py:830} INFO - Processing file /home/airflow/.local/lib/python3.12/site-packages/airflow/example_dags/example_branch_python_dop_operator_3.py for tasks to queue
[2025-06-20T16:02:27.503+0000] {logging_mixin.py:188} INFO - [2025-06-20T16:02:27.503+0000] {dagbag.py:540} INFO - Filling up the DagBag from /home/airflow/.local/lib/python3.12/site-packages/airflow/example_dags/example_branch_python_dop_operator_3.py
[2025-06-20T16:02:27.512+0000] {processor.py:840} INFO - DAG(s) 'example_branch_dop_operator_v3' retrieved from /home/airflow/.local/lib/python3.12/site-packages/airflow/example_dags/example_branch_python_dop_operator_3.py
[2025-06-20T16:02:27.532+0000] {logging_mixin.py:188} INFO - [2025-06-20T16:02:27.531+0000] {dag.py:3096} INFO - Sync 1 DAGs
[2025-06-20T16:02:27.555+0000] {logging_mixin.py:188} INFO - [2025-06-20T16:02:27.554+0000] {dag.py:3954} INFO - Setting next_dagrun for example_branch_dop_operator_v3 to 2025-06-20 16:01:00+00:00, run_after=2025-06-20 16:02:00+00:00
[2025-06-20T16:02:27.570+0000] {processor.py:183} INFO - Processing /home/airflow/.local/lib/python3.12/site-packages/airflow/example_dags/example_branch_python_dop_operator_3.py took 0.077 seconds
[2025-06-20T16:02:57.698+0000] {processor.py:161} INFO - Started process (PID=403) to work on /home/airflow/.local/lib/python3.12/site-packages/airflow/example_dags/example_branch_python_dop_operator_3.py
[2025-06-20T16:02:57.699+0000] {processor.py:830} INFO - Processing file /home/airflow/.local/lib/python3.12/site-packages/airflow/example_dags/example_branch_python_dop_operator_3.py for tasks to queue
[2025-06-20T16:02:57.701+0000] {logging_mixin.py:188} INFO - [2025-06-20T16:02:57.701+0000] {dagbag.py:540} INFO - Filling up the DagBag from /home/airflow/.local/lib/python3.12/site-packages/airflow/example_dags/example_branch_python_dop_operator_3.py
[2025-06-20T16:02:57.709+0000] {processor.py:840} INFO - DAG(s) 'example_branch_dop_operator_v3' retrieved from /home/airflow/.local/lib/python3.12/site-packages/airflow/example_dags/example_branch_python_dop_operator_3.py
[2025-06-20T16:02:57.728+0000] {logging_mixin.py:188} INFO - [2025-06-20T16:02:57.728+0000] {dag.py:3096} INFO - Sync 1 DAGs
[2025-06-20T16:02:57.751+0000] {logging_mixin.py:188} INFO - [2025-06-20T16:02:57.750+0000] {dag.py:3954} INFO - Setting next_dagrun for example_branch_dop_operator_v3 to 2025-06-20 16:01:00+00:00, run_after=2025-06-20 16:02:00+00:00
[2025-06-20T16:02:57.766+0000] {processor.py:183} INFO - Processing /home/airflow/.local/lib/python3.12/site-packages/airflow/example_dags/example_branch_python_dop_operator_3.py took 0.074 seconds
[2025-06-20T16:03:27.944+0000] {processor.py:161} INFO - Started process (PID=462) to work on /home/airflow/.local/lib/python3.12/site-packages/airflow/example_dags/example_branch_python_dop_operator_3.py
[2025-06-20T16:03:27.945+0000] {processor.py:830} INFO - Processing file /home/airflow/.local/lib/python3.12/site-packages/airflow/example_dags/example_branch_python_dop_operator_3.py for tasks to queue
[2025-06-20T16:03:27.947+0000] {logging_mixin.py:188} INFO - [2025-06-20T16:03:27.946+0000] {dagbag.py:540} INFO - Filling up the DagBag from /home/airflow/.local/lib/python3.12/site-packages/airflow/example_dags/example_branch_python_dop_operator_3.py
[2025-06-20T16:03:27.956+0000] {processor.py:840} INFO - DAG(s) 'example_branch_dop_operator_v3' retrieved from /home/airflow/.local/lib/python3.12/site-packages/airflow/example_dags/example_branch_python_dop_operator_3.py
[2025-06-20T16:03:27.975+0000] {logging_mixin.py:188} INFO - [2025-06-20T16:03:27.975+0000] {dag.py:3096} INFO - Sync 1 DAGs
[2025-06-20T16:03:28.000+0000] {logging_mixin.py:188} INFO - [2025-06-20T16:03:27.999+0000] {dag.py:3954} INFO - Setting next_dagrun for example_branch_dop_operator_v3 to 2025-06-20 16:02:00+00:00, run_after=2025-06-20 16:03:00+00:00
[2025-06-20T16:03:28.019+0000] {processor.py:183} INFO - Processing /home/airflow/.local/lib/python3.12/site-packages/airflow/example_dags/example_branch_python_dop_operator_3.py took 0.082 seconds
[2025-06-20T16:03:58.217+0000] {processor.py:161} INFO - Started process (PID=521) to work on /home/airflow/.local/lib/python3.12/site-packages/airflow/example_dags/example_branch_python_dop_operator_3.py
[2025-06-20T16:03:58.218+0000] {processor.py:830} INFO - Processing file /home/airflow/.local/lib/python3.12/site-packages/airflow/example_dags/example_branch_python_dop_operator_3.py for tasks to queue
[2025-06-20T16:03:58.220+0000] {logging_mixin.py:188} INFO - [2025-06-20T16:03:58.220+0000] {dagbag.py:540} INFO - Filling up the DagBag from /home/airflow/.local/lib/python3.12/site-packages/airflow/example_dags/example_branch_python_dop_operator_3.py
[2025-06-20T16:03:58.229+0000] {processor.py:840} INFO - DAG(s) 'example_branch_dop_operator_v3' retrieved from /home/airflow/.local/lib/python3.12/site-packages/airflow/example_dags/example_branch_python_dop_operator_3.py
[2025-06-20T16:03:58.251+0000] {logging_mixin.py:188} INFO - [2025-06-20T16:03:58.251+0000] {dag.py:3096} INFO - Sync 1 DAGs
[2025-06-20T16:03:58.274+0000] {logging_mixin.py:188} INFO - [2025-06-20T16:03:58.274+0000] {dag.py:3954} INFO - Setting next_dagrun for example_branch_dop_operator_v3 to 2025-06-20 16:02:00+00:00, run_after=2025-06-20 16:03:00+00:00
[2025-06-20T16:03:58.289+0000] {processor.py:183} INFO - Processing /home/airflow/.local/lib/python3.12/site-packages/airflow/example_dags/example_branch_python_dop_operator_3.py took 0.080 seconds
[2025-06-20T16:04:28.421+0000] {processor.py:161} INFO - Started process (PID=580) to work on /home/airflow/.local/lib/python3.12/site-packages/airflow/example_dags/example_branch_python_dop_operator_3.py
[2025-06-20T16:04:28.422+0000] {processor.py:830} INFO - Processing file /home/airflow/.local/lib/python3.12/site-packages/airflow/example_dags/example_branch_python_dop_operator_3.py for tasks to queue
[2025-06-20T16:04:28.424+0000] {logging_mixin.py:188} INFO - [2025-06-20T16:04:28.423+0000] {dagbag.py:540} INFO - Filling up the DagBag from /home/airflow/.local/lib/python3.12/site-packages/airflow/example_dags/example_branch_python_dop_operator_3.py
[2025-06-20T16:04:28.432+0000] {processor.py:840} INFO - DAG(s) 'example_branch_dop_operator_v3' retrieved from /home/airflow/.local/lib/python3.12/site-packages/airflow/example_dags/example_branch_python_dop_operator_3.py
[2025-06-20T16:04:28.451+0000] {logging_mixin.py:188} INFO - [2025-06-20T16:04:28.451+0000] {dag.py:3096} INFO - Sync 1 DAGs
[2025-06-20T16:04:28.476+0000] {logging_mixin.py:188} INFO - [2025-06-20T16:04:28.476+0000] {dag.py:3954} INFO - Setting next_dagrun for example_branch_dop_operator_v3 to 2025-06-20 16:03:00+00:00, run_after=2025-06-20 16:04:00+00:00
[2025-06-20T16:04:28.492+0000] {processor.py:183} INFO - Processing /home/airflow/.local/lib/python3.12/site-packages/airflow/example_dags/example_branch_python_dop_operator_3.py took 0.077 seconds
[2025-06-20T16:04:59.359+0000] {processor.py:161} INFO - Started process (PID=639) to work on /home/airflow/.local/lib/python3.12/site-packages/airflow/example_dags/example_branch_python_dop_operator_3.py
[2025-06-20T16:04:59.360+0000] {processor.py:830} INFO - Processing file /home/airflow/.local/lib/python3.12/site-packages/airflow/example_dags/example_branch_python_dop_operator_3.py for tasks to queue
[2025-06-20T16:04:59.361+0000] {logging_mixin.py:188} INFO - [2025-06-20T16:04:59.361+0000] {dagbag.py:540} INFO - Filling up the DagBag from /home/airflow/.local/lib/python3.12/site-packages/airflow/example_dags/example_branch_python_dop_operator_3.py
[2025-06-20T16:04:59.372+0000] {processor.py:840} INFO - DAG(s) 'example_branch_dop_operator_v3' retrieved from /home/airflow/.local/lib/python3.12/site-packages/airflow/example_dags/example_branch_python_dop_operator_3.py
[2025-06-20T16:04:59.392+0000] {logging_mixin.py:188} INFO - [2025-06-20T16:04:59.392+0000] {dag.py:3096} INFO - Sync 1 DAGs
[2025-06-20T16:04:59.417+0000] {logging_mixin.py:188} INFO - [2025-06-20T16:04:59.416+0000] {dag.py:3954} INFO - Setting next_dagrun for example_branch_dop_operator_v3 to 2025-06-20 16:03:00+00:00, run_after=2025-06-20 16:04:00+00:00
[2025-06-20T16:04:59.433+0000] {processor.py:183} INFO - Processing /home/airflow/.local/lib/python3.12/site-packages/airflow/example_dags/example_branch_python_dop_operator_3.py took 0.080 seconds
[2025-06-20T16:05:29.621+0000] {processor.py:161} INFO - Started process (PID=698) to work on /home/airflow/.local/lib/python3.12/site-packages/airflow/example_dags/example_branch_python_dop_operator_3.py
[2025-06-20T16:05:29.622+0000] {processor.py:830} INFO - Processing file /home/airflow/.local/lib/python3.12/site-packages/airflow/example_dags/example_branch_python_dop_operator_3.py for tasks to queue
[2025-06-20T16:05:29.624+0000] {logging_mixin.py:188} INFO - [2025-06-20T16:05:29.623+0000] {dagbag.py:540} INFO - Filling up the DagBag from /home/airflow/.local/lib/python3.12/site-packages/airflow/example_dags/example_branch_python_dop_operator_3.py
[2025-06-20T16:05:29.632+0000] {processor.py:840} INFO - DAG(s) 'example_branch_dop_operator_v3' retrieved from /home/airflow/.local/lib/python3.12/site-packages/airflow/example_dags/example_branch_python_dop_operator_3.py
[2025-06-20T16:05:29.651+0000] {logging_mixin.py:188} INFO - [2025-06-20T16:05:29.651+0000] {dag.py:3096} INFO - Sync 1 DAGs
[2025-06-20T16:05:29.674+0000] {logging_mixin.py:188} INFO - [2025-06-20T16:05:29.673+0000] {dag.py:3954} INFO - Setting next_dagrun for example_branch_dop_operator_v3 to 2025-06-20 16:04:00+00:00, run_after=2025-06-20 16:05:00+00:00
[2025-06-20T16:05:29.689+0000] {processor.py:183} INFO - Processing /home/airflow/.local/lib/python3.12/site-packages/airflow/example_dags/example_branch_python_dop_operator_3.py took 0.074 seconds
[2025-06-20T16:05:59.979+0000] {processor.py:161} INFO - Started process (PID=757) to work on /home/airflow/.local/lib/python3.12/site-packages/airflow/example_dags/example_branch_python_dop_operator_3.py
[2025-06-20T16:05:59.980+0000] {processor.py:830} INFO - Processing file /home/airflow/.local/lib/python3.12/site-packages/airflow/example_dags/example_branch_python_dop_operator_3.py for tasks to queue
[2025-06-20T16:05:59.982+0000] {logging_mixin.py:188} INFO - [2025-06-20T16:05:59.981+0000] {dagbag.py:540} INFO - Filling up the DagBag from /home/airflow/.local/lib/python3.12/site-packages/airflow/example_dags/example_branch_python_dop_operator_3.py
[2025-06-20T16:05:59.990+0000] {processor.py:840} INFO - DAG(s) 'example_branch_dop_operator_v3' retrieved from /home/airflow/.local/lib/python3.12/site-packages/airflow/example_dags/example_branch_python_dop_operator_3.py
[2025-06-20T16:06:00.009+0000] {logging_mixin.py:188} INFO - [2025-06-20T16:06:00.009+0000] {dag.py:3096} INFO - Sync 1 DAGs
[2025-06-20T16:06:00.032+0000] {logging_mixin.py:188} INFO - [2025-06-20T16:06:00.031+0000] {dag.py:3954} INFO - Setting next_dagrun for example_branch_dop_operator_v3 to 2025-06-20 16:05:00+00:00, run_after=2025-06-20 16:06:00+00:00
[2025-06-20T16:06:00.047+0000] {processor.py:183} INFO - Processing /home/airflow/.local/lib/python3.12/site-packages/airflow/example_dags/example_branch_python_dop_operator_3.py took 0.074 seconds
[2025-06-20T16:06:30.399+0000] {processor.py:161} INFO - Started process (PID=816) to work on /home/airflow/.local/lib/python3.12/site-packages/airflow/example_dags/example_branch_python_dop_operator_3.py
[2025-06-20T16:06:30.400+0000] {processor.py:830} INFO - Processing file /home/airflow/.local/lib/python3.12/site-packages/airflow/example_dags/example_branch_python_dop_operator_3.py for tasks to queue
[2025-06-20T16:06:30.402+0000] {logging_mixin.py:188} INFO - [2025-06-20T16:06:30.401+0000] {dagbag.py:540} INFO - Filling up the DagBag from /home/airflow/.local/lib/python3.12/site-packages/airflow/example_dags/example_branch_python_dop_operator_3.py
[2025-06-20T16:06:30.410+0000] {processor.py:840} INFO - DAG(s) 'example_branch_dop_operator_v3' retrieved from /home/airflow/.local/lib/python3.12/site-packages/airflow/example_dags/example_branch_python_dop_operator_3.py
[2025-06-20T16:06:30.429+0000] {logging_mixin.py:188} INFO - [2025-06-20T16:06:30.429+0000] {dag.py:3096} INFO - Sync 1 DAGs
[2025-06-20T16:06:30.455+0000] {logging_mixin.py:188} INFO - [2025-06-20T16:06:30.455+0000] {dag.py:3954} INFO - Setting next_dagrun for example_branch_dop_operator_v3 to 2025-06-20 16:05:00+00:00, run_after=2025-06-20 16:06:00+00:00
[2025-06-20T16:06:30.472+0000] {processor.py:183} INFO - Processing /home/airflow/.local/lib/python3.12/site-packages/airflow/example_dags/example_branch_python_dop_operator_3.py took 0.079 seconds
[2025-06-20T16:07:00.659+0000] {processor.py:161} INFO - Started process (PID=875) to work on /home/airflow/.local/lib/python3.12/site-packages/airflow/example_dags/example_branch_python_dop_operator_3.py
[2025-06-20T16:07:00.660+0000] {processor.py:830} INFO - Processing file /home/airflow/.local/lib/python3.12/site-packages/airflow/example_dags/example_branch_python_dop_operator_3.py for tasks to queue
[2025-06-20T16:07:00.662+0000] {logging_mixin.py:188} INFO - [2025-06-20T16:07:00.661+0000] {dagbag.py:540} INFO - Filling up the DagBag from /home/airflow/.local/lib/python3.12/site-packages/airflow/example_dags/example_branch_python_dop_operator_3.py
[2025-06-20T16:07:00.670+0000] {processor.py:840} INFO - DAG(s) 'example_branch_dop_operator_v3' retrieved from /home/airflow/.local/lib/python3.12/site-packages/airflow/example_dags/example_branch_python_dop_operator_3.py
[2025-06-20T16:07:00.689+0000] {logging_mixin.py:188} INFO - [2025-06-20T16:07:00.689+0000] {dag.py:3096} INFO - Sync 1 DAGs
[2025-06-20T16:07:00.712+0000] {logging_mixin.py:188} INFO - [2025-06-20T16:07:00.712+0000] {dag.py:3954} INFO - Setting next_dagrun for example_branch_dop_operator_v3 to 2025-06-20 16:06:00+00:00, run_after=2025-06-20 16:07:00+00:00
[2025-06-20T16:07:00.729+0000] {processor.py:183} INFO - Processing /home/airflow/.local/lib/python3.12/site-packages/airflow/example_dags/example_branch_python_dop_operator_3.py took 0.076 seconds
[2025-06-20T16:07:30.968+0000] {processor.py:161} INFO - Started process (PID=934) to work on /home/airflow/.local/lib/python3.12/site-packages/airflow/example_dags/example_branch_python_dop_operator_3.py
[2025-06-20T16:07:30.969+0000] {processor.py:830} INFO - Processing file /home/airflow/.local/lib/python3.12/site-packages/airflow/example_dags/example_branch_python_dop_operator_3.py for tasks to queue
[2025-06-20T16:07:30.971+0000] {logging_mixin.py:188} INFO - [2025-06-20T16:07:30.971+0000] {dagbag.py:540} INFO - Filling up the DagBag from /home/airflow/.local/lib/python3.12/site-packages/airflow/example_dags/example_branch_python_dop_operator_3.py
[2025-06-20T16:07:30.979+0000] {processor.py:840} INFO - DAG(s) 'example_branch_dop_operator_v3' retrieved from /home/airflow/.local/lib/python3.12/site-packages/airflow/example_dags/example_branch_python_dop_operator_3.py
[2025-06-20T16:07:30.998+0000] {logging_mixin.py:188} INFO - [2025-06-20T16:07:30.998+0000] {dag.py:3096} INFO - Sync 1 DAGs
[2025-06-20T16:07:31.021+0000] {logging_mixin.py:188} INFO - [2025-06-20T16:07:31.021+0000] {dag.py:3954} INFO - Setting next_dagrun for example_branch_dop_operator_v3 to 2025-06-20 16:06:00+00:00, run_after=2025-06-20 16:07:00+00:00
[2025-06-20T16:07:31.036+0000] {processor.py:183} INFO - Processing /home/airflow/.local/lib/python3.12/site-packages/airflow/example_dags/example_branch_python_dop_operator_3.py took 0.075 seconds
[2025-06-20T16:08:01.248+0000] {processor.py:161} INFO - Started process (PID=993) to work on /home/airflow/.local/lib/python3.12/site-packages/airflow/example_dags/example_branch_python_dop_operator_3.py
[2025-06-20T16:08:01.249+0000] {processor.py:830} INFO - Processing file /home/airflow/.local/lib/python3.12/site-packages/airflow/example_dags/example_branch_python_dop_operator_3.py for tasks to queue
[2025-06-20T16:08:01.251+0000] {logging_mixin.py:188} INFO - [2025-06-20T16:08:01.250+0000] {dagbag.py:540} INFO - Filling up the DagBag from /home/airflow/.local/lib/python3.12/site-packages/airflow/example_dags/example_branch_python_dop_operator_3.py
[2025-06-20T16:08:01.259+0000] {processor.py:840} INFO - DAG(s) 'example_branch_dop_operator_v3' retrieved from /home/airflow/.local/lib/python3.12/site-packages/airflow/example_dags/example_branch_python_dop_operator_3.py
[2025-06-20T16:08:01.278+0000] {logging_mixin.py:188} INFO - [2025-06-20T16:08:01.278+0000] {dag.py:3096} INFO - Sync 1 DAGs
[2025-06-20T16:08:01.301+0000] {logging_mixin.py:188} INFO - [2025-06-20T16:08:01.300+0000] {dag.py:3954} INFO - Setting next_dagrun for example_branch_dop_operator_v3 to 2025-06-20 16:07:00+00:00, run_after=2025-06-20 16:08:00+00:00
[2025-06-20T16:08:01.316+0000] {processor.py:183} INFO - Processing /home/airflow/.local/lib/python3.12/site-packages/airflow/example_dags/example_branch_python_dop_operator_3.py took 0.074 seconds
[2025-06-20T16:08:31.603+0000] {processor.py:161} INFO - Started process (PID=1052) to work on /home/airflow/.local/lib/python3.12/site-packages/airflow/example_dags/example_branch_python_dop_operator_3.py
[2025-06-20T16:08:31.604+0000] {processor.py:830} INFO - Processing file /home/airflow/.local/lib/python3.12/site-packages/airflow/example_dags/example_branch_python_dop_operator_3.py for tasks to queue
[2025-06-20T16:08:31.606+0000] {logging_mixin.py:188} INFO - [2025-06-20T16:08:31.605+0000] {dagbag.py:540} INFO - Filling up the DagBag from /home/airflow/.local/lib/python3.12/site-packages/airflow/example_dags/example_branch_python_dop_operator_3.py
[2025-06-20T16:08:31.614+0000] {processor.py:840} INFO - DAG(s) 'example_branch_dop_operator_v3' retrieved from /home/airflow/.local/lib/python3.12/site-packages/airflow/example_dags/example_branch_python_dop_operator_3.py
[2025-06-20T16:08:31.633+0000] {logging_mixin.py:188} INFO - [2025-06-20T16:08:31.633+0000] {dag.py:3096} INFO - Sync 1 DAGs
[2025-06-20T16:08:31.656+0000] {logging_mixin.py:188} INFO - [2025-06-20T16:08:31.656+0000] {dag.py:3954} INFO - Setting next_dagrun for example_branch_dop_operator_v3 to 2025-06-20 16:07:00+00:00, run_after=2025-06-20 16:08:00+00:00
[2025-06-20T16:08:31.671+0000] {processor.py:183} INFO - Processing /home/airflow/.local/lib/python3.12/site-packages/airflow/example_dags/example_branch_python_dop_operator_3.py took 0.074 seconds
[2025-06-20T16:09:01.924+0000] {processor.py:161} INFO - Started process (PID=1112) to work on /home/airflow/.local/lib/python3.12/site-packages/airflow/example_dags/example_branch_python_dop_operator_3.py
[2025-06-20T16:09:01.925+0000] {processor.py:830} INFO - Processing file /home/airflow/.local/lib/python3.12/site-packages/airflow/example_dags/example_branch_python_dop_operator_3.py for tasks to queue
[2025-06-20T16:09:01.927+0000] {logging_mixin.py:188} INFO - [2025-06-20T16:09:01.927+0000] {dagbag.py:540} INFO - Filling up the DagBag from /home/airflow/.local/lib/python3.12/site-packages/airflow/example_dags/example_branch_python_dop_operator_3.py
[2025-06-20T16:09:01.935+0000] {processor.py:840} INFO - DAG(s) 'example_branch_dop_operator_v3' retrieved from /home/airflow/.local/lib/python3.12/site-packages/airflow/example_dags/example_branch_python_dop_operator_3.py
[2025-06-20T16:09:01.956+0000] {logging_mixin.py:188} INFO - [2025-06-20T16:09:01.956+0000] {dag.py:3096} INFO - Sync 1 DAGs
[2025-06-20T16:09:01.981+0000] {logging_mixin.py:188} INFO - [2025-06-20T16:09:01.980+0000] {dag.py:3954} INFO - Setting next_dagrun for example_branch_dop_operator_v3 to 2025-06-20 16:08:00+00:00, run_after=2025-06-20 16:09:00+00:00
[2025-06-20T16:09:01.997+0000] {processor.py:183} INFO - Processing /home/airflow/.local/lib/python3.12/site-packages/airflow/example_dags/example_branch_python_dop_operator_3.py took 0.079 seconds
[2025-06-20T16:09:32.312+0000] {processor.py:161} INFO - Started process (PID=1171) to work on /home/airflow/.local/lib/python3.12/site-packages/airflow/example_dags/example_branch_python_dop_operator_3.py
[2025-06-20T16:09:32.313+0000] {processor.py:830} INFO - Processing file /home/airflow/.local/lib/python3.12/site-packages/airflow/example_dags/example_branch_python_dop_operator_3.py for tasks to queue
[2025-06-20T16:09:32.315+0000] {logging_mixin.py:188} INFO - [2025-06-20T16:09:32.315+0000] {dagbag.py:540} INFO - Filling up the DagBag from /home/airflow/.local/lib/python3.12/site-packages/airflow/example_dags/example_branch_python_dop_operator_3.py
[2025-06-20T16:09:32.323+0000] {processor.py:840} INFO - DAG(s) 'example_branch_dop_operator_v3' retrieved from /home/airflow/.local/lib/python3.12/site-packages/airflow/example_dags/example_branch_python_dop_operator_3.py
[2025-06-20T16:09:32.342+0000] {logging_mixin.py:188} INFO - [2025-06-20T16:09:32.342+0000] {dag.py:3096} INFO - Sync 1 DAGs
[2025-06-20T16:09:32.366+0000] {logging_mixin.py:188} INFO - [2025-06-20T16:09:32.365+0000] {dag.py:3954} INFO - Setting next_dagrun for example_branch_dop_operator_v3 to 2025-06-20 16:08:00+00:00, run_after=2025-06-20 16:09:00+00:00
[2025-06-20T16:09:32.381+0000] {processor.py:183} INFO - Processing /home/airflow/.local/lib/python3.12/site-packages/airflow/example_dags/example_branch_python_dop_operator_3.py took 0.075 seconds
[2025-06-20T16:10:02.755+0000] {processor.py:161} INFO - Started process (PID=1230) to work on /home/airflow/.local/lib/python3.12/site-packages/airflow/example_dags/example_branch_python_dop_operator_3.py
[2025-06-20T16:10:02.756+0000] {processor.py:830} INFO - Processing file /home/airflow/.local/lib/python3.12/site-packages/airflow/example_dags/example_branch_python_dop_operator_3.py for tasks to queue
[2025-06-20T16:10:02.758+0000] {logging_mixin.py:188} INFO - [2025-06-20T16:10:02.758+0000] {dagbag.py:540} INFO - Filling up the DagBag from /home/airflow/.local/lib/python3.12/site-packages/airflow/example_dags/example_branch_python_dop_operator_3.py
[2025-06-20T16:10:02.767+0000] {processor.py:840} INFO - DAG(s) 'example_branch_dop_operator_v3' retrieved from /home/airflow/.local/lib/python3.12/site-packages/airflow/example_dags/example_branch_python_dop_operator_3.py
[2025-06-20T16:10:02.786+0000] {logging_mixin.py:188} INFO - [2025-06-20T16:10:02.786+0000] {dag.py:3096} INFO - Sync 1 DAGs
[2025-06-20T16:10:02.809+0000] {logging_mixin.py:188} INFO - [2025-06-20T16:10:02.809+0000] {dag.py:3954} INFO - Setting next_dagrun for example_branch_dop_operator_v3 to 2025-06-20 16:09:00+00:00, run_after=2025-06-20 16:10:00+00:00
[2025-06-20T16:10:02.825+0000] {processor.py:183} INFO - Processing /home/airflow/.local/lib/python3.12/site-packages/airflow/example_dags/example_branch_python_dop_operator_3.py took 0.076 seconds
[2025-06-20T16:10:33.039+0000] {processor.py:161} INFO - Started process (PID=1289) to work on /home/airflow/.local/lib/python3.12/site-packages/airflow/example_dags/example_branch_python_dop_operator_3.py
[2025-06-20T16:10:33.040+0000] {processor.py:830} INFO - Processing file /home/airflow/.local/lib/python3.12/site-packages/airflow/example_dags/example_branch_python_dop_operator_3.py for tasks to queue
[2025-06-20T16:10:33.042+0000] {logging_mixin.py:188} INFO - [2025-06-20T16:10:33.042+0000] {dagbag.py:540} INFO - Filling up the DagBag from /home/airflow/.local/lib/python3.12/site-packages/airflow/example_dags/example_branch_python_dop_operator_3.py
[2025-06-20T16:10:33.051+0000] {processor.py:840} INFO - DAG(s) 'example_branch_dop_operator_v3' retrieved from /home/airflow/.local/lib/python3.12/site-packages/airflow/example_dags/example_branch_python_dop_operator_3.py
[2025-06-20T16:10:33.072+0000] {logging_mixin.py:188} INFO - [2025-06-20T16:10:33.071+0000] {dag.py:3096} INFO - Sync 1 DAGs
[2025-06-20T16:10:33.094+0000] {logging_mixin.py:188} INFO - [2025-06-20T16:10:33.094+0000] {dag.py:3954} INFO - Setting next_dagrun for example_branch_dop_operator_v3 to 2025-06-20 16:09:00+00:00, run_after=2025-06-20 16:10:00+00:00
[2025-06-20T16:10:33.112+0000] {processor.py:183} INFO - Processing /home/airflow/.local/lib/python3.12/site-packages/airflow/example_dags/example_branch_python_dop_operator_3.py took 0.078 seconds
[2025-06-20T16:11:03.593+0000] {processor.py:161} INFO - Started process (PID=1348) to work on /home/airflow/.local/lib/python3.12/site-packages/airflow/example_dags/example_branch_python_dop_operator_3.py
[2025-06-20T16:11:03.594+0000] {processor.py:830} INFO - Processing file /home/airflow/.local/lib/python3.12/site-packages/airflow/example_dags/example_branch_python_dop_operator_3.py for tasks to queue
[2025-06-20T16:11:03.596+0000] {logging_mixin.py:188} INFO - [2025-06-20T16:11:03.596+0000] {dagbag.py:540} INFO - Filling up the DagBag from /home/airflow/.local/lib/python3.12/site-packages/airflow/example_dags/example_branch_python_dop_operator_3.py
[2025-06-20T16:11:03.606+0000] {processor.py:840} INFO - DAG(s) 'example_branch_dop_operator_v3' retrieved from /home/airflow/.local/lib/python3.12/site-packages/airflow/example_dags/example_branch_python_dop_operator_3.py
[2025-06-20T16:11:03.626+0000] {logging_mixin.py:188} INFO - [2025-06-20T16:11:03.626+0000] {dag.py:3096} INFO - Sync 1 DAGs
[2025-06-20T16:11:03.650+0000] {logging_mixin.py:188} INFO - [2025-06-20T16:11:03.650+0000] {dag.py:3954} INFO - Setting next_dagrun for example_branch_dop_operator_v3 to 2025-06-20 16:10:00+00:00, run_after=2025-06-20 16:11:00+00:00
[2025-06-20T16:11:03.666+0000] {processor.py:183} INFO - Processing /home/airflow/.local/lib/python3.12/site-packages/airflow/example_dags/example_branch_python_dop_operator_3.py took 0.079 seconds
[2025-06-20T16:11:33.857+0000] {processor.py:161} INFO - Started process (PID=1407) to work on /home/airflow/.local/lib/python3.12/site-packages/airflow/example_dags/example_branch_python_dop_operator_3.py
[2025-06-20T16:11:33.858+0000] {processor.py:830} INFO - Processing file /home/airflow/.local/lib/python3.12/site-packages/airflow/example_dags/example_branch_python_dop_operator_3.py for tasks to queue
[2025-06-20T16:11:33.860+0000] {logging_mixin.py:188} INFO - [2025-06-20T16:11:33.859+0000] {dagbag.py:540} INFO - Filling up the DagBag from /home/airflow/.local/lib/python3.12/site-packages/airflow/example_dags/example_branch_python_dop_operator_3.py
[2025-06-20T16:11:33.868+0000] {processor.py:840} INFO - DAG(s) 'example_branch_dop_operator_v3' retrieved from /home/airflow/.local/lib/python3.12/site-packages/airflow/example_dags/example_branch_python_dop_operator_3.py
[2025-06-20T16:11:33.887+0000] {logging_mixin.py:188} INFO - [2025-06-20T16:11:33.887+0000] {dag.py:3096} INFO - Sync 1 DAGs
[2025-06-20T16:11:33.909+0000] {logging_mixin.py:188} INFO - [2025-06-20T16:11:33.909+0000] {dag.py:3954} INFO - Setting next_dagrun for example_branch_dop_operator_v3 to 2025-06-20 16:10:00+00:00, run_after=2025-06-20 16:11:00+00:00
[2025-06-20T16:11:33.925+0000] {processor.py:183} INFO - Processing /home/airflow/.local/lib/python3.12/site-packages/airflow/example_dags/example_branch_python_dop_operator_3.py took 0.074 seconds
[2025-06-20T16:12:04.394+0000] {processor.py:161} INFO - Started process (PID=1466) to work on /home/airflow/.local/lib/python3.12/site-packages/airflow/example_dags/example_branch_python_dop_operator_3.py
[2025-06-20T16:12:04.395+0000] {processor.py:830} INFO - Processing file /home/airflow/.local/lib/python3.12/site-packages/airflow/example_dags/example_branch_python_dop_operator_3.py for tasks to queue
[2025-06-20T16:12:04.397+0000] {logging_mixin.py:188} INFO - [2025-06-20T16:12:04.396+0000] {dagbag.py:540} INFO - Filling up the DagBag from /home/airflow/.local/lib/python3.12/site-packages/airflow/example_dags/example_branch_python_dop_operator_3.py
[2025-06-20T16:12:04.405+0000] {processor.py:840} INFO - DAG(s) 'example_branch_dop_operator_v3' retrieved from /home/airflow/.local/lib/python3.12/site-packages/airflow/example_dags/example_branch_python_dop_operator_3.py
[2025-06-20T16:12:04.424+0000] {logging_mixin.py:188} INFO - [2025-06-20T16:12:04.424+0000] {dag.py:3096} INFO - Sync 1 DAGs
[2025-06-20T16:12:04.448+0000] {logging_mixin.py:188} INFO - [2025-06-20T16:12:04.447+0000] {dag.py:3954} INFO - Setting next_dagrun for example_branch_dop_operator_v3 to 2025-06-20 16:11:00+00:00, run_after=2025-06-20 16:12:00+00:00
[2025-06-20T16:12:04.463+0000] {processor.py:183} INFO - Processing /home/airflow/.local/lib/python3.12/site-packages/airflow/example_dags/example_branch_python_dop_operator_3.py took 0.075 seconds
[2025-06-20T16:12:34.558+0000] {processor.py:161} INFO - Started process (PID=1525) to work on /home/airflow/.local/lib/python3.12/site-packages/airflow/example_dags/example_branch_python_dop_operator_3.py
[2025-06-20T16:12:34.559+0000] {processor.py:830} INFO - Processing file /home/airflow/.local/lib/python3.12/site-packages/airflow/example_dags/example_branch_python_dop_operator_3.py for tasks to queue
[2025-06-20T16:12:34.561+0000] {logging_mixin.py:188} INFO - [2025-06-20T16:12:34.561+0000] {dagbag.py:540} INFO - Filling up the DagBag from /home/airflow/.local/lib/python3.12/site-packages/airflow/example_dags/example_branch_python_dop_operator_3.py
[2025-06-20T16:12:34.570+0000] {processor.py:840} INFO - DAG(s) 'example_branch_dop_operator_v3' retrieved from /home/airflow/.local/lib/python3.12/site-packages/airflow/example_dags/example_branch_python_dop_operator_3.py
[2025-06-20T16:12:34.589+0000] {logging_mixin.py:188} INFO - [2025-06-20T16:12:34.589+0000] {dag.py:3096} INFO - Sync 1 DAGs
[2025-06-20T16:12:34.612+0000] {logging_mixin.py:188} INFO - [2025-06-20T16:12:34.612+0000] {dag.py:3954} INFO - Setting next_dagrun for example_branch_dop_operator_v3 to 2025-06-20 16:11:00+00:00, run_after=2025-06-20 16:12:00+00:00
[2025-06-20T16:12:34.628+0000] {processor.py:183} INFO - Processing /home/airflow/.local/lib/python3.12/site-packages/airflow/example_dags/example_branch_python_dop_operator_3.py took 0.076 seconds
[2025-06-20T16:13:05.579+0000] {processor.py:161} INFO - Started process (PID=1584) to work on /home/airflow/.local/lib/python3.12/site-packages/airflow/example_dags/example_branch_python_dop_operator_3.py
[2025-06-20T16:13:05.580+0000] {processor.py:830} INFO - Processing file /home/airflow/.local/lib/python3.12/site-packages/airflow/example_dags/example_branch_python_dop_operator_3.py for tasks to queue
[2025-06-20T16:13:05.582+0000] {logging_mixin.py:188} INFO - [2025-06-20T16:13:05.581+0000] {dagbag.py:540} INFO - Filling up the DagBag from /home/airflow/.local/lib/python3.12/site-packages/airflow/example_dags/example_branch_python_dop_operator_3.py
[2025-06-20T16:13:05.590+0000] {processor.py:840} INFO - DAG(s) 'example_branch_dop_operator_v3' retrieved from /home/airflow/.local/lib/python3.12/site-packages/airflow/example_dags/example_branch_python_dop_operator_3.py
[2025-06-20T16:13:05.609+0000] {logging_mixin.py:188} INFO - [2025-06-20T16:13:05.609+0000] {dag.py:3096} INFO - Sync 1 DAGs
[2025-06-20T16:13:05.632+0000] {logging_mixin.py:188} INFO - [2025-06-20T16:13:05.632+0000] {dag.py:3954} INFO - Setting next_dagrun for example_branch_dop_operator_v3 to 2025-06-20 16:12:00+00:00, run_after=2025-06-20 16:13:00+00:00
[2025-06-20T16:13:05.647+0000] {processor.py:183} INFO - Processing /home/airflow/.local/lib/python3.12/site-packages/airflow/example_dags/example_branch_python_dop_operator_3.py took 0.075 seconds
[2025-06-20T16:13:35.965+0000] {processor.py:161} INFO - Started process (PID=1643) to work on /home/airflow/.local/lib/python3.12/site-packages/airflow/example_dags/example_branch_python_dop_operator_3.py
[2025-06-20T16:13:35.966+0000] {processor.py:830} INFO - Processing file /home/airflow/.local/lib/python3.12/site-packages/airflow/example_dags/example_branch_python_dop_operator_3.py for tasks to queue
[2025-06-20T16:13:35.968+0000] {logging_mixin.py:188} INFO - [2025-06-20T16:13:35.968+0000] {dagbag.py:540} INFO - Filling up the DagBag from /home/airflow/.local/lib/python3.12/site-packages/airflow/example_dags/example_branch_python_dop_operator_3.py
[2025-06-20T16:13:35.976+0000] {processor.py:840} INFO - DAG(s) 'example_branch_dop_operator_v3' retrieved from /home/airflow/.local/lib/python3.12/site-packages/airflow/example_dags/example_branch_python_dop_operator_3.py
[2025-06-20T16:13:35.995+0000] {logging_mixin.py:188} INFO - [2025-06-20T16:13:35.995+0000] {dag.py:3096} INFO - Sync 1 DAGs
[2025-06-20T16:13:36.018+0000] {logging_mixin.py:188} INFO - [2025-06-20T16:13:36.018+0000] {dag.py:3954} INFO - Setting next_dagrun for example_branch_dop_operator_v3 to 2025-06-20 16:12:00+00:00, run_after=2025-06-20 16:13:00+00:00
[2025-06-20T16:13:36.033+0000] {processor.py:183} INFO - Processing /home/airflow/.local/lib/python3.12/site-packages/airflow/example_dags/example_branch_python_dop_operator_3.py took 0.074 seconds
[2025-06-20T16:14:06.233+0000] {processor.py:161} INFO - Started process (PID=1702) to work on /home/airflow/.local/lib/python3.12/site-packages/airflow/example_dags/example_branch_python_dop_operator_3.py
[2025-06-20T16:14:06.234+0000] {processor.py:830} INFO - Processing file /home/airflow/.local/lib/python3.12/site-packages/airflow/example_dags/example_branch_python_dop_operator_3.py for tasks to queue
[2025-06-20T16:14:06.236+0000] {logging_mixin.py:188} INFO - [2025-06-20T16:14:06.235+0000] {dagbag.py:540} INFO - Filling up the DagBag from /home/airflow/.local/lib/python3.12/site-packages/airflow/example_dags/example_branch_python_dop_operator_3.py
[2025-06-20T16:14:06.244+0000] {processor.py:840} INFO - DAG(s) 'example_branch_dop_operator_v3' retrieved from /home/airflow/.local/lib/python3.12/site-packages/airflow/example_dags/example_branch_python_dop_operator_3.py
[2025-06-20T16:14:06.263+0000] {logging_mixin.py:188} INFO - [2025-06-20T16:14:06.263+0000] {dag.py:3096} INFO - Sync 1 DAGs
[2025-06-20T16:14:06.286+0000] {logging_mixin.py:188} INFO - [2025-06-20T16:14:06.286+0000] {dag.py:3954} INFO - Setting next_dagrun for example_branch_dop_operator_v3 to 2025-06-20 16:13:00+00:00, run_after=2025-06-20 16:14:00+00:00
[2025-06-20T16:14:06.302+0000] {processor.py:183} INFO - Processing /home/airflow/.local/lib/python3.12/site-packages/airflow/example_dags/example_branch_python_dop_operator_3.py took 0.076 seconds
[2025-06-20T16:14:36.539+0000] {processor.py:161} INFO - Started process (PID=1760) to work on /home/airflow/.local/lib/python3.12/site-packages/airflow/example_dags/example_branch_python_dop_operator_3.py
[2025-06-20T16:14:36.540+0000] {processor.py:830} INFO - Processing file /home/airflow/.local/lib/python3.12/site-packages/airflow/example_dags/example_branch_python_dop_operator_3.py for tasks to queue
[2025-06-20T16:14:36.542+0000] {logging_mixin.py:188} INFO - [2025-06-20T16:14:36.541+0000] {dagbag.py:540} INFO - Filling up the DagBag from /home/airflow/.local/lib/python3.12/site-packages/airflow/example_dags/example_branch_python_dop_operator_3.py
[2025-06-20T16:14:36.550+0000] {processor.py:840} INFO - DAG(s) 'example_branch_dop_operator_v3' retrieved from /home/airflow/.local/lib/python3.12/site-packages/airflow/example_dags/example_branch_python_dop_operator_3.py
[2025-06-20T16:14:36.570+0000] {logging_mixin.py:188} INFO - [2025-06-20T16:14:36.570+0000] {dag.py:3096} INFO - Sync 1 DAGs
[2025-06-20T16:14:36.593+0000] {logging_mixin.py:188} INFO - [2025-06-20T16:14:36.593+0000] {dag.py:3954} INFO - Setting next_dagrun for example_branch_dop_operator_v3 to 2025-06-20 16:13:00+00:00, run_after=2025-06-20 16:14:00+00:00
[2025-06-20T16:14:36.609+0000] {processor.py:183} INFO - Processing /home/airflow/.local/lib/python3.12/site-packages/airflow/example_dags/example_branch_python_dop_operator_3.py took 0.076 seconds
[2025-06-20T16:15:06.889+0000] {processor.py:161} INFO - Started process (PID=1819) to work on /home/airflow/.local/lib/python3.12/site-packages/airflow/example_dags/example_branch_python_dop_operator_3.py
[2025-06-20T16:15:06.890+0000] {processor.py:830} INFO - Processing file /home/airflow/.local/lib/python3.12/site-packages/airflow/example_dags/example_branch_python_dop_operator_3.py for tasks to queue
[2025-06-20T16:15:06.892+0000] {logging_mixin.py:188} INFO - [2025-06-20T16:15:06.891+0000] {dagbag.py:540} INFO - Filling up the DagBag from /home/airflow/.local/lib/python3.12/site-packages/airflow/example_dags/example_branch_python_dop_operator_3.py
[2025-06-20T16:15:06.900+0000] {processor.py:840} INFO - DAG(s) 'example_branch_dop_operator_v3' retrieved from /home/airflow/.local/lib/python3.12/site-packages/airflow/example_dags/example_branch_python_dop_operator_3.py
[2025-06-20T16:15:06.919+0000] {logging_mixin.py:188} INFO - [2025-06-20T16:15:06.919+0000] {dag.py:3096} INFO - Sync 1 DAGs
[2025-06-20T16:15:06.942+0000] {logging_mixin.py:188} INFO - [2025-06-20T16:15:06.942+0000] {dag.py:3954} INFO - Setting next_dagrun for example_branch_dop_operator_v3 to 2025-06-20 16:14:00+00:00, run_after=2025-06-20 16:15:00+00:00
[2025-06-20T16:15:06.958+0000] {processor.py:183} INFO - Processing /home/airflow/.local/lib/python3.12/site-packages/airflow/example_dags/example_branch_python_dop_operator_3.py took 0.075 seconds
[2025-06-20T16:15:37.089+0000] {processor.py:161} INFO - Started process (PID=1878) to work on /home/airflow/.local/lib/python3.12/site-packages/airflow/example_dags/example_branch_python_dop_operator_3.py
[2025-06-20T16:15:37.090+0000] {processor.py:830} INFO - Processing file /home/airflow/.local/lib/python3.12/site-packages/airflow/example_dags/example_branch_python_dop_operator_3.py for tasks to queue
[2025-06-20T16:15:37.092+0000] {logging_mixin.py:188} INFO - [2025-06-20T16:15:37.091+0000] {dagbag.py:540} INFO - Filling up the DagBag from /home/airflow/.local/lib/python3.12/site-packages/airflow/example_dags/example_branch_python_dop_operator_3.py
[2025-06-20T16:15:37.100+0000] {processor.py:840} INFO - DAG(s) 'example_branch_dop_operator_v3' retrieved from /home/airflow/.local/lib/python3.12/site-packages/airflow/example_dags/example_branch_python_dop_operator_3.py
[2025-06-20T16:15:37.119+0000] {logging_mixin.py:188} INFO - [2025-06-20T16:15:37.119+0000] {dag.py:3096} INFO - Sync 1 DAGs
[2025-06-20T16:15:37.142+0000] {logging_mixin.py:188} INFO - [2025-06-20T16:15:37.142+0000] {dag.py:3954} INFO - Setting next_dagrun for example_branch_dop_operator_v3 to 2025-06-20 16:14:00+00:00, run_after=2025-06-20 16:15:00+00:00
[2025-06-20T16:15:37.157+0000] {processor.py:183} INFO - Processing /home/airflow/.local/lib/python3.12/site-packages/airflow/example_dags/example_branch_python_dop_operator_3.py took 0.074 seconds
[2025-06-20T16:16:07.856+0000] {processor.py:161} INFO - Started process (PID=1937) to work on /home/airflow/.local/lib/python3.12/site-packages/airflow/example_dags/example_branch_python_dop_operator_3.py
[2025-06-20T16:16:07.856+0000] {processor.py:830} INFO - Processing file /home/airflow/.local/lib/python3.12/site-packages/airflow/example_dags/example_branch_python_dop_operator_3.py for tasks to queue
[2025-06-20T16:16:07.858+0000] {logging_mixin.py:188} INFO - [2025-06-20T16:16:07.858+0000] {dagbag.py:540} INFO - Filling up the DagBag from /home/airflow/.local/lib/python3.12/site-packages/airflow/example_dags/example_branch_python_dop_operator_3.py
[2025-06-20T16:16:07.867+0000] {processor.py:840} INFO - DAG(s) 'example_branch_dop_operator_v3' retrieved from /home/airflow/.local/lib/python3.12/site-packages/airflow/example_dags/example_branch_python_dop_operator_3.py
[2025-06-20T16:16:07.886+0000] {logging_mixin.py:188} INFO - [2025-06-20T16:16:07.886+0000] {dag.py:3096} INFO - Sync 1 DAGs
[2025-06-20T16:16:07.908+0000] {logging_mixin.py:188} INFO - [2025-06-20T16:16:07.908+0000] {dag.py:3954} INFO - Setting next_dagrun for example_branch_dop_operator_v3 to 2025-06-20 16:15:00+00:00, run_after=2025-06-20 16:16:00+00:00
[2025-06-20T16:16:07.923+0000] {processor.py:183} INFO - Processing /home/airflow/.local/lib/python3.12/site-packages/airflow/example_dags/example_branch_python_dop_operator_3.py took 0.074 seconds
[2025-06-20T16:16:38.200+0000] {processor.py:161} INFO - Started process (PID=1996) to work on /home/airflow/.local/lib/python3.12/site-packages/airflow/example_dags/example_branch_python_dop_operator_3.py
[2025-06-20T16:16:38.201+0000] {processor.py:830} INFO - Processing file /home/airflow/.local/lib/python3.12/site-packages/airflow/example_dags/example_branch_python_dop_operator_3.py for tasks to queue
[2025-06-20T16:16:38.202+0000] {logging_mixin.py:188} INFO - [2025-06-20T16:16:38.202+0000] {dagbag.py:540} INFO - Filling up the DagBag from /home/airflow/.local/lib/python3.12/site-packages/airflow/example_dags/example_branch_python_dop_operator_3.py
[2025-06-20T16:16:38.211+0000] {processor.py:840} INFO - DAG(s) 'example_branch_dop_operator_v3' retrieved from /home/airflow/.local/lib/python3.12/site-packages/airflow/example_dags/example_branch_python_dop_operator_3.py
[2025-06-20T16:16:38.230+0000] {logging_mixin.py:188} INFO - [2025-06-20T16:16:38.230+0000] {dag.py:3096} INFO - Sync 1 DAGs
[2025-06-20T16:16:38.253+0000] {logging_mixin.py:188} INFO - [2025-06-20T16:16:38.253+0000] {dag.py:3954} INFO - Setting next_dagrun for example_branch_dop_operator_v3 to 2025-06-20 16:15:00+00:00, run_after=2025-06-20 16:16:00+00:00
[2025-06-20T16:16:38.268+0000] {processor.py:183} INFO - Processing /home/airflow/.local/lib/python3.12/site-packages/airflow/example_dags/example_branch_python_dop_operator_3.py took 0.075 seconds
[2025-06-20T16:17:08.608+0000] {processor.py:161} INFO - Started process (PID=2056) to work on /home/airflow/.local/lib/python3.12/site-packages/airflow/example_dags/example_branch_python_dop_operator_3.py
[2025-06-20T16:17:08.609+0000] {processor.py:830} INFO - Processing file /home/airflow/.local/lib/python3.12/site-packages/airflow/example_dags/example_branch_python_dop_operator_3.py for tasks to queue
[2025-06-20T16:17:08.611+0000] {logging_mixin.py:188} INFO - [2025-06-20T16:17:08.611+0000] {dagbag.py:540} INFO - Filling up the DagBag from /home/airflow/.local/lib/python3.12/site-packages/airflow/example_dags/example_branch_python_dop_operator_3.py
[2025-06-20T16:17:08.620+0000] {processor.py:840} INFO - DAG(s) 'example_branch_dop_operator_v3' retrieved from /home/airflow/.local/lib/python3.12/site-packages/airflow/example_dags/example_branch_python_dop_operator_3.py
[2025-06-20T16:17:08.641+0000] {logging_mixin.py:188} INFO - [2025-06-20T16:17:08.641+0000] {dag.py:3096} INFO - Sync 1 DAGs
[2025-06-20T16:17:08.673+0000] {logging_mixin.py:188} INFO - [2025-06-20T16:17:08.673+0000] {dag.py:3954} INFO - Setting next_dagrun for example_branch_dop_operator_v3 to 2025-06-20 16:16:00+00:00, run_after=2025-06-20 16:17:00+00:00
[2025-06-20T16:17:08.694+0000] {processor.py:183} INFO - Processing /home/airflow/.local/lib/python3.12/site-packages/airflow/example_dags/example_branch_python_dop_operator_3.py took 0.092 seconds
[2025-06-20T16:17:38.756+0000] {processor.py:161} INFO - Started process (PID=2114) to work on /home/airflow/.local/lib/python3.12/site-packages/airflow/example_dags/example_branch_python_dop_operator_3.py
[2025-06-20T16:17:38.757+0000] {processor.py:830} INFO - Processing file /home/airflow/.local/lib/python3.12/site-packages/airflow/example_dags/example_branch_python_dop_operator_3.py for tasks to queue
[2025-06-20T16:17:38.759+0000] {logging_mixin.py:188} INFO - [2025-06-20T16:17:38.758+0000] {dagbag.py:540} INFO - Filling up the DagBag from /home/airflow/.local/lib/python3.12/site-packages/airflow/example_dags/example_branch_python_dop_operator_3.py
[2025-06-20T16:17:38.768+0000] {processor.py:840} INFO - DAG(s) 'example_branch_dop_operator_v3' retrieved from /home/airflow/.local/lib/python3.12/site-packages/airflow/example_dags/example_branch_python_dop_operator_3.py
[2025-06-20T16:17:38.788+0000] {logging_mixin.py:188} INFO - [2025-06-20T16:17:38.788+0000] {dag.py:3096} INFO - Sync 1 DAGs
[2025-06-20T16:17:38.813+0000] {logging_mixin.py:188} INFO - [2025-06-20T16:17:38.813+0000] {dag.py:3954} INFO - Setting next_dagrun for example_branch_dop_operator_v3 to 2025-06-20 16:16:00+00:00, run_after=2025-06-20 16:17:00+00:00
[2025-06-20T16:17:38.831+0000] {processor.py:183} INFO - Processing /home/airflow/.local/lib/python3.12/site-packages/airflow/example_dags/example_branch_python_dop_operator_3.py took 0.082 seconds
[2025-06-20T16:18:08.875+0000] {processor.py:161} INFO - Started process (PID=2173) to work on /home/airflow/.local/lib/python3.12/site-packages/airflow/example_dags/example_branch_python_dop_operator_3.py
[2025-06-20T16:18:08.876+0000] {processor.py:830} INFO - Processing file /home/airflow/.local/lib/python3.12/site-packages/airflow/example_dags/example_branch_python_dop_operator_3.py for tasks to queue
[2025-06-20T16:18:08.878+0000] {logging_mixin.py:188} INFO - [2025-06-20T16:18:08.877+0000] {dagbag.py:540} INFO - Filling up the DagBag from /home/airflow/.local/lib/python3.12/site-packages/airflow/example_dags/example_branch_python_dop_operator_3.py
[2025-06-20T16:18:08.887+0000] {processor.py:840} INFO - DAG(s) 'example_branch_dop_operator_v3' retrieved from /home/airflow/.local/lib/python3.12/site-packages/airflow/example_dags/example_branch_python_dop_operator_3.py
[2025-06-20T16:18:08.908+0000] {logging_mixin.py:188} INFO - [2025-06-20T16:18:08.908+0000] {dag.py:3096} INFO - Sync 1 DAGs
[2025-06-20T16:18:08.932+0000] {logging_mixin.py:188} INFO - [2025-06-20T16:18:08.932+0000] {dag.py:3954} INFO - Setting next_dagrun for example_branch_dop_operator_v3 to 2025-06-20 16:17:00+00:00, run_after=2025-06-20 16:18:00+00:00
[2025-06-20T16:18:08.948+0000] {processor.py:183} INFO - Processing /home/airflow/.local/lib/python3.12/site-packages/airflow/example_dags/example_branch_python_dop_operator_3.py took 0.080 seconds
[2025-06-20T16:18:39.681+0000] {processor.py:161} INFO - Started process (PID=2233) to work on /home/airflow/.local/lib/python3.12/site-packages/airflow/example_dags/example_branch_python_dop_operator_3.py
[2025-06-20T16:18:39.682+0000] {processor.py:830} INFO - Processing file /home/airflow/.local/lib/python3.12/site-packages/airflow/example_dags/example_branch_python_dop_operator_3.py for tasks to queue
[2025-06-20T16:18:39.684+0000] {logging_mixin.py:188} INFO - [2025-06-20T16:18:39.684+0000] {dagbag.py:540} INFO - Filling up the DagBag from /home/airflow/.local/lib/python3.12/site-packages/airflow/example_dags/example_branch_python_dop_operator_3.py
[2025-06-20T16:18:39.693+0000] {processor.py:840} INFO - DAG(s) 'example_branch_dop_operator_v3' retrieved from /home/airflow/.local/lib/python3.12/site-packages/airflow/example_dags/example_branch_python_dop_operator_3.py
[2025-06-20T16:18:39.714+0000] {logging_mixin.py:188} INFO - [2025-06-20T16:18:39.713+0000] {dag.py:3096} INFO - Sync 1 DAGs
[2025-06-20T16:18:39.738+0000] {logging_mixin.py:188} INFO - [2025-06-20T16:18:39.737+0000] {dag.py:3954} INFO - Setting next_dagrun for example_branch_dop_operator_v3 to 2025-06-20 16:17:00+00:00, run_after=2025-06-20 16:18:00+00:00
[2025-06-20T16:18:39.880+0000] {processor.py:183} INFO - Processing /home/airflow/.local/lib/python3.12/site-packages/airflow/example_dags/example_branch_python_dop_operator_3.py took 0.205 seconds
[2025-06-20T16:19:10.068+0000] {processor.py:161} INFO - Started process (PID=2292) to work on /home/airflow/.local/lib/python3.12/site-packages/airflow/example_dags/example_branch_python_dop_operator_3.py
[2025-06-20T16:19:10.069+0000] {processor.py:830} INFO - Processing file /home/airflow/.local/lib/python3.12/site-packages/airflow/example_dags/example_branch_python_dop_operator_3.py for tasks to queue
[2025-06-20T16:19:10.071+0000] {logging_mixin.py:188} INFO - [2025-06-20T16:19:10.071+0000] {dagbag.py:540} INFO - Filling up the DagBag from /home/airflow/.local/lib/python3.12/site-packages/airflow/example_dags/example_branch_python_dop_operator_3.py
[2025-06-20T16:19:10.080+0000] {processor.py:840} INFO - DAG(s) 'example_branch_dop_operator_v3' retrieved from /home/airflow/.local/lib/python3.12/site-packages/airflow/example_dags/example_branch_python_dop_operator_3.py
[2025-06-20T16:19:10.099+0000] {logging_mixin.py:188} INFO - [2025-06-20T16:19:10.099+0000] {dag.py:3096} INFO - Sync 1 DAGs
[2025-06-20T16:19:10.122+0000] {logging_mixin.py:188} INFO - [2025-06-20T16:19:10.121+0000] {dag.py:3954} INFO - Setting next_dagrun for example_branch_dop_operator_v3 to 2025-06-20 16:18:00+00:00, run_after=2025-06-20 16:19:00+00:00
[2025-06-20T16:19:10.141+0000] {processor.py:183} INFO - Processing /home/airflow/.local/lib/python3.12/site-packages/airflow/example_dags/example_branch_python_dop_operator_3.py took 0.078 seconds
[2025-06-20T16:19:40.714+0000] {processor.py:161} INFO - Started process (PID=2349) to work on /home/airflow/.local/lib/python3.12/site-packages/airflow/example_dags/example_branch_python_dop_operator_3.py
[2025-06-20T16:19:40.715+0000] {processor.py:830} INFO - Processing file /home/airflow/.local/lib/python3.12/site-packages/airflow/example_dags/example_branch_python_dop_operator_3.py for tasks to queue
[2025-06-20T16:19:40.717+0000] {logging_mixin.py:188} INFO - [2025-06-20T16:19:40.717+0000] {dagbag.py:540} INFO - Filling up the DagBag from /home/airflow/.local/lib/python3.12/site-packages/airflow/example_dags/example_branch_python_dop_operator_3.py
[2025-06-20T16:19:40.726+0000] {processor.py:840} INFO - DAG(s) 'example_branch_dop_operator_v3' retrieved from /home/airflow/.local/lib/python3.12/site-packages/airflow/example_dags/example_branch_python_dop_operator_3.py
[2025-06-20T16:19:40.748+0000] {logging_mixin.py:188} INFO - [2025-06-20T16:19:40.748+0000] {dag.py:3096} INFO - Sync 1 DAGs
[2025-06-20T16:19:40.773+0000] {logging_mixin.py:188} INFO - [2025-06-20T16:19:40.773+0000] {dag.py:3954} INFO - Setting next_dagrun for example_branch_dop_operator_v3 to 2025-06-20 16:18:00+00:00, run_after=2025-06-20 16:19:00+00:00
[2025-06-20T16:19:40.789+0000] {processor.py:183} INFO - Processing /home/airflow/.local/lib/python3.12/site-packages/airflow/example_dags/example_branch_python_dop_operator_3.py took 0.081 seconds
[2025-06-20T16:20:12.442+0000] {processor.py:161} INFO - Started process (PID=2408) to work on /home/airflow/.local/lib/python3.12/site-packages/airflow/example_dags/example_branch_python_dop_operator_3.py
[2025-06-20T16:20:12.443+0000] {processor.py:830} INFO - Processing file /home/airflow/.local/lib/python3.12/site-packages/airflow/example_dags/example_branch_python_dop_operator_3.py for tasks to queue
[2025-06-20T16:20:12.445+0000] {logging_mixin.py:188} INFO - [2025-06-20T16:20:12.444+0000] {dagbag.py:540} INFO - Filling up the DagBag from /home/airflow/.local/lib/python3.12/site-packages/airflow/example_dags/example_branch_python_dop_operator_3.py
[2025-06-20T16:20:12.454+0000] {processor.py:840} INFO - DAG(s) 'example_branch_dop_operator_v3' retrieved from /home/airflow/.local/lib/python3.12/site-packages/airflow/example_dags/example_branch_python_dop_operator_3.py
[2025-06-20T16:20:12.595+0000] {logging_mixin.py:188} INFO - [2025-06-20T16:20:12.595+0000] {dag.py:3096} INFO - Sync 1 DAGs
[2025-06-20T16:20:12.615+0000] {logging_mixin.py:188} INFO - [2025-06-20T16:20:12.615+0000] {dag.py:3954} INFO - Setting next_dagrun for example_branch_dop_operator_v3 to 2025-06-20 16:19:00+00:00, run_after=2025-06-20 16:20:00+00:00
[2025-06-20T16:20:12.629+0000] {processor.py:183} INFO - Processing /home/airflow/.local/lib/python3.12/site-packages/airflow/example_dags/example_branch_python_dop_operator_3.py took 0.194 seconds
[2025-06-20T16:20:43.206+0000] {processor.py:161} INFO - Started process (PID=2467) to work on /home/airflow/.local/lib/python3.12/site-packages/airflow/example_dags/example_branch_python_dop_operator_3.py
[2025-06-20T16:20:43.207+0000] {processor.py:830} INFO - Processing file /home/airflow/.local/lib/python3.12/site-packages/airflow/example_dags/example_branch_python_dop_operator_3.py for tasks to queue
[2025-06-20T16:20:43.209+0000] {logging_mixin.py:188} INFO - [2025-06-20T16:20:43.209+0000] {dagbag.py:540} INFO - Filling up the DagBag from /home/airflow/.local/lib/python3.12/site-packages/airflow/example_dags/example_branch_python_dop_operator_3.py
[2025-06-20T16:20:43.218+0000] {processor.py:840} INFO - DAG(s) 'example_branch_dop_operator_v3' retrieved from /home/airflow/.local/lib/python3.12/site-packages/airflow/example_dags/example_branch_python_dop_operator_3.py
[2025-06-20T16:20:43.237+0000] {logging_mixin.py:188} INFO - [2025-06-20T16:20:43.236+0000] {dag.py:3096} INFO - Sync 1 DAGs
[2025-06-20T16:20:43.260+0000] {logging_mixin.py:188} INFO - [2025-06-20T16:20:43.260+0000] {dag.py:3954} INFO - Setting next_dagrun for example_branch_dop_operator_v3 to 2025-06-20 16:19:00+00:00, run_after=2025-06-20 16:20:00+00:00
[2025-06-20T16:20:43.277+0000] {processor.py:183} INFO - Processing /home/airflow/.local/lib/python3.12/site-packages/airflow/example_dags/example_branch_python_dop_operator_3.py took 0.077 seconds
[2025-06-20T16:21:13.449+0000] {processor.py:161} INFO - Started process (PID=2526) to work on /home/airflow/.local/lib/python3.12/site-packages/airflow/example_dags/example_branch_python_dop_operator_3.py
[2025-06-20T16:21:13.450+0000] {processor.py:830} INFO - Processing file /home/airflow/.local/lib/python3.12/site-packages/airflow/example_dags/example_branch_python_dop_operator_3.py for tasks to queue
[2025-06-20T16:21:13.452+0000] {logging_mixin.py:188} INFO - [2025-06-20T16:21:13.451+0000] {dagbag.py:540} INFO - Filling up the DagBag from /home/airflow/.local/lib/python3.12/site-packages/airflow/example_dags/example_branch_python_dop_operator_3.py
[2025-06-20T16:21:13.460+0000] {processor.py:840} INFO - DAG(s) 'example_branch_dop_operator_v3' retrieved from /home/airflow/.local/lib/python3.12/site-packages/airflow/example_dags/example_branch_python_dop_operator_3.py
[2025-06-20T16:21:13.479+0000] {logging_mixin.py:188} INFO - [2025-06-20T16:21:13.479+0000] {dag.py:3096} INFO - Sync 1 DAGs
[2025-06-20T16:21:13.502+0000] {logging_mixin.py:188} INFO - [2025-06-20T16:21:13.501+0000] {dag.py:3954} INFO - Setting next_dagrun for example_branch_dop_operator_v3 to 2025-06-20 16:20:00+00:00, run_after=2025-06-20 16:21:00+00:00
[2025-06-20T16:21:13.518+0000] {processor.py:183} INFO - Processing /home/airflow/.local/lib/python3.12/site-packages/airflow/example_dags/example_branch_python_dop_operator_3.py took 0.076 seconds
[2025-06-20T16:21:43.712+0000] {processor.py:161} INFO - Started process (PID=2586) to work on /home/airflow/.local/lib/python3.12/site-packages/airflow/example_dags/example_branch_python_dop_operator_3.py
[2025-06-20T16:21:43.713+0000] {processor.py:830} INFO - Processing file /home/airflow/.local/lib/python3.12/site-packages/airflow/example_dags/example_branch_python_dop_operator_3.py for tasks to queue
[2025-06-20T16:21:43.715+0000] {logging_mixin.py:188} INFO - [2025-06-20T16:21:43.715+0000] {dagbag.py:540} INFO - Filling up the DagBag from /home/airflow/.local/lib/python3.12/site-packages/airflow/example_dags/example_branch_python_dop_operator_3.py
[2025-06-20T16:21:43.724+0000] {processor.py:840} INFO - DAG(s) 'example_branch_dop_operator_v3' retrieved from /home/airflow/.local/lib/python3.12/site-packages/airflow/example_dags/example_branch_python_dop_operator_3.py
[2025-06-20T16:21:43.743+0000] {logging_mixin.py:188} INFO - [2025-06-20T16:21:43.743+0000] {dag.py:3096} INFO - Sync 1 DAGs
[2025-06-20T16:21:43.768+0000] {logging_mixin.py:188} INFO - [2025-06-20T16:21:43.768+0000] {dag.py:3954} INFO - Setting next_dagrun for example_branch_dop_operator_v3 to 2025-06-20 16:20:00+00:00, run_after=2025-06-20 16:21:00+00:00
[2025-06-20T16:21:43.783+0000] {processor.py:183} INFO - Processing /home/airflow/.local/lib/python3.12/site-packages/airflow/example_dags/example_branch_python_dop_operator_3.py took 0.078 seconds
[2025-06-20T16:22:14.013+0000] {processor.py:161} INFO - Started process (PID=2645) to work on /home/airflow/.local/lib/python3.12/site-packages/airflow/example_dags/example_branch_python_dop_operator_3.py
[2025-06-20T16:22:14.014+0000] {processor.py:830} INFO - Processing file /home/airflow/.local/lib/python3.12/site-packages/airflow/example_dags/example_branch_python_dop_operator_3.py for tasks to queue
[2025-06-20T16:22:14.016+0000] {logging_mixin.py:188} INFO - [2025-06-20T16:22:14.015+0000] {dagbag.py:540} INFO - Filling up the DagBag from /home/airflow/.local/lib/python3.12/site-packages/airflow/example_dags/example_branch_python_dop_operator_3.py
[2025-06-20T16:22:14.024+0000] {processor.py:840} INFO - DAG(s) 'example_branch_dop_operator_v3' retrieved from /home/airflow/.local/lib/python3.12/site-packages/airflow/example_dags/example_branch_python_dop_operator_3.py
[2025-06-20T16:22:14.043+0000] {logging_mixin.py:188} INFO - [2025-06-20T16:22:14.042+0000] {dag.py:3096} INFO - Sync 1 DAGs
[2025-06-20T16:22:14.067+0000] {logging_mixin.py:188} INFO - [2025-06-20T16:22:14.067+0000] {dag.py:3954} INFO - Setting next_dagrun for example_branch_dop_operator_v3 to 2025-06-20 16:21:00+00:00, run_after=2025-06-20 16:22:00+00:00
[2025-06-20T16:22:14.083+0000] {processor.py:183} INFO - Processing /home/airflow/.local/lib/python3.12/site-packages/airflow/example_dags/example_branch_python_dop_operator_3.py took 0.076 seconds
[2025-06-20T16:22:44.255+0000] {processor.py:161} INFO - Started process (PID=2704) to work on /home/airflow/.local/lib/python3.12/site-packages/airflow/example_dags/example_branch_python_dop_operator_3.py
[2025-06-20T16:22:44.256+0000] {processor.py:830} INFO - Processing file /home/airflow/.local/lib/python3.12/site-packages/airflow/example_dags/example_branch_python_dop_operator_3.py for tasks to queue
[2025-06-20T16:22:44.258+0000] {logging_mixin.py:188} INFO - [2025-06-20T16:22:44.257+0000] {dagbag.py:540} INFO - Filling up the DagBag from /home/airflow/.local/lib/python3.12/site-packages/airflow/example_dags/example_branch_python_dop_operator_3.py
[2025-06-20T16:22:44.267+0000] {processor.py:840} INFO - DAG(s) 'example_branch_dop_operator_v3' retrieved from /home/airflow/.local/lib/python3.12/site-packages/airflow/example_dags/example_branch_python_dop_operator_3.py
[2025-06-20T16:22:44.285+0000] {logging_mixin.py:188} INFO - [2025-06-20T16:22:44.285+0000] {dag.py:3096} INFO - Sync 1 DAGs
[2025-06-20T16:22:44.308+0000] {logging_mixin.py:188} INFO - [2025-06-20T16:22:44.308+0000] {dag.py:3954} INFO - Setting next_dagrun for example_branch_dop_operator_v3 to 2025-06-20 16:21:00+00:00, run_after=2025-06-20 16:22:00+00:00
[2025-06-20T16:22:44.324+0000] {processor.py:183} INFO - Processing /home/airflow/.local/lib/python3.12/site-packages/airflow/example_dags/example_branch_python_dop_operator_3.py took 0.076 seconds
[2025-06-20T16:23:14.370+0000] {processor.py:161} INFO - Started process (PID=2763) to work on /home/airflow/.local/lib/python3.12/site-packages/airflow/example_dags/example_branch_python_dop_operator_3.py
[2025-06-20T16:23:14.371+0000] {processor.py:830} INFO - Processing file /home/airflow/.local/lib/python3.12/site-packages/airflow/example_dags/example_branch_python_dop_operator_3.py for tasks to queue
[2025-06-20T16:23:14.373+0000] {logging_mixin.py:188} INFO - [2025-06-20T16:23:14.373+0000] {dagbag.py:540} INFO - Filling up the DagBag from /home/airflow/.local/lib/python3.12/site-packages/airflow/example_dags/example_branch_python_dop_operator_3.py
[2025-06-20T16:23:14.381+0000] {processor.py:840} INFO - DAG(s) 'example_branch_dop_operator_v3' retrieved from /home/airflow/.local/lib/python3.12/site-packages/airflow/example_dags/example_branch_python_dop_operator_3.py
[2025-06-20T16:23:14.400+0000] {logging_mixin.py:188} INFO - [2025-06-20T16:23:14.400+0000] {dag.py:3096} INFO - Sync 1 DAGs
[2025-06-20T16:23:14.423+0000] {logging_mixin.py:188} INFO - [2025-06-20T16:23:14.423+0000] {dag.py:3954} INFO - Setting next_dagrun for example_branch_dop_operator_v3 to 2025-06-20 16:22:00+00:00, run_after=2025-06-20 16:23:00+00:00
[2025-06-20T16:23:14.439+0000] {processor.py:183} INFO - Processing /home/airflow/.local/lib/python3.12/site-packages/airflow/example_dags/example_branch_python_dop_operator_3.py took 0.075 seconds
[2025-06-20T16:24:26.510+0000] {processor.py:161} INFO - Started process (PID=102) to work on /home/airflow/.local/lib/python3.12/site-packages/airflow/example_dags/example_branch_python_dop_operator_3.py
[2025-06-20T16:24:26.511+0000] {processor.py:830} INFO - Processing file /home/airflow/.local/lib/python3.12/site-packages/airflow/example_dags/example_branch_python_dop_operator_3.py for tasks to queue
[2025-06-20T16:24:26.513+0000] {logging_mixin.py:188} INFO - [2025-06-20T16:24:26.512+0000] {dagbag.py:540} INFO - Filling up the DagBag from /home/airflow/.local/lib/python3.12/site-packages/airflow/example_dags/example_branch_python_dop_operator_3.py
[2025-06-20T16:24:26.522+0000] {processor.py:840} INFO - DAG(s) 'example_branch_dop_operator_v3' retrieved from /home/airflow/.local/lib/python3.12/site-packages/airflow/example_dags/example_branch_python_dop_operator_3.py
[2025-06-20T16:24:26.535+0000] {logging_mixin.py:188} INFO - [2025-06-20T16:24:26.534+0000] {dag.py:3096} INFO - Sync 1 DAGs
[2025-06-20T16:24:26.569+0000] {logging_mixin.py:188} INFO - [2025-06-20T16:24:26.569+0000] {dag.py:3954} INFO - Setting next_dagrun for example_branch_dop_operator_v3 to 2025-06-20 16:23:00+00:00, run_after=2025-06-20 16:24:00+00:00
[2025-06-20T16:24:26.586+0000] {processor.py:183} INFO - Processing /home/airflow/.local/lib/python3.12/site-packages/airflow/example_dags/example_branch_python_dop_operator_3.py took 0.084 seconds
[2025-06-20T16:24:58.643+0000] {processor.py:161} INFO - Started process (PID=167) to work on /home/airflow/.local/lib/python3.12/site-packages/airflow/example_dags/example_branch_python_dop_operator_3.py
[2025-06-20T16:24:58.644+0000] {processor.py:830} INFO - Processing file /home/airflow/.local/lib/python3.12/site-packages/airflow/example_dags/example_branch_python_dop_operator_3.py for tasks to queue
[2025-06-20T16:24:58.646+0000] {logging_mixin.py:188} INFO - [2025-06-20T16:24:58.645+0000] {dagbag.py:540} INFO - Filling up the DagBag from /home/airflow/.local/lib/python3.12/site-packages/airflow/example_dags/example_branch_python_dop_operator_3.py
[2025-06-20T16:24:58.654+0000] {processor.py:840} INFO - DAG(s) 'example_branch_dop_operator_v3' retrieved from /home/airflow/.local/lib/python3.12/site-packages/airflow/example_dags/example_branch_python_dop_operator_3.py
[2025-06-20T16:24:58.771+0000] {logging_mixin.py:188} INFO - [2025-06-20T16:24:58.771+0000] {dag.py:3096} INFO - Sync 1 DAGs
[2025-06-20T16:24:58.792+0000] {logging_mixin.py:188} INFO - [2025-06-20T16:24:58.792+0000] {dag.py:3954} INFO - Setting next_dagrun for example_branch_dop_operator_v3 to 2025-06-20 16:23:00+00:00, run_after=2025-06-20 16:24:00+00:00
[2025-06-20T16:24:58.810+0000] {processor.py:183} INFO - Processing /home/airflow/.local/lib/python3.12/site-packages/airflow/example_dags/example_branch_python_dop_operator_3.py took 0.173 seconds
[2025-06-20T16:25:28.909+0000] {processor.py:161} INFO - Started process (PID=226) to work on /home/airflow/.local/lib/python3.12/site-packages/airflow/example_dags/example_branch_python_dop_operator_3.py
[2025-06-20T16:25:28.910+0000] {processor.py:830} INFO - Processing file /home/airflow/.local/lib/python3.12/site-packages/airflow/example_dags/example_branch_python_dop_operator_3.py for tasks to queue
[2025-06-20T16:25:28.912+0000] {logging_mixin.py:188} INFO - [2025-06-20T16:25:28.912+0000] {dagbag.py:540} INFO - Filling up the DagBag from /home/airflow/.local/lib/python3.12/site-packages/airflow/example_dags/example_branch_python_dop_operator_3.py
[2025-06-20T16:25:28.920+0000] {processor.py:840} INFO - DAG(s) 'example_branch_dop_operator_v3' retrieved from /home/airflow/.local/lib/python3.12/site-packages/airflow/example_dags/example_branch_python_dop_operator_3.py
[2025-06-20T16:25:28.940+0000] {logging_mixin.py:188} INFO - [2025-06-20T16:25:28.939+0000] {dag.py:3096} INFO - Sync 1 DAGs
[2025-06-20T16:25:28.963+0000] {logging_mixin.py:188} INFO - [2025-06-20T16:25:28.963+0000] {dag.py:3954} INFO - Setting next_dagrun for example_branch_dop_operator_v3 to 2025-06-20 16:24:00+00:00, run_after=2025-06-20 16:25:00+00:00
[2025-06-20T16:25:28.979+0000] {processor.py:183} INFO - Processing /home/airflow/.local/lib/python3.12/site-packages/airflow/example_dags/example_branch_python_dop_operator_3.py took 0.076 seconds
[2025-06-20T16:25:59.807+0000] {processor.py:161} INFO - Started process (PID=285) to work on /home/airflow/.local/lib/python3.12/site-packages/airflow/example_dags/example_branch_python_dop_operator_3.py
[2025-06-20T16:25:59.808+0000] {processor.py:830} INFO - Processing file /home/airflow/.local/lib/python3.12/site-packages/airflow/example_dags/example_branch_python_dop_operator_3.py for tasks to queue
[2025-06-20T16:25:59.810+0000] {logging_mixin.py:188} INFO - [2025-06-20T16:25:59.809+0000] {dagbag.py:540} INFO - Filling up the DagBag from /home/airflow/.local/lib/python3.12/site-packages/airflow/example_dags/example_branch_python_dop_operator_3.py
[2025-06-20T16:25:59.818+0000] {processor.py:840} INFO - DAG(s) 'example_branch_dop_operator_v3' retrieved from /home/airflow/.local/lib/python3.12/site-packages/airflow/example_dags/example_branch_python_dop_operator_3.py
[2025-06-20T16:25:59.838+0000] {logging_mixin.py:188} INFO - [2025-06-20T16:25:59.838+0000] {dag.py:3096} INFO - Sync 1 DAGs
[2025-06-20T16:25:59.861+0000] {logging_mixin.py:188} INFO - [2025-06-20T16:25:59.861+0000] {dag.py:3954} INFO - Setting next_dagrun for example_branch_dop_operator_v3 to 2025-06-20 16:24:00+00:00, run_after=2025-06-20 16:25:00+00:00
[2025-06-20T16:25:59.876+0000] {processor.py:183} INFO - Processing /home/airflow/.local/lib/python3.12/site-packages/airflow/example_dags/example_branch_python_dop_operator_3.py took 0.076 seconds
[2025-06-20T16:26:29.959+0000] {processor.py:161} INFO - Started process (PID=344) to work on /home/airflow/.local/lib/python3.12/site-packages/airflow/example_dags/example_branch_python_dop_operator_3.py
[2025-06-20T16:26:29.960+0000] {processor.py:830} INFO - Processing file /home/airflow/.local/lib/python3.12/site-packages/airflow/example_dags/example_branch_python_dop_operator_3.py for tasks to queue
[2025-06-20T16:26:29.962+0000] {logging_mixin.py:188} INFO - [2025-06-20T16:26:29.962+0000] {dagbag.py:540} INFO - Filling up the DagBag from /home/airflow/.local/lib/python3.12/site-packages/airflow/example_dags/example_branch_python_dop_operator_3.py
[2025-06-20T16:26:29.971+0000] {processor.py:840} INFO - DAG(s) 'example_branch_dop_operator_v3' retrieved from /home/airflow/.local/lib/python3.12/site-packages/airflow/example_dags/example_branch_python_dop_operator_3.py
[2025-06-20T16:26:29.992+0000] {logging_mixin.py:188} INFO - [2025-06-20T16:26:29.992+0000] {dag.py:3096} INFO - Sync 1 DAGs
[2025-06-20T16:26:30.018+0000] {logging_mixin.py:188} INFO - [2025-06-20T16:26:30.018+0000] {dag.py:3954} INFO - Setting next_dagrun for example_branch_dop_operator_v3 to 2025-06-20 16:25:00+00:00, run_after=2025-06-20 16:26:00+00:00
[2025-06-20T16:26:30.037+0000] {processor.py:183} INFO - Processing /home/airflow/.local/lib/python3.12/site-packages/airflow/example_dags/example_branch_python_dop_operator_3.py took 0.084 seconds
[2025-06-20T16:27:00.149+0000] {processor.py:161} INFO - Started process (PID=403) to work on /home/airflow/.local/lib/python3.12/site-packages/airflow/example_dags/example_branch_python_dop_operator_3.py
[2025-06-20T16:27:00.150+0000] {processor.py:830} INFO - Processing file /home/airflow/.local/lib/python3.12/site-packages/airflow/example_dags/example_branch_python_dop_operator_3.py for tasks to queue
[2025-06-20T16:27:00.152+0000] {logging_mixin.py:188} INFO - [2025-06-20T16:27:00.151+0000] {dagbag.py:540} INFO - Filling up the DagBag from /home/airflow/.local/lib/python3.12/site-packages/airflow/example_dags/example_branch_python_dop_operator_3.py
[2025-06-20T16:27:00.160+0000] {processor.py:840} INFO - DAG(s) 'example_branch_dop_operator_v3' retrieved from /home/airflow/.local/lib/python3.12/site-packages/airflow/example_dags/example_branch_python_dop_operator_3.py
[2025-06-20T16:27:00.180+0000] {logging_mixin.py:188} INFO - [2025-06-20T16:27:00.180+0000] {dag.py:3096} INFO - Sync 1 DAGs
[2025-06-20T16:27:00.203+0000] {logging_mixin.py:188} INFO - [2025-06-20T16:27:00.202+0000] {dag.py:3954} INFO - Setting next_dagrun for example_branch_dop_operator_v3 to 2025-06-20 16:26:00+00:00, run_after=2025-06-20 16:27:00+00:00
[2025-06-20T16:27:00.220+0000] {processor.py:183} INFO - Processing /home/airflow/.local/lib/python3.12/site-packages/airflow/example_dags/example_branch_python_dop_operator_3.py took 0.079 seconds
[2025-06-20T16:27:30.392+0000] {processor.py:161} INFO - Started process (PID=462) to work on /home/airflow/.local/lib/python3.12/site-packages/airflow/example_dags/example_branch_python_dop_operator_3.py
[2025-06-20T16:27:30.393+0000] {processor.py:830} INFO - Processing file /home/airflow/.local/lib/python3.12/site-packages/airflow/example_dags/example_branch_python_dop_operator_3.py for tasks to queue
[2025-06-20T16:27:30.395+0000] {logging_mixin.py:188} INFO - [2025-06-20T16:27:30.395+0000] {dagbag.py:540} INFO - Filling up the DagBag from /home/airflow/.local/lib/python3.12/site-packages/airflow/example_dags/example_branch_python_dop_operator_3.py
[2025-06-20T16:27:30.404+0000] {processor.py:840} INFO - DAG(s) 'example_branch_dop_operator_v3' retrieved from /home/airflow/.local/lib/python3.12/site-packages/airflow/example_dags/example_branch_python_dop_operator_3.py
[2025-06-20T16:27:30.424+0000] {logging_mixin.py:188} INFO - [2025-06-20T16:27:30.424+0000] {dag.py:3096} INFO - Sync 1 DAGs
[2025-06-20T16:27:30.449+0000] {logging_mixin.py:188} INFO - [2025-06-20T16:27:30.449+0000] {dag.py:3954} INFO - Setting next_dagrun for example_branch_dop_operator_v3 to 2025-06-20 16:26:00+00:00, run_after=2025-06-20 16:27:00+00:00
[2025-06-20T16:27:30.466+0000] {processor.py:183} INFO - Processing /home/airflow/.local/lib/python3.12/site-packages/airflow/example_dags/example_branch_python_dop_operator_3.py took 0.082 seconds
[2025-06-20T16:28:00.591+0000] {processor.py:161} INFO - Started process (PID=521) to work on /home/airflow/.local/lib/python3.12/site-packages/airflow/example_dags/example_branch_python_dop_operator_3.py
[2025-06-20T16:28:00.592+0000] {processor.py:830} INFO - Processing file /home/airflow/.local/lib/python3.12/site-packages/airflow/example_dags/example_branch_python_dop_operator_3.py for tasks to queue
[2025-06-20T16:28:00.594+0000] {logging_mixin.py:188} INFO - [2025-06-20T16:28:00.593+0000] {dagbag.py:540} INFO - Filling up the DagBag from /home/airflow/.local/lib/python3.12/site-packages/airflow/example_dags/example_branch_python_dop_operator_3.py
[2025-06-20T16:28:00.602+0000] {processor.py:840} INFO - DAG(s) 'example_branch_dop_operator_v3' retrieved from /home/airflow/.local/lib/python3.12/site-packages/airflow/example_dags/example_branch_python_dop_operator_3.py
[2025-06-20T16:28:00.622+0000] {logging_mixin.py:188} INFO - [2025-06-20T16:28:00.622+0000] {dag.py:3096} INFO - Sync 1 DAGs
[2025-06-20T16:28:00.645+0000] {logging_mixin.py:188} INFO - [2025-06-20T16:28:00.645+0000] {dag.py:3954} INFO - Setting next_dagrun for example_branch_dop_operator_v3 to 2025-06-20 16:27:00+00:00, run_after=2025-06-20 16:28:00+00:00
[2025-06-20T16:28:00.661+0000] {processor.py:183} INFO - Processing /home/airflow/.local/lib/python3.12/site-packages/airflow/example_dags/example_branch_python_dop_operator_3.py took 0.076 seconds
[2025-06-20T16:28:30.821+0000] {processor.py:161} INFO - Started process (PID=580) to work on /home/airflow/.local/lib/python3.12/site-packages/airflow/example_dags/example_branch_python_dop_operator_3.py
[2025-06-20T16:28:30.821+0000] {processor.py:830} INFO - Processing file /home/airflow/.local/lib/python3.12/site-packages/airflow/example_dags/example_branch_python_dop_operator_3.py for tasks to queue
[2025-06-20T16:28:30.823+0000] {logging_mixin.py:188} INFO - [2025-06-20T16:28:30.823+0000] {dagbag.py:540} INFO - Filling up the DagBag from /home/airflow/.local/lib/python3.12/site-packages/airflow/example_dags/example_branch_python_dop_operator_3.py
[2025-06-20T16:28:30.832+0000] {processor.py:840} INFO - DAG(s) 'example_branch_dop_operator_v3' retrieved from /home/airflow/.local/lib/python3.12/site-packages/airflow/example_dags/example_branch_python_dop_operator_3.py
[2025-06-20T16:28:30.851+0000] {logging_mixin.py:188} INFO - [2025-06-20T16:28:30.851+0000] {dag.py:3096} INFO - Sync 1 DAGs
[2025-06-20T16:28:30.874+0000] {logging_mixin.py:188} INFO - [2025-06-20T16:28:30.873+0000] {dag.py:3954} INFO - Setting next_dagrun for example_branch_dop_operator_v3 to 2025-06-20 16:27:00+00:00, run_after=2025-06-20 16:28:00+00:00
[2025-06-20T16:28:30.889+0000] {processor.py:183} INFO - Processing /home/airflow/.local/lib/python3.12/site-packages/airflow/example_dags/example_branch_python_dop_operator_3.py took 0.075 seconds
[2025-06-20T16:29:01.559+0000] {processor.py:161} INFO - Started process (PID=639) to work on /home/airflow/.local/lib/python3.12/site-packages/airflow/example_dags/example_branch_python_dop_operator_3.py
[2025-06-20T16:29:01.560+0000] {processor.py:830} INFO - Processing file /home/airflow/.local/lib/python3.12/site-packages/airflow/example_dags/example_branch_python_dop_operator_3.py for tasks to queue
[2025-06-20T16:29:01.562+0000] {logging_mixin.py:188} INFO - [2025-06-20T16:29:01.562+0000] {dagbag.py:540} INFO - Filling up the DagBag from /home/airflow/.local/lib/python3.12/site-packages/airflow/example_dags/example_branch_python_dop_operator_3.py
[2025-06-20T16:29:01.571+0000] {processor.py:840} INFO - DAG(s) 'example_branch_dop_operator_v3' retrieved from /home/airflow/.local/lib/python3.12/site-packages/airflow/example_dags/example_branch_python_dop_operator_3.py
[2025-06-20T16:29:01.592+0000] {logging_mixin.py:188} INFO - [2025-06-20T16:29:01.591+0000] {dag.py:3096} INFO - Sync 1 DAGs
[2025-06-20T16:29:01.614+0000] {logging_mixin.py:188} INFO - [2025-06-20T16:29:01.614+0000] {dag.py:3954} INFO - Setting next_dagrun for example_branch_dop_operator_v3 to 2025-06-20 16:28:00+00:00, run_after=2025-06-20 16:29:00+00:00
[2025-06-20T16:29:01.630+0000] {processor.py:183} INFO - Processing /home/airflow/.local/lib/python3.12/site-packages/airflow/example_dags/example_branch_python_dop_operator_3.py took 0.077 seconds
[2025-06-20T16:29:31.866+0000] {processor.py:161} INFO - Started process (PID=698) to work on /home/airflow/.local/lib/python3.12/site-packages/airflow/example_dags/example_branch_python_dop_operator_3.py
[2025-06-20T16:29:31.867+0000] {processor.py:830} INFO - Processing file /home/airflow/.local/lib/python3.12/site-packages/airflow/example_dags/example_branch_python_dop_operator_3.py for tasks to queue
[2025-06-20T16:29:31.869+0000] {logging_mixin.py:188} INFO - [2025-06-20T16:29:31.869+0000] {dagbag.py:540} INFO - Filling up the DagBag from /home/airflow/.local/lib/python3.12/site-packages/airflow/example_dags/example_branch_python_dop_operator_3.py
[2025-06-20T16:29:31.877+0000] {processor.py:840} INFO - DAG(s) 'example_branch_dop_operator_v3' retrieved from /home/airflow/.local/lib/python3.12/site-packages/airflow/example_dags/example_branch_python_dop_operator_3.py
[2025-06-20T16:29:31.897+0000] {logging_mixin.py:188} INFO - [2025-06-20T16:29:31.897+0000] {dag.py:3096} INFO - Sync 1 DAGs
[2025-06-20T16:29:31.920+0000] {logging_mixin.py:188} INFO - [2025-06-20T16:29:31.920+0000] {dag.py:3954} INFO - Setting next_dagrun for example_branch_dop_operator_v3 to 2025-06-20 16:28:00+00:00, run_after=2025-06-20 16:29:00+00:00
[2025-06-20T16:29:31.936+0000] {processor.py:183} INFO - Processing /home/airflow/.local/lib/python3.12/site-packages/airflow/example_dags/example_branch_python_dop_operator_3.py took 0.076 seconds
[2025-06-20T16:30:02.155+0000] {processor.py:161} INFO - Started process (PID=757) to work on /home/airflow/.local/lib/python3.12/site-packages/airflow/example_dags/example_branch_python_dop_operator_3.py
[2025-06-20T16:30:02.156+0000] {processor.py:830} INFO - Processing file /home/airflow/.local/lib/python3.12/site-packages/airflow/example_dags/example_branch_python_dop_operator_3.py for tasks to queue
[2025-06-20T16:30:02.158+0000] {logging_mixin.py:188} INFO - [2025-06-20T16:30:02.157+0000] {dagbag.py:540} INFO - Filling up the DagBag from /home/airflow/.local/lib/python3.12/site-packages/airflow/example_dags/example_branch_python_dop_operator_3.py
[2025-06-20T16:30:02.166+0000] {processor.py:840} INFO - DAG(s) 'example_branch_dop_operator_v3' retrieved from /home/airflow/.local/lib/python3.12/site-packages/airflow/example_dags/example_branch_python_dop_operator_3.py
[2025-06-20T16:30:02.186+0000] {logging_mixin.py:188} INFO - [2025-06-20T16:30:02.186+0000] {dag.py:3096} INFO - Sync 1 DAGs
[2025-06-20T16:30:02.210+0000] {logging_mixin.py:188} INFO - [2025-06-20T16:30:02.210+0000] {dag.py:3954} INFO - Setting next_dagrun for example_branch_dop_operator_v3 to 2025-06-20 16:29:00+00:00, run_after=2025-06-20 16:30:00+00:00
[2025-06-20T16:30:02.226+0000] {processor.py:183} INFO - Processing /home/airflow/.local/lib/python3.12/site-packages/airflow/example_dags/example_branch_python_dop_operator_3.py took 0.077 seconds
[2025-06-20T16:30:32.484+0000] {processor.py:161} INFO - Started process (PID=816) to work on /home/airflow/.local/lib/python3.12/site-packages/airflow/example_dags/example_branch_python_dop_operator_3.py
[2025-06-20T16:30:32.485+0000] {processor.py:830} INFO - Processing file /home/airflow/.local/lib/python3.12/site-packages/airflow/example_dags/example_branch_python_dop_operator_3.py for tasks to queue
[2025-06-20T16:30:32.487+0000] {logging_mixin.py:188} INFO - [2025-06-20T16:30:32.486+0000] {dagbag.py:540} INFO - Filling up the DagBag from /home/airflow/.local/lib/python3.12/site-packages/airflow/example_dags/example_branch_python_dop_operator_3.py
[2025-06-20T16:30:32.495+0000] {processor.py:840} INFO - DAG(s) 'example_branch_dop_operator_v3' retrieved from /home/airflow/.local/lib/python3.12/site-packages/airflow/example_dags/example_branch_python_dop_operator_3.py
[2025-06-20T16:30:32.515+0000] {logging_mixin.py:188} INFO - [2025-06-20T16:30:32.515+0000] {dag.py:3096} INFO - Sync 1 DAGs
[2025-06-20T16:30:32.538+0000] {logging_mixin.py:188} INFO - [2025-06-20T16:30:32.537+0000] {dag.py:3954} INFO - Setting next_dagrun for example_branch_dop_operator_v3 to 2025-06-20 16:29:00+00:00, run_after=2025-06-20 16:30:00+00:00
[2025-06-20T16:30:32.555+0000] {processor.py:183} INFO - Processing /home/airflow/.local/lib/python3.12/site-packages/airflow/example_dags/example_branch_python_dop_operator_3.py took 0.077 seconds
[2025-06-20T16:31:02.835+0000] {processor.py:161} INFO - Started process (PID=875) to work on /home/airflow/.local/lib/python3.12/site-packages/airflow/example_dags/example_branch_python_dop_operator_3.py
[2025-06-20T16:31:02.836+0000] {processor.py:830} INFO - Processing file /home/airflow/.local/lib/python3.12/site-packages/airflow/example_dags/example_branch_python_dop_operator_3.py for tasks to queue
[2025-06-20T16:31:02.838+0000] {logging_mixin.py:188} INFO - [2025-06-20T16:31:02.837+0000] {dagbag.py:540} INFO - Filling up the DagBag from /home/airflow/.local/lib/python3.12/site-packages/airflow/example_dags/example_branch_python_dop_operator_3.py
[2025-06-20T16:31:02.846+0000] {processor.py:840} INFO - DAG(s) 'example_branch_dop_operator_v3' retrieved from /home/airflow/.local/lib/python3.12/site-packages/airflow/example_dags/example_branch_python_dop_operator_3.py
[2025-06-20T16:31:02.868+0000] {logging_mixin.py:188} INFO - [2025-06-20T16:31:02.867+0000] {dag.py:3096} INFO - Sync 1 DAGs
[2025-06-20T16:31:02.890+0000] {logging_mixin.py:188} INFO - [2025-06-20T16:31:02.890+0000] {dag.py:3954} INFO - Setting next_dagrun for example_branch_dop_operator_v3 to 2025-06-20 16:30:00+00:00, run_after=2025-06-20 16:31:00+00:00
[2025-06-20T16:31:02.907+0000] {processor.py:183} INFO - Processing /home/airflow/.local/lib/python3.12/site-packages/airflow/example_dags/example_branch_python_dop_operator_3.py took 0.078 seconds
[2025-06-20T16:31:33.280+0000] {processor.py:161} INFO - Started process (PID=934) to work on /home/airflow/.local/lib/python3.12/site-packages/airflow/example_dags/example_branch_python_dop_operator_3.py
[2025-06-20T16:31:33.281+0000] {processor.py:830} INFO - Processing file /home/airflow/.local/lib/python3.12/site-packages/airflow/example_dags/example_branch_python_dop_operator_3.py for tasks to queue
[2025-06-20T16:31:33.283+0000] {logging_mixin.py:188} INFO - [2025-06-20T16:31:33.282+0000] {dagbag.py:540} INFO - Filling up the DagBag from /home/airflow/.local/lib/python3.12/site-packages/airflow/example_dags/example_branch_python_dop_operator_3.py
[2025-06-20T16:31:33.291+0000] {processor.py:840} INFO - DAG(s) 'example_branch_dop_operator_v3' retrieved from /home/airflow/.local/lib/python3.12/site-packages/airflow/example_dags/example_branch_python_dop_operator_3.py
[2025-06-20T16:31:33.311+0000] {logging_mixin.py:188} INFO - [2025-06-20T16:31:33.311+0000] {dag.py:3096} INFO - Sync 1 DAGs
[2025-06-20T16:31:33.334+0000] {logging_mixin.py:188} INFO - [2025-06-20T16:31:33.333+0000] {dag.py:3954} INFO - Setting next_dagrun for example_branch_dop_operator_v3 to 2025-06-20 16:30:00+00:00, run_after=2025-06-20 16:31:00+00:00
[2025-06-20T16:31:33.350+0000] {processor.py:183} INFO - Processing /home/airflow/.local/lib/python3.12/site-packages/airflow/example_dags/example_branch_python_dop_operator_3.py took 0.077 seconds
[2025-06-20T16:32:03.546+0000] {processor.py:161} INFO - Started process (PID=993) to work on /home/airflow/.local/lib/python3.12/site-packages/airflow/example_dags/example_branch_python_dop_operator_3.py
[2025-06-20T16:32:03.547+0000] {processor.py:830} INFO - Processing file /home/airflow/.local/lib/python3.12/site-packages/airflow/example_dags/example_branch_python_dop_operator_3.py for tasks to queue
[2025-06-20T16:32:03.549+0000] {logging_mixin.py:188} INFO - [2025-06-20T16:32:03.549+0000] {dagbag.py:540} INFO - Filling up the DagBag from /home/airflow/.local/lib/python3.12/site-packages/airflow/example_dags/example_branch_python_dop_operator_3.py
[2025-06-20T16:32:03.557+0000] {processor.py:840} INFO - DAG(s) 'example_branch_dop_operator_v3' retrieved from /home/airflow/.local/lib/python3.12/site-packages/airflow/example_dags/example_branch_python_dop_operator_3.py
[2025-06-20T16:32:03.577+0000] {logging_mixin.py:188} INFO - [2025-06-20T16:32:03.577+0000] {dag.py:3096} INFO - Sync 1 DAGs
[2025-06-20T16:32:03.600+0000] {logging_mixin.py:188} INFO - [2025-06-20T16:32:03.600+0000] {dag.py:3954} INFO - Setting next_dagrun for example_branch_dop_operator_v3 to 2025-06-20 16:31:00+00:00, run_after=2025-06-20 16:32:00+00:00
[2025-06-20T16:32:03.617+0000] {processor.py:183} INFO - Processing /home/airflow/.local/lib/python3.12/site-packages/airflow/example_dags/example_branch_python_dop_operator_3.py took 0.077 seconds
[2025-06-20T16:32:33.654+0000] {processor.py:161} INFO - Started process (PID=1051) to work on /home/airflow/.local/lib/python3.12/site-packages/airflow/example_dags/example_branch_python_dop_operator_3.py
[2025-06-20T16:32:33.655+0000] {processor.py:830} INFO - Processing file /home/airflow/.local/lib/python3.12/site-packages/airflow/example_dags/example_branch_python_dop_operator_3.py for tasks to queue
[2025-06-20T16:32:33.657+0000] {logging_mixin.py:188} INFO - [2025-06-20T16:32:33.657+0000] {dagbag.py:540} INFO - Filling up the DagBag from /home/airflow/.local/lib/python3.12/site-packages/airflow/example_dags/example_branch_python_dop_operator_3.py
[2025-06-20T16:32:33.667+0000] {processor.py:840} INFO - DAG(s) 'example_branch_dop_operator_v3' retrieved from /home/airflow/.local/lib/python3.12/site-packages/airflow/example_dags/example_branch_python_dop_operator_3.py
[2025-06-20T16:32:33.686+0000] {logging_mixin.py:188} INFO - [2025-06-20T16:32:33.686+0000] {dag.py:3096} INFO - Sync 1 DAGs
[2025-06-20T16:32:33.708+0000] {logging_mixin.py:188} INFO - [2025-06-20T16:32:33.708+0000] {dag.py:3954} INFO - Setting next_dagrun for example_branch_dop_operator_v3 to 2025-06-20 16:31:00+00:00, run_after=2025-06-20 16:32:00+00:00
[2025-06-20T16:32:33.724+0000] {processor.py:183} INFO - Processing /home/airflow/.local/lib/python3.12/site-packages/airflow/example_dags/example_branch_python_dop_operator_3.py took 0.076 seconds
[2025-06-20T16:33:04.142+0000] {processor.py:161} INFO - Started process (PID=1111) to work on /home/airflow/.local/lib/python3.12/site-packages/airflow/example_dags/example_branch_python_dop_operator_3.py
[2025-06-20T16:33:04.143+0000] {processor.py:830} INFO - Processing file /home/airflow/.local/lib/python3.12/site-packages/airflow/example_dags/example_branch_python_dop_operator_3.py for tasks to queue
[2025-06-20T16:33:04.145+0000] {logging_mixin.py:188} INFO - [2025-06-20T16:33:04.145+0000] {dagbag.py:540} INFO - Filling up the DagBag from /home/airflow/.local/lib/python3.12/site-packages/airflow/example_dags/example_branch_python_dop_operator_3.py
[2025-06-20T16:33:04.154+0000] {processor.py:840} INFO - DAG(s) 'example_branch_dop_operator_v3' retrieved from /home/airflow/.local/lib/python3.12/site-packages/airflow/example_dags/example_branch_python_dop_operator_3.py
[2025-06-20T16:33:04.177+0000] {logging_mixin.py:188} INFO - [2025-06-20T16:33:04.177+0000] {dag.py:3096} INFO - Sync 1 DAGs
[2025-06-20T16:33:04.202+0000] {logging_mixin.py:188} INFO - [2025-06-20T16:33:04.202+0000] {dag.py:3954} INFO - Setting next_dagrun for example_branch_dop_operator_v3 to 2025-06-20 16:32:00+00:00, run_after=2025-06-20 16:33:00+00:00
[2025-06-20T16:33:04.219+0000] {processor.py:183} INFO - Processing /home/airflow/.local/lib/python3.12/site-packages/airflow/example_dags/example_branch_python_dop_operator_3.py took 0.083 seconds
[2025-06-20T16:33:34.522+0000] {processor.py:161} INFO - Started process (PID=1170) to work on /home/airflow/.local/lib/python3.12/site-packages/airflow/example_dags/example_branch_python_dop_operator_3.py
[2025-06-20T16:33:34.523+0000] {processor.py:830} INFO - Processing file /home/airflow/.local/lib/python3.12/site-packages/airflow/example_dags/example_branch_python_dop_operator_3.py for tasks to queue
[2025-06-20T16:33:34.525+0000] {logging_mixin.py:188} INFO - [2025-06-20T16:33:34.525+0000] {dagbag.py:540} INFO - Filling up the DagBag from /home/airflow/.local/lib/python3.12/site-packages/airflow/example_dags/example_branch_python_dop_operator_3.py
[2025-06-20T16:33:34.534+0000] {processor.py:840} INFO - DAG(s) 'example_branch_dop_operator_v3' retrieved from /home/airflow/.local/lib/python3.12/site-packages/airflow/example_dags/example_branch_python_dop_operator_3.py
[2025-06-20T16:33:34.554+0000] {logging_mixin.py:188} INFO - [2025-06-20T16:33:34.554+0000] {dag.py:3096} INFO - Sync 1 DAGs
[2025-06-20T16:33:34.577+0000] {logging_mixin.py:188} INFO - [2025-06-20T16:33:34.577+0000] {dag.py:3954} INFO - Setting next_dagrun for example_branch_dop_operator_v3 to 2025-06-20 16:32:00+00:00, run_after=2025-06-20 16:33:00+00:00
[2025-06-20T16:33:34.593+0000] {processor.py:183} INFO - Processing /home/airflow/.local/lib/python3.12/site-packages/airflow/example_dags/example_branch_python_dop_operator_3.py took 0.076 seconds
[2025-06-20T16:34:04.903+0000] {processor.py:161} INFO - Started process (PID=1229) to work on /home/airflow/.local/lib/python3.12/site-packages/airflow/example_dags/example_branch_python_dop_operator_3.py
[2025-06-20T16:34:04.904+0000] {processor.py:830} INFO - Processing file /home/airflow/.local/lib/python3.12/site-packages/airflow/example_dags/example_branch_python_dop_operator_3.py for tasks to queue
[2025-06-20T16:34:04.905+0000] {logging_mixin.py:188} INFO - [2025-06-20T16:34:04.905+0000] {dagbag.py:540} INFO - Filling up the DagBag from /home/airflow/.local/lib/python3.12/site-packages/airflow/example_dags/example_branch_python_dop_operator_3.py
[2025-06-20T16:34:04.914+0000] {processor.py:840} INFO - DAG(s) 'example_branch_dop_operator_v3' retrieved from /home/airflow/.local/lib/python3.12/site-packages/airflow/example_dags/example_branch_python_dop_operator_3.py
[2025-06-20T16:34:04.937+0000] {logging_mixin.py:188} INFO - [2025-06-20T16:34:04.937+0000] {dag.py:3096} INFO - Sync 1 DAGs
[2025-06-20T16:34:04.963+0000] {logging_mixin.py:188} INFO - [2025-06-20T16:34:04.962+0000] {dag.py:3954} INFO - Setting next_dagrun for example_branch_dop_operator_v3 to 2025-06-20 16:33:00+00:00, run_after=2025-06-20 16:34:00+00:00
[2025-06-20T16:34:04.980+0000] {processor.py:183} INFO - Processing /home/airflow/.local/lib/python3.12/site-packages/airflow/example_dags/example_branch_python_dop_operator_3.py took 0.083 seconds
[2025-06-20T16:34:35.152+0000] {processor.py:161} INFO - Started process (PID=1288) to work on /home/airflow/.local/lib/python3.12/site-packages/airflow/example_dags/example_branch_python_dop_operator_3.py
[2025-06-20T16:34:35.153+0000] {processor.py:830} INFO - Processing file /home/airflow/.local/lib/python3.12/site-packages/airflow/example_dags/example_branch_python_dop_operator_3.py for tasks to queue
[2025-06-20T16:34:35.155+0000] {logging_mixin.py:188} INFO - [2025-06-20T16:34:35.155+0000] {dagbag.py:540} INFO - Filling up the DagBag from /home/airflow/.local/lib/python3.12/site-packages/airflow/example_dags/example_branch_python_dop_operator_3.py
[2025-06-20T16:34:35.164+0000] {processor.py:840} INFO - DAG(s) 'example_branch_dop_operator_v3' retrieved from /home/airflow/.local/lib/python3.12/site-packages/airflow/example_dags/example_branch_python_dop_operator_3.py
[2025-06-20T16:34:35.183+0000] {logging_mixin.py:188} INFO - [2025-06-20T16:34:35.183+0000] {dag.py:3096} INFO - Sync 1 DAGs
[2025-06-20T16:34:35.206+0000] {logging_mixin.py:188} INFO - [2025-06-20T16:34:35.205+0000] {dag.py:3954} INFO - Setting next_dagrun for example_branch_dop_operator_v3 to 2025-06-20 16:33:00+00:00, run_after=2025-06-20 16:34:00+00:00
[2025-06-20T16:34:35.221+0000] {processor.py:183} INFO - Processing /home/airflow/.local/lib/python3.12/site-packages/airflow/example_dags/example_branch_python_dop_operator_3.py took 0.075 seconds
[2025-06-20T16:35:05.637+0000] {processor.py:161} INFO - Started process (PID=1347) to work on /home/airflow/.local/lib/python3.12/site-packages/airflow/example_dags/example_branch_python_dop_operator_3.py
[2025-06-20T16:35:05.638+0000] {processor.py:830} INFO - Processing file /home/airflow/.local/lib/python3.12/site-packages/airflow/example_dags/example_branch_python_dop_operator_3.py for tasks to queue
[2025-06-20T16:35:05.640+0000] {logging_mixin.py:188} INFO - [2025-06-20T16:35:05.639+0000] {dagbag.py:540} INFO - Filling up the DagBag from /home/airflow/.local/lib/python3.12/site-packages/airflow/example_dags/example_branch_python_dop_operator_3.py
[2025-06-20T16:35:05.648+0000] {processor.py:840} INFO - DAG(s) 'example_branch_dop_operator_v3' retrieved from /home/airflow/.local/lib/python3.12/site-packages/airflow/example_dags/example_branch_python_dop_operator_3.py
[2025-06-20T16:35:05.668+0000] {logging_mixin.py:188} INFO - [2025-06-20T16:35:05.668+0000] {dag.py:3096} INFO - Sync 1 DAGs
[2025-06-20T16:35:05.691+0000] {logging_mixin.py:188} INFO - [2025-06-20T16:35:05.690+0000] {dag.py:3954} INFO - Setting next_dagrun for example_branch_dop_operator_v3 to 2025-06-20 16:34:00+00:00, run_after=2025-06-20 16:35:00+00:00
[2025-06-20T16:35:05.706+0000] {processor.py:183} INFO - Processing /home/airflow/.local/lib/python3.12/site-packages/airflow/example_dags/example_branch_python_dop_operator_3.py took 0.076 seconds
[2025-06-20T16:35:35.792+0000] {processor.py:161} INFO - Started process (PID=1406) to work on /home/airflow/.local/lib/python3.12/site-packages/airflow/example_dags/example_branch_python_dop_operator_3.py
[2025-06-20T16:35:35.793+0000] {processor.py:830} INFO - Processing file /home/airflow/.local/lib/python3.12/site-packages/airflow/example_dags/example_branch_python_dop_operator_3.py for tasks to queue
[2025-06-20T16:35:35.795+0000] {logging_mixin.py:188} INFO - [2025-06-20T16:35:35.795+0000] {dagbag.py:540} INFO - Filling up the DagBag from /home/airflow/.local/lib/python3.12/site-packages/airflow/example_dags/example_branch_python_dop_operator_3.py
[2025-06-20T16:35:35.803+0000] {processor.py:840} INFO - DAG(s) 'example_branch_dop_operator_v3' retrieved from /home/airflow/.local/lib/python3.12/site-packages/airflow/example_dags/example_branch_python_dop_operator_3.py
[2025-06-20T16:35:35.823+0000] {logging_mixin.py:188} INFO - [2025-06-20T16:35:35.823+0000] {dag.py:3096} INFO - Sync 1 DAGs
[2025-06-20T16:35:35.846+0000] {logging_mixin.py:188} INFO - [2025-06-20T16:35:35.846+0000] {dag.py:3954} INFO - Setting next_dagrun for example_branch_dop_operator_v3 to 2025-06-20 16:34:00+00:00, run_after=2025-06-20 16:35:00+00:00
[2025-06-20T16:35:35.861+0000] {processor.py:183} INFO - Processing /home/airflow/.local/lib/python3.12/site-packages/airflow/example_dags/example_branch_python_dop_operator_3.py took 0.075 seconds
[2025-06-20T16:36:06.222+0000] {processor.py:161} INFO - Started process (PID=1465) to work on /home/airflow/.local/lib/python3.12/site-packages/airflow/example_dags/example_branch_python_dop_operator_3.py
[2025-06-20T16:36:06.223+0000] {processor.py:830} INFO - Processing file /home/airflow/.local/lib/python3.12/site-packages/airflow/example_dags/example_branch_python_dop_operator_3.py for tasks to queue
[2025-06-20T16:36:06.226+0000] {logging_mixin.py:188} INFO - [2025-06-20T16:36:06.225+0000] {dagbag.py:540} INFO - Filling up the DagBag from /home/airflow/.local/lib/python3.12/site-packages/airflow/example_dags/example_branch_python_dop_operator_3.py
[2025-06-20T16:36:06.234+0000] {processor.py:840} INFO - DAG(s) 'example_branch_dop_operator_v3' retrieved from /home/airflow/.local/lib/python3.12/site-packages/airflow/example_dags/example_branch_python_dop_operator_3.py
[2025-06-20T16:36:06.254+0000] {logging_mixin.py:188} INFO - [2025-06-20T16:36:06.253+0000] {dag.py:3096} INFO - Sync 1 DAGs
[2025-06-20T16:36:06.276+0000] {logging_mixin.py:188} INFO - [2025-06-20T16:36:06.276+0000] {dag.py:3954} INFO - Setting next_dagrun for example_branch_dop_operator_v3 to 2025-06-20 16:35:00+00:00, run_after=2025-06-20 16:36:00+00:00
[2025-06-20T16:36:06.292+0000] {processor.py:183} INFO - Processing /home/airflow/.local/lib/python3.12/site-packages/airflow/example_dags/example_branch_python_dop_operator_3.py took 0.076 seconds
[2025-06-20T16:36:36.457+0000] {processor.py:161} INFO - Started process (PID=1524) to work on /home/airflow/.local/lib/python3.12/site-packages/airflow/example_dags/example_branch_python_dop_operator_3.py
[2025-06-20T16:36:36.458+0000] {processor.py:830} INFO - Processing file /home/airflow/.local/lib/python3.12/site-packages/airflow/example_dags/example_branch_python_dop_operator_3.py for tasks to queue
[2025-06-20T16:36:36.460+0000] {logging_mixin.py:188} INFO - [2025-06-20T16:36:36.459+0000] {dagbag.py:540} INFO - Filling up the DagBag from /home/airflow/.local/lib/python3.12/site-packages/airflow/example_dags/example_branch_python_dop_operator_3.py
[2025-06-20T16:36:36.468+0000] {processor.py:840} INFO - DAG(s) 'example_branch_dop_operator_v3' retrieved from /home/airflow/.local/lib/python3.12/site-packages/airflow/example_dags/example_branch_python_dop_operator_3.py
[2025-06-20T16:36:36.488+0000] {logging_mixin.py:188} INFO - [2025-06-20T16:36:36.487+0000] {dag.py:3096} INFO - Sync 1 DAGs
[2025-06-20T16:36:36.510+0000] {logging_mixin.py:188} INFO - [2025-06-20T16:36:36.510+0000] {dag.py:3954} INFO - Setting next_dagrun for example_branch_dop_operator_v3 to 2025-06-20 16:35:00+00:00, run_after=2025-06-20 16:36:00+00:00
[2025-06-20T16:36:36.526+0000] {processor.py:183} INFO - Processing /home/airflow/.local/lib/python3.12/site-packages/airflow/example_dags/example_branch_python_dop_operator_3.py took 0.075 seconds
[2025-06-20T16:37:06.863+0000] {processor.py:161} INFO - Started process (PID=1583) to work on /home/airflow/.local/lib/python3.12/site-packages/airflow/example_dags/example_branch_python_dop_operator_3.py
[2025-06-20T16:37:06.864+0000] {processor.py:830} INFO - Processing file /home/airflow/.local/lib/python3.12/site-packages/airflow/example_dags/example_branch_python_dop_operator_3.py for tasks to queue
[2025-06-20T16:37:06.866+0000] {logging_mixin.py:188} INFO - [2025-06-20T16:37:06.866+0000] {dagbag.py:540} INFO - Filling up the DagBag from /home/airflow/.local/lib/python3.12/site-packages/airflow/example_dags/example_branch_python_dop_operator_3.py
[2025-06-20T16:37:06.875+0000] {processor.py:840} INFO - DAG(s) 'example_branch_dop_operator_v3' retrieved from /home/airflow/.local/lib/python3.12/site-packages/airflow/example_dags/example_branch_python_dop_operator_3.py
[2025-06-20T16:37:06.895+0000] {logging_mixin.py:188} INFO - [2025-06-20T16:37:06.895+0000] {dag.py:3096} INFO - Sync 1 DAGs
[2025-06-20T16:37:06.919+0000] {logging_mixin.py:188} INFO - [2025-06-20T16:37:06.919+0000] {dag.py:3954} INFO - Setting next_dagrun for example_branch_dop_operator_v3 to 2025-06-20 16:36:00+00:00, run_after=2025-06-20 16:37:00+00:00
[2025-06-20T16:37:06.935+0000] {processor.py:183} INFO - Processing /home/airflow/.local/lib/python3.12/site-packages/airflow/example_dags/example_branch_python_dop_operator_3.py took 0.078 seconds
[2025-06-20T16:37:37.190+0000] {processor.py:161} INFO - Started process (PID=1642) to work on /home/airflow/.local/lib/python3.12/site-packages/airflow/example_dags/example_branch_python_dop_operator_3.py
[2025-06-20T16:37:37.191+0000] {processor.py:830} INFO - Processing file /home/airflow/.local/lib/python3.12/site-packages/airflow/example_dags/example_branch_python_dop_operator_3.py for tasks to queue
[2025-06-20T16:37:37.193+0000] {logging_mixin.py:188} INFO - [2025-06-20T16:37:37.193+0000] {dagbag.py:540} INFO - Filling up the DagBag from /home/airflow/.local/lib/python3.12/site-packages/airflow/example_dags/example_branch_python_dop_operator_3.py
[2025-06-20T16:37:37.201+0000] {processor.py:840} INFO - DAG(s) 'example_branch_dop_operator_v3' retrieved from /home/airflow/.local/lib/python3.12/site-packages/airflow/example_dags/example_branch_python_dop_operator_3.py
[2025-06-20T16:37:37.224+0000] {logging_mixin.py:188} INFO - [2025-06-20T16:37:37.224+0000] {dag.py:3096} INFO - Sync 1 DAGs
[2025-06-20T16:37:37.247+0000] {logging_mixin.py:188} INFO - [2025-06-20T16:37:37.247+0000] {dag.py:3954} INFO - Setting next_dagrun for example_branch_dop_operator_v3 to 2025-06-20 16:36:00+00:00, run_after=2025-06-20 16:37:00+00:00
[2025-06-20T16:37:37.263+0000] {processor.py:183} INFO - Processing /home/airflow/.local/lib/python3.12/site-packages/airflow/example_dags/example_branch_python_dop_operator_3.py took 0.080 seconds
[2025-06-20T16:38:07.400+0000] {processor.py:161} INFO - Started process (PID=1701) to work on /home/airflow/.local/lib/python3.12/site-packages/airflow/example_dags/example_branch_python_dop_operator_3.py
[2025-06-20T16:38:07.401+0000] {processor.py:830} INFO - Processing file /home/airflow/.local/lib/python3.12/site-packages/airflow/example_dags/example_branch_python_dop_operator_3.py for tasks to queue
[2025-06-20T16:38:07.403+0000] {logging_mixin.py:188} INFO - [2025-06-20T16:38:07.402+0000] {dagbag.py:540} INFO - Filling up the DagBag from /home/airflow/.local/lib/python3.12/site-packages/airflow/example_dags/example_branch_python_dop_operator_3.py
[2025-06-20T16:38:07.411+0000] {processor.py:840} INFO - DAG(s) 'example_branch_dop_operator_v3' retrieved from /home/airflow/.local/lib/python3.12/site-packages/airflow/example_dags/example_branch_python_dop_operator_3.py
[2025-06-20T16:38:07.431+0000] {logging_mixin.py:188} INFO - [2025-06-20T16:38:07.431+0000] {dag.py:3096} INFO - Sync 1 DAGs
[2025-06-20T16:38:07.454+0000] {logging_mixin.py:188} INFO - [2025-06-20T16:38:07.454+0000] {dag.py:3954} INFO - Setting next_dagrun for example_branch_dop_operator_v3 to 2025-06-20 16:37:00+00:00, run_after=2025-06-20 16:38:00+00:00
[2025-06-20T16:38:07.470+0000] {processor.py:183} INFO - Processing /home/airflow/.local/lib/python3.12/site-packages/airflow/example_dags/example_branch_python_dop_operator_3.py took 0.076 seconds
[2025-06-20T16:38:38.005+0000] {processor.py:161} INFO - Started process (PID=1760) to work on /home/airflow/.local/lib/python3.12/site-packages/airflow/example_dags/example_branch_python_dop_operator_3.py
[2025-06-20T16:38:38.006+0000] {processor.py:830} INFO - Processing file /home/airflow/.local/lib/python3.12/site-packages/airflow/example_dags/example_branch_python_dop_operator_3.py for tasks to queue
[2025-06-20T16:38:38.008+0000] {logging_mixin.py:188} INFO - [2025-06-20T16:38:38.008+0000] {dagbag.py:540} INFO - Filling up the DagBag from /home/airflow/.local/lib/python3.12/site-packages/airflow/example_dags/example_branch_python_dop_operator_3.py
[2025-06-20T16:38:38.016+0000] {processor.py:840} INFO - DAG(s) 'example_branch_dop_operator_v3' retrieved from /home/airflow/.local/lib/python3.12/site-packages/airflow/example_dags/example_branch_python_dop_operator_3.py
[2025-06-20T16:38:38.036+0000] {logging_mixin.py:188} INFO - [2025-06-20T16:38:38.036+0000] {dag.py:3096} INFO - Sync 1 DAGs
[2025-06-20T16:38:38.059+0000] {logging_mixin.py:188} INFO - [2025-06-20T16:38:38.059+0000] {dag.py:3954} INFO - Setting next_dagrun for example_branch_dop_operator_v3 to 2025-06-20 16:37:00+00:00, run_after=2025-06-20 16:38:00+00:00
[2025-06-20T16:38:38.075+0000] {processor.py:183} INFO - Processing /home/airflow/.local/lib/python3.12/site-packages/airflow/example_dags/example_branch_python_dop_operator_3.py took 0.076 seconds
[2025-06-20T16:39:08.122+0000] {processor.py:161} INFO - Started process (PID=1818) to work on /home/airflow/.local/lib/python3.12/site-packages/airflow/example_dags/example_branch_python_dop_operator_3.py
[2025-06-20T16:39:08.123+0000] {processor.py:830} INFO - Processing file /home/airflow/.local/lib/python3.12/site-packages/airflow/example_dags/example_branch_python_dop_operator_3.py for tasks to queue
[2025-06-20T16:39:08.125+0000] {logging_mixin.py:188} INFO - [2025-06-20T16:39:08.125+0000] {dagbag.py:540} INFO - Filling up the DagBag from /home/airflow/.local/lib/python3.12/site-packages/airflow/example_dags/example_branch_python_dop_operator_3.py
[2025-06-20T16:39:08.134+0000] {processor.py:840} INFO - DAG(s) 'example_branch_dop_operator_v3' retrieved from /home/airflow/.local/lib/python3.12/site-packages/airflow/example_dags/example_branch_python_dop_operator_3.py
[2025-06-20T16:39:08.154+0000] {logging_mixin.py:188} INFO - [2025-06-20T16:39:08.153+0000] {dag.py:3096} INFO - Sync 1 DAGs
[2025-06-20T16:39:08.176+0000] {logging_mixin.py:188} INFO - [2025-06-20T16:39:08.176+0000] {dag.py:3954} INFO - Setting next_dagrun for example_branch_dop_operator_v3 to 2025-06-20 16:38:00+00:00, run_after=2025-06-20 16:39:00+00:00
[2025-06-20T16:39:08.192+0000] {processor.py:183} INFO - Processing /home/airflow/.local/lib/python3.12/site-packages/airflow/example_dags/example_branch_python_dop_operator_3.py took 0.076 seconds
[2025-06-20T16:39:38.268+0000] {processor.py:161} INFO - Started process (PID=1877) to work on /home/airflow/.local/lib/python3.12/site-packages/airflow/example_dags/example_branch_python_dop_operator_3.py
[2025-06-20T16:39:38.268+0000] {processor.py:830} INFO - Processing file /home/airflow/.local/lib/python3.12/site-packages/airflow/example_dags/example_branch_python_dop_operator_3.py for tasks to queue
[2025-06-20T16:39:38.270+0000] {logging_mixin.py:188} INFO - [2025-06-20T16:39:38.270+0000] {dagbag.py:540} INFO - Filling up the DagBag from /home/airflow/.local/lib/python3.12/site-packages/airflow/example_dags/example_branch_python_dop_operator_3.py
[2025-06-20T16:39:38.283+0000] {processor.py:840} INFO - DAG(s) 'example_branch_dop_operator_v3' retrieved from /home/airflow/.local/lib/python3.12/site-packages/airflow/example_dags/example_branch_python_dop_operator_3.py
[2025-06-20T16:39:38.303+0000] {logging_mixin.py:188} INFO - [2025-06-20T16:39:38.303+0000] {dag.py:3096} INFO - Sync 1 DAGs
[2025-06-20T16:39:38.326+0000] {logging_mixin.py:188} INFO - [2025-06-20T16:39:38.326+0000] {dag.py:3954} INFO - Setting next_dagrun for example_branch_dop_operator_v3 to 2025-06-20 16:38:00+00:00, run_after=2025-06-20 16:39:00+00:00
[2025-06-20T16:39:38.342+0000] {processor.py:183} INFO - Processing /home/airflow/.local/lib/python3.12/site-packages/airflow/example_dags/example_branch_python_dop_operator_3.py took 0.081 seconds
[2025-06-20T16:40:08.659+0000] {processor.py:161} INFO - Started process (PID=1936) to work on /home/airflow/.local/lib/python3.12/site-packages/airflow/example_dags/example_branch_python_dop_operator_3.py
[2025-06-20T16:40:08.660+0000] {processor.py:830} INFO - Processing file /home/airflow/.local/lib/python3.12/site-packages/airflow/example_dags/example_branch_python_dop_operator_3.py for tasks to queue
[2025-06-20T16:40:08.661+0000] {logging_mixin.py:188} INFO - [2025-06-20T16:40:08.661+0000] {dagbag.py:540} INFO - Filling up the DagBag from /home/airflow/.local/lib/python3.12/site-packages/airflow/example_dags/example_branch_python_dop_operator_3.py
[2025-06-20T16:40:08.670+0000] {processor.py:840} INFO - DAG(s) 'example_branch_dop_operator_v3' retrieved from /home/airflow/.local/lib/python3.12/site-packages/airflow/example_dags/example_branch_python_dop_operator_3.py
[2025-06-20T16:40:08.691+0000] {logging_mixin.py:188} INFO - [2025-06-20T16:40:08.690+0000] {dag.py:3096} INFO - Sync 1 DAGs
[2025-06-20T16:40:08.713+0000] {logging_mixin.py:188} INFO - [2025-06-20T16:40:08.713+0000] {dag.py:3954} INFO - Setting next_dagrun for example_branch_dop_operator_v3 to 2025-06-20 16:39:00+00:00, run_after=2025-06-20 16:40:00+00:00
[2025-06-20T16:40:08.729+0000] {processor.py:183} INFO - Processing /home/airflow/.local/lib/python3.12/site-packages/airflow/example_dags/example_branch_python_dop_operator_3.py took 0.078 seconds
[2025-06-20T16:40:39.638+0000] {processor.py:161} INFO - Started process (PID=1996) to work on /home/airflow/.local/lib/python3.12/site-packages/airflow/example_dags/example_branch_python_dop_operator_3.py
[2025-06-20T16:40:39.639+0000] {processor.py:830} INFO - Processing file /home/airflow/.local/lib/python3.12/site-packages/airflow/example_dags/example_branch_python_dop_operator_3.py for tasks to queue
[2025-06-20T16:40:39.641+0000] {logging_mixin.py:188} INFO - [2025-06-20T16:40:39.641+0000] {dagbag.py:540} INFO - Filling up the DagBag from /home/airflow/.local/lib/python3.12/site-packages/airflow/example_dags/example_branch_python_dop_operator_3.py
[2025-06-20T16:40:39.649+0000] {processor.py:840} INFO - DAG(s) 'example_branch_dop_operator_v3' retrieved from /home/airflow/.local/lib/python3.12/site-packages/airflow/example_dags/example_branch_python_dop_operator_3.py
[2025-06-20T16:40:39.668+0000] {logging_mixin.py:188} INFO - [2025-06-20T16:40:39.668+0000] {dag.py:3096} INFO - Sync 1 DAGs
[2025-06-20T16:40:39.691+0000] {logging_mixin.py:188} INFO - [2025-06-20T16:40:39.691+0000] {dag.py:3954} INFO - Setting next_dagrun for example_branch_dop_operator_v3 to 2025-06-20 16:39:00+00:00, run_after=2025-06-20 16:40:00+00:00
[2025-06-20T16:40:39.707+0000] {processor.py:183} INFO - Processing /home/airflow/.local/lib/python3.12/site-packages/airflow/example_dags/example_branch_python_dop_operator_3.py took 0.074 seconds
[2025-06-20T16:41:10.599+0000] {processor.py:161} INFO - Started process (PID=2055) to work on /home/airflow/.local/lib/python3.12/site-packages/airflow/example_dags/example_branch_python_dop_operator_3.py
[2025-06-20T16:41:10.600+0000] {processor.py:830} INFO - Processing file /home/airflow/.local/lib/python3.12/site-packages/airflow/example_dags/example_branch_python_dop_operator_3.py for tasks to queue
[2025-06-20T16:41:10.602+0000] {logging_mixin.py:188} INFO - [2025-06-20T16:41:10.601+0000] {dagbag.py:540} INFO - Filling up the DagBag from /home/airflow/.local/lib/python3.12/site-packages/airflow/example_dags/example_branch_python_dop_operator_3.py
[2025-06-20T16:41:10.610+0000] {processor.py:840} INFO - DAG(s) 'example_branch_dop_operator_v3' retrieved from /home/airflow/.local/lib/python3.12/site-packages/airflow/example_dags/example_branch_python_dop_operator_3.py
[2025-06-20T16:41:10.629+0000] {logging_mixin.py:188} INFO - [2025-06-20T16:41:10.628+0000] {dag.py:3096} INFO - Sync 1 DAGs
[2025-06-20T16:41:10.653+0000] {logging_mixin.py:188} INFO - [2025-06-20T16:41:10.653+0000] {dag.py:3954} INFO - Setting next_dagrun for example_branch_dop_operator_v3 to 2025-06-20 16:40:00+00:00, run_after=2025-06-20 16:41:00+00:00
[2025-06-20T16:41:10.670+0000] {processor.py:183} INFO - Processing /home/airflow/.local/lib/python3.12/site-packages/airflow/example_dags/example_branch_python_dop_operator_3.py took 0.077 seconds
[2025-06-20T16:41:41.588+0000] {processor.py:161} INFO - Started process (PID=2114) to work on /home/airflow/.local/lib/python3.12/site-packages/airflow/example_dags/example_branch_python_dop_operator_3.py
[2025-06-20T16:41:41.589+0000] {processor.py:830} INFO - Processing file /home/airflow/.local/lib/python3.12/site-packages/airflow/example_dags/example_branch_python_dop_operator_3.py for tasks to queue
[2025-06-20T16:41:41.591+0000] {logging_mixin.py:188} INFO - [2025-06-20T16:41:41.591+0000] {dagbag.py:540} INFO - Filling up the DagBag from /home/airflow/.local/lib/python3.12/site-packages/airflow/example_dags/example_branch_python_dop_operator_3.py
[2025-06-20T16:41:41.600+0000] {processor.py:840} INFO - DAG(s) 'example_branch_dop_operator_v3' retrieved from /home/airflow/.local/lib/python3.12/site-packages/airflow/example_dags/example_branch_python_dop_operator_3.py
[2025-06-20T16:41:41.621+0000] {logging_mixin.py:188} INFO - [2025-06-20T16:41:41.621+0000] {dag.py:3096} INFO - Sync 1 DAGs
[2025-06-20T16:41:41.644+0000] {logging_mixin.py:188} INFO - [2025-06-20T16:41:41.644+0000] {dag.py:3954} INFO - Setting next_dagrun for example_branch_dop_operator_v3 to 2025-06-20 16:40:00+00:00, run_after=2025-06-20 16:41:00+00:00
[2025-06-20T16:41:41.660+0000] {processor.py:183} INFO - Processing /home/airflow/.local/lib/python3.12/site-packages/airflow/example_dags/example_branch_python_dop_operator_3.py took 0.078 seconds
[2025-06-20T16:42:11.782+0000] {processor.py:161} INFO - Started process (PID=2172) to work on /home/airflow/.local/lib/python3.12/site-packages/airflow/example_dags/example_branch_python_dop_operator_3.py
[2025-06-20T16:42:11.783+0000] {processor.py:830} INFO - Processing file /home/airflow/.local/lib/python3.12/site-packages/airflow/example_dags/example_branch_python_dop_operator_3.py for tasks to queue
[2025-06-20T16:42:11.785+0000] {logging_mixin.py:188} INFO - [2025-06-20T16:42:11.784+0000] {dagbag.py:540} INFO - Filling up the DagBag from /home/airflow/.local/lib/python3.12/site-packages/airflow/example_dags/example_branch_python_dop_operator_3.py
[2025-06-20T16:42:11.793+0000] {processor.py:840} INFO - DAG(s) 'example_branch_dop_operator_v3' retrieved from /home/airflow/.local/lib/python3.12/site-packages/airflow/example_dags/example_branch_python_dop_operator_3.py
[2025-06-20T16:42:11.816+0000] {logging_mixin.py:188} INFO - [2025-06-20T16:42:11.816+0000] {dag.py:3096} INFO - Sync 1 DAGs
[2025-06-20T16:42:11.849+0000] {logging_mixin.py:188} INFO - [2025-06-20T16:42:11.849+0000] {dag.py:3954} INFO - Setting next_dagrun for example_branch_dop_operator_v3 to 2025-06-20 16:41:00+00:00, run_after=2025-06-20 16:42:00+00:00
[2025-06-20T16:42:11.869+0000] {processor.py:183} INFO - Processing /home/airflow/.local/lib/python3.12/site-packages/airflow/example_dags/example_branch_python_dop_operator_3.py took 0.093 seconds
[2025-06-20T16:42:41.978+0000] {processor.py:161} INFO - Started process (PID=2229) to work on /home/airflow/.local/lib/python3.12/site-packages/airflow/example_dags/example_branch_python_dop_operator_3.py
[2025-06-20T16:42:41.979+0000] {processor.py:830} INFO - Processing file /home/airflow/.local/lib/python3.12/site-packages/airflow/example_dags/example_branch_python_dop_operator_3.py for tasks to queue
[2025-06-20T16:42:41.981+0000] {logging_mixin.py:188} INFO - [2025-06-20T16:42:41.981+0000] {dagbag.py:540} INFO - Filling up the DagBag from /home/airflow/.local/lib/python3.12/site-packages/airflow/example_dags/example_branch_python_dop_operator_3.py
[2025-06-20T16:42:41.990+0000] {processor.py:840} INFO - DAG(s) 'example_branch_dop_operator_v3' retrieved from /home/airflow/.local/lib/python3.12/site-packages/airflow/example_dags/example_branch_python_dop_operator_3.py
[2025-06-20T16:42:42.010+0000] {logging_mixin.py:188} INFO - [2025-06-20T16:42:42.010+0000] {dag.py:3096} INFO - Sync 1 DAGs
[2025-06-20T16:42:42.033+0000] {logging_mixin.py:188} INFO - [2025-06-20T16:42:42.033+0000] {dag.py:3954} INFO - Setting next_dagrun for example_branch_dop_operator_v3 to 2025-06-20 16:41:00+00:00, run_after=2025-06-20 16:42:00+00:00
[2025-06-20T16:42:42.051+0000] {processor.py:183} INFO - Processing /home/airflow/.local/lib/python3.12/site-packages/airflow/example_dags/example_branch_python_dop_operator_3.py took 0.082 seconds
[2025-06-20T16:43:12.674+0000] {processor.py:161} INFO - Started process (PID=2288) to work on /home/airflow/.local/lib/python3.12/site-packages/airflow/example_dags/example_branch_python_dop_operator_3.py
[2025-06-20T16:43:12.675+0000] {processor.py:830} INFO - Processing file /home/airflow/.local/lib/python3.12/site-packages/airflow/example_dags/example_branch_python_dop_operator_3.py for tasks to queue
[2025-06-20T16:43:12.678+0000] {logging_mixin.py:188} INFO - [2025-06-20T16:43:12.677+0000] {dagbag.py:540} INFO - Filling up the DagBag from /home/airflow/.local/lib/python3.12/site-packages/airflow/example_dags/example_branch_python_dop_operator_3.py
[2025-06-20T16:43:12.686+0000] {processor.py:840} INFO - DAG(s) 'example_branch_dop_operator_v3' retrieved from /home/airflow/.local/lib/python3.12/site-packages/airflow/example_dags/example_branch_python_dop_operator_3.py
[2025-06-20T16:43:12.706+0000] {logging_mixin.py:188} INFO - [2025-06-20T16:43:12.705+0000] {dag.py:3096} INFO - Sync 1 DAGs
[2025-06-20T16:43:12.731+0000] {logging_mixin.py:188} INFO - [2025-06-20T16:43:12.731+0000] {dag.py:3954} INFO - Setting next_dagrun for example_branch_dop_operator_v3 to 2025-06-20 16:42:00+00:00, run_after=2025-06-20 16:43:00+00:00
[2025-06-20T16:43:12.748+0000] {processor.py:183} INFO - Processing /home/airflow/.local/lib/python3.12/site-packages/airflow/example_dags/example_branch_python_dop_operator_3.py took 0.080 seconds
[2025-06-20T16:44:16.108+0000] {processor.py:161} INFO - Started process (PID=108) to work on /home/airflow/.local/lib/python3.12/site-packages/airflow/example_dags/example_branch_python_dop_operator_3.py
[2025-06-20T16:44:16.109+0000] {processor.py:830} INFO - Processing file /home/airflow/.local/lib/python3.12/site-packages/airflow/example_dags/example_branch_python_dop_operator_3.py for tasks to queue
[2025-06-20T16:44:16.111+0000] {logging_mixin.py:188} INFO - [2025-06-20T16:44:16.111+0000] {dagbag.py:540} INFO - Filling up the DagBag from /home/airflow/.local/lib/python3.12/site-packages/airflow/example_dags/example_branch_python_dop_operator_3.py
[2025-06-20T16:44:16.120+0000] {processor.py:840} INFO - DAG(s) 'example_branch_dop_operator_v3' retrieved from /home/airflow/.local/lib/python3.12/site-packages/airflow/example_dags/example_branch_python_dop_operator_3.py
[2025-06-20T16:44:16.224+0000] {logging_mixin.py:188} INFO - [2025-06-20T16:44:16.224+0000] {override.py:1829} INFO - Created Permission View: can delete on DAG:example_branch_dop_operator_v3
[2025-06-20T16:44:16.234+0000] {logging_mixin.py:188} INFO - [2025-06-20T16:44:16.233+0000] {override.py:1829} INFO - Created Permission View: can read on DAG:example_branch_dop_operator_v3
[2025-06-20T16:44:16.240+0000] {logging_mixin.py:188} INFO - [2025-06-20T16:44:16.240+0000] {override.py:1829} INFO - Created Permission View: can edit on DAG:example_branch_dop_operator_v3
[2025-06-20T16:44:16.241+0000] {logging_mixin.py:188} INFO - [2025-06-20T16:44:16.240+0000] {dag.py:3096} INFO - Sync 1 DAGs
[2025-06-20T16:44:16.254+0000] {logging_mixin.py:188} INFO - [2025-06-20T16:44:16.254+0000] {dag.py:3118} INFO - Creating ORM DAG for example_branch_dop_operator_v3
[2025-06-20T16:44:16.270+0000] {logging_mixin.py:188} INFO - [2025-06-20T16:44:16.270+0000] {dag.py:3954} INFO - Setting next_dagrun for example_branch_dop_operator_v3 to 2025-06-20 16:43:00+00:00, run_after=2025-06-20 16:44:00+00:00
[2025-06-20T16:44:16.285+0000] {processor.py:183} INFO - Processing /home/airflow/.local/lib/python3.12/site-packages/airflow/example_dags/example_branch_python_dop_operator_3.py took 0.183 seconds
[2025-06-20T16:44:46.391+0000] {processor.py:161} INFO - Started process (PID=168) to work on /home/airflow/.local/lib/python3.12/site-packages/airflow/example_dags/example_branch_python_dop_operator_3.py
[2025-06-20T16:44:46.392+0000] {processor.py:830} INFO - Processing file /home/airflow/.local/lib/python3.12/site-packages/airflow/example_dags/example_branch_python_dop_operator_3.py for tasks to queue
[2025-06-20T16:44:46.394+0000] {logging_mixin.py:188} INFO - [2025-06-20T16:44:46.393+0000] {dagbag.py:540} INFO - Filling up the DagBag from /home/airflow/.local/lib/python3.12/site-packages/airflow/example_dags/example_branch_python_dop_operator_3.py
[2025-06-20T16:44:46.402+0000] {processor.py:840} INFO - DAG(s) 'example_branch_dop_operator_v3' retrieved from /home/airflow/.local/lib/python3.12/site-packages/airflow/example_dags/example_branch_python_dop_operator_3.py
[2025-06-20T16:44:46.422+0000] {logging_mixin.py:188} INFO - [2025-06-20T16:44:46.422+0000] {dag.py:3096} INFO - Sync 1 DAGs
[2025-06-20T16:44:46.447+0000] {logging_mixin.py:188} INFO - [2025-06-20T16:44:46.446+0000] {dag.py:3954} INFO - Setting next_dagrun for example_branch_dop_operator_v3 to 2025-06-20 16:43:00+00:00, run_after=2025-06-20 16:44:00+00:00
[2025-06-20T16:44:46.462+0000] {processor.py:183} INFO - Processing /home/airflow/.local/lib/python3.12/site-packages/airflow/example_dags/example_branch_python_dop_operator_3.py took 0.079 seconds
[2025-06-20T16:45:16.758+0000] {processor.py:161} INFO - Started process (PID=227) to work on /home/airflow/.local/lib/python3.12/site-packages/airflow/example_dags/example_branch_python_dop_operator_3.py
[2025-06-20T16:45:16.759+0000] {processor.py:830} INFO - Processing file /home/airflow/.local/lib/python3.12/site-packages/airflow/example_dags/example_branch_python_dop_operator_3.py for tasks to queue
[2025-06-20T16:45:16.762+0000] {logging_mixin.py:188} INFO - [2025-06-20T16:45:16.761+0000] {dagbag.py:540} INFO - Filling up the DagBag from /home/airflow/.local/lib/python3.12/site-packages/airflow/example_dags/example_branch_python_dop_operator_3.py
[2025-06-20T16:45:16.770+0000] {processor.py:840} INFO - DAG(s) 'example_branch_dop_operator_v3' retrieved from /home/airflow/.local/lib/python3.12/site-packages/airflow/example_dags/example_branch_python_dop_operator_3.py
[2025-06-20T16:45:16.790+0000] {logging_mixin.py:188} INFO - [2025-06-20T16:45:16.790+0000] {dag.py:3096} INFO - Sync 1 DAGs
[2025-06-20T16:45:16.815+0000] {logging_mixin.py:188} INFO - [2025-06-20T16:45:16.815+0000] {dag.py:3954} INFO - Setting next_dagrun for example_branch_dop_operator_v3 to 2025-06-20 16:44:00+00:00, run_after=2025-06-20 16:45:00+00:00
[2025-06-20T16:45:16.831+0000] {processor.py:183} INFO - Processing /home/airflow/.local/lib/python3.12/site-packages/airflow/example_dags/example_branch_python_dop_operator_3.py took 0.079 seconds
[2025-06-20T16:45:47.190+0000] {processor.py:161} INFO - Started process (PID=286) to work on /home/airflow/.local/lib/python3.12/site-packages/airflow/example_dags/example_branch_python_dop_operator_3.py
[2025-06-20T16:45:47.191+0000] {processor.py:830} INFO - Processing file /home/airflow/.local/lib/python3.12/site-packages/airflow/example_dags/example_branch_python_dop_operator_3.py for tasks to queue
[2025-06-20T16:45:47.193+0000] {logging_mixin.py:188} INFO - [2025-06-20T16:45:47.193+0000] {dagbag.py:540} INFO - Filling up the DagBag from /home/airflow/.local/lib/python3.12/site-packages/airflow/example_dags/example_branch_python_dop_operator_3.py
[2025-06-20T16:45:47.202+0000] {processor.py:840} INFO - DAG(s) 'example_branch_dop_operator_v3' retrieved from /home/airflow/.local/lib/python3.12/site-packages/airflow/example_dags/example_branch_python_dop_operator_3.py
[2025-06-20T16:45:47.221+0000] {logging_mixin.py:188} INFO - [2025-06-20T16:45:47.221+0000] {dag.py:3096} INFO - Sync 1 DAGs
[2025-06-20T16:45:47.244+0000] {logging_mixin.py:188} INFO - [2025-06-20T16:45:47.244+0000] {dag.py:3954} INFO - Setting next_dagrun for example_branch_dop_operator_v3 to 2025-06-20 16:44:00+00:00, run_after=2025-06-20 16:45:00+00:00
[2025-06-20T16:45:47.259+0000] {processor.py:183} INFO - Processing /home/airflow/.local/lib/python3.12/site-packages/airflow/example_dags/example_branch_python_dop_operator_3.py took 0.075 seconds
[2025-06-20T16:46:17.516+0000] {processor.py:161} INFO - Started process (PID=345) to work on /home/airflow/.local/lib/python3.12/site-packages/airflow/example_dags/example_branch_python_dop_operator_3.py
[2025-06-20T16:46:17.516+0000] {processor.py:830} INFO - Processing file /home/airflow/.local/lib/python3.12/site-packages/airflow/example_dags/example_branch_python_dop_operator_3.py for tasks to queue
[2025-06-20T16:46:17.518+0000] {logging_mixin.py:188} INFO - [2025-06-20T16:46:17.518+0000] {dagbag.py:540} INFO - Filling up the DagBag from /home/airflow/.local/lib/python3.12/site-packages/airflow/example_dags/example_branch_python_dop_operator_3.py
[2025-06-20T16:46:17.527+0000] {processor.py:840} INFO - DAG(s) 'example_branch_dop_operator_v3' retrieved from /home/airflow/.local/lib/python3.12/site-packages/airflow/example_dags/example_branch_python_dop_operator_3.py
[2025-06-20T16:46:17.545+0000] {logging_mixin.py:188} INFO - [2025-06-20T16:46:17.545+0000] {dag.py:3096} INFO - Sync 1 DAGs
[2025-06-20T16:46:17.571+0000] {logging_mixin.py:188} INFO - [2025-06-20T16:46:17.571+0000] {dag.py:3954} INFO - Setting next_dagrun for example_branch_dop_operator_v3 to 2025-06-20 16:45:00+00:00, run_after=2025-06-20 16:46:00+00:00
[2025-06-20T16:46:17.588+0000] {processor.py:183} INFO - Processing /home/airflow/.local/lib/python3.12/site-packages/airflow/example_dags/example_branch_python_dop_operator_3.py took 0.078 seconds
[2025-06-20T16:46:47.779+0000] {processor.py:161} INFO - Started process (PID=404) to work on /home/airflow/.local/lib/python3.12/site-packages/airflow/example_dags/example_branch_python_dop_operator_3.py
[2025-06-20T16:46:47.780+0000] {processor.py:830} INFO - Processing file /home/airflow/.local/lib/python3.12/site-packages/airflow/example_dags/example_branch_python_dop_operator_3.py for tasks to queue
[2025-06-20T16:46:47.782+0000] {logging_mixin.py:188} INFO - [2025-06-20T16:46:47.782+0000] {dagbag.py:540} INFO - Filling up the DagBag from /home/airflow/.local/lib/python3.12/site-packages/airflow/example_dags/example_branch_python_dop_operator_3.py
[2025-06-20T16:46:47.790+0000] {processor.py:840} INFO - DAG(s) 'example_branch_dop_operator_v3' retrieved from /home/airflow/.local/lib/python3.12/site-packages/airflow/example_dags/example_branch_python_dop_operator_3.py
[2025-06-20T16:46:47.810+0000] {logging_mixin.py:188} INFO - [2025-06-20T16:46:47.810+0000] {dag.py:3096} INFO - Sync 1 DAGs
[2025-06-20T16:46:47.833+0000] {logging_mixin.py:188} INFO - [2025-06-20T16:46:47.833+0000] {dag.py:3954} INFO - Setting next_dagrun for example_branch_dop_operator_v3 to 2025-06-20 16:45:00+00:00, run_after=2025-06-20 16:46:00+00:00
[2025-06-20T16:46:47.849+0000] {processor.py:183} INFO - Processing /home/airflow/.local/lib/python3.12/site-packages/airflow/example_dags/example_branch_python_dop_operator_3.py took 0.076 seconds
[2025-06-20T16:47:18.140+0000] {processor.py:161} INFO - Started process (PID=462) to work on /home/airflow/.local/lib/python3.12/site-packages/airflow/example_dags/example_branch_python_dop_operator_3.py
[2025-06-20T16:47:18.141+0000] {processor.py:830} INFO - Processing file /home/airflow/.local/lib/python3.12/site-packages/airflow/example_dags/example_branch_python_dop_operator_3.py for tasks to queue
[2025-06-20T16:47:18.143+0000] {logging_mixin.py:188} INFO - [2025-06-20T16:47:18.143+0000] {dagbag.py:540} INFO - Filling up the DagBag from /home/airflow/.local/lib/python3.12/site-packages/airflow/example_dags/example_branch_python_dop_operator_3.py
[2025-06-20T16:47:18.151+0000] {processor.py:840} INFO - DAG(s) 'example_branch_dop_operator_v3' retrieved from /home/airflow/.local/lib/python3.12/site-packages/airflow/example_dags/example_branch_python_dop_operator_3.py
[2025-06-20T16:47:18.171+0000] {logging_mixin.py:188} INFO - [2025-06-20T16:47:18.170+0000] {dag.py:3096} INFO - Sync 1 DAGs
[2025-06-20T16:47:18.194+0000] {logging_mixin.py:188} INFO - [2025-06-20T16:47:18.194+0000] {dag.py:3954} INFO - Setting next_dagrun for example_branch_dop_operator_v3 to 2025-06-20 16:46:00+00:00, run_after=2025-06-20 16:47:00+00:00
[2025-06-20T16:47:18.209+0000] {processor.py:183} INFO - Processing /home/airflow/.local/lib/python3.12/site-packages/airflow/example_dags/example_branch_python_dop_operator_3.py took 0.075 seconds
[2025-06-20T16:47:48.495+0000] {processor.py:161} INFO - Started process (PID=521) to work on /home/airflow/.local/lib/python3.12/site-packages/airflow/example_dags/example_branch_python_dop_operator_3.py
[2025-06-20T16:47:48.496+0000] {processor.py:830} INFO - Processing file /home/airflow/.local/lib/python3.12/site-packages/airflow/example_dags/example_branch_python_dop_operator_3.py for tasks to queue
[2025-06-20T16:47:48.498+0000] {logging_mixin.py:188} INFO - [2025-06-20T16:47:48.498+0000] {dagbag.py:540} INFO - Filling up the DagBag from /home/airflow/.local/lib/python3.12/site-packages/airflow/example_dags/example_branch_python_dop_operator_3.py
[2025-06-20T16:47:48.506+0000] {processor.py:840} INFO - DAG(s) 'example_branch_dop_operator_v3' retrieved from /home/airflow/.local/lib/python3.12/site-packages/airflow/example_dags/example_branch_python_dop_operator_3.py
[2025-06-20T16:47:48.526+0000] {logging_mixin.py:188} INFO - [2025-06-20T16:47:48.525+0000] {dag.py:3096} INFO - Sync 1 DAGs
[2025-06-20T16:47:48.549+0000] {logging_mixin.py:188} INFO - [2025-06-20T16:47:48.548+0000] {dag.py:3954} INFO - Setting next_dagrun for example_branch_dop_operator_v3 to 2025-06-20 16:46:00+00:00, run_after=2025-06-20 16:47:00+00:00
[2025-06-20T16:47:48.564+0000] {processor.py:183} INFO - Processing /home/airflow/.local/lib/python3.12/site-packages/airflow/example_dags/example_branch_python_dop_operator_3.py took 0.076 seconds
[2025-06-20T16:48:18.863+0000] {processor.py:161} INFO - Started process (PID=580) to work on /home/airflow/.local/lib/python3.12/site-packages/airflow/example_dags/example_branch_python_dop_operator_3.py
[2025-06-20T16:48:18.864+0000] {processor.py:830} INFO - Processing file /home/airflow/.local/lib/python3.12/site-packages/airflow/example_dags/example_branch_python_dop_operator_3.py for tasks to queue
[2025-06-20T16:48:18.865+0000] {logging_mixin.py:188} INFO - [2025-06-20T16:48:18.865+0000] {dagbag.py:540} INFO - Filling up the DagBag from /home/airflow/.local/lib/python3.12/site-packages/airflow/example_dags/example_branch_python_dop_operator_3.py
[2025-06-20T16:48:18.874+0000] {processor.py:840} INFO - DAG(s) 'example_branch_dop_operator_v3' retrieved from /home/airflow/.local/lib/python3.12/site-packages/airflow/example_dags/example_branch_python_dop_operator_3.py
[2025-06-20T16:48:18.893+0000] {logging_mixin.py:188} INFO - [2025-06-20T16:48:18.893+0000] {dag.py:3096} INFO - Sync 1 DAGs
[2025-06-20T16:48:18.917+0000] {logging_mixin.py:188} INFO - [2025-06-20T16:48:18.916+0000] {dag.py:3954} INFO - Setting next_dagrun for example_branch_dop_operator_v3 to 2025-06-20 16:47:00+00:00, run_after=2025-06-20 16:48:00+00:00
[2025-06-20T16:48:18.932+0000] {processor.py:183} INFO - Processing /home/airflow/.local/lib/python3.12/site-packages/airflow/example_dags/example_branch_python_dop_operator_3.py took 0.075 seconds
[2025-06-20T16:48:49.192+0000] {processor.py:161} INFO - Started process (PID=639) to work on /home/airflow/.local/lib/python3.12/site-packages/airflow/example_dags/example_branch_python_dop_operator_3.py
[2025-06-20T16:48:49.193+0000] {processor.py:830} INFO - Processing file /home/airflow/.local/lib/python3.12/site-packages/airflow/example_dags/example_branch_python_dop_operator_3.py for tasks to queue
[2025-06-20T16:48:49.195+0000] {logging_mixin.py:188} INFO - [2025-06-20T16:48:49.195+0000] {dagbag.py:540} INFO - Filling up the DagBag from /home/airflow/.local/lib/python3.12/site-packages/airflow/example_dags/example_branch_python_dop_operator_3.py
[2025-06-20T16:48:49.203+0000] {processor.py:840} INFO - DAG(s) 'example_branch_dop_operator_v3' retrieved from /home/airflow/.local/lib/python3.12/site-packages/airflow/example_dags/example_branch_python_dop_operator_3.py
[2025-06-20T16:48:49.222+0000] {logging_mixin.py:188} INFO - [2025-06-20T16:48:49.222+0000] {dag.py:3096} INFO - Sync 1 DAGs
[2025-06-20T16:48:49.245+0000] {logging_mixin.py:188} INFO - [2025-06-20T16:48:49.245+0000] {dag.py:3954} INFO - Setting next_dagrun for example_branch_dop_operator_v3 to 2025-06-20 16:47:00+00:00, run_after=2025-06-20 16:48:00+00:00
[2025-06-20T16:48:49.260+0000] {processor.py:183} INFO - Processing /home/airflow/.local/lib/python3.12/site-packages/airflow/example_dags/example_branch_python_dop_operator_3.py took 0.074 seconds
[2025-06-20T16:49:19.640+0000] {processor.py:161} INFO - Started process (PID=698) to work on /home/airflow/.local/lib/python3.12/site-packages/airflow/example_dags/example_branch_python_dop_operator_3.py
[2025-06-20T16:49:19.641+0000] {processor.py:830} INFO - Processing file /home/airflow/.local/lib/python3.12/site-packages/airflow/example_dags/example_branch_python_dop_operator_3.py for tasks to queue
[2025-06-20T16:49:19.643+0000] {logging_mixin.py:188} INFO - [2025-06-20T16:49:19.643+0000] {dagbag.py:540} INFO - Filling up the DagBag from /home/airflow/.local/lib/python3.12/site-packages/airflow/example_dags/example_branch_python_dop_operator_3.py
[2025-06-20T16:49:19.651+0000] {processor.py:840} INFO - DAG(s) 'example_branch_dop_operator_v3' retrieved from /home/airflow/.local/lib/python3.12/site-packages/airflow/example_dags/example_branch_python_dop_operator_3.py
[2025-06-20T16:49:19.670+0000] {logging_mixin.py:188} INFO - [2025-06-20T16:49:19.670+0000] {dag.py:3096} INFO - Sync 1 DAGs
[2025-06-20T16:49:19.693+0000] {logging_mixin.py:188} INFO - [2025-06-20T16:49:19.693+0000] {dag.py:3954} INFO - Setting next_dagrun for example_branch_dop_operator_v3 to 2025-06-20 16:48:00+00:00, run_after=2025-06-20 16:49:00+00:00
[2025-06-20T16:49:19.708+0000] {processor.py:183} INFO - Processing /home/airflow/.local/lib/python3.12/site-packages/airflow/example_dags/example_branch_python_dop_operator_3.py took 0.074 seconds
[2025-06-20T16:49:49.960+0000] {processor.py:161} INFO - Started process (PID=756) to work on /home/airflow/.local/lib/python3.12/site-packages/airflow/example_dags/example_branch_python_dop_operator_3.py
[2025-06-20T16:49:49.962+0000] {processor.py:830} INFO - Processing file /home/airflow/.local/lib/python3.12/site-packages/airflow/example_dags/example_branch_python_dop_operator_3.py for tasks to queue
[2025-06-20T16:49:49.964+0000] {logging_mixin.py:188} INFO - [2025-06-20T16:49:49.963+0000] {dagbag.py:540} INFO - Filling up the DagBag from /home/airflow/.local/lib/python3.12/site-packages/airflow/example_dags/example_branch_python_dop_operator_3.py
[2025-06-20T16:49:49.974+0000] {processor.py:840} INFO - DAG(s) 'example_branch_dop_operator_v3' retrieved from /home/airflow/.local/lib/python3.12/site-packages/airflow/example_dags/example_branch_python_dop_operator_3.py
[2025-06-20T16:49:49.994+0000] {logging_mixin.py:188} INFO - [2025-06-20T16:49:49.994+0000] {dag.py:3096} INFO - Sync 1 DAGs
[2025-06-20T16:49:50.019+0000] {logging_mixin.py:188} INFO - [2025-06-20T16:49:50.019+0000] {dag.py:3954} INFO - Setting next_dagrun for example_branch_dop_operator_v3 to 2025-06-20 16:48:00+00:00, run_after=2025-06-20 16:49:00+00:00
[2025-06-20T16:49:50.036+0000] {processor.py:183} INFO - Processing /home/airflow/.local/lib/python3.12/site-packages/airflow/example_dags/example_branch_python_dop_operator_3.py took 0.084 seconds
[2025-06-20T16:50:20.456+0000] {processor.py:161} INFO - Started process (PID=816) to work on /home/airflow/.local/lib/python3.12/site-packages/airflow/example_dags/example_branch_python_dop_operator_3.py
[2025-06-20T16:50:20.457+0000] {processor.py:830} INFO - Processing file /home/airflow/.local/lib/python3.12/site-packages/airflow/example_dags/example_branch_python_dop_operator_3.py for tasks to queue
[2025-06-20T16:50:20.459+0000] {logging_mixin.py:188} INFO - [2025-06-20T16:50:20.459+0000] {dagbag.py:540} INFO - Filling up the DagBag from /home/airflow/.local/lib/python3.12/site-packages/airflow/example_dags/example_branch_python_dop_operator_3.py
[2025-06-20T16:50:20.471+0000] {processor.py:840} INFO - DAG(s) 'example_branch_dop_operator_v3' retrieved from /home/airflow/.local/lib/python3.12/site-packages/airflow/example_dags/example_branch_python_dop_operator_3.py
[2025-06-20T16:50:20.491+0000] {logging_mixin.py:188} INFO - [2025-06-20T16:50:20.491+0000] {dag.py:3096} INFO - Sync 1 DAGs
[2025-06-20T16:50:20.518+0000] {logging_mixin.py:188} INFO - [2025-06-20T16:50:20.518+0000] {dag.py:3954} INFO - Setting next_dagrun for example_branch_dop_operator_v3 to 2025-06-20 16:49:00+00:00, run_after=2025-06-20 16:50:00+00:00
[2025-06-20T16:50:20.535+0000] {processor.py:183} INFO - Processing /home/airflow/.local/lib/python3.12/site-packages/airflow/example_dags/example_branch_python_dop_operator_3.py took 0.085 seconds
[2025-06-20T16:50:50.856+0000] {processor.py:161} INFO - Started process (PID=875) to work on /home/airflow/.local/lib/python3.12/site-packages/airflow/example_dags/example_branch_python_dop_operator_3.py
[2025-06-20T16:50:50.857+0000] {processor.py:830} INFO - Processing file /home/airflow/.local/lib/python3.12/site-packages/airflow/example_dags/example_branch_python_dop_operator_3.py for tasks to queue
[2025-06-20T16:50:50.859+0000] {logging_mixin.py:188} INFO - [2025-06-20T16:50:50.859+0000] {dagbag.py:540} INFO - Filling up the DagBag from /home/airflow/.local/lib/python3.12/site-packages/airflow/example_dags/example_branch_python_dop_operator_3.py
[2025-06-20T16:50:50.868+0000] {processor.py:840} INFO - DAG(s) 'example_branch_dop_operator_v3' retrieved from /home/airflow/.local/lib/python3.12/site-packages/airflow/example_dags/example_branch_python_dop_operator_3.py
[2025-06-20T16:50:50.890+0000] {logging_mixin.py:188} INFO - [2025-06-20T16:50:50.890+0000] {dag.py:3096} INFO - Sync 1 DAGs
[2025-06-20T16:50:50.915+0000] {logging_mixin.py:188} INFO - [2025-06-20T16:50:50.915+0000] {dag.py:3954} INFO - Setting next_dagrun for example_branch_dop_operator_v3 to 2025-06-20 16:49:00+00:00, run_after=2025-06-20 16:50:00+00:00
[2025-06-20T16:50:50.933+0000] {processor.py:183} INFO - Processing /home/airflow/.local/lib/python3.12/site-packages/airflow/example_dags/example_branch_python_dop_operator_3.py took 0.083 seconds
