[2025-06-20T14:34:46.356+0000] {processor.py:161} INFO - Started process (PID=66) to work on /home/airflow/.local/lib/python3.12/site-packages/airflow/example_dags/example_branch_datetime_operator.py
[2025-06-20T14:34:46.357+0000] {processor.py:830} INFO - Processing file /home/airflow/.local/lib/python3.12/site-packages/airflow/example_dags/example_branch_datetime_operator.py for tasks to queue
[2025-06-20T14:34:46.360+0000] {logging_mixin.py:188} INFO - [2025-06-20T14:34:46.359+0000] {dagbag.py:540} INFO - Filling up the DagBag from /home/airflow/.local/lib/python3.12/site-packages/airflow/example_dags/example_branch_datetime_operator.py
[2025-06-20T14:34:46.375+0000] {processor.py:840} INFO - DAG(s) 'example_branch_datetime_operator_2', 'example_branch_datetime_operator_3', 'example_branch_datetime_operator' retrieved from /home/airflow/.local/lib/python3.12/site-packages/airflow/example_dags/example_branch_datetime_operator.py
[2025-06-20T14:34:46.390+0000] {logging_mixin.py:188} INFO - [2025-06-20T14:34:46.389+0000] {dag.py:3096} INFO - Sync 3 DAGs
[2025-06-20T14:34:46.417+0000] {logging_mixin.py:188} INFO - [2025-06-20T14:34:46.416+0000] {dag.py:3954} INFO - Setting next_dagrun for example_branch_datetime_operator to 2025-06-19 00:00:00+00:00, run_after=2025-06-20 00:00:00+00:00
[2025-06-20T14:34:46.423+0000] {logging_mixin.py:188} INFO - [2025-06-20T14:34:46.422+0000] {dag.py:3954} INFO - Setting next_dagrun for example_branch_datetime_operator_2 to 2025-06-19 00:00:00+00:00, run_after=2025-06-20 00:00:00+00:00
[2025-06-20T14:34:46.425+0000] {logging_mixin.py:188} INFO - [2025-06-20T14:34:46.425+0000] {dag.py:3954} INFO - Setting next_dagrun for example_branch_datetime_operator_3 to 2025-06-19 00:00:00+00:00, run_after=2025-06-20 00:00:00+00:00
[2025-06-20T14:34:46.440+0000] {processor.py:183} INFO - Processing /home/airflow/.local/lib/python3.12/site-packages/airflow/example_dags/example_branch_datetime_operator.py took 0.091 seconds
[2025-06-20T14:35:17.049+0000] {processor.py:161} INFO - Started process (PID=124) to work on /home/airflow/.local/lib/python3.12/site-packages/airflow/example_dags/example_branch_datetime_operator.py
[2025-06-20T14:35:17.050+0000] {processor.py:830} INFO - Processing file /home/airflow/.local/lib/python3.12/site-packages/airflow/example_dags/example_branch_datetime_operator.py for tasks to queue
[2025-06-20T14:35:17.051+0000] {logging_mixin.py:188} INFO - [2025-06-20T14:35:17.051+0000] {dagbag.py:540} INFO - Filling up the DagBag from /home/airflow/.local/lib/python3.12/site-packages/airflow/example_dags/example_branch_datetime_operator.py
[2025-06-20T14:35:17.061+0000] {processor.py:840} INFO - DAG(s) 'example_branch_datetime_operator', 'example_branch_datetime_operator_3', 'example_branch_datetime_operator_2' retrieved from /home/airflow/.local/lib/python3.12/site-packages/airflow/example_dags/example_branch_datetime_operator.py
[2025-06-20T14:35:17.178+0000] {logging_mixin.py:188} INFO - [2025-06-20T14:35:17.178+0000] {dag.py:3096} INFO - Sync 3 DAGs
[2025-06-20T14:35:17.197+0000] {logging_mixin.py:188} INFO - [2025-06-20T14:35:17.196+0000] {dag.py:3954} INFO - Setting next_dagrun for example_branch_datetime_operator to 2025-06-19 00:00:00+00:00, run_after=2025-06-20 00:00:00+00:00
[2025-06-20T14:35:17.200+0000] {logging_mixin.py:188} INFO - [2025-06-20T14:35:17.200+0000] {dag.py:3954} INFO - Setting next_dagrun for example_branch_datetime_operator_2 to 2025-06-19 00:00:00+00:00, run_after=2025-06-20 00:00:00+00:00
[2025-06-20T14:35:17.203+0000] {logging_mixin.py:188} INFO - [2025-06-20T14:35:17.203+0000] {dag.py:3954} INFO - Setting next_dagrun for example_branch_datetime_operator_3 to 2025-06-19 00:00:00+00:00, run_after=2025-06-20 00:00:00+00:00
[2025-06-20T14:35:17.218+0000] {processor.py:183} INFO - Processing /home/airflow/.local/lib/python3.12/site-packages/airflow/example_dags/example_branch_datetime_operator.py took 0.175 seconds
[2025-06-20T14:35:47.461+0000] {processor.py:161} INFO - Started process (PID=181) to work on /home/airflow/.local/lib/python3.12/site-packages/airflow/example_dags/example_branch_datetime_operator.py
[2025-06-20T14:35:47.462+0000] {processor.py:830} INFO - Processing file /home/airflow/.local/lib/python3.12/site-packages/airflow/example_dags/example_branch_datetime_operator.py for tasks to queue
[2025-06-20T14:35:47.465+0000] {logging_mixin.py:188} INFO - [2025-06-20T14:35:47.464+0000] {dagbag.py:540} INFO - Filling up the DagBag from /home/airflow/.local/lib/python3.12/site-packages/airflow/example_dags/example_branch_datetime_operator.py
[2025-06-20T14:35:47.481+0000] {processor.py:840} INFO - DAG(s) 'example_branch_datetime_operator', 'example_branch_datetime_operator_2', 'example_branch_datetime_operator_3' retrieved from /home/airflow/.local/lib/python3.12/site-packages/airflow/example_dags/example_branch_datetime_operator.py
[2025-06-20T14:35:47.518+0000] {logging_mixin.py:188} INFO - [2025-06-20T14:35:47.518+0000] {dag.py:3096} INFO - Sync 3 DAGs
[2025-06-20T14:35:47.543+0000] {logging_mixin.py:188} INFO - [2025-06-20T14:35:47.543+0000] {dag.py:3954} INFO - Setting next_dagrun for example_branch_datetime_operator to 2025-06-19 00:00:00+00:00, run_after=2025-06-20 00:00:00+00:00
[2025-06-20T14:35:47.547+0000] {logging_mixin.py:188} INFO - [2025-06-20T14:35:47.547+0000] {dag.py:3954} INFO - Setting next_dagrun for example_branch_datetime_operator_2 to 2025-06-19 00:00:00+00:00, run_after=2025-06-20 00:00:00+00:00
[2025-06-20T14:35:47.550+0000] {logging_mixin.py:188} INFO - [2025-06-20T14:35:47.550+0000] {dag.py:3954} INFO - Setting next_dagrun for example_branch_datetime_operator_3 to 2025-06-19 00:00:00+00:00, run_after=2025-06-20 00:00:00+00:00
[2025-06-20T14:35:47.565+0000] {processor.py:183} INFO - Processing /home/airflow/.local/lib/python3.12/site-packages/airflow/example_dags/example_branch_datetime_operator.py took 0.114 seconds
[2025-06-20T14:36:17.911+0000] {processor.py:161} INFO - Started process (PID=240) to work on /home/airflow/.local/lib/python3.12/site-packages/airflow/example_dags/example_branch_datetime_operator.py
[2025-06-20T14:36:17.912+0000] {processor.py:830} INFO - Processing file /home/airflow/.local/lib/python3.12/site-packages/airflow/example_dags/example_branch_datetime_operator.py for tasks to queue
[2025-06-20T14:36:17.914+0000] {logging_mixin.py:188} INFO - [2025-06-20T14:36:17.914+0000] {dagbag.py:540} INFO - Filling up the DagBag from /home/airflow/.local/lib/python3.12/site-packages/airflow/example_dags/example_branch_datetime_operator.py
[2025-06-20T14:36:17.924+0000] {processor.py:840} INFO - DAG(s) 'example_branch_datetime_operator_2', 'example_branch_datetime_operator_3', 'example_branch_datetime_operator' retrieved from /home/airflow/.local/lib/python3.12/site-packages/airflow/example_dags/example_branch_datetime_operator.py
[2025-06-20T14:36:17.951+0000] {logging_mixin.py:188} INFO - [2025-06-20T14:36:17.951+0000] {dag.py:3096} INFO - Sync 3 DAGs
[2025-06-20T14:36:17.976+0000] {logging_mixin.py:188} INFO - [2025-06-20T14:36:17.975+0000] {dag.py:3954} INFO - Setting next_dagrun for example_branch_datetime_operator to 2025-06-19 00:00:00+00:00, run_after=2025-06-20 00:00:00+00:00
[2025-06-20T14:36:17.982+0000] {logging_mixin.py:188} INFO - [2025-06-20T14:36:17.982+0000] {dag.py:3954} INFO - Setting next_dagrun for example_branch_datetime_operator_2 to 2025-06-19 00:00:00+00:00, run_after=2025-06-20 00:00:00+00:00
[2025-06-20T14:36:17.985+0000] {logging_mixin.py:188} INFO - [2025-06-20T14:36:17.985+0000] {dag.py:3954} INFO - Setting next_dagrun for example_branch_datetime_operator_3 to 2025-06-19 00:00:00+00:00, run_after=2025-06-20 00:00:00+00:00
[2025-06-20T14:36:18.000+0000] {processor.py:183} INFO - Processing /home/airflow/.local/lib/python3.12/site-packages/airflow/example_dags/example_branch_datetime_operator.py took 0.094 seconds
[2025-06-20T14:36:48.546+0000] {processor.py:161} INFO - Started process (PID=298) to work on /home/airflow/.local/lib/python3.12/site-packages/airflow/example_dags/example_branch_datetime_operator.py
[2025-06-20T14:36:48.547+0000] {processor.py:830} INFO - Processing file /home/airflow/.local/lib/python3.12/site-packages/airflow/example_dags/example_branch_datetime_operator.py for tasks to queue
[2025-06-20T14:36:48.550+0000] {logging_mixin.py:188} INFO - [2025-06-20T14:36:48.549+0000] {dagbag.py:540} INFO - Filling up the DagBag from /home/airflow/.local/lib/python3.12/site-packages/airflow/example_dags/example_branch_datetime_operator.py
[2025-06-20T14:36:48.561+0000] {processor.py:840} INFO - DAG(s) 'example_branch_datetime_operator_2', 'example_branch_datetime_operator', 'example_branch_datetime_operator_3' retrieved from /home/airflow/.local/lib/python3.12/site-packages/airflow/example_dags/example_branch_datetime_operator.py
[2025-06-20T14:36:48.590+0000] {logging_mixin.py:188} INFO - [2025-06-20T14:36:48.590+0000] {dag.py:3096} INFO - Sync 3 DAGs
[2025-06-20T14:36:48.613+0000] {logging_mixin.py:188} INFO - [2025-06-20T14:36:48.613+0000] {dag.py:3954} INFO - Setting next_dagrun for example_branch_datetime_operator to 2025-06-19 00:00:00+00:00, run_after=2025-06-20 00:00:00+00:00
[2025-06-20T14:36:48.617+0000] {logging_mixin.py:188} INFO - [2025-06-20T14:36:48.617+0000] {dag.py:3954} INFO - Setting next_dagrun for example_branch_datetime_operator_2 to 2025-06-19 00:00:00+00:00, run_after=2025-06-20 00:00:00+00:00
[2025-06-20T14:36:48.620+0000] {logging_mixin.py:188} INFO - [2025-06-20T14:36:48.619+0000] {dag.py:3954} INFO - Setting next_dagrun for example_branch_datetime_operator_3 to 2025-06-19 00:00:00+00:00, run_after=2025-06-20 00:00:00+00:00
[2025-06-20T14:36:48.636+0000] {processor.py:183} INFO - Processing /home/airflow/.local/lib/python3.12/site-packages/airflow/example_dags/example_branch_datetime_operator.py took 0.096 seconds
[2025-06-20T14:37:19.132+0000] {processor.py:161} INFO - Started process (PID=378) to work on /home/airflow/.local/lib/python3.12/site-packages/airflow/example_dags/example_branch_datetime_operator.py
[2025-06-20T14:37:19.133+0000] {processor.py:830} INFO - Processing file /home/airflow/.local/lib/python3.12/site-packages/airflow/example_dags/example_branch_datetime_operator.py for tasks to queue
[2025-06-20T14:37:19.134+0000] {logging_mixin.py:188} INFO - [2025-06-20T14:37:19.134+0000] {dagbag.py:540} INFO - Filling up the DagBag from /home/airflow/.local/lib/python3.12/site-packages/airflow/example_dags/example_branch_datetime_operator.py
[2025-06-20T14:37:19.144+0000] {processor.py:840} INFO - DAG(s) 'example_branch_datetime_operator_3', 'example_branch_datetime_operator_2', 'example_branch_datetime_operator' retrieved from /home/airflow/.local/lib/python3.12/site-packages/airflow/example_dags/example_branch_datetime_operator.py
[2025-06-20T14:37:19.170+0000] {logging_mixin.py:188} INFO - [2025-06-20T14:37:19.170+0000] {dag.py:3096} INFO - Sync 3 DAGs
[2025-06-20T14:37:19.192+0000] {logging_mixin.py:188} INFO - [2025-06-20T14:37:19.192+0000] {dag.py:3954} INFO - Setting next_dagrun for example_branch_datetime_operator to 2025-06-19 00:00:00+00:00, run_after=2025-06-20 00:00:00+00:00
[2025-06-20T14:37:19.196+0000] {logging_mixin.py:188} INFO - [2025-06-20T14:37:19.196+0000] {dag.py:3954} INFO - Setting next_dagrun for example_branch_datetime_operator_2 to 2025-06-19 00:00:00+00:00, run_after=2025-06-20 00:00:00+00:00
[2025-06-20T14:37:19.199+0000] {logging_mixin.py:188} INFO - [2025-06-20T14:37:19.199+0000] {dag.py:3954} INFO - Setting next_dagrun for example_branch_datetime_operator_3 to 2025-06-19 00:00:00+00:00, run_after=2025-06-20 00:00:00+00:00
[2025-06-20T14:37:19.212+0000] {processor.py:183} INFO - Processing /home/airflow/.local/lib/python3.12/site-packages/airflow/example_dags/example_branch_datetime_operator.py took 0.087 seconds
[2025-06-20T14:37:49.595+0000] {processor.py:161} INFO - Started process (PID=436) to work on /home/airflow/.local/lib/python3.12/site-packages/airflow/example_dags/example_branch_datetime_operator.py
[2025-06-20T14:37:49.596+0000] {processor.py:830} INFO - Processing file /home/airflow/.local/lib/python3.12/site-packages/airflow/example_dags/example_branch_datetime_operator.py for tasks to queue
[2025-06-20T14:37:49.598+0000] {logging_mixin.py:188} INFO - [2025-06-20T14:37:49.598+0000] {dagbag.py:540} INFO - Filling up the DagBag from /home/airflow/.local/lib/python3.12/site-packages/airflow/example_dags/example_branch_datetime_operator.py
[2025-06-20T14:37:49.608+0000] {processor.py:840} INFO - DAG(s) 'example_branch_datetime_operator', 'example_branch_datetime_operator_3', 'example_branch_datetime_operator_2' retrieved from /home/airflow/.local/lib/python3.12/site-packages/airflow/example_dags/example_branch_datetime_operator.py
[2025-06-20T14:37:49.635+0000] {logging_mixin.py:188} INFO - [2025-06-20T14:37:49.635+0000] {dag.py:3096} INFO - Sync 3 DAGs
[2025-06-20T14:37:49.658+0000] {logging_mixin.py:188} INFO - [2025-06-20T14:37:49.658+0000] {dag.py:3954} INFO - Setting next_dagrun for example_branch_datetime_operator to 2025-06-19 00:00:00+00:00, run_after=2025-06-20 00:00:00+00:00
[2025-06-20T14:37:49.663+0000] {logging_mixin.py:188} INFO - [2025-06-20T14:37:49.663+0000] {dag.py:3954} INFO - Setting next_dagrun for example_branch_datetime_operator_2 to 2025-06-19 00:00:00+00:00, run_after=2025-06-20 00:00:00+00:00
[2025-06-20T14:37:49.665+0000] {logging_mixin.py:188} INFO - [2025-06-20T14:37:49.665+0000] {dag.py:3954} INFO - Setting next_dagrun for example_branch_datetime_operator_3 to 2025-06-19 00:00:00+00:00, run_after=2025-06-20 00:00:00+00:00
[2025-06-20T14:37:49.681+0000] {processor.py:183} INFO - Processing /home/airflow/.local/lib/python3.12/site-packages/airflow/example_dags/example_branch_datetime_operator.py took 0.093 seconds
[2025-06-20T14:38:20.095+0000] {processor.py:161} INFO - Started process (PID=494) to work on /home/airflow/.local/lib/python3.12/site-packages/airflow/example_dags/example_branch_datetime_operator.py
[2025-06-20T14:38:20.096+0000] {processor.py:830} INFO - Processing file /home/airflow/.local/lib/python3.12/site-packages/airflow/example_dags/example_branch_datetime_operator.py for tasks to queue
[2025-06-20T14:38:20.098+0000] {logging_mixin.py:188} INFO - [2025-06-20T14:38:20.097+0000] {dagbag.py:540} INFO - Filling up the DagBag from /home/airflow/.local/lib/python3.12/site-packages/airflow/example_dags/example_branch_datetime_operator.py
[2025-06-20T14:38:20.108+0000] {processor.py:840} INFO - DAG(s) 'example_branch_datetime_operator_2', 'example_branch_datetime_operator', 'example_branch_datetime_operator_3' retrieved from /home/airflow/.local/lib/python3.12/site-packages/airflow/example_dags/example_branch_datetime_operator.py
[2025-06-20T14:38:20.134+0000] {logging_mixin.py:188} INFO - [2025-06-20T14:38:20.134+0000] {dag.py:3096} INFO - Sync 3 DAGs
[2025-06-20T14:38:20.155+0000] {logging_mixin.py:188} INFO - [2025-06-20T14:38:20.155+0000] {dag.py:3954} INFO - Setting next_dagrun for example_branch_datetime_operator to 2025-06-19 00:00:00+00:00, run_after=2025-06-20 00:00:00+00:00
[2025-06-20T14:38:20.159+0000] {logging_mixin.py:188} INFO - [2025-06-20T14:38:20.159+0000] {dag.py:3954} INFO - Setting next_dagrun for example_branch_datetime_operator_2 to 2025-06-19 00:00:00+00:00, run_after=2025-06-20 00:00:00+00:00
[2025-06-20T14:38:20.162+0000] {logging_mixin.py:188} INFO - [2025-06-20T14:38:20.162+0000] {dag.py:3954} INFO - Setting next_dagrun for example_branch_datetime_operator_3 to 2025-06-19 00:00:00+00:00, run_after=2025-06-20 00:00:00+00:00
[2025-06-20T14:38:20.175+0000] {processor.py:183} INFO - Processing /home/airflow/.local/lib/python3.12/site-packages/airflow/example_dags/example_branch_datetime_operator.py took 0.086 seconds
[2025-06-20T14:38:50.978+0000] {processor.py:161} INFO - Started process (PID=552) to work on /home/airflow/.local/lib/python3.12/site-packages/airflow/example_dags/example_branch_datetime_operator.py
[2025-06-20T14:38:50.979+0000] {processor.py:830} INFO - Processing file /home/airflow/.local/lib/python3.12/site-packages/airflow/example_dags/example_branch_datetime_operator.py for tasks to queue
[2025-06-20T14:38:50.981+0000] {logging_mixin.py:188} INFO - [2025-06-20T14:38:50.981+0000] {dagbag.py:540} INFO - Filling up the DagBag from /home/airflow/.local/lib/python3.12/site-packages/airflow/example_dags/example_branch_datetime_operator.py
[2025-06-20T14:38:50.991+0000] {processor.py:840} INFO - DAG(s) 'example_branch_datetime_operator', 'example_branch_datetime_operator_2', 'example_branch_datetime_operator_3' retrieved from /home/airflow/.local/lib/python3.12/site-packages/airflow/example_dags/example_branch_datetime_operator.py
[2025-06-20T14:38:51.016+0000] {logging_mixin.py:188} INFO - [2025-06-20T14:38:51.016+0000] {dag.py:3096} INFO - Sync 3 DAGs
[2025-06-20T14:38:51.038+0000] {logging_mixin.py:188} INFO - [2025-06-20T14:38:51.038+0000] {dag.py:3954} INFO - Setting next_dagrun for example_branch_datetime_operator to 2025-06-19 00:00:00+00:00, run_after=2025-06-20 00:00:00+00:00
[2025-06-20T14:38:51.042+0000] {logging_mixin.py:188} INFO - [2025-06-20T14:38:51.042+0000] {dag.py:3954} INFO - Setting next_dagrun for example_branch_datetime_operator_2 to 2025-06-19 00:00:00+00:00, run_after=2025-06-20 00:00:00+00:00
[2025-06-20T14:38:51.044+0000] {logging_mixin.py:188} INFO - [2025-06-20T14:38:51.044+0000] {dag.py:3954} INFO - Setting next_dagrun for example_branch_datetime_operator_3 to 2025-06-19 00:00:00+00:00, run_after=2025-06-20 00:00:00+00:00
[2025-06-20T14:38:51.058+0000] {processor.py:183} INFO - Processing /home/airflow/.local/lib/python3.12/site-packages/airflow/example_dags/example_branch_datetime_operator.py took 0.086 seconds
[2025-06-20T14:39:21.238+0000] {processor.py:161} INFO - Started process (PID=610) to work on /home/airflow/.local/lib/python3.12/site-packages/airflow/example_dags/example_branch_datetime_operator.py
[2025-06-20T14:39:21.239+0000] {processor.py:830} INFO - Processing file /home/airflow/.local/lib/python3.12/site-packages/airflow/example_dags/example_branch_datetime_operator.py for tasks to queue
[2025-06-20T14:39:21.240+0000] {logging_mixin.py:188} INFO - [2025-06-20T14:39:21.240+0000] {dagbag.py:540} INFO - Filling up the DagBag from /home/airflow/.local/lib/python3.12/site-packages/airflow/example_dags/example_branch_datetime_operator.py
[2025-06-20T14:39:21.250+0000] {processor.py:840} INFO - DAG(s) 'example_branch_datetime_operator', 'example_branch_datetime_operator_2', 'example_branch_datetime_operator_3' retrieved from /home/airflow/.local/lib/python3.12/site-packages/airflow/example_dags/example_branch_datetime_operator.py
[2025-06-20T14:39:21.276+0000] {logging_mixin.py:188} INFO - [2025-06-20T14:39:21.276+0000] {dag.py:3096} INFO - Sync 3 DAGs
[2025-06-20T14:39:21.297+0000] {logging_mixin.py:188} INFO - [2025-06-20T14:39:21.297+0000] {dag.py:3954} INFO - Setting next_dagrun for example_branch_datetime_operator to 2025-06-19 00:00:00+00:00, run_after=2025-06-20 00:00:00+00:00
[2025-06-20T14:39:21.301+0000] {logging_mixin.py:188} INFO - [2025-06-20T14:39:21.301+0000] {dag.py:3954} INFO - Setting next_dagrun for example_branch_datetime_operator_2 to 2025-06-19 00:00:00+00:00, run_after=2025-06-20 00:00:00+00:00
[2025-06-20T14:39:21.304+0000] {logging_mixin.py:188} INFO - [2025-06-20T14:39:21.304+0000] {dag.py:3954} INFO - Setting next_dagrun for example_branch_datetime_operator_3 to 2025-06-19 00:00:00+00:00, run_after=2025-06-20 00:00:00+00:00
[2025-06-20T14:39:21.318+0000] {processor.py:183} INFO - Processing /home/airflow/.local/lib/python3.12/site-packages/airflow/example_dags/example_branch_datetime_operator.py took 0.086 seconds
[2025-06-20T14:39:51.592+0000] {processor.py:161} INFO - Started process (PID=668) to work on /home/airflow/.local/lib/python3.12/site-packages/airflow/example_dags/example_branch_datetime_operator.py
[2025-06-20T14:39:51.592+0000] {processor.py:830} INFO - Processing file /home/airflow/.local/lib/python3.12/site-packages/airflow/example_dags/example_branch_datetime_operator.py for tasks to queue
[2025-06-20T14:39:51.594+0000] {logging_mixin.py:188} INFO - [2025-06-20T14:39:51.594+0000] {dagbag.py:540} INFO - Filling up the DagBag from /home/airflow/.local/lib/python3.12/site-packages/airflow/example_dags/example_branch_datetime_operator.py
[2025-06-20T14:39:51.604+0000] {processor.py:840} INFO - DAG(s) 'example_branch_datetime_operator', 'example_branch_datetime_operator_2', 'example_branch_datetime_operator_3' retrieved from /home/airflow/.local/lib/python3.12/site-packages/airflow/example_dags/example_branch_datetime_operator.py
[2025-06-20T14:39:51.629+0000] {logging_mixin.py:188} INFO - [2025-06-20T14:39:51.629+0000] {dag.py:3096} INFO - Sync 3 DAGs
[2025-06-20T14:39:51.652+0000] {logging_mixin.py:188} INFO - [2025-06-20T14:39:51.652+0000] {dag.py:3954} INFO - Setting next_dagrun for example_branch_datetime_operator to 2025-06-19 00:00:00+00:00, run_after=2025-06-20 00:00:00+00:00
[2025-06-20T14:39:51.657+0000] {logging_mixin.py:188} INFO - [2025-06-20T14:39:51.657+0000] {dag.py:3954} INFO - Setting next_dagrun for example_branch_datetime_operator_2 to 2025-06-19 00:00:00+00:00, run_after=2025-06-20 00:00:00+00:00
[2025-06-20T14:39:51.659+0000] {logging_mixin.py:188} INFO - [2025-06-20T14:39:51.659+0000] {dag.py:3954} INFO - Setting next_dagrun for example_branch_datetime_operator_3 to 2025-06-19 00:00:00+00:00, run_after=2025-06-20 00:00:00+00:00
[2025-06-20T14:39:51.676+0000] {processor.py:183} INFO - Processing /home/airflow/.local/lib/python3.12/site-packages/airflow/example_dags/example_branch_datetime_operator.py took 0.090 seconds
[2025-06-20T14:40:21.844+0000] {processor.py:161} INFO - Started process (PID=726) to work on /home/airflow/.local/lib/python3.12/site-packages/airflow/example_dags/example_branch_datetime_operator.py
[2025-06-20T14:40:21.845+0000] {processor.py:830} INFO - Processing file /home/airflow/.local/lib/python3.12/site-packages/airflow/example_dags/example_branch_datetime_operator.py for tasks to queue
[2025-06-20T14:40:21.847+0000] {logging_mixin.py:188} INFO - [2025-06-20T14:40:21.847+0000] {dagbag.py:540} INFO - Filling up the DagBag from /home/airflow/.local/lib/python3.12/site-packages/airflow/example_dags/example_branch_datetime_operator.py
[2025-06-20T14:40:21.857+0000] {processor.py:840} INFO - DAG(s) 'example_branch_datetime_operator_2', 'example_branch_datetime_operator_3', 'example_branch_datetime_operator' retrieved from /home/airflow/.local/lib/python3.12/site-packages/airflow/example_dags/example_branch_datetime_operator.py
[2025-06-20T14:40:21.883+0000] {logging_mixin.py:188} INFO - [2025-06-20T14:40:21.883+0000] {dag.py:3096} INFO - Sync 3 DAGs
[2025-06-20T14:40:21.905+0000] {logging_mixin.py:188} INFO - [2025-06-20T14:40:21.905+0000] {dag.py:3954} INFO - Setting next_dagrun for example_branch_datetime_operator to 2025-06-19 00:00:00+00:00, run_after=2025-06-20 00:00:00+00:00
[2025-06-20T14:40:21.909+0000] {logging_mixin.py:188} INFO - [2025-06-20T14:40:21.909+0000] {dag.py:3954} INFO - Setting next_dagrun for example_branch_datetime_operator_2 to 2025-06-19 00:00:00+00:00, run_after=2025-06-20 00:00:00+00:00
[2025-06-20T14:40:21.912+0000] {logging_mixin.py:188} INFO - [2025-06-20T14:40:21.912+0000] {dag.py:3954} INFO - Setting next_dagrun for example_branch_datetime_operator_3 to 2025-06-19 00:00:00+00:00, run_after=2025-06-20 00:00:00+00:00
[2025-06-20T14:40:21.925+0000] {processor.py:183} INFO - Processing /home/airflow/.local/lib/python3.12/site-packages/airflow/example_dags/example_branch_datetime_operator.py took 0.089 seconds
[2025-06-20T14:40:52.200+0000] {processor.py:161} INFO - Started process (PID=784) to work on /home/airflow/.local/lib/python3.12/site-packages/airflow/example_dags/example_branch_datetime_operator.py
[2025-06-20T14:40:52.201+0000] {processor.py:830} INFO - Processing file /home/airflow/.local/lib/python3.12/site-packages/airflow/example_dags/example_branch_datetime_operator.py for tasks to queue
[2025-06-20T14:40:52.203+0000] {logging_mixin.py:188} INFO - [2025-06-20T14:40:52.202+0000] {dagbag.py:540} INFO - Filling up the DagBag from /home/airflow/.local/lib/python3.12/site-packages/airflow/example_dags/example_branch_datetime_operator.py
[2025-06-20T14:40:52.213+0000] {processor.py:840} INFO - DAG(s) 'example_branch_datetime_operator_3', 'example_branch_datetime_operator_2', 'example_branch_datetime_operator' retrieved from /home/airflow/.local/lib/python3.12/site-packages/airflow/example_dags/example_branch_datetime_operator.py
[2025-06-20T14:40:52.238+0000] {logging_mixin.py:188} INFO - [2025-06-20T14:40:52.238+0000] {dag.py:3096} INFO - Sync 3 DAGs
[2025-06-20T14:40:52.261+0000] {logging_mixin.py:188} INFO - [2025-06-20T14:40:52.261+0000] {dag.py:3954} INFO - Setting next_dagrun for example_branch_datetime_operator to 2025-06-19 00:00:00+00:00, run_after=2025-06-20 00:00:00+00:00
[2025-06-20T14:40:52.266+0000] {logging_mixin.py:188} INFO - [2025-06-20T14:40:52.265+0000] {dag.py:3954} INFO - Setting next_dagrun for example_branch_datetime_operator_2 to 2025-06-19 00:00:00+00:00, run_after=2025-06-20 00:00:00+00:00
[2025-06-20T14:40:52.268+0000] {logging_mixin.py:188} INFO - [2025-06-20T14:40:52.268+0000] {dag.py:3954} INFO - Setting next_dagrun for example_branch_datetime_operator_3 to 2025-06-19 00:00:00+00:00, run_after=2025-06-20 00:00:00+00:00
[2025-06-20T14:40:52.282+0000] {processor.py:183} INFO - Processing /home/airflow/.local/lib/python3.12/site-packages/airflow/example_dags/example_branch_datetime_operator.py took 0.088 seconds
[2025-06-20T14:41:22.424+0000] {processor.py:161} INFO - Started process (PID=842) to work on /home/airflow/.local/lib/python3.12/site-packages/airflow/example_dags/example_branch_datetime_operator.py
[2025-06-20T14:41:22.425+0000] {processor.py:830} INFO - Processing file /home/airflow/.local/lib/python3.12/site-packages/airflow/example_dags/example_branch_datetime_operator.py for tasks to queue
[2025-06-20T14:41:22.427+0000] {logging_mixin.py:188} INFO - [2025-06-20T14:41:22.427+0000] {dagbag.py:540} INFO - Filling up the DagBag from /home/airflow/.local/lib/python3.12/site-packages/airflow/example_dags/example_branch_datetime_operator.py
[2025-06-20T14:41:22.437+0000] {processor.py:840} INFO - DAG(s) 'example_branch_datetime_operator_3', 'example_branch_datetime_operator_2', 'example_branch_datetime_operator' retrieved from /home/airflow/.local/lib/python3.12/site-packages/airflow/example_dags/example_branch_datetime_operator.py
[2025-06-20T14:41:22.462+0000] {logging_mixin.py:188} INFO - [2025-06-20T14:41:22.462+0000] {dag.py:3096} INFO - Sync 3 DAGs
[2025-06-20T14:41:22.485+0000] {logging_mixin.py:188} INFO - [2025-06-20T14:41:22.485+0000] {dag.py:3954} INFO - Setting next_dagrun for example_branch_datetime_operator to 2025-06-19 00:00:00+00:00, run_after=2025-06-20 00:00:00+00:00
[2025-06-20T14:41:22.489+0000] {logging_mixin.py:188} INFO - [2025-06-20T14:41:22.489+0000] {dag.py:3954} INFO - Setting next_dagrun for example_branch_datetime_operator_2 to 2025-06-19 00:00:00+00:00, run_after=2025-06-20 00:00:00+00:00
[2025-06-20T14:41:22.491+0000] {logging_mixin.py:188} INFO - [2025-06-20T14:41:22.491+0000] {dag.py:3954} INFO - Setting next_dagrun for example_branch_datetime_operator_3 to 2025-06-19 00:00:00+00:00, run_after=2025-06-20 00:00:00+00:00
[2025-06-20T14:41:22.505+0000] {processor.py:183} INFO - Processing /home/airflow/.local/lib/python3.12/site-packages/airflow/example_dags/example_branch_datetime_operator.py took 0.087 seconds
[2025-06-20T14:41:52.711+0000] {processor.py:161} INFO - Started process (PID=900) to work on /home/airflow/.local/lib/python3.12/site-packages/airflow/example_dags/example_branch_datetime_operator.py
[2025-06-20T14:41:52.711+0000] {processor.py:830} INFO - Processing file /home/airflow/.local/lib/python3.12/site-packages/airflow/example_dags/example_branch_datetime_operator.py for tasks to queue
[2025-06-20T14:41:52.713+0000] {logging_mixin.py:188} INFO - [2025-06-20T14:41:52.713+0000] {dagbag.py:540} INFO - Filling up the DagBag from /home/airflow/.local/lib/python3.12/site-packages/airflow/example_dags/example_branch_datetime_operator.py
[2025-06-20T14:41:52.723+0000] {processor.py:840} INFO - DAG(s) 'example_branch_datetime_operator', 'example_branch_datetime_operator_3', 'example_branch_datetime_operator_2' retrieved from /home/airflow/.local/lib/python3.12/site-packages/airflow/example_dags/example_branch_datetime_operator.py
[2025-06-20T14:41:52.749+0000] {logging_mixin.py:188} INFO - [2025-06-20T14:41:52.749+0000] {dag.py:3096} INFO - Sync 3 DAGs
[2025-06-20T14:41:52.770+0000] {logging_mixin.py:188} INFO - [2025-06-20T14:41:52.770+0000] {dag.py:3954} INFO - Setting next_dagrun for example_branch_datetime_operator to 2025-06-19 00:00:00+00:00, run_after=2025-06-20 00:00:00+00:00
[2025-06-20T14:41:52.775+0000] {logging_mixin.py:188} INFO - [2025-06-20T14:41:52.774+0000] {dag.py:3954} INFO - Setting next_dagrun for example_branch_datetime_operator_2 to 2025-06-19 00:00:00+00:00, run_after=2025-06-20 00:00:00+00:00
[2025-06-20T14:41:52.777+0000] {logging_mixin.py:188} INFO - [2025-06-20T14:41:52.777+0000] {dag.py:3954} INFO - Setting next_dagrun for example_branch_datetime_operator_3 to 2025-06-19 00:00:00+00:00, run_after=2025-06-20 00:00:00+00:00
[2025-06-20T14:41:52.790+0000] {processor.py:183} INFO - Processing /home/airflow/.local/lib/python3.12/site-packages/airflow/example_dags/example_branch_datetime_operator.py took 0.086 seconds
[2025-06-20T14:42:23.340+0000] {processor.py:161} INFO - Started process (PID=958) to work on /home/airflow/.local/lib/python3.12/site-packages/airflow/example_dags/example_branch_datetime_operator.py
[2025-06-20T14:42:23.341+0000] {processor.py:830} INFO - Processing file /home/airflow/.local/lib/python3.12/site-packages/airflow/example_dags/example_branch_datetime_operator.py for tasks to queue
[2025-06-20T14:42:23.343+0000] {logging_mixin.py:188} INFO - [2025-06-20T14:42:23.343+0000] {dagbag.py:540} INFO - Filling up the DagBag from /home/airflow/.local/lib/python3.12/site-packages/airflow/example_dags/example_branch_datetime_operator.py
[2025-06-20T14:42:23.353+0000] {processor.py:840} INFO - DAG(s) 'example_branch_datetime_operator', 'example_branch_datetime_operator_2', 'example_branch_datetime_operator_3' retrieved from /home/airflow/.local/lib/python3.12/site-packages/airflow/example_dags/example_branch_datetime_operator.py
[2025-06-20T14:42:23.378+0000] {logging_mixin.py:188} INFO - [2025-06-20T14:42:23.378+0000] {dag.py:3096} INFO - Sync 3 DAGs
[2025-06-20T14:42:23.400+0000] {logging_mixin.py:188} INFO - [2025-06-20T14:42:23.400+0000] {dag.py:3954} INFO - Setting next_dagrun for example_branch_datetime_operator to 2025-06-19 00:00:00+00:00, run_after=2025-06-20 00:00:00+00:00
[2025-06-20T14:42:23.404+0000] {logging_mixin.py:188} INFO - [2025-06-20T14:42:23.404+0000] {dag.py:3954} INFO - Setting next_dagrun for example_branch_datetime_operator_2 to 2025-06-19 00:00:00+00:00, run_after=2025-06-20 00:00:00+00:00
[2025-06-20T14:42:23.406+0000] {logging_mixin.py:188} INFO - [2025-06-20T14:42:23.406+0000] {dag.py:3954} INFO - Setting next_dagrun for example_branch_datetime_operator_3 to 2025-06-19 00:00:00+00:00, run_after=2025-06-20 00:00:00+00:00
[2025-06-20T14:42:23.420+0000] {processor.py:183} INFO - Processing /home/airflow/.local/lib/python3.12/site-packages/airflow/example_dags/example_branch_datetime_operator.py took 0.086 seconds
[2025-06-20T14:42:54.100+0000] {processor.py:161} INFO - Started process (PID=1016) to work on /home/airflow/.local/lib/python3.12/site-packages/airflow/example_dags/example_branch_datetime_operator.py
[2025-06-20T14:42:54.101+0000] {processor.py:830} INFO - Processing file /home/airflow/.local/lib/python3.12/site-packages/airflow/example_dags/example_branch_datetime_operator.py for tasks to queue
[2025-06-20T14:42:54.103+0000] {logging_mixin.py:188} INFO - [2025-06-20T14:42:54.102+0000] {dagbag.py:540} INFO - Filling up the DagBag from /home/airflow/.local/lib/python3.12/site-packages/airflow/example_dags/example_branch_datetime_operator.py
[2025-06-20T14:42:54.114+0000] {processor.py:840} INFO - DAG(s) 'example_branch_datetime_operator_3', 'example_branch_datetime_operator_2', 'example_branch_datetime_operator' retrieved from /home/airflow/.local/lib/python3.12/site-packages/airflow/example_dags/example_branch_datetime_operator.py
[2025-06-20T14:42:54.148+0000] {logging_mixin.py:188} INFO - [2025-06-20T14:42:54.147+0000] {dag.py:3096} INFO - Sync 3 DAGs
[2025-06-20T14:42:54.172+0000] {logging_mixin.py:188} INFO - [2025-06-20T14:42:54.172+0000] {dag.py:3954} INFO - Setting next_dagrun for example_branch_datetime_operator to 2025-06-19 00:00:00+00:00, run_after=2025-06-20 00:00:00+00:00
[2025-06-20T14:42:54.177+0000] {logging_mixin.py:188} INFO - [2025-06-20T14:42:54.177+0000] {dag.py:3954} INFO - Setting next_dagrun for example_branch_datetime_operator_2 to 2025-06-19 00:00:00+00:00, run_after=2025-06-20 00:00:00+00:00
[2025-06-20T14:42:54.179+0000] {logging_mixin.py:188} INFO - [2025-06-20T14:42:54.179+0000] {dag.py:3954} INFO - Setting next_dagrun for example_branch_datetime_operator_3 to 2025-06-19 00:00:00+00:00, run_after=2025-06-20 00:00:00+00:00
[2025-06-20T14:42:54.347+0000] {processor.py:183} INFO - Processing /home/airflow/.local/lib/python3.12/site-packages/airflow/example_dags/example_branch_datetime_operator.py took 0.253 seconds
[2025-06-20T14:43:24.510+0000] {processor.py:161} INFO - Started process (PID=1074) to work on /home/airflow/.local/lib/python3.12/site-packages/airflow/example_dags/example_branch_datetime_operator.py
[2025-06-20T14:43:24.511+0000] {processor.py:830} INFO - Processing file /home/airflow/.local/lib/python3.12/site-packages/airflow/example_dags/example_branch_datetime_operator.py for tasks to queue
[2025-06-20T14:43:24.512+0000] {logging_mixin.py:188} INFO - [2025-06-20T14:43:24.512+0000] {dagbag.py:540} INFO - Filling up the DagBag from /home/airflow/.local/lib/python3.12/site-packages/airflow/example_dags/example_branch_datetime_operator.py
[2025-06-20T14:43:24.522+0000] {processor.py:840} INFO - DAG(s) 'example_branch_datetime_operator', 'example_branch_datetime_operator_3', 'example_branch_datetime_operator_2' retrieved from /home/airflow/.local/lib/python3.12/site-packages/airflow/example_dags/example_branch_datetime_operator.py
[2025-06-20T14:43:24.548+0000] {logging_mixin.py:188} INFO - [2025-06-20T14:43:24.548+0000] {dag.py:3096} INFO - Sync 3 DAGs
[2025-06-20T14:43:24.569+0000] {logging_mixin.py:188} INFO - [2025-06-20T14:43:24.569+0000] {dag.py:3954} INFO - Setting next_dagrun for example_branch_datetime_operator to 2025-06-19 00:00:00+00:00, run_after=2025-06-20 00:00:00+00:00
[2025-06-20T14:43:24.574+0000] {logging_mixin.py:188} INFO - [2025-06-20T14:43:24.574+0000] {dag.py:3954} INFO - Setting next_dagrun for example_branch_datetime_operator_2 to 2025-06-19 00:00:00+00:00, run_after=2025-06-20 00:00:00+00:00
[2025-06-20T14:43:24.576+0000] {logging_mixin.py:188} INFO - [2025-06-20T14:43:24.576+0000] {dag.py:3954} INFO - Setting next_dagrun for example_branch_datetime_operator_3 to 2025-06-19 00:00:00+00:00, run_after=2025-06-20 00:00:00+00:00
[2025-06-20T14:43:24.590+0000] {processor.py:183} INFO - Processing /home/airflow/.local/lib/python3.12/site-packages/airflow/example_dags/example_branch_datetime_operator.py took 0.087 seconds
[2025-06-20T14:43:54.637+0000] {processor.py:161} INFO - Started process (PID=1131) to work on /home/airflow/.local/lib/python3.12/site-packages/airflow/example_dags/example_branch_datetime_operator.py
[2025-06-20T14:43:54.638+0000] {processor.py:830} INFO - Processing file /home/airflow/.local/lib/python3.12/site-packages/airflow/example_dags/example_branch_datetime_operator.py for tasks to queue
[2025-06-20T14:43:54.640+0000] {logging_mixin.py:188} INFO - [2025-06-20T14:43:54.639+0000] {dagbag.py:540} INFO - Filling up the DagBag from /home/airflow/.local/lib/python3.12/site-packages/airflow/example_dags/example_branch_datetime_operator.py
[2025-06-20T14:43:54.650+0000] {processor.py:840} INFO - DAG(s) 'example_branch_datetime_operator_2', 'example_branch_datetime_operator_3', 'example_branch_datetime_operator' retrieved from /home/airflow/.local/lib/python3.12/site-packages/airflow/example_dags/example_branch_datetime_operator.py
[2025-06-20T14:43:54.676+0000] {logging_mixin.py:188} INFO - [2025-06-20T14:43:54.675+0000] {dag.py:3096} INFO - Sync 3 DAGs
[2025-06-20T14:43:54.697+0000] {logging_mixin.py:188} INFO - [2025-06-20T14:43:54.697+0000] {dag.py:3954} INFO - Setting next_dagrun for example_branch_datetime_operator to 2025-06-19 00:00:00+00:00, run_after=2025-06-20 00:00:00+00:00
[2025-06-20T14:43:54.702+0000] {logging_mixin.py:188} INFO - [2025-06-20T14:43:54.701+0000] {dag.py:3954} INFO - Setting next_dagrun for example_branch_datetime_operator_2 to 2025-06-19 00:00:00+00:00, run_after=2025-06-20 00:00:00+00:00
[2025-06-20T14:43:54.704+0000] {logging_mixin.py:188} INFO - [2025-06-20T14:43:54.704+0000] {dag.py:3954} INFO - Setting next_dagrun for example_branch_datetime_operator_3 to 2025-06-19 00:00:00+00:00, run_after=2025-06-20 00:00:00+00:00
[2025-06-20T14:43:54.717+0000] {processor.py:183} INFO - Processing /home/airflow/.local/lib/python3.12/site-packages/airflow/example_dags/example_branch_datetime_operator.py took 0.087 seconds
[2025-06-20T14:44:24.813+0000] {processor.py:161} INFO - Started process (PID=1189) to work on /home/airflow/.local/lib/python3.12/site-packages/airflow/example_dags/example_branch_datetime_operator.py
[2025-06-20T14:44:24.814+0000] {processor.py:830} INFO - Processing file /home/airflow/.local/lib/python3.12/site-packages/airflow/example_dags/example_branch_datetime_operator.py for tasks to queue
[2025-06-20T14:44:24.816+0000] {logging_mixin.py:188} INFO - [2025-06-20T14:44:24.816+0000] {dagbag.py:540} INFO - Filling up the DagBag from /home/airflow/.local/lib/python3.12/site-packages/airflow/example_dags/example_branch_datetime_operator.py
[2025-06-20T14:44:24.826+0000] {processor.py:840} INFO - DAG(s) 'example_branch_datetime_operator', 'example_branch_datetime_operator_2', 'example_branch_datetime_operator_3' retrieved from /home/airflow/.local/lib/python3.12/site-packages/airflow/example_dags/example_branch_datetime_operator.py
[2025-06-20T14:44:24.852+0000] {logging_mixin.py:188} INFO - [2025-06-20T14:44:24.852+0000] {dag.py:3096} INFO - Sync 3 DAGs
[2025-06-20T14:44:24.873+0000] {logging_mixin.py:188} INFO - [2025-06-20T14:44:24.873+0000] {dag.py:3954} INFO - Setting next_dagrun for example_branch_datetime_operator to 2025-06-19 00:00:00+00:00, run_after=2025-06-20 00:00:00+00:00
[2025-06-20T14:44:24.877+0000] {logging_mixin.py:188} INFO - [2025-06-20T14:44:24.877+0000] {dag.py:3954} INFO - Setting next_dagrun for example_branch_datetime_operator_2 to 2025-06-19 00:00:00+00:00, run_after=2025-06-20 00:00:00+00:00
[2025-06-20T14:44:24.879+0000] {logging_mixin.py:188} INFO - [2025-06-20T14:44:24.879+0000] {dag.py:3954} INFO - Setting next_dagrun for example_branch_datetime_operator_3 to 2025-06-19 00:00:00+00:00, run_after=2025-06-20 00:00:00+00:00
[2025-06-20T14:44:24.893+0000] {processor.py:183} INFO - Processing /home/airflow/.local/lib/python3.12/site-packages/airflow/example_dags/example_branch_datetime_operator.py took 0.085 seconds
[2025-06-20T14:44:55.340+0000] {processor.py:161} INFO - Started process (PID=1247) to work on /home/airflow/.local/lib/python3.12/site-packages/airflow/example_dags/example_branch_datetime_operator.py
[2025-06-20T14:44:55.341+0000] {processor.py:830} INFO - Processing file /home/airflow/.local/lib/python3.12/site-packages/airflow/example_dags/example_branch_datetime_operator.py for tasks to queue
[2025-06-20T14:44:55.343+0000] {logging_mixin.py:188} INFO - [2025-06-20T14:44:55.342+0000] {dagbag.py:540} INFO - Filling up the DagBag from /home/airflow/.local/lib/python3.12/site-packages/airflow/example_dags/example_branch_datetime_operator.py
[2025-06-20T14:44:55.353+0000] {processor.py:840} INFO - DAG(s) 'example_branch_datetime_operator_2', 'example_branch_datetime_operator', 'example_branch_datetime_operator_3' retrieved from /home/airflow/.local/lib/python3.12/site-packages/airflow/example_dags/example_branch_datetime_operator.py
[2025-06-20T14:44:55.380+0000] {logging_mixin.py:188} INFO - [2025-06-20T14:44:55.380+0000] {dag.py:3096} INFO - Sync 3 DAGs
[2025-06-20T14:44:55.401+0000] {logging_mixin.py:188} INFO - [2025-06-20T14:44:55.401+0000] {dag.py:3954} INFO - Setting next_dagrun for example_branch_datetime_operator to 2025-06-19 00:00:00+00:00, run_after=2025-06-20 00:00:00+00:00
[2025-06-20T14:44:55.405+0000] {logging_mixin.py:188} INFO - [2025-06-20T14:44:55.405+0000] {dag.py:3954} INFO - Setting next_dagrun for example_branch_datetime_operator_2 to 2025-06-19 00:00:00+00:00, run_after=2025-06-20 00:00:00+00:00
[2025-06-20T14:44:55.408+0000] {logging_mixin.py:188} INFO - [2025-06-20T14:44:55.408+0000] {dag.py:3954} INFO - Setting next_dagrun for example_branch_datetime_operator_3 to 2025-06-19 00:00:00+00:00, run_after=2025-06-20 00:00:00+00:00
[2025-06-20T14:44:55.421+0000] {processor.py:183} INFO - Processing /home/airflow/.local/lib/python3.12/site-packages/airflow/example_dags/example_branch_datetime_operator.py took 0.088 seconds
[2025-06-20T14:45:25.476+0000] {processor.py:161} INFO - Started process (PID=1305) to work on /home/airflow/.local/lib/python3.12/site-packages/airflow/example_dags/example_branch_datetime_operator.py
[2025-06-20T14:45:25.477+0000] {processor.py:830} INFO - Processing file /home/airflow/.local/lib/python3.12/site-packages/airflow/example_dags/example_branch_datetime_operator.py for tasks to queue
[2025-06-20T14:45:25.479+0000] {logging_mixin.py:188} INFO - [2025-06-20T14:45:25.479+0000] {dagbag.py:540} INFO - Filling up the DagBag from /home/airflow/.local/lib/python3.12/site-packages/airflow/example_dags/example_branch_datetime_operator.py
[2025-06-20T14:45:25.490+0000] {processor.py:840} INFO - DAG(s) 'example_branch_datetime_operator_3', 'example_branch_datetime_operator', 'example_branch_datetime_operator_2' retrieved from /home/airflow/.local/lib/python3.12/site-packages/airflow/example_dags/example_branch_datetime_operator.py
[2025-06-20T14:45:25.517+0000] {logging_mixin.py:188} INFO - [2025-06-20T14:45:25.517+0000] {dag.py:3096} INFO - Sync 3 DAGs
[2025-06-20T14:45:25.644+0000] {logging_mixin.py:188} INFO - [2025-06-20T14:45:25.644+0000] {dag.py:3954} INFO - Setting next_dagrun for example_branch_datetime_operator to 2025-06-19 00:00:00+00:00, run_after=2025-06-20 00:00:00+00:00
[2025-06-20T14:45:25.649+0000] {logging_mixin.py:188} INFO - [2025-06-20T14:45:25.649+0000] {dag.py:3954} INFO - Setting next_dagrun for example_branch_datetime_operator_2 to 2025-06-19 00:00:00+00:00, run_after=2025-06-20 00:00:00+00:00
[2025-06-20T14:45:25.651+0000] {logging_mixin.py:188} INFO - [2025-06-20T14:45:25.651+0000] {dag.py:3954} INFO - Setting next_dagrun for example_branch_datetime_operator_3 to 2025-06-19 00:00:00+00:00, run_after=2025-06-20 00:00:00+00:00
[2025-06-20T14:45:25.664+0000] {processor.py:183} INFO - Processing /home/airflow/.local/lib/python3.12/site-packages/airflow/example_dags/example_branch_datetime_operator.py took 0.194 seconds
[2025-06-20T14:45:56.088+0000] {processor.py:161} INFO - Started process (PID=1363) to work on /home/airflow/.local/lib/python3.12/site-packages/airflow/example_dags/example_branch_datetime_operator.py
[2025-06-20T14:45:56.089+0000] {processor.py:830} INFO - Processing file /home/airflow/.local/lib/python3.12/site-packages/airflow/example_dags/example_branch_datetime_operator.py for tasks to queue
[2025-06-20T14:45:56.091+0000] {logging_mixin.py:188} INFO - [2025-06-20T14:45:56.091+0000] {dagbag.py:540} INFO - Filling up the DagBag from /home/airflow/.local/lib/python3.12/site-packages/airflow/example_dags/example_branch_datetime_operator.py
[2025-06-20T14:45:56.101+0000] {processor.py:840} INFO - DAG(s) 'example_branch_datetime_operator', 'example_branch_datetime_operator_2', 'example_branch_datetime_operator_3' retrieved from /home/airflow/.local/lib/python3.12/site-packages/airflow/example_dags/example_branch_datetime_operator.py
[2025-06-20T14:45:56.127+0000] {logging_mixin.py:188} INFO - [2025-06-20T14:45:56.127+0000] {dag.py:3096} INFO - Sync 3 DAGs
[2025-06-20T14:45:56.149+0000] {logging_mixin.py:188} INFO - [2025-06-20T14:45:56.149+0000] {dag.py:3954} INFO - Setting next_dagrun for example_branch_datetime_operator to 2025-06-19 00:00:00+00:00, run_after=2025-06-20 00:00:00+00:00
[2025-06-20T14:45:56.154+0000] {logging_mixin.py:188} INFO - [2025-06-20T14:45:56.154+0000] {dag.py:3954} INFO - Setting next_dagrun for example_branch_datetime_operator_2 to 2025-06-19 00:00:00+00:00, run_after=2025-06-20 00:00:00+00:00
[2025-06-20T14:45:56.156+0000] {logging_mixin.py:188} INFO - [2025-06-20T14:45:56.156+0000] {dag.py:3954} INFO - Setting next_dagrun for example_branch_datetime_operator_3 to 2025-06-19 00:00:00+00:00, run_after=2025-06-20 00:00:00+00:00
[2025-06-20T14:45:56.170+0000] {processor.py:183} INFO - Processing /home/airflow/.local/lib/python3.12/site-packages/airflow/example_dags/example_branch_datetime_operator.py took 0.088 seconds
[2025-06-20T14:46:26.314+0000] {processor.py:161} INFO - Started process (PID=1421) to work on /home/airflow/.local/lib/python3.12/site-packages/airflow/example_dags/example_branch_datetime_operator.py
[2025-06-20T14:46:26.315+0000] {processor.py:830} INFO - Processing file /home/airflow/.local/lib/python3.12/site-packages/airflow/example_dags/example_branch_datetime_operator.py for tasks to queue
[2025-06-20T14:46:26.317+0000] {logging_mixin.py:188} INFO - [2025-06-20T14:46:26.317+0000] {dagbag.py:540} INFO - Filling up the DagBag from /home/airflow/.local/lib/python3.12/site-packages/airflow/example_dags/example_branch_datetime_operator.py
[2025-06-20T14:46:26.328+0000] {processor.py:840} INFO - DAG(s) 'example_branch_datetime_operator_3', 'example_branch_datetime_operator_2', 'example_branch_datetime_operator' retrieved from /home/airflow/.local/lib/python3.12/site-packages/airflow/example_dags/example_branch_datetime_operator.py
[2025-06-20T14:46:26.355+0000] {logging_mixin.py:188} INFO - [2025-06-20T14:46:26.355+0000] {dag.py:3096} INFO - Sync 3 DAGs
[2025-06-20T14:46:26.379+0000] {logging_mixin.py:188} INFO - [2025-06-20T14:46:26.379+0000] {dag.py:3954} INFO - Setting next_dagrun for example_branch_datetime_operator to 2025-06-19 00:00:00+00:00, run_after=2025-06-20 00:00:00+00:00
[2025-06-20T14:46:26.384+0000] {logging_mixin.py:188} INFO - [2025-06-20T14:46:26.384+0000] {dag.py:3954} INFO - Setting next_dagrun for example_branch_datetime_operator_2 to 2025-06-19 00:00:00+00:00, run_after=2025-06-20 00:00:00+00:00
[2025-06-20T14:46:26.386+0000] {logging_mixin.py:188} INFO - [2025-06-20T14:46:26.386+0000] {dag.py:3954} INFO - Setting next_dagrun for example_branch_datetime_operator_3 to 2025-06-19 00:00:00+00:00, run_after=2025-06-20 00:00:00+00:00
[2025-06-20T14:46:26.402+0000] {processor.py:183} INFO - Processing /home/airflow/.local/lib/python3.12/site-packages/airflow/example_dags/example_branch_datetime_operator.py took 0.094 seconds
[2025-06-20T14:46:56.677+0000] {processor.py:161} INFO - Started process (PID=1479) to work on /home/airflow/.local/lib/python3.12/site-packages/airflow/example_dags/example_branch_datetime_operator.py
[2025-06-20T14:46:56.679+0000] {processor.py:830} INFO - Processing file /home/airflow/.local/lib/python3.12/site-packages/airflow/example_dags/example_branch_datetime_operator.py for tasks to queue
[2025-06-20T14:46:56.681+0000] {logging_mixin.py:188} INFO - [2025-06-20T14:46:56.681+0000] {dagbag.py:540} INFO - Filling up the DagBag from /home/airflow/.local/lib/python3.12/site-packages/airflow/example_dags/example_branch_datetime_operator.py
[2025-06-20T14:46:56.693+0000] {processor.py:840} INFO - DAG(s) 'example_branch_datetime_operator_3', 'example_branch_datetime_operator', 'example_branch_datetime_operator_2' retrieved from /home/airflow/.local/lib/python3.12/site-packages/airflow/example_dags/example_branch_datetime_operator.py
[2025-06-20T14:46:56.719+0000] {logging_mixin.py:188} INFO - [2025-06-20T14:46:56.718+0000] {dag.py:3096} INFO - Sync 3 DAGs
[2025-06-20T14:46:56.744+0000] {logging_mixin.py:188} INFO - [2025-06-20T14:46:56.743+0000] {dag.py:3954} INFO - Setting next_dagrun for example_branch_datetime_operator to 2025-06-19 00:00:00+00:00, run_after=2025-06-20 00:00:00+00:00
[2025-06-20T14:46:56.748+0000] {logging_mixin.py:188} INFO - [2025-06-20T14:46:56.748+0000] {dag.py:3954} INFO - Setting next_dagrun for example_branch_datetime_operator_2 to 2025-06-19 00:00:00+00:00, run_after=2025-06-20 00:00:00+00:00
[2025-06-20T14:46:56.750+0000] {logging_mixin.py:188} INFO - [2025-06-20T14:46:56.750+0000] {dag.py:3954} INFO - Setting next_dagrun for example_branch_datetime_operator_3 to 2025-06-19 00:00:00+00:00, run_after=2025-06-20 00:00:00+00:00
[2025-06-20T14:46:56.764+0000] {processor.py:183} INFO - Processing /home/airflow/.local/lib/python3.12/site-packages/airflow/example_dags/example_branch_datetime_operator.py took 0.096 seconds
[2025-06-20T14:47:27.004+0000] {processor.py:161} INFO - Started process (PID=1537) to work on /home/airflow/.local/lib/python3.12/site-packages/airflow/example_dags/example_branch_datetime_operator.py
[2025-06-20T14:47:27.005+0000] {processor.py:830} INFO - Processing file /home/airflow/.local/lib/python3.12/site-packages/airflow/example_dags/example_branch_datetime_operator.py for tasks to queue
[2025-06-20T14:47:27.006+0000] {logging_mixin.py:188} INFO - [2025-06-20T14:47:27.006+0000] {dagbag.py:540} INFO - Filling up the DagBag from /home/airflow/.local/lib/python3.12/site-packages/airflow/example_dags/example_branch_datetime_operator.py
[2025-06-20T14:47:27.016+0000] {processor.py:840} INFO - DAG(s) 'example_branch_datetime_operator_2', 'example_branch_datetime_operator', 'example_branch_datetime_operator_3' retrieved from /home/airflow/.local/lib/python3.12/site-packages/airflow/example_dags/example_branch_datetime_operator.py
[2025-06-20T14:47:27.042+0000] {logging_mixin.py:188} INFO - [2025-06-20T14:47:27.042+0000] {dag.py:3096} INFO - Sync 3 DAGs
[2025-06-20T14:47:27.063+0000] {logging_mixin.py:188} INFO - [2025-06-20T14:47:27.063+0000] {dag.py:3954} INFO - Setting next_dagrun for example_branch_datetime_operator to 2025-06-19 00:00:00+00:00, run_after=2025-06-20 00:00:00+00:00
[2025-06-20T14:47:27.067+0000] {logging_mixin.py:188} INFO - [2025-06-20T14:47:27.067+0000] {dag.py:3954} INFO - Setting next_dagrun for example_branch_datetime_operator_2 to 2025-06-19 00:00:00+00:00, run_after=2025-06-20 00:00:00+00:00
[2025-06-20T14:47:27.069+0000] {logging_mixin.py:188} INFO - [2025-06-20T14:47:27.069+0000] {dag.py:3954} INFO - Setting next_dagrun for example_branch_datetime_operator_3 to 2025-06-19 00:00:00+00:00, run_after=2025-06-20 00:00:00+00:00
[2025-06-20T14:47:27.083+0000] {processor.py:183} INFO - Processing /home/airflow/.local/lib/python3.12/site-packages/airflow/example_dags/example_branch_datetime_operator.py took 0.085 seconds
[2025-06-20T14:47:57.199+0000] {processor.py:161} INFO - Started process (PID=1595) to work on /home/airflow/.local/lib/python3.12/site-packages/airflow/example_dags/example_branch_datetime_operator.py
[2025-06-20T14:47:57.200+0000] {processor.py:830} INFO - Processing file /home/airflow/.local/lib/python3.12/site-packages/airflow/example_dags/example_branch_datetime_operator.py for tasks to queue
[2025-06-20T14:47:57.201+0000] {logging_mixin.py:188} INFO - [2025-06-20T14:47:57.201+0000] {dagbag.py:540} INFO - Filling up the DagBag from /home/airflow/.local/lib/python3.12/site-packages/airflow/example_dags/example_branch_datetime_operator.py
[2025-06-20T14:47:57.211+0000] {processor.py:840} INFO - DAG(s) 'example_branch_datetime_operator', 'example_branch_datetime_operator_3', 'example_branch_datetime_operator_2' retrieved from /home/airflow/.local/lib/python3.12/site-packages/airflow/example_dags/example_branch_datetime_operator.py
[2025-06-20T14:47:57.242+0000] {logging_mixin.py:188} INFO - [2025-06-20T14:47:57.242+0000] {dag.py:3096} INFO - Sync 3 DAGs
[2025-06-20T14:47:57.267+0000] {logging_mixin.py:188} INFO - [2025-06-20T14:47:57.267+0000] {dag.py:3954} INFO - Setting next_dagrun for example_branch_datetime_operator to 2025-06-19 00:00:00+00:00, run_after=2025-06-20 00:00:00+00:00
[2025-06-20T14:47:57.271+0000] {logging_mixin.py:188} INFO - [2025-06-20T14:47:57.271+0000] {dag.py:3954} INFO - Setting next_dagrun for example_branch_datetime_operator_2 to 2025-06-19 00:00:00+00:00, run_after=2025-06-20 00:00:00+00:00
[2025-06-20T14:47:57.274+0000] {logging_mixin.py:188} INFO - [2025-06-20T14:47:57.273+0000] {dag.py:3954} INFO - Setting next_dagrun for example_branch_datetime_operator_3 to 2025-06-19 00:00:00+00:00, run_after=2025-06-20 00:00:00+00:00
[2025-06-20T14:47:57.287+0000] {processor.py:183} INFO - Processing /home/airflow/.local/lib/python3.12/site-packages/airflow/example_dags/example_branch_datetime_operator.py took 0.096 seconds
[2025-06-20T14:48:27.613+0000] {processor.py:161} INFO - Started process (PID=1653) to work on /home/airflow/.local/lib/python3.12/site-packages/airflow/example_dags/example_branch_datetime_operator.py
[2025-06-20T14:48:27.614+0000] {processor.py:830} INFO - Processing file /home/airflow/.local/lib/python3.12/site-packages/airflow/example_dags/example_branch_datetime_operator.py for tasks to queue
[2025-06-20T14:48:27.616+0000] {logging_mixin.py:188} INFO - [2025-06-20T14:48:27.615+0000] {dagbag.py:540} INFO - Filling up the DagBag from /home/airflow/.local/lib/python3.12/site-packages/airflow/example_dags/example_branch_datetime_operator.py
[2025-06-20T14:48:27.625+0000] {processor.py:840} INFO - DAG(s) 'example_branch_datetime_operator_2', 'example_branch_datetime_operator_3', 'example_branch_datetime_operator' retrieved from /home/airflow/.local/lib/python3.12/site-packages/airflow/example_dags/example_branch_datetime_operator.py
[2025-06-20T14:48:27.650+0000] {logging_mixin.py:188} INFO - [2025-06-20T14:48:27.650+0000] {dag.py:3096} INFO - Sync 3 DAGs
[2025-06-20T14:48:27.672+0000] {logging_mixin.py:188} INFO - [2025-06-20T14:48:27.671+0000] {dag.py:3954} INFO - Setting next_dagrun for example_branch_datetime_operator to 2025-06-19 00:00:00+00:00, run_after=2025-06-20 00:00:00+00:00
[2025-06-20T14:48:27.676+0000] {logging_mixin.py:188} INFO - [2025-06-20T14:48:27.676+0000] {dag.py:3954} INFO - Setting next_dagrun for example_branch_datetime_operator_2 to 2025-06-19 00:00:00+00:00, run_after=2025-06-20 00:00:00+00:00
[2025-06-20T14:48:27.678+0000] {logging_mixin.py:188} INFO - [2025-06-20T14:48:27.678+0000] {dag.py:3954} INFO - Setting next_dagrun for example_branch_datetime_operator_3 to 2025-06-19 00:00:00+00:00, run_after=2025-06-20 00:00:00+00:00
[2025-06-20T14:48:27.691+0000] {processor.py:183} INFO - Processing /home/airflow/.local/lib/python3.12/site-packages/airflow/example_dags/example_branch_datetime_operator.py took 0.084 seconds
[2025-06-20T14:48:57.840+0000] {processor.py:161} INFO - Started process (PID=1711) to work on /home/airflow/.local/lib/python3.12/site-packages/airflow/example_dags/example_branch_datetime_operator.py
[2025-06-20T14:48:57.841+0000] {processor.py:830} INFO - Processing file /home/airflow/.local/lib/python3.12/site-packages/airflow/example_dags/example_branch_datetime_operator.py for tasks to queue
[2025-06-20T14:48:57.843+0000] {logging_mixin.py:188} INFO - [2025-06-20T14:48:57.842+0000] {dagbag.py:540} INFO - Filling up the DagBag from /home/airflow/.local/lib/python3.12/site-packages/airflow/example_dags/example_branch_datetime_operator.py
[2025-06-20T14:48:57.853+0000] {processor.py:840} INFO - DAG(s) 'example_branch_datetime_operator_3', 'example_branch_datetime_operator_2', 'example_branch_datetime_operator' retrieved from /home/airflow/.local/lib/python3.12/site-packages/airflow/example_dags/example_branch_datetime_operator.py
[2025-06-20T14:48:57.879+0000] {logging_mixin.py:188} INFO - [2025-06-20T14:48:57.879+0000] {dag.py:3096} INFO - Sync 3 DAGs
[2025-06-20T14:48:57.901+0000] {logging_mixin.py:188} INFO - [2025-06-20T14:48:57.901+0000] {dag.py:3954} INFO - Setting next_dagrun for example_branch_datetime_operator to 2025-06-19 00:00:00+00:00, run_after=2025-06-20 00:00:00+00:00
[2025-06-20T14:48:57.905+0000] {logging_mixin.py:188} INFO - [2025-06-20T14:48:57.905+0000] {dag.py:3954} INFO - Setting next_dagrun for example_branch_datetime_operator_2 to 2025-06-19 00:00:00+00:00, run_after=2025-06-20 00:00:00+00:00
[2025-06-20T14:48:57.908+0000] {logging_mixin.py:188} INFO - [2025-06-20T14:48:57.908+0000] {dag.py:3954} INFO - Setting next_dagrun for example_branch_datetime_operator_3 to 2025-06-19 00:00:00+00:00, run_after=2025-06-20 00:00:00+00:00
[2025-06-20T14:48:57.922+0000] {processor.py:183} INFO - Processing /home/airflow/.local/lib/python3.12/site-packages/airflow/example_dags/example_branch_datetime_operator.py took 0.089 seconds
[2025-06-20T14:49:28.038+0000] {processor.py:161} INFO - Started process (PID=1769) to work on /home/airflow/.local/lib/python3.12/site-packages/airflow/example_dags/example_branch_datetime_operator.py
[2025-06-20T14:49:28.039+0000] {processor.py:830} INFO - Processing file /home/airflow/.local/lib/python3.12/site-packages/airflow/example_dags/example_branch_datetime_operator.py for tasks to queue
[2025-06-20T14:49:28.041+0000] {logging_mixin.py:188} INFO - [2025-06-20T14:49:28.041+0000] {dagbag.py:540} INFO - Filling up the DagBag from /home/airflow/.local/lib/python3.12/site-packages/airflow/example_dags/example_branch_datetime_operator.py
[2025-06-20T14:49:28.051+0000] {processor.py:840} INFO - DAG(s) 'example_branch_datetime_operator', 'example_branch_datetime_operator_3', 'example_branch_datetime_operator_2' retrieved from /home/airflow/.local/lib/python3.12/site-packages/airflow/example_dags/example_branch_datetime_operator.py
[2025-06-20T14:49:28.078+0000] {logging_mixin.py:188} INFO - [2025-06-20T14:49:28.078+0000] {dag.py:3096} INFO - Sync 3 DAGs
[2025-06-20T14:49:28.100+0000] {logging_mixin.py:188} INFO - [2025-06-20T14:49:28.100+0000] {dag.py:3954} INFO - Setting next_dagrun for example_branch_datetime_operator to 2025-06-19 00:00:00+00:00, run_after=2025-06-20 00:00:00+00:00
[2025-06-20T14:49:28.104+0000] {logging_mixin.py:188} INFO - [2025-06-20T14:49:28.104+0000] {dag.py:3954} INFO - Setting next_dagrun for example_branch_datetime_operator_2 to 2025-06-19 00:00:00+00:00, run_after=2025-06-20 00:00:00+00:00
[2025-06-20T14:49:28.107+0000] {logging_mixin.py:188} INFO - [2025-06-20T14:49:28.107+0000] {dag.py:3954} INFO - Setting next_dagrun for example_branch_datetime_operator_3 to 2025-06-19 00:00:00+00:00, run_after=2025-06-20 00:00:00+00:00
[2025-06-20T14:49:28.121+0000] {processor.py:183} INFO - Processing /home/airflow/.local/lib/python3.12/site-packages/airflow/example_dags/example_branch_datetime_operator.py took 0.090 seconds
[2025-06-20T14:49:58.285+0000] {processor.py:161} INFO - Started process (PID=1827) to work on /home/airflow/.local/lib/python3.12/site-packages/airflow/example_dags/example_branch_datetime_operator.py
[2025-06-20T14:49:58.286+0000] {processor.py:830} INFO - Processing file /home/airflow/.local/lib/python3.12/site-packages/airflow/example_dags/example_branch_datetime_operator.py for tasks to queue
[2025-06-20T14:49:58.288+0000] {logging_mixin.py:188} INFO - [2025-06-20T14:49:58.287+0000] {dagbag.py:540} INFO - Filling up the DagBag from /home/airflow/.local/lib/python3.12/site-packages/airflow/example_dags/example_branch_datetime_operator.py
[2025-06-20T14:49:58.298+0000] {processor.py:840} INFO - DAG(s) 'example_branch_datetime_operator_2', 'example_branch_datetime_operator_3', 'example_branch_datetime_operator' retrieved from /home/airflow/.local/lib/python3.12/site-packages/airflow/example_dags/example_branch_datetime_operator.py
[2025-06-20T14:49:58.324+0000] {logging_mixin.py:188} INFO - [2025-06-20T14:49:58.324+0000] {dag.py:3096} INFO - Sync 3 DAGs
[2025-06-20T14:49:58.346+0000] {logging_mixin.py:188} INFO - [2025-06-20T14:49:58.345+0000] {dag.py:3954} INFO - Setting next_dagrun for example_branch_datetime_operator to 2025-06-19 00:00:00+00:00, run_after=2025-06-20 00:00:00+00:00
[2025-06-20T14:49:58.350+0000] {logging_mixin.py:188} INFO - [2025-06-20T14:49:58.350+0000] {dag.py:3954} INFO - Setting next_dagrun for example_branch_datetime_operator_2 to 2025-06-19 00:00:00+00:00, run_after=2025-06-20 00:00:00+00:00
[2025-06-20T14:49:58.352+0000] {logging_mixin.py:188} INFO - [2025-06-20T14:49:58.352+0000] {dag.py:3954} INFO - Setting next_dagrun for example_branch_datetime_operator_3 to 2025-06-19 00:00:00+00:00, run_after=2025-06-20 00:00:00+00:00
[2025-06-20T14:49:58.368+0000] {processor.py:183} INFO - Processing /home/airflow/.local/lib/python3.12/site-packages/airflow/example_dags/example_branch_datetime_operator.py took 0.090 seconds
[2025-06-20T14:50:28.487+0000] {processor.py:161} INFO - Started process (PID=1885) to work on /home/airflow/.local/lib/python3.12/site-packages/airflow/example_dags/example_branch_datetime_operator.py
[2025-06-20T14:50:28.488+0000] {processor.py:830} INFO - Processing file /home/airflow/.local/lib/python3.12/site-packages/airflow/example_dags/example_branch_datetime_operator.py for tasks to queue
[2025-06-20T14:50:28.490+0000] {logging_mixin.py:188} INFO - [2025-06-20T14:50:28.489+0000] {dagbag.py:540} INFO - Filling up the DagBag from /home/airflow/.local/lib/python3.12/site-packages/airflow/example_dags/example_branch_datetime_operator.py
[2025-06-20T14:50:28.499+0000] {processor.py:840} INFO - DAG(s) 'example_branch_datetime_operator', 'example_branch_datetime_operator_3', 'example_branch_datetime_operator_2' retrieved from /home/airflow/.local/lib/python3.12/site-packages/airflow/example_dags/example_branch_datetime_operator.py
[2025-06-20T14:50:28.525+0000] {logging_mixin.py:188} INFO - [2025-06-20T14:50:28.525+0000] {dag.py:3096} INFO - Sync 3 DAGs
[2025-06-20T14:50:28.548+0000] {logging_mixin.py:188} INFO - [2025-06-20T14:50:28.548+0000] {dag.py:3954} INFO - Setting next_dagrun for example_branch_datetime_operator to 2025-06-19 00:00:00+00:00, run_after=2025-06-20 00:00:00+00:00
[2025-06-20T14:50:28.553+0000] {logging_mixin.py:188} INFO - [2025-06-20T14:50:28.553+0000] {dag.py:3954} INFO - Setting next_dagrun for example_branch_datetime_operator_2 to 2025-06-19 00:00:00+00:00, run_after=2025-06-20 00:00:00+00:00
[2025-06-20T14:50:28.555+0000] {logging_mixin.py:188} INFO - [2025-06-20T14:50:28.555+0000] {dag.py:3954} INFO - Setting next_dagrun for example_branch_datetime_operator_3 to 2025-06-19 00:00:00+00:00, run_after=2025-06-20 00:00:00+00:00
[2025-06-20T14:50:28.571+0000] {processor.py:183} INFO - Processing /home/airflow/.local/lib/python3.12/site-packages/airflow/example_dags/example_branch_datetime_operator.py took 0.092 seconds
[2025-06-20T14:50:58.618+0000] {processor.py:161} INFO - Started process (PID=1943) to work on /home/airflow/.local/lib/python3.12/site-packages/airflow/example_dags/example_branch_datetime_operator.py
[2025-06-20T14:50:58.618+0000] {processor.py:830} INFO - Processing file /home/airflow/.local/lib/python3.12/site-packages/airflow/example_dags/example_branch_datetime_operator.py for tasks to queue
[2025-06-20T14:50:58.620+0000] {logging_mixin.py:188} INFO - [2025-06-20T14:50:58.620+0000] {dagbag.py:540} INFO - Filling up the DagBag from /home/airflow/.local/lib/python3.12/site-packages/airflow/example_dags/example_branch_datetime_operator.py
[2025-06-20T14:50:58.630+0000] {processor.py:840} INFO - DAG(s) 'example_branch_datetime_operator', 'example_branch_datetime_operator_2', 'example_branch_datetime_operator_3' retrieved from /home/airflow/.local/lib/python3.12/site-packages/airflow/example_dags/example_branch_datetime_operator.py
[2025-06-20T14:50:58.657+0000] {logging_mixin.py:188} INFO - [2025-06-20T14:50:58.656+0000] {dag.py:3096} INFO - Sync 3 DAGs
[2025-06-20T14:50:58.680+0000] {logging_mixin.py:188} INFO - [2025-06-20T14:50:58.680+0000] {dag.py:3954} INFO - Setting next_dagrun for example_branch_datetime_operator to 2025-06-19 00:00:00+00:00, run_after=2025-06-20 00:00:00+00:00
[2025-06-20T14:50:58.684+0000] {logging_mixin.py:188} INFO - [2025-06-20T14:50:58.684+0000] {dag.py:3954} INFO - Setting next_dagrun for example_branch_datetime_operator_2 to 2025-06-19 00:00:00+00:00, run_after=2025-06-20 00:00:00+00:00
[2025-06-20T14:50:58.687+0000] {logging_mixin.py:188} INFO - [2025-06-20T14:50:58.686+0000] {dag.py:3954} INFO - Setting next_dagrun for example_branch_datetime_operator_3 to 2025-06-19 00:00:00+00:00, run_after=2025-06-20 00:00:00+00:00
[2025-06-20T14:50:58.700+0000] {processor.py:183} INFO - Processing /home/airflow/.local/lib/python3.12/site-packages/airflow/example_dags/example_branch_datetime_operator.py took 0.089 seconds
[2025-06-20T14:51:28.780+0000] {processor.py:161} INFO - Started process (PID=2001) to work on /home/airflow/.local/lib/python3.12/site-packages/airflow/example_dags/example_branch_datetime_operator.py
[2025-06-20T14:51:28.781+0000] {processor.py:830} INFO - Processing file /home/airflow/.local/lib/python3.12/site-packages/airflow/example_dags/example_branch_datetime_operator.py for tasks to queue
[2025-06-20T14:51:28.783+0000] {logging_mixin.py:188} INFO - [2025-06-20T14:51:28.783+0000] {dagbag.py:540} INFO - Filling up the DagBag from /home/airflow/.local/lib/python3.12/site-packages/airflow/example_dags/example_branch_datetime_operator.py
[2025-06-20T14:51:28.794+0000] {processor.py:840} INFO - DAG(s) 'example_branch_datetime_operator', 'example_branch_datetime_operator_3', 'example_branch_datetime_operator_2' retrieved from /home/airflow/.local/lib/python3.12/site-packages/airflow/example_dags/example_branch_datetime_operator.py
[2025-06-20T14:51:28.822+0000] {logging_mixin.py:188} INFO - [2025-06-20T14:51:28.821+0000] {dag.py:3096} INFO - Sync 3 DAGs
[2025-06-20T14:51:28.845+0000] {logging_mixin.py:188} INFO - [2025-06-20T14:51:28.845+0000] {dag.py:3954} INFO - Setting next_dagrun for example_branch_datetime_operator to 2025-06-19 00:00:00+00:00, run_after=2025-06-20 00:00:00+00:00
[2025-06-20T14:51:28.849+0000] {logging_mixin.py:188} INFO - [2025-06-20T14:51:28.849+0000] {dag.py:3954} INFO - Setting next_dagrun for example_branch_datetime_operator_2 to 2025-06-19 00:00:00+00:00, run_after=2025-06-20 00:00:00+00:00
[2025-06-20T14:51:28.852+0000] {logging_mixin.py:188} INFO - [2025-06-20T14:51:28.852+0000] {dag.py:3954} INFO - Setting next_dagrun for example_branch_datetime_operator_3 to 2025-06-19 00:00:00+00:00, run_after=2025-06-20 00:00:00+00:00
[2025-06-20T14:51:28.868+0000] {processor.py:183} INFO - Processing /home/airflow/.local/lib/python3.12/site-packages/airflow/example_dags/example_branch_datetime_operator.py took 0.094 seconds
[2025-06-20T14:51:59.169+0000] {processor.py:161} INFO - Started process (PID=2059) to work on /home/airflow/.local/lib/python3.12/site-packages/airflow/example_dags/example_branch_datetime_operator.py
[2025-06-20T14:51:59.170+0000] {processor.py:830} INFO - Processing file /home/airflow/.local/lib/python3.12/site-packages/airflow/example_dags/example_branch_datetime_operator.py for tasks to queue
[2025-06-20T14:51:59.172+0000] {logging_mixin.py:188} INFO - [2025-06-20T14:51:59.171+0000] {dagbag.py:540} INFO - Filling up the DagBag from /home/airflow/.local/lib/python3.12/site-packages/airflow/example_dags/example_branch_datetime_operator.py
[2025-06-20T14:51:59.181+0000] {processor.py:840} INFO - DAG(s) 'example_branch_datetime_operator', 'example_branch_datetime_operator_2', 'example_branch_datetime_operator_3' retrieved from /home/airflow/.local/lib/python3.12/site-packages/airflow/example_dags/example_branch_datetime_operator.py
[2025-06-20T14:51:59.208+0000] {logging_mixin.py:188} INFO - [2025-06-20T14:51:59.207+0000] {dag.py:3096} INFO - Sync 3 DAGs
[2025-06-20T14:51:59.229+0000] {logging_mixin.py:188} INFO - [2025-06-20T14:51:59.229+0000] {dag.py:3954} INFO - Setting next_dagrun for example_branch_datetime_operator to 2025-06-19 00:00:00+00:00, run_after=2025-06-20 00:00:00+00:00
[2025-06-20T14:51:59.234+0000] {logging_mixin.py:188} INFO - [2025-06-20T14:51:59.234+0000] {dag.py:3954} INFO - Setting next_dagrun for example_branch_datetime_operator_2 to 2025-06-19 00:00:00+00:00, run_after=2025-06-20 00:00:00+00:00
[2025-06-20T14:51:59.236+0000] {logging_mixin.py:188} INFO - [2025-06-20T14:51:59.236+0000] {dag.py:3954} INFO - Setting next_dagrun for example_branch_datetime_operator_3 to 2025-06-19 00:00:00+00:00, run_after=2025-06-20 00:00:00+00:00
[2025-06-20T14:51:59.250+0000] {processor.py:183} INFO - Processing /home/airflow/.local/lib/python3.12/site-packages/airflow/example_dags/example_branch_datetime_operator.py took 0.087 seconds
[2025-06-20T14:52:30.106+0000] {processor.py:161} INFO - Started process (PID=2117) to work on /home/airflow/.local/lib/python3.12/site-packages/airflow/example_dags/example_branch_datetime_operator.py
[2025-06-20T14:52:30.107+0000] {processor.py:830} INFO - Processing file /home/airflow/.local/lib/python3.12/site-packages/airflow/example_dags/example_branch_datetime_operator.py for tasks to queue
[2025-06-20T14:52:30.109+0000] {logging_mixin.py:188} INFO - [2025-06-20T14:52:30.109+0000] {dagbag.py:540} INFO - Filling up the DagBag from /home/airflow/.local/lib/python3.12/site-packages/airflow/example_dags/example_branch_datetime_operator.py
[2025-06-20T14:52:30.120+0000] {processor.py:840} INFO - DAG(s) 'example_branch_datetime_operator_3', 'example_branch_datetime_operator', 'example_branch_datetime_operator_2' retrieved from /home/airflow/.local/lib/python3.12/site-packages/airflow/example_dags/example_branch_datetime_operator.py
[2025-06-20T14:52:30.145+0000] {logging_mixin.py:188} INFO - [2025-06-20T14:52:30.145+0000] {dag.py:3096} INFO - Sync 3 DAGs
[2025-06-20T14:52:30.169+0000] {logging_mixin.py:188} INFO - [2025-06-20T14:52:30.169+0000] {dag.py:3954} INFO - Setting next_dagrun for example_branch_datetime_operator to 2025-06-19 00:00:00+00:00, run_after=2025-06-20 00:00:00+00:00
[2025-06-20T14:52:30.174+0000] {logging_mixin.py:188} INFO - [2025-06-20T14:52:30.174+0000] {dag.py:3954} INFO - Setting next_dagrun for example_branch_datetime_operator_2 to 2025-06-19 00:00:00+00:00, run_after=2025-06-20 00:00:00+00:00
[2025-06-20T14:52:30.176+0000] {logging_mixin.py:188} INFO - [2025-06-20T14:52:30.176+0000] {dag.py:3954} INFO - Setting next_dagrun for example_branch_datetime_operator_3 to 2025-06-19 00:00:00+00:00, run_after=2025-06-20 00:00:00+00:00
[2025-06-20T14:52:30.191+0000] {processor.py:183} INFO - Processing /home/airflow/.local/lib/python3.12/site-packages/airflow/example_dags/example_branch_datetime_operator.py took 0.091 seconds
[2025-06-20T14:53:00.290+0000] {processor.py:161} INFO - Started process (PID=2175) to work on /home/airflow/.local/lib/python3.12/site-packages/airflow/example_dags/example_branch_datetime_operator.py
[2025-06-20T14:53:00.291+0000] {processor.py:830} INFO - Processing file /home/airflow/.local/lib/python3.12/site-packages/airflow/example_dags/example_branch_datetime_operator.py for tasks to queue
[2025-06-20T14:53:00.292+0000] {logging_mixin.py:188} INFO - [2025-06-20T14:53:00.292+0000] {dagbag.py:540} INFO - Filling up the DagBag from /home/airflow/.local/lib/python3.12/site-packages/airflow/example_dags/example_branch_datetime_operator.py
[2025-06-20T14:53:00.302+0000] {processor.py:840} INFO - DAG(s) 'example_branch_datetime_operator_3', 'example_branch_datetime_operator_2', 'example_branch_datetime_operator' retrieved from /home/airflow/.local/lib/python3.12/site-packages/airflow/example_dags/example_branch_datetime_operator.py
[2025-06-20T14:53:00.327+0000] {logging_mixin.py:188} INFO - [2025-06-20T14:53:00.327+0000] {dag.py:3096} INFO - Sync 3 DAGs
[2025-06-20T14:53:00.348+0000] {logging_mixin.py:188} INFO - [2025-06-20T14:53:00.348+0000] {dag.py:3954} INFO - Setting next_dagrun for example_branch_datetime_operator to 2025-06-19 00:00:00+00:00, run_after=2025-06-20 00:00:00+00:00
[2025-06-20T14:53:00.352+0000] {logging_mixin.py:188} INFO - [2025-06-20T14:53:00.352+0000] {dag.py:3954} INFO - Setting next_dagrun for example_branch_datetime_operator_2 to 2025-06-19 00:00:00+00:00, run_after=2025-06-20 00:00:00+00:00
[2025-06-20T14:53:00.355+0000] {logging_mixin.py:188} INFO - [2025-06-20T14:53:00.354+0000] {dag.py:3954} INFO - Setting next_dagrun for example_branch_datetime_operator_3 to 2025-06-19 00:00:00+00:00, run_after=2025-06-20 00:00:00+00:00
[2025-06-20T14:53:00.368+0000] {processor.py:183} INFO - Processing /home/airflow/.local/lib/python3.12/site-packages/airflow/example_dags/example_branch_datetime_operator.py took 0.085 seconds
[2025-06-20T14:53:30.626+0000] {processor.py:161} INFO - Started process (PID=2233) to work on /home/airflow/.local/lib/python3.12/site-packages/airflow/example_dags/example_branch_datetime_operator.py
[2025-06-20T14:53:30.627+0000] {processor.py:830} INFO - Processing file /home/airflow/.local/lib/python3.12/site-packages/airflow/example_dags/example_branch_datetime_operator.py for tasks to queue
[2025-06-20T14:53:30.629+0000] {logging_mixin.py:188} INFO - [2025-06-20T14:53:30.629+0000] {dagbag.py:540} INFO - Filling up the DagBag from /home/airflow/.local/lib/python3.12/site-packages/airflow/example_dags/example_branch_datetime_operator.py
[2025-06-20T14:53:30.639+0000] {processor.py:840} INFO - DAG(s) 'example_branch_datetime_operator_2', 'example_branch_datetime_operator_3', 'example_branch_datetime_operator' retrieved from /home/airflow/.local/lib/python3.12/site-packages/airflow/example_dags/example_branch_datetime_operator.py
[2025-06-20T14:53:30.666+0000] {logging_mixin.py:188} INFO - [2025-06-20T14:53:30.666+0000] {dag.py:3096} INFO - Sync 3 DAGs
[2025-06-20T14:53:30.688+0000] {logging_mixin.py:188} INFO - [2025-06-20T14:53:30.688+0000] {dag.py:3954} INFO - Setting next_dagrun for example_branch_datetime_operator to 2025-06-19 00:00:00+00:00, run_after=2025-06-20 00:00:00+00:00
[2025-06-20T14:53:30.693+0000] {logging_mixin.py:188} INFO - [2025-06-20T14:53:30.693+0000] {dag.py:3954} INFO - Setting next_dagrun for example_branch_datetime_operator_2 to 2025-06-19 00:00:00+00:00, run_after=2025-06-20 00:00:00+00:00
[2025-06-20T14:53:30.695+0000] {logging_mixin.py:188} INFO - [2025-06-20T14:53:30.695+0000] {dag.py:3954} INFO - Setting next_dagrun for example_branch_datetime_operator_3 to 2025-06-19 00:00:00+00:00, run_after=2025-06-20 00:00:00+00:00
[2025-06-20T14:53:30.710+0000] {processor.py:183} INFO - Processing /home/airflow/.local/lib/python3.12/site-packages/airflow/example_dags/example_branch_datetime_operator.py took 0.090 seconds
[2025-06-20T14:54:01.671+0000] {processor.py:161} INFO - Started process (PID=2291) to work on /home/airflow/.local/lib/python3.12/site-packages/airflow/example_dags/example_branch_datetime_operator.py
[2025-06-20T14:54:01.672+0000] {processor.py:830} INFO - Processing file /home/airflow/.local/lib/python3.12/site-packages/airflow/example_dags/example_branch_datetime_operator.py for tasks to queue
[2025-06-20T14:54:01.674+0000] {logging_mixin.py:188} INFO - [2025-06-20T14:54:01.674+0000] {dagbag.py:540} INFO - Filling up the DagBag from /home/airflow/.local/lib/python3.12/site-packages/airflow/example_dags/example_branch_datetime_operator.py
[2025-06-20T14:54:01.684+0000] {processor.py:840} INFO - DAG(s) 'example_branch_datetime_operator_2', 'example_branch_datetime_operator_3', 'example_branch_datetime_operator' retrieved from /home/airflow/.local/lib/python3.12/site-packages/airflow/example_dags/example_branch_datetime_operator.py
[2025-06-20T14:54:01.711+0000] {logging_mixin.py:188} INFO - [2025-06-20T14:54:01.711+0000] {dag.py:3096} INFO - Sync 3 DAGs
[2025-06-20T14:54:01.732+0000] {logging_mixin.py:188} INFO - [2025-06-20T14:54:01.732+0000] {dag.py:3954} INFO - Setting next_dagrun for example_branch_datetime_operator to 2025-06-19 00:00:00+00:00, run_after=2025-06-20 00:00:00+00:00
[2025-06-20T14:54:01.737+0000] {logging_mixin.py:188} INFO - [2025-06-20T14:54:01.736+0000] {dag.py:3954} INFO - Setting next_dagrun for example_branch_datetime_operator_2 to 2025-06-19 00:00:00+00:00, run_after=2025-06-20 00:00:00+00:00
[2025-06-20T14:54:01.739+0000] {logging_mixin.py:188} INFO - [2025-06-20T14:54:01.739+0000] {dag.py:3954} INFO - Setting next_dagrun for example_branch_datetime_operator_3 to 2025-06-19 00:00:00+00:00, run_after=2025-06-20 00:00:00+00:00
[2025-06-20T14:54:01.753+0000] {processor.py:183} INFO - Processing /home/airflow/.local/lib/python3.12/site-packages/airflow/example_dags/example_branch_datetime_operator.py took 0.088 seconds
[2025-06-20T14:54:32.588+0000] {processor.py:161} INFO - Started process (PID=2349) to work on /home/airflow/.local/lib/python3.12/site-packages/airflow/example_dags/example_branch_datetime_operator.py
[2025-06-20T14:54:32.588+0000] {processor.py:830} INFO - Processing file /home/airflow/.local/lib/python3.12/site-packages/airflow/example_dags/example_branch_datetime_operator.py for tasks to queue
[2025-06-20T14:54:32.590+0000] {logging_mixin.py:188} INFO - [2025-06-20T14:54:32.590+0000] {dagbag.py:540} INFO - Filling up the DagBag from /home/airflow/.local/lib/python3.12/site-packages/airflow/example_dags/example_branch_datetime_operator.py
[2025-06-20T14:54:32.601+0000] {processor.py:840} INFO - DAG(s) 'example_branch_datetime_operator_3', 'example_branch_datetime_operator', 'example_branch_datetime_operator_2' retrieved from /home/airflow/.local/lib/python3.12/site-packages/airflow/example_dags/example_branch_datetime_operator.py
[2025-06-20T14:54:32.627+0000] {logging_mixin.py:188} INFO - [2025-06-20T14:54:32.627+0000] {dag.py:3096} INFO - Sync 3 DAGs
[2025-06-20T14:54:32.650+0000] {logging_mixin.py:188} INFO - [2025-06-20T14:54:32.649+0000] {dag.py:3954} INFO - Setting next_dagrun for example_branch_datetime_operator to 2025-06-19 00:00:00+00:00, run_after=2025-06-20 00:00:00+00:00
[2025-06-20T14:54:32.654+0000] {logging_mixin.py:188} INFO - [2025-06-20T14:54:32.654+0000] {dag.py:3954} INFO - Setting next_dagrun for example_branch_datetime_operator_2 to 2025-06-19 00:00:00+00:00, run_after=2025-06-20 00:00:00+00:00
[2025-06-20T14:54:32.656+0000] {logging_mixin.py:188} INFO - [2025-06-20T14:54:32.656+0000] {dag.py:3954} INFO - Setting next_dagrun for example_branch_datetime_operator_3 to 2025-06-19 00:00:00+00:00, run_after=2025-06-20 00:00:00+00:00
[2025-06-20T14:54:32.672+0000] {processor.py:183} INFO - Processing /home/airflow/.local/lib/python3.12/site-packages/airflow/example_dags/example_branch_datetime_operator.py took 0.090 seconds
[2025-06-20T14:55:02.744+0000] {processor.py:161} INFO - Started process (PID=2408) to work on /home/airflow/.local/lib/python3.12/site-packages/airflow/example_dags/example_branch_datetime_operator.py
[2025-06-20T14:55:02.745+0000] {processor.py:830} INFO - Processing file /home/airflow/.local/lib/python3.12/site-packages/airflow/example_dags/example_branch_datetime_operator.py for tasks to queue
[2025-06-20T14:55:02.747+0000] {logging_mixin.py:188} INFO - [2025-06-20T14:55:02.747+0000] {dagbag.py:540} INFO - Filling up the DagBag from /home/airflow/.local/lib/python3.12/site-packages/airflow/example_dags/example_branch_datetime_operator.py
[2025-06-20T14:55:02.756+0000] {processor.py:840} INFO - DAG(s) 'example_branch_datetime_operator_3', 'example_branch_datetime_operator_2', 'example_branch_datetime_operator' retrieved from /home/airflow/.local/lib/python3.12/site-packages/airflow/example_dags/example_branch_datetime_operator.py
[2025-06-20T14:55:02.780+0000] {logging_mixin.py:188} INFO - [2025-06-20T14:55:02.780+0000] {dag.py:3096} INFO - Sync 3 DAGs
[2025-06-20T14:55:02.802+0000] {logging_mixin.py:188} INFO - [2025-06-20T14:55:02.802+0000] {dag.py:3954} INFO - Setting next_dagrun for example_branch_datetime_operator to 2025-06-19 00:00:00+00:00, run_after=2025-06-20 00:00:00+00:00
[2025-06-20T14:55:02.806+0000] {logging_mixin.py:188} INFO - [2025-06-20T14:55:02.806+0000] {dag.py:3954} INFO - Setting next_dagrun for example_branch_datetime_operator_2 to 2025-06-19 00:00:00+00:00, run_after=2025-06-20 00:00:00+00:00
[2025-06-20T14:55:02.809+0000] {logging_mixin.py:188} INFO - [2025-06-20T14:55:02.808+0000] {dag.py:3954} INFO - Setting next_dagrun for example_branch_datetime_operator_3 to 2025-06-19 00:00:00+00:00, run_after=2025-06-20 00:00:00+00:00
[2025-06-20T14:55:02.822+0000] {processor.py:183} INFO - Processing /home/airflow/.local/lib/python3.12/site-packages/airflow/example_dags/example_branch_datetime_operator.py took 0.083 seconds
[2025-06-20T14:55:33.035+0000] {processor.py:161} INFO - Started process (PID=2467) to work on /home/airflow/.local/lib/python3.12/site-packages/airflow/example_dags/example_branch_datetime_operator.py
[2025-06-20T14:55:33.036+0000] {processor.py:830} INFO - Processing file /home/airflow/.local/lib/python3.12/site-packages/airflow/example_dags/example_branch_datetime_operator.py for tasks to queue
[2025-06-20T14:55:33.037+0000] {logging_mixin.py:188} INFO - [2025-06-20T14:55:33.037+0000] {dagbag.py:540} INFO - Filling up the DagBag from /home/airflow/.local/lib/python3.12/site-packages/airflow/example_dags/example_branch_datetime_operator.py
[2025-06-20T14:55:33.048+0000] {processor.py:840} INFO - DAG(s) 'example_branch_datetime_operator', 'example_branch_datetime_operator_3', 'example_branch_datetime_operator_2' retrieved from /home/airflow/.local/lib/python3.12/site-packages/airflow/example_dags/example_branch_datetime_operator.py
[2025-06-20T14:55:33.074+0000] {logging_mixin.py:188} INFO - [2025-06-20T14:55:33.074+0000] {dag.py:3096} INFO - Sync 3 DAGs
[2025-06-20T14:55:33.096+0000] {logging_mixin.py:188} INFO - [2025-06-20T14:55:33.096+0000] {dag.py:3954} INFO - Setting next_dagrun for example_branch_datetime_operator to 2025-06-19 00:00:00+00:00, run_after=2025-06-20 00:00:00+00:00
[2025-06-20T14:55:33.101+0000] {logging_mixin.py:188} INFO - [2025-06-20T14:55:33.101+0000] {dag.py:3954} INFO - Setting next_dagrun for example_branch_datetime_operator_2 to 2025-06-19 00:00:00+00:00, run_after=2025-06-20 00:00:00+00:00
[2025-06-20T14:55:33.103+0000] {logging_mixin.py:188} INFO - [2025-06-20T14:55:33.103+0000] {dag.py:3954} INFO - Setting next_dagrun for example_branch_datetime_operator_3 to 2025-06-19 00:00:00+00:00, run_after=2025-06-20 00:00:00+00:00
[2025-06-20T14:55:33.119+0000] {processor.py:183} INFO - Processing /home/airflow/.local/lib/python3.12/site-packages/airflow/example_dags/example_branch_datetime_operator.py took 0.091 seconds
[2025-06-20T14:56:03.455+0000] {processor.py:161} INFO - Started process (PID=2526) to work on /home/airflow/.local/lib/python3.12/site-packages/airflow/example_dags/example_branch_datetime_operator.py
[2025-06-20T14:56:03.456+0000] {processor.py:830} INFO - Processing file /home/airflow/.local/lib/python3.12/site-packages/airflow/example_dags/example_branch_datetime_operator.py for tasks to queue
[2025-06-20T14:56:03.458+0000] {logging_mixin.py:188} INFO - [2025-06-20T14:56:03.458+0000] {dagbag.py:540} INFO - Filling up the DagBag from /home/airflow/.local/lib/python3.12/site-packages/airflow/example_dags/example_branch_datetime_operator.py
[2025-06-20T14:56:03.468+0000] {processor.py:840} INFO - DAG(s) 'example_branch_datetime_operator_2', 'example_branch_datetime_operator_3', 'example_branch_datetime_operator' retrieved from /home/airflow/.local/lib/python3.12/site-packages/airflow/example_dags/example_branch_datetime_operator.py
[2025-06-20T14:56:03.495+0000] {logging_mixin.py:188} INFO - [2025-06-20T14:56:03.494+0000] {dag.py:3096} INFO - Sync 3 DAGs
[2025-06-20T14:56:03.518+0000] {logging_mixin.py:188} INFO - [2025-06-20T14:56:03.518+0000] {dag.py:3954} INFO - Setting next_dagrun for example_branch_datetime_operator to 2025-06-19 00:00:00+00:00, run_after=2025-06-20 00:00:00+00:00
[2025-06-20T14:56:03.523+0000] {logging_mixin.py:188} INFO - [2025-06-20T14:56:03.522+0000] {dag.py:3954} INFO - Setting next_dagrun for example_branch_datetime_operator_2 to 2025-06-19 00:00:00+00:00, run_after=2025-06-20 00:00:00+00:00
[2025-06-20T14:56:03.525+0000] {logging_mixin.py:188} INFO - [2025-06-20T14:56:03.525+0000] {dag.py:3954} INFO - Setting next_dagrun for example_branch_datetime_operator_3 to 2025-06-19 00:00:00+00:00, run_after=2025-06-20 00:00:00+00:00
[2025-06-20T14:56:03.539+0000] {processor.py:183} INFO - Processing /home/airflow/.local/lib/python3.12/site-packages/airflow/example_dags/example_branch_datetime_operator.py took 0.090 seconds
[2025-06-20T14:56:33.660+0000] {processor.py:161} INFO - Started process (PID=2585) to work on /home/airflow/.local/lib/python3.12/site-packages/airflow/example_dags/example_branch_datetime_operator.py
[2025-06-20T14:56:33.660+0000] {processor.py:830} INFO - Processing file /home/airflow/.local/lib/python3.12/site-packages/airflow/example_dags/example_branch_datetime_operator.py for tasks to queue
[2025-06-20T14:56:33.662+0000] {logging_mixin.py:188} INFO - [2025-06-20T14:56:33.662+0000] {dagbag.py:540} INFO - Filling up the DagBag from /home/airflow/.local/lib/python3.12/site-packages/airflow/example_dags/example_branch_datetime_operator.py
[2025-06-20T14:56:33.672+0000] {processor.py:840} INFO - DAG(s) 'example_branch_datetime_operator_3', 'example_branch_datetime_operator_2', 'example_branch_datetime_operator' retrieved from /home/airflow/.local/lib/python3.12/site-packages/airflow/example_dags/example_branch_datetime_operator.py
[2025-06-20T14:56:33.696+0000] {logging_mixin.py:188} INFO - [2025-06-20T14:56:33.696+0000] {dag.py:3096} INFO - Sync 3 DAGs
[2025-06-20T14:56:33.717+0000] {logging_mixin.py:188} INFO - [2025-06-20T14:56:33.717+0000] {dag.py:3954} INFO - Setting next_dagrun for example_branch_datetime_operator to 2025-06-19 00:00:00+00:00, run_after=2025-06-20 00:00:00+00:00
[2025-06-20T14:56:33.721+0000] {logging_mixin.py:188} INFO - [2025-06-20T14:56:33.721+0000] {dag.py:3954} INFO - Setting next_dagrun for example_branch_datetime_operator_2 to 2025-06-19 00:00:00+00:00, run_after=2025-06-20 00:00:00+00:00
[2025-06-20T14:56:33.723+0000] {logging_mixin.py:188} INFO - [2025-06-20T14:56:33.723+0000] {dag.py:3954} INFO - Setting next_dagrun for example_branch_datetime_operator_3 to 2025-06-19 00:00:00+00:00, run_after=2025-06-20 00:00:00+00:00
[2025-06-20T14:56:33.736+0000] {processor.py:183} INFO - Processing /home/airflow/.local/lib/python3.12/site-packages/airflow/example_dags/example_branch_datetime_operator.py took 0.083 seconds
[2025-06-20T14:57:03.823+0000] {processor.py:161} INFO - Started process (PID=2644) to work on /home/airflow/.local/lib/python3.12/site-packages/airflow/example_dags/example_branch_datetime_operator.py
[2025-06-20T14:57:03.824+0000] {processor.py:830} INFO - Processing file /home/airflow/.local/lib/python3.12/site-packages/airflow/example_dags/example_branch_datetime_operator.py for tasks to queue
[2025-06-20T14:57:03.826+0000] {logging_mixin.py:188} INFO - [2025-06-20T14:57:03.825+0000] {dagbag.py:540} INFO - Filling up the DagBag from /home/airflow/.local/lib/python3.12/site-packages/airflow/example_dags/example_branch_datetime_operator.py
[2025-06-20T14:57:03.835+0000] {processor.py:840} INFO - DAG(s) 'example_branch_datetime_operator', 'example_branch_datetime_operator_2', 'example_branch_datetime_operator_3' retrieved from /home/airflow/.local/lib/python3.12/site-packages/airflow/example_dags/example_branch_datetime_operator.py
[2025-06-20T14:57:03.861+0000] {logging_mixin.py:188} INFO - [2025-06-20T14:57:03.860+0000] {dag.py:3096} INFO - Sync 3 DAGs
[2025-06-20T14:57:03.881+0000] {logging_mixin.py:188} INFO - [2025-06-20T14:57:03.881+0000] {dag.py:3954} INFO - Setting next_dagrun for example_branch_datetime_operator to 2025-06-19 00:00:00+00:00, run_after=2025-06-20 00:00:00+00:00
[2025-06-20T14:57:03.886+0000] {logging_mixin.py:188} INFO - [2025-06-20T14:57:03.886+0000] {dag.py:3954} INFO - Setting next_dagrun for example_branch_datetime_operator_2 to 2025-06-19 00:00:00+00:00, run_after=2025-06-20 00:00:00+00:00
[2025-06-20T14:57:03.888+0000] {logging_mixin.py:188} INFO - [2025-06-20T14:57:03.888+0000] {dag.py:3954} INFO - Setting next_dagrun for example_branch_datetime_operator_3 to 2025-06-19 00:00:00+00:00, run_after=2025-06-20 00:00:00+00:00
[2025-06-20T14:57:03.901+0000] {processor.py:183} INFO - Processing /home/airflow/.local/lib/python3.12/site-packages/airflow/example_dags/example_branch_datetime_operator.py took 0.084 seconds
[2025-06-20T14:57:34.100+0000] {processor.py:161} INFO - Started process (PID=2703) to work on /home/airflow/.local/lib/python3.12/site-packages/airflow/example_dags/example_branch_datetime_operator.py
[2025-06-20T14:57:34.101+0000] {processor.py:830} INFO - Processing file /home/airflow/.local/lib/python3.12/site-packages/airflow/example_dags/example_branch_datetime_operator.py for tasks to queue
[2025-06-20T14:57:34.103+0000] {logging_mixin.py:188} INFO - [2025-06-20T14:57:34.102+0000] {dagbag.py:540} INFO - Filling up the DagBag from /home/airflow/.local/lib/python3.12/site-packages/airflow/example_dags/example_branch_datetime_operator.py
[2025-06-20T14:57:34.113+0000] {processor.py:840} INFO - DAG(s) 'example_branch_datetime_operator_2', 'example_branch_datetime_operator_3', 'example_branch_datetime_operator' retrieved from /home/airflow/.local/lib/python3.12/site-packages/airflow/example_dags/example_branch_datetime_operator.py
[2025-06-20T14:57:34.139+0000] {logging_mixin.py:188} INFO - [2025-06-20T14:57:34.139+0000] {dag.py:3096} INFO - Sync 3 DAGs
[2025-06-20T14:57:34.161+0000] {logging_mixin.py:188} INFO - [2025-06-20T14:57:34.161+0000] {dag.py:3954} INFO - Setting next_dagrun for example_branch_datetime_operator to 2025-06-19 00:00:00+00:00, run_after=2025-06-20 00:00:00+00:00
[2025-06-20T14:57:34.165+0000] {logging_mixin.py:188} INFO - [2025-06-20T14:57:34.165+0000] {dag.py:3954} INFO - Setting next_dagrun for example_branch_datetime_operator_2 to 2025-06-19 00:00:00+00:00, run_after=2025-06-20 00:00:00+00:00
[2025-06-20T14:57:34.167+0000] {logging_mixin.py:188} INFO - [2025-06-20T14:57:34.167+0000] {dag.py:3954} INFO - Setting next_dagrun for example_branch_datetime_operator_3 to 2025-06-19 00:00:00+00:00, run_after=2025-06-20 00:00:00+00:00
[2025-06-20T14:57:34.181+0000] {processor.py:183} INFO - Processing /home/airflow/.local/lib/python3.12/site-packages/airflow/example_dags/example_branch_datetime_operator.py took 0.088 seconds
[2025-06-20T14:58:04.276+0000] {processor.py:161} INFO - Started process (PID=2762) to work on /home/airflow/.local/lib/python3.12/site-packages/airflow/example_dags/example_branch_datetime_operator.py
[2025-06-20T14:58:04.277+0000] {processor.py:830} INFO - Processing file /home/airflow/.local/lib/python3.12/site-packages/airflow/example_dags/example_branch_datetime_operator.py for tasks to queue
[2025-06-20T14:58:04.279+0000] {logging_mixin.py:188} INFO - [2025-06-20T14:58:04.279+0000] {dagbag.py:540} INFO - Filling up the DagBag from /home/airflow/.local/lib/python3.12/site-packages/airflow/example_dags/example_branch_datetime_operator.py
[2025-06-20T14:58:04.289+0000] {processor.py:840} INFO - DAG(s) 'example_branch_datetime_operator_3', 'example_branch_datetime_operator_2', 'example_branch_datetime_operator' retrieved from /home/airflow/.local/lib/python3.12/site-packages/airflow/example_dags/example_branch_datetime_operator.py
[2025-06-20T14:58:04.314+0000] {logging_mixin.py:188} INFO - [2025-06-20T14:58:04.314+0000] {dag.py:3096} INFO - Sync 3 DAGs
[2025-06-20T14:58:04.337+0000] {logging_mixin.py:188} INFO - [2025-06-20T14:58:04.337+0000] {dag.py:3954} INFO - Setting next_dagrun for example_branch_datetime_operator to 2025-06-19 00:00:00+00:00, run_after=2025-06-20 00:00:00+00:00
[2025-06-20T14:58:04.341+0000] {logging_mixin.py:188} INFO - [2025-06-20T14:58:04.341+0000] {dag.py:3954} INFO - Setting next_dagrun for example_branch_datetime_operator_2 to 2025-06-19 00:00:00+00:00, run_after=2025-06-20 00:00:00+00:00
[2025-06-20T14:58:04.343+0000] {logging_mixin.py:188} INFO - [2025-06-20T14:58:04.343+0000] {dag.py:3954} INFO - Setting next_dagrun for example_branch_datetime_operator_3 to 2025-06-19 00:00:00+00:00, run_after=2025-06-20 00:00:00+00:00
[2025-06-20T14:58:04.358+0000] {processor.py:183} INFO - Processing /home/airflow/.local/lib/python3.12/site-packages/airflow/example_dags/example_branch_datetime_operator.py took 0.087 seconds
[2025-06-20T14:58:35.077+0000] {processor.py:161} INFO - Started process (PID=2819) to work on /home/airflow/.local/lib/python3.12/site-packages/airflow/example_dags/example_branch_datetime_operator.py
[2025-06-20T14:58:35.078+0000] {processor.py:830} INFO - Processing file /home/airflow/.local/lib/python3.12/site-packages/airflow/example_dags/example_branch_datetime_operator.py for tasks to queue
[2025-06-20T14:58:35.081+0000] {logging_mixin.py:188} INFO - [2025-06-20T14:58:35.080+0000] {dagbag.py:540} INFO - Filling up the DagBag from /home/airflow/.local/lib/python3.12/site-packages/airflow/example_dags/example_branch_datetime_operator.py
[2025-06-20T14:58:35.095+0000] {processor.py:840} INFO - DAG(s) 'example_branch_datetime_operator', 'example_branch_datetime_operator_3', 'example_branch_datetime_operator_2' retrieved from /home/airflow/.local/lib/python3.12/site-packages/airflow/example_dags/example_branch_datetime_operator.py
[2025-06-20T14:58:35.132+0000] {logging_mixin.py:188} INFO - [2025-06-20T14:58:35.132+0000] {dag.py:3096} INFO - Sync 3 DAGs
[2025-06-20T14:58:35.162+0000] {logging_mixin.py:188} INFO - [2025-06-20T14:58:35.162+0000] {dag.py:3954} INFO - Setting next_dagrun for example_branch_datetime_operator to 2025-06-19 00:00:00+00:00, run_after=2025-06-20 00:00:00+00:00
[2025-06-20T14:58:35.170+0000] {logging_mixin.py:188} INFO - [2025-06-20T14:58:35.170+0000] {dag.py:3954} INFO - Setting next_dagrun for example_branch_datetime_operator_2 to 2025-06-19 00:00:00+00:00, run_after=2025-06-20 00:00:00+00:00
[2025-06-20T14:58:35.173+0000] {logging_mixin.py:188} INFO - [2025-06-20T14:58:35.173+0000] {dag.py:3954} INFO - Setting next_dagrun for example_branch_datetime_operator_3 to 2025-06-19 00:00:00+00:00, run_after=2025-06-20 00:00:00+00:00
[2025-06-20T14:58:35.190+0000] {processor.py:183} INFO - Processing /home/airflow/.local/lib/python3.12/site-packages/airflow/example_dags/example_branch_datetime_operator.py took 0.119 seconds
[2025-06-20T14:59:05.389+0000] {processor.py:161} INFO - Started process (PID=2878) to work on /home/airflow/.local/lib/python3.12/site-packages/airflow/example_dags/example_branch_datetime_operator.py
[2025-06-20T14:59:05.390+0000] {processor.py:830} INFO - Processing file /home/airflow/.local/lib/python3.12/site-packages/airflow/example_dags/example_branch_datetime_operator.py for tasks to queue
[2025-06-20T14:59:05.392+0000] {logging_mixin.py:188} INFO - [2025-06-20T14:59:05.391+0000] {dagbag.py:540} INFO - Filling up the DagBag from /home/airflow/.local/lib/python3.12/site-packages/airflow/example_dags/example_branch_datetime_operator.py
[2025-06-20T14:59:05.401+0000] {processor.py:840} INFO - DAG(s) 'example_branch_datetime_operator_3', 'example_branch_datetime_operator_2', 'example_branch_datetime_operator' retrieved from /home/airflow/.local/lib/python3.12/site-packages/airflow/example_dags/example_branch_datetime_operator.py
[2025-06-20T14:59:05.429+0000] {logging_mixin.py:188} INFO - [2025-06-20T14:59:05.429+0000] {dag.py:3096} INFO - Sync 3 DAGs
[2025-06-20T14:59:05.452+0000] {logging_mixin.py:188} INFO - [2025-06-20T14:59:05.451+0000] {dag.py:3954} INFO - Setting next_dagrun for example_branch_datetime_operator to 2025-06-19 00:00:00+00:00, run_after=2025-06-20 00:00:00+00:00
[2025-06-20T14:59:05.456+0000] {logging_mixin.py:188} INFO - [2025-06-20T14:59:05.456+0000] {dag.py:3954} INFO - Setting next_dagrun for example_branch_datetime_operator_2 to 2025-06-19 00:00:00+00:00, run_after=2025-06-20 00:00:00+00:00
[2025-06-20T14:59:05.459+0000] {logging_mixin.py:188} INFO - [2025-06-20T14:59:05.458+0000] {dag.py:3954} INFO - Setting next_dagrun for example_branch_datetime_operator_3 to 2025-06-19 00:00:00+00:00, run_after=2025-06-20 00:00:00+00:00
[2025-06-20T14:59:05.472+0000] {processor.py:183} INFO - Processing /home/airflow/.local/lib/python3.12/site-packages/airflow/example_dags/example_branch_datetime_operator.py took 0.090 seconds
[2025-06-20T14:59:35.578+0000] {processor.py:161} INFO - Started process (PID=2937) to work on /home/airflow/.local/lib/python3.12/site-packages/airflow/example_dags/example_branch_datetime_operator.py
[2025-06-20T14:59:35.579+0000] {processor.py:830} INFO - Processing file /home/airflow/.local/lib/python3.12/site-packages/airflow/example_dags/example_branch_datetime_operator.py for tasks to queue
[2025-06-20T14:59:35.581+0000] {logging_mixin.py:188} INFO - [2025-06-20T14:59:35.580+0000] {dagbag.py:540} INFO - Filling up the DagBag from /home/airflow/.local/lib/python3.12/site-packages/airflow/example_dags/example_branch_datetime_operator.py
[2025-06-20T14:59:35.591+0000] {processor.py:840} INFO - DAG(s) 'example_branch_datetime_operator_2', 'example_branch_datetime_operator', 'example_branch_datetime_operator_3' retrieved from /home/airflow/.local/lib/python3.12/site-packages/airflow/example_dags/example_branch_datetime_operator.py
[2025-06-20T14:59:35.618+0000] {logging_mixin.py:188} INFO - [2025-06-20T14:59:35.617+0000] {dag.py:3096} INFO - Sync 3 DAGs
[2025-06-20T14:59:35.639+0000] {logging_mixin.py:188} INFO - [2025-06-20T14:59:35.639+0000] {dag.py:3954} INFO - Setting next_dagrun for example_branch_datetime_operator to 2025-06-19 00:00:00+00:00, run_after=2025-06-20 00:00:00+00:00
[2025-06-20T14:59:35.643+0000] {logging_mixin.py:188} INFO - [2025-06-20T14:59:35.643+0000] {dag.py:3954} INFO - Setting next_dagrun for example_branch_datetime_operator_2 to 2025-06-19 00:00:00+00:00, run_after=2025-06-20 00:00:00+00:00
[2025-06-20T14:59:35.646+0000] {logging_mixin.py:188} INFO - [2025-06-20T14:59:35.645+0000] {dag.py:3954} INFO - Setting next_dagrun for example_branch_datetime_operator_3 to 2025-06-19 00:00:00+00:00, run_after=2025-06-20 00:00:00+00:00
[2025-06-20T14:59:35.659+0000] {processor.py:183} INFO - Processing /home/airflow/.local/lib/python3.12/site-packages/airflow/example_dags/example_branch_datetime_operator.py took 0.087 seconds
[2025-06-20T15:00:06.093+0000] {processor.py:161} INFO - Started process (PID=2996) to work on /home/airflow/.local/lib/python3.12/site-packages/airflow/example_dags/example_branch_datetime_operator.py
[2025-06-20T15:00:06.094+0000] {processor.py:830} INFO - Processing file /home/airflow/.local/lib/python3.12/site-packages/airflow/example_dags/example_branch_datetime_operator.py for tasks to queue
[2025-06-20T15:00:06.096+0000] {logging_mixin.py:188} INFO - [2025-06-20T15:00:06.095+0000] {dagbag.py:540} INFO - Filling up the DagBag from /home/airflow/.local/lib/python3.12/site-packages/airflow/example_dags/example_branch_datetime_operator.py
[2025-06-20T15:00:06.106+0000] {processor.py:840} INFO - DAG(s) 'example_branch_datetime_operator_3', 'example_branch_datetime_operator_2', 'example_branch_datetime_operator' retrieved from /home/airflow/.local/lib/python3.12/site-packages/airflow/example_dags/example_branch_datetime_operator.py
[2025-06-20T15:00:06.132+0000] {logging_mixin.py:188} INFO - [2025-06-20T15:00:06.131+0000] {dag.py:3096} INFO - Sync 3 DAGs
[2025-06-20T15:00:06.153+0000] {logging_mixin.py:188} INFO - [2025-06-20T15:00:06.153+0000] {dag.py:3954} INFO - Setting next_dagrun for example_branch_datetime_operator to 2025-06-19 00:00:00+00:00, run_after=2025-06-20 00:00:00+00:00
[2025-06-20T15:00:06.157+0000] {logging_mixin.py:188} INFO - [2025-06-20T15:00:06.157+0000] {dag.py:3954} INFO - Setting next_dagrun for example_branch_datetime_operator_2 to 2025-06-19 00:00:00+00:00, run_after=2025-06-20 00:00:00+00:00
[2025-06-20T15:00:06.160+0000] {logging_mixin.py:188} INFO - [2025-06-20T15:00:06.159+0000] {dag.py:3954} INFO - Setting next_dagrun for example_branch_datetime_operator_3 to 2025-06-19 00:00:00+00:00, run_after=2025-06-20 00:00:00+00:00
[2025-06-20T15:00:06.173+0000] {processor.py:183} INFO - Processing /home/airflow/.local/lib/python3.12/site-packages/airflow/example_dags/example_branch_datetime_operator.py took 0.086 seconds
[2025-06-20T15:00:36.581+0000] {processor.py:161} INFO - Started process (PID=3055) to work on /home/airflow/.local/lib/python3.12/site-packages/airflow/example_dags/example_branch_datetime_operator.py
[2025-06-20T15:00:36.582+0000] {processor.py:830} INFO - Processing file /home/airflow/.local/lib/python3.12/site-packages/airflow/example_dags/example_branch_datetime_operator.py for tasks to queue
[2025-06-20T15:00:36.584+0000] {logging_mixin.py:188} INFO - [2025-06-20T15:00:36.583+0000] {dagbag.py:540} INFO - Filling up the DagBag from /home/airflow/.local/lib/python3.12/site-packages/airflow/example_dags/example_branch_datetime_operator.py
[2025-06-20T15:00:36.593+0000] {processor.py:840} INFO - DAG(s) 'example_branch_datetime_operator_3', 'example_branch_datetime_operator', 'example_branch_datetime_operator_2' retrieved from /home/airflow/.local/lib/python3.12/site-packages/airflow/example_dags/example_branch_datetime_operator.py
[2025-06-20T15:00:36.624+0000] {logging_mixin.py:188} INFO - [2025-06-20T15:00:36.624+0000] {dag.py:3096} INFO - Sync 3 DAGs
[2025-06-20T15:00:36.645+0000] {logging_mixin.py:188} INFO - [2025-06-20T15:00:36.645+0000] {dag.py:3954} INFO - Setting next_dagrun for example_branch_datetime_operator to 2025-06-19 00:00:00+00:00, run_after=2025-06-20 00:00:00+00:00
[2025-06-20T15:00:36.650+0000] {logging_mixin.py:188} INFO - [2025-06-20T15:00:36.650+0000] {dag.py:3954} INFO - Setting next_dagrun for example_branch_datetime_operator_2 to 2025-06-19 00:00:00+00:00, run_after=2025-06-20 00:00:00+00:00
[2025-06-20T15:00:36.652+0000] {logging_mixin.py:188} INFO - [2025-06-20T15:00:36.652+0000] {dag.py:3954} INFO - Setting next_dagrun for example_branch_datetime_operator_3 to 2025-06-19 00:00:00+00:00, run_after=2025-06-20 00:00:00+00:00
[2025-06-20T15:00:36.666+0000] {processor.py:183} INFO - Processing /home/airflow/.local/lib/python3.12/site-packages/airflow/example_dags/example_branch_datetime_operator.py took 0.092 seconds
[2025-06-20T15:01:06.778+0000] {processor.py:161} INFO - Started process (PID=3114) to work on /home/airflow/.local/lib/python3.12/site-packages/airflow/example_dags/example_branch_datetime_operator.py
[2025-06-20T15:01:06.779+0000] {processor.py:830} INFO - Processing file /home/airflow/.local/lib/python3.12/site-packages/airflow/example_dags/example_branch_datetime_operator.py for tasks to queue
[2025-06-20T15:01:06.781+0000] {logging_mixin.py:188} INFO - [2025-06-20T15:01:06.780+0000] {dagbag.py:540} INFO - Filling up the DagBag from /home/airflow/.local/lib/python3.12/site-packages/airflow/example_dags/example_branch_datetime_operator.py
[2025-06-20T15:01:06.790+0000] {processor.py:840} INFO - DAG(s) 'example_branch_datetime_operator', 'example_branch_datetime_operator_3', 'example_branch_datetime_operator_2' retrieved from /home/airflow/.local/lib/python3.12/site-packages/airflow/example_dags/example_branch_datetime_operator.py
[2025-06-20T15:01:06.816+0000] {logging_mixin.py:188} INFO - [2025-06-20T15:01:06.816+0000] {dag.py:3096} INFO - Sync 3 DAGs
[2025-06-20T15:01:06.837+0000] {logging_mixin.py:188} INFO - [2025-06-20T15:01:06.837+0000] {dag.py:3954} INFO - Setting next_dagrun for example_branch_datetime_operator to 2025-06-19 00:00:00+00:00, run_after=2025-06-20 00:00:00+00:00
[2025-06-20T15:01:06.841+0000] {logging_mixin.py:188} INFO - [2025-06-20T15:01:06.841+0000] {dag.py:3954} INFO - Setting next_dagrun for example_branch_datetime_operator_2 to 2025-06-19 00:00:00+00:00, run_after=2025-06-20 00:00:00+00:00
[2025-06-20T15:01:06.843+0000] {logging_mixin.py:188} INFO - [2025-06-20T15:01:06.843+0000] {dag.py:3954} INFO - Setting next_dagrun for example_branch_datetime_operator_3 to 2025-06-19 00:00:00+00:00, run_after=2025-06-20 00:00:00+00:00
[2025-06-20T15:01:06.857+0000] {processor.py:183} INFO - Processing /home/airflow/.local/lib/python3.12/site-packages/airflow/example_dags/example_branch_datetime_operator.py took 0.087 seconds
[2025-06-20T15:01:36.973+0000] {processor.py:161} INFO - Started process (PID=3173) to work on /home/airflow/.local/lib/python3.12/site-packages/airflow/example_dags/example_branch_datetime_operator.py
[2025-06-20T15:01:36.974+0000] {processor.py:830} INFO - Processing file /home/airflow/.local/lib/python3.12/site-packages/airflow/example_dags/example_branch_datetime_operator.py for tasks to queue
[2025-06-20T15:01:36.976+0000] {logging_mixin.py:188} INFO - [2025-06-20T15:01:36.976+0000] {dagbag.py:540} INFO - Filling up the DagBag from /home/airflow/.local/lib/python3.12/site-packages/airflow/example_dags/example_branch_datetime_operator.py
[2025-06-20T15:01:36.986+0000] {processor.py:840} INFO - DAG(s) 'example_branch_datetime_operator_2', 'example_branch_datetime_operator_3', 'example_branch_datetime_operator' retrieved from /home/airflow/.local/lib/python3.12/site-packages/airflow/example_dags/example_branch_datetime_operator.py
[2025-06-20T15:01:37.011+0000] {logging_mixin.py:188} INFO - [2025-06-20T15:01:37.011+0000] {dag.py:3096} INFO - Sync 3 DAGs
[2025-06-20T15:01:37.032+0000] {logging_mixin.py:188} INFO - [2025-06-20T15:01:37.032+0000] {dag.py:3954} INFO - Setting next_dagrun for example_branch_datetime_operator to 2025-06-19 00:00:00+00:00, run_after=2025-06-20 00:00:00+00:00
[2025-06-20T15:01:37.036+0000] {logging_mixin.py:188} INFO - [2025-06-20T15:01:37.036+0000] {dag.py:3954} INFO - Setting next_dagrun for example_branch_datetime_operator_2 to 2025-06-19 00:00:00+00:00, run_after=2025-06-20 00:00:00+00:00
[2025-06-20T15:01:37.039+0000] {logging_mixin.py:188} INFO - [2025-06-20T15:01:37.039+0000] {dag.py:3954} INFO - Setting next_dagrun for example_branch_datetime_operator_3 to 2025-06-19 00:00:00+00:00, run_after=2025-06-20 00:00:00+00:00
[2025-06-20T15:01:37.052+0000] {processor.py:183} INFO - Processing /home/airflow/.local/lib/python3.12/site-packages/airflow/example_dags/example_branch_datetime_operator.py took 0.085 seconds
[2025-06-20T15:02:07.693+0000] {processor.py:161} INFO - Started process (PID=3232) to work on /home/airflow/.local/lib/python3.12/site-packages/airflow/example_dags/example_branch_datetime_operator.py
[2025-06-20T15:02:07.694+0000] {processor.py:830} INFO - Processing file /home/airflow/.local/lib/python3.12/site-packages/airflow/example_dags/example_branch_datetime_operator.py for tasks to queue
[2025-06-20T15:02:07.696+0000] {logging_mixin.py:188} INFO - [2025-06-20T15:02:07.696+0000] {dagbag.py:540} INFO - Filling up the DagBag from /home/airflow/.local/lib/python3.12/site-packages/airflow/example_dags/example_branch_datetime_operator.py
[2025-06-20T15:02:07.706+0000] {processor.py:840} INFO - DAG(s) 'example_branch_datetime_operator', 'example_branch_datetime_operator_3', 'example_branch_datetime_operator_2' retrieved from /home/airflow/.local/lib/python3.12/site-packages/airflow/example_dags/example_branch_datetime_operator.py
[2025-06-20T15:02:07.731+0000] {logging_mixin.py:188} INFO - [2025-06-20T15:02:07.731+0000] {dag.py:3096} INFO - Sync 3 DAGs
[2025-06-20T15:02:07.753+0000] {logging_mixin.py:188} INFO - [2025-06-20T15:02:07.753+0000] {dag.py:3954} INFO - Setting next_dagrun for example_branch_datetime_operator to 2025-06-19 00:00:00+00:00, run_after=2025-06-20 00:00:00+00:00
[2025-06-20T15:02:07.757+0000] {logging_mixin.py:188} INFO - [2025-06-20T15:02:07.757+0000] {dag.py:3954} INFO - Setting next_dagrun for example_branch_datetime_operator_2 to 2025-06-19 00:00:00+00:00, run_after=2025-06-20 00:00:00+00:00
[2025-06-20T15:02:07.759+0000] {logging_mixin.py:188} INFO - [2025-06-20T15:02:07.759+0000] {dag.py:3954} INFO - Setting next_dagrun for example_branch_datetime_operator_3 to 2025-06-19 00:00:00+00:00, run_after=2025-06-20 00:00:00+00:00
[2025-06-20T15:02:07.772+0000] {processor.py:183} INFO - Processing /home/airflow/.local/lib/python3.12/site-packages/airflow/example_dags/example_branch_datetime_operator.py took 0.085 seconds
[2025-06-20T15:02:38.400+0000] {processor.py:161} INFO - Started process (PID=3291) to work on /home/airflow/.local/lib/python3.12/site-packages/airflow/example_dags/example_branch_datetime_operator.py
[2025-06-20T15:02:38.401+0000] {processor.py:830} INFO - Processing file /home/airflow/.local/lib/python3.12/site-packages/airflow/example_dags/example_branch_datetime_operator.py for tasks to queue
[2025-06-20T15:02:38.403+0000] {logging_mixin.py:188} INFO - [2025-06-20T15:02:38.402+0000] {dagbag.py:540} INFO - Filling up the DagBag from /home/airflow/.local/lib/python3.12/site-packages/airflow/example_dags/example_branch_datetime_operator.py
[2025-06-20T15:02:38.412+0000] {processor.py:840} INFO - DAG(s) 'example_branch_datetime_operator_2', 'example_branch_datetime_operator', 'example_branch_datetime_operator_3' retrieved from /home/airflow/.local/lib/python3.12/site-packages/airflow/example_dags/example_branch_datetime_operator.py
[2025-06-20T15:02:38.438+0000] {logging_mixin.py:188} INFO - [2025-06-20T15:02:38.438+0000] {dag.py:3096} INFO - Sync 3 DAGs
[2025-06-20T15:02:38.459+0000] {logging_mixin.py:188} INFO - [2025-06-20T15:02:38.459+0000] {dag.py:3954} INFO - Setting next_dagrun for example_branch_datetime_operator to 2025-06-19 00:00:00+00:00, run_after=2025-06-20 00:00:00+00:00
[2025-06-20T15:02:38.463+0000] {logging_mixin.py:188} INFO - [2025-06-20T15:02:38.463+0000] {dag.py:3954} INFO - Setting next_dagrun for example_branch_datetime_operator_2 to 2025-06-19 00:00:00+00:00, run_after=2025-06-20 00:00:00+00:00
[2025-06-20T15:02:38.465+0000] {logging_mixin.py:188} INFO - [2025-06-20T15:02:38.465+0000] {dag.py:3954} INFO - Setting next_dagrun for example_branch_datetime_operator_3 to 2025-06-19 00:00:00+00:00, run_after=2025-06-20 00:00:00+00:00
[2025-06-20T15:02:38.478+0000] {processor.py:183} INFO - Processing /home/airflow/.local/lib/python3.12/site-packages/airflow/example_dags/example_branch_datetime_operator.py took 0.085 seconds
[2025-06-20T15:03:09.146+0000] {processor.py:161} INFO - Started process (PID=3350) to work on /home/airflow/.local/lib/python3.12/site-packages/airflow/example_dags/example_branch_datetime_operator.py
[2025-06-20T15:03:09.147+0000] {processor.py:830} INFO - Processing file /home/airflow/.local/lib/python3.12/site-packages/airflow/example_dags/example_branch_datetime_operator.py for tasks to queue
[2025-06-20T15:03:09.149+0000] {logging_mixin.py:188} INFO - [2025-06-20T15:03:09.148+0000] {dagbag.py:540} INFO - Filling up the DagBag from /home/airflow/.local/lib/python3.12/site-packages/airflow/example_dags/example_branch_datetime_operator.py
[2025-06-20T15:03:09.159+0000] {processor.py:840} INFO - DAG(s) 'example_branch_datetime_operator_3', 'example_branch_datetime_operator_2', 'example_branch_datetime_operator' retrieved from /home/airflow/.local/lib/python3.12/site-packages/airflow/example_dags/example_branch_datetime_operator.py
[2025-06-20T15:03:09.186+0000] {logging_mixin.py:188} INFO - [2025-06-20T15:03:09.185+0000] {dag.py:3096} INFO - Sync 3 DAGs
[2025-06-20T15:03:09.207+0000] {logging_mixin.py:188} INFO - [2025-06-20T15:03:09.207+0000] {dag.py:3954} INFO - Setting next_dagrun for example_branch_datetime_operator to 2025-06-19 00:00:00+00:00, run_after=2025-06-20 00:00:00+00:00
[2025-06-20T15:03:09.212+0000] {logging_mixin.py:188} INFO - [2025-06-20T15:03:09.212+0000] {dag.py:3954} INFO - Setting next_dagrun for example_branch_datetime_operator_2 to 2025-06-19 00:00:00+00:00, run_after=2025-06-20 00:00:00+00:00
[2025-06-20T15:03:09.214+0000] {logging_mixin.py:188} INFO - [2025-06-20T15:03:09.214+0000] {dag.py:3954} INFO - Setting next_dagrun for example_branch_datetime_operator_3 to 2025-06-19 00:00:00+00:00, run_after=2025-06-20 00:00:00+00:00
[2025-06-20T15:03:09.228+0000] {processor.py:183} INFO - Processing /home/airflow/.local/lib/python3.12/site-packages/airflow/example_dags/example_branch_datetime_operator.py took 0.088 seconds
[2025-06-20T15:03:39.878+0000] {processor.py:161} INFO - Started process (PID=3409) to work on /home/airflow/.local/lib/python3.12/site-packages/airflow/example_dags/example_branch_datetime_operator.py
[2025-06-20T15:03:39.879+0000] {processor.py:830} INFO - Processing file /home/airflow/.local/lib/python3.12/site-packages/airflow/example_dags/example_branch_datetime_operator.py for tasks to queue
[2025-06-20T15:03:39.881+0000] {logging_mixin.py:188} INFO - [2025-06-20T15:03:39.880+0000] {dagbag.py:540} INFO - Filling up the DagBag from /home/airflow/.local/lib/python3.12/site-packages/airflow/example_dags/example_branch_datetime_operator.py
[2025-06-20T15:03:39.892+0000] {processor.py:840} INFO - DAG(s) 'example_branch_datetime_operator', 'example_branch_datetime_operator_3', 'example_branch_datetime_operator_2' retrieved from /home/airflow/.local/lib/python3.12/site-packages/airflow/example_dags/example_branch_datetime_operator.py
[2025-06-20T15:03:39.917+0000] {logging_mixin.py:188} INFO - [2025-06-20T15:03:39.917+0000] {dag.py:3096} INFO - Sync 3 DAGs
[2025-06-20T15:03:39.939+0000] {logging_mixin.py:188} INFO - [2025-06-20T15:03:39.938+0000] {dag.py:3954} INFO - Setting next_dagrun for example_branch_datetime_operator to 2025-06-19 00:00:00+00:00, run_after=2025-06-20 00:00:00+00:00
[2025-06-20T15:03:39.943+0000] {logging_mixin.py:188} INFO - [2025-06-20T15:03:39.943+0000] {dag.py:3954} INFO - Setting next_dagrun for example_branch_datetime_operator_2 to 2025-06-19 00:00:00+00:00, run_after=2025-06-20 00:00:00+00:00
[2025-06-20T15:03:39.946+0000] {logging_mixin.py:188} INFO - [2025-06-20T15:03:39.945+0000] {dag.py:3954} INFO - Setting next_dagrun for example_branch_datetime_operator_3 to 2025-06-19 00:00:00+00:00, run_after=2025-06-20 00:00:00+00:00
[2025-06-20T15:03:39.959+0000] {processor.py:183} INFO - Processing /home/airflow/.local/lib/python3.12/site-packages/airflow/example_dags/example_branch_datetime_operator.py took 0.088 seconds
[2025-06-20T15:04:10.249+0000] {processor.py:161} INFO - Started process (PID=3468) to work on /home/airflow/.local/lib/python3.12/site-packages/airflow/example_dags/example_branch_datetime_operator.py
[2025-06-20T15:04:10.250+0000] {processor.py:830} INFO - Processing file /home/airflow/.local/lib/python3.12/site-packages/airflow/example_dags/example_branch_datetime_operator.py for tasks to queue
[2025-06-20T15:04:10.252+0000] {logging_mixin.py:188} INFO - [2025-06-20T15:04:10.252+0000] {dagbag.py:540} INFO - Filling up the DagBag from /home/airflow/.local/lib/python3.12/site-packages/airflow/example_dags/example_branch_datetime_operator.py
[2025-06-20T15:04:10.262+0000] {processor.py:840} INFO - DAG(s) 'example_branch_datetime_operator_2', 'example_branch_datetime_operator', 'example_branch_datetime_operator_3' retrieved from /home/airflow/.local/lib/python3.12/site-packages/airflow/example_dags/example_branch_datetime_operator.py
[2025-06-20T15:04:10.289+0000] {logging_mixin.py:188} INFO - [2025-06-20T15:04:10.289+0000] {dag.py:3096} INFO - Sync 3 DAGs
[2025-06-20T15:04:10.310+0000] {logging_mixin.py:188} INFO - [2025-06-20T15:04:10.310+0000] {dag.py:3954} INFO - Setting next_dagrun for example_branch_datetime_operator to 2025-06-19 00:00:00+00:00, run_after=2025-06-20 00:00:00+00:00
[2025-06-20T15:04:10.315+0000] {logging_mixin.py:188} INFO - [2025-06-20T15:04:10.315+0000] {dag.py:3954} INFO - Setting next_dagrun for example_branch_datetime_operator_2 to 2025-06-19 00:00:00+00:00, run_after=2025-06-20 00:00:00+00:00
[2025-06-20T15:04:10.317+0000] {logging_mixin.py:188} INFO - [2025-06-20T15:04:10.317+0000] {dag.py:3954} INFO - Setting next_dagrun for example_branch_datetime_operator_3 to 2025-06-19 00:00:00+00:00, run_after=2025-06-20 00:00:00+00:00
[2025-06-20T15:04:10.331+0000] {processor.py:183} INFO - Processing /home/airflow/.local/lib/python3.12/site-packages/airflow/example_dags/example_branch_datetime_operator.py took 0.088 seconds
[2025-06-20T15:04:41.046+0000] {processor.py:161} INFO - Started process (PID=3527) to work on /home/airflow/.local/lib/python3.12/site-packages/airflow/example_dags/example_branch_datetime_operator.py
[2025-06-20T15:04:41.046+0000] {processor.py:830} INFO - Processing file /home/airflow/.local/lib/python3.12/site-packages/airflow/example_dags/example_branch_datetime_operator.py for tasks to queue
[2025-06-20T15:04:41.048+0000] {logging_mixin.py:188} INFO - [2025-06-20T15:04:41.048+0000] {dagbag.py:540} INFO - Filling up the DagBag from /home/airflow/.local/lib/python3.12/site-packages/airflow/example_dags/example_branch_datetime_operator.py
[2025-06-20T15:04:41.058+0000] {processor.py:840} INFO - DAG(s) 'example_branch_datetime_operator', 'example_branch_datetime_operator_2', 'example_branch_datetime_operator_3' retrieved from /home/airflow/.local/lib/python3.12/site-packages/airflow/example_dags/example_branch_datetime_operator.py
[2025-06-20T15:04:41.084+0000] {logging_mixin.py:188} INFO - [2025-06-20T15:04:41.084+0000] {dag.py:3096} INFO - Sync 3 DAGs
[2025-06-20T15:04:41.106+0000] {logging_mixin.py:188} INFO - [2025-06-20T15:04:41.106+0000] {dag.py:3954} INFO - Setting next_dagrun for example_branch_datetime_operator to 2025-06-19 00:00:00+00:00, run_after=2025-06-20 00:00:00+00:00
[2025-06-20T15:04:41.110+0000] {logging_mixin.py:188} INFO - [2025-06-20T15:04:41.110+0000] {dag.py:3954} INFO - Setting next_dagrun for example_branch_datetime_operator_2 to 2025-06-19 00:00:00+00:00, run_after=2025-06-20 00:00:00+00:00
[2025-06-20T15:04:41.113+0000] {logging_mixin.py:188} INFO - [2025-06-20T15:04:41.112+0000] {dag.py:3954} INFO - Setting next_dagrun for example_branch_datetime_operator_3 to 2025-06-19 00:00:00+00:00, run_after=2025-06-20 00:00:00+00:00
[2025-06-20T15:04:41.126+0000] {processor.py:183} INFO - Processing /home/airflow/.local/lib/python3.12/site-packages/airflow/example_dags/example_branch_datetime_operator.py took 0.086 seconds
[2025-06-20T15:05:11.163+0000] {processor.py:161} INFO - Started process (PID=3586) to work on /home/airflow/.local/lib/python3.12/site-packages/airflow/example_dags/example_branch_datetime_operator.py
[2025-06-20T15:05:11.164+0000] {processor.py:830} INFO - Processing file /home/airflow/.local/lib/python3.12/site-packages/airflow/example_dags/example_branch_datetime_operator.py for tasks to queue
[2025-06-20T15:05:11.166+0000] {logging_mixin.py:188} INFO - [2025-06-20T15:05:11.166+0000] {dagbag.py:540} INFO - Filling up the DagBag from /home/airflow/.local/lib/python3.12/site-packages/airflow/example_dags/example_branch_datetime_operator.py
[2025-06-20T15:05:11.176+0000] {processor.py:840} INFO - DAG(s) 'example_branch_datetime_operator', 'example_branch_datetime_operator_3', 'example_branch_datetime_operator_2' retrieved from /home/airflow/.local/lib/python3.12/site-packages/airflow/example_dags/example_branch_datetime_operator.py
[2025-06-20T15:05:11.201+0000] {logging_mixin.py:188} INFO - [2025-06-20T15:05:11.201+0000] {dag.py:3096} INFO - Sync 3 DAGs
[2025-06-20T15:05:11.222+0000] {logging_mixin.py:188} INFO - [2025-06-20T15:05:11.222+0000] {dag.py:3954} INFO - Setting next_dagrun for example_branch_datetime_operator to 2025-06-19 00:00:00+00:00, run_after=2025-06-20 00:00:00+00:00
[2025-06-20T15:05:11.227+0000] {logging_mixin.py:188} INFO - [2025-06-20T15:05:11.226+0000] {dag.py:3954} INFO - Setting next_dagrun for example_branch_datetime_operator_2 to 2025-06-19 00:00:00+00:00, run_after=2025-06-20 00:00:00+00:00
[2025-06-20T15:05:11.229+0000] {logging_mixin.py:188} INFO - [2025-06-20T15:05:11.229+0000] {dag.py:3954} INFO - Setting next_dagrun for example_branch_datetime_operator_3 to 2025-06-19 00:00:00+00:00, run_after=2025-06-20 00:00:00+00:00
[2025-06-20T15:05:11.243+0000] {processor.py:183} INFO - Processing /home/airflow/.local/lib/python3.12/site-packages/airflow/example_dags/example_branch_datetime_operator.py took 0.085 seconds
[2025-06-20T15:05:41.554+0000] {processor.py:161} INFO - Started process (PID=3645) to work on /home/airflow/.local/lib/python3.12/site-packages/airflow/example_dags/example_branch_datetime_operator.py
[2025-06-20T15:05:41.555+0000] {processor.py:830} INFO - Processing file /home/airflow/.local/lib/python3.12/site-packages/airflow/example_dags/example_branch_datetime_operator.py for tasks to queue
[2025-06-20T15:05:41.556+0000] {logging_mixin.py:188} INFO - [2025-06-20T15:05:41.556+0000] {dagbag.py:540} INFO - Filling up the DagBag from /home/airflow/.local/lib/python3.12/site-packages/airflow/example_dags/example_branch_datetime_operator.py
[2025-06-20T15:05:41.567+0000] {processor.py:840} INFO - DAG(s) 'example_branch_datetime_operator_3', 'example_branch_datetime_operator_2', 'example_branch_datetime_operator' retrieved from /home/airflow/.local/lib/python3.12/site-packages/airflow/example_dags/example_branch_datetime_operator.py
[2025-06-20T15:05:41.594+0000] {logging_mixin.py:188} INFO - [2025-06-20T15:05:41.594+0000] {dag.py:3096} INFO - Sync 3 DAGs
[2025-06-20T15:05:41.615+0000] {logging_mixin.py:188} INFO - [2025-06-20T15:05:41.615+0000] {dag.py:3954} INFO - Setting next_dagrun for example_branch_datetime_operator to 2025-06-19 00:00:00+00:00, run_after=2025-06-20 00:00:00+00:00
[2025-06-20T15:05:41.619+0000] {logging_mixin.py:188} INFO - [2025-06-20T15:05:41.619+0000] {dag.py:3954} INFO - Setting next_dagrun for example_branch_datetime_operator_2 to 2025-06-19 00:00:00+00:00, run_after=2025-06-20 00:00:00+00:00
[2025-06-20T15:05:41.621+0000] {logging_mixin.py:188} INFO - [2025-06-20T15:05:41.621+0000] {dag.py:3954} INFO - Setting next_dagrun for example_branch_datetime_operator_3 to 2025-06-19 00:00:00+00:00, run_after=2025-06-20 00:00:00+00:00
[2025-06-20T15:05:41.635+0000] {processor.py:183} INFO - Processing /home/airflow/.local/lib/python3.12/site-packages/airflow/example_dags/example_branch_datetime_operator.py took 0.088 seconds
[2025-06-20T15:06:11.868+0000] {processor.py:161} INFO - Started process (PID=3704) to work on /home/airflow/.local/lib/python3.12/site-packages/airflow/example_dags/example_branch_datetime_operator.py
[2025-06-20T15:06:11.868+0000] {processor.py:830} INFO - Processing file /home/airflow/.local/lib/python3.12/site-packages/airflow/example_dags/example_branch_datetime_operator.py for tasks to queue
[2025-06-20T15:06:11.870+0000] {logging_mixin.py:188} INFO - [2025-06-20T15:06:11.870+0000] {dagbag.py:540} INFO - Filling up the DagBag from /home/airflow/.local/lib/python3.12/site-packages/airflow/example_dags/example_branch_datetime_operator.py
[2025-06-20T15:06:11.880+0000] {processor.py:840} INFO - DAG(s) 'example_branch_datetime_operator_2', 'example_branch_datetime_operator', 'example_branch_datetime_operator_3' retrieved from /home/airflow/.local/lib/python3.12/site-packages/airflow/example_dags/example_branch_datetime_operator.py
[2025-06-20T15:06:11.905+0000] {logging_mixin.py:188} INFO - [2025-06-20T15:06:11.905+0000] {dag.py:3096} INFO - Sync 3 DAGs
[2025-06-20T15:06:11.927+0000] {logging_mixin.py:188} INFO - [2025-06-20T15:06:11.926+0000] {dag.py:3954} INFO - Setting next_dagrun for example_branch_datetime_operator to 2025-06-19 00:00:00+00:00, run_after=2025-06-20 00:00:00+00:00
[2025-06-20T15:06:11.931+0000] {logging_mixin.py:188} INFO - [2025-06-20T15:06:11.931+0000] {dag.py:3954} INFO - Setting next_dagrun for example_branch_datetime_operator_2 to 2025-06-19 00:00:00+00:00, run_after=2025-06-20 00:00:00+00:00
[2025-06-20T15:06:11.933+0000] {logging_mixin.py:188} INFO - [2025-06-20T15:06:11.933+0000] {dag.py:3954} INFO - Setting next_dagrun for example_branch_datetime_operator_3 to 2025-06-19 00:00:00+00:00, run_after=2025-06-20 00:00:00+00:00
[2025-06-20T15:06:11.946+0000] {processor.py:183} INFO - Processing /home/airflow/.local/lib/python3.12/site-packages/airflow/example_dags/example_branch_datetime_operator.py took 0.085 seconds
[2025-06-20T15:06:42.120+0000] {processor.py:161} INFO - Started process (PID=3763) to work on /home/airflow/.local/lib/python3.12/site-packages/airflow/example_dags/example_branch_datetime_operator.py
[2025-06-20T15:06:42.121+0000] {processor.py:830} INFO - Processing file /home/airflow/.local/lib/python3.12/site-packages/airflow/example_dags/example_branch_datetime_operator.py for tasks to queue
[2025-06-20T15:06:42.123+0000] {logging_mixin.py:188} INFO - [2025-06-20T15:06:42.122+0000] {dagbag.py:540} INFO - Filling up the DagBag from /home/airflow/.local/lib/python3.12/site-packages/airflow/example_dags/example_branch_datetime_operator.py
[2025-06-20T15:06:42.134+0000] {processor.py:840} INFO - DAG(s) 'example_branch_datetime_operator_2', 'example_branch_datetime_operator_3', 'example_branch_datetime_operator' retrieved from /home/airflow/.local/lib/python3.12/site-packages/airflow/example_dags/example_branch_datetime_operator.py
[2025-06-20T15:06:42.160+0000] {logging_mixin.py:188} INFO - [2025-06-20T15:06:42.160+0000] {dag.py:3096} INFO - Sync 3 DAGs
[2025-06-20T15:06:42.182+0000] {logging_mixin.py:188} INFO - [2025-06-20T15:06:42.182+0000] {dag.py:3954} INFO - Setting next_dagrun for example_branch_datetime_operator to 2025-06-19 00:00:00+00:00, run_after=2025-06-20 00:00:00+00:00
[2025-06-20T15:06:42.187+0000] {logging_mixin.py:188} INFO - [2025-06-20T15:06:42.187+0000] {dag.py:3954} INFO - Setting next_dagrun for example_branch_datetime_operator_2 to 2025-06-19 00:00:00+00:00, run_after=2025-06-20 00:00:00+00:00
[2025-06-20T15:06:42.190+0000] {logging_mixin.py:188} INFO - [2025-06-20T15:06:42.190+0000] {dag.py:3954} INFO - Setting next_dagrun for example_branch_datetime_operator_3 to 2025-06-19 00:00:00+00:00, run_after=2025-06-20 00:00:00+00:00
[2025-06-20T15:06:42.205+0000] {processor.py:183} INFO - Processing /home/airflow/.local/lib/python3.12/site-packages/airflow/example_dags/example_branch_datetime_operator.py took 0.091 seconds
[2025-06-20T15:07:12.419+0000] {processor.py:161} INFO - Started process (PID=3822) to work on /home/airflow/.local/lib/python3.12/site-packages/airflow/example_dags/example_branch_datetime_operator.py
[2025-06-20T15:07:12.419+0000] {processor.py:830} INFO - Processing file /home/airflow/.local/lib/python3.12/site-packages/airflow/example_dags/example_branch_datetime_operator.py for tasks to queue
[2025-06-20T15:07:12.421+0000] {logging_mixin.py:188} INFO - [2025-06-20T15:07:12.421+0000] {dagbag.py:540} INFO - Filling up the DagBag from /home/airflow/.local/lib/python3.12/site-packages/airflow/example_dags/example_branch_datetime_operator.py
[2025-06-20T15:07:12.433+0000] {processor.py:840} INFO - DAG(s) 'example_branch_datetime_operator', 'example_branch_datetime_operator_3', 'example_branch_datetime_operator_2' retrieved from /home/airflow/.local/lib/python3.12/site-packages/airflow/example_dags/example_branch_datetime_operator.py
[2025-06-20T15:07:12.459+0000] {logging_mixin.py:188} INFO - [2025-06-20T15:07:12.459+0000] {dag.py:3096} INFO - Sync 3 DAGs
[2025-06-20T15:07:12.481+0000] {logging_mixin.py:188} INFO - [2025-06-20T15:07:12.481+0000] {dag.py:3954} INFO - Setting next_dagrun for example_branch_datetime_operator to 2025-06-19 00:00:00+00:00, run_after=2025-06-20 00:00:00+00:00
[2025-06-20T15:07:12.486+0000] {logging_mixin.py:188} INFO - [2025-06-20T15:07:12.486+0000] {dag.py:3954} INFO - Setting next_dagrun for example_branch_datetime_operator_2 to 2025-06-19 00:00:00+00:00, run_after=2025-06-20 00:00:00+00:00
[2025-06-20T15:07:12.488+0000] {logging_mixin.py:188} INFO - [2025-06-20T15:07:12.488+0000] {dag.py:3954} INFO - Setting next_dagrun for example_branch_datetime_operator_3 to 2025-06-19 00:00:00+00:00, run_after=2025-06-20 00:00:00+00:00
[2025-06-20T15:07:12.502+0000] {processor.py:183} INFO - Processing /home/airflow/.local/lib/python3.12/site-packages/airflow/example_dags/example_branch_datetime_operator.py took 0.090 seconds
