[2025-06-20T14:34:48.001+0000] {processor.py:161} INFO - Started process (PID=93) to work on /home/airflow/.local/lib/python3.12/site-packages/airflow/example_dags/example_xcom.py
[2025-06-20T14:34:48.002+0000] {processor.py:830} INFO - Processing file /home/airflow/.local/lib/python3.12/site-packages/airflow/example_dags/example_xcom.py for tasks to queue
[2025-06-20T14:34:48.004+0000] {logging_mixin.py:188} INFO - [2025-06-20T14:34:48.004+0000] {dagbag.py:540} INFO - Filling up the DagBag from /home/airflow/.local/lib/python3.12/site-packages/airflow/example_dags/example_xcom.py
[2025-06-20T14:34:48.012+0000] {processor.py:840} INFO - DAG(s) 'example_xcom' retrieved from /home/airflow/.local/lib/python3.12/site-packages/airflow/example_dags/example_xcom.py
[2025-06-20T14:34:48.024+0000] {logging_mixin.py:188} INFO - [2025-06-20T14:34:48.024+0000] {dag.py:3096} INFO - Sync 1 DAGs
[2025-06-20T14:34:48.050+0000] {logging_mixin.py:188} INFO - [2025-06-20T14:34:48.050+0000] {dag.py:3954} INFO - Setting next_dagrun for example_xcom to 2021-01-01 00:00:00+00:00, run_after=2021-01-01 00:00:00+00:00
[2025-06-20T14:34:48.066+0000] {processor.py:183} INFO - Processing /home/airflow/.local/lib/python3.12/site-packages/airflow/example_dags/example_xcom.py took 0.071 seconds
[2025-06-20T14:35:19.683+0000] {processor.py:161} INFO - Started process (PID=157) to work on /home/airflow/.local/lib/python3.12/site-packages/airflow/example_dags/example_xcom.py
[2025-06-20T14:35:19.684+0000] {processor.py:830} INFO - Processing file /home/airflow/.local/lib/python3.12/site-packages/airflow/example_dags/example_xcom.py for tasks to queue
[2025-06-20T14:35:19.686+0000] {logging_mixin.py:188} INFO - [2025-06-20T14:35:19.686+0000] {dagbag.py:540} INFO - Filling up the DagBag from /home/airflow/.local/lib/python3.12/site-packages/airflow/example_dags/example_xcom.py
[2025-06-20T14:35:19.694+0000] {processor.py:840} INFO - DAG(s) 'example_xcom' retrieved from /home/airflow/.local/lib/python3.12/site-packages/airflow/example_dags/example_xcom.py
[2025-06-20T14:35:19.815+0000] {logging_mixin.py:188} INFO - [2025-06-20T14:35:19.815+0000] {dag.py:3096} INFO - Sync 1 DAGs
[2025-06-20T14:35:19.834+0000] {logging_mixin.py:188} INFO - [2025-06-20T14:35:19.834+0000] {dag.py:3954} INFO - Setting next_dagrun for example_xcom to 2021-01-01 00:00:00+00:00, run_after=2021-01-01 00:00:00+00:00
[2025-06-20T14:35:19.850+0000] {processor.py:183} INFO - Processing /home/airflow/.local/lib/python3.12/site-packages/airflow/example_dags/example_xcom.py took 0.172 seconds
[2025-06-20T14:35:50.553+0000] {processor.py:161} INFO - Started process (PID=215) to work on /home/airflow/.local/lib/python3.12/site-packages/airflow/example_dags/example_xcom.py
[2025-06-20T14:35:50.554+0000] {processor.py:830} INFO - Processing file /home/airflow/.local/lib/python3.12/site-packages/airflow/example_dags/example_xcom.py for tasks to queue
[2025-06-20T14:35:50.556+0000] {logging_mixin.py:188} INFO - [2025-06-20T14:35:50.555+0000] {dagbag.py:540} INFO - Filling up the DagBag from /home/airflow/.local/lib/python3.12/site-packages/airflow/example_dags/example_xcom.py
[2025-06-20T14:35:50.563+0000] {processor.py:840} INFO - DAG(s) 'example_xcom' retrieved from /home/airflow/.local/lib/python3.12/site-packages/airflow/example_dags/example_xcom.py
[2025-06-20T14:35:50.582+0000] {logging_mixin.py:188} INFO - [2025-06-20T14:35:50.582+0000] {dag.py:3096} INFO - Sync 1 DAGs
[2025-06-20T14:35:50.601+0000] {logging_mixin.py:188} INFO - [2025-06-20T14:35:50.601+0000] {dag.py:3954} INFO - Setting next_dagrun for example_xcom to 2021-01-01 00:00:00+00:00, run_after=2021-01-01 00:00:00+00:00
[2025-06-20T14:35:50.616+0000] {processor.py:183} INFO - Processing /home/airflow/.local/lib/python3.12/site-packages/airflow/example_dags/example_xcom.py took 0.070 seconds
[2025-06-20T14:36:21.556+0000] {processor.py:161} INFO - Started process (PID=273) to work on /home/airflow/.local/lib/python3.12/site-packages/airflow/example_dags/example_xcom.py
[2025-06-20T14:36:21.557+0000] {processor.py:830} INFO - Processing file /home/airflow/.local/lib/python3.12/site-packages/airflow/example_dags/example_xcom.py for tasks to queue
[2025-06-20T14:36:21.559+0000] {logging_mixin.py:188} INFO - [2025-06-20T14:36:21.559+0000] {dagbag.py:540} INFO - Filling up the DagBag from /home/airflow/.local/lib/python3.12/site-packages/airflow/example_dags/example_xcom.py
[2025-06-20T14:36:21.567+0000] {processor.py:840} INFO - DAG(s) 'example_xcom' retrieved from /home/airflow/.local/lib/python3.12/site-packages/airflow/example_dags/example_xcom.py
[2025-06-20T14:36:21.587+0000] {logging_mixin.py:188} INFO - [2025-06-20T14:36:21.587+0000] {dag.py:3096} INFO - Sync 1 DAGs
[2025-06-20T14:36:21.610+0000] {logging_mixin.py:188} INFO - [2025-06-20T14:36:21.610+0000] {dag.py:3954} INFO - Setting next_dagrun for example_xcom to 2021-01-01 00:00:00+00:00, run_after=2021-01-01 00:00:00+00:00
[2025-06-20T14:36:21.626+0000] {processor.py:183} INFO - Processing /home/airflow/.local/lib/python3.12/site-packages/airflow/example_dags/example_xcom.py took 0.076 seconds
[2025-06-20T14:36:52.128+0000] {processor.py:161} INFO - Started process (PID=331) to work on /home/airflow/.local/lib/python3.12/site-packages/airflow/example_dags/example_xcom.py
[2025-06-20T14:36:52.129+0000] {processor.py:830} INFO - Processing file /home/airflow/.local/lib/python3.12/site-packages/airflow/example_dags/example_xcom.py for tasks to queue
[2025-06-20T14:36:52.131+0000] {logging_mixin.py:188} INFO - [2025-06-20T14:36:52.131+0000] {dagbag.py:540} INFO - Filling up the DagBag from /home/airflow/.local/lib/python3.12/site-packages/airflow/example_dags/example_xcom.py
[2025-06-20T14:36:52.139+0000] {processor.py:840} INFO - DAG(s) 'example_xcom' retrieved from /home/airflow/.local/lib/python3.12/site-packages/airflow/example_dags/example_xcom.py
[2025-06-20T14:36:52.158+0000] {logging_mixin.py:188} INFO - [2025-06-20T14:36:52.158+0000] {dag.py:3096} INFO - Sync 1 DAGs
[2025-06-20T14:36:52.177+0000] {logging_mixin.py:188} INFO - [2025-06-20T14:36:52.177+0000] {dag.py:3954} INFO - Setting next_dagrun for example_xcom to 2021-01-01 00:00:00+00:00, run_after=2021-01-01 00:00:00+00:00
[2025-06-20T14:36:52.192+0000] {processor.py:183} INFO - Processing /home/airflow/.local/lib/python3.12/site-packages/airflow/example_dags/example_xcom.py took 0.071 seconds
[2025-06-20T14:37:22.668+0000] {processor.py:161} INFO - Started process (PID=405) to work on /home/airflow/.local/lib/python3.12/site-packages/airflow/example_dags/example_xcom.py
[2025-06-20T14:37:22.669+0000] {processor.py:830} INFO - Processing file /home/airflow/.local/lib/python3.12/site-packages/airflow/example_dags/example_xcom.py for tasks to queue
[2025-06-20T14:37:22.671+0000] {logging_mixin.py:188} INFO - [2025-06-20T14:37:22.671+0000] {dagbag.py:540} INFO - Filling up the DagBag from /home/airflow/.local/lib/python3.12/site-packages/airflow/example_dags/example_xcom.py
[2025-06-20T14:37:22.680+0000] {processor.py:840} INFO - DAG(s) 'example_xcom' retrieved from /home/airflow/.local/lib/python3.12/site-packages/airflow/example_dags/example_xcom.py
[2025-06-20T14:37:22.701+0000] {logging_mixin.py:188} INFO - [2025-06-20T14:37:22.701+0000] {dag.py:3096} INFO - Sync 1 DAGs
[2025-06-20T14:37:22.722+0000] {logging_mixin.py:188} INFO - [2025-06-20T14:37:22.722+0000] {dag.py:3954} INFO - Setting next_dagrun for example_xcom to 2021-01-01 00:00:00+00:00, run_after=2021-01-01 00:00:00+00:00
[2025-06-20T14:37:22.738+0000] {processor.py:183} INFO - Processing /home/airflow/.local/lib/python3.12/site-packages/airflow/example_dags/example_xcom.py took 0.076 seconds
[2025-06-20T14:37:53.243+0000] {processor.py:161} INFO - Started process (PID=463) to work on /home/airflow/.local/lib/python3.12/site-packages/airflow/example_dags/example_xcom.py
[2025-06-20T14:37:53.244+0000] {processor.py:830} INFO - Processing file /home/airflow/.local/lib/python3.12/site-packages/airflow/example_dags/example_xcom.py for tasks to queue
[2025-06-20T14:37:53.246+0000] {logging_mixin.py:188} INFO - [2025-06-20T14:37:53.246+0000] {dagbag.py:540} INFO - Filling up the DagBag from /home/airflow/.local/lib/python3.12/site-packages/airflow/example_dags/example_xcom.py
[2025-06-20T14:37:53.253+0000] {processor.py:840} INFO - DAG(s) 'example_xcom' retrieved from /home/airflow/.local/lib/python3.12/site-packages/airflow/example_dags/example_xcom.py
[2025-06-20T14:37:53.272+0000] {logging_mixin.py:188} INFO - [2025-06-20T14:37:53.272+0000] {dag.py:3096} INFO - Sync 1 DAGs
[2025-06-20T14:37:53.291+0000] {logging_mixin.py:188} INFO - [2025-06-20T14:37:53.291+0000] {dag.py:3954} INFO - Setting next_dagrun for example_xcom to 2021-01-01 00:00:00+00:00, run_after=2021-01-01 00:00:00+00:00
[2025-06-20T14:37:53.306+0000] {processor.py:183} INFO - Processing /home/airflow/.local/lib/python3.12/site-packages/airflow/example_dags/example_xcom.py took 0.069 seconds
[2025-06-20T14:38:23.693+0000] {processor.py:161} INFO - Started process (PID=521) to work on /home/airflow/.local/lib/python3.12/site-packages/airflow/example_dags/example_xcom.py
[2025-06-20T14:38:23.694+0000] {processor.py:830} INFO - Processing file /home/airflow/.local/lib/python3.12/site-packages/airflow/example_dags/example_xcom.py for tasks to queue
[2025-06-20T14:38:23.696+0000] {logging_mixin.py:188} INFO - [2025-06-20T14:38:23.695+0000] {dagbag.py:540} INFO - Filling up the DagBag from /home/airflow/.local/lib/python3.12/site-packages/airflow/example_dags/example_xcom.py
[2025-06-20T14:38:23.703+0000] {processor.py:840} INFO - DAG(s) 'example_xcom' retrieved from /home/airflow/.local/lib/python3.12/site-packages/airflow/example_dags/example_xcom.py
[2025-06-20T14:38:23.723+0000] {logging_mixin.py:188} INFO - [2025-06-20T14:38:23.723+0000] {dag.py:3096} INFO - Sync 1 DAGs
[2025-06-20T14:38:23.743+0000] {logging_mixin.py:188} INFO - [2025-06-20T14:38:23.743+0000] {dag.py:3954} INFO - Setting next_dagrun for example_xcom to 2021-01-01 00:00:00+00:00, run_after=2021-01-01 00:00:00+00:00
[2025-06-20T14:38:23.759+0000] {processor.py:183} INFO - Processing /home/airflow/.local/lib/python3.12/site-packages/airflow/example_dags/example_xcom.py took 0.072 seconds
[2025-06-20T14:38:54.556+0000] {processor.py:161} INFO - Started process (PID=579) to work on /home/airflow/.local/lib/python3.12/site-packages/airflow/example_dags/example_xcom.py
[2025-06-20T14:38:54.557+0000] {processor.py:830} INFO - Processing file /home/airflow/.local/lib/python3.12/site-packages/airflow/example_dags/example_xcom.py for tasks to queue
[2025-06-20T14:38:54.559+0000] {logging_mixin.py:188} INFO - [2025-06-20T14:38:54.558+0000] {dagbag.py:540} INFO - Filling up the DagBag from /home/airflow/.local/lib/python3.12/site-packages/airflow/example_dags/example_xcom.py
[2025-06-20T14:38:54.566+0000] {processor.py:840} INFO - DAG(s) 'example_xcom' retrieved from /home/airflow/.local/lib/python3.12/site-packages/airflow/example_dags/example_xcom.py
[2025-06-20T14:38:54.586+0000] {logging_mixin.py:188} INFO - [2025-06-20T14:38:54.586+0000] {dag.py:3096} INFO - Sync 1 DAGs
[2025-06-20T14:38:54.605+0000] {logging_mixin.py:188} INFO - [2025-06-20T14:38:54.605+0000] {dag.py:3954} INFO - Setting next_dagrun for example_xcom to 2021-01-01 00:00:00+00:00, run_after=2021-01-01 00:00:00+00:00
[2025-06-20T14:38:54.620+0000] {processor.py:183} INFO - Processing /home/airflow/.local/lib/python3.12/site-packages/airflow/example_dags/example_xcom.py took 0.070 seconds
[2025-06-20T14:39:24.885+0000] {processor.py:161} INFO - Started process (PID=637) to work on /home/airflow/.local/lib/python3.12/site-packages/airflow/example_dags/example_xcom.py
[2025-06-20T14:39:24.886+0000] {processor.py:830} INFO - Processing file /home/airflow/.local/lib/python3.12/site-packages/airflow/example_dags/example_xcom.py for tasks to queue
[2025-06-20T14:39:24.887+0000] {logging_mixin.py:188} INFO - [2025-06-20T14:39:24.887+0000] {dagbag.py:540} INFO - Filling up the DagBag from /home/airflow/.local/lib/python3.12/site-packages/airflow/example_dags/example_xcom.py
[2025-06-20T14:39:24.894+0000] {processor.py:840} INFO - DAG(s) 'example_xcom' retrieved from /home/airflow/.local/lib/python3.12/site-packages/airflow/example_dags/example_xcom.py
[2025-06-20T14:39:24.914+0000] {logging_mixin.py:188} INFO - [2025-06-20T14:39:24.914+0000] {dag.py:3096} INFO - Sync 1 DAGs
[2025-06-20T14:39:24.933+0000] {logging_mixin.py:188} INFO - [2025-06-20T14:39:24.932+0000] {dag.py:3954} INFO - Setting next_dagrun for example_xcom to 2021-01-01 00:00:00+00:00, run_after=2021-01-01 00:00:00+00:00
[2025-06-20T14:39:24.948+0000] {processor.py:183} INFO - Processing /home/airflow/.local/lib/python3.12/site-packages/airflow/example_dags/example_xcom.py took 0.069 seconds
[2025-06-20T14:39:55.128+0000] {processor.py:161} INFO - Started process (PID=695) to work on /home/airflow/.local/lib/python3.12/site-packages/airflow/example_dags/example_xcom.py
[2025-06-20T14:39:55.129+0000] {processor.py:830} INFO - Processing file /home/airflow/.local/lib/python3.12/site-packages/airflow/example_dags/example_xcom.py for tasks to queue
[2025-06-20T14:39:55.131+0000] {logging_mixin.py:188} INFO - [2025-06-20T14:39:55.131+0000] {dagbag.py:540} INFO - Filling up the DagBag from /home/airflow/.local/lib/python3.12/site-packages/airflow/example_dags/example_xcom.py
[2025-06-20T14:39:55.138+0000] {processor.py:840} INFO - DAG(s) 'example_xcom' retrieved from /home/airflow/.local/lib/python3.12/site-packages/airflow/example_dags/example_xcom.py
[2025-06-20T14:39:55.159+0000] {logging_mixin.py:188} INFO - [2025-06-20T14:39:55.159+0000] {dag.py:3096} INFO - Sync 1 DAGs
[2025-06-20T14:39:55.178+0000] {logging_mixin.py:188} INFO - [2025-06-20T14:39:55.178+0000] {dag.py:3954} INFO - Setting next_dagrun for example_xcom to 2021-01-01 00:00:00+00:00, run_after=2021-01-01 00:00:00+00:00
[2025-06-20T14:39:55.194+0000] {processor.py:183} INFO - Processing /home/airflow/.local/lib/python3.12/site-packages/airflow/example_dags/example_xcom.py took 0.072 seconds
[2025-06-20T14:40:25.520+0000] {processor.py:161} INFO - Started process (PID=753) to work on /home/airflow/.local/lib/python3.12/site-packages/airflow/example_dags/example_xcom.py
[2025-06-20T14:40:25.521+0000] {processor.py:830} INFO - Processing file /home/airflow/.local/lib/python3.12/site-packages/airflow/example_dags/example_xcom.py for tasks to queue
[2025-06-20T14:40:25.523+0000] {logging_mixin.py:188} INFO - [2025-06-20T14:40:25.523+0000] {dagbag.py:540} INFO - Filling up the DagBag from /home/airflow/.local/lib/python3.12/site-packages/airflow/example_dags/example_xcom.py
[2025-06-20T14:40:25.531+0000] {processor.py:840} INFO - DAG(s) 'example_xcom' retrieved from /home/airflow/.local/lib/python3.12/site-packages/airflow/example_dags/example_xcom.py
[2025-06-20T14:40:25.551+0000] {logging_mixin.py:188} INFO - [2025-06-20T14:40:25.551+0000] {dag.py:3096} INFO - Sync 1 DAGs
[2025-06-20T14:40:25.570+0000] {logging_mixin.py:188} INFO - [2025-06-20T14:40:25.570+0000] {dag.py:3954} INFO - Setting next_dagrun for example_xcom to 2021-01-01 00:00:00+00:00, run_after=2021-01-01 00:00:00+00:00
[2025-06-20T14:40:25.586+0000] {processor.py:183} INFO - Processing /home/airflow/.local/lib/python3.12/site-packages/airflow/example_dags/example_xcom.py took 0.071 seconds
[2025-06-20T14:40:55.725+0000] {processor.py:161} INFO - Started process (PID=811) to work on /home/airflow/.local/lib/python3.12/site-packages/airflow/example_dags/example_xcom.py
[2025-06-20T14:40:55.726+0000] {processor.py:830} INFO - Processing file /home/airflow/.local/lib/python3.12/site-packages/airflow/example_dags/example_xcom.py for tasks to queue
[2025-06-20T14:40:55.728+0000] {logging_mixin.py:188} INFO - [2025-06-20T14:40:55.728+0000] {dagbag.py:540} INFO - Filling up the DagBag from /home/airflow/.local/lib/python3.12/site-packages/airflow/example_dags/example_xcom.py
[2025-06-20T14:40:55.736+0000] {processor.py:840} INFO - DAG(s) 'example_xcom' retrieved from /home/airflow/.local/lib/python3.12/site-packages/airflow/example_dags/example_xcom.py
[2025-06-20T14:40:55.755+0000] {logging_mixin.py:188} INFO - [2025-06-20T14:40:55.754+0000] {dag.py:3096} INFO - Sync 1 DAGs
[2025-06-20T14:40:55.776+0000] {logging_mixin.py:188} INFO - [2025-06-20T14:40:55.776+0000] {dag.py:3954} INFO - Setting next_dagrun for example_xcom to 2021-01-01 00:00:00+00:00, run_after=2021-01-01 00:00:00+00:00
[2025-06-20T14:40:55.792+0000] {processor.py:183} INFO - Processing /home/airflow/.local/lib/python3.12/site-packages/airflow/example_dags/example_xcom.py took 0.072 seconds
[2025-06-20T14:41:26.224+0000] {processor.py:161} INFO - Started process (PID=869) to work on /home/airflow/.local/lib/python3.12/site-packages/airflow/example_dags/example_xcom.py
[2025-06-20T14:41:26.225+0000] {processor.py:830} INFO - Processing file /home/airflow/.local/lib/python3.12/site-packages/airflow/example_dags/example_xcom.py for tasks to queue
[2025-06-20T14:41:26.227+0000] {logging_mixin.py:188} INFO - [2025-06-20T14:41:26.227+0000] {dagbag.py:540} INFO - Filling up the DagBag from /home/airflow/.local/lib/python3.12/site-packages/airflow/example_dags/example_xcom.py
[2025-06-20T14:41:26.238+0000] {processor.py:840} INFO - DAG(s) 'example_xcom' retrieved from /home/airflow/.local/lib/python3.12/site-packages/airflow/example_dags/example_xcom.py
[2025-06-20T14:41:26.261+0000] {logging_mixin.py:188} INFO - [2025-06-20T14:41:26.261+0000] {dag.py:3096} INFO - Sync 1 DAGs
[2025-06-20T14:41:26.281+0000] {logging_mixin.py:188} INFO - [2025-06-20T14:41:26.281+0000] {dag.py:3954} INFO - Setting next_dagrun for example_xcom to 2021-01-01 00:00:00+00:00, run_after=2021-01-01 00:00:00+00:00
[2025-06-20T14:41:26.304+0000] {processor.py:183} INFO - Processing /home/airflow/.local/lib/python3.12/site-packages/airflow/example_dags/example_xcom.py took 0.086 seconds
[2025-06-20T14:41:57.282+0000] {processor.py:161} INFO - Started process (PID=927) to work on /home/airflow/.local/lib/python3.12/site-packages/airflow/example_dags/example_xcom.py
[2025-06-20T14:41:57.283+0000] {processor.py:830} INFO - Processing file /home/airflow/.local/lib/python3.12/site-packages/airflow/example_dags/example_xcom.py for tasks to queue
[2025-06-20T14:41:57.285+0000] {logging_mixin.py:188} INFO - [2025-06-20T14:41:57.285+0000] {dagbag.py:540} INFO - Filling up the DagBag from /home/airflow/.local/lib/python3.12/site-packages/airflow/example_dags/example_xcom.py
[2025-06-20T14:41:57.294+0000] {processor.py:840} INFO - DAG(s) 'example_xcom' retrieved from /home/airflow/.local/lib/python3.12/site-packages/airflow/example_dags/example_xcom.py
[2025-06-20T14:41:57.315+0000] {logging_mixin.py:188} INFO - [2025-06-20T14:41:57.315+0000] {dag.py:3096} INFO - Sync 1 DAGs
[2025-06-20T14:41:57.336+0000] {logging_mixin.py:188} INFO - [2025-06-20T14:41:57.336+0000] {dag.py:3954} INFO - Setting next_dagrun for example_xcom to 2021-01-01 00:00:00+00:00, run_after=2021-01-01 00:00:00+00:00
[2025-06-20T14:41:57.352+0000] {processor.py:183} INFO - Processing /home/airflow/.local/lib/python3.12/site-packages/airflow/example_dags/example_xcom.py took 0.077 seconds
[2025-06-20T14:42:27.820+0000] {processor.py:161} INFO - Started process (PID=985) to work on /home/airflow/.local/lib/python3.12/site-packages/airflow/example_dags/example_xcom.py
[2025-06-20T14:42:27.820+0000] {processor.py:830} INFO - Processing file /home/airflow/.local/lib/python3.12/site-packages/airflow/example_dags/example_xcom.py for tasks to queue
[2025-06-20T14:42:27.822+0000] {logging_mixin.py:188} INFO - [2025-06-20T14:42:27.822+0000] {dagbag.py:540} INFO - Filling up the DagBag from /home/airflow/.local/lib/python3.12/site-packages/airflow/example_dags/example_xcom.py
[2025-06-20T14:42:27.830+0000] {processor.py:840} INFO - DAG(s) 'example_xcom' retrieved from /home/airflow/.local/lib/python3.12/site-packages/airflow/example_dags/example_xcom.py
[2025-06-20T14:42:27.850+0000] {logging_mixin.py:188} INFO - [2025-06-20T14:42:27.850+0000] {dag.py:3096} INFO - Sync 1 DAGs
[2025-06-20T14:42:27.869+0000] {logging_mixin.py:188} INFO - [2025-06-20T14:42:27.869+0000] {dag.py:3954} INFO - Setting next_dagrun for example_xcom to 2021-01-01 00:00:00+00:00, run_after=2021-01-01 00:00:00+00:00
[2025-06-20T14:42:27.885+0000] {processor.py:183} INFO - Processing /home/airflow/.local/lib/python3.12/site-packages/airflow/example_dags/example_xcom.py took 0.071 seconds
[2025-06-20T14:42:58.266+0000] {processor.py:161} INFO - Started process (PID=1043) to work on /home/airflow/.local/lib/python3.12/site-packages/airflow/example_dags/example_xcom.py
[2025-06-20T14:42:58.267+0000] {processor.py:830} INFO - Processing file /home/airflow/.local/lib/python3.12/site-packages/airflow/example_dags/example_xcom.py for tasks to queue
[2025-06-20T14:42:58.269+0000] {logging_mixin.py:188} INFO - [2025-06-20T14:42:58.269+0000] {dagbag.py:540} INFO - Filling up the DagBag from /home/airflow/.local/lib/python3.12/site-packages/airflow/example_dags/example_xcom.py
[2025-06-20T14:42:58.277+0000] {processor.py:840} INFO - DAG(s) 'example_xcom' retrieved from /home/airflow/.local/lib/python3.12/site-packages/airflow/example_dags/example_xcom.py
[2025-06-20T14:42:58.297+0000] {logging_mixin.py:188} INFO - [2025-06-20T14:42:58.297+0000] {dag.py:3096} INFO - Sync 1 DAGs
[2025-06-20T14:42:58.317+0000] {logging_mixin.py:188} INFO - [2025-06-20T14:42:58.317+0000] {dag.py:3954} INFO - Setting next_dagrun for example_xcom to 2021-01-01 00:00:00+00:00, run_after=2021-01-01 00:00:00+00:00
[2025-06-20T14:42:58.333+0000] {processor.py:183} INFO - Processing /home/airflow/.local/lib/python3.12/site-packages/airflow/example_dags/example_xcom.py took 0.073 seconds
[2025-06-20T14:43:28.965+0000] {processor.py:161} INFO - Started process (PID=1101) to work on /home/airflow/.local/lib/python3.12/site-packages/airflow/example_dags/example_xcom.py
[2025-06-20T14:43:28.965+0000] {processor.py:830} INFO - Processing file /home/airflow/.local/lib/python3.12/site-packages/airflow/example_dags/example_xcom.py for tasks to queue
[2025-06-20T14:43:28.967+0000] {logging_mixin.py:188} INFO - [2025-06-20T14:43:28.967+0000] {dagbag.py:540} INFO - Filling up the DagBag from /home/airflow/.local/lib/python3.12/site-packages/airflow/example_dags/example_xcom.py
[2025-06-20T14:43:28.975+0000] {processor.py:840} INFO - DAG(s) 'example_xcom' retrieved from /home/airflow/.local/lib/python3.12/site-packages/airflow/example_dags/example_xcom.py
[2025-06-20T14:43:28.995+0000] {logging_mixin.py:188} INFO - [2025-06-20T14:43:28.995+0000] {dag.py:3096} INFO - Sync 1 DAGs
[2025-06-20T14:43:29.014+0000] {logging_mixin.py:188} INFO - [2025-06-20T14:43:29.014+0000] {dag.py:3954} INFO - Setting next_dagrun for example_xcom to 2021-01-01 00:00:00+00:00, run_after=2021-01-01 00:00:00+00:00
[2025-06-20T14:43:29.029+0000] {processor.py:183} INFO - Processing /home/airflow/.local/lib/python3.12/site-packages/airflow/example_dags/example_xcom.py took 0.071 seconds
[2025-06-20T14:43:59.302+0000] {processor.py:161} INFO - Started process (PID=1158) to work on /home/airflow/.local/lib/python3.12/site-packages/airflow/example_dags/example_xcom.py
[2025-06-20T14:43:59.302+0000] {processor.py:830} INFO - Processing file /home/airflow/.local/lib/python3.12/site-packages/airflow/example_dags/example_xcom.py for tasks to queue
[2025-06-20T14:43:59.304+0000] {logging_mixin.py:188} INFO - [2025-06-20T14:43:59.304+0000] {dagbag.py:540} INFO - Filling up the DagBag from /home/airflow/.local/lib/python3.12/site-packages/airflow/example_dags/example_xcom.py
[2025-06-20T14:43:59.312+0000] {processor.py:840} INFO - DAG(s) 'example_xcom' retrieved from /home/airflow/.local/lib/python3.12/site-packages/airflow/example_dags/example_xcom.py
[2025-06-20T14:43:59.332+0000] {logging_mixin.py:188} INFO - [2025-06-20T14:43:59.332+0000] {dag.py:3096} INFO - Sync 1 DAGs
[2025-06-20T14:43:59.467+0000] {logging_mixin.py:188} INFO - [2025-06-20T14:43:59.467+0000] {dag.py:3954} INFO - Setting next_dagrun for example_xcom to 2021-01-01 00:00:00+00:00, run_after=2021-01-01 00:00:00+00:00
[2025-06-20T14:43:59.481+0000] {processor.py:183} INFO - Processing /home/airflow/.local/lib/python3.12/site-packages/airflow/example_dags/example_xcom.py took 0.186 seconds
[2025-06-20T14:44:29.676+0000] {processor.py:161} INFO - Started process (PID=1216) to work on /home/airflow/.local/lib/python3.12/site-packages/airflow/example_dags/example_xcom.py
[2025-06-20T14:44:29.677+0000] {processor.py:830} INFO - Processing file /home/airflow/.local/lib/python3.12/site-packages/airflow/example_dags/example_xcom.py for tasks to queue
[2025-06-20T14:44:29.679+0000] {logging_mixin.py:188} INFO - [2025-06-20T14:44:29.679+0000] {dagbag.py:540} INFO - Filling up the DagBag from /home/airflow/.local/lib/python3.12/site-packages/airflow/example_dags/example_xcom.py
[2025-06-20T14:44:29.687+0000] {processor.py:840} INFO - DAG(s) 'example_xcom' retrieved from /home/airflow/.local/lib/python3.12/site-packages/airflow/example_dags/example_xcom.py
[2025-06-20T14:44:29.707+0000] {logging_mixin.py:188} INFO - [2025-06-20T14:44:29.707+0000] {dag.py:3096} INFO - Sync 1 DAGs
[2025-06-20T14:44:29.727+0000] {logging_mixin.py:188} INFO - [2025-06-20T14:44:29.727+0000] {dag.py:3954} INFO - Setting next_dagrun for example_xcom to 2021-01-01 00:00:00+00:00, run_after=2021-01-01 00:00:00+00:00
[2025-06-20T14:44:29.863+0000] {processor.py:183} INFO - Processing /home/airflow/.local/lib/python3.12/site-packages/airflow/example_dags/example_xcom.py took 0.193 seconds
[2025-06-20T14:44:59.933+0000] {processor.py:161} INFO - Started process (PID=1274) to work on /home/airflow/.local/lib/python3.12/site-packages/airflow/example_dags/example_xcom.py
[2025-06-20T14:44:59.934+0000] {processor.py:830} INFO - Processing file /home/airflow/.local/lib/python3.12/site-packages/airflow/example_dags/example_xcom.py for tasks to queue
[2025-06-20T14:44:59.935+0000] {logging_mixin.py:188} INFO - [2025-06-20T14:44:59.935+0000] {dagbag.py:540} INFO - Filling up the DagBag from /home/airflow/.local/lib/python3.12/site-packages/airflow/example_dags/example_xcom.py
[2025-06-20T14:44:59.943+0000] {processor.py:840} INFO - DAG(s) 'example_xcom' retrieved from /home/airflow/.local/lib/python3.12/site-packages/airflow/example_dags/example_xcom.py
[2025-06-20T14:44:59.963+0000] {logging_mixin.py:188} INFO - [2025-06-20T14:44:59.962+0000] {dag.py:3096} INFO - Sync 1 DAGs
[2025-06-20T14:44:59.982+0000] {logging_mixin.py:188} INFO - [2025-06-20T14:44:59.982+0000] {dag.py:3954} INFO - Setting next_dagrun for example_xcom to 2021-01-01 00:00:00+00:00, run_after=2021-01-01 00:00:00+00:00
[2025-06-20T14:44:59.997+0000] {processor.py:183} INFO - Processing /home/airflow/.local/lib/python3.12/site-packages/airflow/example_dags/example_xcom.py took 0.070 seconds
[2025-06-20T14:45:30.616+0000] {processor.py:161} INFO - Started process (PID=1332) to work on /home/airflow/.local/lib/python3.12/site-packages/airflow/example_dags/example_xcom.py
[2025-06-20T14:45:30.617+0000] {processor.py:830} INFO - Processing file /home/airflow/.local/lib/python3.12/site-packages/airflow/example_dags/example_xcom.py for tasks to queue
[2025-06-20T14:45:30.619+0000] {logging_mixin.py:188} INFO - [2025-06-20T14:45:30.619+0000] {dagbag.py:540} INFO - Filling up the DagBag from /home/airflow/.local/lib/python3.12/site-packages/airflow/example_dags/example_xcom.py
[2025-06-20T14:45:30.626+0000] {processor.py:840} INFO - DAG(s) 'example_xcom' retrieved from /home/airflow/.local/lib/python3.12/site-packages/airflow/example_dags/example_xcom.py
[2025-06-20T14:45:30.646+0000] {logging_mixin.py:188} INFO - [2025-06-20T14:45:30.646+0000] {dag.py:3096} INFO - Sync 1 DAGs
[2025-06-20T14:45:30.665+0000] {logging_mixin.py:188} INFO - [2025-06-20T14:45:30.665+0000] {dag.py:3954} INFO - Setting next_dagrun for example_xcom to 2021-01-01 00:00:00+00:00, run_after=2021-01-01 00:00:00+00:00
[2025-06-20T14:45:30.680+0000] {processor.py:183} INFO - Processing /home/airflow/.local/lib/python3.12/site-packages/airflow/example_dags/example_xcom.py took 0.070 seconds
[2025-06-20T14:46:00.836+0000] {processor.py:161} INFO - Started process (PID=1390) to work on /home/airflow/.local/lib/python3.12/site-packages/airflow/example_dags/example_xcom.py
[2025-06-20T14:46:00.837+0000] {processor.py:830} INFO - Processing file /home/airflow/.local/lib/python3.12/site-packages/airflow/example_dags/example_xcom.py for tasks to queue
[2025-06-20T14:46:00.839+0000] {logging_mixin.py:188} INFO - [2025-06-20T14:46:00.839+0000] {dagbag.py:540} INFO - Filling up the DagBag from /home/airflow/.local/lib/python3.12/site-packages/airflow/example_dags/example_xcom.py
[2025-06-20T14:46:00.847+0000] {processor.py:840} INFO - DAG(s) 'example_xcom' retrieved from /home/airflow/.local/lib/python3.12/site-packages/airflow/example_dags/example_xcom.py
[2025-06-20T14:46:00.866+0000] {logging_mixin.py:188} INFO - [2025-06-20T14:46:00.866+0000] {dag.py:3096} INFO - Sync 1 DAGs
[2025-06-20T14:46:00.889+0000] {logging_mixin.py:188} INFO - [2025-06-20T14:46:00.888+0000] {dag.py:3954} INFO - Setting next_dagrun for example_xcom to 2021-01-01 00:00:00+00:00, run_after=2021-01-01 00:00:00+00:00
[2025-06-20T14:46:00.905+0000] {processor.py:183} INFO - Processing /home/airflow/.local/lib/python3.12/site-packages/airflow/example_dags/example_xcom.py took 0.074 seconds
[2025-06-20T14:46:31.101+0000] {processor.py:161} INFO - Started process (PID=1448) to work on /home/airflow/.local/lib/python3.12/site-packages/airflow/example_dags/example_xcom.py
[2025-06-20T14:46:31.102+0000] {processor.py:830} INFO - Processing file /home/airflow/.local/lib/python3.12/site-packages/airflow/example_dags/example_xcom.py for tasks to queue
[2025-06-20T14:46:31.104+0000] {logging_mixin.py:188} INFO - [2025-06-20T14:46:31.103+0000] {dagbag.py:540} INFO - Filling up the DagBag from /home/airflow/.local/lib/python3.12/site-packages/airflow/example_dags/example_xcom.py
[2025-06-20T14:46:31.111+0000] {processor.py:840} INFO - DAG(s) 'example_xcom' retrieved from /home/airflow/.local/lib/python3.12/site-packages/airflow/example_dags/example_xcom.py
[2025-06-20T14:46:31.130+0000] {logging_mixin.py:188} INFO - [2025-06-20T14:46:31.130+0000] {dag.py:3096} INFO - Sync 1 DAGs
[2025-06-20T14:46:31.151+0000] {logging_mixin.py:188} INFO - [2025-06-20T14:46:31.151+0000] {dag.py:3954} INFO - Setting next_dagrun for example_xcom to 2021-01-01 00:00:00+00:00, run_after=2021-01-01 00:00:00+00:00
[2025-06-20T14:46:31.166+0000] {processor.py:183} INFO - Processing /home/airflow/.local/lib/python3.12/site-packages/airflow/example_dags/example_xcom.py took 0.071 seconds
[2025-06-20T14:47:01.273+0000] {processor.py:161} INFO - Started process (PID=1506) to work on /home/airflow/.local/lib/python3.12/site-packages/airflow/example_dags/example_xcom.py
[2025-06-20T14:47:01.274+0000] {processor.py:830} INFO - Processing file /home/airflow/.local/lib/python3.12/site-packages/airflow/example_dags/example_xcom.py for tasks to queue
[2025-06-20T14:47:01.276+0000] {logging_mixin.py:188} INFO - [2025-06-20T14:47:01.275+0000] {dagbag.py:540} INFO - Filling up the DagBag from /home/airflow/.local/lib/python3.12/site-packages/airflow/example_dags/example_xcom.py
[2025-06-20T14:47:01.283+0000] {processor.py:840} INFO - DAG(s) 'example_xcom' retrieved from /home/airflow/.local/lib/python3.12/site-packages/airflow/example_dags/example_xcom.py
[2025-06-20T14:47:01.302+0000] {logging_mixin.py:188} INFO - [2025-06-20T14:47:01.302+0000] {dag.py:3096} INFO - Sync 1 DAGs
[2025-06-20T14:47:01.321+0000] {logging_mixin.py:188} INFO - [2025-06-20T14:47:01.321+0000] {dag.py:3954} INFO - Setting next_dagrun for example_xcom to 2021-01-01 00:00:00+00:00, run_after=2021-01-01 00:00:00+00:00
[2025-06-20T14:47:01.337+0000] {processor.py:183} INFO - Processing /home/airflow/.local/lib/python3.12/site-packages/airflow/example_dags/example_xcom.py took 0.070 seconds
[2025-06-20T14:47:31.483+0000] {processor.py:161} INFO - Started process (PID=1564) to work on /home/airflow/.local/lib/python3.12/site-packages/airflow/example_dags/example_xcom.py
[2025-06-20T14:47:31.484+0000] {processor.py:830} INFO - Processing file /home/airflow/.local/lib/python3.12/site-packages/airflow/example_dags/example_xcom.py for tasks to queue
[2025-06-20T14:47:31.485+0000] {logging_mixin.py:188} INFO - [2025-06-20T14:47:31.485+0000] {dagbag.py:540} INFO - Filling up the DagBag from /home/airflow/.local/lib/python3.12/site-packages/airflow/example_dags/example_xcom.py
[2025-06-20T14:47:31.493+0000] {processor.py:840} INFO - DAG(s) 'example_xcom' retrieved from /home/airflow/.local/lib/python3.12/site-packages/airflow/example_dags/example_xcom.py
[2025-06-20T14:47:31.513+0000] {logging_mixin.py:188} INFO - [2025-06-20T14:47:31.513+0000] {dag.py:3096} INFO - Sync 1 DAGs
[2025-06-20T14:47:31.533+0000] {logging_mixin.py:188} INFO - [2025-06-20T14:47:31.533+0000] {dag.py:3954} INFO - Setting next_dagrun for example_xcom to 2021-01-01 00:00:00+00:00, run_after=2021-01-01 00:00:00+00:00
[2025-06-20T14:47:31.548+0000] {processor.py:183} INFO - Processing /home/airflow/.local/lib/python3.12/site-packages/airflow/example_dags/example_xcom.py took 0.072 seconds
[2025-06-20T14:48:01.962+0000] {processor.py:161} INFO - Started process (PID=1622) to work on /home/airflow/.local/lib/python3.12/site-packages/airflow/example_dags/example_xcom.py
[2025-06-20T14:48:01.963+0000] {processor.py:830} INFO - Processing file /home/airflow/.local/lib/python3.12/site-packages/airflow/example_dags/example_xcom.py for tasks to queue
[2025-06-20T14:48:01.964+0000] {logging_mixin.py:188} INFO - [2025-06-20T14:48:01.964+0000] {dagbag.py:540} INFO - Filling up the DagBag from /home/airflow/.local/lib/python3.12/site-packages/airflow/example_dags/example_xcom.py
[2025-06-20T14:48:01.972+0000] {processor.py:840} INFO - DAG(s) 'example_xcom' retrieved from /home/airflow/.local/lib/python3.12/site-packages/airflow/example_dags/example_xcom.py
[2025-06-20T14:48:01.993+0000] {logging_mixin.py:188} INFO - [2025-06-20T14:48:01.993+0000] {dag.py:3096} INFO - Sync 1 DAGs
[2025-06-20T14:48:02.012+0000] {logging_mixin.py:188} INFO - [2025-06-20T14:48:02.012+0000] {dag.py:3954} INFO - Setting next_dagrun for example_xcom to 2021-01-01 00:00:00+00:00, run_after=2021-01-01 00:00:00+00:00
[2025-06-20T14:48:02.028+0000] {processor.py:183} INFO - Processing /home/airflow/.local/lib/python3.12/site-packages/airflow/example_dags/example_xcom.py took 0.072 seconds
[2025-06-20T14:48:32.149+0000] {processor.py:161} INFO - Started process (PID=1680) to work on /home/airflow/.local/lib/python3.12/site-packages/airflow/example_dags/example_xcom.py
[2025-06-20T14:48:32.150+0000] {processor.py:830} INFO - Processing file /home/airflow/.local/lib/python3.12/site-packages/airflow/example_dags/example_xcom.py for tasks to queue
[2025-06-20T14:48:32.151+0000] {logging_mixin.py:188} INFO - [2025-06-20T14:48:32.151+0000] {dagbag.py:540} INFO - Filling up the DagBag from /home/airflow/.local/lib/python3.12/site-packages/airflow/example_dags/example_xcom.py
[2025-06-20T14:48:32.159+0000] {processor.py:840} INFO - DAG(s) 'example_xcom' retrieved from /home/airflow/.local/lib/python3.12/site-packages/airflow/example_dags/example_xcom.py
[2025-06-20T14:48:32.178+0000] {logging_mixin.py:188} INFO - [2025-06-20T14:48:32.178+0000] {dag.py:3096} INFO - Sync 1 DAGs
[2025-06-20T14:48:32.197+0000] {logging_mixin.py:188} INFO - [2025-06-20T14:48:32.197+0000] {dag.py:3954} INFO - Setting next_dagrun for example_xcom to 2021-01-01 00:00:00+00:00, run_after=2021-01-01 00:00:00+00:00
[2025-06-20T14:48:32.212+0000] {processor.py:183} INFO - Processing /home/airflow/.local/lib/python3.12/site-packages/airflow/example_dags/example_xcom.py took 0.070 seconds
[2025-06-20T14:49:02.474+0000] {processor.py:161} INFO - Started process (PID=1738) to work on /home/airflow/.local/lib/python3.12/site-packages/airflow/example_dags/example_xcom.py
[2025-06-20T14:49:02.475+0000] {processor.py:830} INFO - Processing file /home/airflow/.local/lib/python3.12/site-packages/airflow/example_dags/example_xcom.py for tasks to queue
[2025-06-20T14:49:02.477+0000] {logging_mixin.py:188} INFO - [2025-06-20T14:49:02.477+0000] {dagbag.py:540} INFO - Filling up the DagBag from /home/airflow/.local/lib/python3.12/site-packages/airflow/example_dags/example_xcom.py
[2025-06-20T14:49:02.484+0000] {processor.py:840} INFO - DAG(s) 'example_xcom' retrieved from /home/airflow/.local/lib/python3.12/site-packages/airflow/example_dags/example_xcom.py
[2025-06-20T14:49:02.504+0000] {logging_mixin.py:188} INFO - [2025-06-20T14:49:02.504+0000] {dag.py:3096} INFO - Sync 1 DAGs
[2025-06-20T14:49:02.523+0000] {logging_mixin.py:188} INFO - [2025-06-20T14:49:02.523+0000] {dag.py:3954} INFO - Setting next_dagrun for example_xcom to 2021-01-01 00:00:00+00:00, run_after=2021-01-01 00:00:00+00:00
[2025-06-20T14:49:02.538+0000] {processor.py:183} INFO - Processing /home/airflow/.local/lib/python3.12/site-packages/airflow/example_dags/example_xcom.py took 0.070 seconds
[2025-06-20T14:49:32.786+0000] {processor.py:161} INFO - Started process (PID=1795) to work on /home/airflow/.local/lib/python3.12/site-packages/airflow/example_dags/example_xcom.py
[2025-06-20T14:49:32.786+0000] {processor.py:830} INFO - Processing file /home/airflow/.local/lib/python3.12/site-packages/airflow/example_dags/example_xcom.py for tasks to queue
[2025-06-20T14:49:32.788+0000] {logging_mixin.py:188} INFO - [2025-06-20T14:49:32.788+0000] {dagbag.py:540} INFO - Filling up the DagBag from /home/airflow/.local/lib/python3.12/site-packages/airflow/example_dags/example_xcom.py
[2025-06-20T14:49:32.796+0000] {processor.py:840} INFO - DAG(s) 'example_xcom' retrieved from /home/airflow/.local/lib/python3.12/site-packages/airflow/example_dags/example_xcom.py
[2025-06-20T14:49:32.816+0000] {logging_mixin.py:188} INFO - [2025-06-20T14:49:32.816+0000] {dag.py:3096} INFO - Sync 1 DAGs
[2025-06-20T14:49:32.835+0000] {logging_mixin.py:188} INFO - [2025-06-20T14:49:32.835+0000] {dag.py:3954} INFO - Setting next_dagrun for example_xcom to 2021-01-01 00:00:00+00:00, run_after=2021-01-01 00:00:00+00:00
[2025-06-20T14:49:32.850+0000] {processor.py:183} INFO - Processing /home/airflow/.local/lib/python3.12/site-packages/airflow/example_dags/example_xcom.py took 0.070 seconds
[2025-06-20T14:50:03.048+0000] {processor.py:161} INFO - Started process (PID=1854) to work on /home/airflow/.local/lib/python3.12/site-packages/airflow/example_dags/example_xcom.py
[2025-06-20T14:50:03.049+0000] {processor.py:830} INFO - Processing file /home/airflow/.local/lib/python3.12/site-packages/airflow/example_dags/example_xcom.py for tasks to queue
[2025-06-20T14:50:03.051+0000] {logging_mixin.py:188} INFO - [2025-06-20T14:50:03.051+0000] {dagbag.py:540} INFO - Filling up the DagBag from /home/airflow/.local/lib/python3.12/site-packages/airflow/example_dags/example_xcom.py
[2025-06-20T14:50:03.058+0000] {processor.py:840} INFO - DAG(s) 'example_xcom' retrieved from /home/airflow/.local/lib/python3.12/site-packages/airflow/example_dags/example_xcom.py
[2025-06-20T14:50:03.079+0000] {logging_mixin.py:188} INFO - [2025-06-20T14:50:03.078+0000] {dag.py:3096} INFO - Sync 1 DAGs
[2025-06-20T14:50:03.099+0000] {logging_mixin.py:188} INFO - [2025-06-20T14:50:03.099+0000] {dag.py:3954} INFO - Setting next_dagrun for example_xcom to 2021-01-01 00:00:00+00:00, run_after=2021-01-01 00:00:00+00:00
[2025-06-20T14:50:03.114+0000] {processor.py:183} INFO - Processing /home/airflow/.local/lib/python3.12/site-packages/airflow/example_dags/example_xcom.py took 0.072 seconds
[2025-06-20T14:50:34.121+0000] {processor.py:161} INFO - Started process (PID=1912) to work on /home/airflow/.local/lib/python3.12/site-packages/airflow/example_dags/example_xcom.py
[2025-06-20T14:50:34.122+0000] {processor.py:830} INFO - Processing file /home/airflow/.local/lib/python3.12/site-packages/airflow/example_dags/example_xcom.py for tasks to queue
[2025-06-20T14:50:34.123+0000] {logging_mixin.py:188} INFO - [2025-06-20T14:50:34.123+0000] {dagbag.py:540} INFO - Filling up the DagBag from /home/airflow/.local/lib/python3.12/site-packages/airflow/example_dags/example_xcom.py
[2025-06-20T14:50:34.131+0000] {processor.py:840} INFO - DAG(s) 'example_xcom' retrieved from /home/airflow/.local/lib/python3.12/site-packages/airflow/example_dags/example_xcom.py
[2025-06-20T14:50:34.151+0000] {logging_mixin.py:188} INFO - [2025-06-20T14:50:34.151+0000] {dag.py:3096} INFO - Sync 1 DAGs
[2025-06-20T14:50:34.171+0000] {logging_mixin.py:188} INFO - [2025-06-20T14:50:34.171+0000] {dag.py:3954} INFO - Setting next_dagrun for example_xcom to 2021-01-01 00:00:00+00:00, run_after=2021-01-01 00:00:00+00:00
[2025-06-20T14:50:34.186+0000] {processor.py:183} INFO - Processing /home/airflow/.local/lib/python3.12/site-packages/airflow/example_dags/example_xcom.py took 0.072 seconds
[2025-06-20T14:51:04.305+0000] {processor.py:161} INFO - Started process (PID=1970) to work on /home/airflow/.local/lib/python3.12/site-packages/airflow/example_dags/example_xcom.py
[2025-06-20T14:51:04.306+0000] {processor.py:830} INFO - Processing file /home/airflow/.local/lib/python3.12/site-packages/airflow/example_dags/example_xcom.py for tasks to queue
[2025-06-20T14:51:04.308+0000] {logging_mixin.py:188} INFO - [2025-06-20T14:51:04.308+0000] {dagbag.py:540} INFO - Filling up the DagBag from /home/airflow/.local/lib/python3.12/site-packages/airflow/example_dags/example_xcom.py
[2025-06-20T14:51:04.316+0000] {processor.py:840} INFO - DAG(s) 'example_xcom' retrieved from /home/airflow/.local/lib/python3.12/site-packages/airflow/example_dags/example_xcom.py
[2025-06-20T14:51:04.336+0000] {logging_mixin.py:188} INFO - [2025-06-20T14:51:04.336+0000] {dag.py:3096} INFO - Sync 1 DAGs
[2025-06-20T14:51:04.356+0000] {logging_mixin.py:188} INFO - [2025-06-20T14:51:04.356+0000] {dag.py:3954} INFO - Setting next_dagrun for example_xcom to 2021-01-01 00:00:00+00:00, run_after=2021-01-01 00:00:00+00:00
[2025-06-20T14:51:04.374+0000] {processor.py:183} INFO - Processing /home/airflow/.local/lib/python3.12/site-packages/airflow/example_dags/example_xcom.py took 0.074 seconds
[2025-06-20T14:51:34.451+0000] {processor.py:161} INFO - Started process (PID=2028) to work on /home/airflow/.local/lib/python3.12/site-packages/airflow/example_dags/example_xcom.py
[2025-06-20T14:51:34.451+0000] {processor.py:830} INFO - Processing file /home/airflow/.local/lib/python3.12/site-packages/airflow/example_dags/example_xcom.py for tasks to queue
[2025-06-20T14:51:34.453+0000] {logging_mixin.py:188} INFO - [2025-06-20T14:51:34.453+0000] {dagbag.py:540} INFO - Filling up the DagBag from /home/airflow/.local/lib/python3.12/site-packages/airflow/example_dags/example_xcom.py
[2025-06-20T14:51:34.461+0000] {processor.py:840} INFO - DAG(s) 'example_xcom' retrieved from /home/airflow/.local/lib/python3.12/site-packages/airflow/example_dags/example_xcom.py
[2025-06-20T14:51:34.480+0000] {logging_mixin.py:188} INFO - [2025-06-20T14:51:34.480+0000] {dag.py:3096} INFO - Sync 1 DAGs
[2025-06-20T14:51:34.501+0000] {logging_mixin.py:188} INFO - [2025-06-20T14:51:34.500+0000] {dag.py:3954} INFO - Setting next_dagrun for example_xcom to 2021-01-01 00:00:00+00:00, run_after=2021-01-01 00:00:00+00:00
[2025-06-20T14:51:34.516+0000] {processor.py:183} INFO - Processing /home/airflow/.local/lib/python3.12/site-packages/airflow/example_dags/example_xcom.py took 0.072 seconds
[2025-06-20T14:52:04.629+0000] {processor.py:161} INFO - Started process (PID=2086) to work on /home/airflow/.local/lib/python3.12/site-packages/airflow/example_dags/example_xcom.py
[2025-06-20T14:52:04.630+0000] {processor.py:830} INFO - Processing file /home/airflow/.local/lib/python3.12/site-packages/airflow/example_dags/example_xcom.py for tasks to queue
[2025-06-20T14:52:04.632+0000] {logging_mixin.py:188} INFO - [2025-06-20T14:52:04.632+0000] {dagbag.py:540} INFO - Filling up the DagBag from /home/airflow/.local/lib/python3.12/site-packages/airflow/example_dags/example_xcom.py
[2025-06-20T14:52:04.639+0000] {processor.py:840} INFO - DAG(s) 'example_xcom' retrieved from /home/airflow/.local/lib/python3.12/site-packages/airflow/example_dags/example_xcom.py
[2025-06-20T14:52:04.659+0000] {logging_mixin.py:188} INFO - [2025-06-20T14:52:04.659+0000] {dag.py:3096} INFO - Sync 1 DAGs
[2025-06-20T14:52:04.678+0000] {logging_mixin.py:188} INFO - [2025-06-20T14:52:04.678+0000] {dag.py:3954} INFO - Setting next_dagrun for example_xcom to 2021-01-01 00:00:00+00:00, run_after=2021-01-01 00:00:00+00:00
[2025-06-20T14:52:04.694+0000] {processor.py:183} INFO - Processing /home/airflow/.local/lib/python3.12/site-packages/airflow/example_dags/example_xcom.py took 0.070 seconds
[2025-06-20T14:52:35.736+0000] {processor.py:161} INFO - Started process (PID=2144) to work on /home/airflow/.local/lib/python3.12/site-packages/airflow/example_dags/example_xcom.py
[2025-06-20T14:52:35.737+0000] {processor.py:830} INFO - Processing file /home/airflow/.local/lib/python3.12/site-packages/airflow/example_dags/example_xcom.py for tasks to queue
[2025-06-20T14:52:35.740+0000] {logging_mixin.py:188} INFO - [2025-06-20T14:52:35.739+0000] {dagbag.py:540} INFO - Filling up the DagBag from /home/airflow/.local/lib/python3.12/site-packages/airflow/example_dags/example_xcom.py
[2025-06-20T14:52:35.747+0000] {processor.py:840} INFO - DAG(s) 'example_xcom' retrieved from /home/airflow/.local/lib/python3.12/site-packages/airflow/example_dags/example_xcom.py
[2025-06-20T14:52:35.768+0000] {logging_mixin.py:188} INFO - [2025-06-20T14:52:35.768+0000] {dag.py:3096} INFO - Sync 1 DAGs
[2025-06-20T14:52:35.793+0000] {logging_mixin.py:188} INFO - [2025-06-20T14:52:35.793+0000] {dag.py:3954} INFO - Setting next_dagrun for example_xcom to 2021-01-01 00:00:00+00:00, run_after=2021-01-01 00:00:00+00:00
[2025-06-20T14:52:35.810+0000] {processor.py:183} INFO - Processing /home/airflow/.local/lib/python3.12/site-packages/airflow/example_dags/example_xcom.py took 0.079 seconds
[2025-06-20T14:53:05.899+0000] {processor.py:161} INFO - Started process (PID=2202) to work on /home/airflow/.local/lib/python3.12/site-packages/airflow/example_dags/example_xcom.py
[2025-06-20T14:53:05.900+0000] {processor.py:830} INFO - Processing file /home/airflow/.local/lib/python3.12/site-packages/airflow/example_dags/example_xcom.py for tasks to queue
[2025-06-20T14:53:05.902+0000] {logging_mixin.py:188} INFO - [2025-06-20T14:53:05.901+0000] {dagbag.py:540} INFO - Filling up the DagBag from /home/airflow/.local/lib/python3.12/site-packages/airflow/example_dags/example_xcom.py
[2025-06-20T14:53:05.910+0000] {processor.py:840} INFO - DAG(s) 'example_xcom' retrieved from /home/airflow/.local/lib/python3.12/site-packages/airflow/example_dags/example_xcom.py
[2025-06-20T14:53:05.931+0000] {logging_mixin.py:188} INFO - [2025-06-20T14:53:05.931+0000] {dag.py:3096} INFO - Sync 1 DAGs
[2025-06-20T14:53:05.951+0000] {logging_mixin.py:188} INFO - [2025-06-20T14:53:05.951+0000] {dag.py:3954} INFO - Setting next_dagrun for example_xcom to 2021-01-01 00:00:00+00:00, run_after=2021-01-01 00:00:00+00:00
[2025-06-20T14:53:05.966+0000] {processor.py:183} INFO - Processing /home/airflow/.local/lib/python3.12/site-packages/airflow/example_dags/example_xcom.py took 0.074 seconds
[2025-06-20T14:53:36.197+0000] {processor.py:161} INFO - Started process (PID=2260) to work on /home/airflow/.local/lib/python3.12/site-packages/airflow/example_dags/example_xcom.py
[2025-06-20T14:53:36.198+0000] {processor.py:830} INFO - Processing file /home/airflow/.local/lib/python3.12/site-packages/airflow/example_dags/example_xcom.py for tasks to queue
[2025-06-20T14:53:36.200+0000] {logging_mixin.py:188} INFO - [2025-06-20T14:53:36.199+0000] {dagbag.py:540} INFO - Filling up the DagBag from /home/airflow/.local/lib/python3.12/site-packages/airflow/example_dags/example_xcom.py
[2025-06-20T14:53:36.207+0000] {processor.py:840} INFO - DAG(s) 'example_xcom' retrieved from /home/airflow/.local/lib/python3.12/site-packages/airflow/example_dags/example_xcom.py
[2025-06-20T14:53:36.227+0000] {logging_mixin.py:188} INFO - [2025-06-20T14:53:36.227+0000] {dag.py:3096} INFO - Sync 1 DAGs
[2025-06-20T14:53:36.247+0000] {logging_mixin.py:188} INFO - [2025-06-20T14:53:36.246+0000] {dag.py:3954} INFO - Setting next_dagrun for example_xcom to 2021-01-01 00:00:00+00:00, run_after=2021-01-01 00:00:00+00:00
[2025-06-20T14:53:36.263+0000] {processor.py:183} INFO - Processing /home/airflow/.local/lib/python3.12/site-packages/airflow/example_dags/example_xcom.py took 0.072 seconds
[2025-06-20T14:54:07.117+0000] {processor.py:161} INFO - Started process (PID=2318) to work on /home/airflow/.local/lib/python3.12/site-packages/airflow/example_dags/example_xcom.py
[2025-06-20T14:54:07.118+0000] {processor.py:830} INFO - Processing file /home/airflow/.local/lib/python3.12/site-packages/airflow/example_dags/example_xcom.py for tasks to queue
[2025-06-20T14:54:07.120+0000] {logging_mixin.py:188} INFO - [2025-06-20T14:54:07.120+0000] {dagbag.py:540} INFO - Filling up the DagBag from /home/airflow/.local/lib/python3.12/site-packages/airflow/example_dags/example_xcom.py
[2025-06-20T14:54:07.128+0000] {processor.py:840} INFO - DAG(s) 'example_xcom' retrieved from /home/airflow/.local/lib/python3.12/site-packages/airflow/example_dags/example_xcom.py
[2025-06-20T14:54:07.148+0000] {logging_mixin.py:188} INFO - [2025-06-20T14:54:07.148+0000] {dag.py:3096} INFO - Sync 1 DAGs
[2025-06-20T14:54:07.168+0000] {logging_mixin.py:188} INFO - [2025-06-20T14:54:07.168+0000] {dag.py:3954} INFO - Setting next_dagrun for example_xcom to 2021-01-01 00:00:00+00:00, run_after=2021-01-01 00:00:00+00:00
[2025-06-20T14:54:07.186+0000] {processor.py:183} INFO - Processing /home/airflow/.local/lib/python3.12/site-packages/airflow/example_dags/example_xcom.py took 0.075 seconds
[2025-06-20T14:54:38.165+0000] {processor.py:161} INFO - Started process (PID=2376) to work on /home/airflow/.local/lib/python3.12/site-packages/airflow/example_dags/example_xcom.py
[2025-06-20T14:54:38.166+0000] {processor.py:830} INFO - Processing file /home/airflow/.local/lib/python3.12/site-packages/airflow/example_dags/example_xcom.py for tasks to queue
[2025-06-20T14:54:38.168+0000] {logging_mixin.py:188} INFO - [2025-06-20T14:54:38.168+0000] {dagbag.py:540} INFO - Filling up the DagBag from /home/airflow/.local/lib/python3.12/site-packages/airflow/example_dags/example_xcom.py
[2025-06-20T14:54:38.176+0000] {processor.py:840} INFO - DAG(s) 'example_xcom' retrieved from /home/airflow/.local/lib/python3.12/site-packages/airflow/example_dags/example_xcom.py
[2025-06-20T14:54:38.197+0000] {logging_mixin.py:188} INFO - [2025-06-20T14:54:38.196+0000] {dag.py:3096} INFO - Sync 1 DAGs
[2025-06-20T14:54:38.217+0000] {logging_mixin.py:188} INFO - [2025-06-20T14:54:38.216+0000] {dag.py:3954} INFO - Setting next_dagrun for example_xcom to 2021-01-01 00:00:00+00:00, run_after=2021-01-01 00:00:00+00:00
[2025-06-20T14:54:38.232+0000] {processor.py:183} INFO - Processing /home/airflow/.local/lib/python3.12/site-packages/airflow/example_dags/example_xcom.py took 0.073 seconds
[2025-06-20T14:55:08.423+0000] {processor.py:161} INFO - Started process (PID=2435) to work on /home/airflow/.local/lib/python3.12/site-packages/airflow/example_dags/example_xcom.py
[2025-06-20T14:55:08.424+0000] {processor.py:830} INFO - Processing file /home/airflow/.local/lib/python3.12/site-packages/airflow/example_dags/example_xcom.py for tasks to queue
[2025-06-20T14:55:08.426+0000] {logging_mixin.py:188} INFO - [2025-06-20T14:55:08.426+0000] {dagbag.py:540} INFO - Filling up the DagBag from /home/airflow/.local/lib/python3.12/site-packages/airflow/example_dags/example_xcom.py
[2025-06-20T14:55:08.435+0000] {processor.py:840} INFO - DAG(s) 'example_xcom' retrieved from /home/airflow/.local/lib/python3.12/site-packages/airflow/example_dags/example_xcom.py
[2025-06-20T14:55:08.456+0000] {logging_mixin.py:188} INFO - [2025-06-20T14:55:08.456+0000] {dag.py:3096} INFO - Sync 1 DAGs
[2025-06-20T14:55:08.476+0000] {logging_mixin.py:188} INFO - [2025-06-20T14:55:08.476+0000] {dag.py:3954} INFO - Setting next_dagrun for example_xcom to 2021-01-01 00:00:00+00:00, run_after=2021-01-01 00:00:00+00:00
[2025-06-20T14:55:08.493+0000] {processor.py:183} INFO - Processing /home/airflow/.local/lib/python3.12/site-packages/airflow/example_dags/example_xcom.py took 0.075 seconds
[2025-06-20T14:55:38.568+0000] {processor.py:161} INFO - Started process (PID=2494) to work on /home/airflow/.local/lib/python3.12/site-packages/airflow/example_dags/example_xcom.py
[2025-06-20T14:55:38.569+0000] {processor.py:830} INFO - Processing file /home/airflow/.local/lib/python3.12/site-packages/airflow/example_dags/example_xcom.py for tasks to queue
[2025-06-20T14:55:38.571+0000] {logging_mixin.py:188} INFO - [2025-06-20T14:55:38.571+0000] {dagbag.py:540} INFO - Filling up the DagBag from /home/airflow/.local/lib/python3.12/site-packages/airflow/example_dags/example_xcom.py
[2025-06-20T14:55:38.578+0000] {processor.py:840} INFO - DAG(s) 'example_xcom' retrieved from /home/airflow/.local/lib/python3.12/site-packages/airflow/example_dags/example_xcom.py
[2025-06-20T14:55:38.599+0000] {logging_mixin.py:188} INFO - [2025-06-20T14:55:38.599+0000] {dag.py:3096} INFO - Sync 1 DAGs
[2025-06-20T14:55:38.619+0000] {logging_mixin.py:188} INFO - [2025-06-20T14:55:38.619+0000] {dag.py:3954} INFO - Setting next_dagrun for example_xcom to 2021-01-01 00:00:00+00:00, run_after=2021-01-01 00:00:00+00:00
[2025-06-20T14:55:38.635+0000] {processor.py:183} INFO - Processing /home/airflow/.local/lib/python3.12/site-packages/airflow/example_dags/example_xcom.py took 0.073 seconds
[2025-06-20T14:56:08.975+0000] {processor.py:161} INFO - Started process (PID=2553) to work on /home/airflow/.local/lib/python3.12/site-packages/airflow/example_dags/example_xcom.py
[2025-06-20T14:56:08.976+0000] {processor.py:830} INFO - Processing file /home/airflow/.local/lib/python3.12/site-packages/airflow/example_dags/example_xcom.py for tasks to queue
[2025-06-20T14:56:08.977+0000] {logging_mixin.py:188} INFO - [2025-06-20T14:56:08.977+0000] {dagbag.py:540} INFO - Filling up the DagBag from /home/airflow/.local/lib/python3.12/site-packages/airflow/example_dags/example_xcom.py
[2025-06-20T14:56:08.985+0000] {processor.py:840} INFO - DAG(s) 'example_xcom' retrieved from /home/airflow/.local/lib/python3.12/site-packages/airflow/example_dags/example_xcom.py
[2025-06-20T14:56:09.005+0000] {logging_mixin.py:188} INFO - [2025-06-20T14:56:09.004+0000] {dag.py:3096} INFO - Sync 1 DAGs
[2025-06-20T14:56:09.024+0000] {logging_mixin.py:188} INFO - [2025-06-20T14:56:09.023+0000] {dag.py:3954} INFO - Setting next_dagrun for example_xcom to 2021-01-01 00:00:00+00:00, run_after=2021-01-01 00:00:00+00:00
[2025-06-20T14:56:09.039+0000] {processor.py:183} INFO - Processing /home/airflow/.local/lib/python3.12/site-packages/airflow/example_dags/example_xcom.py took 0.070 seconds
[2025-06-20T14:56:39.157+0000] {processor.py:161} INFO - Started process (PID=2612) to work on /home/airflow/.local/lib/python3.12/site-packages/airflow/example_dags/example_xcom.py
[2025-06-20T14:56:39.158+0000] {processor.py:830} INFO - Processing file /home/airflow/.local/lib/python3.12/site-packages/airflow/example_dags/example_xcom.py for tasks to queue
[2025-06-20T14:56:39.160+0000] {logging_mixin.py:188} INFO - [2025-06-20T14:56:39.159+0000] {dagbag.py:540} INFO - Filling up the DagBag from /home/airflow/.local/lib/python3.12/site-packages/airflow/example_dags/example_xcom.py
[2025-06-20T14:56:39.167+0000] {processor.py:840} INFO - DAG(s) 'example_xcom' retrieved from /home/airflow/.local/lib/python3.12/site-packages/airflow/example_dags/example_xcom.py
[2025-06-20T14:56:39.186+0000] {logging_mixin.py:188} INFO - [2025-06-20T14:56:39.186+0000] {dag.py:3096} INFO - Sync 1 DAGs
[2025-06-20T14:56:39.205+0000] {logging_mixin.py:188} INFO - [2025-06-20T14:56:39.204+0000] {dag.py:3954} INFO - Setting next_dagrun for example_xcom to 2021-01-01 00:00:00+00:00, run_after=2021-01-01 00:00:00+00:00
[2025-06-20T14:56:39.220+0000] {processor.py:183} INFO - Processing /home/airflow/.local/lib/python3.12/site-packages/airflow/example_dags/example_xcom.py took 0.069 seconds
[2025-06-20T14:57:09.382+0000] {processor.py:161} INFO - Started process (PID=2671) to work on /home/airflow/.local/lib/python3.12/site-packages/airflow/example_dags/example_xcom.py
[2025-06-20T14:57:09.383+0000] {processor.py:830} INFO - Processing file /home/airflow/.local/lib/python3.12/site-packages/airflow/example_dags/example_xcom.py for tasks to queue
[2025-06-20T14:57:09.384+0000] {logging_mixin.py:188} INFO - [2025-06-20T14:57:09.384+0000] {dagbag.py:540} INFO - Filling up the DagBag from /home/airflow/.local/lib/python3.12/site-packages/airflow/example_dags/example_xcom.py
[2025-06-20T14:57:09.392+0000] {processor.py:840} INFO - DAG(s) 'example_xcom' retrieved from /home/airflow/.local/lib/python3.12/site-packages/airflow/example_dags/example_xcom.py
[2025-06-20T14:57:09.412+0000] {logging_mixin.py:188} INFO - [2025-06-20T14:57:09.411+0000] {dag.py:3096} INFO - Sync 1 DAGs
[2025-06-20T14:57:09.433+0000] {logging_mixin.py:188} INFO - [2025-06-20T14:57:09.432+0000] {dag.py:3954} INFO - Setting next_dagrun for example_xcom to 2021-01-01 00:00:00+00:00, run_after=2021-01-01 00:00:00+00:00
[2025-06-20T14:57:09.449+0000] {processor.py:183} INFO - Processing /home/airflow/.local/lib/python3.12/site-packages/airflow/example_dags/example_xcom.py took 0.073 seconds
[2025-06-20T14:57:39.616+0000] {processor.py:161} INFO - Started process (PID=2730) to work on /home/airflow/.local/lib/python3.12/site-packages/airflow/example_dags/example_xcom.py
[2025-06-20T14:57:39.617+0000] {processor.py:830} INFO - Processing file /home/airflow/.local/lib/python3.12/site-packages/airflow/example_dags/example_xcom.py for tasks to queue
[2025-06-20T14:57:39.619+0000] {logging_mixin.py:188} INFO - [2025-06-20T14:57:39.618+0000] {dagbag.py:540} INFO - Filling up the DagBag from /home/airflow/.local/lib/python3.12/site-packages/airflow/example_dags/example_xcom.py
[2025-06-20T14:57:39.626+0000] {processor.py:840} INFO - DAG(s) 'example_xcom' retrieved from /home/airflow/.local/lib/python3.12/site-packages/airflow/example_dags/example_xcom.py
[2025-06-20T14:57:39.646+0000] {logging_mixin.py:188} INFO - [2025-06-20T14:57:39.646+0000] {dag.py:3096} INFO - Sync 1 DAGs
[2025-06-20T14:57:39.665+0000] {logging_mixin.py:188} INFO - [2025-06-20T14:57:39.665+0000] {dag.py:3954} INFO - Setting next_dagrun for example_xcom to 2021-01-01 00:00:00+00:00, run_after=2021-01-01 00:00:00+00:00
[2025-06-20T14:57:39.680+0000] {processor.py:183} INFO - Processing /home/airflow/.local/lib/python3.12/site-packages/airflow/example_dags/example_xcom.py took 0.070 seconds
[2025-06-20T14:58:09.782+0000] {processor.py:161} INFO - Started process (PID=2789) to work on /home/airflow/.local/lib/python3.12/site-packages/airflow/example_dags/example_xcom.py
[2025-06-20T14:58:09.783+0000] {processor.py:830} INFO - Processing file /home/airflow/.local/lib/python3.12/site-packages/airflow/example_dags/example_xcom.py for tasks to queue
[2025-06-20T14:58:09.785+0000] {logging_mixin.py:188} INFO - [2025-06-20T14:58:09.784+0000] {dagbag.py:540} INFO - Filling up the DagBag from /home/airflow/.local/lib/python3.12/site-packages/airflow/example_dags/example_xcom.py
[2025-06-20T14:58:09.792+0000] {processor.py:840} INFO - DAG(s) 'example_xcom' retrieved from /home/airflow/.local/lib/python3.12/site-packages/airflow/example_dags/example_xcom.py
[2025-06-20T14:58:09.812+0000] {logging_mixin.py:188} INFO - [2025-06-20T14:58:09.812+0000] {dag.py:3096} INFO - Sync 1 DAGs
[2025-06-20T14:58:09.831+0000] {logging_mixin.py:188} INFO - [2025-06-20T14:58:09.831+0000] {dag.py:3954} INFO - Setting next_dagrun for example_xcom to 2021-01-01 00:00:00+00:00, run_after=2021-01-01 00:00:00+00:00
[2025-06-20T14:58:09.847+0000] {processor.py:183} INFO - Processing /home/airflow/.local/lib/python3.12/site-packages/airflow/example_dags/example_xcom.py took 0.071 seconds
[2025-06-20T14:58:39.971+0000] {processor.py:161} INFO - Started process (PID=2848) to work on /home/airflow/.local/lib/python3.12/site-packages/airflow/example_dags/example_xcom.py
[2025-06-20T14:58:39.972+0000] {processor.py:830} INFO - Processing file /home/airflow/.local/lib/python3.12/site-packages/airflow/example_dags/example_xcom.py for tasks to queue
[2025-06-20T14:58:39.974+0000] {logging_mixin.py:188} INFO - [2025-06-20T14:58:39.974+0000] {dagbag.py:540} INFO - Filling up the DagBag from /home/airflow/.local/lib/python3.12/site-packages/airflow/example_dags/example_xcom.py
[2025-06-20T14:58:39.981+0000] {processor.py:840} INFO - DAG(s) 'example_xcom' retrieved from /home/airflow/.local/lib/python3.12/site-packages/airflow/example_dags/example_xcom.py
[2025-06-20T14:58:40.000+0000] {logging_mixin.py:188} INFO - [2025-06-20T14:58:40.000+0000] {dag.py:3096} INFO - Sync 1 DAGs
[2025-06-20T14:58:40.020+0000] {logging_mixin.py:188} INFO - [2025-06-20T14:58:40.019+0000] {dag.py:3954} INFO - Setting next_dagrun for example_xcom to 2021-01-01 00:00:00+00:00, run_after=2021-01-01 00:00:00+00:00
[2025-06-20T14:58:40.035+0000] {processor.py:183} INFO - Processing /home/airflow/.local/lib/python3.12/site-packages/airflow/example_dags/example_xcom.py took 0.070 seconds
[2025-06-20T14:59:10.268+0000] {processor.py:161} INFO - Started process (PID=2907) to work on /home/airflow/.local/lib/python3.12/site-packages/airflow/example_dags/example_xcom.py
[2025-06-20T14:59:10.269+0000] {processor.py:830} INFO - Processing file /home/airflow/.local/lib/python3.12/site-packages/airflow/example_dags/example_xcom.py for tasks to queue
[2025-06-20T14:59:10.271+0000] {logging_mixin.py:188} INFO - [2025-06-20T14:59:10.271+0000] {dagbag.py:540} INFO - Filling up the DagBag from /home/airflow/.local/lib/python3.12/site-packages/airflow/example_dags/example_xcom.py
[2025-06-20T14:59:10.289+0000] {processor.py:840} INFO - DAG(s) 'example_xcom' retrieved from /home/airflow/.local/lib/python3.12/site-packages/airflow/example_dags/example_xcom.py
[2025-06-20T14:59:10.312+0000] {logging_mixin.py:188} INFO - [2025-06-20T14:59:10.312+0000] {dag.py:3096} INFO - Sync 1 DAGs
[2025-06-20T14:59:10.333+0000] {logging_mixin.py:188} INFO - [2025-06-20T14:59:10.333+0000] {dag.py:3954} INFO - Setting next_dagrun for example_xcom to 2021-01-01 00:00:00+00:00, run_after=2021-01-01 00:00:00+00:00
[2025-06-20T14:59:10.349+0000] {processor.py:183} INFO - Processing /home/airflow/.local/lib/python3.12/site-packages/airflow/example_dags/example_xcom.py took 0.087 seconds
[2025-06-20T14:59:40.783+0000] {processor.py:161} INFO - Started process (PID=2966) to work on /home/airflow/.local/lib/python3.12/site-packages/airflow/example_dags/example_xcom.py
[2025-06-20T14:59:40.784+0000] {processor.py:830} INFO - Processing file /home/airflow/.local/lib/python3.12/site-packages/airflow/example_dags/example_xcom.py for tasks to queue
[2025-06-20T14:59:40.786+0000] {logging_mixin.py:188} INFO - [2025-06-20T14:59:40.785+0000] {dagbag.py:540} INFO - Filling up the DagBag from /home/airflow/.local/lib/python3.12/site-packages/airflow/example_dags/example_xcom.py
[2025-06-20T14:59:40.793+0000] {processor.py:840} INFO - DAG(s) 'example_xcom' retrieved from /home/airflow/.local/lib/python3.12/site-packages/airflow/example_dags/example_xcom.py
[2025-06-20T14:59:40.813+0000] {logging_mixin.py:188} INFO - [2025-06-20T14:59:40.812+0000] {dag.py:3096} INFO - Sync 1 DAGs
[2025-06-20T14:59:40.832+0000] {logging_mixin.py:188} INFO - [2025-06-20T14:59:40.832+0000] {dag.py:3954} INFO - Setting next_dagrun for example_xcom to 2021-01-01 00:00:00+00:00, run_after=2021-01-01 00:00:00+00:00
[2025-06-20T14:59:40.847+0000] {processor.py:183} INFO - Processing /home/airflow/.local/lib/python3.12/site-packages/airflow/example_dags/example_xcom.py took 0.070 seconds
[2025-06-20T15:00:11.227+0000] {processor.py:161} INFO - Started process (PID=3025) to work on /home/airflow/.local/lib/python3.12/site-packages/airflow/example_dags/example_xcom.py
[2025-06-20T15:00:11.228+0000] {processor.py:830} INFO - Processing file /home/airflow/.local/lib/python3.12/site-packages/airflow/example_dags/example_xcom.py for tasks to queue
[2025-06-20T15:00:11.230+0000] {logging_mixin.py:188} INFO - [2025-06-20T15:00:11.230+0000] {dagbag.py:540} INFO - Filling up the DagBag from /home/airflow/.local/lib/python3.12/site-packages/airflow/example_dags/example_xcom.py
[2025-06-20T15:00:11.237+0000] {processor.py:840} INFO - DAG(s) 'example_xcom' retrieved from /home/airflow/.local/lib/python3.12/site-packages/airflow/example_dags/example_xcom.py
[2025-06-20T15:00:11.258+0000] {logging_mixin.py:188} INFO - [2025-06-20T15:00:11.258+0000] {dag.py:3096} INFO - Sync 1 DAGs
[2025-06-20T15:00:11.278+0000] {logging_mixin.py:188} INFO - [2025-06-20T15:00:11.277+0000] {dag.py:3954} INFO - Setting next_dagrun for example_xcom to 2021-01-01 00:00:00+00:00, run_after=2021-01-01 00:00:00+00:00
[2025-06-20T15:00:11.293+0000] {processor.py:183} INFO - Processing /home/airflow/.local/lib/python3.12/site-packages/airflow/example_dags/example_xcom.py took 0.072 seconds
[2025-06-20T15:00:41.481+0000] {processor.py:161} INFO - Started process (PID=3084) to work on /home/airflow/.local/lib/python3.12/site-packages/airflow/example_dags/example_xcom.py
[2025-06-20T15:00:41.482+0000] {processor.py:830} INFO - Processing file /home/airflow/.local/lib/python3.12/site-packages/airflow/example_dags/example_xcom.py for tasks to queue
[2025-06-20T15:00:41.484+0000] {logging_mixin.py:188} INFO - [2025-06-20T15:00:41.483+0000] {dagbag.py:540} INFO - Filling up the DagBag from /home/airflow/.local/lib/python3.12/site-packages/airflow/example_dags/example_xcom.py
[2025-06-20T15:00:41.492+0000] {processor.py:840} INFO - DAG(s) 'example_xcom' retrieved from /home/airflow/.local/lib/python3.12/site-packages/airflow/example_dags/example_xcom.py
[2025-06-20T15:00:41.515+0000] {logging_mixin.py:188} INFO - [2025-06-20T15:00:41.515+0000] {dag.py:3096} INFO - Sync 1 DAGs
[2025-06-20T15:00:41.535+0000] {logging_mixin.py:188} INFO - [2025-06-20T15:00:41.535+0000] {dag.py:3954} INFO - Setting next_dagrun for example_xcom to 2021-01-01 00:00:00+00:00, run_after=2021-01-01 00:00:00+00:00
[2025-06-20T15:00:41.554+0000] {processor.py:183} INFO - Processing /home/airflow/.local/lib/python3.12/site-packages/airflow/example_dags/example_xcom.py took 0.079 seconds
[2025-06-20T15:01:11.741+0000] {processor.py:161} INFO - Started process (PID=3143) to work on /home/airflow/.local/lib/python3.12/site-packages/airflow/example_dags/example_xcom.py
[2025-06-20T15:01:11.742+0000] {processor.py:830} INFO - Processing file /home/airflow/.local/lib/python3.12/site-packages/airflow/example_dags/example_xcom.py for tasks to queue
[2025-06-20T15:01:11.744+0000] {logging_mixin.py:188} INFO - [2025-06-20T15:01:11.744+0000] {dagbag.py:540} INFO - Filling up the DagBag from /home/airflow/.local/lib/python3.12/site-packages/airflow/example_dags/example_xcom.py
[2025-06-20T15:01:11.752+0000] {processor.py:840} INFO - DAG(s) 'example_xcom' retrieved from /home/airflow/.local/lib/python3.12/site-packages/airflow/example_dags/example_xcom.py
[2025-06-20T15:01:11.772+0000] {logging_mixin.py:188} INFO - [2025-06-20T15:01:11.772+0000] {dag.py:3096} INFO - Sync 1 DAGs
[2025-06-20T15:01:11.791+0000] {logging_mixin.py:188} INFO - [2025-06-20T15:01:11.791+0000] {dag.py:3954} INFO - Setting next_dagrun for example_xcom to 2021-01-01 00:00:00+00:00, run_after=2021-01-01 00:00:00+00:00
[2025-06-20T15:01:11.807+0000] {processor.py:183} INFO - Processing /home/airflow/.local/lib/python3.12/site-packages/airflow/example_dags/example_xcom.py took 0.072 seconds
[2025-06-20T15:01:42.472+0000] {processor.py:161} INFO - Started process (PID=3200) to work on /home/airflow/.local/lib/python3.12/site-packages/airflow/example_dags/example_xcom.py
[2025-06-20T15:01:42.473+0000] {processor.py:830} INFO - Processing file /home/airflow/.local/lib/python3.12/site-packages/airflow/example_dags/example_xcom.py for tasks to queue
[2025-06-20T15:01:42.475+0000] {logging_mixin.py:188} INFO - [2025-06-20T15:01:42.475+0000] {dagbag.py:540} INFO - Filling up the DagBag from /home/airflow/.local/lib/python3.12/site-packages/airflow/example_dags/example_xcom.py
[2025-06-20T15:01:42.482+0000] {processor.py:840} INFO - DAG(s) 'example_xcom' retrieved from /home/airflow/.local/lib/python3.12/site-packages/airflow/example_dags/example_xcom.py
[2025-06-20T15:01:42.501+0000] {logging_mixin.py:188} INFO - [2025-06-20T15:01:42.501+0000] {dag.py:3096} INFO - Sync 1 DAGs
[2025-06-20T15:01:42.520+0000] {logging_mixin.py:188} INFO - [2025-06-20T15:01:42.520+0000] {dag.py:3954} INFO - Setting next_dagrun for example_xcom to 2021-01-01 00:00:00+00:00, run_after=2021-01-01 00:00:00+00:00
[2025-06-20T15:01:42.535+0000] {processor.py:183} INFO - Processing /home/airflow/.local/lib/python3.12/site-packages/airflow/example_dags/example_xcom.py took 0.069 seconds
[2025-06-20T15:02:13.168+0000] {processor.py:161} INFO - Started process (PID=3259) to work on /home/airflow/.local/lib/python3.12/site-packages/airflow/example_dags/example_xcom.py
[2025-06-20T15:02:13.169+0000] {processor.py:830} INFO - Processing file /home/airflow/.local/lib/python3.12/site-packages/airflow/example_dags/example_xcom.py for tasks to queue
[2025-06-20T15:02:13.171+0000] {logging_mixin.py:188} INFO - [2025-06-20T15:02:13.171+0000] {dagbag.py:540} INFO - Filling up the DagBag from /home/airflow/.local/lib/python3.12/site-packages/airflow/example_dags/example_xcom.py
[2025-06-20T15:02:13.178+0000] {processor.py:840} INFO - DAG(s) 'example_xcom' retrieved from /home/airflow/.local/lib/python3.12/site-packages/airflow/example_dags/example_xcom.py
[2025-06-20T15:02:13.197+0000] {logging_mixin.py:188} INFO - [2025-06-20T15:02:13.197+0000] {dag.py:3096} INFO - Sync 1 DAGs
[2025-06-20T15:02:13.217+0000] {logging_mixin.py:188} INFO - [2025-06-20T15:02:13.217+0000] {dag.py:3954} INFO - Setting next_dagrun for example_xcom to 2021-01-01 00:00:00+00:00, run_after=2021-01-01 00:00:00+00:00
[2025-06-20T15:02:13.232+0000] {processor.py:183} INFO - Processing /home/airflow/.local/lib/python3.12/site-packages/airflow/example_dags/example_xcom.py took 0.070 seconds
[2025-06-20T15:02:43.855+0000] {processor.py:161} INFO - Started process (PID=3318) to work on /home/airflow/.local/lib/python3.12/site-packages/airflow/example_dags/example_xcom.py
[2025-06-20T15:02:43.856+0000] {processor.py:830} INFO - Processing file /home/airflow/.local/lib/python3.12/site-packages/airflow/example_dags/example_xcom.py for tasks to queue
[2025-06-20T15:02:43.858+0000] {logging_mixin.py:188} INFO - [2025-06-20T15:02:43.858+0000] {dagbag.py:540} INFO - Filling up the DagBag from /home/airflow/.local/lib/python3.12/site-packages/airflow/example_dags/example_xcom.py
[2025-06-20T15:02:43.868+0000] {processor.py:840} INFO - DAG(s) 'example_xcom' retrieved from /home/airflow/.local/lib/python3.12/site-packages/airflow/example_dags/example_xcom.py
[2025-06-20T15:02:43.887+0000] {logging_mixin.py:188} INFO - [2025-06-20T15:02:43.887+0000] {dag.py:3096} INFO - Sync 1 DAGs
[2025-06-20T15:02:43.908+0000] {logging_mixin.py:188} INFO - [2025-06-20T15:02:43.907+0000] {dag.py:3954} INFO - Setting next_dagrun for example_xcom to 2021-01-01 00:00:00+00:00, run_after=2021-01-01 00:00:00+00:00
[2025-06-20T15:02:43.924+0000] {processor.py:183} INFO - Processing /home/airflow/.local/lib/python3.12/site-packages/airflow/example_dags/example_xcom.py took 0.075 seconds
[2025-06-20T15:03:14.510+0000] {processor.py:161} INFO - Started process (PID=3377) to work on /home/airflow/.local/lib/python3.12/site-packages/airflow/example_dags/example_xcom.py
[2025-06-20T15:03:14.511+0000] {processor.py:830} INFO - Processing file /home/airflow/.local/lib/python3.12/site-packages/airflow/example_dags/example_xcom.py for tasks to queue
[2025-06-20T15:03:14.513+0000] {logging_mixin.py:188} INFO - [2025-06-20T15:03:14.513+0000] {dagbag.py:540} INFO - Filling up the DagBag from /home/airflow/.local/lib/python3.12/site-packages/airflow/example_dags/example_xcom.py
[2025-06-20T15:03:14.521+0000] {processor.py:840} INFO - DAG(s) 'example_xcom' retrieved from /home/airflow/.local/lib/python3.12/site-packages/airflow/example_dags/example_xcom.py
[2025-06-20T15:03:14.541+0000] {logging_mixin.py:188} INFO - [2025-06-20T15:03:14.541+0000] {dag.py:3096} INFO - Sync 1 DAGs
[2025-06-20T15:03:14.560+0000] {logging_mixin.py:188} INFO - [2025-06-20T15:03:14.560+0000] {dag.py:3954} INFO - Setting next_dagrun for example_xcom to 2021-01-01 00:00:00+00:00, run_after=2021-01-01 00:00:00+00:00
[2025-06-20T15:03:14.575+0000] {processor.py:183} INFO - Processing /home/airflow/.local/lib/python3.12/site-packages/airflow/example_dags/example_xcom.py took 0.071 seconds
[2025-06-20T15:03:45.693+0000] {processor.py:161} INFO - Started process (PID=3436) to work on /home/airflow/.local/lib/python3.12/site-packages/airflow/example_dags/example_xcom.py
[2025-06-20T15:03:45.694+0000] {processor.py:830} INFO - Processing file /home/airflow/.local/lib/python3.12/site-packages/airflow/example_dags/example_xcom.py for tasks to queue
[2025-06-20T15:03:45.696+0000] {logging_mixin.py:188} INFO - [2025-06-20T15:03:45.696+0000] {dagbag.py:540} INFO - Filling up the DagBag from /home/airflow/.local/lib/python3.12/site-packages/airflow/example_dags/example_xcom.py
[2025-06-20T15:03:45.704+0000] {processor.py:840} INFO - DAG(s) 'example_xcom' retrieved from /home/airflow/.local/lib/python3.12/site-packages/airflow/example_dags/example_xcom.py
[2025-06-20T15:03:45.726+0000] {logging_mixin.py:188} INFO - [2025-06-20T15:03:45.726+0000] {dag.py:3096} INFO - Sync 1 DAGs
[2025-06-20T15:03:45.746+0000] {logging_mixin.py:188} INFO - [2025-06-20T15:03:45.746+0000] {dag.py:3954} INFO - Setting next_dagrun for example_xcom to 2021-01-01 00:00:00+00:00, run_after=2021-01-01 00:00:00+00:00
[2025-06-20T15:03:45.764+0000] {processor.py:183} INFO - Processing /home/airflow/.local/lib/python3.12/site-packages/airflow/example_dags/example_xcom.py took 0.077 seconds
[2025-06-20T15:04:15.861+0000] {processor.py:161} INFO - Started process (PID=3495) to work on /home/airflow/.local/lib/python3.12/site-packages/airflow/example_dags/example_xcom.py
[2025-06-20T15:04:15.862+0000] {processor.py:830} INFO - Processing file /home/airflow/.local/lib/python3.12/site-packages/airflow/example_dags/example_xcom.py for tasks to queue
[2025-06-20T15:04:15.864+0000] {logging_mixin.py:188} INFO - [2025-06-20T15:04:15.864+0000] {dagbag.py:540} INFO - Filling up the DagBag from /home/airflow/.local/lib/python3.12/site-packages/airflow/example_dags/example_xcom.py
[2025-06-20T15:04:15.872+0000] {processor.py:840} INFO - DAG(s) 'example_xcom' retrieved from /home/airflow/.local/lib/python3.12/site-packages/airflow/example_dags/example_xcom.py
[2025-06-20T15:04:15.899+0000] {logging_mixin.py:188} INFO - [2025-06-20T15:04:15.898+0000] {dag.py:3096} INFO - Sync 1 DAGs
[2025-06-20T15:04:15.927+0000] {logging_mixin.py:188} INFO - [2025-06-20T15:04:15.926+0000] {dag.py:3954} INFO - Setting next_dagrun for example_xcom to 2021-01-01 00:00:00+00:00, run_after=2021-01-01 00:00:00+00:00
[2025-06-20T15:04:15.943+0000] {processor.py:183} INFO - Processing /home/airflow/.local/lib/python3.12/site-packages/airflow/example_dags/example_xcom.py took 0.088 seconds
[2025-06-20T15:04:46.608+0000] {processor.py:161} INFO - Started process (PID=3554) to work on /home/airflow/.local/lib/python3.12/site-packages/airflow/example_dags/example_xcom.py
[2025-06-20T15:04:46.609+0000] {processor.py:830} INFO - Processing file /home/airflow/.local/lib/python3.12/site-packages/airflow/example_dags/example_xcom.py for tasks to queue
[2025-06-20T15:04:46.612+0000] {logging_mixin.py:188} INFO - [2025-06-20T15:04:46.611+0000] {dagbag.py:540} INFO - Filling up the DagBag from /home/airflow/.local/lib/python3.12/site-packages/airflow/example_dags/example_xcom.py
[2025-06-20T15:04:46.619+0000] {processor.py:840} INFO - DAG(s) 'example_xcom' retrieved from /home/airflow/.local/lib/python3.12/site-packages/airflow/example_dags/example_xcom.py
[2025-06-20T15:04:46.638+0000] {logging_mixin.py:188} INFO - [2025-06-20T15:04:46.638+0000] {dag.py:3096} INFO - Sync 1 DAGs
[2025-06-20T15:04:46.657+0000] {logging_mixin.py:188} INFO - [2025-06-20T15:04:46.657+0000] {dag.py:3954} INFO - Setting next_dagrun for example_xcom to 2021-01-01 00:00:00+00:00, run_after=2021-01-01 00:00:00+00:00
[2025-06-20T15:04:46.672+0000] {processor.py:183} INFO - Processing /home/airflow/.local/lib/python3.12/site-packages/airflow/example_dags/example_xcom.py took 0.070 seconds
[2025-06-20T15:05:16.912+0000] {processor.py:161} INFO - Started process (PID=3613) to work on /home/airflow/.local/lib/python3.12/site-packages/airflow/example_dags/example_xcom.py
[2025-06-20T15:05:16.913+0000] {processor.py:830} INFO - Processing file /home/airflow/.local/lib/python3.12/site-packages/airflow/example_dags/example_xcom.py for tasks to queue
[2025-06-20T15:05:16.915+0000] {logging_mixin.py:188} INFO - [2025-06-20T15:05:16.915+0000] {dagbag.py:540} INFO - Filling up the DagBag from /home/airflow/.local/lib/python3.12/site-packages/airflow/example_dags/example_xcom.py
[2025-06-20T15:05:16.923+0000] {processor.py:840} INFO - DAG(s) 'example_xcom' retrieved from /home/airflow/.local/lib/python3.12/site-packages/airflow/example_dags/example_xcom.py
[2025-06-20T15:05:16.943+0000] {logging_mixin.py:188} INFO - [2025-06-20T15:05:16.943+0000] {dag.py:3096} INFO - Sync 1 DAGs
[2025-06-20T15:05:16.963+0000] {logging_mixin.py:188} INFO - [2025-06-20T15:05:16.963+0000] {dag.py:3954} INFO - Setting next_dagrun for example_xcom to 2021-01-01 00:00:00+00:00, run_after=2021-01-01 00:00:00+00:00
[2025-06-20T15:05:16.979+0000] {processor.py:183} INFO - Processing /home/airflow/.local/lib/python3.12/site-packages/airflow/example_dags/example_xcom.py took 0.073 seconds
[2025-06-20T15:05:47.195+0000] {processor.py:161} INFO - Started process (PID=3672) to work on /home/airflow/.local/lib/python3.12/site-packages/airflow/example_dags/example_xcom.py
[2025-06-20T15:05:47.196+0000] {processor.py:830} INFO - Processing file /home/airflow/.local/lib/python3.12/site-packages/airflow/example_dags/example_xcom.py for tasks to queue
[2025-06-20T15:05:47.198+0000] {logging_mixin.py:188} INFO - [2025-06-20T15:05:47.197+0000] {dagbag.py:540} INFO - Filling up the DagBag from /home/airflow/.local/lib/python3.12/site-packages/airflow/example_dags/example_xcom.py
[2025-06-20T15:05:47.206+0000] {processor.py:840} INFO - DAG(s) 'example_xcom' retrieved from /home/airflow/.local/lib/python3.12/site-packages/airflow/example_dags/example_xcom.py
[2025-06-20T15:05:47.227+0000] {logging_mixin.py:188} INFO - [2025-06-20T15:05:47.227+0000] {dag.py:3096} INFO - Sync 1 DAGs
[2025-06-20T15:05:47.247+0000] {logging_mixin.py:188} INFO - [2025-06-20T15:05:47.247+0000] {dag.py:3954} INFO - Setting next_dagrun for example_xcom to 2021-01-01 00:00:00+00:00, run_after=2021-01-01 00:00:00+00:00
[2025-06-20T15:05:47.264+0000] {processor.py:183} INFO - Processing /home/airflow/.local/lib/python3.12/site-packages/airflow/example_dags/example_xcom.py took 0.076 seconds
[2025-06-20T15:06:17.406+0000] {processor.py:161} INFO - Started process (PID=3731) to work on /home/airflow/.local/lib/python3.12/site-packages/airflow/example_dags/example_xcom.py
[2025-06-20T15:06:17.407+0000] {processor.py:830} INFO - Processing file /home/airflow/.local/lib/python3.12/site-packages/airflow/example_dags/example_xcom.py for tasks to queue
[2025-06-20T15:06:17.409+0000] {logging_mixin.py:188} INFO - [2025-06-20T15:06:17.408+0000] {dagbag.py:540} INFO - Filling up the DagBag from /home/airflow/.local/lib/python3.12/site-packages/airflow/example_dags/example_xcom.py
[2025-06-20T15:06:17.416+0000] {processor.py:840} INFO - DAG(s) 'example_xcom' retrieved from /home/airflow/.local/lib/python3.12/site-packages/airflow/example_dags/example_xcom.py
[2025-06-20T15:06:17.437+0000] {logging_mixin.py:188} INFO - [2025-06-20T15:06:17.436+0000] {dag.py:3096} INFO - Sync 1 DAGs
[2025-06-20T15:06:17.459+0000] {logging_mixin.py:188} INFO - [2025-06-20T15:06:17.459+0000] {dag.py:3954} INFO - Setting next_dagrun for example_xcom to 2021-01-01 00:00:00+00:00, run_after=2021-01-01 00:00:00+00:00
[2025-06-20T15:06:17.475+0000] {processor.py:183} INFO - Processing /home/airflow/.local/lib/python3.12/site-packages/airflow/example_dags/example_xcom.py took 0.077 seconds
[2025-06-20T15:06:47.747+0000] {processor.py:161} INFO - Started process (PID=3790) to work on /home/airflow/.local/lib/python3.12/site-packages/airflow/example_dags/example_xcom.py
[2025-06-20T15:06:47.748+0000] {processor.py:830} INFO - Processing file /home/airflow/.local/lib/python3.12/site-packages/airflow/example_dags/example_xcom.py for tasks to queue
[2025-06-20T15:06:47.750+0000] {logging_mixin.py:188} INFO - [2025-06-20T15:06:47.750+0000] {dagbag.py:540} INFO - Filling up the DagBag from /home/airflow/.local/lib/python3.12/site-packages/airflow/example_dags/example_xcom.py
[2025-06-20T15:06:47.759+0000] {processor.py:840} INFO - DAG(s) 'example_xcom' retrieved from /home/airflow/.local/lib/python3.12/site-packages/airflow/example_dags/example_xcom.py
[2025-06-20T15:06:47.781+0000] {logging_mixin.py:188} INFO - [2025-06-20T15:06:47.781+0000] {dag.py:3096} INFO - Sync 1 DAGs
[2025-06-20T15:06:47.804+0000] {logging_mixin.py:188} INFO - [2025-06-20T15:06:47.803+0000] {dag.py:3954} INFO - Setting next_dagrun for example_xcom to 2021-01-01 00:00:00+00:00, run_after=2021-01-01 00:00:00+00:00
[2025-06-20T15:06:47.820+0000] {processor.py:183} INFO - Processing /home/airflow/.local/lib/python3.12/site-packages/airflow/example_dags/example_xcom.py took 0.083 seconds
[2025-06-20T15:07:18.017+0000] {processor.py:161} INFO - Started process (PID=3849) to work on /home/airflow/.local/lib/python3.12/site-packages/airflow/example_dags/example_xcom.py
[2025-06-20T15:07:18.018+0000] {processor.py:830} INFO - Processing file /home/airflow/.local/lib/python3.12/site-packages/airflow/example_dags/example_xcom.py for tasks to queue
[2025-06-20T15:07:18.020+0000] {logging_mixin.py:188} INFO - [2025-06-20T15:07:18.019+0000] {dagbag.py:540} INFO - Filling up the DagBag from /home/airflow/.local/lib/python3.12/site-packages/airflow/example_dags/example_xcom.py
[2025-06-20T15:07:18.027+0000] {processor.py:840} INFO - DAG(s) 'example_xcom' retrieved from /home/airflow/.local/lib/python3.12/site-packages/airflow/example_dags/example_xcom.py
[2025-06-20T15:07:18.048+0000] {logging_mixin.py:188} INFO - [2025-06-20T15:07:18.048+0000] {dag.py:3096} INFO - Sync 1 DAGs
[2025-06-20T15:07:18.067+0000] {logging_mixin.py:188} INFO - [2025-06-20T15:07:18.067+0000] {dag.py:3954} INFO - Setting next_dagrun for example_xcom to 2021-01-01 00:00:00+00:00, run_after=2021-01-01 00:00:00+00:00
[2025-06-20T15:07:18.087+0000] {processor.py:183} INFO - Processing /home/airflow/.local/lib/python3.12/site-packages/airflow/example_dags/example_xcom.py took 0.076 seconds
[2025-06-20T15:07:48.246+0000] {processor.py:161} INFO - Started process (PID=3908) to work on /home/airflow/.local/lib/python3.12/site-packages/airflow/example_dags/example_xcom.py
[2025-06-20T15:07:48.248+0000] {processor.py:830} INFO - Processing file /home/airflow/.local/lib/python3.12/site-packages/airflow/example_dags/example_xcom.py for tasks to queue
[2025-06-20T15:07:48.250+0000] {logging_mixin.py:188} INFO - [2025-06-20T15:07:48.250+0000] {dagbag.py:540} INFO - Filling up the DagBag from /home/airflow/.local/lib/python3.12/site-packages/airflow/example_dags/example_xcom.py
[2025-06-20T15:07:48.257+0000] {processor.py:840} INFO - DAG(s) 'example_xcom' retrieved from /home/airflow/.local/lib/python3.12/site-packages/airflow/example_dags/example_xcom.py
[2025-06-20T15:07:48.277+0000] {logging_mixin.py:188} INFO - [2025-06-20T15:07:48.277+0000] {dag.py:3096} INFO - Sync 1 DAGs
[2025-06-20T15:07:48.297+0000] {logging_mixin.py:188} INFO - [2025-06-20T15:07:48.297+0000] {dag.py:3954} INFO - Setting next_dagrun for example_xcom to 2021-01-01 00:00:00+00:00, run_after=2021-01-01 00:00:00+00:00
[2025-06-20T15:07:48.312+0000] {processor.py:183} INFO - Processing /home/airflow/.local/lib/python3.12/site-packages/airflow/example_dags/example_xcom.py took 0.072 seconds
[2025-06-20T15:08:18.657+0000] {processor.py:161} INFO - Started process (PID=3967) to work on /home/airflow/.local/lib/python3.12/site-packages/airflow/example_dags/example_xcom.py
[2025-06-20T15:08:18.658+0000] {processor.py:830} INFO - Processing file /home/airflow/.local/lib/python3.12/site-packages/airflow/example_dags/example_xcom.py for tasks to queue
[2025-06-20T15:08:18.660+0000] {logging_mixin.py:188} INFO - [2025-06-20T15:08:18.660+0000] {dagbag.py:540} INFO - Filling up the DagBag from /home/airflow/.local/lib/python3.12/site-packages/airflow/example_dags/example_xcom.py
[2025-06-20T15:08:18.667+0000] {processor.py:840} INFO - DAG(s) 'example_xcom' retrieved from /home/airflow/.local/lib/python3.12/site-packages/airflow/example_dags/example_xcom.py
[2025-06-20T15:08:18.689+0000] {logging_mixin.py:188} INFO - [2025-06-20T15:08:18.689+0000] {dag.py:3096} INFO - Sync 1 DAGs
[2025-06-20T15:08:18.711+0000] {logging_mixin.py:188} INFO - [2025-06-20T15:08:18.711+0000] {dag.py:3954} INFO - Setting next_dagrun for example_xcom to 2021-01-01 00:00:00+00:00, run_after=2021-01-01 00:00:00+00:00
[2025-06-20T15:08:18.728+0000] {processor.py:183} INFO - Processing /home/airflow/.local/lib/python3.12/site-packages/airflow/example_dags/example_xcom.py took 0.077 seconds
[2025-06-20T15:08:49.574+0000] {processor.py:161} INFO - Started process (PID=4026) to work on /home/airflow/.local/lib/python3.12/site-packages/airflow/example_dags/example_xcom.py
[2025-06-20T15:08:49.575+0000] {processor.py:830} INFO - Processing file /home/airflow/.local/lib/python3.12/site-packages/airflow/example_dags/example_xcom.py for tasks to queue
[2025-06-20T15:08:49.577+0000] {logging_mixin.py:188} INFO - [2025-06-20T15:08:49.576+0000] {dagbag.py:540} INFO - Filling up the DagBag from /home/airflow/.local/lib/python3.12/site-packages/airflow/example_dags/example_xcom.py
[2025-06-20T15:08:49.584+0000] {processor.py:840} INFO - DAG(s) 'example_xcom' retrieved from /home/airflow/.local/lib/python3.12/site-packages/airflow/example_dags/example_xcom.py
[2025-06-20T15:08:49.604+0000] {logging_mixin.py:188} INFO - [2025-06-20T15:08:49.604+0000] {dag.py:3096} INFO - Sync 1 DAGs
[2025-06-20T15:08:49.623+0000] {logging_mixin.py:188} INFO - [2025-06-20T15:08:49.623+0000] {dag.py:3954} INFO - Setting next_dagrun for example_xcom to 2021-01-01 00:00:00+00:00, run_after=2021-01-01 00:00:00+00:00
[2025-06-20T15:08:49.639+0000] {processor.py:183} INFO - Processing /home/airflow/.local/lib/python3.12/site-packages/airflow/example_dags/example_xcom.py took 0.072 seconds
[2025-06-20T15:09:19.766+0000] {processor.py:161} INFO - Started process (PID=4085) to work on /home/airflow/.local/lib/python3.12/site-packages/airflow/example_dags/example_xcom.py
[2025-06-20T15:09:19.766+0000] {processor.py:830} INFO - Processing file /home/airflow/.local/lib/python3.12/site-packages/airflow/example_dags/example_xcom.py for tasks to queue
[2025-06-20T15:09:19.769+0000] {logging_mixin.py:188} INFO - [2025-06-20T15:09:19.768+0000] {dagbag.py:540} INFO - Filling up the DagBag from /home/airflow/.local/lib/python3.12/site-packages/airflow/example_dags/example_xcom.py
[2025-06-20T15:09:19.776+0000] {processor.py:840} INFO - DAG(s) 'example_xcom' retrieved from /home/airflow/.local/lib/python3.12/site-packages/airflow/example_dags/example_xcom.py
[2025-06-20T15:09:19.796+0000] {logging_mixin.py:188} INFO - [2025-06-20T15:09:19.796+0000] {dag.py:3096} INFO - Sync 1 DAGs
[2025-06-20T15:09:19.815+0000] {logging_mixin.py:188} INFO - [2025-06-20T15:09:19.815+0000] {dag.py:3954} INFO - Setting next_dagrun for example_xcom to 2021-01-01 00:00:00+00:00, run_after=2021-01-01 00:00:00+00:00
[2025-06-20T15:09:19.830+0000] {processor.py:183} INFO - Processing /home/airflow/.local/lib/python3.12/site-packages/airflow/example_dags/example_xcom.py took 0.071 seconds
[2025-06-20T15:09:49.983+0000] {processor.py:161} INFO - Started process (PID=4144) to work on /home/airflow/.local/lib/python3.12/site-packages/airflow/example_dags/example_xcom.py
[2025-06-20T15:09:49.984+0000] {processor.py:830} INFO - Processing file /home/airflow/.local/lib/python3.12/site-packages/airflow/example_dags/example_xcom.py for tasks to queue
[2025-06-20T15:09:49.985+0000] {logging_mixin.py:188} INFO - [2025-06-20T15:09:49.985+0000] {dagbag.py:540} INFO - Filling up the DagBag from /home/airflow/.local/lib/python3.12/site-packages/airflow/example_dags/example_xcom.py
[2025-06-20T15:09:49.993+0000] {processor.py:840} INFO - DAG(s) 'example_xcom' retrieved from /home/airflow/.local/lib/python3.12/site-packages/airflow/example_dags/example_xcom.py
[2025-06-20T15:09:50.013+0000] {logging_mixin.py:188} INFO - [2025-06-20T15:09:50.013+0000] {dag.py:3096} INFO - Sync 1 DAGs
[2025-06-20T15:09:50.032+0000] {logging_mixin.py:188} INFO - [2025-06-20T15:09:50.032+0000] {dag.py:3954} INFO - Setting next_dagrun for example_xcom to 2021-01-01 00:00:00+00:00, run_after=2021-01-01 00:00:00+00:00
[2025-06-20T15:09:50.047+0000] {processor.py:183} INFO - Processing /home/airflow/.local/lib/python3.12/site-packages/airflow/example_dags/example_xcom.py took 0.071 seconds
[2025-06-20T15:10:20.182+0000] {processor.py:161} INFO - Started process (PID=4203) to work on /home/airflow/.local/lib/python3.12/site-packages/airflow/example_dags/example_xcom.py
[2025-06-20T15:10:20.184+0000] {processor.py:830} INFO - Processing file /home/airflow/.local/lib/python3.12/site-packages/airflow/example_dags/example_xcom.py for tasks to queue
[2025-06-20T15:10:20.185+0000] {logging_mixin.py:188} INFO - [2025-06-20T15:10:20.185+0000] {dagbag.py:540} INFO - Filling up the DagBag from /home/airflow/.local/lib/python3.12/site-packages/airflow/example_dags/example_xcom.py
[2025-06-20T15:10:20.193+0000] {processor.py:840} INFO - DAG(s) 'example_xcom' retrieved from /home/airflow/.local/lib/python3.12/site-packages/airflow/example_dags/example_xcom.py
[2025-06-20T15:10:20.213+0000] {logging_mixin.py:188} INFO - [2025-06-20T15:10:20.212+0000] {dag.py:3096} INFO - Sync 1 DAGs
[2025-06-20T15:10:20.232+0000] {logging_mixin.py:188} INFO - [2025-06-20T15:10:20.232+0000] {dag.py:3954} INFO - Setting next_dagrun for example_xcom to 2021-01-01 00:00:00+00:00, run_after=2021-01-01 00:00:00+00:00
[2025-06-20T15:10:20.247+0000] {processor.py:183} INFO - Processing /home/airflow/.local/lib/python3.12/site-packages/airflow/example_dags/example_xcom.py took 0.071 seconds
[2025-06-20T15:10:50.972+0000] {processor.py:161} INFO - Started process (PID=4262) to work on /home/airflow/.local/lib/python3.12/site-packages/airflow/example_dags/example_xcom.py
[2025-06-20T15:10:50.973+0000] {processor.py:830} INFO - Processing file /home/airflow/.local/lib/python3.12/site-packages/airflow/example_dags/example_xcom.py for tasks to queue
[2025-06-20T15:10:50.975+0000] {logging_mixin.py:188} INFO - [2025-06-20T15:10:50.974+0000] {dagbag.py:540} INFO - Filling up the DagBag from /home/airflow/.local/lib/python3.12/site-packages/airflow/example_dags/example_xcom.py
[2025-06-20T15:10:50.982+0000] {processor.py:840} INFO - DAG(s) 'example_xcom' retrieved from /home/airflow/.local/lib/python3.12/site-packages/airflow/example_dags/example_xcom.py
[2025-06-20T15:10:51.002+0000] {logging_mixin.py:188} INFO - [2025-06-20T15:10:51.002+0000] {dag.py:3096} INFO - Sync 1 DAGs
[2025-06-20T15:10:51.022+0000] {logging_mixin.py:188} INFO - [2025-06-20T15:10:51.022+0000] {dag.py:3954} INFO - Setting next_dagrun for example_xcom to 2021-01-01 00:00:00+00:00, run_after=2021-01-01 00:00:00+00:00
[2025-06-20T15:10:51.037+0000] {processor.py:183} INFO - Processing /home/airflow/.local/lib/python3.12/site-packages/airflow/example_dags/example_xcom.py took 0.072 seconds
[2025-06-20T15:11:21.846+0000] {processor.py:161} INFO - Started process (PID=4321) to work on /home/airflow/.local/lib/python3.12/site-packages/airflow/example_dags/example_xcom.py
[2025-06-20T15:11:21.847+0000] {processor.py:830} INFO - Processing file /home/airflow/.local/lib/python3.12/site-packages/airflow/example_dags/example_xcom.py for tasks to queue
[2025-06-20T15:11:21.849+0000] {logging_mixin.py:188} INFO - [2025-06-20T15:11:21.848+0000] {dagbag.py:540} INFO - Filling up the DagBag from /home/airflow/.local/lib/python3.12/site-packages/airflow/example_dags/example_xcom.py
[2025-06-20T15:11:21.856+0000] {processor.py:840} INFO - DAG(s) 'example_xcom' retrieved from /home/airflow/.local/lib/python3.12/site-packages/airflow/example_dags/example_xcom.py
[2025-06-20T15:11:21.876+0000] {logging_mixin.py:188} INFO - [2025-06-20T15:11:21.876+0000] {dag.py:3096} INFO - Sync 1 DAGs
[2025-06-20T15:11:21.896+0000] {logging_mixin.py:188} INFO - [2025-06-20T15:11:21.896+0000] {dag.py:3954} INFO - Setting next_dagrun for example_xcom to 2021-01-01 00:00:00+00:00, run_after=2021-01-01 00:00:00+00:00
[2025-06-20T15:11:21.912+0000] {processor.py:183} INFO - Processing /home/airflow/.local/lib/python3.12/site-packages/airflow/example_dags/example_xcom.py took 0.072 seconds
[2025-06-20T15:11:52.200+0000] {processor.py:161} INFO - Started process (PID=4380) to work on /home/airflow/.local/lib/python3.12/site-packages/airflow/example_dags/example_xcom.py
[2025-06-20T15:11:52.201+0000] {processor.py:830} INFO - Processing file /home/airflow/.local/lib/python3.12/site-packages/airflow/example_dags/example_xcom.py for tasks to queue
[2025-06-20T15:11:52.203+0000] {logging_mixin.py:188} INFO - [2025-06-20T15:11:52.203+0000] {dagbag.py:540} INFO - Filling up the DagBag from /home/airflow/.local/lib/python3.12/site-packages/airflow/example_dags/example_xcom.py
[2025-06-20T15:11:52.210+0000] {processor.py:840} INFO - DAG(s) 'example_xcom' retrieved from /home/airflow/.local/lib/python3.12/site-packages/airflow/example_dags/example_xcom.py
[2025-06-20T15:11:52.230+0000] {logging_mixin.py:188} INFO - [2025-06-20T15:11:52.230+0000] {dag.py:3096} INFO - Sync 1 DAGs
[2025-06-20T15:11:52.249+0000] {logging_mixin.py:188} INFO - [2025-06-20T15:11:52.249+0000] {dag.py:3954} INFO - Setting next_dagrun for example_xcom to 2021-01-01 00:00:00+00:00, run_after=2021-01-01 00:00:00+00:00
[2025-06-20T15:11:52.264+0000] {processor.py:183} INFO - Processing /home/airflow/.local/lib/python3.12/site-packages/airflow/example_dags/example_xcom.py took 0.070 seconds
[2025-06-20T15:12:22.362+0000] {processor.py:161} INFO - Started process (PID=4439) to work on /home/airflow/.local/lib/python3.12/site-packages/airflow/example_dags/example_xcom.py
[2025-06-20T15:12:22.363+0000] {processor.py:830} INFO - Processing file /home/airflow/.local/lib/python3.12/site-packages/airflow/example_dags/example_xcom.py for tasks to queue
[2025-06-20T15:12:22.365+0000] {logging_mixin.py:188} INFO - [2025-06-20T15:12:22.364+0000] {dagbag.py:540} INFO - Filling up the DagBag from /home/airflow/.local/lib/python3.12/site-packages/airflow/example_dags/example_xcom.py
[2025-06-20T15:12:22.372+0000] {processor.py:840} INFO - DAG(s) 'example_xcom' retrieved from /home/airflow/.local/lib/python3.12/site-packages/airflow/example_dags/example_xcom.py
[2025-06-20T15:12:22.391+0000] {logging_mixin.py:188} INFO - [2025-06-20T15:12:22.391+0000] {dag.py:3096} INFO - Sync 1 DAGs
[2025-06-20T15:12:22.411+0000] {logging_mixin.py:188} INFO - [2025-06-20T15:12:22.410+0000] {dag.py:3954} INFO - Setting next_dagrun for example_xcom to 2021-01-01 00:00:00+00:00, run_after=2021-01-01 00:00:00+00:00
[2025-06-20T15:12:22.425+0000] {processor.py:183} INFO - Processing /home/airflow/.local/lib/python3.12/site-packages/airflow/example_dags/example_xcom.py took 0.070 seconds
[2025-06-20T15:12:53.222+0000] {processor.py:161} INFO - Started process (PID=4498) to work on /home/airflow/.local/lib/python3.12/site-packages/airflow/example_dags/example_xcom.py
[2025-06-20T15:12:53.223+0000] {processor.py:830} INFO - Processing file /home/airflow/.local/lib/python3.12/site-packages/airflow/example_dags/example_xcom.py for tasks to queue
[2025-06-20T15:12:53.225+0000] {logging_mixin.py:188} INFO - [2025-06-20T15:12:53.225+0000] {dagbag.py:540} INFO - Filling up the DagBag from /home/airflow/.local/lib/python3.12/site-packages/airflow/example_dags/example_xcom.py
[2025-06-20T15:12:53.232+0000] {processor.py:840} INFO - DAG(s) 'example_xcom' retrieved from /home/airflow/.local/lib/python3.12/site-packages/airflow/example_dags/example_xcom.py
[2025-06-20T15:12:53.252+0000] {logging_mixin.py:188} INFO - [2025-06-20T15:12:53.251+0000] {dag.py:3096} INFO - Sync 1 DAGs
[2025-06-20T15:12:53.270+0000] {logging_mixin.py:188} INFO - [2025-06-20T15:12:53.270+0000] {dag.py:3954} INFO - Setting next_dagrun for example_xcom to 2021-01-01 00:00:00+00:00, run_after=2021-01-01 00:00:00+00:00
[2025-06-20T15:12:53.285+0000] {processor.py:183} INFO - Processing /home/airflow/.local/lib/python3.12/site-packages/airflow/example_dags/example_xcom.py took 0.069 seconds
[2025-06-20T15:13:24.268+0000] {processor.py:161} INFO - Started process (PID=4563) to work on /home/airflow/.local/lib/python3.12/site-packages/airflow/example_dags/example_xcom.py
[2025-06-20T15:13:24.269+0000] {processor.py:830} INFO - Processing file /home/airflow/.local/lib/python3.12/site-packages/airflow/example_dags/example_xcom.py for tasks to queue
[2025-06-20T15:13:24.271+0000] {logging_mixin.py:188} INFO - [2025-06-20T15:13:24.270+0000] {dagbag.py:540} INFO - Filling up the DagBag from /home/airflow/.local/lib/python3.12/site-packages/airflow/example_dags/example_xcom.py
[2025-06-20T15:13:24.278+0000] {processor.py:840} INFO - DAG(s) 'example_xcom' retrieved from /home/airflow/.local/lib/python3.12/site-packages/airflow/example_dags/example_xcom.py
[2025-06-20T15:13:24.300+0000] {logging_mixin.py:188} INFO - [2025-06-20T15:13:24.300+0000] {dag.py:3096} INFO - Sync 1 DAGs
[2025-06-20T15:13:24.320+0000] {logging_mixin.py:188} INFO - [2025-06-20T15:13:24.320+0000] {dag.py:3954} INFO - Setting next_dagrun for example_xcom to 2021-01-01 00:00:00+00:00, run_after=2021-01-01 00:00:00+00:00
[2025-06-20T15:13:24.335+0000] {processor.py:183} INFO - Processing /home/airflow/.local/lib/python3.12/site-packages/airflow/example_dags/example_xcom.py took 0.074 seconds
[2025-06-20T15:13:54.527+0000] {processor.py:161} INFO - Started process (PID=4622) to work on /home/airflow/.local/lib/python3.12/site-packages/airflow/example_dags/example_xcom.py
[2025-06-20T15:13:54.528+0000] {processor.py:830} INFO - Processing file /home/airflow/.local/lib/python3.12/site-packages/airflow/example_dags/example_xcom.py for tasks to queue
[2025-06-20T15:13:54.530+0000] {logging_mixin.py:188} INFO - [2025-06-20T15:13:54.529+0000] {dagbag.py:540} INFO - Filling up the DagBag from /home/airflow/.local/lib/python3.12/site-packages/airflow/example_dags/example_xcom.py
[2025-06-20T15:13:54.537+0000] {processor.py:840} INFO - DAG(s) 'example_xcom' retrieved from /home/airflow/.local/lib/python3.12/site-packages/airflow/example_dags/example_xcom.py
[2025-06-20T15:13:54.557+0000] {logging_mixin.py:188} INFO - [2025-06-20T15:13:54.557+0000] {dag.py:3096} INFO - Sync 1 DAGs
[2025-06-20T15:13:54.576+0000] {logging_mixin.py:188} INFO - [2025-06-20T15:13:54.576+0000] {dag.py:3954} INFO - Setting next_dagrun for example_xcom to 2021-01-01 00:00:00+00:00, run_after=2021-01-01 00:00:00+00:00
[2025-06-20T15:13:54.592+0000] {processor.py:183} INFO - Processing /home/airflow/.local/lib/python3.12/site-packages/airflow/example_dags/example_xcom.py took 0.072 seconds
[2025-06-20T15:14:24.735+0000] {processor.py:161} INFO - Started process (PID=4681) to work on /home/airflow/.local/lib/python3.12/site-packages/airflow/example_dags/example_xcom.py
[2025-06-20T15:14:24.736+0000] {processor.py:830} INFO - Processing file /home/airflow/.local/lib/python3.12/site-packages/airflow/example_dags/example_xcom.py for tasks to queue
[2025-06-20T15:14:24.738+0000] {logging_mixin.py:188} INFO - [2025-06-20T15:14:24.737+0000] {dagbag.py:540} INFO - Filling up the DagBag from /home/airflow/.local/lib/python3.12/site-packages/airflow/example_dags/example_xcom.py
[2025-06-20T15:14:24.745+0000] {processor.py:840} INFO - DAG(s) 'example_xcom' retrieved from /home/airflow/.local/lib/python3.12/site-packages/airflow/example_dags/example_xcom.py
[2025-06-20T15:14:24.765+0000] {logging_mixin.py:188} INFO - [2025-06-20T15:14:24.765+0000] {dag.py:3096} INFO - Sync 1 DAGs
[2025-06-20T15:14:24.785+0000] {logging_mixin.py:188} INFO - [2025-06-20T15:14:24.785+0000] {dag.py:3954} INFO - Setting next_dagrun for example_xcom to 2021-01-01 00:00:00+00:00, run_after=2021-01-01 00:00:00+00:00
[2025-06-20T15:14:24.801+0000] {processor.py:183} INFO - Processing /home/airflow/.local/lib/python3.12/site-packages/airflow/example_dags/example_xcom.py took 0.072 seconds
[2025-06-20T15:14:55.242+0000] {processor.py:161} INFO - Started process (PID=4740) to work on /home/airflow/.local/lib/python3.12/site-packages/airflow/example_dags/example_xcom.py
[2025-06-20T15:14:55.243+0000] {processor.py:830} INFO - Processing file /home/airflow/.local/lib/python3.12/site-packages/airflow/example_dags/example_xcom.py for tasks to queue
[2025-06-20T15:14:55.245+0000] {logging_mixin.py:188} INFO - [2025-06-20T15:14:55.245+0000] {dagbag.py:540} INFO - Filling up the DagBag from /home/airflow/.local/lib/python3.12/site-packages/airflow/example_dags/example_xcom.py
[2025-06-20T15:14:55.253+0000] {processor.py:840} INFO - DAG(s) 'example_xcom' retrieved from /home/airflow/.local/lib/python3.12/site-packages/airflow/example_dags/example_xcom.py
[2025-06-20T15:14:55.274+0000] {logging_mixin.py:188} INFO - [2025-06-20T15:14:55.274+0000] {dag.py:3096} INFO - Sync 1 DAGs
[2025-06-20T15:14:55.293+0000] {logging_mixin.py:188} INFO - [2025-06-20T15:14:55.293+0000] {dag.py:3954} INFO - Setting next_dagrun for example_xcom to 2021-01-01 00:00:00+00:00, run_after=2021-01-01 00:00:00+00:00
[2025-06-20T15:14:55.309+0000] {processor.py:183} INFO - Processing /home/airflow/.local/lib/python3.12/site-packages/airflow/example_dags/example_xcom.py took 0.073 seconds
[2025-06-20T15:15:25.375+0000] {processor.py:161} INFO - Started process (PID=4799) to work on /home/airflow/.local/lib/python3.12/site-packages/airflow/example_dags/example_xcom.py
[2025-06-20T15:15:25.376+0000] {processor.py:830} INFO - Processing file /home/airflow/.local/lib/python3.12/site-packages/airflow/example_dags/example_xcom.py for tasks to queue
[2025-06-20T15:15:25.379+0000] {logging_mixin.py:188} INFO - [2025-06-20T15:15:25.378+0000] {dagbag.py:540} INFO - Filling up the DagBag from /home/airflow/.local/lib/python3.12/site-packages/airflow/example_dags/example_xcom.py
[2025-06-20T15:15:25.386+0000] {processor.py:840} INFO - DAG(s) 'example_xcom' retrieved from /home/airflow/.local/lib/python3.12/site-packages/airflow/example_dags/example_xcom.py
[2025-06-20T15:15:25.407+0000] {logging_mixin.py:188} INFO - [2025-06-20T15:15:25.407+0000] {dag.py:3096} INFO - Sync 1 DAGs
[2025-06-20T15:15:25.426+0000] {logging_mixin.py:188} INFO - [2025-06-20T15:15:25.426+0000] {dag.py:3954} INFO - Setting next_dagrun for example_xcom to 2021-01-01 00:00:00+00:00, run_after=2021-01-01 00:00:00+00:00
[2025-06-20T15:15:25.442+0000] {processor.py:183} INFO - Processing /home/airflow/.local/lib/python3.12/site-packages/airflow/example_dags/example_xcom.py took 0.073 seconds
[2025-06-20T15:15:56.054+0000] {processor.py:161} INFO - Started process (PID=4858) to work on /home/airflow/.local/lib/python3.12/site-packages/airflow/example_dags/example_xcom.py
[2025-06-20T15:15:56.055+0000] {processor.py:830} INFO - Processing file /home/airflow/.local/lib/python3.12/site-packages/airflow/example_dags/example_xcom.py for tasks to queue
[2025-06-20T15:15:56.057+0000] {logging_mixin.py:188} INFO - [2025-06-20T15:15:56.057+0000] {dagbag.py:540} INFO - Filling up the DagBag from /home/airflow/.local/lib/python3.12/site-packages/airflow/example_dags/example_xcom.py
[2025-06-20T15:15:56.067+0000] {processor.py:840} INFO - DAG(s) 'example_xcom' retrieved from /home/airflow/.local/lib/python3.12/site-packages/airflow/example_dags/example_xcom.py
[2025-06-20T15:15:56.091+0000] {logging_mixin.py:188} INFO - [2025-06-20T15:15:56.091+0000] {dag.py:3096} INFO - Sync 1 DAGs
[2025-06-20T15:15:56.112+0000] {logging_mixin.py:188} INFO - [2025-06-20T15:15:56.111+0000] {dag.py:3954} INFO - Setting next_dagrun for example_xcom to 2021-01-01 00:00:00+00:00, run_after=2021-01-01 00:00:00+00:00
[2025-06-20T15:15:56.127+0000] {processor.py:183} INFO - Processing /home/airflow/.local/lib/python3.12/site-packages/airflow/example_dags/example_xcom.py took 0.083 seconds
[2025-06-20T15:16:26.844+0000] {processor.py:161} INFO - Started process (PID=4917) to work on /home/airflow/.local/lib/python3.12/site-packages/airflow/example_dags/example_xcom.py
[2025-06-20T15:16:26.845+0000] {processor.py:830} INFO - Processing file /home/airflow/.local/lib/python3.12/site-packages/airflow/example_dags/example_xcom.py for tasks to queue
[2025-06-20T15:16:26.847+0000] {logging_mixin.py:188} INFO - [2025-06-20T15:16:26.847+0000] {dagbag.py:540} INFO - Filling up the DagBag from /home/airflow/.local/lib/python3.12/site-packages/airflow/example_dags/example_xcom.py
[2025-06-20T15:16:26.855+0000] {processor.py:840} INFO - DAG(s) 'example_xcom' retrieved from /home/airflow/.local/lib/python3.12/site-packages/airflow/example_dags/example_xcom.py
[2025-06-20T15:16:26.875+0000] {logging_mixin.py:188} INFO - [2025-06-20T15:16:26.875+0000] {dag.py:3096} INFO - Sync 1 DAGs
[2025-06-20T15:16:26.895+0000] {logging_mixin.py:188} INFO - [2025-06-20T15:16:26.895+0000] {dag.py:3954} INFO - Setting next_dagrun for example_xcom to 2021-01-01 00:00:00+00:00, run_after=2021-01-01 00:00:00+00:00
[2025-06-20T15:16:26.913+0000] {processor.py:183} INFO - Processing /home/airflow/.local/lib/python3.12/site-packages/airflow/example_dags/example_xcom.py took 0.075 seconds
[2025-06-20T15:16:57.625+0000] {processor.py:161} INFO - Started process (PID=4976) to work on /home/airflow/.local/lib/python3.12/site-packages/airflow/example_dags/example_xcom.py
[2025-06-20T15:16:57.626+0000] {processor.py:830} INFO - Processing file /home/airflow/.local/lib/python3.12/site-packages/airflow/example_dags/example_xcom.py for tasks to queue
[2025-06-20T15:16:57.628+0000] {logging_mixin.py:188} INFO - [2025-06-20T15:16:57.628+0000] {dagbag.py:540} INFO - Filling up the DagBag from /home/airflow/.local/lib/python3.12/site-packages/airflow/example_dags/example_xcom.py
[2025-06-20T15:16:57.638+0000] {processor.py:840} INFO - DAG(s) 'example_xcom' retrieved from /home/airflow/.local/lib/python3.12/site-packages/airflow/example_dags/example_xcom.py
[2025-06-20T15:16:57.668+0000] {logging_mixin.py:188} INFO - [2025-06-20T15:16:57.667+0000] {dag.py:3096} INFO - Sync 1 DAGs
[2025-06-20T15:16:57.697+0000] {logging_mixin.py:188} INFO - [2025-06-20T15:16:57.696+0000] {dag.py:3954} INFO - Setting next_dagrun for example_xcom to 2021-01-01 00:00:00+00:00, run_after=2021-01-01 00:00:00+00:00
[2025-06-20T15:16:57.716+0000] {processor.py:183} INFO - Processing /home/airflow/.local/lib/python3.12/site-packages/airflow/example_dags/example_xcom.py took 0.097 seconds
[2025-06-20T15:17:28.039+0000] {processor.py:161} INFO - Started process (PID=5035) to work on /home/airflow/.local/lib/python3.12/site-packages/airflow/example_dags/example_xcom.py
[2025-06-20T15:17:28.040+0000] {processor.py:830} INFO - Processing file /home/airflow/.local/lib/python3.12/site-packages/airflow/example_dags/example_xcom.py for tasks to queue
[2025-06-20T15:17:28.042+0000] {logging_mixin.py:188} INFO - [2025-06-20T15:17:28.042+0000] {dagbag.py:540} INFO - Filling up the DagBag from /home/airflow/.local/lib/python3.12/site-packages/airflow/example_dags/example_xcom.py
[2025-06-20T15:17:28.049+0000] {processor.py:840} INFO - DAG(s) 'example_xcom' retrieved from /home/airflow/.local/lib/python3.12/site-packages/airflow/example_dags/example_xcom.py
[2025-06-20T15:17:28.069+0000] {logging_mixin.py:188} INFO - [2025-06-20T15:17:28.069+0000] {dag.py:3096} INFO - Sync 1 DAGs
[2025-06-20T15:17:28.089+0000] {logging_mixin.py:188} INFO - [2025-06-20T15:17:28.089+0000] {dag.py:3954} INFO - Setting next_dagrun for example_xcom to 2021-01-01 00:00:00+00:00, run_after=2021-01-01 00:00:00+00:00
[2025-06-20T15:17:28.104+0000] {processor.py:183} INFO - Processing /home/airflow/.local/lib/python3.12/site-packages/airflow/example_dags/example_xcom.py took 0.070 seconds
[2025-06-20T15:17:58.216+0000] {processor.py:161} INFO - Started process (PID=5094) to work on /home/airflow/.local/lib/python3.12/site-packages/airflow/example_dags/example_xcom.py
[2025-06-20T15:17:58.217+0000] {processor.py:830} INFO - Processing file /home/airflow/.local/lib/python3.12/site-packages/airflow/example_dags/example_xcom.py for tasks to queue
[2025-06-20T15:17:58.219+0000] {logging_mixin.py:188} INFO - [2025-06-20T15:17:58.219+0000] {dagbag.py:540} INFO - Filling up the DagBag from /home/airflow/.local/lib/python3.12/site-packages/airflow/example_dags/example_xcom.py
[2025-06-20T15:17:58.226+0000] {processor.py:840} INFO - DAG(s) 'example_xcom' retrieved from /home/airflow/.local/lib/python3.12/site-packages/airflow/example_dags/example_xcom.py
[2025-06-20T15:17:58.247+0000] {logging_mixin.py:188} INFO - [2025-06-20T15:17:58.247+0000] {dag.py:3096} INFO - Sync 1 DAGs
[2025-06-20T15:17:58.266+0000] {logging_mixin.py:188} INFO - [2025-06-20T15:17:58.266+0000] {dag.py:3954} INFO - Setting next_dagrun for example_xcom to 2021-01-01 00:00:00+00:00, run_after=2021-01-01 00:00:00+00:00
[2025-06-20T15:17:58.282+0000] {processor.py:183} INFO - Processing /home/airflow/.local/lib/python3.12/site-packages/airflow/example_dags/example_xcom.py took 0.072 seconds
[2025-06-20T15:18:29.001+0000] {processor.py:161} INFO - Started process (PID=5154) to work on /home/airflow/.local/lib/python3.12/site-packages/airflow/example_dags/example_xcom.py
[2025-06-20T15:18:29.002+0000] {processor.py:830} INFO - Processing file /home/airflow/.local/lib/python3.12/site-packages/airflow/example_dags/example_xcom.py for tasks to queue
[2025-06-20T15:18:29.004+0000] {logging_mixin.py:188} INFO - [2025-06-20T15:18:29.004+0000] {dagbag.py:540} INFO - Filling up the DagBag from /home/airflow/.local/lib/python3.12/site-packages/airflow/example_dags/example_xcom.py
[2025-06-20T15:18:29.013+0000] {processor.py:840} INFO - DAG(s) 'example_xcom' retrieved from /home/airflow/.local/lib/python3.12/site-packages/airflow/example_dags/example_xcom.py
[2025-06-20T15:18:29.033+0000] {logging_mixin.py:188} INFO - [2025-06-20T15:18:29.033+0000] {dag.py:3096} INFO - Sync 1 DAGs
[2025-06-20T15:18:29.053+0000] {logging_mixin.py:188} INFO - [2025-06-20T15:18:29.052+0000] {dag.py:3954} INFO - Setting next_dagrun for example_xcom to 2021-01-01 00:00:00+00:00, run_after=2021-01-01 00:00:00+00:00
[2025-06-20T15:18:29.068+0000] {processor.py:183} INFO - Processing /home/airflow/.local/lib/python3.12/site-packages/airflow/example_dags/example_xcom.py took 0.074 seconds
[2025-06-20T15:18:59.217+0000] {processor.py:161} INFO - Started process (PID=5213) to work on /home/airflow/.local/lib/python3.12/site-packages/airflow/example_dags/example_xcom.py
[2025-06-20T15:18:59.218+0000] {processor.py:830} INFO - Processing file /home/airflow/.local/lib/python3.12/site-packages/airflow/example_dags/example_xcom.py for tasks to queue
[2025-06-20T15:18:59.220+0000] {logging_mixin.py:188} INFO - [2025-06-20T15:18:59.220+0000] {dagbag.py:540} INFO - Filling up the DagBag from /home/airflow/.local/lib/python3.12/site-packages/airflow/example_dags/example_xcom.py
[2025-06-20T15:18:59.230+0000] {processor.py:840} INFO - DAG(s) 'example_xcom' retrieved from /home/airflow/.local/lib/python3.12/site-packages/airflow/example_dags/example_xcom.py
[2025-06-20T15:18:59.252+0000] {logging_mixin.py:188} INFO - [2025-06-20T15:18:59.252+0000] {dag.py:3096} INFO - Sync 1 DAGs
[2025-06-20T15:18:59.273+0000] {logging_mixin.py:188} INFO - [2025-06-20T15:18:59.273+0000] {dag.py:3954} INFO - Setting next_dagrun for example_xcom to 2021-01-01 00:00:00+00:00, run_after=2021-01-01 00:00:00+00:00
[2025-06-20T15:18:59.289+0000] {processor.py:183} INFO - Processing /home/airflow/.local/lib/python3.12/site-packages/airflow/example_dags/example_xcom.py took 0.080 seconds
[2025-06-20T15:19:29.475+0000] {processor.py:161} INFO - Started process (PID=5272) to work on /home/airflow/.local/lib/python3.12/site-packages/airflow/example_dags/example_xcom.py
[2025-06-20T15:19:29.476+0000] {processor.py:830} INFO - Processing file /home/airflow/.local/lib/python3.12/site-packages/airflow/example_dags/example_xcom.py for tasks to queue
[2025-06-20T15:19:29.478+0000] {logging_mixin.py:188} INFO - [2025-06-20T15:19:29.477+0000] {dagbag.py:540} INFO - Filling up the DagBag from /home/airflow/.local/lib/python3.12/site-packages/airflow/example_dags/example_xcom.py
[2025-06-20T15:19:29.485+0000] {processor.py:840} INFO - DAG(s) 'example_xcom' retrieved from /home/airflow/.local/lib/python3.12/site-packages/airflow/example_dags/example_xcom.py
[2025-06-20T15:19:29.510+0000] {logging_mixin.py:188} INFO - [2025-06-20T15:19:29.510+0000] {dag.py:3096} INFO - Sync 1 DAGs
[2025-06-20T15:19:29.530+0000] {logging_mixin.py:188} INFO - [2025-06-20T15:19:29.530+0000] {dag.py:3954} INFO - Setting next_dagrun for example_xcom to 2021-01-01 00:00:00+00:00, run_after=2021-01-01 00:00:00+00:00
[2025-06-20T15:19:29.545+0000] {processor.py:183} INFO - Processing /home/airflow/.local/lib/python3.12/site-packages/airflow/example_dags/example_xcom.py took 0.077 seconds
[2025-06-20T15:19:59.691+0000] {processor.py:161} INFO - Started process (PID=5331) to work on /home/airflow/.local/lib/python3.12/site-packages/airflow/example_dags/example_xcom.py
[2025-06-20T15:19:59.692+0000] {processor.py:830} INFO - Processing file /home/airflow/.local/lib/python3.12/site-packages/airflow/example_dags/example_xcom.py for tasks to queue
[2025-06-20T15:19:59.694+0000] {logging_mixin.py:188} INFO - [2025-06-20T15:19:59.693+0000] {dagbag.py:540} INFO - Filling up the DagBag from /home/airflow/.local/lib/python3.12/site-packages/airflow/example_dags/example_xcom.py
[2025-06-20T15:19:59.701+0000] {processor.py:840} INFO - DAG(s) 'example_xcom' retrieved from /home/airflow/.local/lib/python3.12/site-packages/airflow/example_dags/example_xcom.py
[2025-06-20T15:19:59.722+0000] {logging_mixin.py:188} INFO - [2025-06-20T15:19:59.722+0000] {dag.py:3096} INFO - Sync 1 DAGs
[2025-06-20T15:19:59.742+0000] {logging_mixin.py:188} INFO - [2025-06-20T15:19:59.742+0000] {dag.py:3954} INFO - Setting next_dagrun for example_xcom to 2021-01-01 00:00:00+00:00, run_after=2021-01-01 00:00:00+00:00
[2025-06-20T15:19:59.757+0000] {processor.py:183} INFO - Processing /home/airflow/.local/lib/python3.12/site-packages/airflow/example_dags/example_xcom.py took 0.073 seconds
[2025-06-20T15:20:29.989+0000] {processor.py:161} INFO - Started process (PID=5390) to work on /home/airflow/.local/lib/python3.12/site-packages/airflow/example_dags/example_xcom.py
[2025-06-20T15:20:29.990+0000] {processor.py:830} INFO - Processing file /home/airflow/.local/lib/python3.12/site-packages/airflow/example_dags/example_xcom.py for tasks to queue
[2025-06-20T15:20:29.992+0000] {logging_mixin.py:188} INFO - [2025-06-20T15:20:29.992+0000] {dagbag.py:540} INFO - Filling up the DagBag from /home/airflow/.local/lib/python3.12/site-packages/airflow/example_dags/example_xcom.py
[2025-06-20T15:20:29.999+0000] {processor.py:840} INFO - DAG(s) 'example_xcom' retrieved from /home/airflow/.local/lib/python3.12/site-packages/airflow/example_dags/example_xcom.py
[2025-06-20T15:20:30.019+0000] {logging_mixin.py:188} INFO - [2025-06-20T15:20:30.018+0000] {dag.py:3096} INFO - Sync 1 DAGs
[2025-06-20T15:20:30.038+0000] {logging_mixin.py:188} INFO - [2025-06-20T15:20:30.038+0000] {dag.py:3954} INFO - Setting next_dagrun for example_xcom to 2021-01-01 00:00:00+00:00, run_after=2021-01-01 00:00:00+00:00
[2025-06-20T15:20:30.053+0000] {processor.py:183} INFO - Processing /home/airflow/.local/lib/python3.12/site-packages/airflow/example_dags/example_xcom.py took 0.070 seconds
[2025-06-20T15:21:00.241+0000] {processor.py:161} INFO - Started process (PID=5449) to work on /home/airflow/.local/lib/python3.12/site-packages/airflow/example_dags/example_xcom.py
[2025-06-20T15:21:00.242+0000] {processor.py:830} INFO - Processing file /home/airflow/.local/lib/python3.12/site-packages/airflow/example_dags/example_xcom.py for tasks to queue
[2025-06-20T15:21:00.244+0000] {logging_mixin.py:188} INFO - [2025-06-20T15:21:00.244+0000] {dagbag.py:540} INFO - Filling up the DagBag from /home/airflow/.local/lib/python3.12/site-packages/airflow/example_dags/example_xcom.py
[2025-06-20T15:21:00.251+0000] {processor.py:840} INFO - DAG(s) 'example_xcom' retrieved from /home/airflow/.local/lib/python3.12/site-packages/airflow/example_dags/example_xcom.py
[2025-06-20T15:21:00.272+0000] {logging_mixin.py:188} INFO - [2025-06-20T15:21:00.272+0000] {dag.py:3096} INFO - Sync 1 DAGs
[2025-06-20T15:21:00.291+0000] {logging_mixin.py:188} INFO - [2025-06-20T15:21:00.291+0000] {dag.py:3954} INFO - Setting next_dagrun for example_xcom to 2021-01-01 00:00:00+00:00, run_after=2021-01-01 00:00:00+00:00
[2025-06-20T15:21:00.307+0000] {processor.py:183} INFO - Processing /home/airflow/.local/lib/python3.12/site-packages/airflow/example_dags/example_xcom.py took 0.072 seconds
[2025-06-20T15:21:30.635+0000] {processor.py:161} INFO - Started process (PID=5508) to work on /home/airflow/.local/lib/python3.12/site-packages/airflow/example_dags/example_xcom.py
[2025-06-20T15:21:30.636+0000] {processor.py:830} INFO - Processing file /home/airflow/.local/lib/python3.12/site-packages/airflow/example_dags/example_xcom.py for tasks to queue
[2025-06-20T15:21:30.638+0000] {logging_mixin.py:188} INFO - [2025-06-20T15:21:30.637+0000] {dagbag.py:540} INFO - Filling up the DagBag from /home/airflow/.local/lib/python3.12/site-packages/airflow/example_dags/example_xcom.py
[2025-06-20T15:21:30.645+0000] {processor.py:840} INFO - DAG(s) 'example_xcom' retrieved from /home/airflow/.local/lib/python3.12/site-packages/airflow/example_dags/example_xcom.py
[2025-06-20T15:21:30.665+0000] {logging_mixin.py:188} INFO - [2025-06-20T15:21:30.665+0000] {dag.py:3096} INFO - Sync 1 DAGs
[2025-06-20T15:21:30.684+0000] {logging_mixin.py:188} INFO - [2025-06-20T15:21:30.684+0000] {dag.py:3954} INFO - Setting next_dagrun for example_xcom to 2021-01-01 00:00:00+00:00, run_after=2021-01-01 00:00:00+00:00
[2025-06-20T15:21:30.700+0000] {processor.py:183} INFO - Processing /home/airflow/.local/lib/python3.12/site-packages/airflow/example_dags/example_xcom.py took 0.071 seconds
[2025-06-20T15:22:00.918+0000] {processor.py:161} INFO - Started process (PID=5567) to work on /home/airflow/.local/lib/python3.12/site-packages/airflow/example_dags/example_xcom.py
[2025-06-20T15:22:00.919+0000] {processor.py:830} INFO - Processing file /home/airflow/.local/lib/python3.12/site-packages/airflow/example_dags/example_xcom.py for tasks to queue
[2025-06-20T15:22:00.921+0000] {logging_mixin.py:188} INFO - [2025-06-20T15:22:00.920+0000] {dagbag.py:540} INFO - Filling up the DagBag from /home/airflow/.local/lib/python3.12/site-packages/airflow/example_dags/example_xcom.py
[2025-06-20T15:22:00.928+0000] {processor.py:840} INFO - DAG(s) 'example_xcom' retrieved from /home/airflow/.local/lib/python3.12/site-packages/airflow/example_dags/example_xcom.py
[2025-06-20T15:22:00.948+0000] {logging_mixin.py:188} INFO - [2025-06-20T15:22:00.948+0000] {dag.py:3096} INFO - Sync 1 DAGs
[2025-06-20T15:22:00.968+0000] {logging_mixin.py:188} INFO - [2025-06-20T15:22:00.968+0000] {dag.py:3954} INFO - Setting next_dagrun for example_xcom to 2021-01-01 00:00:00+00:00, run_after=2021-01-01 00:00:00+00:00
[2025-06-20T15:22:00.983+0000] {processor.py:183} INFO - Processing /home/airflow/.local/lib/python3.12/site-packages/airflow/example_dags/example_xcom.py took 0.071 seconds
[2025-06-20T15:22:31.195+0000] {processor.py:161} INFO - Started process (PID=5626) to work on /home/airflow/.local/lib/python3.12/site-packages/airflow/example_dags/example_xcom.py
[2025-06-20T15:22:31.196+0000] {processor.py:830} INFO - Processing file /home/airflow/.local/lib/python3.12/site-packages/airflow/example_dags/example_xcom.py for tasks to queue
[2025-06-20T15:22:31.198+0000] {logging_mixin.py:188} INFO - [2025-06-20T15:22:31.198+0000] {dagbag.py:540} INFO - Filling up the DagBag from /home/airflow/.local/lib/python3.12/site-packages/airflow/example_dags/example_xcom.py
[2025-06-20T15:22:31.205+0000] {processor.py:840} INFO - DAG(s) 'example_xcom' retrieved from /home/airflow/.local/lib/python3.12/site-packages/airflow/example_dags/example_xcom.py
[2025-06-20T15:22:31.225+0000] {logging_mixin.py:188} INFO - [2025-06-20T15:22:31.225+0000] {dag.py:3096} INFO - Sync 1 DAGs
[2025-06-20T15:22:31.246+0000] {logging_mixin.py:188} INFO - [2025-06-20T15:22:31.245+0000] {dag.py:3954} INFO - Setting next_dagrun for example_xcom to 2021-01-01 00:00:00+00:00, run_after=2021-01-01 00:00:00+00:00
[2025-06-20T15:22:31.261+0000] {processor.py:183} INFO - Processing /home/airflow/.local/lib/python3.12/site-packages/airflow/example_dags/example_xcom.py took 0.072 seconds
[2025-06-20T15:23:01.431+0000] {processor.py:161} INFO - Started process (PID=5685) to work on /home/airflow/.local/lib/python3.12/site-packages/airflow/example_dags/example_xcom.py
[2025-06-20T15:23:01.432+0000] {processor.py:830} INFO - Processing file /home/airflow/.local/lib/python3.12/site-packages/airflow/example_dags/example_xcom.py for tasks to queue
[2025-06-20T15:23:01.433+0000] {logging_mixin.py:188} INFO - [2025-06-20T15:23:01.433+0000] {dagbag.py:540} INFO - Filling up the DagBag from /home/airflow/.local/lib/python3.12/site-packages/airflow/example_dags/example_xcom.py
[2025-06-20T15:23:01.441+0000] {processor.py:840} INFO - DAG(s) 'example_xcom' retrieved from /home/airflow/.local/lib/python3.12/site-packages/airflow/example_dags/example_xcom.py
[2025-06-20T15:23:01.461+0000] {logging_mixin.py:188} INFO - [2025-06-20T15:23:01.461+0000] {dag.py:3096} INFO - Sync 1 DAGs
[2025-06-20T15:23:01.482+0000] {logging_mixin.py:188} INFO - [2025-06-20T15:23:01.482+0000] {dag.py:3954} INFO - Setting next_dagrun for example_xcom to 2021-01-01 00:00:00+00:00, run_after=2021-01-01 00:00:00+00:00
[2025-06-20T15:23:01.497+0000] {processor.py:183} INFO - Processing /home/airflow/.local/lib/python3.12/site-packages/airflow/example_dags/example_xcom.py took 0.072 seconds
[2025-06-20T15:23:31.803+0000] {processor.py:161} INFO - Started process (PID=5744) to work on /home/airflow/.local/lib/python3.12/site-packages/airflow/example_dags/example_xcom.py
[2025-06-20T15:23:31.804+0000] {processor.py:830} INFO - Processing file /home/airflow/.local/lib/python3.12/site-packages/airflow/example_dags/example_xcom.py for tasks to queue
[2025-06-20T15:23:31.806+0000] {logging_mixin.py:188} INFO - [2025-06-20T15:23:31.806+0000] {dagbag.py:540} INFO - Filling up the DagBag from /home/airflow/.local/lib/python3.12/site-packages/airflow/example_dags/example_xcom.py
[2025-06-20T15:23:31.814+0000] {processor.py:840} INFO - DAG(s) 'example_xcom' retrieved from /home/airflow/.local/lib/python3.12/site-packages/airflow/example_dags/example_xcom.py
[2025-06-20T15:23:31.835+0000] {logging_mixin.py:188} INFO - [2025-06-20T15:23:31.835+0000] {dag.py:3096} INFO - Sync 1 DAGs
[2025-06-20T15:23:31.855+0000] {logging_mixin.py:188} INFO - [2025-06-20T15:23:31.855+0000] {dag.py:3954} INFO - Setting next_dagrun for example_xcom to 2021-01-01 00:00:00+00:00, run_after=2021-01-01 00:00:00+00:00
[2025-06-20T15:23:31.870+0000] {processor.py:183} INFO - Processing /home/airflow/.local/lib/python3.12/site-packages/airflow/example_dags/example_xcom.py took 0.073 seconds
[2025-06-20T15:24:01.941+0000] {processor.py:161} INFO - Started process (PID=5803) to work on /home/airflow/.local/lib/python3.12/site-packages/airflow/example_dags/example_xcom.py
[2025-06-20T15:24:01.942+0000] {processor.py:830} INFO - Processing file /home/airflow/.local/lib/python3.12/site-packages/airflow/example_dags/example_xcom.py for tasks to queue
[2025-06-20T15:24:01.943+0000] {logging_mixin.py:188} INFO - [2025-06-20T15:24:01.943+0000] {dagbag.py:540} INFO - Filling up the DagBag from /home/airflow/.local/lib/python3.12/site-packages/airflow/example_dags/example_xcom.py
[2025-06-20T15:24:01.951+0000] {processor.py:840} INFO - DAG(s) 'example_xcom' retrieved from /home/airflow/.local/lib/python3.12/site-packages/airflow/example_dags/example_xcom.py
[2025-06-20T15:24:01.971+0000] {logging_mixin.py:188} INFO - [2025-06-20T15:24:01.971+0000] {dag.py:3096} INFO - Sync 1 DAGs
[2025-06-20T15:24:01.991+0000] {logging_mixin.py:188} INFO - [2025-06-20T15:24:01.991+0000] {dag.py:3954} INFO - Setting next_dagrun for example_xcom to 2021-01-01 00:00:00+00:00, run_after=2021-01-01 00:00:00+00:00
[2025-06-20T15:24:02.007+0000] {processor.py:183} INFO - Processing /home/airflow/.local/lib/python3.12/site-packages/airflow/example_dags/example_xcom.py took 0.072 seconds
[2025-06-20T15:24:32.651+0000] {processor.py:161} INFO - Started process (PID=5860) to work on /home/airflow/.local/lib/python3.12/site-packages/airflow/example_dags/example_xcom.py
[2025-06-20T15:24:32.652+0000] {processor.py:830} INFO - Processing file /home/airflow/.local/lib/python3.12/site-packages/airflow/example_dags/example_xcom.py for tasks to queue
[2025-06-20T15:24:32.654+0000] {logging_mixin.py:188} INFO - [2025-06-20T15:24:32.653+0000] {dagbag.py:540} INFO - Filling up the DagBag from /home/airflow/.local/lib/python3.12/site-packages/airflow/example_dags/example_xcom.py
[2025-06-20T15:24:32.661+0000] {processor.py:840} INFO - DAG(s) 'example_xcom' retrieved from /home/airflow/.local/lib/python3.12/site-packages/airflow/example_dags/example_xcom.py
[2025-06-20T15:24:32.680+0000] {logging_mixin.py:188} INFO - [2025-06-20T15:24:32.680+0000] {dag.py:3096} INFO - Sync 1 DAGs
[2025-06-20T15:24:32.700+0000] {logging_mixin.py:188} INFO - [2025-06-20T15:24:32.699+0000] {dag.py:3954} INFO - Setting next_dagrun for example_xcom to 2021-01-01 00:00:00+00:00, run_after=2021-01-01 00:00:00+00:00
[2025-06-20T15:24:32.715+0000] {processor.py:183} INFO - Processing /home/airflow/.local/lib/python3.12/site-packages/airflow/example_dags/example_xcom.py took 0.070 seconds
[2025-06-20T15:25:03.051+0000] {processor.py:161} INFO - Started process (PID=5919) to work on /home/airflow/.local/lib/python3.12/site-packages/airflow/example_dags/example_xcom.py
[2025-06-20T15:25:03.052+0000] {processor.py:830} INFO - Processing file /home/airflow/.local/lib/python3.12/site-packages/airflow/example_dags/example_xcom.py for tasks to queue
[2025-06-20T15:25:03.054+0000] {logging_mixin.py:188} INFO - [2025-06-20T15:25:03.054+0000] {dagbag.py:540} INFO - Filling up the DagBag from /home/airflow/.local/lib/python3.12/site-packages/airflow/example_dags/example_xcom.py
[2025-06-20T15:25:03.062+0000] {processor.py:840} INFO - DAG(s) 'example_xcom' retrieved from /home/airflow/.local/lib/python3.12/site-packages/airflow/example_dags/example_xcom.py
[2025-06-20T15:25:03.084+0000] {logging_mixin.py:188} INFO - [2025-06-20T15:25:03.084+0000] {dag.py:3096} INFO - Sync 1 DAGs
[2025-06-20T15:25:03.104+0000] {logging_mixin.py:188} INFO - [2025-06-20T15:25:03.104+0000] {dag.py:3954} INFO - Setting next_dagrun for example_xcom to 2021-01-01 00:00:00+00:00, run_after=2021-01-01 00:00:00+00:00
[2025-06-20T15:25:03.120+0000] {processor.py:183} INFO - Processing /home/airflow/.local/lib/python3.12/site-packages/airflow/example_dags/example_xcom.py took 0.076 seconds
[2025-06-20T15:25:33.616+0000] {processor.py:161} INFO - Started process (PID=5978) to work on /home/airflow/.local/lib/python3.12/site-packages/airflow/example_dags/example_xcom.py
[2025-06-20T15:25:33.617+0000] {processor.py:830} INFO - Processing file /home/airflow/.local/lib/python3.12/site-packages/airflow/example_dags/example_xcom.py for tasks to queue
[2025-06-20T15:25:33.619+0000] {logging_mixin.py:188} INFO - [2025-06-20T15:25:33.619+0000] {dagbag.py:540} INFO - Filling up the DagBag from /home/airflow/.local/lib/python3.12/site-packages/airflow/example_dags/example_xcom.py
[2025-06-20T15:25:33.628+0000] {processor.py:840} INFO - DAG(s) 'example_xcom' retrieved from /home/airflow/.local/lib/python3.12/site-packages/airflow/example_dags/example_xcom.py
[2025-06-20T15:25:33.650+0000] {logging_mixin.py:188} INFO - [2025-06-20T15:25:33.650+0000] {dag.py:3096} INFO - Sync 1 DAGs
[2025-06-20T15:25:33.671+0000] {logging_mixin.py:188} INFO - [2025-06-20T15:25:33.671+0000] {dag.py:3954} INFO - Setting next_dagrun for example_xcom to 2021-01-01 00:00:00+00:00, run_after=2021-01-01 00:00:00+00:00
[2025-06-20T15:25:33.688+0000] {processor.py:183} INFO - Processing /home/airflow/.local/lib/python3.12/site-packages/airflow/example_dags/example_xcom.py took 0.078 seconds
[2025-06-20T15:26:04.376+0000] {processor.py:161} INFO - Started process (PID=6037) to work on /home/airflow/.local/lib/python3.12/site-packages/airflow/example_dags/example_xcom.py
[2025-06-20T15:26:04.377+0000] {processor.py:830} INFO - Processing file /home/airflow/.local/lib/python3.12/site-packages/airflow/example_dags/example_xcom.py for tasks to queue
[2025-06-20T15:26:04.379+0000] {logging_mixin.py:188} INFO - [2025-06-20T15:26:04.378+0000] {dagbag.py:540} INFO - Filling up the DagBag from /home/airflow/.local/lib/python3.12/site-packages/airflow/example_dags/example_xcom.py
[2025-06-20T15:26:04.386+0000] {processor.py:840} INFO - DAG(s) 'example_xcom' retrieved from /home/airflow/.local/lib/python3.12/site-packages/airflow/example_dags/example_xcom.py
[2025-06-20T15:26:04.406+0000] {logging_mixin.py:188} INFO - [2025-06-20T15:26:04.406+0000] {dag.py:3096} INFO - Sync 1 DAGs
[2025-06-20T15:26:04.425+0000] {logging_mixin.py:188} INFO - [2025-06-20T15:26:04.425+0000] {dag.py:3954} INFO - Setting next_dagrun for example_xcom to 2021-01-01 00:00:00+00:00, run_after=2021-01-01 00:00:00+00:00
[2025-06-20T15:26:04.441+0000] {processor.py:183} INFO - Processing /home/airflow/.local/lib/python3.12/site-packages/airflow/example_dags/example_xcom.py took 0.071 seconds
[2025-06-20T15:26:34.703+0000] {processor.py:161} INFO - Started process (PID=6096) to work on /home/airflow/.local/lib/python3.12/site-packages/airflow/example_dags/example_xcom.py
[2025-06-20T15:26:34.704+0000] {processor.py:830} INFO - Processing file /home/airflow/.local/lib/python3.12/site-packages/airflow/example_dags/example_xcom.py for tasks to queue
[2025-06-20T15:26:34.706+0000] {logging_mixin.py:188} INFO - [2025-06-20T15:26:34.705+0000] {dagbag.py:540} INFO - Filling up the DagBag from /home/airflow/.local/lib/python3.12/site-packages/airflow/example_dags/example_xcom.py
[2025-06-20T15:26:34.713+0000] {processor.py:840} INFO - DAG(s) 'example_xcom' retrieved from /home/airflow/.local/lib/python3.12/site-packages/airflow/example_dags/example_xcom.py
[2025-06-20T15:26:34.733+0000] {logging_mixin.py:188} INFO - [2025-06-20T15:26:34.733+0000] {dag.py:3096} INFO - Sync 1 DAGs
[2025-06-20T15:26:34.753+0000] {logging_mixin.py:188} INFO - [2025-06-20T15:26:34.753+0000] {dag.py:3954} INFO - Setting next_dagrun for example_xcom to 2021-01-01 00:00:00+00:00, run_after=2021-01-01 00:00:00+00:00
[2025-06-20T15:26:34.769+0000] {processor.py:183} INFO - Processing /home/airflow/.local/lib/python3.12/site-packages/airflow/example_dags/example_xcom.py took 0.073 seconds
[2025-06-20T15:27:04.879+0000] {processor.py:161} INFO - Started process (PID=6155) to work on /home/airflow/.local/lib/python3.12/site-packages/airflow/example_dags/example_xcom.py
[2025-06-20T15:27:04.880+0000] {processor.py:830} INFO - Processing file /home/airflow/.local/lib/python3.12/site-packages/airflow/example_dags/example_xcom.py for tasks to queue
[2025-06-20T15:27:04.882+0000] {logging_mixin.py:188} INFO - [2025-06-20T15:27:04.881+0000] {dagbag.py:540} INFO - Filling up the DagBag from /home/airflow/.local/lib/python3.12/site-packages/airflow/example_dags/example_xcom.py
[2025-06-20T15:27:04.889+0000] {processor.py:840} INFO - DAG(s) 'example_xcom' retrieved from /home/airflow/.local/lib/python3.12/site-packages/airflow/example_dags/example_xcom.py
[2025-06-20T15:27:04.909+0000] {logging_mixin.py:188} INFO - [2025-06-20T15:27:04.908+0000] {dag.py:3096} INFO - Sync 1 DAGs
[2025-06-20T15:27:04.929+0000] {logging_mixin.py:188} INFO - [2025-06-20T15:27:04.928+0000] {dag.py:3954} INFO - Setting next_dagrun for example_xcom to 2021-01-01 00:00:00+00:00, run_after=2021-01-01 00:00:00+00:00
[2025-06-20T15:27:04.944+0000] {processor.py:183} INFO - Processing /home/airflow/.local/lib/python3.12/site-packages/airflow/example_dags/example_xcom.py took 0.071 seconds
[2025-06-20T15:27:35.109+0000] {processor.py:161} INFO - Started process (PID=6214) to work on /home/airflow/.local/lib/python3.12/site-packages/airflow/example_dags/example_xcom.py
[2025-06-20T15:27:35.110+0000] {processor.py:830} INFO - Processing file /home/airflow/.local/lib/python3.12/site-packages/airflow/example_dags/example_xcom.py for tasks to queue
[2025-06-20T15:27:35.112+0000] {logging_mixin.py:188} INFO - [2025-06-20T15:27:35.112+0000] {dagbag.py:540} INFO - Filling up the DagBag from /home/airflow/.local/lib/python3.12/site-packages/airflow/example_dags/example_xcom.py
[2025-06-20T15:27:35.120+0000] {processor.py:840} INFO - DAG(s) 'example_xcom' retrieved from /home/airflow/.local/lib/python3.12/site-packages/airflow/example_dags/example_xcom.py
[2025-06-20T15:27:35.139+0000] {logging_mixin.py:188} INFO - [2025-06-20T15:27:35.139+0000] {dag.py:3096} INFO - Sync 1 DAGs
[2025-06-20T15:27:35.158+0000] {logging_mixin.py:188} INFO - [2025-06-20T15:27:35.158+0000] {dag.py:3954} INFO - Setting next_dagrun for example_xcom to 2021-01-01 00:00:00+00:00, run_after=2021-01-01 00:00:00+00:00
[2025-06-20T15:27:35.173+0000] {processor.py:183} INFO - Processing /home/airflow/.local/lib/python3.12/site-packages/airflow/example_dags/example_xcom.py took 0.070 seconds
[2025-06-20T15:28:05.549+0000] {processor.py:161} INFO - Started process (PID=6273) to work on /home/airflow/.local/lib/python3.12/site-packages/airflow/example_dags/example_xcom.py
[2025-06-20T15:28:05.550+0000] {processor.py:830} INFO - Processing file /home/airflow/.local/lib/python3.12/site-packages/airflow/example_dags/example_xcom.py for tasks to queue
[2025-06-20T15:28:05.552+0000] {logging_mixin.py:188} INFO - [2025-06-20T15:28:05.551+0000] {dagbag.py:540} INFO - Filling up the DagBag from /home/airflow/.local/lib/python3.12/site-packages/airflow/example_dags/example_xcom.py
[2025-06-20T15:28:05.559+0000] {processor.py:840} INFO - DAG(s) 'example_xcom' retrieved from /home/airflow/.local/lib/python3.12/site-packages/airflow/example_dags/example_xcom.py
[2025-06-20T15:28:05.580+0000] {logging_mixin.py:188} INFO - [2025-06-20T15:28:05.580+0000] {dag.py:3096} INFO - Sync 1 DAGs
[2025-06-20T15:28:05.599+0000] {logging_mixin.py:188} INFO - [2025-06-20T15:28:05.599+0000] {dag.py:3954} INFO - Setting next_dagrun for example_xcom to 2021-01-01 00:00:00+00:00, run_after=2021-01-01 00:00:00+00:00
[2025-06-20T15:28:05.615+0000] {processor.py:183} INFO - Processing /home/airflow/.local/lib/python3.12/site-packages/airflow/example_dags/example_xcom.py took 0.072 seconds
[2025-06-20T15:28:36.390+0000] {processor.py:161} INFO - Started process (PID=6332) to work on /home/airflow/.local/lib/python3.12/site-packages/airflow/example_dags/example_xcom.py
[2025-06-20T15:28:36.391+0000] {processor.py:830} INFO - Processing file /home/airflow/.local/lib/python3.12/site-packages/airflow/example_dags/example_xcom.py for tasks to queue
[2025-06-20T15:28:36.393+0000] {logging_mixin.py:188} INFO - [2025-06-20T15:28:36.392+0000] {dagbag.py:540} INFO - Filling up the DagBag from /home/airflow/.local/lib/python3.12/site-packages/airflow/example_dags/example_xcom.py
[2025-06-20T15:28:36.402+0000] {processor.py:840} INFO - DAG(s) 'example_xcom' retrieved from /home/airflow/.local/lib/python3.12/site-packages/airflow/example_dags/example_xcom.py
[2025-06-20T15:28:36.423+0000] {logging_mixin.py:188} INFO - [2025-06-20T15:28:36.423+0000] {dag.py:3096} INFO - Sync 1 DAGs
[2025-06-20T15:28:36.449+0000] {logging_mixin.py:188} INFO - [2025-06-20T15:28:36.449+0000] {dag.py:3954} INFO - Setting next_dagrun for example_xcom to 2021-01-01 00:00:00+00:00, run_after=2021-01-01 00:00:00+00:00
[2025-06-20T15:28:36.471+0000] {processor.py:183} INFO - Processing /home/airflow/.local/lib/python3.12/site-packages/airflow/example_dags/example_xcom.py took 0.088 seconds
[2025-06-20T15:29:06.844+0000] {processor.py:161} INFO - Started process (PID=6391) to work on /home/airflow/.local/lib/python3.12/site-packages/airflow/example_dags/example_xcom.py
[2025-06-20T15:29:06.845+0000] {processor.py:830} INFO - Processing file /home/airflow/.local/lib/python3.12/site-packages/airflow/example_dags/example_xcom.py for tasks to queue
[2025-06-20T15:29:06.847+0000] {logging_mixin.py:188} INFO - [2025-06-20T15:29:06.847+0000] {dagbag.py:540} INFO - Filling up the DagBag from /home/airflow/.local/lib/python3.12/site-packages/airflow/example_dags/example_xcom.py
[2025-06-20T15:29:06.855+0000] {processor.py:840} INFO - DAG(s) 'example_xcom' retrieved from /home/airflow/.local/lib/python3.12/site-packages/airflow/example_dags/example_xcom.py
[2025-06-20T15:29:06.875+0000] {logging_mixin.py:188} INFO - [2025-06-20T15:29:06.875+0000] {dag.py:3096} INFO - Sync 1 DAGs
[2025-06-20T15:29:06.901+0000] {logging_mixin.py:188} INFO - [2025-06-20T15:29:06.900+0000] {dag.py:3954} INFO - Setting next_dagrun for example_xcom to 2021-01-01 00:00:00+00:00, run_after=2021-01-01 00:00:00+00:00
[2025-06-20T15:29:06.918+0000] {processor.py:183} INFO - Processing /home/airflow/.local/lib/python3.12/site-packages/airflow/example_dags/example_xcom.py took 0.080 seconds
[2025-06-20T15:29:37.906+0000] {processor.py:161} INFO - Started process (PID=6450) to work on /home/airflow/.local/lib/python3.12/site-packages/airflow/example_dags/example_xcom.py
[2025-06-20T15:29:37.907+0000] {processor.py:830} INFO - Processing file /home/airflow/.local/lib/python3.12/site-packages/airflow/example_dags/example_xcom.py for tasks to queue
[2025-06-20T15:29:37.909+0000] {logging_mixin.py:188} INFO - [2025-06-20T15:29:37.908+0000] {dagbag.py:540} INFO - Filling up the DagBag from /home/airflow/.local/lib/python3.12/site-packages/airflow/example_dags/example_xcom.py
[2025-06-20T15:29:37.917+0000] {processor.py:840} INFO - DAG(s) 'example_xcom' retrieved from /home/airflow/.local/lib/python3.12/site-packages/airflow/example_dags/example_xcom.py
[2025-06-20T15:29:37.938+0000] {logging_mixin.py:188} INFO - [2025-06-20T15:29:37.938+0000] {dag.py:3096} INFO - Sync 1 DAGs
[2025-06-20T15:29:37.957+0000] {logging_mixin.py:188} INFO - [2025-06-20T15:29:37.957+0000] {dag.py:3954} INFO - Setting next_dagrun for example_xcom to 2021-01-01 00:00:00+00:00, run_after=2021-01-01 00:00:00+00:00
[2025-06-20T15:29:37.972+0000] {processor.py:183} INFO - Processing /home/airflow/.local/lib/python3.12/site-packages/airflow/example_dags/example_xcom.py took 0.073 seconds
[2025-06-20T15:30:08.912+0000] {processor.py:161} INFO - Started process (PID=6509) to work on /home/airflow/.local/lib/python3.12/site-packages/airflow/example_dags/example_xcom.py
[2025-06-20T15:30:08.913+0000] {processor.py:830} INFO - Processing file /home/airflow/.local/lib/python3.12/site-packages/airflow/example_dags/example_xcom.py for tasks to queue
[2025-06-20T15:30:08.915+0000] {logging_mixin.py:188} INFO - [2025-06-20T15:30:08.915+0000] {dagbag.py:540} INFO - Filling up the DagBag from /home/airflow/.local/lib/python3.12/site-packages/airflow/example_dags/example_xcom.py
[2025-06-20T15:30:08.923+0000] {processor.py:840} INFO - DAG(s) 'example_xcom' retrieved from /home/airflow/.local/lib/python3.12/site-packages/airflow/example_dags/example_xcom.py
[2025-06-20T15:30:08.944+0000] {logging_mixin.py:188} INFO - [2025-06-20T15:30:08.944+0000] {dag.py:3096} INFO - Sync 1 DAGs
[2025-06-20T15:30:08.964+0000] {logging_mixin.py:188} INFO - [2025-06-20T15:30:08.964+0000] {dag.py:3954} INFO - Setting next_dagrun for example_xcom to 2021-01-01 00:00:00+00:00, run_after=2021-01-01 00:00:00+00:00
[2025-06-20T15:30:08.980+0000] {processor.py:183} INFO - Processing /home/airflow/.local/lib/python3.12/site-packages/airflow/example_dags/example_xcom.py took 0.076 seconds
[2025-06-20T15:30:39.470+0000] {processor.py:161} INFO - Started process (PID=6568) to work on /home/airflow/.local/lib/python3.12/site-packages/airflow/example_dags/example_xcom.py
[2025-06-20T15:30:39.471+0000] {processor.py:830} INFO - Processing file /home/airflow/.local/lib/python3.12/site-packages/airflow/example_dags/example_xcom.py for tasks to queue
[2025-06-20T15:30:39.472+0000] {logging_mixin.py:188} INFO - [2025-06-20T15:30:39.472+0000] {dagbag.py:540} INFO - Filling up the DagBag from /home/airflow/.local/lib/python3.12/site-packages/airflow/example_dags/example_xcom.py
[2025-06-20T15:30:39.480+0000] {processor.py:840} INFO - DAG(s) 'example_xcom' retrieved from /home/airflow/.local/lib/python3.12/site-packages/airflow/example_dags/example_xcom.py
[2025-06-20T15:30:39.501+0000] {logging_mixin.py:188} INFO - [2025-06-20T15:30:39.501+0000] {dag.py:3096} INFO - Sync 1 DAGs
[2025-06-20T15:30:39.520+0000] {logging_mixin.py:188} INFO - [2025-06-20T15:30:39.520+0000] {dag.py:3954} INFO - Setting next_dagrun for example_xcom to 2021-01-01 00:00:00+00:00, run_after=2021-01-01 00:00:00+00:00
[2025-06-20T15:30:39.535+0000] {processor.py:183} INFO - Processing /home/airflow/.local/lib/python3.12/site-packages/airflow/example_dags/example_xcom.py took 0.072 seconds
[2025-06-20T15:31:10.348+0000] {processor.py:161} INFO - Started process (PID=6627) to work on /home/airflow/.local/lib/python3.12/site-packages/airflow/example_dags/example_xcom.py
[2025-06-20T15:31:10.349+0000] {processor.py:830} INFO - Processing file /home/airflow/.local/lib/python3.12/site-packages/airflow/example_dags/example_xcom.py for tasks to queue
[2025-06-20T15:31:10.351+0000] {logging_mixin.py:188} INFO - [2025-06-20T15:31:10.350+0000] {dagbag.py:540} INFO - Filling up the DagBag from /home/airflow/.local/lib/python3.12/site-packages/airflow/example_dags/example_xcom.py
[2025-06-20T15:31:10.358+0000] {processor.py:840} INFO - DAG(s) 'example_xcom' retrieved from /home/airflow/.local/lib/python3.12/site-packages/airflow/example_dags/example_xcom.py
[2025-06-20T15:31:10.380+0000] {logging_mixin.py:188} INFO - [2025-06-20T15:31:10.380+0000] {dag.py:3096} INFO - Sync 1 DAGs
[2025-06-20T15:31:10.520+0000] {logging_mixin.py:188} INFO - [2025-06-20T15:31:10.519+0000] {dag.py:3954} INFO - Setting next_dagrun for example_xcom to 2021-01-01 00:00:00+00:00, run_after=2021-01-01 00:00:00+00:00
[2025-06-20T15:31:10.533+0000] {processor.py:183} INFO - Processing /home/airflow/.local/lib/python3.12/site-packages/airflow/example_dags/example_xcom.py took 0.192 seconds
[2025-06-20T15:31:41.138+0000] {processor.py:161} INFO - Started process (PID=6686) to work on /home/airflow/.local/lib/python3.12/site-packages/airflow/example_dags/example_xcom.py
[2025-06-20T15:31:41.139+0000] {processor.py:830} INFO - Processing file /home/airflow/.local/lib/python3.12/site-packages/airflow/example_dags/example_xcom.py for tasks to queue
[2025-06-20T15:31:41.141+0000] {logging_mixin.py:188} INFO - [2025-06-20T15:31:41.141+0000] {dagbag.py:540} INFO - Filling up the DagBag from /home/airflow/.local/lib/python3.12/site-packages/airflow/example_dags/example_xcom.py
[2025-06-20T15:31:41.149+0000] {processor.py:840} INFO - DAG(s) 'example_xcom' retrieved from /home/airflow/.local/lib/python3.12/site-packages/airflow/example_dags/example_xcom.py
[2025-06-20T15:31:41.173+0000] {logging_mixin.py:188} INFO - [2025-06-20T15:31:41.173+0000] {dag.py:3096} INFO - Sync 1 DAGs
[2025-06-20T15:31:41.193+0000] {logging_mixin.py:188} INFO - [2025-06-20T15:31:41.193+0000] {dag.py:3954} INFO - Setting next_dagrun for example_xcom to 2021-01-01 00:00:00+00:00, run_after=2021-01-01 00:00:00+00:00
[2025-06-20T15:31:41.208+0000] {processor.py:183} INFO - Processing /home/airflow/.local/lib/python3.12/site-packages/airflow/example_dags/example_xcom.py took 0.076 seconds
[2025-06-20T15:32:12.047+0000] {processor.py:161} INFO - Started process (PID=6745) to work on /home/airflow/.local/lib/python3.12/site-packages/airflow/example_dags/example_xcom.py
[2025-06-20T15:32:12.048+0000] {processor.py:830} INFO - Processing file /home/airflow/.local/lib/python3.12/site-packages/airflow/example_dags/example_xcom.py for tasks to queue
[2025-06-20T15:32:12.050+0000] {logging_mixin.py:188} INFO - [2025-06-20T15:32:12.050+0000] {dagbag.py:540} INFO - Filling up the DagBag from /home/airflow/.local/lib/python3.12/site-packages/airflow/example_dags/example_xcom.py
[2025-06-20T15:32:12.058+0000] {processor.py:840} INFO - DAG(s) 'example_xcom' retrieved from /home/airflow/.local/lib/python3.12/site-packages/airflow/example_dags/example_xcom.py
[2025-06-20T15:32:12.078+0000] {logging_mixin.py:188} INFO - [2025-06-20T15:32:12.078+0000] {dag.py:3096} INFO - Sync 1 DAGs
[2025-06-20T15:32:12.098+0000] {logging_mixin.py:188} INFO - [2025-06-20T15:32:12.098+0000] {dag.py:3954} INFO - Setting next_dagrun for example_xcom to 2021-01-01 00:00:00+00:00, run_after=2021-01-01 00:00:00+00:00
[2025-06-20T15:32:12.115+0000] {processor.py:183} INFO - Processing /home/airflow/.local/lib/python3.12/site-packages/airflow/example_dags/example_xcom.py took 0.074 seconds
[2025-06-20T15:32:42.700+0000] {processor.py:161} INFO - Started process (PID=6804) to work on /home/airflow/.local/lib/python3.12/site-packages/airflow/example_dags/example_xcom.py
[2025-06-20T15:32:42.701+0000] {processor.py:830} INFO - Processing file /home/airflow/.local/lib/python3.12/site-packages/airflow/example_dags/example_xcom.py for tasks to queue
[2025-06-20T15:32:42.703+0000] {logging_mixin.py:188} INFO - [2025-06-20T15:32:42.703+0000] {dagbag.py:540} INFO - Filling up the DagBag from /home/airflow/.local/lib/python3.12/site-packages/airflow/example_dags/example_xcom.py
[2025-06-20T15:32:42.711+0000] {processor.py:840} INFO - DAG(s) 'example_xcom' retrieved from /home/airflow/.local/lib/python3.12/site-packages/airflow/example_dags/example_xcom.py
[2025-06-20T15:32:42.735+0000] {logging_mixin.py:188} INFO - [2025-06-20T15:32:42.735+0000] {dag.py:3096} INFO - Sync 1 DAGs
[2025-06-20T15:32:42.754+0000] {logging_mixin.py:188} INFO - [2025-06-20T15:32:42.754+0000] {dag.py:3954} INFO - Setting next_dagrun for example_xcom to 2021-01-01 00:00:00+00:00, run_after=2021-01-01 00:00:00+00:00
[2025-06-20T15:32:42.770+0000] {processor.py:183} INFO - Processing /home/airflow/.local/lib/python3.12/site-packages/airflow/example_dags/example_xcom.py took 0.076 seconds
[2025-06-20T15:33:13.439+0000] {processor.py:161} INFO - Started process (PID=6863) to work on /home/airflow/.local/lib/python3.12/site-packages/airflow/example_dags/example_xcom.py
[2025-06-20T15:33:13.440+0000] {processor.py:830} INFO - Processing file /home/airflow/.local/lib/python3.12/site-packages/airflow/example_dags/example_xcom.py for tasks to queue
[2025-06-20T15:33:13.442+0000] {logging_mixin.py:188} INFO - [2025-06-20T15:33:13.441+0000] {dagbag.py:540} INFO - Filling up the DagBag from /home/airflow/.local/lib/python3.12/site-packages/airflow/example_dags/example_xcom.py
[2025-06-20T15:33:13.449+0000] {processor.py:840} INFO - DAG(s) 'example_xcom' retrieved from /home/airflow/.local/lib/python3.12/site-packages/airflow/example_dags/example_xcom.py
[2025-06-20T15:33:13.470+0000] {logging_mixin.py:188} INFO - [2025-06-20T15:33:13.469+0000] {dag.py:3096} INFO - Sync 1 DAGs
[2025-06-20T15:33:13.489+0000] {logging_mixin.py:188} INFO - [2025-06-20T15:33:13.489+0000] {dag.py:3954} INFO - Setting next_dagrun for example_xcom to 2021-01-01 00:00:00+00:00, run_after=2021-01-01 00:00:00+00:00
[2025-06-20T15:33:13.504+0000] {processor.py:183} INFO - Processing /home/airflow/.local/lib/python3.12/site-packages/airflow/example_dags/example_xcom.py took 0.071 seconds
[2025-06-20T15:33:44.139+0000] {processor.py:161} INFO - Started process (PID=6922) to work on /home/airflow/.local/lib/python3.12/site-packages/airflow/example_dags/example_xcom.py
[2025-06-20T15:33:44.140+0000] {processor.py:830} INFO - Processing file /home/airflow/.local/lib/python3.12/site-packages/airflow/example_dags/example_xcom.py for tasks to queue
[2025-06-20T15:33:44.142+0000] {logging_mixin.py:188} INFO - [2025-06-20T15:33:44.141+0000] {dagbag.py:540} INFO - Filling up the DagBag from /home/airflow/.local/lib/python3.12/site-packages/airflow/example_dags/example_xcom.py
[2025-06-20T15:33:44.149+0000] {processor.py:840} INFO - DAG(s) 'example_xcom' retrieved from /home/airflow/.local/lib/python3.12/site-packages/airflow/example_dags/example_xcom.py
[2025-06-20T15:33:44.170+0000] {logging_mixin.py:188} INFO - [2025-06-20T15:33:44.170+0000] {dag.py:3096} INFO - Sync 1 DAGs
[2025-06-20T15:33:44.189+0000] {logging_mixin.py:188} INFO - [2025-06-20T15:33:44.189+0000] {dag.py:3954} INFO - Setting next_dagrun for example_xcom to 2021-01-01 00:00:00+00:00, run_after=2021-01-01 00:00:00+00:00
[2025-06-20T15:33:44.205+0000] {processor.py:183} INFO - Processing /home/airflow/.local/lib/python3.12/site-packages/airflow/example_dags/example_xcom.py took 0.072 seconds
[2025-06-20T15:34:14.922+0000] {processor.py:161} INFO - Started process (PID=6981) to work on /home/airflow/.local/lib/python3.12/site-packages/airflow/example_dags/example_xcom.py
[2025-06-20T15:34:14.923+0000] {processor.py:830} INFO - Processing file /home/airflow/.local/lib/python3.12/site-packages/airflow/example_dags/example_xcom.py for tasks to queue
[2025-06-20T15:34:14.925+0000] {logging_mixin.py:188} INFO - [2025-06-20T15:34:14.924+0000] {dagbag.py:540} INFO - Filling up the DagBag from /home/airflow/.local/lib/python3.12/site-packages/airflow/example_dags/example_xcom.py
[2025-06-20T15:34:14.932+0000] {processor.py:840} INFO - DAG(s) 'example_xcom' retrieved from /home/airflow/.local/lib/python3.12/site-packages/airflow/example_dags/example_xcom.py
[2025-06-20T15:34:14.953+0000] {logging_mixin.py:188} INFO - [2025-06-20T15:34:14.953+0000] {dag.py:3096} INFO - Sync 1 DAGs
[2025-06-20T15:34:14.974+0000] {logging_mixin.py:188} INFO - [2025-06-20T15:34:14.974+0000] {dag.py:3954} INFO - Setting next_dagrun for example_xcom to 2021-01-01 00:00:00+00:00, run_after=2021-01-01 00:00:00+00:00
[2025-06-20T15:34:14.990+0000] {processor.py:183} INFO - Processing /home/airflow/.local/lib/python3.12/site-packages/airflow/example_dags/example_xcom.py took 0.074 seconds
[2025-06-20T15:34:45.707+0000] {processor.py:161} INFO - Started process (PID=7040) to work on /home/airflow/.local/lib/python3.12/site-packages/airflow/example_dags/example_xcom.py
[2025-06-20T15:34:45.708+0000] {processor.py:830} INFO - Processing file /home/airflow/.local/lib/python3.12/site-packages/airflow/example_dags/example_xcom.py for tasks to queue
[2025-06-20T15:34:45.710+0000] {logging_mixin.py:188} INFO - [2025-06-20T15:34:45.710+0000] {dagbag.py:540} INFO - Filling up the DagBag from /home/airflow/.local/lib/python3.12/site-packages/airflow/example_dags/example_xcom.py
[2025-06-20T15:34:45.718+0000] {processor.py:840} INFO - DAG(s) 'example_xcom' retrieved from /home/airflow/.local/lib/python3.12/site-packages/airflow/example_dags/example_xcom.py
[2025-06-20T15:34:45.740+0000] {logging_mixin.py:188} INFO - [2025-06-20T15:34:45.740+0000] {dag.py:3096} INFO - Sync 1 DAGs
[2025-06-20T15:34:45.761+0000] {logging_mixin.py:188} INFO - [2025-06-20T15:34:45.760+0000] {dag.py:3954} INFO - Setting next_dagrun for example_xcom to 2021-01-01 00:00:00+00:00, run_after=2021-01-01 00:00:00+00:00
[2025-06-20T15:34:45.776+0000] {processor.py:183} INFO - Processing /home/airflow/.local/lib/python3.12/site-packages/airflow/example_dags/example_xcom.py took 0.078 seconds
[2025-06-20T15:35:15.904+0000] {processor.py:161} INFO - Started process (PID=7099) to work on /home/airflow/.local/lib/python3.12/site-packages/airflow/example_dags/example_xcom.py
[2025-06-20T15:35:15.905+0000] {processor.py:830} INFO - Processing file /home/airflow/.local/lib/python3.12/site-packages/airflow/example_dags/example_xcom.py for tasks to queue
[2025-06-20T15:35:15.907+0000] {logging_mixin.py:188} INFO - [2025-06-20T15:35:15.906+0000] {dagbag.py:540} INFO - Filling up the DagBag from /home/airflow/.local/lib/python3.12/site-packages/airflow/example_dags/example_xcom.py
[2025-06-20T15:35:15.915+0000] {processor.py:840} INFO - DAG(s) 'example_xcom' retrieved from /home/airflow/.local/lib/python3.12/site-packages/airflow/example_dags/example_xcom.py
[2025-06-20T15:35:15.941+0000] {logging_mixin.py:188} INFO - [2025-06-20T15:35:15.941+0000] {dag.py:3096} INFO - Sync 1 DAGs
[2025-06-20T15:35:15.962+0000] {logging_mixin.py:188} INFO - [2025-06-20T15:35:15.962+0000] {dag.py:3954} INFO - Setting next_dagrun for example_xcom to 2021-01-01 00:00:00+00:00, run_after=2021-01-01 00:00:00+00:00
[2025-06-20T15:35:15.979+0000] {processor.py:183} INFO - Processing /home/airflow/.local/lib/python3.12/site-packages/airflow/example_dags/example_xcom.py took 0.082 seconds
[2025-06-20T15:35:46.139+0000] {processor.py:161} INFO - Started process (PID=7158) to work on /home/airflow/.local/lib/python3.12/site-packages/airflow/example_dags/example_xcom.py
[2025-06-20T15:35:46.140+0000] {processor.py:830} INFO - Processing file /home/airflow/.local/lib/python3.12/site-packages/airflow/example_dags/example_xcom.py for tasks to queue
[2025-06-20T15:35:46.142+0000] {logging_mixin.py:188} INFO - [2025-06-20T15:35:46.142+0000] {dagbag.py:540} INFO - Filling up the DagBag from /home/airflow/.local/lib/python3.12/site-packages/airflow/example_dags/example_xcom.py
[2025-06-20T15:35:46.150+0000] {processor.py:840} INFO - DAG(s) 'example_xcom' retrieved from /home/airflow/.local/lib/python3.12/site-packages/airflow/example_dags/example_xcom.py
[2025-06-20T15:35:46.171+0000] {logging_mixin.py:188} INFO - [2025-06-20T15:35:46.170+0000] {dag.py:3096} INFO - Sync 1 DAGs
[2025-06-20T15:35:46.190+0000] {logging_mixin.py:188} INFO - [2025-06-20T15:35:46.190+0000] {dag.py:3954} INFO - Setting next_dagrun for example_xcom to 2021-01-01 00:00:00+00:00, run_after=2021-01-01 00:00:00+00:00
[2025-06-20T15:35:46.206+0000] {processor.py:183} INFO - Processing /home/airflow/.local/lib/python3.12/site-packages/airflow/example_dags/example_xcom.py took 0.073 seconds
[2025-06-20T15:36:16.376+0000] {processor.py:161} INFO - Started process (PID=7217) to work on /home/airflow/.local/lib/python3.12/site-packages/airflow/example_dags/example_xcom.py
[2025-06-20T15:36:16.377+0000] {processor.py:830} INFO - Processing file /home/airflow/.local/lib/python3.12/site-packages/airflow/example_dags/example_xcom.py for tasks to queue
[2025-06-20T15:36:16.379+0000] {logging_mixin.py:188} INFO - [2025-06-20T15:36:16.379+0000] {dagbag.py:540} INFO - Filling up the DagBag from /home/airflow/.local/lib/python3.12/site-packages/airflow/example_dags/example_xcom.py
[2025-06-20T15:36:16.387+0000] {processor.py:840} INFO - DAG(s) 'example_xcom' retrieved from /home/airflow/.local/lib/python3.12/site-packages/airflow/example_dags/example_xcom.py
[2025-06-20T15:36:16.408+0000] {logging_mixin.py:188} INFO - [2025-06-20T15:36:16.407+0000] {dag.py:3096} INFO - Sync 1 DAGs
[2025-06-20T15:36:16.427+0000] {logging_mixin.py:188} INFO - [2025-06-20T15:36:16.427+0000] {dag.py:3954} INFO - Setting next_dagrun for example_xcom to 2021-01-01 00:00:00+00:00, run_after=2021-01-01 00:00:00+00:00
[2025-06-20T15:36:16.443+0000] {processor.py:183} INFO - Processing /home/airflow/.local/lib/python3.12/site-packages/airflow/example_dags/example_xcom.py took 0.073 seconds
[2025-06-20T15:36:46.492+0000] {processor.py:161} INFO - Started process (PID=7276) to work on /home/airflow/.local/lib/python3.12/site-packages/airflow/example_dags/example_xcom.py
[2025-06-20T15:36:46.493+0000] {processor.py:830} INFO - Processing file /home/airflow/.local/lib/python3.12/site-packages/airflow/example_dags/example_xcom.py for tasks to queue
[2025-06-20T15:36:46.495+0000] {logging_mixin.py:188} INFO - [2025-06-20T15:36:46.495+0000] {dagbag.py:540} INFO - Filling up the DagBag from /home/airflow/.local/lib/python3.12/site-packages/airflow/example_dags/example_xcom.py
[2025-06-20T15:36:46.503+0000] {processor.py:840} INFO - DAG(s) 'example_xcom' retrieved from /home/airflow/.local/lib/python3.12/site-packages/airflow/example_dags/example_xcom.py
[2025-06-20T15:36:46.527+0000] {logging_mixin.py:188} INFO - [2025-06-20T15:36:46.527+0000] {dag.py:3096} INFO - Sync 1 DAGs
[2025-06-20T15:36:46.546+0000] {logging_mixin.py:188} INFO - [2025-06-20T15:36:46.546+0000] {dag.py:3954} INFO - Setting next_dagrun for example_xcom to 2021-01-01 00:00:00+00:00, run_after=2021-01-01 00:00:00+00:00
[2025-06-20T15:36:46.562+0000] {processor.py:183} INFO - Processing /home/airflow/.local/lib/python3.12/site-packages/airflow/example_dags/example_xcom.py took 0.076 seconds
[2025-06-20T15:37:16.662+0000] {processor.py:161} INFO - Started process (PID=7335) to work on /home/airflow/.local/lib/python3.12/site-packages/airflow/example_dags/example_xcom.py
[2025-06-20T15:37:16.663+0000] {processor.py:830} INFO - Processing file /home/airflow/.local/lib/python3.12/site-packages/airflow/example_dags/example_xcom.py for tasks to queue
[2025-06-20T15:37:16.665+0000] {logging_mixin.py:188} INFO - [2025-06-20T15:37:16.665+0000] {dagbag.py:540} INFO - Filling up the DagBag from /home/airflow/.local/lib/python3.12/site-packages/airflow/example_dags/example_xcom.py
[2025-06-20T15:37:16.673+0000] {processor.py:840} INFO - DAG(s) 'example_xcom' retrieved from /home/airflow/.local/lib/python3.12/site-packages/airflow/example_dags/example_xcom.py
[2025-06-20T15:37:16.698+0000] {logging_mixin.py:188} INFO - [2025-06-20T15:37:16.698+0000] {dag.py:3096} INFO - Sync 1 DAGs
[2025-06-20T15:37:16.718+0000] {logging_mixin.py:188} INFO - [2025-06-20T15:37:16.718+0000] {dag.py:3954} INFO - Setting next_dagrun for example_xcom to 2021-01-01 00:00:00+00:00, run_after=2021-01-01 00:00:00+00:00
[2025-06-20T15:37:16.736+0000] {processor.py:183} INFO - Processing /home/airflow/.local/lib/python3.12/site-packages/airflow/example_dags/example_xcom.py took 0.080 seconds
[2025-06-20T15:37:46.874+0000] {processor.py:161} INFO - Started process (PID=7393) to work on /home/airflow/.local/lib/python3.12/site-packages/airflow/example_dags/example_xcom.py
[2025-06-20T15:37:46.875+0000] {processor.py:830} INFO - Processing file /home/airflow/.local/lib/python3.12/site-packages/airflow/example_dags/example_xcom.py for tasks to queue
[2025-06-20T15:37:46.878+0000] {logging_mixin.py:188} INFO - [2025-06-20T15:37:46.877+0000] {dagbag.py:540} INFO - Filling up the DagBag from /home/airflow/.local/lib/python3.12/site-packages/airflow/example_dags/example_xcom.py
[2025-06-20T15:37:46.887+0000] {processor.py:840} INFO - DAG(s) 'example_xcom' retrieved from /home/airflow/.local/lib/python3.12/site-packages/airflow/example_dags/example_xcom.py
[2025-06-20T15:37:46.910+0000] {logging_mixin.py:188} INFO - [2025-06-20T15:37:46.910+0000] {dag.py:3096} INFO - Sync 1 DAGs
[2025-06-20T15:37:46.935+0000] {logging_mixin.py:188} INFO - [2025-06-20T15:37:46.935+0000] {dag.py:3954} INFO - Setting next_dagrun for example_xcom to 2021-01-01 00:00:00+00:00, run_after=2021-01-01 00:00:00+00:00
[2025-06-20T15:37:46.952+0000] {processor.py:183} INFO - Processing /home/airflow/.local/lib/python3.12/site-packages/airflow/example_dags/example_xcom.py took 0.085 seconds
[2025-06-20T15:38:17.107+0000] {processor.py:161} INFO - Started process (PID=7452) to work on /home/airflow/.local/lib/python3.12/site-packages/airflow/example_dags/example_xcom.py
[2025-06-20T15:38:17.108+0000] {processor.py:830} INFO - Processing file /home/airflow/.local/lib/python3.12/site-packages/airflow/example_dags/example_xcom.py for tasks to queue
[2025-06-20T15:38:17.111+0000] {logging_mixin.py:188} INFO - [2025-06-20T15:38:17.111+0000] {dagbag.py:540} INFO - Filling up the DagBag from /home/airflow/.local/lib/python3.12/site-packages/airflow/example_dags/example_xcom.py
[2025-06-20T15:38:17.119+0000] {processor.py:840} INFO - DAG(s) 'example_xcom' retrieved from /home/airflow/.local/lib/python3.12/site-packages/airflow/example_dags/example_xcom.py
[2025-06-20T15:38:17.139+0000] {logging_mixin.py:188} INFO - [2025-06-20T15:38:17.139+0000] {dag.py:3096} INFO - Sync 1 DAGs
[2025-06-20T15:38:17.159+0000] {logging_mixin.py:188} INFO - [2025-06-20T15:38:17.159+0000] {dag.py:3954} INFO - Setting next_dagrun for example_xcom to 2021-01-01 00:00:00+00:00, run_after=2021-01-01 00:00:00+00:00
[2025-06-20T15:38:17.175+0000] {processor.py:183} INFO - Processing /home/airflow/.local/lib/python3.12/site-packages/airflow/example_dags/example_xcom.py took 0.074 seconds
[2025-06-20T15:38:47.842+0000] {processor.py:161} INFO - Started process (PID=7511) to work on /home/airflow/.local/lib/python3.12/site-packages/airflow/example_dags/example_xcom.py
[2025-06-20T15:38:47.843+0000] {processor.py:830} INFO - Processing file /home/airflow/.local/lib/python3.12/site-packages/airflow/example_dags/example_xcom.py for tasks to queue
[2025-06-20T15:38:47.844+0000] {logging_mixin.py:188} INFO - [2025-06-20T15:38:47.844+0000] {dagbag.py:540} INFO - Filling up the DagBag from /home/airflow/.local/lib/python3.12/site-packages/airflow/example_dags/example_xcom.py
[2025-06-20T15:38:47.852+0000] {processor.py:840} INFO - DAG(s) 'example_xcom' retrieved from /home/airflow/.local/lib/python3.12/site-packages/airflow/example_dags/example_xcom.py
[2025-06-20T15:38:47.873+0000] {logging_mixin.py:188} INFO - [2025-06-20T15:38:47.873+0000] {dag.py:3096} INFO - Sync 1 DAGs
[2025-06-20T15:38:47.892+0000] {logging_mixin.py:188} INFO - [2025-06-20T15:38:47.892+0000] {dag.py:3954} INFO - Setting next_dagrun for example_xcom to 2021-01-01 00:00:00+00:00, run_after=2021-01-01 00:00:00+00:00
[2025-06-20T15:38:47.908+0000] {processor.py:183} INFO - Processing /home/airflow/.local/lib/python3.12/site-packages/airflow/example_dags/example_xcom.py took 0.073 seconds
[2025-06-20T15:39:18.523+0000] {processor.py:161} INFO - Started process (PID=7570) to work on /home/airflow/.local/lib/python3.12/site-packages/airflow/example_dags/example_xcom.py
[2025-06-20T15:39:18.524+0000] {processor.py:830} INFO - Processing file /home/airflow/.local/lib/python3.12/site-packages/airflow/example_dags/example_xcom.py for tasks to queue
[2025-06-20T15:39:18.525+0000] {logging_mixin.py:188} INFO - [2025-06-20T15:39:18.525+0000] {dagbag.py:540} INFO - Filling up the DagBag from /home/airflow/.local/lib/python3.12/site-packages/airflow/example_dags/example_xcom.py
[2025-06-20T15:39:18.534+0000] {processor.py:840} INFO - DAG(s) 'example_xcom' retrieved from /home/airflow/.local/lib/python3.12/site-packages/airflow/example_dags/example_xcom.py
[2025-06-20T15:39:18.555+0000] {logging_mixin.py:188} INFO - [2025-06-20T15:39:18.555+0000] {dag.py:3096} INFO - Sync 1 DAGs
[2025-06-20T15:39:18.574+0000] {logging_mixin.py:188} INFO - [2025-06-20T15:39:18.574+0000] {dag.py:3954} INFO - Setting next_dagrun for example_xcom to 2021-01-01 00:00:00+00:00, run_after=2021-01-01 00:00:00+00:00
[2025-06-20T15:39:18.590+0000] {processor.py:183} INFO - Processing /home/airflow/.local/lib/python3.12/site-packages/airflow/example_dags/example_xcom.py took 0.074 seconds
[2025-06-20T15:39:49.081+0000] {processor.py:161} INFO - Started process (PID=7629) to work on /home/airflow/.local/lib/python3.12/site-packages/airflow/example_dags/example_xcom.py
[2025-06-20T15:39:49.082+0000] {processor.py:830} INFO - Processing file /home/airflow/.local/lib/python3.12/site-packages/airflow/example_dags/example_xcom.py for tasks to queue
[2025-06-20T15:39:49.084+0000] {logging_mixin.py:188} INFO - [2025-06-20T15:39:49.084+0000] {dagbag.py:540} INFO - Filling up the DagBag from /home/airflow/.local/lib/python3.12/site-packages/airflow/example_dags/example_xcom.py
[2025-06-20T15:39:49.092+0000] {processor.py:840} INFO - DAG(s) 'example_xcom' retrieved from /home/airflow/.local/lib/python3.12/site-packages/airflow/example_dags/example_xcom.py
[2025-06-20T15:39:49.112+0000] {logging_mixin.py:188} INFO - [2025-06-20T15:39:49.112+0000] {dag.py:3096} INFO - Sync 1 DAGs
[2025-06-20T15:39:49.132+0000] {logging_mixin.py:188} INFO - [2025-06-20T15:39:49.131+0000] {dag.py:3954} INFO - Setting next_dagrun for example_xcom to 2021-01-01 00:00:00+00:00, run_after=2021-01-01 00:00:00+00:00
[2025-06-20T15:39:49.146+0000] {processor.py:183} INFO - Processing /home/airflow/.local/lib/python3.12/site-packages/airflow/example_dags/example_xcom.py took 0.071 seconds
[2025-06-20T15:40:19.845+0000] {processor.py:161} INFO - Started process (PID=7688) to work on /home/airflow/.local/lib/python3.12/site-packages/airflow/example_dags/example_xcom.py
[2025-06-20T15:40:19.846+0000] {processor.py:830} INFO - Processing file /home/airflow/.local/lib/python3.12/site-packages/airflow/example_dags/example_xcom.py for tasks to queue
[2025-06-20T15:40:19.848+0000] {logging_mixin.py:188} INFO - [2025-06-20T15:40:19.848+0000] {dagbag.py:540} INFO - Filling up the DagBag from /home/airflow/.local/lib/python3.12/site-packages/airflow/example_dags/example_xcom.py
[2025-06-20T15:40:19.856+0000] {processor.py:840} INFO - DAG(s) 'example_xcom' retrieved from /home/airflow/.local/lib/python3.12/site-packages/airflow/example_dags/example_xcom.py
[2025-06-20T15:40:19.876+0000] {logging_mixin.py:188} INFO - [2025-06-20T15:40:19.876+0000] {dag.py:3096} INFO - Sync 1 DAGs
[2025-06-20T15:40:19.896+0000] {logging_mixin.py:188} INFO - [2025-06-20T15:40:19.896+0000] {dag.py:3954} INFO - Setting next_dagrun for example_xcom to 2021-01-01 00:00:00+00:00, run_after=2021-01-01 00:00:00+00:00
[2025-06-20T15:40:19.911+0000] {processor.py:183} INFO - Processing /home/airflow/.local/lib/python3.12/site-packages/airflow/example_dags/example_xcom.py took 0.072 seconds
[2025-06-20T15:40:50.375+0000] {processor.py:161} INFO - Started process (PID=7747) to work on /home/airflow/.local/lib/python3.12/site-packages/airflow/example_dags/example_xcom.py
[2025-06-20T15:40:50.376+0000] {processor.py:830} INFO - Processing file /home/airflow/.local/lib/python3.12/site-packages/airflow/example_dags/example_xcom.py for tasks to queue
[2025-06-20T15:40:50.378+0000] {logging_mixin.py:188} INFO - [2025-06-20T15:40:50.377+0000] {dagbag.py:540} INFO - Filling up the DagBag from /home/airflow/.local/lib/python3.12/site-packages/airflow/example_dags/example_xcom.py
[2025-06-20T15:40:50.385+0000] {processor.py:840} INFO - DAG(s) 'example_xcom' retrieved from /home/airflow/.local/lib/python3.12/site-packages/airflow/example_dags/example_xcom.py
[2025-06-20T15:40:50.406+0000] {logging_mixin.py:188} INFO - [2025-06-20T15:40:50.406+0000] {dag.py:3096} INFO - Sync 1 DAGs
[2025-06-20T15:40:50.425+0000] {logging_mixin.py:188} INFO - [2025-06-20T15:40:50.425+0000] {dag.py:3954} INFO - Setting next_dagrun for example_xcom to 2021-01-01 00:00:00+00:00, run_after=2021-01-01 00:00:00+00:00
[2025-06-20T15:40:50.440+0000] {processor.py:183} INFO - Processing /home/airflow/.local/lib/python3.12/site-packages/airflow/example_dags/example_xcom.py took 0.072 seconds
[2025-06-20T15:41:20.954+0000] {processor.py:161} INFO - Started process (PID=7806) to work on /home/airflow/.local/lib/python3.12/site-packages/airflow/example_dags/example_xcom.py
[2025-06-20T15:41:20.955+0000] {processor.py:830} INFO - Processing file /home/airflow/.local/lib/python3.12/site-packages/airflow/example_dags/example_xcom.py for tasks to queue
[2025-06-20T15:41:20.957+0000] {logging_mixin.py:188} INFO - [2025-06-20T15:41:20.956+0000] {dagbag.py:540} INFO - Filling up the DagBag from /home/airflow/.local/lib/python3.12/site-packages/airflow/example_dags/example_xcom.py
[2025-06-20T15:41:20.964+0000] {processor.py:840} INFO - DAG(s) 'example_xcom' retrieved from /home/airflow/.local/lib/python3.12/site-packages/airflow/example_dags/example_xcom.py
[2025-06-20T15:41:20.985+0000] {logging_mixin.py:188} INFO - [2025-06-20T15:41:20.985+0000] {dag.py:3096} INFO - Sync 1 DAGs
[2025-06-20T15:41:21.005+0000] {logging_mixin.py:188} INFO - [2025-06-20T15:41:21.005+0000] {dag.py:3954} INFO - Setting next_dagrun for example_xcom to 2021-01-01 00:00:00+00:00, run_after=2021-01-01 00:00:00+00:00
[2025-06-20T15:41:21.021+0000] {processor.py:183} INFO - Processing /home/airflow/.local/lib/python3.12/site-packages/airflow/example_dags/example_xcom.py took 0.073 seconds
[2025-06-20T15:41:51.614+0000] {processor.py:161} INFO - Started process (PID=7865) to work on /home/airflow/.local/lib/python3.12/site-packages/airflow/example_dags/example_xcom.py
[2025-06-20T15:41:51.615+0000] {processor.py:830} INFO - Processing file /home/airflow/.local/lib/python3.12/site-packages/airflow/example_dags/example_xcom.py for tasks to queue
[2025-06-20T15:41:51.617+0000] {logging_mixin.py:188} INFO - [2025-06-20T15:41:51.616+0000] {dagbag.py:540} INFO - Filling up the DagBag from /home/airflow/.local/lib/python3.12/site-packages/airflow/example_dags/example_xcom.py
[2025-06-20T15:41:51.625+0000] {processor.py:840} INFO - DAG(s) 'example_xcom' retrieved from /home/airflow/.local/lib/python3.12/site-packages/airflow/example_dags/example_xcom.py
[2025-06-20T15:41:51.649+0000] {logging_mixin.py:188} INFO - [2025-06-20T15:41:51.649+0000] {dag.py:3096} INFO - Sync 1 DAGs
[2025-06-20T15:41:51.668+0000] {logging_mixin.py:188} INFO - [2025-06-20T15:41:51.668+0000] {dag.py:3954} INFO - Setting next_dagrun for example_xcom to 2021-01-01 00:00:00+00:00, run_after=2021-01-01 00:00:00+00:00
[2025-06-20T15:41:51.684+0000] {processor.py:183} INFO - Processing /home/airflow/.local/lib/python3.12/site-packages/airflow/example_dags/example_xcom.py took 0.077 seconds
[2025-06-20T15:42:22.259+0000] {processor.py:161} INFO - Started process (PID=7924) to work on /home/airflow/.local/lib/python3.12/site-packages/airflow/example_dags/example_xcom.py
[2025-06-20T15:42:22.260+0000] {processor.py:830} INFO - Processing file /home/airflow/.local/lib/python3.12/site-packages/airflow/example_dags/example_xcom.py for tasks to queue
[2025-06-20T15:42:22.262+0000] {logging_mixin.py:188} INFO - [2025-06-20T15:42:22.262+0000] {dagbag.py:540} INFO - Filling up the DagBag from /home/airflow/.local/lib/python3.12/site-packages/airflow/example_dags/example_xcom.py
[2025-06-20T15:42:22.270+0000] {processor.py:840} INFO - DAG(s) 'example_xcom' retrieved from /home/airflow/.local/lib/python3.12/site-packages/airflow/example_dags/example_xcom.py
[2025-06-20T15:42:22.290+0000] {logging_mixin.py:188} INFO - [2025-06-20T15:42:22.290+0000] {dag.py:3096} INFO - Sync 1 DAGs
[2025-06-20T15:42:22.310+0000] {logging_mixin.py:188} INFO - [2025-06-20T15:42:22.310+0000] {dag.py:3954} INFO - Setting next_dagrun for example_xcom to 2021-01-01 00:00:00+00:00, run_after=2021-01-01 00:00:00+00:00
[2025-06-20T15:42:22.325+0000] {processor.py:183} INFO - Processing /home/airflow/.local/lib/python3.12/site-packages/airflow/example_dags/example_xcom.py took 0.072 seconds
[2025-06-20T15:42:53.009+0000] {processor.py:161} INFO - Started process (PID=7983) to work on /home/airflow/.local/lib/python3.12/site-packages/airflow/example_dags/example_xcom.py
[2025-06-20T15:42:53.010+0000] {processor.py:830} INFO - Processing file /home/airflow/.local/lib/python3.12/site-packages/airflow/example_dags/example_xcom.py for tasks to queue
[2025-06-20T15:42:53.012+0000] {logging_mixin.py:188} INFO - [2025-06-20T15:42:53.011+0000] {dagbag.py:540} INFO - Filling up the DagBag from /home/airflow/.local/lib/python3.12/site-packages/airflow/example_dags/example_xcom.py
[2025-06-20T15:42:53.019+0000] {processor.py:840} INFO - DAG(s) 'example_xcom' retrieved from /home/airflow/.local/lib/python3.12/site-packages/airflow/example_dags/example_xcom.py
[2025-06-20T15:42:53.041+0000] {logging_mixin.py:188} INFO - [2025-06-20T15:42:53.041+0000] {dag.py:3096} INFO - Sync 1 DAGs
[2025-06-20T15:42:53.061+0000] {logging_mixin.py:188} INFO - [2025-06-20T15:42:53.061+0000] {dag.py:3954} INFO - Setting next_dagrun for example_xcom to 2021-01-01 00:00:00+00:00, run_after=2021-01-01 00:00:00+00:00
[2025-06-20T15:42:53.077+0000] {processor.py:183} INFO - Processing /home/airflow/.local/lib/python3.12/site-packages/airflow/example_dags/example_xcom.py took 0.075 seconds
[2025-06-20T15:43:23.664+0000] {processor.py:161} INFO - Started process (PID=8042) to work on /home/airflow/.local/lib/python3.12/site-packages/airflow/example_dags/example_xcom.py
[2025-06-20T15:43:23.666+0000] {processor.py:830} INFO - Processing file /home/airflow/.local/lib/python3.12/site-packages/airflow/example_dags/example_xcom.py for tasks to queue
[2025-06-20T15:43:23.668+0000] {logging_mixin.py:188} INFO - [2025-06-20T15:43:23.668+0000] {dagbag.py:540} INFO - Filling up the DagBag from /home/airflow/.local/lib/python3.12/site-packages/airflow/example_dags/example_xcom.py
[2025-06-20T15:43:23.677+0000] {processor.py:840} INFO - DAG(s) 'example_xcom' retrieved from /home/airflow/.local/lib/python3.12/site-packages/airflow/example_dags/example_xcom.py
[2025-06-20T15:43:23.702+0000] {logging_mixin.py:188} INFO - [2025-06-20T15:43:23.702+0000] {dag.py:3096} INFO - Sync 1 DAGs
[2025-06-20T15:43:23.722+0000] {logging_mixin.py:188} INFO - [2025-06-20T15:43:23.721+0000] {dag.py:3954} INFO - Setting next_dagrun for example_xcom to 2021-01-01 00:00:00+00:00, run_after=2021-01-01 00:00:00+00:00
[2025-06-20T15:43:23.737+0000] {processor.py:183} INFO - Processing /home/airflow/.local/lib/python3.12/site-packages/airflow/example_dags/example_xcom.py took 0.079 seconds
[2025-06-20T15:43:54.297+0000] {processor.py:161} INFO - Started process (PID=8101) to work on /home/airflow/.local/lib/python3.12/site-packages/airflow/example_dags/example_xcom.py
[2025-06-20T15:43:54.298+0000] {processor.py:830} INFO - Processing file /home/airflow/.local/lib/python3.12/site-packages/airflow/example_dags/example_xcom.py for tasks to queue
[2025-06-20T15:43:54.299+0000] {logging_mixin.py:188} INFO - [2025-06-20T15:43:54.299+0000] {dagbag.py:540} INFO - Filling up the DagBag from /home/airflow/.local/lib/python3.12/site-packages/airflow/example_dags/example_xcom.py
[2025-06-20T15:43:54.307+0000] {processor.py:840} INFO - DAG(s) 'example_xcom' retrieved from /home/airflow/.local/lib/python3.12/site-packages/airflow/example_dags/example_xcom.py
[2025-06-20T15:43:54.328+0000] {logging_mixin.py:188} INFO - [2025-06-20T15:43:54.328+0000] {dag.py:3096} INFO - Sync 1 DAGs
[2025-06-20T15:43:54.347+0000] {logging_mixin.py:188} INFO - [2025-06-20T15:43:54.347+0000] {dag.py:3954} INFO - Setting next_dagrun for example_xcom to 2021-01-01 00:00:00+00:00, run_after=2021-01-01 00:00:00+00:00
[2025-06-20T15:43:54.364+0000] {processor.py:183} INFO - Processing /home/airflow/.local/lib/python3.12/site-packages/airflow/example_dags/example_xcom.py took 0.073 seconds
[2025-06-20T15:44:25.024+0000] {processor.py:161} INFO - Started process (PID=8160) to work on /home/airflow/.local/lib/python3.12/site-packages/airflow/example_dags/example_xcom.py
[2025-06-20T15:44:25.026+0000] {processor.py:830} INFO - Processing file /home/airflow/.local/lib/python3.12/site-packages/airflow/example_dags/example_xcom.py for tasks to queue
[2025-06-20T15:44:25.027+0000] {logging_mixin.py:188} INFO - [2025-06-20T15:44:25.027+0000] {dagbag.py:540} INFO - Filling up the DagBag from /home/airflow/.local/lib/python3.12/site-packages/airflow/example_dags/example_xcom.py
[2025-06-20T15:44:25.035+0000] {processor.py:840} INFO - DAG(s) 'example_xcom' retrieved from /home/airflow/.local/lib/python3.12/site-packages/airflow/example_dags/example_xcom.py
[2025-06-20T15:44:25.055+0000] {logging_mixin.py:188} INFO - [2025-06-20T15:44:25.055+0000] {dag.py:3096} INFO - Sync 1 DAGs
[2025-06-20T15:44:25.075+0000] {logging_mixin.py:188} INFO - [2025-06-20T15:44:25.075+0000] {dag.py:3954} INFO - Setting next_dagrun for example_xcom to 2021-01-01 00:00:00+00:00, run_after=2021-01-01 00:00:00+00:00
[2025-06-20T15:44:25.090+0000] {processor.py:183} INFO - Processing /home/airflow/.local/lib/python3.12/site-packages/airflow/example_dags/example_xcom.py took 0.074 seconds
[2025-06-20T15:44:55.743+0000] {processor.py:161} INFO - Started process (PID=8219) to work on /home/airflow/.local/lib/python3.12/site-packages/airflow/example_dags/example_xcom.py
[2025-06-20T15:44:55.744+0000] {processor.py:830} INFO - Processing file /home/airflow/.local/lib/python3.12/site-packages/airflow/example_dags/example_xcom.py for tasks to queue
[2025-06-20T15:44:55.746+0000] {logging_mixin.py:188} INFO - [2025-06-20T15:44:55.745+0000] {dagbag.py:540} INFO - Filling up the DagBag from /home/airflow/.local/lib/python3.12/site-packages/airflow/example_dags/example_xcom.py
[2025-06-20T15:44:55.757+0000] {processor.py:840} INFO - DAG(s) 'example_xcom' retrieved from /home/airflow/.local/lib/python3.12/site-packages/airflow/example_dags/example_xcom.py
[2025-06-20T15:44:55.780+0000] {logging_mixin.py:188} INFO - [2025-06-20T15:44:55.780+0000] {dag.py:3096} INFO - Sync 1 DAGs
[2025-06-20T15:44:55.801+0000] {logging_mixin.py:188} INFO - [2025-06-20T15:44:55.800+0000] {dag.py:3954} INFO - Setting next_dagrun for example_xcom to 2021-01-01 00:00:00+00:00, run_after=2021-01-01 00:00:00+00:00
[2025-06-20T15:44:55.817+0000] {processor.py:183} INFO - Processing /home/airflow/.local/lib/python3.12/site-packages/airflow/example_dags/example_xcom.py took 0.081 seconds
[2025-06-20T15:45:26.593+0000] {processor.py:161} INFO - Started process (PID=8278) to work on /home/airflow/.local/lib/python3.12/site-packages/airflow/example_dags/example_xcom.py
[2025-06-20T15:45:26.594+0000] {processor.py:830} INFO - Processing file /home/airflow/.local/lib/python3.12/site-packages/airflow/example_dags/example_xcom.py for tasks to queue
[2025-06-20T15:45:26.596+0000] {logging_mixin.py:188} INFO - [2025-06-20T15:45:26.595+0000] {dagbag.py:540} INFO - Filling up the DagBag from /home/airflow/.local/lib/python3.12/site-packages/airflow/example_dags/example_xcom.py
[2025-06-20T15:45:26.603+0000] {processor.py:840} INFO - DAG(s) 'example_xcom' retrieved from /home/airflow/.local/lib/python3.12/site-packages/airflow/example_dags/example_xcom.py
[2025-06-20T15:45:26.624+0000] {logging_mixin.py:188} INFO - [2025-06-20T15:45:26.624+0000] {dag.py:3096} INFO - Sync 1 DAGs
[2025-06-20T15:45:26.643+0000] {logging_mixin.py:188} INFO - [2025-06-20T15:45:26.643+0000] {dag.py:3954} INFO - Setting next_dagrun for example_xcom to 2021-01-01 00:00:00+00:00, run_after=2021-01-01 00:00:00+00:00
[2025-06-20T15:45:26.658+0000] {processor.py:183} INFO - Processing /home/airflow/.local/lib/python3.12/site-packages/airflow/example_dags/example_xcom.py took 0.072 seconds
[2025-06-20T15:45:56.788+0000] {processor.py:161} INFO - Started process (PID=8337) to work on /home/airflow/.local/lib/python3.12/site-packages/airflow/example_dags/example_xcom.py
[2025-06-20T15:45:56.789+0000] {processor.py:830} INFO - Processing file /home/airflow/.local/lib/python3.12/site-packages/airflow/example_dags/example_xcom.py for tasks to queue
[2025-06-20T15:45:56.791+0000] {logging_mixin.py:188} INFO - [2025-06-20T15:45:56.790+0000] {dagbag.py:540} INFO - Filling up the DagBag from /home/airflow/.local/lib/python3.12/site-packages/airflow/example_dags/example_xcom.py
[2025-06-20T15:45:56.798+0000] {processor.py:840} INFO - DAG(s) 'example_xcom' retrieved from /home/airflow/.local/lib/python3.12/site-packages/airflow/example_dags/example_xcom.py
[2025-06-20T15:45:56.819+0000] {logging_mixin.py:188} INFO - [2025-06-20T15:45:56.819+0000] {dag.py:3096} INFO - Sync 1 DAGs
[2025-06-20T15:45:56.838+0000] {logging_mixin.py:188} INFO - [2025-06-20T15:45:56.838+0000] {dag.py:3954} INFO - Setting next_dagrun for example_xcom to 2021-01-01 00:00:00+00:00, run_after=2021-01-01 00:00:00+00:00
[2025-06-20T15:45:56.854+0000] {processor.py:183} INFO - Processing /home/airflow/.local/lib/python3.12/site-packages/airflow/example_dags/example_xcom.py took 0.072 seconds
[2025-06-20T15:46:26.958+0000] {processor.py:161} INFO - Started process (PID=8396) to work on /home/airflow/.local/lib/python3.12/site-packages/airflow/example_dags/example_xcom.py
[2025-06-20T15:46:26.959+0000] {processor.py:830} INFO - Processing file /home/airflow/.local/lib/python3.12/site-packages/airflow/example_dags/example_xcom.py for tasks to queue
[2025-06-20T15:46:26.961+0000] {logging_mixin.py:188} INFO - [2025-06-20T15:46:26.961+0000] {dagbag.py:540} INFO - Filling up the DagBag from /home/airflow/.local/lib/python3.12/site-packages/airflow/example_dags/example_xcom.py
[2025-06-20T15:46:26.969+0000] {processor.py:840} INFO - DAG(s) 'example_xcom' retrieved from /home/airflow/.local/lib/python3.12/site-packages/airflow/example_dags/example_xcom.py
[2025-06-20T15:46:26.990+0000] {logging_mixin.py:188} INFO - [2025-06-20T15:46:26.990+0000] {dag.py:3096} INFO - Sync 1 DAGs
[2025-06-20T15:46:27.009+0000] {logging_mixin.py:188} INFO - [2025-06-20T15:46:27.009+0000] {dag.py:3954} INFO - Setting next_dagrun for example_xcom to 2021-01-01 00:00:00+00:00, run_after=2021-01-01 00:00:00+00:00
[2025-06-20T15:46:27.025+0000] {processor.py:183} INFO - Processing /home/airflow/.local/lib/python3.12/site-packages/airflow/example_dags/example_xcom.py took 0.073 seconds
[2025-06-20T15:46:57.532+0000] {processor.py:161} INFO - Started process (PID=8455) to work on /home/airflow/.local/lib/python3.12/site-packages/airflow/example_dags/example_xcom.py
[2025-06-20T15:46:57.532+0000] {processor.py:830} INFO - Processing file /home/airflow/.local/lib/python3.12/site-packages/airflow/example_dags/example_xcom.py for tasks to queue
[2025-06-20T15:46:57.534+0000] {logging_mixin.py:188} INFO - [2025-06-20T15:46:57.534+0000] {dagbag.py:540} INFO - Filling up the DagBag from /home/airflow/.local/lib/python3.12/site-packages/airflow/example_dags/example_xcom.py
[2025-06-20T15:46:57.542+0000] {processor.py:840} INFO - DAG(s) 'example_xcom' retrieved from /home/airflow/.local/lib/python3.12/site-packages/airflow/example_dags/example_xcom.py
[2025-06-20T15:46:57.565+0000] {logging_mixin.py:188} INFO - [2025-06-20T15:46:57.565+0000] {dag.py:3096} INFO - Sync 1 DAGs
[2025-06-20T15:46:57.586+0000] {logging_mixin.py:188} INFO - [2025-06-20T15:46:57.586+0000] {dag.py:3954} INFO - Setting next_dagrun for example_xcom to 2021-01-01 00:00:00+00:00, run_after=2021-01-01 00:00:00+00:00
[2025-06-20T15:46:57.602+0000] {processor.py:183} INFO - Processing /home/airflow/.local/lib/python3.12/site-packages/airflow/example_dags/example_xcom.py took 0.076 seconds
[2025-06-20T15:47:28.241+0000] {processor.py:161} INFO - Started process (PID=8514) to work on /home/airflow/.local/lib/python3.12/site-packages/airflow/example_dags/example_xcom.py
[2025-06-20T15:47:28.242+0000] {processor.py:830} INFO - Processing file /home/airflow/.local/lib/python3.12/site-packages/airflow/example_dags/example_xcom.py for tasks to queue
[2025-06-20T15:47:28.244+0000] {logging_mixin.py:188} INFO - [2025-06-20T15:47:28.243+0000] {dagbag.py:540} INFO - Filling up the DagBag from /home/airflow/.local/lib/python3.12/site-packages/airflow/example_dags/example_xcom.py
[2025-06-20T15:47:28.252+0000] {processor.py:840} INFO - DAG(s) 'example_xcom' retrieved from /home/airflow/.local/lib/python3.12/site-packages/airflow/example_dags/example_xcom.py
[2025-06-20T15:47:28.274+0000] {logging_mixin.py:188} INFO - [2025-06-20T15:47:28.274+0000] {dag.py:3096} INFO - Sync 1 DAGs
[2025-06-20T15:47:28.295+0000] {logging_mixin.py:188} INFO - [2025-06-20T15:47:28.295+0000] {dag.py:3954} INFO - Setting next_dagrun for example_xcom to 2021-01-01 00:00:00+00:00, run_after=2021-01-01 00:00:00+00:00
[2025-06-20T15:47:28.313+0000] {processor.py:183} INFO - Processing /home/airflow/.local/lib/python3.12/site-packages/airflow/example_dags/example_xcom.py took 0.079 seconds
[2025-06-20T15:47:58.971+0000] {processor.py:161} INFO - Started process (PID=8579) to work on /home/airflow/.local/lib/python3.12/site-packages/airflow/example_dags/example_xcom.py
[2025-06-20T15:47:58.973+0000] {processor.py:830} INFO - Processing file /home/airflow/.local/lib/python3.12/site-packages/airflow/example_dags/example_xcom.py for tasks to queue
[2025-06-20T15:47:58.975+0000] {logging_mixin.py:188} INFO - [2025-06-20T15:47:58.974+0000] {dagbag.py:540} INFO - Filling up the DagBag from /home/airflow/.local/lib/python3.12/site-packages/airflow/example_dags/example_xcom.py
[2025-06-20T15:47:58.984+0000] {processor.py:840} INFO - DAG(s) 'example_xcom' retrieved from /home/airflow/.local/lib/python3.12/site-packages/airflow/example_dags/example_xcom.py
[2025-06-20T15:47:59.004+0000] {logging_mixin.py:188} INFO - [2025-06-20T15:47:59.003+0000] {dag.py:3096} INFO - Sync 1 DAGs
[2025-06-20T15:47:59.023+0000] {logging_mixin.py:188} INFO - [2025-06-20T15:47:59.022+0000] {dag.py:3954} INFO - Setting next_dagrun for example_xcom to 2021-01-01 00:00:00+00:00, run_after=2021-01-01 00:00:00+00:00
[2025-06-20T15:47:59.038+0000] {processor.py:183} INFO - Processing /home/airflow/.local/lib/python3.12/site-packages/airflow/example_dags/example_xcom.py took 0.074 seconds
[2025-06-20T15:48:29.700+0000] {processor.py:161} INFO - Started process (PID=8638) to work on /home/airflow/.local/lib/python3.12/site-packages/airflow/example_dags/example_xcom.py
[2025-06-20T15:48:29.701+0000] {processor.py:830} INFO - Processing file /home/airflow/.local/lib/python3.12/site-packages/airflow/example_dags/example_xcom.py for tasks to queue
[2025-06-20T15:48:29.703+0000] {logging_mixin.py:188} INFO - [2025-06-20T15:48:29.703+0000] {dagbag.py:540} INFO - Filling up the DagBag from /home/airflow/.local/lib/python3.12/site-packages/airflow/example_dags/example_xcom.py
[2025-06-20T15:48:29.711+0000] {processor.py:840} INFO - DAG(s) 'example_xcom' retrieved from /home/airflow/.local/lib/python3.12/site-packages/airflow/example_dags/example_xcom.py
[2025-06-20T15:48:29.733+0000] {logging_mixin.py:188} INFO - [2025-06-20T15:48:29.733+0000] {dag.py:3096} INFO - Sync 1 DAGs
[2025-06-20T15:48:29.752+0000] {logging_mixin.py:188} INFO - [2025-06-20T15:48:29.752+0000] {dag.py:3954} INFO - Setting next_dagrun for example_xcom to 2021-01-01 00:00:00+00:00, run_after=2021-01-01 00:00:00+00:00
[2025-06-20T15:48:29.767+0000] {processor.py:183} INFO - Processing /home/airflow/.local/lib/python3.12/site-packages/airflow/example_dags/example_xcom.py took 0.074 seconds
[2025-06-20T15:49:00.444+0000] {processor.py:161} INFO - Started process (PID=8697) to work on /home/airflow/.local/lib/python3.12/site-packages/airflow/example_dags/example_xcom.py
[2025-06-20T15:49:00.444+0000] {processor.py:830} INFO - Processing file /home/airflow/.local/lib/python3.12/site-packages/airflow/example_dags/example_xcom.py for tasks to queue
[2025-06-20T15:49:00.446+0000] {logging_mixin.py:188} INFO - [2025-06-20T15:49:00.446+0000] {dagbag.py:540} INFO - Filling up the DagBag from /home/airflow/.local/lib/python3.12/site-packages/airflow/example_dags/example_xcom.py
[2025-06-20T15:49:00.454+0000] {processor.py:840} INFO - DAG(s) 'example_xcom' retrieved from /home/airflow/.local/lib/python3.12/site-packages/airflow/example_dags/example_xcom.py
[2025-06-20T15:49:00.475+0000] {logging_mixin.py:188} INFO - [2025-06-20T15:49:00.475+0000] {dag.py:3096} INFO - Sync 1 DAGs
[2025-06-20T15:49:00.494+0000] {logging_mixin.py:188} INFO - [2025-06-20T15:49:00.494+0000] {dag.py:3954} INFO - Setting next_dagrun for example_xcom to 2021-01-01 00:00:00+00:00, run_after=2021-01-01 00:00:00+00:00
[2025-06-20T15:49:00.511+0000] {processor.py:183} INFO - Processing /home/airflow/.local/lib/python3.12/site-packages/airflow/example_dags/example_xcom.py took 0.073 seconds
[2025-06-20T15:49:31.136+0000] {processor.py:161} INFO - Started process (PID=8756) to work on /home/airflow/.local/lib/python3.12/site-packages/airflow/example_dags/example_xcom.py
[2025-06-20T15:49:31.137+0000] {processor.py:830} INFO - Processing file /home/airflow/.local/lib/python3.12/site-packages/airflow/example_dags/example_xcom.py for tasks to queue
[2025-06-20T15:49:31.139+0000] {logging_mixin.py:188} INFO - [2025-06-20T15:49:31.139+0000] {dagbag.py:540} INFO - Filling up the DagBag from /home/airflow/.local/lib/python3.12/site-packages/airflow/example_dags/example_xcom.py
[2025-06-20T15:49:31.147+0000] {processor.py:840} INFO - DAG(s) 'example_xcom' retrieved from /home/airflow/.local/lib/python3.12/site-packages/airflow/example_dags/example_xcom.py
[2025-06-20T15:49:31.167+0000] {logging_mixin.py:188} INFO - [2025-06-20T15:49:31.167+0000] {dag.py:3096} INFO - Sync 1 DAGs
[2025-06-20T15:49:31.186+0000] {logging_mixin.py:188} INFO - [2025-06-20T15:49:31.186+0000] {dag.py:3954} INFO - Setting next_dagrun for example_xcom to 2021-01-01 00:00:00+00:00, run_after=2021-01-01 00:00:00+00:00
[2025-06-20T15:49:31.201+0000] {processor.py:183} INFO - Processing /home/airflow/.local/lib/python3.12/site-packages/airflow/example_dags/example_xcom.py took 0.071 seconds
[2025-06-20T15:50:01.792+0000] {processor.py:161} INFO - Started process (PID=8815) to work on /home/airflow/.local/lib/python3.12/site-packages/airflow/example_dags/example_xcom.py
[2025-06-20T15:50:01.793+0000] {processor.py:830} INFO - Processing file /home/airflow/.local/lib/python3.12/site-packages/airflow/example_dags/example_xcom.py for tasks to queue
[2025-06-20T15:50:01.795+0000] {logging_mixin.py:188} INFO - [2025-06-20T15:50:01.795+0000] {dagbag.py:540} INFO - Filling up the DagBag from /home/airflow/.local/lib/python3.12/site-packages/airflow/example_dags/example_xcom.py
[2025-06-20T15:50:01.803+0000] {processor.py:840} INFO - DAG(s) 'example_xcom' retrieved from /home/airflow/.local/lib/python3.12/site-packages/airflow/example_dags/example_xcom.py
[2025-06-20T15:50:01.832+0000] {logging_mixin.py:188} INFO - [2025-06-20T15:50:01.832+0000] {dag.py:3096} INFO - Sync 1 DAGs
[2025-06-20T15:50:01.853+0000] {logging_mixin.py:188} INFO - [2025-06-20T15:50:01.853+0000] {dag.py:3954} INFO - Setting next_dagrun for example_xcom to 2021-01-01 00:00:00+00:00, run_after=2021-01-01 00:00:00+00:00
[2025-06-20T15:50:01.869+0000] {processor.py:183} INFO - Processing /home/airflow/.local/lib/python3.12/site-packages/airflow/example_dags/example_xcom.py took 0.084 seconds
[2025-06-20T15:50:32.530+0000] {processor.py:161} INFO - Started process (PID=8874) to work on /home/airflow/.local/lib/python3.12/site-packages/airflow/example_dags/example_xcom.py
[2025-06-20T15:50:32.531+0000] {processor.py:830} INFO - Processing file /home/airflow/.local/lib/python3.12/site-packages/airflow/example_dags/example_xcom.py for tasks to queue
[2025-06-20T15:50:32.534+0000] {logging_mixin.py:188} INFO - [2025-06-20T15:50:32.533+0000] {dagbag.py:540} INFO - Filling up the DagBag from /home/airflow/.local/lib/python3.12/site-packages/airflow/example_dags/example_xcom.py
[2025-06-20T15:50:32.543+0000] {processor.py:840} INFO - DAG(s) 'example_xcom' retrieved from /home/airflow/.local/lib/python3.12/site-packages/airflow/example_dags/example_xcom.py
[2025-06-20T15:50:32.567+0000] {logging_mixin.py:188} INFO - [2025-06-20T15:50:32.567+0000] {dag.py:3096} INFO - Sync 1 DAGs
[2025-06-20T15:50:32.588+0000] {logging_mixin.py:188} INFO - [2025-06-20T15:50:32.588+0000] {dag.py:3954} INFO - Setting next_dagrun for example_xcom to 2021-01-01 00:00:00+00:00, run_after=2021-01-01 00:00:00+00:00
[2025-06-20T15:50:32.606+0000] {processor.py:183} INFO - Processing /home/airflow/.local/lib/python3.12/site-packages/airflow/example_dags/example_xcom.py took 0.082 seconds
[2025-06-20T15:51:03.249+0000] {processor.py:161} INFO - Started process (PID=8933) to work on /home/airflow/.local/lib/python3.12/site-packages/airflow/example_dags/example_xcom.py
[2025-06-20T15:51:03.250+0000] {processor.py:830} INFO - Processing file /home/airflow/.local/lib/python3.12/site-packages/airflow/example_dags/example_xcom.py for tasks to queue
[2025-06-20T15:51:03.252+0000] {logging_mixin.py:188} INFO - [2025-06-20T15:51:03.252+0000] {dagbag.py:540} INFO - Filling up the DagBag from /home/airflow/.local/lib/python3.12/site-packages/airflow/example_dags/example_xcom.py
[2025-06-20T15:51:03.260+0000] {processor.py:840} INFO - DAG(s) 'example_xcom' retrieved from /home/airflow/.local/lib/python3.12/site-packages/airflow/example_dags/example_xcom.py
[2025-06-20T15:51:03.281+0000] {logging_mixin.py:188} INFO - [2025-06-20T15:51:03.280+0000] {dag.py:3096} INFO - Sync 1 DAGs
[2025-06-20T15:51:03.300+0000] {logging_mixin.py:188} INFO - [2025-06-20T15:51:03.300+0000] {dag.py:3954} INFO - Setting next_dagrun for example_xcom to 2021-01-01 00:00:00+00:00, run_after=2021-01-01 00:00:00+00:00
[2025-06-20T15:51:03.316+0000] {processor.py:183} INFO - Processing /home/airflow/.local/lib/python3.12/site-packages/airflow/example_dags/example_xcom.py took 0.073 seconds
[2025-06-20T15:51:33.821+0000] {processor.py:161} INFO - Started process (PID=8992) to work on /home/airflow/.local/lib/python3.12/site-packages/airflow/example_dags/example_xcom.py
[2025-06-20T15:51:33.822+0000] {processor.py:830} INFO - Processing file /home/airflow/.local/lib/python3.12/site-packages/airflow/example_dags/example_xcom.py for tasks to queue
[2025-06-20T15:51:33.824+0000] {logging_mixin.py:188} INFO - [2025-06-20T15:51:33.824+0000] {dagbag.py:540} INFO - Filling up the DagBag from /home/airflow/.local/lib/python3.12/site-packages/airflow/example_dags/example_xcom.py
[2025-06-20T15:51:33.832+0000] {processor.py:840} INFO - DAG(s) 'example_xcom' retrieved from /home/airflow/.local/lib/python3.12/site-packages/airflow/example_dags/example_xcom.py
[2025-06-20T15:51:33.853+0000] {logging_mixin.py:188} INFO - [2025-06-20T15:51:33.852+0000] {dag.py:3096} INFO - Sync 1 DAGs
[2025-06-20T15:51:33.872+0000] {logging_mixin.py:188} INFO - [2025-06-20T15:51:33.871+0000] {dag.py:3954} INFO - Setting next_dagrun for example_xcom to 2021-01-01 00:00:00+00:00, run_after=2021-01-01 00:00:00+00:00
[2025-06-20T15:51:33.887+0000] {processor.py:183} INFO - Processing /home/airflow/.local/lib/python3.12/site-packages/airflow/example_dags/example_xcom.py took 0.072 seconds
[2025-06-20T15:52:04.397+0000] {processor.py:161} INFO - Started process (PID=9051) to work on /home/airflow/.local/lib/python3.12/site-packages/airflow/example_dags/example_xcom.py
[2025-06-20T15:52:04.398+0000] {processor.py:830} INFO - Processing file /home/airflow/.local/lib/python3.12/site-packages/airflow/example_dags/example_xcom.py for tasks to queue
[2025-06-20T15:52:04.400+0000] {logging_mixin.py:188} INFO - [2025-06-20T15:52:04.400+0000] {dagbag.py:540} INFO - Filling up the DagBag from /home/airflow/.local/lib/python3.12/site-packages/airflow/example_dags/example_xcom.py
[2025-06-20T15:52:04.408+0000] {processor.py:840} INFO - DAG(s) 'example_xcom' retrieved from /home/airflow/.local/lib/python3.12/site-packages/airflow/example_dags/example_xcom.py
[2025-06-20T15:52:04.428+0000] {logging_mixin.py:188} INFO - [2025-06-20T15:52:04.428+0000] {dag.py:3096} INFO - Sync 1 DAGs
[2025-06-20T15:52:04.447+0000] {logging_mixin.py:188} INFO - [2025-06-20T15:52:04.447+0000] {dag.py:3954} INFO - Setting next_dagrun for example_xcom to 2021-01-01 00:00:00+00:00, run_after=2021-01-01 00:00:00+00:00
[2025-06-20T15:52:04.463+0000] {processor.py:183} INFO - Processing /home/airflow/.local/lib/python3.12/site-packages/airflow/example_dags/example_xcom.py took 0.072 seconds
[2025-06-20T15:52:35.193+0000] {processor.py:161} INFO - Started process (PID=9110) to work on /home/airflow/.local/lib/python3.12/site-packages/airflow/example_dags/example_xcom.py
[2025-06-20T15:52:35.194+0000] {processor.py:830} INFO - Processing file /home/airflow/.local/lib/python3.12/site-packages/airflow/example_dags/example_xcom.py for tasks to queue
[2025-06-20T15:52:35.196+0000] {logging_mixin.py:188} INFO - [2025-06-20T15:52:35.195+0000] {dagbag.py:540} INFO - Filling up the DagBag from /home/airflow/.local/lib/python3.12/site-packages/airflow/example_dags/example_xcom.py
[2025-06-20T15:52:35.203+0000] {processor.py:840} INFO - DAG(s) 'example_xcom' retrieved from /home/airflow/.local/lib/python3.12/site-packages/airflow/example_dags/example_xcom.py
[2025-06-20T15:52:35.225+0000] {logging_mixin.py:188} INFO - [2025-06-20T15:52:35.224+0000] {dag.py:3096} INFO - Sync 1 DAGs
[2025-06-20T15:52:35.244+0000] {logging_mixin.py:188} INFO - [2025-06-20T15:52:35.244+0000] {dag.py:3954} INFO - Setting next_dagrun for example_xcom to 2021-01-01 00:00:00+00:00, run_after=2021-01-01 00:00:00+00:00
[2025-06-20T15:52:35.260+0000] {processor.py:183} INFO - Processing /home/airflow/.local/lib/python3.12/site-packages/airflow/example_dags/example_xcom.py took 0.073 seconds
[2025-06-20T15:53:05.474+0000] {processor.py:161} INFO - Started process (PID=9169) to work on /home/airflow/.local/lib/python3.12/site-packages/airflow/example_dags/example_xcom.py
[2025-06-20T15:53:05.475+0000] {processor.py:830} INFO - Processing file /home/airflow/.local/lib/python3.12/site-packages/airflow/example_dags/example_xcom.py for tasks to queue
[2025-06-20T15:53:05.477+0000] {logging_mixin.py:188} INFO - [2025-06-20T15:53:05.477+0000] {dagbag.py:540} INFO - Filling up the DagBag from /home/airflow/.local/lib/python3.12/site-packages/airflow/example_dags/example_xcom.py
[2025-06-20T15:53:05.485+0000] {processor.py:840} INFO - DAG(s) 'example_xcom' retrieved from /home/airflow/.local/lib/python3.12/site-packages/airflow/example_dags/example_xcom.py
[2025-06-20T15:53:05.506+0000] {logging_mixin.py:188} INFO - [2025-06-20T15:53:05.506+0000] {dag.py:3096} INFO - Sync 1 DAGs
[2025-06-20T15:53:05.525+0000] {logging_mixin.py:188} INFO - [2025-06-20T15:53:05.525+0000] {dag.py:3954} INFO - Setting next_dagrun for example_xcom to 2021-01-01 00:00:00+00:00, run_after=2021-01-01 00:00:00+00:00
[2025-06-20T15:53:05.541+0000] {processor.py:183} INFO - Processing /home/airflow/.local/lib/python3.12/site-packages/airflow/example_dags/example_xcom.py took 0.073 seconds
[2025-06-20T15:53:35.668+0000] {processor.py:161} INFO - Started process (PID=9228) to work on /home/airflow/.local/lib/python3.12/site-packages/airflow/example_dags/example_xcom.py
[2025-06-20T15:53:35.669+0000] {processor.py:830} INFO - Processing file /home/airflow/.local/lib/python3.12/site-packages/airflow/example_dags/example_xcom.py for tasks to queue
[2025-06-20T15:53:35.671+0000] {logging_mixin.py:188} INFO - [2025-06-20T15:53:35.671+0000] {dagbag.py:540} INFO - Filling up the DagBag from /home/airflow/.local/lib/python3.12/site-packages/airflow/example_dags/example_xcom.py
[2025-06-20T15:53:35.679+0000] {processor.py:840} INFO - DAG(s) 'example_xcom' retrieved from /home/airflow/.local/lib/python3.12/site-packages/airflow/example_dags/example_xcom.py
[2025-06-20T15:53:35.701+0000] {logging_mixin.py:188} INFO - [2025-06-20T15:53:35.700+0000] {dag.py:3096} INFO - Sync 1 DAGs
[2025-06-20T15:53:35.720+0000] {logging_mixin.py:188} INFO - [2025-06-20T15:53:35.720+0000] {dag.py:3954} INFO - Setting next_dagrun for example_xcom to 2021-01-01 00:00:00+00:00, run_after=2021-01-01 00:00:00+00:00
[2025-06-20T15:53:35.736+0000] {processor.py:183} INFO - Processing /home/airflow/.local/lib/python3.12/site-packages/airflow/example_dags/example_xcom.py took 0.075 seconds
[2025-06-20T15:54:05.877+0000] {processor.py:161} INFO - Started process (PID=9287) to work on /home/airflow/.local/lib/python3.12/site-packages/airflow/example_dags/example_xcom.py
[2025-06-20T15:54:05.881+0000] {processor.py:830} INFO - Processing file /home/airflow/.local/lib/python3.12/site-packages/airflow/example_dags/example_xcom.py for tasks to queue
[2025-06-20T15:54:05.883+0000] {logging_mixin.py:188} INFO - [2025-06-20T15:54:05.883+0000] {dagbag.py:540} INFO - Filling up the DagBag from /home/airflow/.local/lib/python3.12/site-packages/airflow/example_dags/example_xcom.py
[2025-06-20T15:54:05.891+0000] {processor.py:840} INFO - DAG(s) 'example_xcom' retrieved from /home/airflow/.local/lib/python3.12/site-packages/airflow/example_dags/example_xcom.py
[2025-06-20T15:54:05.912+0000] {logging_mixin.py:188} INFO - [2025-06-20T15:54:05.912+0000] {dag.py:3096} INFO - Sync 1 DAGs
[2025-06-20T15:54:05.932+0000] {logging_mixin.py:188} INFO - [2025-06-20T15:54:05.932+0000] {dag.py:3954} INFO - Setting next_dagrun for example_xcom to 2021-01-01 00:00:00+00:00, run_after=2021-01-01 00:00:00+00:00
[2025-06-20T15:54:05.948+0000] {processor.py:183} INFO - Processing /home/airflow/.local/lib/python3.12/site-packages/airflow/example_dags/example_xcom.py took 0.077 seconds
[2025-06-20T15:54:36.157+0000] {processor.py:161} INFO - Started process (PID=9346) to work on /home/airflow/.local/lib/python3.12/site-packages/airflow/example_dags/example_xcom.py
[2025-06-20T15:54:36.158+0000] {processor.py:830} INFO - Processing file /home/airflow/.local/lib/python3.12/site-packages/airflow/example_dags/example_xcom.py for tasks to queue
[2025-06-20T15:54:36.160+0000] {logging_mixin.py:188} INFO - [2025-06-20T15:54:36.160+0000] {dagbag.py:540} INFO - Filling up the DagBag from /home/airflow/.local/lib/python3.12/site-packages/airflow/example_dags/example_xcom.py
[2025-06-20T15:54:36.168+0000] {processor.py:840} INFO - DAG(s) 'example_xcom' retrieved from /home/airflow/.local/lib/python3.12/site-packages/airflow/example_dags/example_xcom.py
[2025-06-20T15:54:36.189+0000] {logging_mixin.py:188} INFO - [2025-06-20T15:54:36.189+0000] {dag.py:3096} INFO - Sync 1 DAGs
[2025-06-20T15:54:36.209+0000] {logging_mixin.py:188} INFO - [2025-06-20T15:54:36.209+0000] {dag.py:3954} INFO - Setting next_dagrun for example_xcom to 2021-01-01 00:00:00+00:00, run_after=2021-01-01 00:00:00+00:00
[2025-06-20T15:54:36.225+0000] {processor.py:183} INFO - Processing /home/airflow/.local/lib/python3.12/site-packages/airflow/example_dags/example_xcom.py took 0.076 seconds
[2025-06-20T15:55:06.840+0000] {processor.py:161} INFO - Started process (PID=9405) to work on /home/airflow/.local/lib/python3.12/site-packages/airflow/example_dags/example_xcom.py
[2025-06-20T15:55:06.841+0000] {processor.py:830} INFO - Processing file /home/airflow/.local/lib/python3.12/site-packages/airflow/example_dags/example_xcom.py for tasks to queue
[2025-06-20T15:55:06.843+0000] {logging_mixin.py:188} INFO - [2025-06-20T15:55:06.843+0000] {dagbag.py:540} INFO - Filling up the DagBag from /home/airflow/.local/lib/python3.12/site-packages/airflow/example_dags/example_xcom.py
[2025-06-20T15:55:06.851+0000] {processor.py:840} INFO - DAG(s) 'example_xcom' retrieved from /home/airflow/.local/lib/python3.12/site-packages/airflow/example_dags/example_xcom.py
[2025-06-20T15:55:06.872+0000] {logging_mixin.py:188} INFO - [2025-06-20T15:55:06.872+0000] {dag.py:3096} INFO - Sync 1 DAGs
[2025-06-20T15:55:06.893+0000] {logging_mixin.py:188} INFO - [2025-06-20T15:55:06.892+0000] {dag.py:3954} INFO - Setting next_dagrun for example_xcom to 2021-01-01 00:00:00+00:00, run_after=2021-01-01 00:00:00+00:00
[2025-06-20T15:55:06.908+0000] {processor.py:183} INFO - Processing /home/airflow/.local/lib/python3.12/site-packages/airflow/example_dags/example_xcom.py took 0.074 seconds
[2025-06-20T15:55:37.062+0000] {processor.py:161} INFO - Started process (PID=9464) to work on /home/airflow/.local/lib/python3.12/site-packages/airflow/example_dags/example_xcom.py
[2025-06-20T15:55:37.063+0000] {processor.py:830} INFO - Processing file /home/airflow/.local/lib/python3.12/site-packages/airflow/example_dags/example_xcom.py for tasks to queue
[2025-06-20T15:55:37.065+0000] {logging_mixin.py:188} INFO - [2025-06-20T15:55:37.064+0000] {dagbag.py:540} INFO - Filling up the DagBag from /home/airflow/.local/lib/python3.12/site-packages/airflow/example_dags/example_xcom.py
[2025-06-20T15:55:37.073+0000] {processor.py:840} INFO - DAG(s) 'example_xcom' retrieved from /home/airflow/.local/lib/python3.12/site-packages/airflow/example_dags/example_xcom.py
[2025-06-20T15:55:37.095+0000] {logging_mixin.py:188} INFO - [2025-06-20T15:55:37.095+0000] {dag.py:3096} INFO - Sync 1 DAGs
[2025-06-20T15:55:37.118+0000] {logging_mixin.py:188} INFO - [2025-06-20T15:55:37.117+0000] {dag.py:3954} INFO - Setting next_dagrun for example_xcom to 2021-01-01 00:00:00+00:00, run_after=2021-01-01 00:00:00+00:00
[2025-06-20T15:55:37.134+0000] {processor.py:183} INFO - Processing /home/airflow/.local/lib/python3.12/site-packages/airflow/example_dags/example_xcom.py took 0.079 seconds
[2025-06-20T15:56:07.399+0000] {processor.py:161} INFO - Started process (PID=9523) to work on /home/airflow/.local/lib/python3.12/site-packages/airflow/example_dags/example_xcom.py
[2025-06-20T15:56:07.400+0000] {processor.py:830} INFO - Processing file /home/airflow/.local/lib/python3.12/site-packages/airflow/example_dags/example_xcom.py for tasks to queue
[2025-06-20T15:56:07.402+0000] {logging_mixin.py:188} INFO - [2025-06-20T15:56:07.402+0000] {dagbag.py:540} INFO - Filling up the DagBag from /home/airflow/.local/lib/python3.12/site-packages/airflow/example_dags/example_xcom.py
[2025-06-20T15:56:07.409+0000] {processor.py:840} INFO - DAG(s) 'example_xcom' retrieved from /home/airflow/.local/lib/python3.12/site-packages/airflow/example_dags/example_xcom.py
[2025-06-20T15:56:07.430+0000] {logging_mixin.py:188} INFO - [2025-06-20T15:56:07.430+0000] {dag.py:3096} INFO - Sync 1 DAGs
[2025-06-20T15:56:07.450+0000] {logging_mixin.py:188} INFO - [2025-06-20T15:56:07.450+0000] {dag.py:3954} INFO - Setting next_dagrun for example_xcom to 2021-01-01 00:00:00+00:00, run_after=2021-01-01 00:00:00+00:00
[2025-06-20T15:56:07.466+0000] {processor.py:183} INFO - Processing /home/airflow/.local/lib/python3.12/site-packages/airflow/example_dags/example_xcom.py took 0.073 seconds
[2025-06-20T15:56:37.664+0000] {processor.py:161} INFO - Started process (PID=9582) to work on /home/airflow/.local/lib/python3.12/site-packages/airflow/example_dags/example_xcom.py
[2025-06-20T15:56:37.666+0000] {processor.py:830} INFO - Processing file /home/airflow/.local/lib/python3.12/site-packages/airflow/example_dags/example_xcom.py for tasks to queue
[2025-06-20T15:56:37.668+0000] {logging_mixin.py:188} INFO - [2025-06-20T15:56:37.668+0000] {dagbag.py:540} INFO - Filling up the DagBag from /home/airflow/.local/lib/python3.12/site-packages/airflow/example_dags/example_xcom.py
[2025-06-20T15:56:37.678+0000] {processor.py:840} INFO - DAG(s) 'example_xcom' retrieved from /home/airflow/.local/lib/python3.12/site-packages/airflow/example_dags/example_xcom.py
[2025-06-20T15:56:37.705+0000] {logging_mixin.py:188} INFO - [2025-06-20T15:56:37.705+0000] {dag.py:3096} INFO - Sync 1 DAGs
[2025-06-20T15:56:37.734+0000] {logging_mixin.py:188} INFO - [2025-06-20T15:56:37.734+0000] {dag.py:3954} INFO - Setting next_dagrun for example_xcom to 2021-01-01 00:00:00+00:00, run_after=2021-01-01 00:00:00+00:00
[2025-06-20T15:56:37.758+0000] {processor.py:183} INFO - Processing /home/airflow/.local/lib/python3.12/site-packages/airflow/example_dags/example_xcom.py took 0.101 seconds
[2025-06-20T15:57:07.926+0000] {processor.py:161} INFO - Started process (PID=9641) to work on /home/airflow/.local/lib/python3.12/site-packages/airflow/example_dags/example_xcom.py
[2025-06-20T15:57:07.927+0000] {processor.py:830} INFO - Processing file /home/airflow/.local/lib/python3.12/site-packages/airflow/example_dags/example_xcom.py for tasks to queue
[2025-06-20T15:57:07.929+0000] {logging_mixin.py:188} INFO - [2025-06-20T15:57:07.928+0000] {dagbag.py:540} INFO - Filling up the DagBag from /home/airflow/.local/lib/python3.12/site-packages/airflow/example_dags/example_xcom.py
[2025-06-20T15:57:07.936+0000] {processor.py:840} INFO - DAG(s) 'example_xcom' retrieved from /home/airflow/.local/lib/python3.12/site-packages/airflow/example_dags/example_xcom.py
[2025-06-20T15:57:07.957+0000] {logging_mixin.py:188} INFO - [2025-06-20T15:57:07.957+0000] {dag.py:3096} INFO - Sync 1 DAGs
[2025-06-20T15:57:07.976+0000] {logging_mixin.py:188} INFO - [2025-06-20T15:57:07.976+0000] {dag.py:3954} INFO - Setting next_dagrun for example_xcom to 2021-01-01 00:00:00+00:00, run_after=2021-01-01 00:00:00+00:00
[2025-06-20T15:57:07.992+0000] {processor.py:183} INFO - Processing /home/airflow/.local/lib/python3.12/site-packages/airflow/example_dags/example_xcom.py took 0.072 seconds
[2025-06-20T15:57:38.269+0000] {processor.py:161} INFO - Started process (PID=9700) to work on /home/airflow/.local/lib/python3.12/site-packages/airflow/example_dags/example_xcom.py
[2025-06-20T15:57:38.270+0000] {processor.py:830} INFO - Processing file /home/airflow/.local/lib/python3.12/site-packages/airflow/example_dags/example_xcom.py for tasks to queue
[2025-06-20T15:57:38.272+0000] {logging_mixin.py:188} INFO - [2025-06-20T15:57:38.272+0000] {dagbag.py:540} INFO - Filling up the DagBag from /home/airflow/.local/lib/python3.12/site-packages/airflow/example_dags/example_xcom.py
[2025-06-20T15:57:38.280+0000] {processor.py:840} INFO - DAG(s) 'example_xcom' retrieved from /home/airflow/.local/lib/python3.12/site-packages/airflow/example_dags/example_xcom.py
[2025-06-20T15:57:38.301+0000] {logging_mixin.py:188} INFO - [2025-06-20T15:57:38.301+0000] {dag.py:3096} INFO - Sync 1 DAGs
[2025-06-20T15:57:38.321+0000] {logging_mixin.py:188} INFO - [2025-06-20T15:57:38.321+0000] {dag.py:3954} INFO - Setting next_dagrun for example_xcom to 2021-01-01 00:00:00+00:00, run_after=2021-01-01 00:00:00+00:00
[2025-06-20T15:57:38.337+0000] {processor.py:183} INFO - Processing /home/airflow/.local/lib/python3.12/site-packages/airflow/example_dags/example_xcom.py took 0.074 seconds
[2025-06-20T15:58:08.688+0000] {processor.py:161} INFO - Started process (PID=9759) to work on /home/airflow/.local/lib/python3.12/site-packages/airflow/example_dags/example_xcom.py
[2025-06-20T15:58:08.689+0000] {processor.py:830} INFO - Processing file /home/airflow/.local/lib/python3.12/site-packages/airflow/example_dags/example_xcom.py for tasks to queue
[2025-06-20T15:58:08.691+0000] {logging_mixin.py:188} INFO - [2025-06-20T15:58:08.691+0000] {dagbag.py:540} INFO - Filling up the DagBag from /home/airflow/.local/lib/python3.12/site-packages/airflow/example_dags/example_xcom.py
[2025-06-20T15:58:08.699+0000] {processor.py:840} INFO - DAG(s) 'example_xcom' retrieved from /home/airflow/.local/lib/python3.12/site-packages/airflow/example_dags/example_xcom.py
[2025-06-20T15:58:08.721+0000] {logging_mixin.py:188} INFO - [2025-06-20T15:58:08.720+0000] {dag.py:3096} INFO - Sync 1 DAGs
[2025-06-20T15:58:08.742+0000] {logging_mixin.py:188} INFO - [2025-06-20T15:58:08.742+0000] {dag.py:3954} INFO - Setting next_dagrun for example_xcom to 2021-01-01 00:00:00+00:00, run_after=2021-01-01 00:00:00+00:00
[2025-06-20T15:58:08.759+0000] {processor.py:183} INFO - Processing /home/airflow/.local/lib/python3.12/site-packages/airflow/example_dags/example_xcom.py took 0.078 seconds
[2025-06-20T15:58:38.806+0000] {processor.py:161} INFO - Started process (PID=9818) to work on /home/airflow/.local/lib/python3.12/site-packages/airflow/example_dags/example_xcom.py
[2025-06-20T15:58:38.807+0000] {processor.py:830} INFO - Processing file /home/airflow/.local/lib/python3.12/site-packages/airflow/example_dags/example_xcom.py for tasks to queue
[2025-06-20T15:58:38.809+0000] {logging_mixin.py:188} INFO - [2025-06-20T15:58:38.809+0000] {dagbag.py:540} INFO - Filling up the DagBag from /home/airflow/.local/lib/python3.12/site-packages/airflow/example_dags/example_xcom.py
[2025-06-20T15:58:38.817+0000] {processor.py:840} INFO - DAG(s) 'example_xcom' retrieved from /home/airflow/.local/lib/python3.12/site-packages/airflow/example_dags/example_xcom.py
[2025-06-20T15:58:38.838+0000] {logging_mixin.py:188} INFO - [2025-06-20T15:58:38.838+0000] {dag.py:3096} INFO - Sync 1 DAGs
[2025-06-20T15:58:38.860+0000] {logging_mixin.py:188} INFO - [2025-06-20T15:58:38.860+0000] {dag.py:3954} INFO - Setting next_dagrun for example_xcom to 2021-01-01 00:00:00+00:00, run_after=2021-01-01 00:00:00+00:00
[2025-06-20T15:58:38.877+0000] {processor.py:183} INFO - Processing /home/airflow/.local/lib/python3.12/site-packages/airflow/example_dags/example_xcom.py took 0.078 seconds
[2025-06-20T15:59:09.236+0000] {processor.py:161} INFO - Started process (PID=9877) to work on /home/airflow/.local/lib/python3.12/site-packages/airflow/example_dags/example_xcom.py
[2025-06-20T15:59:09.237+0000] {processor.py:830} INFO - Processing file /home/airflow/.local/lib/python3.12/site-packages/airflow/example_dags/example_xcom.py for tasks to queue
[2025-06-20T15:59:09.239+0000] {logging_mixin.py:188} INFO - [2025-06-20T15:59:09.239+0000] {dagbag.py:540} INFO - Filling up the DagBag from /home/airflow/.local/lib/python3.12/site-packages/airflow/example_dags/example_xcom.py
[2025-06-20T15:59:09.247+0000] {processor.py:840} INFO - DAG(s) 'example_xcom' retrieved from /home/airflow/.local/lib/python3.12/site-packages/airflow/example_dags/example_xcom.py
[2025-06-20T15:59:09.268+0000] {logging_mixin.py:188} INFO - [2025-06-20T15:59:09.267+0000] {dag.py:3096} INFO - Sync 1 DAGs
[2025-06-20T15:59:09.287+0000] {logging_mixin.py:188} INFO - [2025-06-20T15:59:09.287+0000] {dag.py:3954} INFO - Setting next_dagrun for example_xcom to 2021-01-01 00:00:00+00:00, run_after=2021-01-01 00:00:00+00:00
[2025-06-20T15:59:09.303+0000] {processor.py:183} INFO - Processing /home/airflow/.local/lib/python3.12/site-packages/airflow/example_dags/example_xcom.py took 0.074 seconds
[2025-06-20T16:00:24.059+0000] {processor.py:161} INFO - Started process (PID=93) to work on /home/airflow/.local/lib/python3.12/site-packages/airflow/example_dags/example_xcom.py
[2025-06-20T16:00:24.060+0000] {processor.py:830} INFO - Processing file /home/airflow/.local/lib/python3.12/site-packages/airflow/example_dags/example_xcom.py for tasks to queue
[2025-06-20T16:00:24.062+0000] {logging_mixin.py:188} INFO - [2025-06-20T16:00:24.062+0000] {dagbag.py:540} INFO - Filling up the DagBag from /home/airflow/.local/lib/python3.12/site-packages/airflow/example_dags/example_xcom.py
[2025-06-20T16:00:24.076+0000] {processor.py:840} INFO - DAG(s) 'example_xcom' retrieved from /home/airflow/.local/lib/python3.12/site-packages/airflow/example_dags/example_xcom.py
[2025-06-20T16:00:24.092+0000] {logging_mixin.py:188} INFO - [2025-06-20T16:00:24.092+0000] {dag.py:3096} INFO - Sync 1 DAGs
[2025-06-20T16:00:24.117+0000] {logging_mixin.py:188} INFO - [2025-06-20T16:00:24.117+0000] {dag.py:3954} INFO - Setting next_dagrun for example_xcom to 2021-01-01 00:00:00+00:00, run_after=2021-01-01 00:00:00+00:00
[2025-06-20T16:00:24.134+0000] {processor.py:183} INFO - Processing /home/airflow/.local/lib/python3.12/site-packages/airflow/example_dags/example_xcom.py took 0.081 seconds
[2025-06-20T16:00:55.256+0000] {processor.py:161} INFO - Started process (PID=158) to work on /home/airflow/.local/lib/python3.12/site-packages/airflow/example_dags/example_xcom.py
[2025-06-20T16:00:55.257+0000] {processor.py:830} INFO - Processing file /home/airflow/.local/lib/python3.12/site-packages/airflow/example_dags/example_xcom.py for tasks to queue
[2025-06-20T16:00:55.259+0000] {logging_mixin.py:188} INFO - [2025-06-20T16:00:55.259+0000] {dagbag.py:540} INFO - Filling up the DagBag from /home/airflow/.local/lib/python3.12/site-packages/airflow/example_dags/example_xcom.py
[2025-06-20T16:00:55.267+0000] {processor.py:840} INFO - DAG(s) 'example_xcom' retrieved from /home/airflow/.local/lib/python3.12/site-packages/airflow/example_dags/example_xcom.py
[2025-06-20T16:00:55.374+0000] {logging_mixin.py:188} INFO - [2025-06-20T16:00:55.374+0000] {dag.py:3096} INFO - Sync 1 DAGs
[2025-06-20T16:00:55.392+0000] {logging_mixin.py:188} INFO - [2025-06-20T16:00:55.392+0000] {dag.py:3954} INFO - Setting next_dagrun for example_xcom to 2021-01-01 00:00:00+00:00, run_after=2021-01-01 00:00:00+00:00
[2025-06-20T16:00:55.408+0000] {processor.py:183} INFO - Processing /home/airflow/.local/lib/python3.12/site-packages/airflow/example_dags/example_xcom.py took 0.158 seconds
[2025-06-20T16:01:25.565+0000] {processor.py:161} INFO - Started process (PID=217) to work on /home/airflow/.local/lib/python3.12/site-packages/airflow/example_dags/example_xcom.py
[2025-06-20T16:01:25.566+0000] {processor.py:830} INFO - Processing file /home/airflow/.local/lib/python3.12/site-packages/airflow/example_dags/example_xcom.py for tasks to queue
[2025-06-20T16:01:25.568+0000] {logging_mixin.py:188} INFO - [2025-06-20T16:01:25.567+0000] {dagbag.py:540} INFO - Filling up the DagBag from /home/airflow/.local/lib/python3.12/site-packages/airflow/example_dags/example_xcom.py
[2025-06-20T16:01:25.575+0000] {processor.py:840} INFO - DAG(s) 'example_xcom' retrieved from /home/airflow/.local/lib/python3.12/site-packages/airflow/example_dags/example_xcom.py
[2025-06-20T16:01:25.596+0000] {logging_mixin.py:188} INFO - [2025-06-20T16:01:25.596+0000] {dag.py:3096} INFO - Sync 1 DAGs
[2025-06-20T16:01:25.617+0000] {logging_mixin.py:188} INFO - [2025-06-20T16:01:25.617+0000] {dag.py:3954} INFO - Setting next_dagrun for example_xcom to 2021-01-01 00:00:00+00:00, run_after=2021-01-01 00:00:00+00:00
[2025-06-20T16:01:25.633+0000] {processor.py:183} INFO - Processing /home/airflow/.local/lib/python3.12/site-packages/airflow/example_dags/example_xcom.py took 0.075 seconds
[2025-06-20T16:01:55.814+0000] {processor.py:161} INFO - Started process (PID=276) to work on /home/airflow/.local/lib/python3.12/site-packages/airflow/example_dags/example_xcom.py
[2025-06-20T16:01:55.815+0000] {processor.py:830} INFO - Processing file /home/airflow/.local/lib/python3.12/site-packages/airflow/example_dags/example_xcom.py for tasks to queue
[2025-06-20T16:01:55.817+0000] {logging_mixin.py:188} INFO - [2025-06-20T16:01:55.817+0000] {dagbag.py:540} INFO - Filling up the DagBag from /home/airflow/.local/lib/python3.12/site-packages/airflow/example_dags/example_xcom.py
[2025-06-20T16:01:55.824+0000] {processor.py:840} INFO - DAG(s) 'example_xcom' retrieved from /home/airflow/.local/lib/python3.12/site-packages/airflow/example_dags/example_xcom.py
[2025-06-20T16:01:55.845+0000] {logging_mixin.py:188} INFO - [2025-06-20T16:01:55.844+0000] {dag.py:3096} INFO - Sync 1 DAGs
[2025-06-20T16:01:55.864+0000] {logging_mixin.py:188} INFO - [2025-06-20T16:01:55.864+0000] {dag.py:3954} INFO - Setting next_dagrun for example_xcom to 2021-01-01 00:00:00+00:00, run_after=2021-01-01 00:00:00+00:00
[2025-06-20T16:01:55.880+0000] {processor.py:183} INFO - Processing /home/airflow/.local/lib/python3.12/site-packages/airflow/example_dags/example_xcom.py took 0.072 seconds
[2025-06-20T16:02:26.093+0000] {processor.py:161} INFO - Started process (PID=335) to work on /home/airflow/.local/lib/python3.12/site-packages/airflow/example_dags/example_xcom.py
[2025-06-20T16:02:26.094+0000] {processor.py:830} INFO - Processing file /home/airflow/.local/lib/python3.12/site-packages/airflow/example_dags/example_xcom.py for tasks to queue
[2025-06-20T16:02:26.095+0000] {logging_mixin.py:188} INFO - [2025-06-20T16:02:26.095+0000] {dagbag.py:540} INFO - Filling up the DagBag from /home/airflow/.local/lib/python3.12/site-packages/airflow/example_dags/example_xcom.py
[2025-06-20T16:02:26.103+0000] {processor.py:840} INFO - DAG(s) 'example_xcom' retrieved from /home/airflow/.local/lib/python3.12/site-packages/airflow/example_dags/example_xcom.py
[2025-06-20T16:02:26.123+0000] {logging_mixin.py:188} INFO - [2025-06-20T16:02:26.123+0000] {dag.py:3096} INFO - Sync 1 DAGs
[2025-06-20T16:02:26.143+0000] {logging_mixin.py:188} INFO - [2025-06-20T16:02:26.143+0000] {dag.py:3954} INFO - Setting next_dagrun for example_xcom to 2021-01-01 00:00:00+00:00, run_after=2021-01-01 00:00:00+00:00
[2025-06-20T16:02:26.158+0000] {processor.py:183} INFO - Processing /home/airflow/.local/lib/python3.12/site-packages/airflow/example_dags/example_xcom.py took 0.072 seconds
[2025-06-20T16:02:56.274+0000] {processor.py:161} INFO - Started process (PID=394) to work on /home/airflow/.local/lib/python3.12/site-packages/airflow/example_dags/example_xcom.py
[2025-06-20T16:02:56.275+0000] {processor.py:830} INFO - Processing file /home/airflow/.local/lib/python3.12/site-packages/airflow/example_dags/example_xcom.py for tasks to queue
[2025-06-20T16:02:56.277+0000] {logging_mixin.py:188} INFO - [2025-06-20T16:02:56.276+0000] {dagbag.py:540} INFO - Filling up the DagBag from /home/airflow/.local/lib/python3.12/site-packages/airflow/example_dags/example_xcom.py
[2025-06-20T16:02:56.284+0000] {processor.py:840} INFO - DAG(s) 'example_xcom' retrieved from /home/airflow/.local/lib/python3.12/site-packages/airflow/example_dags/example_xcom.py
[2025-06-20T16:02:56.304+0000] {logging_mixin.py:188} INFO - [2025-06-20T16:02:56.303+0000] {dag.py:3096} INFO - Sync 1 DAGs
[2025-06-20T16:02:56.322+0000] {logging_mixin.py:188} INFO - [2025-06-20T16:02:56.322+0000] {dag.py:3954} INFO - Setting next_dagrun for example_xcom to 2021-01-01 00:00:00+00:00, run_after=2021-01-01 00:00:00+00:00
[2025-06-20T16:02:56.337+0000] {processor.py:183} INFO - Processing /home/airflow/.local/lib/python3.12/site-packages/airflow/example_dags/example_xcom.py took 0.070 seconds
[2025-06-20T16:03:26.526+0000] {processor.py:161} INFO - Started process (PID=453) to work on /home/airflow/.local/lib/python3.12/site-packages/airflow/example_dags/example_xcom.py
[2025-06-20T16:03:26.527+0000] {processor.py:830} INFO - Processing file /home/airflow/.local/lib/python3.12/site-packages/airflow/example_dags/example_xcom.py for tasks to queue
[2025-06-20T16:03:26.529+0000] {logging_mixin.py:188} INFO - [2025-06-20T16:03:26.528+0000] {dagbag.py:540} INFO - Filling up the DagBag from /home/airflow/.local/lib/python3.12/site-packages/airflow/example_dags/example_xcom.py
[2025-06-20T16:03:26.536+0000] {processor.py:840} INFO - DAG(s) 'example_xcom' retrieved from /home/airflow/.local/lib/python3.12/site-packages/airflow/example_dags/example_xcom.py
[2025-06-20T16:03:26.556+0000] {logging_mixin.py:188} INFO - [2025-06-20T16:03:26.556+0000] {dag.py:3096} INFO - Sync 1 DAGs
[2025-06-20T16:03:26.575+0000] {logging_mixin.py:188} INFO - [2025-06-20T16:03:26.575+0000] {dag.py:3954} INFO - Setting next_dagrun for example_xcom to 2021-01-01 00:00:00+00:00, run_after=2021-01-01 00:00:00+00:00
[2025-06-20T16:03:26.590+0000] {processor.py:183} INFO - Processing /home/airflow/.local/lib/python3.12/site-packages/airflow/example_dags/example_xcom.py took 0.070 seconds
[2025-06-20T16:03:56.750+0000] {processor.py:161} INFO - Started process (PID=512) to work on /home/airflow/.local/lib/python3.12/site-packages/airflow/example_dags/example_xcom.py
[2025-06-20T16:03:56.751+0000] {processor.py:830} INFO - Processing file /home/airflow/.local/lib/python3.12/site-packages/airflow/example_dags/example_xcom.py for tasks to queue
[2025-06-20T16:03:56.752+0000] {logging_mixin.py:188} INFO - [2025-06-20T16:03:56.752+0000] {dagbag.py:540} INFO - Filling up the DagBag from /home/airflow/.local/lib/python3.12/site-packages/airflow/example_dags/example_xcom.py
[2025-06-20T16:03:56.760+0000] {processor.py:840} INFO - DAG(s) 'example_xcom' retrieved from /home/airflow/.local/lib/python3.12/site-packages/airflow/example_dags/example_xcom.py
[2025-06-20T16:03:56.780+0000] {logging_mixin.py:188} INFO - [2025-06-20T16:03:56.780+0000] {dag.py:3096} INFO - Sync 1 DAGs
[2025-06-20T16:03:56.799+0000] {logging_mixin.py:188} INFO - [2025-06-20T16:03:56.799+0000] {dag.py:3954} INFO - Setting next_dagrun for example_xcom to 2021-01-01 00:00:00+00:00, run_after=2021-01-01 00:00:00+00:00
[2025-06-20T16:03:56.815+0000] {processor.py:183} INFO - Processing /home/airflow/.local/lib/python3.12/site-packages/airflow/example_dags/example_xcom.py took 0.071 seconds
[2025-06-20T16:04:26.963+0000] {processor.py:161} INFO - Started process (PID=571) to work on /home/airflow/.local/lib/python3.12/site-packages/airflow/example_dags/example_xcom.py
[2025-06-20T16:04:26.964+0000] {processor.py:830} INFO - Processing file /home/airflow/.local/lib/python3.12/site-packages/airflow/example_dags/example_xcom.py for tasks to queue
[2025-06-20T16:04:26.966+0000] {logging_mixin.py:188} INFO - [2025-06-20T16:04:26.965+0000] {dagbag.py:540} INFO - Filling up the DagBag from /home/airflow/.local/lib/python3.12/site-packages/airflow/example_dags/example_xcom.py
[2025-06-20T16:04:26.974+0000] {processor.py:840} INFO - DAG(s) 'example_xcom' retrieved from /home/airflow/.local/lib/python3.12/site-packages/airflow/example_dags/example_xcom.py
[2025-06-20T16:04:26.994+0000] {logging_mixin.py:188} INFO - [2025-06-20T16:04:26.994+0000] {dag.py:3096} INFO - Sync 1 DAGs
[2025-06-20T16:04:27.014+0000] {logging_mixin.py:188} INFO - [2025-06-20T16:04:27.013+0000] {dag.py:3954} INFO - Setting next_dagrun for example_xcom to 2021-01-01 00:00:00+00:00, run_after=2021-01-01 00:00:00+00:00
[2025-06-20T16:04:27.030+0000] {processor.py:183} INFO - Processing /home/airflow/.local/lib/python3.12/site-packages/airflow/example_dags/example_xcom.py took 0.073 seconds
[2025-06-20T16:04:57.907+0000] {processor.py:161} INFO - Started process (PID=630) to work on /home/airflow/.local/lib/python3.12/site-packages/airflow/example_dags/example_xcom.py
[2025-06-20T16:04:57.908+0000] {processor.py:830} INFO - Processing file /home/airflow/.local/lib/python3.12/site-packages/airflow/example_dags/example_xcom.py for tasks to queue
[2025-06-20T16:04:57.910+0000] {logging_mixin.py:188} INFO - [2025-06-20T16:04:57.910+0000] {dagbag.py:540} INFO - Filling up the DagBag from /home/airflow/.local/lib/python3.12/site-packages/airflow/example_dags/example_xcom.py
[2025-06-20T16:04:57.917+0000] {processor.py:840} INFO - DAG(s) 'example_xcom' retrieved from /home/airflow/.local/lib/python3.12/site-packages/airflow/example_dags/example_xcom.py
[2025-06-20T16:04:57.937+0000] {logging_mixin.py:188} INFO - [2025-06-20T16:04:57.937+0000] {dag.py:3096} INFO - Sync 1 DAGs
[2025-06-20T16:04:57.957+0000] {logging_mixin.py:188} INFO - [2025-06-20T16:04:57.956+0000] {dag.py:3954} INFO - Setting next_dagrun for example_xcom to 2021-01-01 00:00:00+00:00, run_after=2021-01-01 00:00:00+00:00
[2025-06-20T16:04:57.972+0000] {processor.py:183} INFO - Processing /home/airflow/.local/lib/python3.12/site-packages/airflow/example_dags/example_xcom.py took 0.071 seconds
[2025-06-20T16:05:28.159+0000] {processor.py:161} INFO - Started process (PID=689) to work on /home/airflow/.local/lib/python3.12/site-packages/airflow/example_dags/example_xcom.py
[2025-06-20T16:05:28.160+0000] {processor.py:830} INFO - Processing file /home/airflow/.local/lib/python3.12/site-packages/airflow/example_dags/example_xcom.py for tasks to queue
[2025-06-20T16:05:28.163+0000] {logging_mixin.py:188} INFO - [2025-06-20T16:05:28.163+0000] {dagbag.py:540} INFO - Filling up the DagBag from /home/airflow/.local/lib/python3.12/site-packages/airflow/example_dags/example_xcom.py
[2025-06-20T16:05:28.173+0000] {processor.py:840} INFO - DAG(s) 'example_xcom' retrieved from /home/airflow/.local/lib/python3.12/site-packages/airflow/example_dags/example_xcom.py
[2025-06-20T16:05:28.196+0000] {logging_mixin.py:188} INFO - [2025-06-20T16:05:28.196+0000] {dag.py:3096} INFO - Sync 1 DAGs
[2025-06-20T16:05:28.217+0000] {logging_mixin.py:188} INFO - [2025-06-20T16:05:28.217+0000] {dag.py:3954} INFO - Setting next_dagrun for example_xcom to 2021-01-01 00:00:00+00:00, run_after=2021-01-01 00:00:00+00:00
[2025-06-20T16:05:28.234+0000] {processor.py:183} INFO - Processing /home/airflow/.local/lib/python3.12/site-packages/airflow/example_dags/example_xcom.py took 0.083 seconds
[2025-06-20T16:05:58.527+0000] {processor.py:161} INFO - Started process (PID=748) to work on /home/airflow/.local/lib/python3.12/site-packages/airflow/example_dags/example_xcom.py
[2025-06-20T16:05:58.528+0000] {processor.py:830} INFO - Processing file /home/airflow/.local/lib/python3.12/site-packages/airflow/example_dags/example_xcom.py for tasks to queue
[2025-06-20T16:05:58.530+0000] {logging_mixin.py:188} INFO - [2025-06-20T16:05:58.530+0000] {dagbag.py:540} INFO - Filling up the DagBag from /home/airflow/.local/lib/python3.12/site-packages/airflow/example_dags/example_xcom.py
[2025-06-20T16:05:58.537+0000] {processor.py:840} INFO - DAG(s) 'example_xcom' retrieved from /home/airflow/.local/lib/python3.12/site-packages/airflow/example_dags/example_xcom.py
[2025-06-20T16:05:58.557+0000] {logging_mixin.py:188} INFO - [2025-06-20T16:05:58.557+0000] {dag.py:3096} INFO - Sync 1 DAGs
[2025-06-20T16:05:58.576+0000] {logging_mixin.py:188} INFO - [2025-06-20T16:05:58.575+0000] {dag.py:3954} INFO - Setting next_dagrun for example_xcom to 2021-01-01 00:00:00+00:00, run_after=2021-01-01 00:00:00+00:00
[2025-06-20T16:05:58.591+0000] {processor.py:183} INFO - Processing /home/airflow/.local/lib/python3.12/site-packages/airflow/example_dags/example_xcom.py took 0.071 seconds
[2025-06-20T16:06:28.962+0000] {processor.py:161} INFO - Started process (PID=807) to work on /home/airflow/.local/lib/python3.12/site-packages/airflow/example_dags/example_xcom.py
[2025-06-20T16:06:28.963+0000] {processor.py:830} INFO - Processing file /home/airflow/.local/lib/python3.12/site-packages/airflow/example_dags/example_xcom.py for tasks to queue
[2025-06-20T16:06:28.965+0000] {logging_mixin.py:188} INFO - [2025-06-20T16:06:28.964+0000] {dagbag.py:540} INFO - Filling up the DagBag from /home/airflow/.local/lib/python3.12/site-packages/airflow/example_dags/example_xcom.py
[2025-06-20T16:06:28.972+0000] {processor.py:840} INFO - DAG(s) 'example_xcom' retrieved from /home/airflow/.local/lib/python3.12/site-packages/airflow/example_dags/example_xcom.py
[2025-06-20T16:06:28.992+0000] {logging_mixin.py:188} INFO - [2025-06-20T16:06:28.992+0000] {dag.py:3096} INFO - Sync 1 DAGs
[2025-06-20T16:06:29.011+0000] {logging_mixin.py:188} INFO - [2025-06-20T16:06:29.011+0000] {dag.py:3954} INFO - Setting next_dagrun for example_xcom to 2021-01-01 00:00:00+00:00, run_after=2021-01-01 00:00:00+00:00
[2025-06-20T16:06:29.026+0000] {processor.py:183} INFO - Processing /home/airflow/.local/lib/python3.12/site-packages/airflow/example_dags/example_xcom.py took 0.071 seconds
[2025-06-20T16:06:59.218+0000] {processor.py:161} INFO - Started process (PID=866) to work on /home/airflow/.local/lib/python3.12/site-packages/airflow/example_dags/example_xcom.py
[2025-06-20T16:06:59.219+0000] {processor.py:830} INFO - Processing file /home/airflow/.local/lib/python3.12/site-packages/airflow/example_dags/example_xcom.py for tasks to queue
[2025-06-20T16:06:59.221+0000] {logging_mixin.py:188} INFO - [2025-06-20T16:06:59.221+0000] {dagbag.py:540} INFO - Filling up the DagBag from /home/airflow/.local/lib/python3.12/site-packages/airflow/example_dags/example_xcom.py
[2025-06-20T16:06:59.229+0000] {processor.py:840} INFO - DAG(s) 'example_xcom' retrieved from /home/airflow/.local/lib/python3.12/site-packages/airflow/example_dags/example_xcom.py
[2025-06-20T16:06:59.249+0000] {logging_mixin.py:188} INFO - [2025-06-20T16:06:59.249+0000] {dag.py:3096} INFO - Sync 1 DAGs
[2025-06-20T16:06:59.268+0000] {logging_mixin.py:188} INFO - [2025-06-20T16:06:59.268+0000] {dag.py:3954} INFO - Setting next_dagrun for example_xcom to 2021-01-01 00:00:00+00:00, run_after=2021-01-01 00:00:00+00:00
[2025-06-20T16:06:59.284+0000] {processor.py:183} INFO - Processing /home/airflow/.local/lib/python3.12/site-packages/airflow/example_dags/example_xcom.py took 0.071 seconds
[2025-06-20T16:07:29.530+0000] {processor.py:161} INFO - Started process (PID=925) to work on /home/airflow/.local/lib/python3.12/site-packages/airflow/example_dags/example_xcom.py
[2025-06-20T16:07:29.531+0000] {processor.py:830} INFO - Processing file /home/airflow/.local/lib/python3.12/site-packages/airflow/example_dags/example_xcom.py for tasks to queue
[2025-06-20T16:07:29.533+0000] {logging_mixin.py:188} INFO - [2025-06-20T16:07:29.533+0000] {dagbag.py:540} INFO - Filling up the DagBag from /home/airflow/.local/lib/python3.12/site-packages/airflow/example_dags/example_xcom.py
[2025-06-20T16:07:29.541+0000] {processor.py:840} INFO - DAG(s) 'example_xcom' retrieved from /home/airflow/.local/lib/python3.12/site-packages/airflow/example_dags/example_xcom.py
[2025-06-20T16:07:29.561+0000] {logging_mixin.py:188} INFO - [2025-06-20T16:07:29.560+0000] {dag.py:3096} INFO - Sync 1 DAGs
[2025-06-20T16:07:29.580+0000] {logging_mixin.py:188} INFO - [2025-06-20T16:07:29.580+0000] {dag.py:3954} INFO - Setting next_dagrun for example_xcom to 2021-01-01 00:00:00+00:00, run_after=2021-01-01 00:00:00+00:00
[2025-06-20T16:07:29.595+0000] {processor.py:183} INFO - Processing /home/airflow/.local/lib/python3.12/site-packages/airflow/example_dags/example_xcom.py took 0.071 seconds
[2025-06-20T16:07:59.673+0000] {processor.py:161} INFO - Started process (PID=984) to work on /home/airflow/.local/lib/python3.12/site-packages/airflow/example_dags/example_xcom.py
[2025-06-20T16:07:59.674+0000] {processor.py:830} INFO - Processing file /home/airflow/.local/lib/python3.12/site-packages/airflow/example_dags/example_xcom.py for tasks to queue
[2025-06-20T16:07:59.675+0000] {logging_mixin.py:188} INFO - [2025-06-20T16:07:59.675+0000] {dagbag.py:540} INFO - Filling up the DagBag from /home/airflow/.local/lib/python3.12/site-packages/airflow/example_dags/example_xcom.py
[2025-06-20T16:07:59.683+0000] {processor.py:840} INFO - DAG(s) 'example_xcom' retrieved from /home/airflow/.local/lib/python3.12/site-packages/airflow/example_dags/example_xcom.py
[2025-06-20T16:07:59.703+0000] {logging_mixin.py:188} INFO - [2025-06-20T16:07:59.702+0000] {dag.py:3096} INFO - Sync 1 DAGs
[2025-06-20T16:07:59.722+0000] {logging_mixin.py:188} INFO - [2025-06-20T16:07:59.721+0000] {dag.py:3954} INFO - Setting next_dagrun for example_xcom to 2021-01-01 00:00:00+00:00, run_after=2021-01-01 00:00:00+00:00
[2025-06-20T16:07:59.737+0000] {processor.py:183} INFO - Processing /home/airflow/.local/lib/python3.12/site-packages/airflow/example_dags/example_xcom.py took 0.070 seconds
[2025-06-20T16:08:30.069+0000] {processor.py:161} INFO - Started process (PID=1043) to work on /home/airflow/.local/lib/python3.12/site-packages/airflow/example_dags/example_xcom.py
[2025-06-20T16:08:30.070+0000] {processor.py:830} INFO - Processing file /home/airflow/.local/lib/python3.12/site-packages/airflow/example_dags/example_xcom.py for tasks to queue
[2025-06-20T16:08:30.072+0000] {logging_mixin.py:188} INFO - [2025-06-20T16:08:30.071+0000] {dagbag.py:540} INFO - Filling up the DagBag from /home/airflow/.local/lib/python3.12/site-packages/airflow/example_dags/example_xcom.py
[2025-06-20T16:08:30.079+0000] {processor.py:840} INFO - DAG(s) 'example_xcom' retrieved from /home/airflow/.local/lib/python3.12/site-packages/airflow/example_dags/example_xcom.py
[2025-06-20T16:08:30.099+0000] {logging_mixin.py:188} INFO - [2025-06-20T16:08:30.099+0000] {dag.py:3096} INFO - Sync 1 DAGs
[2025-06-20T16:08:30.118+0000] {logging_mixin.py:188} INFO - [2025-06-20T16:08:30.118+0000] {dag.py:3954} INFO - Setting next_dagrun for example_xcom to 2021-01-01 00:00:00+00:00, run_after=2021-01-01 00:00:00+00:00
[2025-06-20T16:08:30.135+0000] {processor.py:183} INFO - Processing /home/airflow/.local/lib/python3.12/site-packages/airflow/example_dags/example_xcom.py took 0.072 seconds
[2025-06-20T16:09:00.228+0000] {processor.py:161} INFO - Started process (PID=1101) to work on /home/airflow/.local/lib/python3.12/site-packages/airflow/example_dags/example_xcom.py
[2025-06-20T16:09:00.229+0000] {processor.py:830} INFO - Processing file /home/airflow/.local/lib/python3.12/site-packages/airflow/example_dags/example_xcom.py for tasks to queue
[2025-06-20T16:09:00.231+0000] {logging_mixin.py:188} INFO - [2025-06-20T16:09:00.231+0000] {dagbag.py:540} INFO - Filling up the DagBag from /home/airflow/.local/lib/python3.12/site-packages/airflow/example_dags/example_xcom.py
[2025-06-20T16:09:00.238+0000] {processor.py:840} INFO - DAG(s) 'example_xcom' retrieved from /home/airflow/.local/lib/python3.12/site-packages/airflow/example_dags/example_xcom.py
[2025-06-20T16:09:00.258+0000] {logging_mixin.py:188} INFO - [2025-06-20T16:09:00.258+0000] {dag.py:3096} INFO - Sync 1 DAGs
[2025-06-20T16:09:00.277+0000] {logging_mixin.py:188} INFO - [2025-06-20T16:09:00.277+0000] {dag.py:3954} INFO - Setting next_dagrun for example_xcom to 2021-01-01 00:00:00+00:00, run_after=2021-01-01 00:00:00+00:00
[2025-06-20T16:09:00.293+0000] {processor.py:183} INFO - Processing /home/airflow/.local/lib/python3.12/site-packages/airflow/example_dags/example_xcom.py took 0.071 seconds
[2025-06-20T16:09:30.651+0000] {processor.py:161} INFO - Started process (PID=1161) to work on /home/airflow/.local/lib/python3.12/site-packages/airflow/example_dags/example_xcom.py
[2025-06-20T16:09:30.652+0000] {processor.py:830} INFO - Processing file /home/airflow/.local/lib/python3.12/site-packages/airflow/example_dags/example_xcom.py for tasks to queue
[2025-06-20T16:09:30.654+0000] {logging_mixin.py:188} INFO - [2025-06-20T16:09:30.654+0000] {dagbag.py:540} INFO - Filling up the DagBag from /home/airflow/.local/lib/python3.12/site-packages/airflow/example_dags/example_xcom.py
[2025-06-20T16:09:30.663+0000] {processor.py:840} INFO - DAG(s) 'example_xcom' retrieved from /home/airflow/.local/lib/python3.12/site-packages/airflow/example_dags/example_xcom.py
[2025-06-20T16:09:30.683+0000] {logging_mixin.py:188} INFO - [2025-06-20T16:09:30.683+0000] {dag.py:3096} INFO - Sync 1 DAGs
[2025-06-20T16:09:30.703+0000] {logging_mixin.py:188} INFO - [2025-06-20T16:09:30.703+0000] {dag.py:3954} INFO - Setting next_dagrun for example_xcom to 2021-01-01 00:00:00+00:00, run_after=2021-01-01 00:00:00+00:00
[2025-06-20T16:09:30.718+0000] {processor.py:183} INFO - Processing /home/airflow/.local/lib/python3.12/site-packages/airflow/example_dags/example_xcom.py took 0.075 seconds
[2025-06-20T16:10:00.941+0000] {processor.py:161} INFO - Started process (PID=1220) to work on /home/airflow/.local/lib/python3.12/site-packages/airflow/example_dags/example_xcom.py
[2025-06-20T16:10:00.943+0000] {processor.py:830} INFO - Processing file /home/airflow/.local/lib/python3.12/site-packages/airflow/example_dags/example_xcom.py for tasks to queue
[2025-06-20T16:10:00.945+0000] {logging_mixin.py:188} INFO - [2025-06-20T16:10:00.945+0000] {dagbag.py:540} INFO - Filling up the DagBag from /home/airflow/.local/lib/python3.12/site-packages/airflow/example_dags/example_xcom.py
[2025-06-20T16:10:00.955+0000] {processor.py:840} INFO - DAG(s) 'example_xcom' retrieved from /home/airflow/.local/lib/python3.12/site-packages/airflow/example_dags/example_xcom.py
[2025-06-20T16:10:00.982+0000] {logging_mixin.py:188} INFO - [2025-06-20T16:10:00.982+0000] {dag.py:3096} INFO - Sync 1 DAGs
[2025-06-20T16:10:01.005+0000] {logging_mixin.py:188} INFO - [2025-06-20T16:10:01.004+0000] {dag.py:3954} INFO - Setting next_dagrun for example_xcom to 2021-01-01 00:00:00+00:00, run_after=2021-01-01 00:00:00+00:00
[2025-06-20T16:10:01.021+0000] {processor.py:183} INFO - Processing /home/airflow/.local/lib/python3.12/site-packages/airflow/example_dags/example_xcom.py took 0.086 seconds
[2025-06-20T16:10:31.455+0000] {processor.py:161} INFO - Started process (PID=1279) to work on /home/airflow/.local/lib/python3.12/site-packages/airflow/example_dags/example_xcom.py
[2025-06-20T16:10:31.456+0000] {processor.py:830} INFO - Processing file /home/airflow/.local/lib/python3.12/site-packages/airflow/example_dags/example_xcom.py for tasks to queue
[2025-06-20T16:10:31.458+0000] {logging_mixin.py:188} INFO - [2025-06-20T16:10:31.457+0000] {dagbag.py:540} INFO - Filling up the DagBag from /home/airflow/.local/lib/python3.12/site-packages/airflow/example_dags/example_xcom.py
[2025-06-20T16:10:31.465+0000] {processor.py:840} INFO - DAG(s) 'example_xcom' retrieved from /home/airflow/.local/lib/python3.12/site-packages/airflow/example_dags/example_xcom.py
[2025-06-20T16:10:31.485+0000] {logging_mixin.py:188} INFO - [2025-06-20T16:10:31.485+0000] {dag.py:3096} INFO - Sync 1 DAGs
[2025-06-20T16:10:31.511+0000] {logging_mixin.py:188} INFO - [2025-06-20T16:10:31.511+0000] {dag.py:3954} INFO - Setting next_dagrun for example_xcom to 2021-01-01 00:00:00+00:00, run_after=2021-01-01 00:00:00+00:00
[2025-06-20T16:10:31.529+0000] {processor.py:183} INFO - Processing /home/airflow/.local/lib/python3.12/site-packages/airflow/example_dags/example_xcom.py took 0.080 seconds
[2025-06-20T16:11:01.719+0000] {processor.py:161} INFO - Started process (PID=1338) to work on /home/airflow/.local/lib/python3.12/site-packages/airflow/example_dags/example_xcom.py
[2025-06-20T16:11:01.720+0000] {processor.py:830} INFO - Processing file /home/airflow/.local/lib/python3.12/site-packages/airflow/example_dags/example_xcom.py for tasks to queue
[2025-06-20T16:11:01.722+0000] {logging_mixin.py:188} INFO - [2025-06-20T16:11:01.722+0000] {dagbag.py:540} INFO - Filling up the DagBag from /home/airflow/.local/lib/python3.12/site-packages/airflow/example_dags/example_xcom.py
[2025-06-20T16:11:01.730+0000] {processor.py:840} INFO - DAG(s) 'example_xcom' retrieved from /home/airflow/.local/lib/python3.12/site-packages/airflow/example_dags/example_xcom.py
[2025-06-20T16:11:01.751+0000] {logging_mixin.py:188} INFO - [2025-06-20T16:11:01.751+0000] {dag.py:3096} INFO - Sync 1 DAGs
[2025-06-20T16:11:01.774+0000] {logging_mixin.py:188} INFO - [2025-06-20T16:11:01.774+0000] {dag.py:3954} INFO - Setting next_dagrun for example_xcom to 2021-01-01 00:00:00+00:00, run_after=2021-01-01 00:00:00+00:00
[2025-06-20T16:11:01.790+0000] {processor.py:183} INFO - Processing /home/airflow/.local/lib/python3.12/site-packages/airflow/example_dags/example_xcom.py took 0.076 seconds
[2025-06-20T16:11:32.196+0000] {processor.py:161} INFO - Started process (PID=1397) to work on /home/airflow/.local/lib/python3.12/site-packages/airflow/example_dags/example_xcom.py
[2025-06-20T16:11:32.197+0000] {processor.py:830} INFO - Processing file /home/airflow/.local/lib/python3.12/site-packages/airflow/example_dags/example_xcom.py for tasks to queue
[2025-06-20T16:11:32.199+0000] {logging_mixin.py:188} INFO - [2025-06-20T16:11:32.198+0000] {dagbag.py:540} INFO - Filling up the DagBag from /home/airflow/.local/lib/python3.12/site-packages/airflow/example_dags/example_xcom.py
[2025-06-20T16:11:32.206+0000] {processor.py:840} INFO - DAG(s) 'example_xcom' retrieved from /home/airflow/.local/lib/python3.12/site-packages/airflow/example_dags/example_xcom.py
[2025-06-20T16:11:32.226+0000] {logging_mixin.py:188} INFO - [2025-06-20T16:11:32.226+0000] {dag.py:3096} INFO - Sync 1 DAGs
[2025-06-20T16:11:32.245+0000] {logging_mixin.py:188} INFO - [2025-06-20T16:11:32.245+0000] {dag.py:3954} INFO - Setting next_dagrun for example_xcom to 2021-01-01 00:00:00+00:00, run_after=2021-01-01 00:00:00+00:00
[2025-06-20T16:11:32.260+0000] {processor.py:183} INFO - Processing /home/airflow/.local/lib/python3.12/site-packages/airflow/example_dags/example_xcom.py took 0.071 seconds
[2025-06-20T16:12:02.701+0000] {processor.py:161} INFO - Started process (PID=1456) to work on /home/airflow/.local/lib/python3.12/site-packages/airflow/example_dags/example_xcom.py
[2025-06-20T16:12:02.702+0000] {processor.py:830} INFO - Processing file /home/airflow/.local/lib/python3.12/site-packages/airflow/example_dags/example_xcom.py for tasks to queue
[2025-06-20T16:12:02.704+0000] {logging_mixin.py:188} INFO - [2025-06-20T16:12:02.703+0000] {dagbag.py:540} INFO - Filling up the DagBag from /home/airflow/.local/lib/python3.12/site-packages/airflow/example_dags/example_xcom.py
[2025-06-20T16:12:02.711+0000] {processor.py:840} INFO - DAG(s) 'example_xcom' retrieved from /home/airflow/.local/lib/python3.12/site-packages/airflow/example_dags/example_xcom.py
[2025-06-20T16:12:02.731+0000] {logging_mixin.py:188} INFO - [2025-06-20T16:12:02.731+0000] {dag.py:3096} INFO - Sync 1 DAGs
[2025-06-20T16:12:02.750+0000] {logging_mixin.py:188} INFO - [2025-06-20T16:12:02.750+0000] {dag.py:3954} INFO - Setting next_dagrun for example_xcom to 2021-01-01 00:00:00+00:00, run_after=2021-01-01 00:00:00+00:00
[2025-06-20T16:12:02.766+0000] {processor.py:183} INFO - Processing /home/airflow/.local/lib/python3.12/site-packages/airflow/example_dags/example_xcom.py took 0.070 seconds
[2025-06-20T16:12:32.845+0000] {processor.py:161} INFO - Started process (PID=1515) to work on /home/airflow/.local/lib/python3.12/site-packages/airflow/example_dags/example_xcom.py
[2025-06-20T16:12:32.846+0000] {processor.py:830} INFO - Processing file /home/airflow/.local/lib/python3.12/site-packages/airflow/example_dags/example_xcom.py for tasks to queue
[2025-06-20T16:12:32.848+0000] {logging_mixin.py:188} INFO - [2025-06-20T16:12:32.847+0000] {dagbag.py:540} INFO - Filling up the DagBag from /home/airflow/.local/lib/python3.12/site-packages/airflow/example_dags/example_xcom.py
[2025-06-20T16:12:32.855+0000] {processor.py:840} INFO - DAG(s) 'example_xcom' retrieved from /home/airflow/.local/lib/python3.12/site-packages/airflow/example_dags/example_xcom.py
[2025-06-20T16:12:32.876+0000] {logging_mixin.py:188} INFO - [2025-06-20T16:12:32.876+0000] {dag.py:3096} INFO - Sync 1 DAGs
[2025-06-20T16:12:32.895+0000] {logging_mixin.py:188} INFO - [2025-06-20T16:12:32.895+0000] {dag.py:3954} INFO - Setting next_dagrun for example_xcom to 2021-01-01 00:00:00+00:00, run_after=2021-01-01 00:00:00+00:00
[2025-06-20T16:12:32.912+0000] {processor.py:183} INFO - Processing /home/airflow/.local/lib/python3.12/site-packages/airflow/example_dags/example_xcom.py took 0.073 seconds
[2025-06-20T16:13:03.880+0000] {processor.py:161} INFO - Started process (PID=1574) to work on /home/airflow/.local/lib/python3.12/site-packages/airflow/example_dags/example_xcom.py
[2025-06-20T16:13:03.881+0000] {processor.py:830} INFO - Processing file /home/airflow/.local/lib/python3.12/site-packages/airflow/example_dags/example_xcom.py for tasks to queue
[2025-06-20T16:13:03.883+0000] {logging_mixin.py:188} INFO - [2025-06-20T16:13:03.883+0000] {dagbag.py:540} INFO - Filling up the DagBag from /home/airflow/.local/lib/python3.12/site-packages/airflow/example_dags/example_xcom.py
[2025-06-20T16:13:03.890+0000] {processor.py:840} INFO - DAG(s) 'example_xcom' retrieved from /home/airflow/.local/lib/python3.12/site-packages/airflow/example_dags/example_xcom.py
[2025-06-20T16:13:03.912+0000] {logging_mixin.py:188} INFO - [2025-06-20T16:13:03.912+0000] {dag.py:3096} INFO - Sync 1 DAGs
[2025-06-20T16:13:03.931+0000] {logging_mixin.py:188} INFO - [2025-06-20T16:13:03.931+0000] {dag.py:3954} INFO - Setting next_dagrun for example_xcom to 2021-01-01 00:00:00+00:00, run_after=2021-01-01 00:00:00+00:00
[2025-06-20T16:13:03.947+0000] {processor.py:183} INFO - Processing /home/airflow/.local/lib/python3.12/site-packages/airflow/example_dags/example_xcom.py took 0.072 seconds
[2025-06-20T16:13:34.313+0000] {processor.py:161} INFO - Started process (PID=1633) to work on /home/airflow/.local/lib/python3.12/site-packages/airflow/example_dags/example_xcom.py
[2025-06-20T16:13:34.314+0000] {processor.py:830} INFO - Processing file /home/airflow/.local/lib/python3.12/site-packages/airflow/example_dags/example_xcom.py for tasks to queue
[2025-06-20T16:13:34.315+0000] {logging_mixin.py:188} INFO - [2025-06-20T16:13:34.315+0000] {dagbag.py:540} INFO - Filling up the DagBag from /home/airflow/.local/lib/python3.12/site-packages/airflow/example_dags/example_xcom.py
[2025-06-20T16:13:34.322+0000] {processor.py:840} INFO - DAG(s) 'example_xcom' retrieved from /home/airflow/.local/lib/python3.12/site-packages/airflow/example_dags/example_xcom.py
[2025-06-20T16:13:34.343+0000] {logging_mixin.py:188} INFO - [2025-06-20T16:13:34.343+0000] {dag.py:3096} INFO - Sync 1 DAGs
[2025-06-20T16:13:34.362+0000] {logging_mixin.py:188} INFO - [2025-06-20T16:13:34.362+0000] {dag.py:3954} INFO - Setting next_dagrun for example_xcom to 2021-01-01 00:00:00+00:00, run_after=2021-01-01 00:00:00+00:00
[2025-06-20T16:13:34.378+0000] {processor.py:183} INFO - Processing /home/airflow/.local/lib/python3.12/site-packages/airflow/example_dags/example_xcom.py took 0.071 seconds
[2025-06-20T16:14:04.650+0000] {processor.py:161} INFO - Started process (PID=1692) to work on /home/airflow/.local/lib/python3.12/site-packages/airflow/example_dags/example_xcom.py
[2025-06-20T16:14:04.651+0000] {processor.py:830} INFO - Processing file /home/airflow/.local/lib/python3.12/site-packages/airflow/example_dags/example_xcom.py for tasks to queue
[2025-06-20T16:14:04.653+0000] {logging_mixin.py:188} INFO - [2025-06-20T16:14:04.652+0000] {dagbag.py:540} INFO - Filling up the DagBag from /home/airflow/.local/lib/python3.12/site-packages/airflow/example_dags/example_xcom.py
[2025-06-20T16:14:04.660+0000] {processor.py:840} INFO - DAG(s) 'example_xcom' retrieved from /home/airflow/.local/lib/python3.12/site-packages/airflow/example_dags/example_xcom.py
[2025-06-20T16:14:04.681+0000] {logging_mixin.py:188} INFO - [2025-06-20T16:14:04.681+0000] {dag.py:3096} INFO - Sync 1 DAGs
[2025-06-20T16:14:04.700+0000] {logging_mixin.py:188} INFO - [2025-06-20T16:14:04.700+0000] {dag.py:3954} INFO - Setting next_dagrun for example_xcom to 2021-01-01 00:00:00+00:00, run_after=2021-01-01 00:00:00+00:00
[2025-06-20T16:14:04.715+0000] {processor.py:183} INFO - Processing /home/airflow/.local/lib/python3.12/site-packages/airflow/example_dags/example_xcom.py took 0.071 seconds
[2025-06-20T16:14:35.067+0000] {processor.py:161} INFO - Started process (PID=1751) to work on /home/airflow/.local/lib/python3.12/site-packages/airflow/example_dags/example_xcom.py
[2025-06-20T16:14:35.068+0000] {processor.py:830} INFO - Processing file /home/airflow/.local/lib/python3.12/site-packages/airflow/example_dags/example_xcom.py for tasks to queue
[2025-06-20T16:14:35.070+0000] {logging_mixin.py:188} INFO - [2025-06-20T16:14:35.070+0000] {dagbag.py:540} INFO - Filling up the DagBag from /home/airflow/.local/lib/python3.12/site-packages/airflow/example_dags/example_xcom.py
[2025-06-20T16:14:35.077+0000] {processor.py:840} INFO - DAG(s) 'example_xcom' retrieved from /home/airflow/.local/lib/python3.12/site-packages/airflow/example_dags/example_xcom.py
[2025-06-20T16:14:35.098+0000] {logging_mixin.py:188} INFO - [2025-06-20T16:14:35.097+0000] {dag.py:3096} INFO - Sync 1 DAGs
[2025-06-20T16:14:35.117+0000] {logging_mixin.py:188} INFO - [2025-06-20T16:14:35.116+0000] {dag.py:3954} INFO - Setting next_dagrun for example_xcom to 2021-01-01 00:00:00+00:00, run_after=2021-01-01 00:00:00+00:00
[2025-06-20T16:14:35.132+0000] {processor.py:183} INFO - Processing /home/airflow/.local/lib/python3.12/site-packages/airflow/example_dags/example_xcom.py took 0.071 seconds
[2025-06-20T16:15:05.412+0000] {processor.py:161} INFO - Started process (PID=1810) to work on /home/airflow/.local/lib/python3.12/site-packages/airflow/example_dags/example_xcom.py
[2025-06-20T16:15:05.413+0000] {processor.py:830} INFO - Processing file /home/airflow/.local/lib/python3.12/site-packages/airflow/example_dags/example_xcom.py for tasks to queue
[2025-06-20T16:15:05.414+0000] {logging_mixin.py:188} INFO - [2025-06-20T16:15:05.414+0000] {dagbag.py:540} INFO - Filling up the DagBag from /home/airflow/.local/lib/python3.12/site-packages/airflow/example_dags/example_xcom.py
[2025-06-20T16:15:05.422+0000] {processor.py:840} INFO - DAG(s) 'example_xcom' retrieved from /home/airflow/.local/lib/python3.12/site-packages/airflow/example_dags/example_xcom.py
[2025-06-20T16:15:05.442+0000] {logging_mixin.py:188} INFO - [2025-06-20T16:15:05.442+0000] {dag.py:3096} INFO - Sync 1 DAGs
[2025-06-20T16:15:05.461+0000] {logging_mixin.py:188} INFO - [2025-06-20T16:15:05.461+0000] {dag.py:3954} INFO - Setting next_dagrun for example_xcom to 2021-01-01 00:00:00+00:00, run_after=2021-01-01 00:00:00+00:00
[2025-06-20T16:15:05.477+0000] {processor.py:183} INFO - Processing /home/airflow/.local/lib/python3.12/site-packages/airflow/example_dags/example_xcom.py took 0.071 seconds
[2025-06-20T16:15:35.625+0000] {processor.py:161} INFO - Started process (PID=1869) to work on /home/airflow/.local/lib/python3.12/site-packages/airflow/example_dags/example_xcom.py
[2025-06-20T16:15:35.626+0000] {processor.py:830} INFO - Processing file /home/airflow/.local/lib/python3.12/site-packages/airflow/example_dags/example_xcom.py for tasks to queue
[2025-06-20T16:15:35.628+0000] {logging_mixin.py:188} INFO - [2025-06-20T16:15:35.627+0000] {dagbag.py:540} INFO - Filling up the DagBag from /home/airflow/.local/lib/python3.12/site-packages/airflow/example_dags/example_xcom.py
[2025-06-20T16:15:35.635+0000] {processor.py:840} INFO - DAG(s) 'example_xcom' retrieved from /home/airflow/.local/lib/python3.12/site-packages/airflow/example_dags/example_xcom.py
[2025-06-20T16:15:35.655+0000] {logging_mixin.py:188} INFO - [2025-06-20T16:15:35.655+0000] {dag.py:3096} INFO - Sync 1 DAGs
[2025-06-20T16:15:35.674+0000] {logging_mixin.py:188} INFO - [2025-06-20T16:15:35.674+0000] {dag.py:3954} INFO - Setting next_dagrun for example_xcom to 2021-01-01 00:00:00+00:00, run_after=2021-01-01 00:00:00+00:00
[2025-06-20T16:15:35.691+0000] {processor.py:183} INFO - Processing /home/airflow/.local/lib/python3.12/site-packages/airflow/example_dags/example_xcom.py took 0.072 seconds
[2025-06-20T16:16:06.394+0000] {processor.py:161} INFO - Started process (PID=1928) to work on /home/airflow/.local/lib/python3.12/site-packages/airflow/example_dags/example_xcom.py
[2025-06-20T16:16:06.395+0000] {processor.py:830} INFO - Processing file /home/airflow/.local/lib/python3.12/site-packages/airflow/example_dags/example_xcom.py for tasks to queue
[2025-06-20T16:16:06.397+0000] {logging_mixin.py:188} INFO - [2025-06-20T16:16:06.396+0000] {dagbag.py:540} INFO - Filling up the DagBag from /home/airflow/.local/lib/python3.12/site-packages/airflow/example_dags/example_xcom.py
[2025-06-20T16:16:06.404+0000] {processor.py:840} INFO - DAG(s) 'example_xcom' retrieved from /home/airflow/.local/lib/python3.12/site-packages/airflow/example_dags/example_xcom.py
[2025-06-20T16:16:06.424+0000] {logging_mixin.py:188} INFO - [2025-06-20T16:16:06.424+0000] {dag.py:3096} INFO - Sync 1 DAGs
[2025-06-20T16:16:06.443+0000] {logging_mixin.py:188} INFO - [2025-06-20T16:16:06.443+0000] {dag.py:3954} INFO - Setting next_dagrun for example_xcom to 2021-01-01 00:00:00+00:00, run_after=2021-01-01 00:00:00+00:00
[2025-06-20T16:16:06.458+0000] {processor.py:183} INFO - Processing /home/airflow/.local/lib/python3.12/site-packages/airflow/example_dags/example_xcom.py took 0.071 seconds
[2025-06-20T16:16:36.742+0000] {processor.py:161} INFO - Started process (PID=1987) to work on /home/airflow/.local/lib/python3.12/site-packages/airflow/example_dags/example_xcom.py
[2025-06-20T16:16:36.743+0000] {processor.py:830} INFO - Processing file /home/airflow/.local/lib/python3.12/site-packages/airflow/example_dags/example_xcom.py for tasks to queue
[2025-06-20T16:16:36.745+0000] {logging_mixin.py:188} INFO - [2025-06-20T16:16:36.745+0000] {dagbag.py:540} INFO - Filling up the DagBag from /home/airflow/.local/lib/python3.12/site-packages/airflow/example_dags/example_xcom.py
[2025-06-20T16:16:36.752+0000] {processor.py:840} INFO - DAG(s) 'example_xcom' retrieved from /home/airflow/.local/lib/python3.12/site-packages/airflow/example_dags/example_xcom.py
[2025-06-20T16:16:36.773+0000] {logging_mixin.py:188} INFO - [2025-06-20T16:16:36.773+0000] {dag.py:3096} INFO - Sync 1 DAGs
[2025-06-20T16:16:36.792+0000] {logging_mixin.py:188} INFO - [2025-06-20T16:16:36.792+0000] {dag.py:3954} INFO - Setting next_dagrun for example_xcom to 2021-01-01 00:00:00+00:00, run_after=2021-01-01 00:00:00+00:00
[2025-06-20T16:16:36.808+0000] {processor.py:183} INFO - Processing /home/airflow/.local/lib/python3.12/site-packages/airflow/example_dags/example_xcom.py took 0.072 seconds
[2025-06-20T16:17:07.120+0000] {processor.py:161} INFO - Started process (PID=2047) to work on /home/airflow/.local/lib/python3.12/site-packages/airflow/example_dags/example_xcom.py
[2025-06-20T16:17:07.121+0000] {processor.py:830} INFO - Processing file /home/airflow/.local/lib/python3.12/site-packages/airflow/example_dags/example_xcom.py for tasks to queue
[2025-06-20T16:17:07.123+0000] {logging_mixin.py:188} INFO - [2025-06-20T16:17:07.122+0000] {dagbag.py:540} INFO - Filling up the DagBag from /home/airflow/.local/lib/python3.12/site-packages/airflow/example_dags/example_xcom.py
[2025-06-20T16:17:07.130+0000] {processor.py:840} INFO - DAG(s) 'example_xcom' retrieved from /home/airflow/.local/lib/python3.12/site-packages/airflow/example_dags/example_xcom.py
[2025-06-20T16:17:07.150+0000] {logging_mixin.py:188} INFO - [2025-06-20T16:17:07.150+0000] {dag.py:3096} INFO - Sync 1 DAGs
[2025-06-20T16:17:07.169+0000] {logging_mixin.py:188} INFO - [2025-06-20T16:17:07.169+0000] {dag.py:3954} INFO - Setting next_dagrun for example_xcom to 2021-01-01 00:00:00+00:00, run_after=2021-01-01 00:00:00+00:00
[2025-06-20T16:17:07.185+0000] {processor.py:183} INFO - Processing /home/airflow/.local/lib/python3.12/site-packages/airflow/example_dags/example_xcom.py took 0.071 seconds
[2025-06-20T16:17:37.248+0000] {processor.py:161} INFO - Started process (PID=2106) to work on /home/airflow/.local/lib/python3.12/site-packages/airflow/example_dags/example_xcom.py
[2025-06-20T16:17:37.249+0000] {processor.py:830} INFO - Processing file /home/airflow/.local/lib/python3.12/site-packages/airflow/example_dags/example_xcom.py for tasks to queue
[2025-06-20T16:17:37.251+0000] {logging_mixin.py:188} INFO - [2025-06-20T16:17:37.250+0000] {dagbag.py:540} INFO - Filling up the DagBag from /home/airflow/.local/lib/python3.12/site-packages/airflow/example_dags/example_xcom.py
[2025-06-20T16:17:37.258+0000] {processor.py:840} INFO - DAG(s) 'example_xcom' retrieved from /home/airflow/.local/lib/python3.12/site-packages/airflow/example_dags/example_xcom.py
[2025-06-20T16:17:37.278+0000] {logging_mixin.py:188} INFO - [2025-06-20T16:17:37.278+0000] {dag.py:3096} INFO - Sync 1 DAGs
[2025-06-20T16:17:37.297+0000] {logging_mixin.py:188} INFO - [2025-06-20T16:17:37.297+0000] {dag.py:3954} INFO - Setting next_dagrun for example_xcom to 2021-01-01 00:00:00+00:00, run_after=2021-01-01 00:00:00+00:00
[2025-06-20T16:17:37.313+0000] {processor.py:183} INFO - Processing /home/airflow/.local/lib/python3.12/site-packages/airflow/example_dags/example_xcom.py took 0.070 seconds
[2025-06-20T16:18:08.338+0000] {processor.py:161} INFO - Started process (PID=2165) to work on /home/airflow/.local/lib/python3.12/site-packages/airflow/example_dags/example_xcom.py
[2025-06-20T16:18:08.339+0000] {processor.py:830} INFO - Processing file /home/airflow/.local/lib/python3.12/site-packages/airflow/example_dags/example_xcom.py for tasks to queue
[2025-06-20T16:18:08.341+0000] {logging_mixin.py:188} INFO - [2025-06-20T16:18:08.341+0000] {dagbag.py:540} INFO - Filling up the DagBag from /home/airflow/.local/lib/python3.12/site-packages/airflow/example_dags/example_xcom.py
[2025-06-20T16:18:08.350+0000] {processor.py:840} INFO - DAG(s) 'example_xcom' retrieved from /home/airflow/.local/lib/python3.12/site-packages/airflow/example_dags/example_xcom.py
[2025-06-20T16:18:08.373+0000] {logging_mixin.py:188} INFO - [2025-06-20T16:18:08.372+0000] {dag.py:3096} INFO - Sync 1 DAGs
[2025-06-20T16:18:08.393+0000] {logging_mixin.py:188} INFO - [2025-06-20T16:18:08.393+0000] {dag.py:3954} INFO - Setting next_dagrun for example_xcom to 2021-01-01 00:00:00+00:00, run_after=2021-01-01 00:00:00+00:00
[2025-06-20T16:18:08.409+0000] {processor.py:183} INFO - Processing /home/airflow/.local/lib/python3.12/site-packages/airflow/example_dags/example_xcom.py took 0.077 seconds
[2025-06-20T16:18:38.670+0000] {processor.py:161} INFO - Started process (PID=2223) to work on /home/airflow/.local/lib/python3.12/site-packages/airflow/example_dags/example_xcom.py
[2025-06-20T16:18:38.671+0000] {processor.py:830} INFO - Processing file /home/airflow/.local/lib/python3.12/site-packages/airflow/example_dags/example_xcom.py for tasks to queue
[2025-06-20T16:18:38.673+0000] {logging_mixin.py:188} INFO - [2025-06-20T16:18:38.673+0000] {dagbag.py:540} INFO - Filling up the DagBag from /home/airflow/.local/lib/python3.12/site-packages/airflow/example_dags/example_xcom.py
[2025-06-20T16:18:38.681+0000] {processor.py:840} INFO - DAG(s) 'example_xcom' retrieved from /home/airflow/.local/lib/python3.12/site-packages/airflow/example_dags/example_xcom.py
[2025-06-20T16:18:38.704+0000] {logging_mixin.py:188} INFO - [2025-06-20T16:18:38.703+0000] {dag.py:3096} INFO - Sync 1 DAGs
[2025-06-20T16:18:38.728+0000] {logging_mixin.py:188} INFO - [2025-06-20T16:18:38.728+0000] {dag.py:3954} INFO - Setting next_dagrun for example_xcom to 2021-01-01 00:00:00+00:00, run_after=2021-01-01 00:00:00+00:00
[2025-06-20T16:18:38.886+0000] {processor.py:183} INFO - Processing /home/airflow/.local/lib/python3.12/site-packages/airflow/example_dags/example_xcom.py took 0.223 seconds
[2025-06-20T16:19:09.226+0000] {processor.py:161} INFO - Started process (PID=2281) to work on /home/airflow/.local/lib/python3.12/site-packages/airflow/example_dags/example_xcom.py
[2025-06-20T16:19:09.227+0000] {processor.py:830} INFO - Processing file /home/airflow/.local/lib/python3.12/site-packages/airflow/example_dags/example_xcom.py for tasks to queue
[2025-06-20T16:19:09.229+0000] {logging_mixin.py:188} INFO - [2025-06-20T16:19:09.228+0000] {dagbag.py:540} INFO - Filling up the DagBag from /home/airflow/.local/lib/python3.12/site-packages/airflow/example_dags/example_xcom.py
[2025-06-20T16:19:09.236+0000] {processor.py:840} INFO - DAG(s) 'example_xcom' retrieved from /home/airflow/.local/lib/python3.12/site-packages/airflow/example_dags/example_xcom.py
[2025-06-20T16:19:09.260+0000] {logging_mixin.py:188} INFO - [2025-06-20T16:19:09.259+0000] {dag.py:3096} INFO - Sync 1 DAGs
[2025-06-20T16:19:09.280+0000] {logging_mixin.py:188} INFO - [2025-06-20T16:19:09.280+0000] {dag.py:3954} INFO - Setting next_dagrun for example_xcom to 2021-01-01 00:00:00+00:00, run_after=2021-01-01 00:00:00+00:00
[2025-06-20T16:19:09.297+0000] {processor.py:183} INFO - Processing /home/airflow/.local/lib/python3.12/site-packages/airflow/example_dags/example_xcom.py took 0.077 seconds
[2025-06-20T16:19:40.229+0000] {processor.py:161} INFO - Started process (PID=2340) to work on /home/airflow/.local/lib/python3.12/site-packages/airflow/example_dags/example_xcom.py
[2025-06-20T16:19:40.230+0000] {processor.py:830} INFO - Processing file /home/airflow/.local/lib/python3.12/site-packages/airflow/example_dags/example_xcom.py for tasks to queue
[2025-06-20T16:19:40.232+0000] {logging_mixin.py:188} INFO - [2025-06-20T16:19:40.231+0000] {dagbag.py:540} INFO - Filling up the DagBag from /home/airflow/.local/lib/python3.12/site-packages/airflow/example_dags/example_xcom.py
[2025-06-20T16:19:40.239+0000] {processor.py:840} INFO - DAG(s) 'example_xcom' retrieved from /home/airflow/.local/lib/python3.12/site-packages/airflow/example_dags/example_xcom.py
[2025-06-20T16:19:40.260+0000] {logging_mixin.py:188} INFO - [2025-06-20T16:19:40.260+0000] {dag.py:3096} INFO - Sync 1 DAGs
[2025-06-20T16:19:40.280+0000] {logging_mixin.py:188} INFO - [2025-06-20T16:19:40.280+0000] {dag.py:3954} INFO - Setting next_dagrun for example_xcom to 2021-01-01 00:00:00+00:00, run_after=2021-01-01 00:00:00+00:00
[2025-06-20T16:19:40.297+0000] {processor.py:183} INFO - Processing /home/airflow/.local/lib/python3.12/site-packages/airflow/example_dags/example_xcom.py took 0.074 seconds
[2025-06-20T16:20:11.459+0000] {processor.py:161} INFO - Started process (PID=2399) to work on /home/airflow/.local/lib/python3.12/site-packages/airflow/example_dags/example_xcom.py
[2025-06-20T16:20:11.460+0000] {processor.py:830} INFO - Processing file /home/airflow/.local/lib/python3.12/site-packages/airflow/example_dags/example_xcom.py for tasks to queue
[2025-06-20T16:20:11.462+0000] {logging_mixin.py:188} INFO - [2025-06-20T16:20:11.462+0000] {dagbag.py:540} INFO - Filling up the DagBag from /home/airflow/.local/lib/python3.12/site-packages/airflow/example_dags/example_xcom.py
[2025-06-20T16:20:11.470+0000] {processor.py:840} INFO - DAG(s) 'example_xcom' retrieved from /home/airflow/.local/lib/python3.12/site-packages/airflow/example_dags/example_xcom.py
[2025-06-20T16:20:11.611+0000] {logging_mixin.py:188} INFO - [2025-06-20T16:20:11.611+0000] {dag.py:3096} INFO - Sync 1 DAGs
[2025-06-20T16:20:11.627+0000] {logging_mixin.py:188} INFO - [2025-06-20T16:20:11.627+0000] {dag.py:3954} INFO - Setting next_dagrun for example_xcom to 2021-01-01 00:00:00+00:00, run_after=2021-01-01 00:00:00+00:00
[2025-06-20T16:20:11.641+0000] {processor.py:183} INFO - Processing /home/airflow/.local/lib/python3.12/site-packages/airflow/example_dags/example_xcom.py took 0.189 seconds
[2025-06-20T16:20:41.782+0000] {processor.py:161} INFO - Started process (PID=2458) to work on /home/airflow/.local/lib/python3.12/site-packages/airflow/example_dags/example_xcom.py
[2025-06-20T16:20:41.782+0000] {processor.py:830} INFO - Processing file /home/airflow/.local/lib/python3.12/site-packages/airflow/example_dags/example_xcom.py for tasks to queue
[2025-06-20T16:20:41.784+0000] {logging_mixin.py:188} INFO - [2025-06-20T16:20:41.784+0000] {dagbag.py:540} INFO - Filling up the DagBag from /home/airflow/.local/lib/python3.12/site-packages/airflow/example_dags/example_xcom.py
[2025-06-20T16:20:41.792+0000] {processor.py:840} INFO - DAG(s) 'example_xcom' retrieved from /home/airflow/.local/lib/python3.12/site-packages/airflow/example_dags/example_xcom.py
[2025-06-20T16:20:41.811+0000] {logging_mixin.py:188} INFO - [2025-06-20T16:20:41.811+0000] {dag.py:3096} INFO - Sync 1 DAGs
[2025-06-20T16:20:41.831+0000] {logging_mixin.py:188} INFO - [2025-06-20T16:20:41.831+0000] {dag.py:3954} INFO - Setting next_dagrun for example_xcom to 2021-01-01 00:00:00+00:00, run_after=2021-01-01 00:00:00+00:00
[2025-06-20T16:20:41.847+0000] {processor.py:183} INFO - Processing /home/airflow/.local/lib/python3.12/site-packages/airflow/example_dags/example_xcom.py took 0.071 seconds
[2025-06-20T16:21:12.009+0000] {processor.py:161} INFO - Started process (PID=2517) to work on /home/airflow/.local/lib/python3.12/site-packages/airflow/example_dags/example_xcom.py
[2025-06-20T16:21:12.009+0000] {processor.py:830} INFO - Processing file /home/airflow/.local/lib/python3.12/site-packages/airflow/example_dags/example_xcom.py for tasks to queue
[2025-06-20T16:21:12.011+0000] {logging_mixin.py:188} INFO - [2025-06-20T16:21:12.011+0000] {dagbag.py:540} INFO - Filling up the DagBag from /home/airflow/.local/lib/python3.12/site-packages/airflow/example_dags/example_xcom.py
[2025-06-20T16:21:12.019+0000] {processor.py:840} INFO - DAG(s) 'example_xcom' retrieved from /home/airflow/.local/lib/python3.12/site-packages/airflow/example_dags/example_xcom.py
[2025-06-20T16:21:12.038+0000] {logging_mixin.py:188} INFO - [2025-06-20T16:21:12.038+0000] {dag.py:3096} INFO - Sync 1 DAGs
[2025-06-20T16:21:12.059+0000] {logging_mixin.py:188} INFO - [2025-06-20T16:21:12.059+0000] {dag.py:3954} INFO - Setting next_dagrun for example_xcom to 2021-01-01 00:00:00+00:00, run_after=2021-01-01 00:00:00+00:00
[2025-06-20T16:21:12.075+0000] {processor.py:183} INFO - Processing /home/airflow/.local/lib/python3.12/site-packages/airflow/example_dags/example_xcom.py took 0.072 seconds
[2025-06-20T16:21:42.215+0000] {processor.py:161} INFO - Started process (PID=2577) to work on /home/airflow/.local/lib/python3.12/site-packages/airflow/example_dags/example_xcom.py
[2025-06-20T16:21:42.216+0000] {processor.py:830} INFO - Processing file /home/airflow/.local/lib/python3.12/site-packages/airflow/example_dags/example_xcom.py for tasks to queue
[2025-06-20T16:21:42.218+0000] {logging_mixin.py:188} INFO - [2025-06-20T16:21:42.217+0000] {dagbag.py:540} INFO - Filling up the DagBag from /home/airflow/.local/lib/python3.12/site-packages/airflow/example_dags/example_xcom.py
[2025-06-20T16:21:42.225+0000] {processor.py:840} INFO - DAG(s) 'example_xcom' retrieved from /home/airflow/.local/lib/python3.12/site-packages/airflow/example_dags/example_xcom.py
[2025-06-20T16:21:42.246+0000] {logging_mixin.py:188} INFO - [2025-06-20T16:21:42.246+0000] {dag.py:3096} INFO - Sync 1 DAGs
[2025-06-20T16:21:42.265+0000] {logging_mixin.py:188} INFO - [2025-06-20T16:21:42.265+0000] {dag.py:3954} INFO - Setting next_dagrun for example_xcom to 2021-01-01 00:00:00+00:00, run_after=2021-01-01 00:00:00+00:00
[2025-06-20T16:21:42.281+0000] {processor.py:183} INFO - Processing /home/airflow/.local/lib/python3.12/site-packages/airflow/example_dags/example_xcom.py took 0.072 seconds
[2025-06-20T16:22:12.529+0000] {processor.py:161} INFO - Started process (PID=2636) to work on /home/airflow/.local/lib/python3.12/site-packages/airflow/example_dags/example_xcom.py
[2025-06-20T16:22:12.529+0000] {processor.py:830} INFO - Processing file /home/airflow/.local/lib/python3.12/site-packages/airflow/example_dags/example_xcom.py for tasks to queue
[2025-06-20T16:22:12.531+0000] {logging_mixin.py:188} INFO - [2025-06-20T16:22:12.531+0000] {dagbag.py:540} INFO - Filling up the DagBag from /home/airflow/.local/lib/python3.12/site-packages/airflow/example_dags/example_xcom.py
[2025-06-20T16:22:12.539+0000] {processor.py:840} INFO - DAG(s) 'example_xcom' retrieved from /home/airflow/.local/lib/python3.12/site-packages/airflow/example_dags/example_xcom.py
[2025-06-20T16:22:12.560+0000] {logging_mixin.py:188} INFO - [2025-06-20T16:22:12.560+0000] {dag.py:3096} INFO - Sync 1 DAGs
[2025-06-20T16:22:12.580+0000] {logging_mixin.py:188} INFO - [2025-06-20T16:22:12.580+0000] {dag.py:3954} INFO - Setting next_dagrun for example_xcom to 2021-01-01 00:00:00+00:00, run_after=2021-01-01 00:00:00+00:00
[2025-06-20T16:22:12.597+0000] {processor.py:183} INFO - Processing /home/airflow/.local/lib/python3.12/site-packages/airflow/example_dags/example_xcom.py took 0.075 seconds
[2025-06-20T16:22:42.756+0000] {processor.py:161} INFO - Started process (PID=2695) to work on /home/airflow/.local/lib/python3.12/site-packages/airflow/example_dags/example_xcom.py
[2025-06-20T16:22:42.757+0000] {processor.py:830} INFO - Processing file /home/airflow/.local/lib/python3.12/site-packages/airflow/example_dags/example_xcom.py for tasks to queue
[2025-06-20T16:22:42.759+0000] {logging_mixin.py:188} INFO - [2025-06-20T16:22:42.758+0000] {dagbag.py:540} INFO - Filling up the DagBag from /home/airflow/.local/lib/python3.12/site-packages/airflow/example_dags/example_xcom.py
[2025-06-20T16:22:42.766+0000] {processor.py:840} INFO - DAG(s) 'example_xcom' retrieved from /home/airflow/.local/lib/python3.12/site-packages/airflow/example_dags/example_xcom.py
[2025-06-20T16:22:42.787+0000] {logging_mixin.py:188} INFO - [2025-06-20T16:22:42.787+0000] {dag.py:3096} INFO - Sync 1 DAGs
[2025-06-20T16:22:42.806+0000] {logging_mixin.py:188} INFO - [2025-06-20T16:22:42.806+0000] {dag.py:3954} INFO - Setting next_dagrun for example_xcom to 2021-01-01 00:00:00+00:00, run_after=2021-01-01 00:00:00+00:00
[2025-06-20T16:22:42.822+0000] {processor.py:183} INFO - Processing /home/airflow/.local/lib/python3.12/site-packages/airflow/example_dags/example_xcom.py took 0.072 seconds
[2025-06-20T16:23:12.874+0000] {processor.py:161} INFO - Started process (PID=2754) to work on /home/airflow/.local/lib/python3.12/site-packages/airflow/example_dags/example_xcom.py
[2025-06-20T16:23:12.875+0000] {processor.py:830} INFO - Processing file /home/airflow/.local/lib/python3.12/site-packages/airflow/example_dags/example_xcom.py for tasks to queue
[2025-06-20T16:23:12.877+0000] {logging_mixin.py:188} INFO - [2025-06-20T16:23:12.876+0000] {dagbag.py:540} INFO - Filling up the DagBag from /home/airflow/.local/lib/python3.12/site-packages/airflow/example_dags/example_xcom.py
[2025-06-20T16:23:12.884+0000] {processor.py:840} INFO - DAG(s) 'example_xcom' retrieved from /home/airflow/.local/lib/python3.12/site-packages/airflow/example_dags/example_xcom.py
[2025-06-20T16:23:12.904+0000] {logging_mixin.py:188} INFO - [2025-06-20T16:23:12.904+0000] {dag.py:3096} INFO - Sync 1 DAGs
[2025-06-20T16:23:12.924+0000] {logging_mixin.py:188} INFO - [2025-06-20T16:23:12.923+0000] {dag.py:3954} INFO - Setting next_dagrun for example_xcom to 2021-01-01 00:00:00+00:00, run_after=2021-01-01 00:00:00+00:00
[2025-06-20T16:23:12.939+0000] {processor.py:183} INFO - Processing /home/airflow/.local/lib/python3.12/site-packages/airflow/example_dags/example_xcom.py took 0.071 seconds
[2025-06-20T16:24:25.849+0000] {processor.py:161} INFO - Started process (PID=93) to work on /home/airflow/.local/lib/python3.12/site-packages/airflow/example_dags/example_xcom.py
[2025-06-20T16:24:25.850+0000] {processor.py:830} INFO - Processing file /home/airflow/.local/lib/python3.12/site-packages/airflow/example_dags/example_xcom.py for tasks to queue
[2025-06-20T16:24:25.852+0000] {logging_mixin.py:188} INFO - [2025-06-20T16:24:25.852+0000] {dagbag.py:540} INFO - Filling up the DagBag from /home/airflow/.local/lib/python3.12/site-packages/airflow/example_dags/example_xcom.py
[2025-06-20T16:24:25.860+0000] {processor.py:840} INFO - DAG(s) 'example_xcom' retrieved from /home/airflow/.local/lib/python3.12/site-packages/airflow/example_dags/example_xcom.py
[2025-06-20T16:24:25.871+0000] {logging_mixin.py:188} INFO - [2025-06-20T16:24:25.871+0000] {dag.py:3096} INFO - Sync 1 DAGs
[2025-06-20T16:24:25.896+0000] {logging_mixin.py:188} INFO - [2025-06-20T16:24:25.896+0000] {dag.py:3954} INFO - Setting next_dagrun for example_xcom to 2021-01-01 00:00:00+00:00, run_after=2021-01-01 00:00:00+00:00
[2025-06-20T16:24:25.912+0000] {processor.py:183} INFO - Processing /home/airflow/.local/lib/python3.12/site-packages/airflow/example_dags/example_xcom.py took 0.069 seconds
[2025-06-20T16:24:57.826+0000] {processor.py:161} INFO - Started process (PID=158) to work on /home/airflow/.local/lib/python3.12/site-packages/airflow/example_dags/example_xcom.py
[2025-06-20T16:24:57.827+0000] {processor.py:830} INFO - Processing file /home/airflow/.local/lib/python3.12/site-packages/airflow/example_dags/example_xcom.py for tasks to queue
[2025-06-20T16:24:57.829+0000] {logging_mixin.py:188} INFO - [2025-06-20T16:24:57.828+0000] {dagbag.py:540} INFO - Filling up the DagBag from /home/airflow/.local/lib/python3.12/site-packages/airflow/example_dags/example_xcom.py
[2025-06-20T16:24:57.836+0000] {processor.py:840} INFO - DAG(s) 'example_xcom' retrieved from /home/airflow/.local/lib/python3.12/site-packages/airflow/example_dags/example_xcom.py
[2025-06-20T16:24:57.940+0000] {logging_mixin.py:188} INFO - [2025-06-20T16:24:57.940+0000] {dag.py:3096} INFO - Sync 1 DAGs
[2025-06-20T16:24:57.957+0000] {logging_mixin.py:188} INFO - [2025-06-20T16:24:57.957+0000] {dag.py:3954} INFO - Setting next_dagrun for example_xcom to 2021-01-01 00:00:00+00:00, run_after=2021-01-01 00:00:00+00:00
[2025-06-20T16:24:57.974+0000] {processor.py:183} INFO - Processing /home/airflow/.local/lib/python3.12/site-packages/airflow/example_dags/example_xcom.py took 0.154 seconds
[2025-06-20T16:25:28.083+0000] {processor.py:161} INFO - Started process (PID=217) to work on /home/airflow/.local/lib/python3.12/site-packages/airflow/example_dags/example_xcom.py
[2025-06-20T16:25:28.084+0000] {processor.py:830} INFO - Processing file /home/airflow/.local/lib/python3.12/site-packages/airflow/example_dags/example_xcom.py for tasks to queue
[2025-06-20T16:25:28.086+0000] {logging_mixin.py:188} INFO - [2025-06-20T16:25:28.086+0000] {dagbag.py:540} INFO - Filling up the DagBag from /home/airflow/.local/lib/python3.12/site-packages/airflow/example_dags/example_xcom.py
[2025-06-20T16:25:28.094+0000] {processor.py:840} INFO - DAG(s) 'example_xcom' retrieved from /home/airflow/.local/lib/python3.12/site-packages/airflow/example_dags/example_xcom.py
[2025-06-20T16:25:28.115+0000] {logging_mixin.py:188} INFO - [2025-06-20T16:25:28.115+0000] {dag.py:3096} INFO - Sync 1 DAGs
[2025-06-20T16:25:28.135+0000] {logging_mixin.py:188} INFO - [2025-06-20T16:25:28.135+0000] {dag.py:3954} INFO - Setting next_dagrun for example_xcom to 2021-01-01 00:00:00+00:00, run_after=2021-01-01 00:00:00+00:00
[2025-06-20T16:25:28.150+0000] {processor.py:183} INFO - Processing /home/airflow/.local/lib/python3.12/site-packages/airflow/example_dags/example_xcom.py took 0.075 seconds
[2025-06-20T16:25:58.197+0000] {processor.py:161} INFO - Started process (PID=276) to work on /home/airflow/.local/lib/python3.12/site-packages/airflow/example_dags/example_xcom.py
[2025-06-20T16:25:58.198+0000] {processor.py:830} INFO - Processing file /home/airflow/.local/lib/python3.12/site-packages/airflow/example_dags/example_xcom.py for tasks to queue
[2025-06-20T16:25:58.200+0000] {logging_mixin.py:188} INFO - [2025-06-20T16:25:58.199+0000] {dagbag.py:540} INFO - Filling up the DagBag from /home/airflow/.local/lib/python3.12/site-packages/airflow/example_dags/example_xcom.py
[2025-06-20T16:25:58.207+0000] {processor.py:840} INFO - DAG(s) 'example_xcom' retrieved from /home/airflow/.local/lib/python3.12/site-packages/airflow/example_dags/example_xcom.py
[2025-06-20T16:25:58.228+0000] {logging_mixin.py:188} INFO - [2025-06-20T16:25:58.228+0000] {dag.py:3096} INFO - Sync 1 DAGs
[2025-06-20T16:25:58.247+0000] {logging_mixin.py:188} INFO - [2025-06-20T16:25:58.247+0000] {dag.py:3954} INFO - Setting next_dagrun for example_xcom to 2021-01-01 00:00:00+00:00, run_after=2021-01-01 00:00:00+00:00
[2025-06-20T16:25:58.262+0000] {processor.py:183} INFO - Processing /home/airflow/.local/lib/python3.12/site-packages/airflow/example_dags/example_xcom.py took 0.072 seconds
[2025-06-20T16:26:28.384+0000] {processor.py:161} INFO - Started process (PID=335) to work on /home/airflow/.local/lib/python3.12/site-packages/airflow/example_dags/example_xcom.py
[2025-06-20T16:26:28.385+0000] {processor.py:830} INFO - Processing file /home/airflow/.local/lib/python3.12/site-packages/airflow/example_dags/example_xcom.py for tasks to queue
[2025-06-20T16:26:28.386+0000] {logging_mixin.py:188} INFO - [2025-06-20T16:26:28.386+0000] {dagbag.py:540} INFO - Filling up the DagBag from /home/airflow/.local/lib/python3.12/site-packages/airflow/example_dags/example_xcom.py
[2025-06-20T16:26:28.394+0000] {processor.py:840} INFO - DAG(s) 'example_xcom' retrieved from /home/airflow/.local/lib/python3.12/site-packages/airflow/example_dags/example_xcom.py
[2025-06-20T16:26:28.413+0000] {logging_mixin.py:188} INFO - [2025-06-20T16:26:28.413+0000] {dag.py:3096} INFO - Sync 1 DAGs
[2025-06-20T16:26:28.432+0000] {logging_mixin.py:188} INFO - [2025-06-20T16:26:28.432+0000] {dag.py:3954} INFO - Setting next_dagrun for example_xcom to 2021-01-01 00:00:00+00:00, run_after=2021-01-01 00:00:00+00:00
[2025-06-20T16:26:28.448+0000] {processor.py:183} INFO - Processing /home/airflow/.local/lib/python3.12/site-packages/airflow/example_dags/example_xcom.py took 0.070 seconds
[2025-06-20T16:26:58.650+0000] {processor.py:161} INFO - Started process (PID=394) to work on /home/airflow/.local/lib/python3.12/site-packages/airflow/example_dags/example_xcom.py
[2025-06-20T16:26:58.650+0000] {processor.py:830} INFO - Processing file /home/airflow/.local/lib/python3.12/site-packages/airflow/example_dags/example_xcom.py for tasks to queue
[2025-06-20T16:26:58.652+0000] {logging_mixin.py:188} INFO - [2025-06-20T16:26:58.652+0000] {dagbag.py:540} INFO - Filling up the DagBag from /home/airflow/.local/lib/python3.12/site-packages/airflow/example_dags/example_xcom.py
[2025-06-20T16:26:58.660+0000] {processor.py:840} INFO - DAG(s) 'example_xcom' retrieved from /home/airflow/.local/lib/python3.12/site-packages/airflow/example_dags/example_xcom.py
[2025-06-20T16:26:58.680+0000] {logging_mixin.py:188} INFO - [2025-06-20T16:26:58.680+0000] {dag.py:3096} INFO - Sync 1 DAGs
[2025-06-20T16:26:58.699+0000] {logging_mixin.py:188} INFO - [2025-06-20T16:26:58.699+0000] {dag.py:3954} INFO - Setting next_dagrun for example_xcom to 2021-01-01 00:00:00+00:00, run_after=2021-01-01 00:00:00+00:00
[2025-06-20T16:26:58.714+0000] {processor.py:183} INFO - Processing /home/airflow/.local/lib/python3.12/site-packages/airflow/example_dags/example_xcom.py took 0.071 seconds
[2025-06-20T16:27:28.925+0000] {processor.py:161} INFO - Started process (PID=453) to work on /home/airflow/.local/lib/python3.12/site-packages/airflow/example_dags/example_xcom.py
[2025-06-20T16:27:28.926+0000] {processor.py:830} INFO - Processing file /home/airflow/.local/lib/python3.12/site-packages/airflow/example_dags/example_xcom.py for tasks to queue
[2025-06-20T16:27:28.928+0000] {logging_mixin.py:188} INFO - [2025-06-20T16:27:28.927+0000] {dagbag.py:540} INFO - Filling up the DagBag from /home/airflow/.local/lib/python3.12/site-packages/airflow/example_dags/example_xcom.py
[2025-06-20T16:27:28.938+0000] {processor.py:840} INFO - DAG(s) 'example_xcom' retrieved from /home/airflow/.local/lib/python3.12/site-packages/airflow/example_dags/example_xcom.py
[2025-06-20T16:27:28.964+0000] {logging_mixin.py:188} INFO - [2025-06-20T16:27:28.963+0000] {dag.py:3096} INFO - Sync 1 DAGs
[2025-06-20T16:27:28.995+0000] {logging_mixin.py:188} INFO - [2025-06-20T16:27:28.995+0000] {dag.py:3954} INFO - Setting next_dagrun for example_xcom to 2021-01-01 00:00:00+00:00, run_after=2021-01-01 00:00:00+00:00
[2025-06-20T16:27:29.016+0000] {processor.py:183} INFO - Processing /home/airflow/.local/lib/python3.12/site-packages/airflow/example_dags/example_xcom.py took 0.098 seconds
[2025-06-20T16:27:59.184+0000] {processor.py:161} INFO - Started process (PID=512) to work on /home/airflow/.local/lib/python3.12/site-packages/airflow/example_dags/example_xcom.py
[2025-06-20T16:27:59.185+0000] {processor.py:830} INFO - Processing file /home/airflow/.local/lib/python3.12/site-packages/airflow/example_dags/example_xcom.py for tasks to queue
[2025-06-20T16:27:59.187+0000] {logging_mixin.py:188} INFO - [2025-06-20T16:27:59.187+0000] {dagbag.py:540} INFO - Filling up the DagBag from /home/airflow/.local/lib/python3.12/site-packages/airflow/example_dags/example_xcom.py
[2025-06-20T16:27:59.194+0000] {processor.py:840} INFO - DAG(s) 'example_xcom' retrieved from /home/airflow/.local/lib/python3.12/site-packages/airflow/example_dags/example_xcom.py
[2025-06-20T16:27:59.214+0000] {logging_mixin.py:188} INFO - [2025-06-20T16:27:59.214+0000] {dag.py:3096} INFO - Sync 1 DAGs
[2025-06-20T16:27:59.234+0000] {logging_mixin.py:188} INFO - [2025-06-20T16:27:59.234+0000] {dag.py:3954} INFO - Setting next_dagrun for example_xcom to 2021-01-01 00:00:00+00:00, run_after=2021-01-01 00:00:00+00:00
[2025-06-20T16:27:59.250+0000] {processor.py:183} INFO - Processing /home/airflow/.local/lib/python3.12/site-packages/airflow/example_dags/example_xcom.py took 0.072 seconds
[2025-06-20T16:28:29.331+0000] {processor.py:161} INFO - Started process (PID=571) to work on /home/airflow/.local/lib/python3.12/site-packages/airflow/example_dags/example_xcom.py
[2025-06-20T16:28:29.332+0000] {processor.py:830} INFO - Processing file /home/airflow/.local/lib/python3.12/site-packages/airflow/example_dags/example_xcom.py for tasks to queue
[2025-06-20T16:28:29.334+0000] {logging_mixin.py:188} INFO - [2025-06-20T16:28:29.334+0000] {dagbag.py:540} INFO - Filling up the DagBag from /home/airflow/.local/lib/python3.12/site-packages/airflow/example_dags/example_xcom.py
[2025-06-20T16:28:29.341+0000] {processor.py:840} INFO - DAG(s) 'example_xcom' retrieved from /home/airflow/.local/lib/python3.12/site-packages/airflow/example_dags/example_xcom.py
[2025-06-20T16:28:29.361+0000] {logging_mixin.py:188} INFO - [2025-06-20T16:28:29.361+0000] {dag.py:3096} INFO - Sync 1 DAGs
[2025-06-20T16:28:29.380+0000] {logging_mixin.py:188} INFO - [2025-06-20T16:28:29.379+0000] {dag.py:3954} INFO - Setting next_dagrun for example_xcom to 2021-01-01 00:00:00+00:00, run_after=2021-01-01 00:00:00+00:00
[2025-06-20T16:28:29.396+0000] {processor.py:183} INFO - Processing /home/airflow/.local/lib/python3.12/site-packages/airflow/example_dags/example_xcom.py took 0.070 seconds
[2025-06-20T16:29:00.215+0000] {processor.py:161} INFO - Started process (PID=630) to work on /home/airflow/.local/lib/python3.12/site-packages/airflow/example_dags/example_xcom.py
[2025-06-20T16:29:00.216+0000] {processor.py:830} INFO - Processing file /home/airflow/.local/lib/python3.12/site-packages/airflow/example_dags/example_xcom.py for tasks to queue
[2025-06-20T16:29:00.218+0000] {logging_mixin.py:188} INFO - [2025-06-20T16:29:00.217+0000] {dagbag.py:540} INFO - Filling up the DagBag from /home/airflow/.local/lib/python3.12/site-packages/airflow/example_dags/example_xcom.py
[2025-06-20T16:29:00.225+0000] {processor.py:840} INFO - DAG(s) 'example_xcom' retrieved from /home/airflow/.local/lib/python3.12/site-packages/airflow/example_dags/example_xcom.py
[2025-06-20T16:29:00.249+0000] {logging_mixin.py:188} INFO - [2025-06-20T16:29:00.249+0000] {dag.py:3096} INFO - Sync 1 DAGs
[2025-06-20T16:29:00.272+0000] {logging_mixin.py:188} INFO - [2025-06-20T16:29:00.272+0000] {dag.py:3954} INFO - Setting next_dagrun for example_xcom to 2021-01-01 00:00:00+00:00, run_after=2021-01-01 00:00:00+00:00
[2025-06-20T16:29:00.290+0000] {processor.py:183} INFO - Processing /home/airflow/.local/lib/python3.12/site-packages/airflow/example_dags/example_xcom.py took 0.083 seconds
[2025-06-20T16:29:30.457+0000] {processor.py:161} INFO - Started process (PID=689) to work on /home/airflow/.local/lib/python3.12/site-packages/airflow/example_dags/example_xcom.py
[2025-06-20T16:29:30.458+0000] {processor.py:830} INFO - Processing file /home/airflow/.local/lib/python3.12/site-packages/airflow/example_dags/example_xcom.py for tasks to queue
[2025-06-20T16:29:30.460+0000] {logging_mixin.py:188} INFO - [2025-06-20T16:29:30.460+0000] {dagbag.py:540} INFO - Filling up the DagBag from /home/airflow/.local/lib/python3.12/site-packages/airflow/example_dags/example_xcom.py
[2025-06-20T16:29:30.467+0000] {processor.py:840} INFO - DAG(s) 'example_xcom' retrieved from /home/airflow/.local/lib/python3.12/site-packages/airflow/example_dags/example_xcom.py
[2025-06-20T16:29:30.488+0000] {logging_mixin.py:188} INFO - [2025-06-20T16:29:30.488+0000] {dag.py:3096} INFO - Sync 1 DAGs
[2025-06-20T16:29:30.508+0000] {logging_mixin.py:188} INFO - [2025-06-20T16:29:30.508+0000] {dag.py:3954} INFO - Setting next_dagrun for example_xcom to 2021-01-01 00:00:00+00:00, run_after=2021-01-01 00:00:00+00:00
[2025-06-20T16:29:30.523+0000] {processor.py:183} INFO - Processing /home/airflow/.local/lib/python3.12/site-packages/airflow/example_dags/example_xcom.py took 0.072 seconds
[2025-06-20T16:30:00.743+0000] {processor.py:161} INFO - Started process (PID=748) to work on /home/airflow/.local/lib/python3.12/site-packages/airflow/example_dags/example_xcom.py
[2025-06-20T16:30:00.744+0000] {processor.py:830} INFO - Processing file /home/airflow/.local/lib/python3.12/site-packages/airflow/example_dags/example_xcom.py for tasks to queue
[2025-06-20T16:30:00.746+0000] {logging_mixin.py:188} INFO - [2025-06-20T16:30:00.746+0000] {dagbag.py:540} INFO - Filling up the DagBag from /home/airflow/.local/lib/python3.12/site-packages/airflow/example_dags/example_xcom.py
[2025-06-20T16:30:00.754+0000] {processor.py:840} INFO - DAG(s) 'example_xcom' retrieved from /home/airflow/.local/lib/python3.12/site-packages/airflow/example_dags/example_xcom.py
[2025-06-20T16:30:00.776+0000] {logging_mixin.py:188} INFO - [2025-06-20T16:30:00.775+0000] {dag.py:3096} INFO - Sync 1 DAGs
[2025-06-20T16:30:00.795+0000] {logging_mixin.py:188} INFO - [2025-06-20T16:30:00.795+0000] {dag.py:3954} INFO - Setting next_dagrun for example_xcom to 2021-01-01 00:00:00+00:00, run_after=2021-01-01 00:00:00+00:00
[2025-06-20T16:30:00.811+0000] {processor.py:183} INFO - Processing /home/airflow/.local/lib/python3.12/site-packages/airflow/example_dags/example_xcom.py took 0.074 seconds
[2025-06-20T16:30:31.035+0000] {processor.py:161} INFO - Started process (PID=807) to work on /home/airflow/.local/lib/python3.12/site-packages/airflow/example_dags/example_xcom.py
[2025-06-20T16:30:31.036+0000] {processor.py:830} INFO - Processing file /home/airflow/.local/lib/python3.12/site-packages/airflow/example_dags/example_xcom.py for tasks to queue
[2025-06-20T16:30:31.037+0000] {logging_mixin.py:188} INFO - [2025-06-20T16:30:31.037+0000] {dagbag.py:540} INFO - Filling up the DagBag from /home/airflow/.local/lib/python3.12/site-packages/airflow/example_dags/example_xcom.py
[2025-06-20T16:30:31.046+0000] {processor.py:840} INFO - DAG(s) 'example_xcom' retrieved from /home/airflow/.local/lib/python3.12/site-packages/airflow/example_dags/example_xcom.py
[2025-06-20T16:30:31.071+0000] {logging_mixin.py:188} INFO - [2025-06-20T16:30:31.070+0000] {dag.py:3096} INFO - Sync 1 DAGs
[2025-06-20T16:30:31.093+0000] {logging_mixin.py:188} INFO - [2025-06-20T16:30:31.092+0000] {dag.py:3954} INFO - Setting next_dagrun for example_xcom to 2021-01-01 00:00:00+00:00, run_after=2021-01-01 00:00:00+00:00
[2025-06-20T16:30:31.112+0000] {processor.py:183} INFO - Processing /home/airflow/.local/lib/python3.12/site-packages/airflow/example_dags/example_xcom.py took 0.084 seconds
[2025-06-20T16:31:01.411+0000] {processor.py:161} INFO - Started process (PID=866) to work on /home/airflow/.local/lib/python3.12/site-packages/airflow/example_dags/example_xcom.py
[2025-06-20T16:31:01.412+0000] {processor.py:830} INFO - Processing file /home/airflow/.local/lib/python3.12/site-packages/airflow/example_dags/example_xcom.py for tasks to queue
[2025-06-20T16:31:01.414+0000] {logging_mixin.py:188} INFO - [2025-06-20T16:31:01.414+0000] {dagbag.py:540} INFO - Filling up the DagBag from /home/airflow/.local/lib/python3.12/site-packages/airflow/example_dags/example_xcom.py
[2025-06-20T16:31:01.421+0000] {processor.py:840} INFO - DAG(s) 'example_xcom' retrieved from /home/airflow/.local/lib/python3.12/site-packages/airflow/example_dags/example_xcom.py
[2025-06-20T16:31:01.441+0000] {logging_mixin.py:188} INFO - [2025-06-20T16:31:01.441+0000] {dag.py:3096} INFO - Sync 1 DAGs
[2025-06-20T16:31:01.461+0000] {logging_mixin.py:188} INFO - [2025-06-20T16:31:01.461+0000] {dag.py:3954} INFO - Setting next_dagrun for example_xcom to 2021-01-01 00:00:00+00:00, run_after=2021-01-01 00:00:00+00:00
[2025-06-20T16:31:01.477+0000] {processor.py:183} INFO - Processing /home/airflow/.local/lib/python3.12/site-packages/airflow/example_dags/example_xcom.py took 0.072 seconds
[2025-06-20T16:31:31.826+0000] {processor.py:161} INFO - Started process (PID=925) to work on /home/airflow/.local/lib/python3.12/site-packages/airflow/example_dags/example_xcom.py
[2025-06-20T16:31:31.827+0000] {processor.py:830} INFO - Processing file /home/airflow/.local/lib/python3.12/site-packages/airflow/example_dags/example_xcom.py for tasks to queue
[2025-06-20T16:31:31.829+0000] {logging_mixin.py:188} INFO - [2025-06-20T16:31:31.829+0000] {dagbag.py:540} INFO - Filling up the DagBag from /home/airflow/.local/lib/python3.12/site-packages/airflow/example_dags/example_xcom.py
[2025-06-20T16:31:31.837+0000] {processor.py:840} INFO - DAG(s) 'example_xcom' retrieved from /home/airflow/.local/lib/python3.12/site-packages/airflow/example_dags/example_xcom.py
[2025-06-20T16:31:31.857+0000] {logging_mixin.py:188} INFO - [2025-06-20T16:31:31.857+0000] {dag.py:3096} INFO - Sync 1 DAGs
[2025-06-20T16:31:31.877+0000] {logging_mixin.py:188} INFO - [2025-06-20T16:31:31.877+0000] {dag.py:3954} INFO - Setting next_dagrun for example_xcom to 2021-01-01 00:00:00+00:00, run_after=2021-01-01 00:00:00+00:00
[2025-06-20T16:31:31.893+0000] {processor.py:183} INFO - Processing /home/airflow/.local/lib/python3.12/site-packages/airflow/example_dags/example_xcom.py took 0.073 seconds
[2025-06-20T16:32:02.132+0000] {processor.py:161} INFO - Started process (PID=984) to work on /home/airflow/.local/lib/python3.12/site-packages/airflow/example_dags/example_xcom.py
[2025-06-20T16:32:02.133+0000] {processor.py:830} INFO - Processing file /home/airflow/.local/lib/python3.12/site-packages/airflow/example_dags/example_xcom.py for tasks to queue
[2025-06-20T16:32:02.135+0000] {logging_mixin.py:188} INFO - [2025-06-20T16:32:02.134+0000] {dagbag.py:540} INFO - Filling up the DagBag from /home/airflow/.local/lib/python3.12/site-packages/airflow/example_dags/example_xcom.py
[2025-06-20T16:32:02.142+0000] {processor.py:840} INFO - DAG(s) 'example_xcom' retrieved from /home/airflow/.local/lib/python3.12/site-packages/airflow/example_dags/example_xcom.py
[2025-06-20T16:32:02.161+0000] {logging_mixin.py:188} INFO - [2025-06-20T16:32:02.161+0000] {dag.py:3096} INFO - Sync 1 DAGs
[2025-06-20T16:32:02.180+0000] {logging_mixin.py:188} INFO - [2025-06-20T16:32:02.180+0000] {dag.py:3954} INFO - Setting next_dagrun for example_xcom to 2021-01-01 00:00:00+00:00, run_after=2021-01-01 00:00:00+00:00
[2025-06-20T16:32:02.195+0000] {processor.py:183} INFO - Processing /home/airflow/.local/lib/python3.12/site-packages/airflow/example_dags/example_xcom.py took 0.070 seconds
[2025-06-20T16:32:32.339+0000] {processor.py:161} INFO - Started process (PID=1043) to work on /home/airflow/.local/lib/python3.12/site-packages/airflow/example_dags/example_xcom.py
[2025-06-20T16:32:32.340+0000] {processor.py:830} INFO - Processing file /home/airflow/.local/lib/python3.12/site-packages/airflow/example_dags/example_xcom.py for tasks to queue
[2025-06-20T16:32:32.342+0000] {logging_mixin.py:188} INFO - [2025-06-20T16:32:32.342+0000] {dagbag.py:540} INFO - Filling up the DagBag from /home/airflow/.local/lib/python3.12/site-packages/airflow/example_dags/example_xcom.py
[2025-06-20T16:32:32.350+0000] {processor.py:840} INFO - DAG(s) 'example_xcom' retrieved from /home/airflow/.local/lib/python3.12/site-packages/airflow/example_dags/example_xcom.py
[2025-06-20T16:32:32.369+0000] {logging_mixin.py:188} INFO - [2025-06-20T16:32:32.369+0000] {dag.py:3096} INFO - Sync 1 DAGs
[2025-06-20T16:32:32.388+0000] {logging_mixin.py:188} INFO - [2025-06-20T16:32:32.388+0000] {dag.py:3954} INFO - Setting next_dagrun for example_xcom to 2021-01-01 00:00:00+00:00, run_after=2021-01-01 00:00:00+00:00
[2025-06-20T16:32:32.403+0000] {processor.py:183} INFO - Processing /home/airflow/.local/lib/python3.12/site-packages/airflow/example_dags/example_xcom.py took 0.070 seconds
[2025-06-20T16:33:02.714+0000] {processor.py:161} INFO - Started process (PID=1102) to work on /home/airflow/.local/lib/python3.12/site-packages/airflow/example_dags/example_xcom.py
[2025-06-20T16:33:02.715+0000] {processor.py:830} INFO - Processing file /home/airflow/.local/lib/python3.12/site-packages/airflow/example_dags/example_xcom.py for tasks to queue
[2025-06-20T16:33:02.717+0000] {logging_mixin.py:188} INFO - [2025-06-20T16:33:02.717+0000] {dagbag.py:540} INFO - Filling up the DagBag from /home/airflow/.local/lib/python3.12/site-packages/airflow/example_dags/example_xcom.py
[2025-06-20T16:33:02.725+0000] {processor.py:840} INFO - DAG(s) 'example_xcom' retrieved from /home/airflow/.local/lib/python3.12/site-packages/airflow/example_dags/example_xcom.py
[2025-06-20T16:33:02.744+0000] {logging_mixin.py:188} INFO - [2025-06-20T16:33:02.744+0000] {dag.py:3096} INFO - Sync 1 DAGs
[2025-06-20T16:33:02.764+0000] {logging_mixin.py:188} INFO - [2025-06-20T16:33:02.764+0000] {dag.py:3954} INFO - Setting next_dagrun for example_xcom to 2021-01-01 00:00:00+00:00, run_after=2021-01-01 00:00:00+00:00
[2025-06-20T16:33:02.780+0000] {processor.py:183} INFO - Processing /home/airflow/.local/lib/python3.12/site-packages/airflow/example_dags/example_xcom.py took 0.072 seconds
[2025-06-20T16:33:33.192+0000] {processor.py:161} INFO - Started process (PID=1161) to work on /home/airflow/.local/lib/python3.12/site-packages/airflow/example_dags/example_xcom.py
[2025-06-20T16:33:33.193+0000] {processor.py:830} INFO - Processing file /home/airflow/.local/lib/python3.12/site-packages/airflow/example_dags/example_xcom.py for tasks to queue
[2025-06-20T16:33:33.195+0000] {logging_mixin.py:188} INFO - [2025-06-20T16:33:33.195+0000] {dagbag.py:540} INFO - Filling up the DagBag from /home/airflow/.local/lib/python3.12/site-packages/airflow/example_dags/example_xcom.py
[2025-06-20T16:33:33.203+0000] {processor.py:840} INFO - DAG(s) 'example_xcom' retrieved from /home/airflow/.local/lib/python3.12/site-packages/airflow/example_dags/example_xcom.py
[2025-06-20T16:33:33.225+0000] {logging_mixin.py:188} INFO - [2025-06-20T16:33:33.225+0000] {dag.py:3096} INFO - Sync 1 DAGs
[2025-06-20T16:33:33.246+0000] {logging_mixin.py:188} INFO - [2025-06-20T16:33:33.246+0000] {dag.py:3954} INFO - Setting next_dagrun for example_xcom to 2021-01-01 00:00:00+00:00, run_after=2021-01-01 00:00:00+00:00
[2025-06-20T16:33:33.263+0000] {processor.py:183} INFO - Processing /home/airflow/.local/lib/python3.12/site-packages/airflow/example_dags/example_xcom.py took 0.077 seconds
[2025-06-20T16:34:03.380+0000] {processor.py:161} INFO - Started process (PID=1220) to work on /home/airflow/.local/lib/python3.12/site-packages/airflow/example_dags/example_xcom.py
[2025-06-20T16:34:03.381+0000] {processor.py:830} INFO - Processing file /home/airflow/.local/lib/python3.12/site-packages/airflow/example_dags/example_xcom.py for tasks to queue
[2025-06-20T16:34:03.383+0000] {logging_mixin.py:188} INFO - [2025-06-20T16:34:03.382+0000] {dagbag.py:540} INFO - Filling up the DagBag from /home/airflow/.local/lib/python3.12/site-packages/airflow/example_dags/example_xcom.py
[2025-06-20T16:34:03.390+0000] {processor.py:840} INFO - DAG(s) 'example_xcom' retrieved from /home/airflow/.local/lib/python3.12/site-packages/airflow/example_dags/example_xcom.py
[2025-06-20T16:34:03.410+0000] {logging_mixin.py:188} INFO - [2025-06-20T16:34:03.410+0000] {dag.py:3096} INFO - Sync 1 DAGs
[2025-06-20T16:34:03.428+0000] {logging_mixin.py:188} INFO - [2025-06-20T16:34:03.428+0000] {dag.py:3954} INFO - Setting next_dagrun for example_xcom to 2021-01-01 00:00:00+00:00, run_after=2021-01-01 00:00:00+00:00
[2025-06-20T16:34:03.444+0000] {processor.py:183} INFO - Processing /home/airflow/.local/lib/python3.12/site-packages/airflow/example_dags/example_xcom.py took 0.071 seconds
[2025-06-20T16:34:33.569+0000] {processor.py:161} INFO - Started process (PID=1278) to work on /home/airflow/.local/lib/python3.12/site-packages/airflow/example_dags/example_xcom.py
[2025-06-20T16:34:33.570+0000] {processor.py:830} INFO - Processing file /home/airflow/.local/lib/python3.12/site-packages/airflow/example_dags/example_xcom.py for tasks to queue
[2025-06-20T16:34:33.572+0000] {logging_mixin.py:188} INFO - [2025-06-20T16:34:33.571+0000] {dagbag.py:540} INFO - Filling up the DagBag from /home/airflow/.local/lib/python3.12/site-packages/airflow/example_dags/example_xcom.py
[2025-06-20T16:34:33.579+0000] {processor.py:840} INFO - DAG(s) 'example_xcom' retrieved from /home/airflow/.local/lib/python3.12/site-packages/airflow/example_dags/example_xcom.py
[2025-06-20T16:34:33.599+0000] {logging_mixin.py:188} INFO - [2025-06-20T16:34:33.599+0000] {dag.py:3096} INFO - Sync 1 DAGs
[2025-06-20T16:34:33.618+0000] {logging_mixin.py:188} INFO - [2025-06-20T16:34:33.618+0000] {dag.py:3954} INFO - Setting next_dagrun for example_xcom to 2021-01-01 00:00:00+00:00, run_after=2021-01-01 00:00:00+00:00
[2025-06-20T16:34:33.634+0000] {processor.py:183} INFO - Processing /home/airflow/.local/lib/python3.12/site-packages/airflow/example_dags/example_xcom.py took 0.071 seconds
[2025-06-20T16:35:04.085+0000] {processor.py:161} INFO - Started process (PID=1337) to work on /home/airflow/.local/lib/python3.12/site-packages/airflow/example_dags/example_xcom.py
[2025-06-20T16:35:04.087+0000] {processor.py:830} INFO - Processing file /home/airflow/.local/lib/python3.12/site-packages/airflow/example_dags/example_xcom.py for tasks to queue
[2025-06-20T16:35:04.088+0000] {logging_mixin.py:188} INFO - [2025-06-20T16:35:04.088+0000] {dagbag.py:540} INFO - Filling up the DagBag from /home/airflow/.local/lib/python3.12/site-packages/airflow/example_dags/example_xcom.py
[2025-06-20T16:35:04.096+0000] {processor.py:840} INFO - DAG(s) 'example_xcom' retrieved from /home/airflow/.local/lib/python3.12/site-packages/airflow/example_dags/example_xcom.py
[2025-06-20T16:35:04.117+0000] {logging_mixin.py:188} INFO - [2025-06-20T16:35:04.117+0000] {dag.py:3096} INFO - Sync 1 DAGs
[2025-06-20T16:35:04.137+0000] {logging_mixin.py:188} INFO - [2025-06-20T16:35:04.136+0000] {dag.py:3954} INFO - Setting next_dagrun for example_xcom to 2021-01-01 00:00:00+00:00, run_after=2021-01-01 00:00:00+00:00
[2025-06-20T16:35:04.153+0000] {processor.py:183} INFO - Processing /home/airflow/.local/lib/python3.12/site-packages/airflow/example_dags/example_xcom.py took 0.074 seconds
[2025-06-20T16:35:34.241+0000] {processor.py:161} INFO - Started process (PID=1396) to work on /home/airflow/.local/lib/python3.12/site-packages/airflow/example_dags/example_xcom.py
[2025-06-20T16:35:34.242+0000] {processor.py:830} INFO - Processing file /home/airflow/.local/lib/python3.12/site-packages/airflow/example_dags/example_xcom.py for tasks to queue
[2025-06-20T16:35:34.244+0000] {logging_mixin.py:188} INFO - [2025-06-20T16:35:34.243+0000] {dagbag.py:540} INFO - Filling up the DagBag from /home/airflow/.local/lib/python3.12/site-packages/airflow/example_dags/example_xcom.py
[2025-06-20T16:35:34.251+0000] {processor.py:840} INFO - DAG(s) 'example_xcom' retrieved from /home/airflow/.local/lib/python3.12/site-packages/airflow/example_dags/example_xcom.py
[2025-06-20T16:35:34.271+0000] {logging_mixin.py:188} INFO - [2025-06-20T16:35:34.271+0000] {dag.py:3096} INFO - Sync 1 DAGs
[2025-06-20T16:35:34.290+0000] {logging_mixin.py:188} INFO - [2025-06-20T16:35:34.290+0000] {dag.py:3954} INFO - Setting next_dagrun for example_xcom to 2021-01-01 00:00:00+00:00, run_after=2021-01-01 00:00:00+00:00
[2025-06-20T16:35:34.305+0000] {processor.py:183} INFO - Processing /home/airflow/.local/lib/python3.12/site-packages/airflow/example_dags/example_xcom.py took 0.070 seconds
[2025-06-20T16:36:04.800+0000] {processor.py:161} INFO - Started process (PID=1456) to work on /home/airflow/.local/lib/python3.12/site-packages/airflow/example_dags/example_xcom.py
[2025-06-20T16:36:04.801+0000] {processor.py:830} INFO - Processing file /home/airflow/.local/lib/python3.12/site-packages/airflow/example_dags/example_xcom.py for tasks to queue
[2025-06-20T16:36:04.803+0000] {logging_mixin.py:188} INFO - [2025-06-20T16:36:04.802+0000] {dagbag.py:540} INFO - Filling up the DagBag from /home/airflow/.local/lib/python3.12/site-packages/airflow/example_dags/example_xcom.py
[2025-06-20T16:36:04.810+0000] {processor.py:840} INFO - DAG(s) 'example_xcom' retrieved from /home/airflow/.local/lib/python3.12/site-packages/airflow/example_dags/example_xcom.py
[2025-06-20T16:36:04.830+0000] {logging_mixin.py:188} INFO - [2025-06-20T16:36:04.830+0000] {dag.py:3096} INFO - Sync 1 DAGs
[2025-06-20T16:36:04.850+0000] {logging_mixin.py:188} INFO - [2025-06-20T16:36:04.850+0000] {dag.py:3954} INFO - Setting next_dagrun for example_xcom to 2021-01-01 00:00:00+00:00, run_after=2021-01-01 00:00:00+00:00
[2025-06-20T16:36:04.866+0000] {processor.py:183} INFO - Processing /home/airflow/.local/lib/python3.12/site-packages/airflow/example_dags/example_xcom.py took 0.073 seconds
[2025-06-20T16:36:34.975+0000] {processor.py:161} INFO - Started process (PID=1515) to work on /home/airflow/.local/lib/python3.12/site-packages/airflow/example_dags/example_xcom.py
[2025-06-20T16:36:34.976+0000] {processor.py:830} INFO - Processing file /home/airflow/.local/lib/python3.12/site-packages/airflow/example_dags/example_xcom.py for tasks to queue
[2025-06-20T16:36:34.978+0000] {logging_mixin.py:188} INFO - [2025-06-20T16:36:34.978+0000] {dagbag.py:540} INFO - Filling up the DagBag from /home/airflow/.local/lib/python3.12/site-packages/airflow/example_dags/example_xcom.py
[2025-06-20T16:36:34.985+0000] {processor.py:840} INFO - DAG(s) 'example_xcom' retrieved from /home/airflow/.local/lib/python3.12/site-packages/airflow/example_dags/example_xcom.py
[2025-06-20T16:36:35.005+0000] {logging_mixin.py:188} INFO - [2025-06-20T16:36:35.005+0000] {dag.py:3096} INFO - Sync 1 DAGs
[2025-06-20T16:36:35.024+0000] {logging_mixin.py:188} INFO - [2025-06-20T16:36:35.024+0000] {dag.py:3954} INFO - Setting next_dagrun for example_xcom to 2021-01-01 00:00:00+00:00, run_after=2021-01-01 00:00:00+00:00
[2025-06-20T16:36:35.040+0000] {processor.py:183} INFO - Processing /home/airflow/.local/lib/python3.12/site-packages/airflow/example_dags/example_xcom.py took 0.070 seconds
[2025-06-20T16:37:05.420+0000] {processor.py:161} INFO - Started process (PID=1574) to work on /home/airflow/.local/lib/python3.12/site-packages/airflow/example_dags/example_xcom.py
[2025-06-20T16:37:05.421+0000] {processor.py:830} INFO - Processing file /home/airflow/.local/lib/python3.12/site-packages/airflow/example_dags/example_xcom.py for tasks to queue
[2025-06-20T16:37:05.423+0000] {logging_mixin.py:188} INFO - [2025-06-20T16:37:05.423+0000] {dagbag.py:540} INFO - Filling up the DagBag from /home/airflow/.local/lib/python3.12/site-packages/airflow/example_dags/example_xcom.py
[2025-06-20T16:37:05.432+0000] {processor.py:840} INFO - DAG(s) 'example_xcom' retrieved from /home/airflow/.local/lib/python3.12/site-packages/airflow/example_dags/example_xcom.py
[2025-06-20T16:37:05.456+0000] {logging_mixin.py:188} INFO - [2025-06-20T16:37:05.455+0000] {dag.py:3096} INFO - Sync 1 DAGs
[2025-06-20T16:37:05.477+0000] {logging_mixin.py:188} INFO - [2025-06-20T16:37:05.477+0000] {dag.py:3954} INFO - Setting next_dagrun for example_xcom to 2021-01-01 00:00:00+00:00, run_after=2021-01-01 00:00:00+00:00
[2025-06-20T16:37:05.495+0000] {processor.py:183} INFO - Processing /home/airflow/.local/lib/python3.12/site-packages/airflow/example_dags/example_xcom.py took 0.083 seconds
[2025-06-20T16:37:35.579+0000] {processor.py:161} INFO - Started process (PID=1633) to work on /home/airflow/.local/lib/python3.12/site-packages/airflow/example_dags/example_xcom.py
[2025-06-20T16:37:35.580+0000] {processor.py:830} INFO - Processing file /home/airflow/.local/lib/python3.12/site-packages/airflow/example_dags/example_xcom.py for tasks to queue
[2025-06-20T16:37:35.582+0000] {logging_mixin.py:188} INFO - [2025-06-20T16:37:35.581+0000] {dagbag.py:540} INFO - Filling up the DagBag from /home/airflow/.local/lib/python3.12/site-packages/airflow/example_dags/example_xcom.py
[2025-06-20T16:37:35.589+0000] {processor.py:840} INFO - DAG(s) 'example_xcom' retrieved from /home/airflow/.local/lib/python3.12/site-packages/airflow/example_dags/example_xcom.py
[2025-06-20T16:37:35.610+0000] {logging_mixin.py:188} INFO - [2025-06-20T16:37:35.609+0000] {dag.py:3096} INFO - Sync 1 DAGs
[2025-06-20T16:37:35.629+0000] {logging_mixin.py:188} INFO - [2025-06-20T16:37:35.629+0000] {dag.py:3954} INFO - Setting next_dagrun for example_xcom to 2021-01-01 00:00:00+00:00, run_after=2021-01-01 00:00:00+00:00
[2025-06-20T16:37:35.646+0000] {processor.py:183} INFO - Processing /home/airflow/.local/lib/python3.12/site-packages/airflow/example_dags/example_xcom.py took 0.073 seconds
[2025-06-20T16:38:05.821+0000] {processor.py:161} INFO - Started process (PID=1691) to work on /home/airflow/.local/lib/python3.12/site-packages/airflow/example_dags/example_xcom.py
[2025-06-20T16:38:05.822+0000] {processor.py:830} INFO - Processing file /home/airflow/.local/lib/python3.12/site-packages/airflow/example_dags/example_xcom.py for tasks to queue
[2025-06-20T16:38:05.824+0000] {logging_mixin.py:188} INFO - [2025-06-20T16:38:05.823+0000] {dagbag.py:540} INFO - Filling up the DagBag from /home/airflow/.local/lib/python3.12/site-packages/airflow/example_dags/example_xcom.py
[2025-06-20T16:38:05.831+0000] {processor.py:840} INFO - DAG(s) 'example_xcom' retrieved from /home/airflow/.local/lib/python3.12/site-packages/airflow/example_dags/example_xcom.py
[2025-06-20T16:38:05.852+0000] {logging_mixin.py:188} INFO - [2025-06-20T16:38:05.852+0000] {dag.py:3096} INFO - Sync 1 DAGs
[2025-06-20T16:38:05.871+0000] {logging_mixin.py:188} INFO - [2025-06-20T16:38:05.870+0000] {dag.py:3954} INFO - Setting next_dagrun for example_xcom to 2021-01-01 00:00:00+00:00, run_after=2021-01-01 00:00:00+00:00
[2025-06-20T16:38:05.886+0000] {processor.py:183} INFO - Processing /home/airflow/.local/lib/python3.12/site-packages/airflow/example_dags/example_xcom.py took 0.072 seconds
[2025-06-20T16:38:36.406+0000] {processor.py:161} INFO - Started process (PID=1750) to work on /home/airflow/.local/lib/python3.12/site-packages/airflow/example_dags/example_xcom.py
[2025-06-20T16:38:36.407+0000] {processor.py:830} INFO - Processing file /home/airflow/.local/lib/python3.12/site-packages/airflow/example_dags/example_xcom.py for tasks to queue
[2025-06-20T16:38:36.409+0000] {logging_mixin.py:188} INFO - [2025-06-20T16:38:36.409+0000] {dagbag.py:540} INFO - Filling up the DagBag from /home/airflow/.local/lib/python3.12/site-packages/airflow/example_dags/example_xcom.py
[2025-06-20T16:38:36.417+0000] {processor.py:840} INFO - DAG(s) 'example_xcom' retrieved from /home/airflow/.local/lib/python3.12/site-packages/airflow/example_dags/example_xcom.py
[2025-06-20T16:38:36.438+0000] {logging_mixin.py:188} INFO - [2025-06-20T16:38:36.437+0000] {dag.py:3096} INFO - Sync 1 DAGs
[2025-06-20T16:38:36.458+0000] {logging_mixin.py:188} INFO - [2025-06-20T16:38:36.457+0000] {dag.py:3954} INFO - Setting next_dagrun for example_xcom to 2021-01-01 00:00:00+00:00, run_after=2021-01-01 00:00:00+00:00
[2025-06-20T16:38:36.474+0000] {processor.py:183} INFO - Processing /home/airflow/.local/lib/python3.12/site-packages/airflow/example_dags/example_xcom.py took 0.073 seconds
[2025-06-20T16:39:06.601+0000] {processor.py:161} INFO - Started process (PID=1809) to work on /home/airflow/.local/lib/python3.12/site-packages/airflow/example_dags/example_xcom.py
[2025-06-20T16:39:06.602+0000] {processor.py:830} INFO - Processing file /home/airflow/.local/lib/python3.12/site-packages/airflow/example_dags/example_xcom.py for tasks to queue
[2025-06-20T16:39:06.604+0000] {logging_mixin.py:188} INFO - [2025-06-20T16:39:06.603+0000] {dagbag.py:540} INFO - Filling up the DagBag from /home/airflow/.local/lib/python3.12/site-packages/airflow/example_dags/example_xcom.py
[2025-06-20T16:39:06.612+0000] {processor.py:840} INFO - DAG(s) 'example_xcom' retrieved from /home/airflow/.local/lib/python3.12/site-packages/airflow/example_dags/example_xcom.py
[2025-06-20T16:39:06.639+0000] {logging_mixin.py:188} INFO - [2025-06-20T16:39:06.638+0000] {dag.py:3096} INFO - Sync 1 DAGs
[2025-06-20T16:39:06.658+0000] {logging_mixin.py:188} INFO - [2025-06-20T16:39:06.658+0000] {dag.py:3954} INFO - Setting next_dagrun for example_xcom to 2021-01-01 00:00:00+00:00, run_after=2021-01-01 00:00:00+00:00
[2025-06-20T16:39:06.676+0000] {processor.py:183} INFO - Processing /home/airflow/.local/lib/python3.12/site-packages/airflow/example_dags/example_xcom.py took 0.082 seconds
[2025-06-20T16:39:36.836+0000] {processor.py:161} INFO - Started process (PID=1868) to work on /home/airflow/.local/lib/python3.12/site-packages/airflow/example_dags/example_xcom.py
[2025-06-20T16:39:36.837+0000] {processor.py:830} INFO - Processing file /home/airflow/.local/lib/python3.12/site-packages/airflow/example_dags/example_xcom.py for tasks to queue
[2025-06-20T16:39:36.839+0000] {logging_mixin.py:188} INFO - [2025-06-20T16:39:36.838+0000] {dagbag.py:540} INFO - Filling up the DagBag from /home/airflow/.local/lib/python3.12/site-packages/airflow/example_dags/example_xcom.py
[2025-06-20T16:39:36.846+0000] {processor.py:840} INFO - DAG(s) 'example_xcom' retrieved from /home/airflow/.local/lib/python3.12/site-packages/airflow/example_dags/example_xcom.py
[2025-06-20T16:39:36.866+0000] {logging_mixin.py:188} INFO - [2025-06-20T16:39:36.866+0000] {dag.py:3096} INFO - Sync 1 DAGs
[2025-06-20T16:39:36.886+0000] {logging_mixin.py:188} INFO - [2025-06-20T16:39:36.886+0000] {dag.py:3954} INFO - Setting next_dagrun for example_xcom to 2021-01-01 00:00:00+00:00, run_after=2021-01-01 00:00:00+00:00
[2025-06-20T16:39:36.902+0000] {processor.py:183} INFO - Processing /home/airflow/.local/lib/python3.12/site-packages/airflow/example_dags/example_xcom.py took 0.072 seconds
[2025-06-20T16:40:07.238+0000] {processor.py:161} INFO - Started process (PID=1927) to work on /home/airflow/.local/lib/python3.12/site-packages/airflow/example_dags/example_xcom.py
[2025-06-20T16:40:07.239+0000] {processor.py:830} INFO - Processing file /home/airflow/.local/lib/python3.12/site-packages/airflow/example_dags/example_xcom.py for tasks to queue
[2025-06-20T16:40:07.241+0000] {logging_mixin.py:188} INFO - [2025-06-20T16:40:07.241+0000] {dagbag.py:540} INFO - Filling up the DagBag from /home/airflow/.local/lib/python3.12/site-packages/airflow/example_dags/example_xcom.py
[2025-06-20T16:40:07.250+0000] {processor.py:840} INFO - DAG(s) 'example_xcom' retrieved from /home/airflow/.local/lib/python3.12/site-packages/airflow/example_dags/example_xcom.py
[2025-06-20T16:40:07.273+0000] {logging_mixin.py:188} INFO - [2025-06-20T16:40:07.272+0000] {dag.py:3096} INFO - Sync 1 DAGs
[2025-06-20T16:40:07.295+0000] {logging_mixin.py:188} INFO - [2025-06-20T16:40:07.295+0000] {dag.py:3954} INFO - Setting next_dagrun for example_xcom to 2021-01-01 00:00:00+00:00, run_after=2021-01-01 00:00:00+00:00
[2025-06-20T16:40:07.311+0000] {processor.py:183} INFO - Processing /home/airflow/.local/lib/python3.12/site-packages/airflow/example_dags/example_xcom.py took 0.079 seconds
[2025-06-20T16:40:38.110+0000] {processor.py:161} INFO - Started process (PID=1986) to work on /home/airflow/.local/lib/python3.12/site-packages/airflow/example_dags/example_xcom.py
[2025-06-20T16:40:38.111+0000] {processor.py:830} INFO - Processing file /home/airflow/.local/lib/python3.12/site-packages/airflow/example_dags/example_xcom.py for tasks to queue
[2025-06-20T16:40:38.113+0000] {logging_mixin.py:188} INFO - [2025-06-20T16:40:38.113+0000] {dagbag.py:540} INFO - Filling up the DagBag from /home/airflow/.local/lib/python3.12/site-packages/airflow/example_dags/example_xcom.py
[2025-06-20T16:40:38.121+0000] {processor.py:840} INFO - DAG(s) 'example_xcom' retrieved from /home/airflow/.local/lib/python3.12/site-packages/airflow/example_dags/example_xcom.py
[2025-06-20T16:40:38.141+0000] {logging_mixin.py:188} INFO - [2025-06-20T16:40:38.140+0000] {dag.py:3096} INFO - Sync 1 DAGs
[2025-06-20T16:40:38.161+0000] {logging_mixin.py:188} INFO - [2025-06-20T16:40:38.161+0000] {dag.py:3954} INFO - Setting next_dagrun for example_xcom to 2021-01-01 00:00:00+00:00, run_after=2021-01-01 00:00:00+00:00
[2025-06-20T16:40:38.177+0000] {processor.py:183} INFO - Processing /home/airflow/.local/lib/python3.12/site-packages/airflow/example_dags/example_xcom.py took 0.072 seconds
[2025-06-20T16:41:08.905+0000] {processor.py:161} INFO - Started process (PID=2045) to work on /home/airflow/.local/lib/python3.12/site-packages/airflow/example_dags/example_xcom.py
[2025-06-20T16:41:08.906+0000] {processor.py:830} INFO - Processing file /home/airflow/.local/lib/python3.12/site-packages/airflow/example_dags/example_xcom.py for tasks to queue
[2025-06-20T16:41:08.908+0000] {logging_mixin.py:188} INFO - [2025-06-20T16:41:08.907+0000] {dagbag.py:540} INFO - Filling up the DagBag from /home/airflow/.local/lib/python3.12/site-packages/airflow/example_dags/example_xcom.py
[2025-06-20T16:41:08.915+0000] {processor.py:840} INFO - DAG(s) 'example_xcom' retrieved from /home/airflow/.local/lib/python3.12/site-packages/airflow/example_dags/example_xcom.py
[2025-06-20T16:41:08.937+0000] {logging_mixin.py:188} INFO - [2025-06-20T16:41:08.937+0000] {dag.py:3096} INFO - Sync 1 DAGs
[2025-06-20T16:41:08.957+0000] {logging_mixin.py:188} INFO - [2025-06-20T16:41:08.956+0000] {dag.py:3954} INFO - Setting next_dagrun for example_xcom to 2021-01-01 00:00:00+00:00, run_after=2021-01-01 00:00:00+00:00
[2025-06-20T16:41:08.972+0000] {processor.py:183} INFO - Processing /home/airflow/.local/lib/python3.12/site-packages/airflow/example_dags/example_xcom.py took 0.074 seconds
[2025-06-20T16:41:39.777+0000] {processor.py:161} INFO - Started process (PID=2102) to work on /home/airflow/.local/lib/python3.12/site-packages/airflow/example_dags/example_xcom.py
[2025-06-20T16:41:39.778+0000] {processor.py:830} INFO - Processing file /home/airflow/.local/lib/python3.12/site-packages/airflow/example_dags/example_xcom.py for tasks to queue
[2025-06-20T16:41:39.780+0000] {logging_mixin.py:188} INFO - [2025-06-20T16:41:39.780+0000] {dagbag.py:540} INFO - Filling up the DagBag from /home/airflow/.local/lib/python3.12/site-packages/airflow/example_dags/example_xcom.py
[2025-06-20T16:41:39.788+0000] {processor.py:840} INFO - DAG(s) 'example_xcom' retrieved from /home/airflow/.local/lib/python3.12/site-packages/airflow/example_dags/example_xcom.py
[2025-06-20T16:41:39.809+0000] {logging_mixin.py:188} INFO - [2025-06-20T16:41:39.809+0000] {dag.py:3096} INFO - Sync 1 DAGs
[2025-06-20T16:41:39.829+0000] {logging_mixin.py:188} INFO - [2025-06-20T16:41:39.829+0000] {dag.py:3954} INFO - Setting next_dagrun for example_xcom to 2021-01-01 00:00:00+00:00, run_after=2021-01-01 00:00:00+00:00
[2025-06-20T16:41:39.845+0000] {processor.py:183} INFO - Processing /home/airflow/.local/lib/python3.12/site-packages/airflow/example_dags/example_xcom.py took 0.074 seconds
[2025-06-20T16:42:10.786+0000] {processor.py:161} INFO - Started process (PID=2161) to work on /home/airflow/.local/lib/python3.12/site-packages/airflow/example_dags/example_xcom.py
[2025-06-20T16:42:10.787+0000] {processor.py:830} INFO - Processing file /home/airflow/.local/lib/python3.12/site-packages/airflow/example_dags/example_xcom.py for tasks to queue
[2025-06-20T16:42:10.789+0000] {logging_mixin.py:188} INFO - [2025-06-20T16:42:10.788+0000] {dagbag.py:540} INFO - Filling up the DagBag from /home/airflow/.local/lib/python3.12/site-packages/airflow/example_dags/example_xcom.py
[2025-06-20T16:42:10.796+0000] {processor.py:840} INFO - DAG(s) 'example_xcom' retrieved from /home/airflow/.local/lib/python3.12/site-packages/airflow/example_dags/example_xcom.py
[2025-06-20T16:42:10.816+0000] {logging_mixin.py:188} INFO - [2025-06-20T16:42:10.816+0000] {dag.py:3096} INFO - Sync 1 DAGs
[2025-06-20T16:42:10.835+0000] {logging_mixin.py:188} INFO - [2025-06-20T16:42:10.835+0000] {dag.py:3954} INFO - Setting next_dagrun for example_xcom to 2021-01-01 00:00:00+00:00, run_after=2021-01-01 00:00:00+00:00
[2025-06-20T16:42:10.851+0000] {processor.py:183} INFO - Processing /home/airflow/.local/lib/python3.12/site-packages/airflow/example_dags/example_xcom.py took 0.070 seconds
[2025-06-20T16:42:41.425+0000] {processor.py:161} INFO - Started process (PID=2220) to work on /home/airflow/.local/lib/python3.12/site-packages/airflow/example_dags/example_xcom.py
[2025-06-20T16:42:41.426+0000] {processor.py:830} INFO - Processing file /home/airflow/.local/lib/python3.12/site-packages/airflow/example_dags/example_xcom.py for tasks to queue
[2025-06-20T16:42:41.428+0000] {logging_mixin.py:188} INFO - [2025-06-20T16:42:41.427+0000] {dagbag.py:540} INFO - Filling up the DagBag from /home/airflow/.local/lib/python3.12/site-packages/airflow/example_dags/example_xcom.py
[2025-06-20T16:42:41.435+0000] {processor.py:840} INFO - DAG(s) 'example_xcom' retrieved from /home/airflow/.local/lib/python3.12/site-packages/airflow/example_dags/example_xcom.py
[2025-06-20T16:42:41.456+0000] {logging_mixin.py:188} INFO - [2025-06-20T16:42:41.455+0000] {dag.py:3096} INFO - Sync 1 DAGs
[2025-06-20T16:42:41.476+0000] {logging_mixin.py:188} INFO - [2025-06-20T16:42:41.476+0000] {dag.py:3954} INFO - Setting next_dagrun for example_xcom to 2021-01-01 00:00:00+00:00, run_after=2021-01-01 00:00:00+00:00
[2025-06-20T16:42:41.491+0000] {processor.py:183} INFO - Processing /home/airflow/.local/lib/python3.12/site-packages/airflow/example_dags/example_xcom.py took 0.073 seconds
[2025-06-20T16:43:11.942+0000] {processor.py:161} INFO - Started process (PID=2279) to work on /home/airflow/.local/lib/python3.12/site-packages/airflow/example_dags/example_xcom.py
[2025-06-20T16:43:11.943+0000] {processor.py:830} INFO - Processing file /home/airflow/.local/lib/python3.12/site-packages/airflow/example_dags/example_xcom.py for tasks to queue
[2025-06-20T16:43:11.945+0000] {logging_mixin.py:188} INFO - [2025-06-20T16:43:11.945+0000] {dagbag.py:540} INFO - Filling up the DagBag from /home/airflow/.local/lib/python3.12/site-packages/airflow/example_dags/example_xcom.py
[2025-06-20T16:43:11.952+0000] {processor.py:840} INFO - DAG(s) 'example_xcom' retrieved from /home/airflow/.local/lib/python3.12/site-packages/airflow/example_dags/example_xcom.py
[2025-06-20T16:43:11.972+0000] {logging_mixin.py:188} INFO - [2025-06-20T16:43:11.972+0000] {dag.py:3096} INFO - Sync 1 DAGs
[2025-06-20T16:43:11.991+0000] {logging_mixin.py:188} INFO - [2025-06-20T16:43:11.991+0000] {dag.py:3954} INFO - Setting next_dagrun for example_xcom to 2021-01-01 00:00:00+00:00, run_after=2021-01-01 00:00:00+00:00
[2025-06-20T16:43:12.112+0000] {processor.py:183} INFO - Processing /home/airflow/.local/lib/python3.12/site-packages/airflow/example_dags/example_xcom.py took 0.176 seconds
[2025-06-20T16:44:15.173+0000] {processor.py:161} INFO - Started process (PID=99) to work on /home/airflow/.local/lib/python3.12/site-packages/airflow/example_dags/example_xcom.py
[2025-06-20T16:44:15.173+0000] {processor.py:830} INFO - Processing file /home/airflow/.local/lib/python3.12/site-packages/airflow/example_dags/example_xcom.py for tasks to queue
[2025-06-20T16:44:15.175+0000] {logging_mixin.py:188} INFO - [2025-06-20T16:44:15.175+0000] {dagbag.py:540} INFO - Filling up the DagBag from /home/airflow/.local/lib/python3.12/site-packages/airflow/example_dags/example_xcom.py
[2025-06-20T16:44:15.184+0000] {processor.py:840} INFO - DAG(s) 'example_xcom' retrieved from /home/airflow/.local/lib/python3.12/site-packages/airflow/example_dags/example_xcom.py
[2025-06-20T16:44:15.291+0000] {logging_mixin.py:188} INFO - [2025-06-20T16:44:15.291+0000] {override.py:1829} INFO - Created Permission View: can delete on DAG:example_xcom
[2025-06-20T16:44:15.299+0000] {logging_mixin.py:188} INFO - [2025-06-20T16:44:15.299+0000] {override.py:1829} INFO - Created Permission View: can read on DAG:example_xcom
[2025-06-20T16:44:15.304+0000] {logging_mixin.py:188} INFO - [2025-06-20T16:44:15.304+0000] {override.py:1829} INFO - Created Permission View: can edit on DAG:example_xcom
[2025-06-20T16:44:15.305+0000] {logging_mixin.py:188} INFO - [2025-06-20T16:44:15.305+0000] {dag.py:3096} INFO - Sync 1 DAGs
[2025-06-20T16:44:15.315+0000] {logging_mixin.py:188} INFO - [2025-06-20T16:44:15.315+0000] {dag.py:3118} INFO - Creating ORM DAG for example_xcom
[2025-06-20T16:44:15.325+0000] {logging_mixin.py:188} INFO - [2025-06-20T16:44:15.325+0000] {dag.py:3954} INFO - Setting next_dagrun for example_xcom to 2021-01-01 00:00:00+00:00, run_after=2021-01-01 00:00:00+00:00
[2025-06-20T16:44:15.338+0000] {processor.py:183} INFO - Processing /home/airflow/.local/lib/python3.12/site-packages/airflow/example_dags/example_xcom.py took 0.172 seconds
[2025-06-20T16:44:45.765+0000] {processor.py:161} INFO - Started process (PID=158) to work on /home/airflow/.local/lib/python3.12/site-packages/airflow/example_dags/example_xcom.py
[2025-06-20T16:44:45.766+0000] {processor.py:830} INFO - Processing file /home/airflow/.local/lib/python3.12/site-packages/airflow/example_dags/example_xcom.py for tasks to queue
[2025-06-20T16:44:45.768+0000] {logging_mixin.py:188} INFO - [2025-06-20T16:44:45.767+0000] {dagbag.py:540} INFO - Filling up the DagBag from /home/airflow/.local/lib/python3.12/site-packages/airflow/example_dags/example_xcom.py
[2025-06-20T16:44:45.775+0000] {processor.py:840} INFO - DAG(s) 'example_xcom' retrieved from /home/airflow/.local/lib/python3.12/site-packages/airflow/example_dags/example_xcom.py
[2025-06-20T16:44:45.797+0000] {logging_mixin.py:188} INFO - [2025-06-20T16:44:45.796+0000] {dag.py:3096} INFO - Sync 1 DAGs
[2025-06-20T16:44:45.817+0000] {logging_mixin.py:188} INFO - [2025-06-20T16:44:45.817+0000] {dag.py:3954} INFO - Setting next_dagrun for example_xcom to 2021-01-01 00:00:00+00:00, run_after=2021-01-01 00:00:00+00:00
[2025-06-20T16:44:45.832+0000] {processor.py:183} INFO - Processing /home/airflow/.local/lib/python3.12/site-packages/airflow/example_dags/example_xcom.py took 0.073 seconds
[2025-06-20T16:45:16.254+0000] {processor.py:161} INFO - Started process (PID=217) to work on /home/airflow/.local/lib/python3.12/site-packages/airflow/example_dags/example_xcom.py
[2025-06-20T16:45:16.255+0000] {processor.py:830} INFO - Processing file /home/airflow/.local/lib/python3.12/site-packages/airflow/example_dags/example_xcom.py for tasks to queue
[2025-06-20T16:45:16.257+0000] {logging_mixin.py:188} INFO - [2025-06-20T16:45:16.257+0000] {dagbag.py:540} INFO - Filling up the DagBag from /home/airflow/.local/lib/python3.12/site-packages/airflow/example_dags/example_xcom.py
[2025-06-20T16:45:16.265+0000] {processor.py:840} INFO - DAG(s) 'example_xcom' retrieved from /home/airflow/.local/lib/python3.12/site-packages/airflow/example_dags/example_xcom.py
[2025-06-20T16:45:16.285+0000] {logging_mixin.py:188} INFO - [2025-06-20T16:45:16.285+0000] {dag.py:3096} INFO - Sync 1 DAGs
[2025-06-20T16:45:16.305+0000] {logging_mixin.py:188} INFO - [2025-06-20T16:45:16.305+0000] {dag.py:3954} INFO - Setting next_dagrun for example_xcom to 2021-01-01 00:00:00+00:00, run_after=2021-01-01 00:00:00+00:00
[2025-06-20T16:45:16.321+0000] {processor.py:183} INFO - Processing /home/airflow/.local/lib/python3.12/site-packages/airflow/example_dags/example_xcom.py took 0.072 seconds
[2025-06-20T16:45:46.749+0000] {processor.py:161} INFO - Started process (PID=276) to work on /home/airflow/.local/lib/python3.12/site-packages/airflow/example_dags/example_xcom.py
[2025-06-20T16:45:46.750+0000] {processor.py:830} INFO - Processing file /home/airflow/.local/lib/python3.12/site-packages/airflow/example_dags/example_xcom.py for tasks to queue
[2025-06-20T16:45:46.751+0000] {logging_mixin.py:188} INFO - [2025-06-20T16:45:46.751+0000] {dagbag.py:540} INFO - Filling up the DagBag from /home/airflow/.local/lib/python3.12/site-packages/airflow/example_dags/example_xcom.py
[2025-06-20T16:45:46.759+0000] {processor.py:840} INFO - DAG(s) 'example_xcom' retrieved from /home/airflow/.local/lib/python3.12/site-packages/airflow/example_dags/example_xcom.py
[2025-06-20T16:45:46.780+0000] {logging_mixin.py:188} INFO - [2025-06-20T16:45:46.780+0000] {dag.py:3096} INFO - Sync 1 DAGs
[2025-06-20T16:45:46.800+0000] {logging_mixin.py:188} INFO - [2025-06-20T16:45:46.799+0000] {dag.py:3954} INFO - Setting next_dagrun for example_xcom to 2021-01-01 00:00:00+00:00, run_after=2021-01-01 00:00:00+00:00
[2025-06-20T16:45:46.815+0000] {processor.py:183} INFO - Processing /home/airflow/.local/lib/python3.12/site-packages/airflow/example_dags/example_xcom.py took 0.073 seconds
[2025-06-20T16:46:17.070+0000] {processor.py:161} INFO - Started process (PID=335) to work on /home/airflow/.local/lib/python3.12/site-packages/airflow/example_dags/example_xcom.py
[2025-06-20T16:46:17.071+0000] {processor.py:830} INFO - Processing file /home/airflow/.local/lib/python3.12/site-packages/airflow/example_dags/example_xcom.py for tasks to queue
[2025-06-20T16:46:17.073+0000] {logging_mixin.py:188} INFO - [2025-06-20T16:46:17.072+0000] {dagbag.py:540} INFO - Filling up the DagBag from /home/airflow/.local/lib/python3.12/site-packages/airflow/example_dags/example_xcom.py
[2025-06-20T16:46:17.080+0000] {processor.py:840} INFO - DAG(s) 'example_xcom' retrieved from /home/airflow/.local/lib/python3.12/site-packages/airflow/example_dags/example_xcom.py
[2025-06-20T16:46:17.101+0000] {logging_mixin.py:188} INFO - [2025-06-20T16:46:17.101+0000] {dag.py:3096} INFO - Sync 1 DAGs
[2025-06-20T16:46:17.121+0000] {logging_mixin.py:188} INFO - [2025-06-20T16:46:17.120+0000] {dag.py:3954} INFO - Setting next_dagrun for example_xcom to 2021-01-01 00:00:00+00:00, run_after=2021-01-01 00:00:00+00:00
[2025-06-20T16:46:17.136+0000] {processor.py:183} INFO - Processing /home/airflow/.local/lib/python3.12/site-packages/airflow/example_dags/example_xcom.py took 0.072 seconds
[2025-06-20T16:46:47.334+0000] {processor.py:161} INFO - Started process (PID=394) to work on /home/airflow/.local/lib/python3.12/site-packages/airflow/example_dags/example_xcom.py
[2025-06-20T16:46:47.335+0000] {processor.py:830} INFO - Processing file /home/airflow/.local/lib/python3.12/site-packages/airflow/example_dags/example_xcom.py for tasks to queue
[2025-06-20T16:46:47.336+0000] {logging_mixin.py:188} INFO - [2025-06-20T16:46:47.336+0000] {dagbag.py:540} INFO - Filling up the DagBag from /home/airflow/.local/lib/python3.12/site-packages/airflow/example_dags/example_xcom.py
[2025-06-20T16:46:47.344+0000] {processor.py:840} INFO - DAG(s) 'example_xcom' retrieved from /home/airflow/.local/lib/python3.12/site-packages/airflow/example_dags/example_xcom.py
[2025-06-20T16:46:47.364+0000] {logging_mixin.py:188} INFO - [2025-06-20T16:46:47.364+0000] {dag.py:3096} INFO - Sync 1 DAGs
[2025-06-20T16:46:47.383+0000] {logging_mixin.py:188} INFO - [2025-06-20T16:46:47.383+0000] {dag.py:3954} INFO - Setting next_dagrun for example_xcom to 2021-01-01 00:00:00+00:00, run_after=2021-01-01 00:00:00+00:00
[2025-06-20T16:46:47.398+0000] {processor.py:183} INFO - Processing /home/airflow/.local/lib/python3.12/site-packages/airflow/example_dags/example_xcom.py took 0.070 seconds
[2025-06-20T16:47:17.704+0000] {processor.py:161} INFO - Started process (PID=453) to work on /home/airflow/.local/lib/python3.12/site-packages/airflow/example_dags/example_xcom.py
[2025-06-20T16:47:17.705+0000] {processor.py:830} INFO - Processing file /home/airflow/.local/lib/python3.12/site-packages/airflow/example_dags/example_xcom.py for tasks to queue
[2025-06-20T16:47:17.707+0000] {logging_mixin.py:188} INFO - [2025-06-20T16:47:17.706+0000] {dagbag.py:540} INFO - Filling up the DagBag from /home/airflow/.local/lib/python3.12/site-packages/airflow/example_dags/example_xcom.py
[2025-06-20T16:47:17.715+0000] {processor.py:840} INFO - DAG(s) 'example_xcom' retrieved from /home/airflow/.local/lib/python3.12/site-packages/airflow/example_dags/example_xcom.py
[2025-06-20T16:47:17.735+0000] {logging_mixin.py:188} INFO - [2025-06-20T16:47:17.735+0000] {dag.py:3096} INFO - Sync 1 DAGs
[2025-06-20T16:47:17.757+0000] {logging_mixin.py:188} INFO - [2025-06-20T16:47:17.757+0000] {dag.py:3954} INFO - Setting next_dagrun for example_xcom to 2021-01-01 00:00:00+00:00, run_after=2021-01-01 00:00:00+00:00
[2025-06-20T16:47:17.773+0000] {processor.py:183} INFO - Processing /home/airflow/.local/lib/python3.12/site-packages/airflow/example_dags/example_xcom.py took 0.076 seconds
[2025-06-20T16:47:48.062+0000] {processor.py:161} INFO - Started process (PID=512) to work on /home/airflow/.local/lib/python3.12/site-packages/airflow/example_dags/example_xcom.py
[2025-06-20T16:47:48.063+0000] {processor.py:830} INFO - Processing file /home/airflow/.local/lib/python3.12/site-packages/airflow/example_dags/example_xcom.py for tasks to queue
[2025-06-20T16:47:48.065+0000] {logging_mixin.py:188} INFO - [2025-06-20T16:47:48.064+0000] {dagbag.py:540} INFO - Filling up the DagBag from /home/airflow/.local/lib/python3.12/site-packages/airflow/example_dags/example_xcom.py
[2025-06-20T16:47:48.072+0000] {processor.py:840} INFO - DAG(s) 'example_xcom' retrieved from /home/airflow/.local/lib/python3.12/site-packages/airflow/example_dags/example_xcom.py
[2025-06-20T16:47:48.092+0000] {logging_mixin.py:188} INFO - [2025-06-20T16:47:48.092+0000] {dag.py:3096} INFO - Sync 1 DAGs
[2025-06-20T16:47:48.111+0000] {logging_mixin.py:188} INFO - [2025-06-20T16:47:48.111+0000] {dag.py:3954} INFO - Setting next_dagrun for example_xcom to 2021-01-01 00:00:00+00:00, run_after=2021-01-01 00:00:00+00:00
[2025-06-20T16:47:48.127+0000] {processor.py:183} INFO - Processing /home/airflow/.local/lib/python3.12/site-packages/airflow/example_dags/example_xcom.py took 0.071 seconds
[2025-06-20T16:48:18.437+0000] {processor.py:161} INFO - Started process (PID=571) to work on /home/airflow/.local/lib/python3.12/site-packages/airflow/example_dags/example_xcom.py
[2025-06-20T16:48:18.438+0000] {processor.py:830} INFO - Processing file /home/airflow/.local/lib/python3.12/site-packages/airflow/example_dags/example_xcom.py for tasks to queue
[2025-06-20T16:48:18.441+0000] {logging_mixin.py:188} INFO - [2025-06-20T16:48:18.440+0000] {dagbag.py:540} INFO - Filling up the DagBag from /home/airflow/.local/lib/python3.12/site-packages/airflow/example_dags/example_xcom.py
[2025-06-20T16:48:18.452+0000] {processor.py:840} INFO - DAG(s) 'example_xcom' retrieved from /home/airflow/.local/lib/python3.12/site-packages/airflow/example_dags/example_xcom.py
[2025-06-20T16:48:18.474+0000] {logging_mixin.py:188} INFO - [2025-06-20T16:48:18.474+0000] {dag.py:3096} INFO - Sync 1 DAGs
[2025-06-20T16:48:18.494+0000] {logging_mixin.py:188} INFO - [2025-06-20T16:48:18.494+0000] {dag.py:3954} INFO - Setting next_dagrun for example_xcom to 2021-01-01 00:00:00+00:00, run_after=2021-01-01 00:00:00+00:00
[2025-06-20T16:48:18.509+0000] {processor.py:183} INFO - Processing /home/airflow/.local/lib/python3.12/site-packages/airflow/example_dags/example_xcom.py took 0.079 seconds
[2025-06-20T16:48:48.791+0000] {processor.py:161} INFO - Started process (PID=630) to work on /home/airflow/.local/lib/python3.12/site-packages/airflow/example_dags/example_xcom.py
[2025-06-20T16:48:48.792+0000] {processor.py:830} INFO - Processing file /home/airflow/.local/lib/python3.12/site-packages/airflow/example_dags/example_xcom.py for tasks to queue
[2025-06-20T16:48:48.793+0000] {logging_mixin.py:188} INFO - [2025-06-20T16:48:48.793+0000] {dagbag.py:540} INFO - Filling up the DagBag from /home/airflow/.local/lib/python3.12/site-packages/airflow/example_dags/example_xcom.py
[2025-06-20T16:48:48.801+0000] {processor.py:840} INFO - DAG(s) 'example_xcom' retrieved from /home/airflow/.local/lib/python3.12/site-packages/airflow/example_dags/example_xcom.py
[2025-06-20T16:48:48.821+0000] {logging_mixin.py:188} INFO - [2025-06-20T16:48:48.820+0000] {dag.py:3096} INFO - Sync 1 DAGs
[2025-06-20T16:48:48.841+0000] {logging_mixin.py:188} INFO - [2025-06-20T16:48:48.841+0000] {dag.py:3954} INFO - Setting next_dagrun for example_xcom to 2021-01-01 00:00:00+00:00, run_after=2021-01-01 00:00:00+00:00
[2025-06-20T16:48:48.856+0000] {processor.py:183} INFO - Processing /home/airflow/.local/lib/python3.12/site-packages/airflow/example_dags/example_xcom.py took 0.071 seconds
[2025-06-20T16:49:19.232+0000] {processor.py:161} INFO - Started process (PID=689) to work on /home/airflow/.local/lib/python3.12/site-packages/airflow/example_dags/example_xcom.py
[2025-06-20T16:49:19.233+0000] {processor.py:830} INFO - Processing file /home/airflow/.local/lib/python3.12/site-packages/airflow/example_dags/example_xcom.py for tasks to queue
[2025-06-20T16:49:19.235+0000] {logging_mixin.py:188} INFO - [2025-06-20T16:49:19.235+0000] {dagbag.py:540} INFO - Filling up the DagBag from /home/airflow/.local/lib/python3.12/site-packages/airflow/example_dags/example_xcom.py
[2025-06-20T16:49:19.242+0000] {processor.py:840} INFO - DAG(s) 'example_xcom' retrieved from /home/airflow/.local/lib/python3.12/site-packages/airflow/example_dags/example_xcom.py
[2025-06-20T16:49:19.263+0000] {logging_mixin.py:188} INFO - [2025-06-20T16:49:19.263+0000] {dag.py:3096} INFO - Sync 1 DAGs
[2025-06-20T16:49:19.283+0000] {logging_mixin.py:188} INFO - [2025-06-20T16:49:19.283+0000] {dag.py:3954} INFO - Setting next_dagrun for example_xcom to 2021-01-01 00:00:00+00:00, run_after=2021-01-01 00:00:00+00:00
[2025-06-20T16:49:19.299+0000] {processor.py:183} INFO - Processing /home/airflow/.local/lib/python3.12/site-packages/airflow/example_dags/example_xcom.py took 0.073 seconds
[2025-06-20T16:49:49.524+0000] {processor.py:161} INFO - Started process (PID=748) to work on /home/airflow/.local/lib/python3.12/site-packages/airflow/example_dags/example_xcom.py
[2025-06-20T16:49:49.525+0000] {processor.py:830} INFO - Processing file /home/airflow/.local/lib/python3.12/site-packages/airflow/example_dags/example_xcom.py for tasks to queue
[2025-06-20T16:49:49.527+0000] {logging_mixin.py:188} INFO - [2025-06-20T16:49:49.527+0000] {dagbag.py:540} INFO - Filling up the DagBag from /home/airflow/.local/lib/python3.12/site-packages/airflow/example_dags/example_xcom.py
[2025-06-20T16:49:49.539+0000] {processor.py:840} INFO - DAG(s) 'example_xcom' retrieved from /home/airflow/.local/lib/python3.12/site-packages/airflow/example_dags/example_xcom.py
[2025-06-20T16:49:49.570+0000] {logging_mixin.py:188} INFO - [2025-06-20T16:49:49.570+0000] {dag.py:3096} INFO - Sync 1 DAGs
[2025-06-20T16:49:49.591+0000] {logging_mixin.py:188} INFO - [2025-06-20T16:49:49.591+0000] {dag.py:3954} INFO - Setting next_dagrun for example_xcom to 2021-01-01 00:00:00+00:00, run_after=2021-01-01 00:00:00+00:00
[2025-06-20T16:49:49.607+0000] {processor.py:183} INFO - Processing /home/airflow/.local/lib/python3.12/site-packages/airflow/example_dags/example_xcom.py took 0.092 seconds
[2025-06-20T16:50:19.986+0000] {processor.py:161} INFO - Started process (PID=807) to work on /home/airflow/.local/lib/python3.12/site-packages/airflow/example_dags/example_xcom.py
[2025-06-20T16:50:19.988+0000] {processor.py:830} INFO - Processing file /home/airflow/.local/lib/python3.12/site-packages/airflow/example_dags/example_xcom.py for tasks to queue
[2025-06-20T16:50:19.990+0000] {logging_mixin.py:188} INFO - [2025-06-20T16:50:19.990+0000] {dagbag.py:540} INFO - Filling up the DagBag from /home/airflow/.local/lib/python3.12/site-packages/airflow/example_dags/example_xcom.py
[2025-06-20T16:50:20.001+0000] {processor.py:840} INFO - DAG(s) 'example_xcom' retrieved from /home/airflow/.local/lib/python3.12/site-packages/airflow/example_dags/example_xcom.py
[2025-06-20T16:50:20.023+0000] {logging_mixin.py:188} INFO - [2025-06-20T16:50:20.023+0000] {dag.py:3096} INFO - Sync 1 DAGs
[2025-06-20T16:50:20.043+0000] {logging_mixin.py:188} INFO - [2025-06-20T16:50:20.043+0000] {dag.py:3954} INFO - Setting next_dagrun for example_xcom to 2021-01-01 00:00:00+00:00, run_after=2021-01-01 00:00:00+00:00
[2025-06-20T16:50:20.060+0000] {processor.py:183} INFO - Processing /home/airflow/.local/lib/python3.12/site-packages/airflow/example_dags/example_xcom.py took 0.082 seconds
[2025-06-20T16:50:50.405+0000] {processor.py:161} INFO - Started process (PID=866) to work on /home/airflow/.local/lib/python3.12/site-packages/airflow/example_dags/example_xcom.py
[2025-06-20T16:50:50.406+0000] {processor.py:830} INFO - Processing file /home/airflow/.local/lib/python3.12/site-packages/airflow/example_dags/example_xcom.py for tasks to queue
[2025-06-20T16:50:50.408+0000] {logging_mixin.py:188} INFO - [2025-06-20T16:50:50.408+0000] {dagbag.py:540} INFO - Filling up the DagBag from /home/airflow/.local/lib/python3.12/site-packages/airflow/example_dags/example_xcom.py
[2025-06-20T16:50:50.416+0000] {processor.py:840} INFO - DAG(s) 'example_xcom' retrieved from /home/airflow/.local/lib/python3.12/site-packages/airflow/example_dags/example_xcom.py
[2025-06-20T16:50:50.437+0000] {logging_mixin.py:188} INFO - [2025-06-20T16:50:50.437+0000] {dag.py:3096} INFO - Sync 1 DAGs
[2025-06-20T16:50:50.457+0000] {logging_mixin.py:188} INFO - [2025-06-20T16:50:50.457+0000] {dag.py:3954} INFO - Setting next_dagrun for example_xcom to 2021-01-01 00:00:00+00:00, run_after=2021-01-01 00:00:00+00:00
[2025-06-20T16:50:50.473+0000] {processor.py:183} INFO - Processing /home/airflow/.local/lib/python3.12/site-packages/airflow/example_dags/example_xcom.py took 0.074 seconds
