[2025-06-20T14:34:47.113+0000] {processor.py:161} INFO - Started process (PID=79) to work on /home/airflow/.local/lib/python3.12/site-packages/airflow/example_dags/example_dynamic_task_mapping_with_no_taskflow_operators.py
[2025-06-20T14:34:47.114+0000] {processor.py:830} INFO - Processing file /home/airflow/.local/lib/python3.12/site-packages/airflow/example_dags/example_dynamic_task_mapping_with_no_taskflow_operators.py for tasks to queue
[2025-06-20T14:34:47.116+0000] {logging_mixin.py:188} INFO - [2025-06-20T14:34:47.115+0000] {dagbag.py:540} INFO - Filling up the DagBag from /home/airflow/.local/lib/python3.12/site-packages/airflow/example_dags/example_dynamic_task_mapping_with_no_taskflow_operators.py
[2025-06-20T14:34:47.125+0000] {processor.py:840} INFO - DAG(s) 'example_dynamic_task_mapping_with_no_taskflow_operators' retrieved from /home/airflow/.local/lib/python3.12/site-packages/airflow/example_dags/example_dynamic_task_mapping_with_no_taskflow_operators.py
[2025-06-20T14:34:47.136+0000] {logging_mixin.py:188} INFO - [2025-06-20T14:34:47.136+0000] {dag.py:3096} INFO - Sync 1 DAGs
[2025-06-20T14:34:47.157+0000] {logging_mixin.py:188} INFO - [2025-06-20T14:34:47.157+0000] {dag.py:3954} INFO - Setting next_dagrun for example_dynamic_task_mapping_with_no_taskflow_operators to 2025-06-19 00:00:00+00:00, run_after=2025-06-20 00:00:00+00:00
[2025-06-20T14:34:47.173+0000] {processor.py:183} INFO - Processing /home/airflow/.local/lib/python3.12/site-packages/airflow/example_dags/example_dynamic_task_mapping_with_no_taskflow_operators.py took 0.066 seconds
[2025-06-20T14:35:18.329+0000] {processor.py:161} INFO - Started process (PID=137) to work on /home/airflow/.local/lib/python3.12/site-packages/airflow/example_dags/example_dynamic_task_mapping_with_no_taskflow_operators.py
[2025-06-20T14:35:18.330+0000] {processor.py:830} INFO - Processing file /home/airflow/.local/lib/python3.12/site-packages/airflow/example_dags/example_dynamic_task_mapping_with_no_taskflow_operators.py for tasks to queue
[2025-06-20T14:35:18.331+0000] {logging_mixin.py:188} INFO - [2025-06-20T14:35:18.331+0000] {dagbag.py:540} INFO - Filling up the DagBag from /home/airflow/.local/lib/python3.12/site-packages/airflow/example_dags/example_dynamic_task_mapping_with_no_taskflow_operators.py
[2025-06-20T14:35:18.338+0000] {processor.py:840} INFO - DAG(s) 'example_dynamic_task_mapping_with_no_taskflow_operators' retrieved from /home/airflow/.local/lib/python3.12/site-packages/airflow/example_dags/example_dynamic_task_mapping_with_no_taskflow_operators.py
[2025-06-20T14:35:18.436+0000] {logging_mixin.py:188} INFO - [2025-06-20T14:35:18.436+0000] {dag.py:3096} INFO - Sync 1 DAGs
[2025-06-20T14:35:18.453+0000] {logging_mixin.py:188} INFO - [2025-06-20T14:35:18.453+0000] {dag.py:3954} INFO - Setting next_dagrun for example_dynamic_task_mapping_with_no_taskflow_operators to 2025-06-19 00:00:00+00:00, run_after=2025-06-20 00:00:00+00:00
[2025-06-20T14:35:18.468+0000] {processor.py:183} INFO - Processing /home/airflow/.local/lib/python3.12/site-packages/airflow/example_dags/example_dynamic_task_mapping_with_no_taskflow_operators.py took 0.145 seconds
[2025-06-20T14:35:48.592+0000] {processor.py:161} INFO - Started process (PID=195) to work on /home/airflow/.local/lib/python3.12/site-packages/airflow/example_dags/example_dynamic_task_mapping_with_no_taskflow_operators.py
[2025-06-20T14:35:48.593+0000] {processor.py:830} INFO - Processing file /home/airflow/.local/lib/python3.12/site-packages/airflow/example_dags/example_dynamic_task_mapping_with_no_taskflow_operators.py for tasks to queue
[2025-06-20T14:35:48.595+0000] {logging_mixin.py:188} INFO - [2025-06-20T14:35:48.595+0000] {dagbag.py:540} INFO - Filling up the DagBag from /home/airflow/.local/lib/python3.12/site-packages/airflow/example_dags/example_dynamic_task_mapping_with_no_taskflow_operators.py
[2025-06-20T14:35:48.601+0000] {processor.py:840} INFO - DAG(s) 'example_dynamic_task_mapping_with_no_taskflow_operators' retrieved from /home/airflow/.local/lib/python3.12/site-packages/airflow/example_dags/example_dynamic_task_mapping_with_no_taskflow_operators.py
[2025-06-20T14:35:48.625+0000] {logging_mixin.py:188} INFO - [2025-06-20T14:35:48.625+0000] {dag.py:3096} INFO - Sync 1 DAGs
[2025-06-20T14:35:48.650+0000] {logging_mixin.py:188} INFO - [2025-06-20T14:35:48.649+0000] {dag.py:3954} INFO - Setting next_dagrun for example_dynamic_task_mapping_with_no_taskflow_operators to 2025-06-19 00:00:00+00:00, run_after=2025-06-20 00:00:00+00:00
[2025-06-20T14:35:48.667+0000] {processor.py:183} INFO - Processing /home/airflow/.local/lib/python3.12/site-packages/airflow/example_dags/example_dynamic_task_mapping_with_no_taskflow_operators.py took 0.081 seconds
[2025-06-20T14:36:18.749+0000] {processor.py:161} INFO - Started process (PID=253) to work on /home/airflow/.local/lib/python3.12/site-packages/airflow/example_dags/example_dynamic_task_mapping_with_no_taskflow_operators.py
[2025-06-20T14:36:18.750+0000] {processor.py:830} INFO - Processing file /home/airflow/.local/lib/python3.12/site-packages/airflow/example_dags/example_dynamic_task_mapping_with_no_taskflow_operators.py for tasks to queue
[2025-06-20T14:36:18.752+0000] {logging_mixin.py:188} INFO - [2025-06-20T14:36:18.752+0000] {dagbag.py:540} INFO - Filling up the DagBag from /home/airflow/.local/lib/python3.12/site-packages/airflow/example_dags/example_dynamic_task_mapping_with_no_taskflow_operators.py
[2025-06-20T14:36:18.758+0000] {processor.py:840} INFO - DAG(s) 'example_dynamic_task_mapping_with_no_taskflow_operators' retrieved from /home/airflow/.local/lib/python3.12/site-packages/airflow/example_dags/example_dynamic_task_mapping_with_no_taskflow_operators.py
[2025-06-20T14:36:18.777+0000] {logging_mixin.py:188} INFO - [2025-06-20T14:36:18.777+0000] {dag.py:3096} INFO - Sync 1 DAGs
[2025-06-20T14:36:18.801+0000] {logging_mixin.py:188} INFO - [2025-06-20T14:36:18.800+0000] {dag.py:3954} INFO - Setting next_dagrun for example_dynamic_task_mapping_with_no_taskflow_operators to 2025-06-19 00:00:00+00:00, run_after=2025-06-20 00:00:00+00:00
[2025-06-20T14:36:18.816+0000] {processor.py:183} INFO - Processing /home/airflow/.local/lib/python3.12/site-packages/airflow/example_dags/example_dynamic_task_mapping_with_no_taskflow_operators.py took 0.073 seconds
[2025-06-20T14:36:49.301+0000] {processor.py:161} INFO - Started process (PID=317) to work on /home/airflow/.local/lib/python3.12/site-packages/airflow/example_dags/example_dynamic_task_mapping_with_no_taskflow_operators.py
[2025-06-20T14:36:49.302+0000] {processor.py:830} INFO - Processing file /home/airflow/.local/lib/python3.12/site-packages/airflow/example_dags/example_dynamic_task_mapping_with_no_taskflow_operators.py for tasks to queue
[2025-06-20T14:36:49.303+0000] {logging_mixin.py:188} INFO - [2025-06-20T14:36:49.303+0000] {dagbag.py:540} INFO - Filling up the DagBag from /home/airflow/.local/lib/python3.12/site-packages/airflow/example_dags/example_dynamic_task_mapping_with_no_taskflow_operators.py
[2025-06-20T14:36:49.309+0000] {processor.py:840} INFO - DAG(s) 'example_dynamic_task_mapping_with_no_taskflow_operators' retrieved from /home/airflow/.local/lib/python3.12/site-packages/airflow/example_dags/example_dynamic_task_mapping_with_no_taskflow_operators.py
[2025-06-20T14:36:49.327+0000] {logging_mixin.py:188} INFO - [2025-06-20T14:36:49.327+0000] {dag.py:3096} INFO - Sync 1 DAGs
[2025-06-20T14:36:49.346+0000] {logging_mixin.py:188} INFO - [2025-06-20T14:36:49.346+0000] {dag.py:3954} INFO - Setting next_dagrun for example_dynamic_task_mapping_with_no_taskflow_operators to 2025-06-19 00:00:00+00:00, run_after=2025-06-20 00:00:00+00:00
[2025-06-20T14:36:49.361+0000] {processor.py:183} INFO - Processing /home/airflow/.local/lib/python3.12/site-packages/airflow/example_dags/example_dynamic_task_mapping_with_no_taskflow_operators.py took 0.066 seconds
[2025-06-20T14:37:19.821+0000] {processor.py:161} INFO - Started process (PID=391) to work on /home/airflow/.local/lib/python3.12/site-packages/airflow/example_dags/example_dynamic_task_mapping_with_no_taskflow_operators.py
[2025-06-20T14:37:19.822+0000] {processor.py:830} INFO - Processing file /home/airflow/.local/lib/python3.12/site-packages/airflow/example_dags/example_dynamic_task_mapping_with_no_taskflow_operators.py for tasks to queue
[2025-06-20T14:37:19.824+0000] {logging_mixin.py:188} INFO - [2025-06-20T14:37:19.824+0000] {dagbag.py:540} INFO - Filling up the DagBag from /home/airflow/.local/lib/python3.12/site-packages/airflow/example_dags/example_dynamic_task_mapping_with_no_taskflow_operators.py
[2025-06-20T14:37:19.830+0000] {processor.py:840} INFO - DAG(s) 'example_dynamic_task_mapping_with_no_taskflow_operators' retrieved from /home/airflow/.local/lib/python3.12/site-packages/airflow/example_dags/example_dynamic_task_mapping_with_no_taskflow_operators.py
[2025-06-20T14:37:19.849+0000] {logging_mixin.py:188} INFO - [2025-06-20T14:37:19.848+0000] {dag.py:3096} INFO - Sync 1 DAGs
[2025-06-20T14:37:19.869+0000] {logging_mixin.py:188} INFO - [2025-06-20T14:37:19.868+0000] {dag.py:3954} INFO - Setting next_dagrun for example_dynamic_task_mapping_with_no_taskflow_operators to 2025-06-19 00:00:00+00:00, run_after=2025-06-20 00:00:00+00:00
[2025-06-20T14:37:19.883+0000] {processor.py:183} INFO - Processing /home/airflow/.local/lib/python3.12/site-packages/airflow/example_dags/example_dynamic_task_mapping_with_no_taskflow_operators.py took 0.069 seconds
[2025-06-20T14:37:50.372+0000] {processor.py:161} INFO - Started process (PID=449) to work on /home/airflow/.local/lib/python3.12/site-packages/airflow/example_dags/example_dynamic_task_mapping_with_no_taskflow_operators.py
[2025-06-20T14:37:50.373+0000] {processor.py:830} INFO - Processing file /home/airflow/.local/lib/python3.12/site-packages/airflow/example_dags/example_dynamic_task_mapping_with_no_taskflow_operators.py for tasks to queue
[2025-06-20T14:37:50.375+0000] {logging_mixin.py:188} INFO - [2025-06-20T14:37:50.375+0000] {dagbag.py:540} INFO - Filling up the DagBag from /home/airflow/.local/lib/python3.12/site-packages/airflow/example_dags/example_dynamic_task_mapping_with_no_taskflow_operators.py
[2025-06-20T14:37:50.382+0000] {processor.py:840} INFO - DAG(s) 'example_dynamic_task_mapping_with_no_taskflow_operators' retrieved from /home/airflow/.local/lib/python3.12/site-packages/airflow/example_dags/example_dynamic_task_mapping_with_no_taskflow_operators.py
[2025-06-20T14:37:50.402+0000] {logging_mixin.py:188} INFO - [2025-06-20T14:37:50.402+0000] {dag.py:3096} INFO - Sync 1 DAGs
[2025-06-20T14:37:50.426+0000] {logging_mixin.py:188} INFO - [2025-06-20T14:37:50.426+0000] {dag.py:3954} INFO - Setting next_dagrun for example_dynamic_task_mapping_with_no_taskflow_operators to 2025-06-19 00:00:00+00:00, run_after=2025-06-20 00:00:00+00:00
[2025-06-20T14:37:50.443+0000] {processor.py:183} INFO - Processing /home/airflow/.local/lib/python3.12/site-packages/airflow/example_dags/example_dynamic_task_mapping_with_no_taskflow_operators.py took 0.078 seconds
[2025-06-20T14:38:20.829+0000] {processor.py:161} INFO - Started process (PID=507) to work on /home/airflow/.local/lib/python3.12/site-packages/airflow/example_dags/example_dynamic_task_mapping_with_no_taskflow_operators.py
[2025-06-20T14:38:20.830+0000] {processor.py:830} INFO - Processing file /home/airflow/.local/lib/python3.12/site-packages/airflow/example_dags/example_dynamic_task_mapping_with_no_taskflow_operators.py for tasks to queue
[2025-06-20T14:38:20.832+0000] {logging_mixin.py:188} INFO - [2025-06-20T14:38:20.831+0000] {dagbag.py:540} INFO - Filling up the DagBag from /home/airflow/.local/lib/python3.12/site-packages/airflow/example_dags/example_dynamic_task_mapping_with_no_taskflow_operators.py
[2025-06-20T14:38:20.838+0000] {processor.py:840} INFO - DAG(s) 'example_dynamic_task_mapping_with_no_taskflow_operators' retrieved from /home/airflow/.local/lib/python3.12/site-packages/airflow/example_dags/example_dynamic_task_mapping_with_no_taskflow_operators.py
[2025-06-20T14:38:20.858+0000] {logging_mixin.py:188} INFO - [2025-06-20T14:38:20.857+0000] {dag.py:3096} INFO - Sync 1 DAGs
[2025-06-20T14:38:20.878+0000] {logging_mixin.py:188} INFO - [2025-06-20T14:38:20.878+0000] {dag.py:3954} INFO - Setting next_dagrun for example_dynamic_task_mapping_with_no_taskflow_operators to 2025-06-19 00:00:00+00:00, run_after=2025-06-20 00:00:00+00:00
[2025-06-20T14:38:20.894+0000] {processor.py:183} INFO - Processing /home/airflow/.local/lib/python3.12/site-packages/airflow/example_dags/example_dynamic_task_mapping_with_no_taskflow_operators.py took 0.071 seconds
[2025-06-20T14:38:51.707+0000] {processor.py:161} INFO - Started process (PID=565) to work on /home/airflow/.local/lib/python3.12/site-packages/airflow/example_dags/example_dynamic_task_mapping_with_no_taskflow_operators.py
[2025-06-20T14:38:51.708+0000] {processor.py:830} INFO - Processing file /home/airflow/.local/lib/python3.12/site-packages/airflow/example_dags/example_dynamic_task_mapping_with_no_taskflow_operators.py for tasks to queue
[2025-06-20T14:38:51.710+0000] {logging_mixin.py:188} INFO - [2025-06-20T14:38:51.709+0000] {dagbag.py:540} INFO - Filling up the DagBag from /home/airflow/.local/lib/python3.12/site-packages/airflow/example_dags/example_dynamic_task_mapping_with_no_taskflow_operators.py
[2025-06-20T14:38:51.716+0000] {processor.py:840} INFO - DAG(s) 'example_dynamic_task_mapping_with_no_taskflow_operators' retrieved from /home/airflow/.local/lib/python3.12/site-packages/airflow/example_dags/example_dynamic_task_mapping_with_no_taskflow_operators.py
[2025-06-20T14:38:51.735+0000] {logging_mixin.py:188} INFO - [2025-06-20T14:38:51.735+0000] {dag.py:3096} INFO - Sync 1 DAGs
[2025-06-20T14:38:51.756+0000] {logging_mixin.py:188} INFO - [2025-06-20T14:38:51.756+0000] {dag.py:3954} INFO - Setting next_dagrun for example_dynamic_task_mapping_with_no_taskflow_operators to 2025-06-19 00:00:00+00:00, run_after=2025-06-20 00:00:00+00:00
[2025-06-20T14:38:51.772+0000] {processor.py:183} INFO - Processing /home/airflow/.local/lib/python3.12/site-packages/airflow/example_dags/example_dynamic_task_mapping_with_no_taskflow_operators.py took 0.071 seconds
[2025-06-20T14:39:21.964+0000] {processor.py:161} INFO - Started process (PID=623) to work on /home/airflow/.local/lib/python3.12/site-packages/airflow/example_dags/example_dynamic_task_mapping_with_no_taskflow_operators.py
[2025-06-20T14:39:21.965+0000] {processor.py:830} INFO - Processing file /home/airflow/.local/lib/python3.12/site-packages/airflow/example_dags/example_dynamic_task_mapping_with_no_taskflow_operators.py for tasks to queue
[2025-06-20T14:39:21.967+0000] {logging_mixin.py:188} INFO - [2025-06-20T14:39:21.966+0000] {dagbag.py:540} INFO - Filling up the DagBag from /home/airflow/.local/lib/python3.12/site-packages/airflow/example_dags/example_dynamic_task_mapping_with_no_taskflow_operators.py
[2025-06-20T14:39:21.973+0000] {processor.py:840} INFO - DAG(s) 'example_dynamic_task_mapping_with_no_taskflow_operators' retrieved from /home/airflow/.local/lib/python3.12/site-packages/airflow/example_dags/example_dynamic_task_mapping_with_no_taskflow_operators.py
[2025-06-20T14:39:21.994+0000] {logging_mixin.py:188} INFO - [2025-06-20T14:39:21.993+0000] {dag.py:3096} INFO - Sync 1 DAGs
[2025-06-20T14:39:22.014+0000] {logging_mixin.py:188} INFO - [2025-06-20T14:39:22.014+0000] {dag.py:3954} INFO - Setting next_dagrun for example_dynamic_task_mapping_with_no_taskflow_operators to 2025-06-19 00:00:00+00:00, run_after=2025-06-20 00:00:00+00:00
[2025-06-20T14:39:22.030+0000] {processor.py:183} INFO - Processing /home/airflow/.local/lib/python3.12/site-packages/airflow/example_dags/example_dynamic_task_mapping_with_no_taskflow_operators.py took 0.072 seconds
[2025-06-20T14:39:52.415+0000] {processor.py:161} INFO - Started process (PID=681) to work on /home/airflow/.local/lib/python3.12/site-packages/airflow/example_dags/example_dynamic_task_mapping_with_no_taskflow_operators.py
[2025-06-20T14:39:52.416+0000] {processor.py:830} INFO - Processing file /home/airflow/.local/lib/python3.12/site-packages/airflow/example_dags/example_dynamic_task_mapping_with_no_taskflow_operators.py for tasks to queue
[2025-06-20T14:39:52.418+0000] {logging_mixin.py:188} INFO - [2025-06-20T14:39:52.418+0000] {dagbag.py:540} INFO - Filling up the DagBag from /home/airflow/.local/lib/python3.12/site-packages/airflow/example_dags/example_dynamic_task_mapping_with_no_taskflow_operators.py
[2025-06-20T14:39:52.425+0000] {processor.py:840} INFO - DAG(s) 'example_dynamic_task_mapping_with_no_taskflow_operators' retrieved from /home/airflow/.local/lib/python3.12/site-packages/airflow/example_dags/example_dynamic_task_mapping_with_no_taskflow_operators.py
[2025-06-20T14:39:52.446+0000] {logging_mixin.py:188} INFO - [2025-06-20T14:39:52.446+0000] {dag.py:3096} INFO - Sync 1 DAGs
[2025-06-20T14:39:52.467+0000] {logging_mixin.py:188} INFO - [2025-06-20T14:39:52.467+0000] {dag.py:3954} INFO - Setting next_dagrun for example_dynamic_task_mapping_with_no_taskflow_operators to 2025-06-19 00:00:00+00:00, run_after=2025-06-20 00:00:00+00:00
[2025-06-20T14:39:52.483+0000] {processor.py:183} INFO - Processing /home/airflow/.local/lib/python3.12/site-packages/airflow/example_dags/example_dynamic_task_mapping_with_no_taskflow_operators.py took 0.076 seconds
[2025-06-20T14:40:22.571+0000] {processor.py:161} INFO - Started process (PID=739) to work on /home/airflow/.local/lib/python3.12/site-packages/airflow/example_dags/example_dynamic_task_mapping_with_no_taskflow_operators.py
[2025-06-20T14:40:22.572+0000] {processor.py:830} INFO - Processing file /home/airflow/.local/lib/python3.12/site-packages/airflow/example_dags/example_dynamic_task_mapping_with_no_taskflow_operators.py for tasks to queue
[2025-06-20T14:40:22.574+0000] {logging_mixin.py:188} INFO - [2025-06-20T14:40:22.573+0000] {dagbag.py:540} INFO - Filling up the DagBag from /home/airflow/.local/lib/python3.12/site-packages/airflow/example_dags/example_dynamic_task_mapping_with_no_taskflow_operators.py
[2025-06-20T14:40:22.580+0000] {processor.py:840} INFO - DAG(s) 'example_dynamic_task_mapping_with_no_taskflow_operators' retrieved from /home/airflow/.local/lib/python3.12/site-packages/airflow/example_dags/example_dynamic_task_mapping_with_no_taskflow_operators.py
[2025-06-20T14:40:22.599+0000] {logging_mixin.py:188} INFO - [2025-06-20T14:40:22.598+0000] {dag.py:3096} INFO - Sync 1 DAGs
[2025-06-20T14:40:22.619+0000] {logging_mixin.py:188} INFO - [2025-06-20T14:40:22.619+0000] {dag.py:3954} INFO - Setting next_dagrun for example_dynamic_task_mapping_with_no_taskflow_operators to 2025-06-19 00:00:00+00:00, run_after=2025-06-20 00:00:00+00:00
[2025-06-20T14:40:22.634+0000] {processor.py:183} INFO - Processing /home/airflow/.local/lib/python3.12/site-packages/airflow/example_dags/example_dynamic_task_mapping_with_no_taskflow_operators.py took 0.070 seconds
[2025-06-20T14:40:52.910+0000] {processor.py:161} INFO - Started process (PID=797) to work on /home/airflow/.local/lib/python3.12/site-packages/airflow/example_dags/example_dynamic_task_mapping_with_no_taskflow_operators.py
[2025-06-20T14:40:52.911+0000] {processor.py:830} INFO - Processing file /home/airflow/.local/lib/python3.12/site-packages/airflow/example_dags/example_dynamic_task_mapping_with_no_taskflow_operators.py for tasks to queue
[2025-06-20T14:40:52.913+0000] {logging_mixin.py:188} INFO - [2025-06-20T14:40:52.913+0000] {dagbag.py:540} INFO - Filling up the DagBag from /home/airflow/.local/lib/python3.12/site-packages/airflow/example_dags/example_dynamic_task_mapping_with_no_taskflow_operators.py
[2025-06-20T14:40:52.919+0000] {processor.py:840} INFO - DAG(s) 'example_dynamic_task_mapping_with_no_taskflow_operators' retrieved from /home/airflow/.local/lib/python3.12/site-packages/airflow/example_dags/example_dynamic_task_mapping_with_no_taskflow_operators.py
[2025-06-20T14:40:52.936+0000] {logging_mixin.py:188} INFO - [2025-06-20T14:40:52.936+0000] {dag.py:3096} INFO - Sync 1 DAGs
[2025-06-20T14:40:52.956+0000] {logging_mixin.py:188} INFO - [2025-06-20T14:40:52.956+0000] {dag.py:3954} INFO - Setting next_dagrun for example_dynamic_task_mapping_with_no_taskflow_operators to 2025-06-19 00:00:00+00:00, run_after=2025-06-20 00:00:00+00:00
[2025-06-20T14:40:52.970+0000] {processor.py:183} INFO - Processing /home/airflow/.local/lib/python3.12/site-packages/airflow/example_dags/example_dynamic_task_mapping_with_no_taskflow_operators.py took 0.066 seconds
[2025-06-20T14:41:23.140+0000] {processor.py:161} INFO - Started process (PID=855) to work on /home/airflow/.local/lib/python3.12/site-packages/airflow/example_dags/example_dynamic_task_mapping_with_no_taskflow_operators.py
[2025-06-20T14:41:23.141+0000] {processor.py:830} INFO - Processing file /home/airflow/.local/lib/python3.12/site-packages/airflow/example_dags/example_dynamic_task_mapping_with_no_taskflow_operators.py for tasks to queue
[2025-06-20T14:41:23.144+0000] {logging_mixin.py:188} INFO - [2025-06-20T14:41:23.143+0000] {dagbag.py:540} INFO - Filling up the DagBag from /home/airflow/.local/lib/python3.12/site-packages/airflow/example_dags/example_dynamic_task_mapping_with_no_taskflow_operators.py
[2025-06-20T14:41:23.151+0000] {processor.py:840} INFO - DAG(s) 'example_dynamic_task_mapping_with_no_taskflow_operators' retrieved from /home/airflow/.local/lib/python3.12/site-packages/airflow/example_dags/example_dynamic_task_mapping_with_no_taskflow_operators.py
[2025-06-20T14:41:23.171+0000] {logging_mixin.py:188} INFO - [2025-06-20T14:41:23.171+0000] {dag.py:3096} INFO - Sync 1 DAGs
[2025-06-20T14:41:23.192+0000] {logging_mixin.py:188} INFO - [2025-06-20T14:41:23.192+0000] {dag.py:3954} INFO - Setting next_dagrun for example_dynamic_task_mapping_with_no_taskflow_operators to 2025-06-19 00:00:00+00:00, run_after=2025-06-20 00:00:00+00:00
[2025-06-20T14:41:23.208+0000] {processor.py:183} INFO - Processing /home/airflow/.local/lib/python3.12/site-packages/airflow/example_dags/example_dynamic_task_mapping_with_no_taskflow_operators.py took 0.074 seconds
[2025-06-20T14:41:53.542+0000] {processor.py:161} INFO - Started process (PID=913) to work on /home/airflow/.local/lib/python3.12/site-packages/airflow/example_dags/example_dynamic_task_mapping_with_no_taskflow_operators.py
[2025-06-20T14:41:53.543+0000] {processor.py:830} INFO - Processing file /home/airflow/.local/lib/python3.12/site-packages/airflow/example_dags/example_dynamic_task_mapping_with_no_taskflow_operators.py for tasks to queue
[2025-06-20T14:41:53.545+0000] {logging_mixin.py:188} INFO - [2025-06-20T14:41:53.544+0000] {dagbag.py:540} INFO - Filling up the DagBag from /home/airflow/.local/lib/python3.12/site-packages/airflow/example_dags/example_dynamic_task_mapping_with_no_taskflow_operators.py
[2025-06-20T14:41:53.551+0000] {processor.py:840} INFO - DAG(s) 'example_dynamic_task_mapping_with_no_taskflow_operators' retrieved from /home/airflow/.local/lib/python3.12/site-packages/airflow/example_dags/example_dynamic_task_mapping_with_no_taskflow_operators.py
[2025-06-20T14:41:53.570+0000] {logging_mixin.py:188} INFO - [2025-06-20T14:41:53.570+0000] {dag.py:3096} INFO - Sync 1 DAGs
[2025-06-20T14:41:53.592+0000] {logging_mixin.py:188} INFO - [2025-06-20T14:41:53.592+0000] {dag.py:3954} INFO - Setting next_dagrun for example_dynamic_task_mapping_with_no_taskflow_operators to 2025-06-19 00:00:00+00:00, run_after=2025-06-20 00:00:00+00:00
[2025-06-20T14:41:53.608+0000] {processor.py:183} INFO - Processing /home/airflow/.local/lib/python3.12/site-packages/airflow/example_dags/example_dynamic_task_mapping_with_no_taskflow_operators.py took 0.073 seconds
[2025-06-20T14:42:24.087+0000] {processor.py:161} INFO - Started process (PID=971) to work on /home/airflow/.local/lib/python3.12/site-packages/airflow/example_dags/example_dynamic_task_mapping_with_no_taskflow_operators.py
[2025-06-20T14:42:24.088+0000] {processor.py:830} INFO - Processing file /home/airflow/.local/lib/python3.12/site-packages/airflow/example_dags/example_dynamic_task_mapping_with_no_taskflow_operators.py for tasks to queue
[2025-06-20T14:42:24.090+0000] {logging_mixin.py:188} INFO - [2025-06-20T14:42:24.090+0000] {dagbag.py:540} INFO - Filling up the DagBag from /home/airflow/.local/lib/python3.12/site-packages/airflow/example_dags/example_dynamic_task_mapping_with_no_taskflow_operators.py
[2025-06-20T14:42:24.096+0000] {processor.py:840} INFO - DAG(s) 'example_dynamic_task_mapping_with_no_taskflow_operators' retrieved from /home/airflow/.local/lib/python3.12/site-packages/airflow/example_dags/example_dynamic_task_mapping_with_no_taskflow_operators.py
[2025-06-20T14:42:24.114+0000] {logging_mixin.py:188} INFO - [2025-06-20T14:42:24.114+0000] {dag.py:3096} INFO - Sync 1 DAGs
[2025-06-20T14:42:24.133+0000] {logging_mixin.py:188} INFO - [2025-06-20T14:42:24.133+0000] {dag.py:3954} INFO - Setting next_dagrun for example_dynamic_task_mapping_with_no_taskflow_operators to 2025-06-19 00:00:00+00:00, run_after=2025-06-20 00:00:00+00:00
[2025-06-20T14:42:24.148+0000] {processor.py:183} INFO - Processing /home/airflow/.local/lib/python3.12/site-packages/airflow/example_dags/example_dynamic_task_mapping_with_no_taskflow_operators.py took 0.067 seconds
[2025-06-20T14:42:55.275+0000] {processor.py:161} INFO - Started process (PID=1029) to work on /home/airflow/.local/lib/python3.12/site-packages/airflow/example_dags/example_dynamic_task_mapping_with_no_taskflow_operators.py
[2025-06-20T14:42:55.276+0000] {processor.py:830} INFO - Processing file /home/airflow/.local/lib/python3.12/site-packages/airflow/example_dags/example_dynamic_task_mapping_with_no_taskflow_operators.py for tasks to queue
[2025-06-20T14:42:55.278+0000] {logging_mixin.py:188} INFO - [2025-06-20T14:42:55.278+0000] {dagbag.py:540} INFO - Filling up the DagBag from /home/airflow/.local/lib/python3.12/site-packages/airflow/example_dags/example_dynamic_task_mapping_with_no_taskflow_operators.py
[2025-06-20T14:42:55.285+0000] {processor.py:840} INFO - DAG(s) 'example_dynamic_task_mapping_with_no_taskflow_operators' retrieved from /home/airflow/.local/lib/python3.12/site-packages/airflow/example_dags/example_dynamic_task_mapping_with_no_taskflow_operators.py
[2025-06-20T14:42:55.303+0000] {logging_mixin.py:188} INFO - [2025-06-20T14:42:55.303+0000] {dag.py:3096} INFO - Sync 1 DAGs
[2025-06-20T14:42:55.323+0000] {logging_mixin.py:188} INFO - [2025-06-20T14:42:55.323+0000] {dag.py:3954} INFO - Setting next_dagrun for example_dynamic_task_mapping_with_no_taskflow_operators to 2025-06-19 00:00:00+00:00, run_after=2025-06-20 00:00:00+00:00
[2025-06-20T14:42:55.338+0000] {processor.py:183} INFO - Processing /home/airflow/.local/lib/python3.12/site-packages/airflow/example_dags/example_dynamic_task_mapping_with_no_taskflow_operators.py took 0.069 seconds
[2025-06-20T14:43:25.922+0000] {processor.py:161} INFO - Started process (PID=1087) to work on /home/airflow/.local/lib/python3.12/site-packages/airflow/example_dags/example_dynamic_task_mapping_with_no_taskflow_operators.py
[2025-06-20T14:43:25.923+0000] {processor.py:830} INFO - Processing file /home/airflow/.local/lib/python3.12/site-packages/airflow/example_dags/example_dynamic_task_mapping_with_no_taskflow_operators.py for tasks to queue
[2025-06-20T14:43:25.925+0000] {logging_mixin.py:188} INFO - [2025-06-20T14:43:25.924+0000] {dagbag.py:540} INFO - Filling up the DagBag from /home/airflow/.local/lib/python3.12/site-packages/airflow/example_dags/example_dynamic_task_mapping_with_no_taskflow_operators.py
[2025-06-20T14:43:25.932+0000] {processor.py:840} INFO - DAG(s) 'example_dynamic_task_mapping_with_no_taskflow_operators' retrieved from /home/airflow/.local/lib/python3.12/site-packages/airflow/example_dags/example_dynamic_task_mapping_with_no_taskflow_operators.py
[2025-06-20T14:43:25.950+0000] {logging_mixin.py:188} INFO - [2025-06-20T14:43:25.950+0000] {dag.py:3096} INFO - Sync 1 DAGs
[2025-06-20T14:43:25.970+0000] {logging_mixin.py:188} INFO - [2025-06-20T14:43:25.970+0000] {dag.py:3954} INFO - Setting next_dagrun for example_dynamic_task_mapping_with_no_taskflow_operators to 2025-06-19 00:00:00+00:00, run_after=2025-06-20 00:00:00+00:00
[2025-06-20T14:43:26.116+0000] {processor.py:183} INFO - Processing /home/airflow/.local/lib/python3.12/site-packages/airflow/example_dags/example_dynamic_task_mapping_with_no_taskflow_operators.py took 0.201 seconds
[2025-06-20T14:43:56.629+0000] {processor.py:161} INFO - Started process (PID=1145) to work on /home/airflow/.local/lib/python3.12/site-packages/airflow/example_dags/example_dynamic_task_mapping_with_no_taskflow_operators.py
[2025-06-20T14:43:56.630+0000] {processor.py:830} INFO - Processing file /home/airflow/.local/lib/python3.12/site-packages/airflow/example_dags/example_dynamic_task_mapping_with_no_taskflow_operators.py for tasks to queue
[2025-06-20T14:43:56.632+0000] {logging_mixin.py:188} INFO - [2025-06-20T14:43:56.632+0000] {dagbag.py:540} INFO - Filling up the DagBag from /home/airflow/.local/lib/python3.12/site-packages/airflow/example_dags/example_dynamic_task_mapping_with_no_taskflow_operators.py
[2025-06-20T14:43:56.639+0000] {processor.py:840} INFO - DAG(s) 'example_dynamic_task_mapping_with_no_taskflow_operators' retrieved from /home/airflow/.local/lib/python3.12/site-packages/airflow/example_dags/example_dynamic_task_mapping_with_no_taskflow_operators.py
[2025-06-20T14:43:56.658+0000] {logging_mixin.py:188} INFO - [2025-06-20T14:43:56.658+0000] {dag.py:3096} INFO - Sync 1 DAGs
[2025-06-20T14:43:56.679+0000] {logging_mixin.py:188} INFO - [2025-06-20T14:43:56.679+0000] {dag.py:3954} INFO - Setting next_dagrun for example_dynamic_task_mapping_with_no_taskflow_operators to 2025-06-19 00:00:00+00:00, run_after=2025-06-20 00:00:00+00:00
[2025-06-20T14:43:56.828+0000] {processor.py:183} INFO - Processing /home/airflow/.local/lib/python3.12/site-packages/airflow/example_dags/example_dynamic_task_mapping_with_no_taskflow_operators.py took 0.206 seconds
[2025-06-20T14:44:26.876+0000] {processor.py:161} INFO - Started process (PID=1203) to work on /home/airflow/.local/lib/python3.12/site-packages/airflow/example_dags/example_dynamic_task_mapping_with_no_taskflow_operators.py
[2025-06-20T14:44:26.877+0000] {processor.py:830} INFO - Processing file /home/airflow/.local/lib/python3.12/site-packages/airflow/example_dags/example_dynamic_task_mapping_with_no_taskflow_operators.py for tasks to queue
[2025-06-20T14:44:26.879+0000] {logging_mixin.py:188} INFO - [2025-06-20T14:44:26.879+0000] {dagbag.py:540} INFO - Filling up the DagBag from /home/airflow/.local/lib/python3.12/site-packages/airflow/example_dags/example_dynamic_task_mapping_with_no_taskflow_operators.py
[2025-06-20T14:44:26.885+0000] {processor.py:840} INFO - DAG(s) 'example_dynamic_task_mapping_with_no_taskflow_operators' retrieved from /home/airflow/.local/lib/python3.12/site-packages/airflow/example_dags/example_dynamic_task_mapping_with_no_taskflow_operators.py
[2025-06-20T14:44:26.903+0000] {logging_mixin.py:188} INFO - [2025-06-20T14:44:26.903+0000] {dag.py:3096} INFO - Sync 1 DAGs
[2025-06-20T14:44:26.923+0000] {logging_mixin.py:188} INFO - [2025-06-20T14:44:26.922+0000] {dag.py:3954} INFO - Setting next_dagrun for example_dynamic_task_mapping_with_no_taskflow_operators to 2025-06-19 00:00:00+00:00, run_after=2025-06-20 00:00:00+00:00
[2025-06-20T14:44:26.938+0000] {processor.py:183} INFO - Processing /home/airflow/.local/lib/python3.12/site-packages/airflow/example_dags/example_dynamic_task_mapping_with_no_taskflow_operators.py took 0.068 seconds
[2025-06-20T14:44:57.106+0000] {processor.py:161} INFO - Started process (PID=1261) to work on /home/airflow/.local/lib/python3.12/site-packages/airflow/example_dags/example_dynamic_task_mapping_with_no_taskflow_operators.py
[2025-06-20T14:44:57.107+0000] {processor.py:830} INFO - Processing file /home/airflow/.local/lib/python3.12/site-packages/airflow/example_dags/example_dynamic_task_mapping_with_no_taskflow_operators.py for tasks to queue
[2025-06-20T14:44:57.109+0000] {logging_mixin.py:188} INFO - [2025-06-20T14:44:57.109+0000] {dagbag.py:540} INFO - Filling up the DagBag from /home/airflow/.local/lib/python3.12/site-packages/airflow/example_dags/example_dynamic_task_mapping_with_no_taskflow_operators.py
[2025-06-20T14:44:57.115+0000] {processor.py:840} INFO - DAG(s) 'example_dynamic_task_mapping_with_no_taskflow_operators' retrieved from /home/airflow/.local/lib/python3.12/site-packages/airflow/example_dags/example_dynamic_task_mapping_with_no_taskflow_operators.py
[2025-06-20T14:44:57.134+0000] {logging_mixin.py:188} INFO - [2025-06-20T14:44:57.134+0000] {dag.py:3096} INFO - Sync 1 DAGs
[2025-06-20T14:44:57.154+0000] {logging_mixin.py:188} INFO - [2025-06-20T14:44:57.154+0000] {dag.py:3954} INFO - Setting next_dagrun for example_dynamic_task_mapping_with_no_taskflow_operators to 2025-06-19 00:00:00+00:00, run_after=2025-06-20 00:00:00+00:00
[2025-06-20T14:44:57.169+0000] {processor.py:183} INFO - Processing /home/airflow/.local/lib/python3.12/site-packages/airflow/example_dags/example_dynamic_task_mapping_with_no_taskflow_operators.py took 0.072 seconds
[2025-06-20T14:45:28.363+0000] {processor.py:161} INFO - Started process (PID=1319) to work on /home/airflow/.local/lib/python3.12/site-packages/airflow/example_dags/example_dynamic_task_mapping_with_no_taskflow_operators.py
[2025-06-20T14:45:28.364+0000] {processor.py:830} INFO - Processing file /home/airflow/.local/lib/python3.12/site-packages/airflow/example_dags/example_dynamic_task_mapping_with_no_taskflow_operators.py for tasks to queue
[2025-06-20T14:45:28.366+0000] {logging_mixin.py:188} INFO - [2025-06-20T14:45:28.366+0000] {dagbag.py:540} INFO - Filling up the DagBag from /home/airflow/.local/lib/python3.12/site-packages/airflow/example_dags/example_dynamic_task_mapping_with_no_taskflow_operators.py
[2025-06-20T14:45:28.372+0000] {processor.py:840} INFO - DAG(s) 'example_dynamic_task_mapping_with_no_taskflow_operators' retrieved from /home/airflow/.local/lib/python3.12/site-packages/airflow/example_dags/example_dynamic_task_mapping_with_no_taskflow_operators.py
[2025-06-20T14:45:28.502+0000] {logging_mixin.py:188} INFO - [2025-06-20T14:45:28.502+0000] {dag.py:3096} INFO - Sync 1 DAGs
[2025-06-20T14:45:28.520+0000] {logging_mixin.py:188} INFO - [2025-06-20T14:45:28.520+0000] {dag.py:3954} INFO - Setting next_dagrun for example_dynamic_task_mapping_with_no_taskflow_operators to 2025-06-19 00:00:00+00:00, run_after=2025-06-20 00:00:00+00:00
[2025-06-20T14:45:28.534+0000] {processor.py:183} INFO - Processing /home/airflow/.local/lib/python3.12/site-packages/airflow/example_dags/example_dynamic_task_mapping_with_no_taskflow_operators.py took 0.178 seconds
[2025-06-20T14:45:58.978+0000] {processor.py:161} INFO - Started process (PID=1377) to work on /home/airflow/.local/lib/python3.12/site-packages/airflow/example_dags/example_dynamic_task_mapping_with_no_taskflow_operators.py
[2025-06-20T14:45:58.979+0000] {processor.py:830} INFO - Processing file /home/airflow/.local/lib/python3.12/site-packages/airflow/example_dags/example_dynamic_task_mapping_with_no_taskflow_operators.py for tasks to queue
[2025-06-20T14:45:58.981+0000] {logging_mixin.py:188} INFO - [2025-06-20T14:45:58.981+0000] {dagbag.py:540} INFO - Filling up the DagBag from /home/airflow/.local/lib/python3.12/site-packages/airflow/example_dags/example_dynamic_task_mapping_with_no_taskflow_operators.py
[2025-06-20T14:45:58.988+0000] {processor.py:840} INFO - DAG(s) 'example_dynamic_task_mapping_with_no_taskflow_operators' retrieved from /home/airflow/.local/lib/python3.12/site-packages/airflow/example_dags/example_dynamic_task_mapping_with_no_taskflow_operators.py
[2025-06-20T14:45:59.010+0000] {logging_mixin.py:188} INFO - [2025-06-20T14:45:59.010+0000] {dag.py:3096} INFO - Sync 1 DAGs
[2025-06-20T14:45:59.030+0000] {logging_mixin.py:188} INFO - [2025-06-20T14:45:59.029+0000] {dag.py:3954} INFO - Setting next_dagrun for example_dynamic_task_mapping_with_no_taskflow_operators to 2025-06-19 00:00:00+00:00, run_after=2025-06-20 00:00:00+00:00
[2025-06-20T14:45:59.046+0000] {processor.py:183} INFO - Processing /home/airflow/.local/lib/python3.12/site-packages/airflow/example_dags/example_dynamic_task_mapping_with_no_taskflow_operators.py took 0.073 seconds
[2025-06-20T14:46:29.239+0000] {processor.py:161} INFO - Started process (PID=1435) to work on /home/airflow/.local/lib/python3.12/site-packages/airflow/example_dags/example_dynamic_task_mapping_with_no_taskflow_operators.py
[2025-06-20T14:46:29.240+0000] {processor.py:830} INFO - Processing file /home/airflow/.local/lib/python3.12/site-packages/airflow/example_dags/example_dynamic_task_mapping_with_no_taskflow_operators.py for tasks to queue
[2025-06-20T14:46:29.241+0000] {logging_mixin.py:188} INFO - [2025-06-20T14:46:29.241+0000] {dagbag.py:540} INFO - Filling up the DagBag from /home/airflow/.local/lib/python3.12/site-packages/airflow/example_dags/example_dynamic_task_mapping_with_no_taskflow_operators.py
[2025-06-20T14:46:29.247+0000] {processor.py:840} INFO - DAG(s) 'example_dynamic_task_mapping_with_no_taskflow_operators' retrieved from /home/airflow/.local/lib/python3.12/site-packages/airflow/example_dags/example_dynamic_task_mapping_with_no_taskflow_operators.py
[2025-06-20T14:46:29.266+0000] {logging_mixin.py:188} INFO - [2025-06-20T14:46:29.266+0000] {dag.py:3096} INFO - Sync 1 DAGs
[2025-06-20T14:46:29.286+0000] {logging_mixin.py:188} INFO - [2025-06-20T14:46:29.286+0000] {dag.py:3954} INFO - Setting next_dagrun for example_dynamic_task_mapping_with_no_taskflow_operators to 2025-06-19 00:00:00+00:00, run_after=2025-06-20 00:00:00+00:00
[2025-06-20T14:46:29.301+0000] {processor.py:183} INFO - Processing /home/airflow/.local/lib/python3.12/site-packages/airflow/example_dags/example_dynamic_task_mapping_with_no_taskflow_operators.py took 0.069 seconds
[2025-06-20T14:46:59.559+0000] {processor.py:161} INFO - Started process (PID=1493) to work on /home/airflow/.local/lib/python3.12/site-packages/airflow/example_dags/example_dynamic_task_mapping_with_no_taskflow_operators.py
[2025-06-20T14:46:59.560+0000] {processor.py:830} INFO - Processing file /home/airflow/.local/lib/python3.12/site-packages/airflow/example_dags/example_dynamic_task_mapping_with_no_taskflow_operators.py for tasks to queue
[2025-06-20T14:46:59.562+0000] {logging_mixin.py:188} INFO - [2025-06-20T14:46:59.562+0000] {dagbag.py:540} INFO - Filling up the DagBag from /home/airflow/.local/lib/python3.12/site-packages/airflow/example_dags/example_dynamic_task_mapping_with_no_taskflow_operators.py
[2025-06-20T14:46:59.568+0000] {processor.py:840} INFO - DAG(s) 'example_dynamic_task_mapping_with_no_taskflow_operators' retrieved from /home/airflow/.local/lib/python3.12/site-packages/airflow/example_dags/example_dynamic_task_mapping_with_no_taskflow_operators.py
[2025-06-20T14:46:59.586+0000] {logging_mixin.py:188} INFO - [2025-06-20T14:46:59.586+0000] {dag.py:3096} INFO - Sync 1 DAGs
[2025-06-20T14:46:59.605+0000] {logging_mixin.py:188} INFO - [2025-06-20T14:46:59.605+0000] {dag.py:3954} INFO - Setting next_dagrun for example_dynamic_task_mapping_with_no_taskflow_operators to 2025-06-19 00:00:00+00:00, run_after=2025-06-20 00:00:00+00:00
[2025-06-20T14:46:59.620+0000] {processor.py:183} INFO - Processing /home/airflow/.local/lib/python3.12/site-packages/airflow/example_dags/example_dynamic_task_mapping_with_no_taskflow_operators.py took 0.067 seconds
[2025-06-20T14:47:29.759+0000] {processor.py:161} INFO - Started process (PID=1551) to work on /home/airflow/.local/lib/python3.12/site-packages/airflow/example_dags/example_dynamic_task_mapping_with_no_taskflow_operators.py
[2025-06-20T14:47:29.760+0000] {processor.py:830} INFO - Processing file /home/airflow/.local/lib/python3.12/site-packages/airflow/example_dags/example_dynamic_task_mapping_with_no_taskflow_operators.py for tasks to queue
[2025-06-20T14:47:29.762+0000] {logging_mixin.py:188} INFO - [2025-06-20T14:47:29.762+0000] {dagbag.py:540} INFO - Filling up the DagBag from /home/airflow/.local/lib/python3.12/site-packages/airflow/example_dags/example_dynamic_task_mapping_with_no_taskflow_operators.py
[2025-06-20T14:47:29.768+0000] {processor.py:840} INFO - DAG(s) 'example_dynamic_task_mapping_with_no_taskflow_operators' retrieved from /home/airflow/.local/lib/python3.12/site-packages/airflow/example_dags/example_dynamic_task_mapping_with_no_taskflow_operators.py
[2025-06-20T14:47:29.787+0000] {logging_mixin.py:188} INFO - [2025-06-20T14:47:29.787+0000] {dag.py:3096} INFO - Sync 1 DAGs
[2025-06-20T14:47:29.806+0000] {logging_mixin.py:188} INFO - [2025-06-20T14:47:29.806+0000] {dag.py:3954} INFO - Setting next_dagrun for example_dynamic_task_mapping_with_no_taskflow_operators to 2025-06-19 00:00:00+00:00, run_after=2025-06-20 00:00:00+00:00
[2025-06-20T14:47:29.821+0000] {processor.py:183} INFO - Processing /home/airflow/.local/lib/python3.12/site-packages/airflow/example_dags/example_dynamic_task_mapping_with_no_taskflow_operators.py took 0.068 seconds
[2025-06-20T14:48:00.201+0000] {processor.py:161} INFO - Started process (PID=1609) to work on /home/airflow/.local/lib/python3.12/site-packages/airflow/example_dags/example_dynamic_task_mapping_with_no_taskflow_operators.py
[2025-06-20T14:48:00.202+0000] {processor.py:830} INFO - Processing file /home/airflow/.local/lib/python3.12/site-packages/airflow/example_dags/example_dynamic_task_mapping_with_no_taskflow_operators.py for tasks to queue
[2025-06-20T14:48:00.204+0000] {logging_mixin.py:188} INFO - [2025-06-20T14:48:00.204+0000] {dagbag.py:540} INFO - Filling up the DagBag from /home/airflow/.local/lib/python3.12/site-packages/airflow/example_dags/example_dynamic_task_mapping_with_no_taskflow_operators.py
[2025-06-20T14:48:00.210+0000] {processor.py:840} INFO - DAG(s) 'example_dynamic_task_mapping_with_no_taskflow_operators' retrieved from /home/airflow/.local/lib/python3.12/site-packages/airflow/example_dags/example_dynamic_task_mapping_with_no_taskflow_operators.py
[2025-06-20T14:48:00.229+0000] {logging_mixin.py:188} INFO - [2025-06-20T14:48:00.229+0000] {dag.py:3096} INFO - Sync 1 DAGs
[2025-06-20T14:48:00.250+0000] {logging_mixin.py:188} INFO - [2025-06-20T14:48:00.249+0000] {dag.py:3954} INFO - Setting next_dagrun for example_dynamic_task_mapping_with_no_taskflow_operators to 2025-06-19 00:00:00+00:00, run_after=2025-06-20 00:00:00+00:00
[2025-06-20T14:48:00.267+0000] {processor.py:183} INFO - Processing /home/airflow/.local/lib/python3.12/site-packages/airflow/example_dags/example_dynamic_task_mapping_with_no_taskflow_operators.py took 0.072 seconds
[2025-06-20T14:48:30.467+0000] {processor.py:161} INFO - Started process (PID=1667) to work on /home/airflow/.local/lib/python3.12/site-packages/airflow/example_dags/example_dynamic_task_mapping_with_no_taskflow_operators.py
[2025-06-20T14:48:30.468+0000] {processor.py:830} INFO - Processing file /home/airflow/.local/lib/python3.12/site-packages/airflow/example_dags/example_dynamic_task_mapping_with_no_taskflow_operators.py for tasks to queue
[2025-06-20T14:48:30.470+0000] {logging_mixin.py:188} INFO - [2025-06-20T14:48:30.469+0000] {dagbag.py:540} INFO - Filling up the DagBag from /home/airflow/.local/lib/python3.12/site-packages/airflow/example_dags/example_dynamic_task_mapping_with_no_taskflow_operators.py
[2025-06-20T14:48:30.476+0000] {processor.py:840} INFO - DAG(s) 'example_dynamic_task_mapping_with_no_taskflow_operators' retrieved from /home/airflow/.local/lib/python3.12/site-packages/airflow/example_dags/example_dynamic_task_mapping_with_no_taskflow_operators.py
[2025-06-20T14:48:30.494+0000] {logging_mixin.py:188} INFO - [2025-06-20T14:48:30.494+0000] {dag.py:3096} INFO - Sync 1 DAGs
[2025-06-20T14:48:30.513+0000] {logging_mixin.py:188} INFO - [2025-06-20T14:48:30.513+0000] {dag.py:3954} INFO - Setting next_dagrun for example_dynamic_task_mapping_with_no_taskflow_operators to 2025-06-19 00:00:00+00:00, run_after=2025-06-20 00:00:00+00:00
[2025-06-20T14:48:30.528+0000] {processor.py:183} INFO - Processing /home/airflow/.local/lib/python3.12/site-packages/airflow/example_dags/example_dynamic_task_mapping_with_no_taskflow_operators.py took 0.067 seconds
[2025-06-20T14:49:00.710+0000] {processor.py:161} INFO - Started process (PID=1725) to work on /home/airflow/.local/lib/python3.12/site-packages/airflow/example_dags/example_dynamic_task_mapping_with_no_taskflow_operators.py
[2025-06-20T14:49:00.711+0000] {processor.py:830} INFO - Processing file /home/airflow/.local/lib/python3.12/site-packages/airflow/example_dags/example_dynamic_task_mapping_with_no_taskflow_operators.py for tasks to queue
[2025-06-20T14:49:00.713+0000] {logging_mixin.py:188} INFO - [2025-06-20T14:49:00.713+0000] {dagbag.py:540} INFO - Filling up the DagBag from /home/airflow/.local/lib/python3.12/site-packages/airflow/example_dags/example_dynamic_task_mapping_with_no_taskflow_operators.py
[2025-06-20T14:49:00.719+0000] {processor.py:840} INFO - DAG(s) 'example_dynamic_task_mapping_with_no_taskflow_operators' retrieved from /home/airflow/.local/lib/python3.12/site-packages/airflow/example_dags/example_dynamic_task_mapping_with_no_taskflow_operators.py
[2025-06-20T14:49:00.738+0000] {logging_mixin.py:188} INFO - [2025-06-20T14:49:00.738+0000] {dag.py:3096} INFO - Sync 1 DAGs
[2025-06-20T14:49:00.758+0000] {logging_mixin.py:188} INFO - [2025-06-20T14:49:00.758+0000] {dag.py:3954} INFO - Setting next_dagrun for example_dynamic_task_mapping_with_no_taskflow_operators to 2025-06-19 00:00:00+00:00, run_after=2025-06-20 00:00:00+00:00
[2025-06-20T14:49:00.773+0000] {processor.py:183} INFO - Processing /home/airflow/.local/lib/python3.12/site-packages/airflow/example_dags/example_dynamic_task_mapping_with_no_taskflow_operators.py took 0.069 seconds
[2025-06-20T14:49:31.119+0000] {processor.py:161} INFO - Started process (PID=1783) to work on /home/airflow/.local/lib/python3.12/site-packages/airflow/example_dags/example_dynamic_task_mapping_with_no_taskflow_operators.py
[2025-06-20T14:49:31.120+0000] {processor.py:830} INFO - Processing file /home/airflow/.local/lib/python3.12/site-packages/airflow/example_dags/example_dynamic_task_mapping_with_no_taskflow_operators.py for tasks to queue
[2025-06-20T14:49:31.122+0000] {logging_mixin.py:188} INFO - [2025-06-20T14:49:31.121+0000] {dagbag.py:540} INFO - Filling up the DagBag from /home/airflow/.local/lib/python3.12/site-packages/airflow/example_dags/example_dynamic_task_mapping_with_no_taskflow_operators.py
[2025-06-20T14:49:31.128+0000] {processor.py:840} INFO - DAG(s) 'example_dynamic_task_mapping_with_no_taskflow_operators' retrieved from /home/airflow/.local/lib/python3.12/site-packages/airflow/example_dags/example_dynamic_task_mapping_with_no_taskflow_operators.py
[2025-06-20T14:49:31.146+0000] {logging_mixin.py:188} INFO - [2025-06-20T14:49:31.146+0000] {dag.py:3096} INFO - Sync 1 DAGs
[2025-06-20T14:49:31.168+0000] {logging_mixin.py:188} INFO - [2025-06-20T14:49:31.168+0000] {dag.py:3954} INFO - Setting next_dagrun for example_dynamic_task_mapping_with_no_taskflow_operators to 2025-06-19 00:00:00+00:00, run_after=2025-06-20 00:00:00+00:00
[2025-06-20T14:49:31.184+0000] {processor.py:183} INFO - Processing /home/airflow/.local/lib/python3.12/site-packages/airflow/example_dags/example_dynamic_task_mapping_with_no_taskflow_operators.py took 0.071 seconds
[2025-06-20T14:50:01.334+0000] {processor.py:161} INFO - Started process (PID=1841) to work on /home/airflow/.local/lib/python3.12/site-packages/airflow/example_dags/example_dynamic_task_mapping_with_no_taskflow_operators.py
[2025-06-20T14:50:01.335+0000] {processor.py:830} INFO - Processing file /home/airflow/.local/lib/python3.12/site-packages/airflow/example_dags/example_dynamic_task_mapping_with_no_taskflow_operators.py for tasks to queue
[2025-06-20T14:50:01.337+0000] {logging_mixin.py:188} INFO - [2025-06-20T14:50:01.336+0000] {dagbag.py:540} INFO - Filling up the DagBag from /home/airflow/.local/lib/python3.12/site-packages/airflow/example_dags/example_dynamic_task_mapping_with_no_taskflow_operators.py
[2025-06-20T14:50:01.343+0000] {processor.py:840} INFO - DAG(s) 'example_dynamic_task_mapping_with_no_taskflow_operators' retrieved from /home/airflow/.local/lib/python3.12/site-packages/airflow/example_dags/example_dynamic_task_mapping_with_no_taskflow_operators.py
[2025-06-20T14:50:01.360+0000] {logging_mixin.py:188} INFO - [2025-06-20T14:50:01.360+0000] {dag.py:3096} INFO - Sync 1 DAGs
[2025-06-20T14:50:01.380+0000] {logging_mixin.py:188} INFO - [2025-06-20T14:50:01.380+0000] {dag.py:3954} INFO - Setting next_dagrun for example_dynamic_task_mapping_with_no_taskflow_operators to 2025-06-19 00:00:00+00:00, run_after=2025-06-20 00:00:00+00:00
[2025-06-20T14:50:01.395+0000] {processor.py:183} INFO - Processing /home/airflow/.local/lib/python3.12/site-packages/airflow/example_dags/example_dynamic_task_mapping_with_no_taskflow_operators.py took 0.067 seconds
[2025-06-20T14:50:32.357+0000] {processor.py:161} INFO - Started process (PID=1899) to work on /home/airflow/.local/lib/python3.12/site-packages/airflow/example_dags/example_dynamic_task_mapping_with_no_taskflow_operators.py
[2025-06-20T14:50:32.358+0000] {processor.py:830} INFO - Processing file /home/airflow/.local/lib/python3.12/site-packages/airflow/example_dags/example_dynamic_task_mapping_with_no_taskflow_operators.py for tasks to queue
[2025-06-20T14:50:32.360+0000] {logging_mixin.py:188} INFO - [2025-06-20T14:50:32.359+0000] {dagbag.py:540} INFO - Filling up the DagBag from /home/airflow/.local/lib/python3.12/site-packages/airflow/example_dags/example_dynamic_task_mapping_with_no_taskflow_operators.py
[2025-06-20T14:50:32.366+0000] {processor.py:840} INFO - DAG(s) 'example_dynamic_task_mapping_with_no_taskflow_operators' retrieved from /home/airflow/.local/lib/python3.12/site-packages/airflow/example_dags/example_dynamic_task_mapping_with_no_taskflow_operators.py
[2025-06-20T14:50:32.384+0000] {logging_mixin.py:188} INFO - [2025-06-20T14:50:32.383+0000] {dag.py:3096} INFO - Sync 1 DAGs
[2025-06-20T14:50:32.404+0000] {logging_mixin.py:188} INFO - [2025-06-20T14:50:32.403+0000] {dag.py:3954} INFO - Setting next_dagrun for example_dynamic_task_mapping_with_no_taskflow_operators to 2025-06-19 00:00:00+00:00, run_after=2025-06-20 00:00:00+00:00
[2025-06-20T14:50:32.419+0000] {processor.py:183} INFO - Processing /home/airflow/.local/lib/python3.12/site-packages/airflow/example_dags/example_dynamic_task_mapping_with_no_taskflow_operators.py took 0.069 seconds
[2025-06-20T14:51:02.572+0000] {processor.py:161} INFO - Started process (PID=1957) to work on /home/airflow/.local/lib/python3.12/site-packages/airflow/example_dags/example_dynamic_task_mapping_with_no_taskflow_operators.py
[2025-06-20T14:51:02.573+0000] {processor.py:830} INFO - Processing file /home/airflow/.local/lib/python3.12/site-packages/airflow/example_dags/example_dynamic_task_mapping_with_no_taskflow_operators.py for tasks to queue
[2025-06-20T14:51:02.575+0000] {logging_mixin.py:188} INFO - [2025-06-20T14:51:02.575+0000] {dagbag.py:540} INFO - Filling up the DagBag from /home/airflow/.local/lib/python3.12/site-packages/airflow/example_dags/example_dynamic_task_mapping_with_no_taskflow_operators.py
[2025-06-20T14:51:02.582+0000] {processor.py:840} INFO - DAG(s) 'example_dynamic_task_mapping_with_no_taskflow_operators' retrieved from /home/airflow/.local/lib/python3.12/site-packages/airflow/example_dags/example_dynamic_task_mapping_with_no_taskflow_operators.py
[2025-06-20T14:51:02.600+0000] {logging_mixin.py:188} INFO - [2025-06-20T14:51:02.600+0000] {dag.py:3096} INFO - Sync 1 DAGs
[2025-06-20T14:51:02.621+0000] {logging_mixin.py:188} INFO - [2025-06-20T14:51:02.621+0000] {dag.py:3954} INFO - Setting next_dagrun for example_dynamic_task_mapping_with_no_taskflow_operators to 2025-06-19 00:00:00+00:00, run_after=2025-06-20 00:00:00+00:00
[2025-06-20T14:51:02.636+0000] {processor.py:183} INFO - Processing /home/airflow/.local/lib/python3.12/site-packages/airflow/example_dags/example_dynamic_task_mapping_with_no_taskflow_operators.py took 0.070 seconds
[2025-06-20T14:51:32.767+0000] {processor.py:161} INFO - Started process (PID=2015) to work on /home/airflow/.local/lib/python3.12/site-packages/airflow/example_dags/example_dynamic_task_mapping_with_no_taskflow_operators.py
[2025-06-20T14:51:32.768+0000] {processor.py:830} INFO - Processing file /home/airflow/.local/lib/python3.12/site-packages/airflow/example_dags/example_dynamic_task_mapping_with_no_taskflow_operators.py for tasks to queue
[2025-06-20T14:51:32.770+0000] {logging_mixin.py:188} INFO - [2025-06-20T14:51:32.769+0000] {dagbag.py:540} INFO - Filling up the DagBag from /home/airflow/.local/lib/python3.12/site-packages/airflow/example_dags/example_dynamic_task_mapping_with_no_taskflow_operators.py
[2025-06-20T14:51:32.776+0000] {processor.py:840} INFO - DAG(s) 'example_dynamic_task_mapping_with_no_taskflow_operators' retrieved from /home/airflow/.local/lib/python3.12/site-packages/airflow/example_dags/example_dynamic_task_mapping_with_no_taskflow_operators.py
[2025-06-20T14:51:32.794+0000] {logging_mixin.py:188} INFO - [2025-06-20T14:51:32.794+0000] {dag.py:3096} INFO - Sync 1 DAGs
[2025-06-20T14:51:32.815+0000] {logging_mixin.py:188} INFO - [2025-06-20T14:51:32.815+0000] {dag.py:3954} INFO - Setting next_dagrun for example_dynamic_task_mapping_with_no_taskflow_operators to 2025-06-19 00:00:00+00:00, run_after=2025-06-20 00:00:00+00:00
[2025-06-20T14:51:32.833+0000] {processor.py:183} INFO - Processing /home/airflow/.local/lib/python3.12/site-packages/airflow/example_dags/example_dynamic_task_mapping_with_no_taskflow_operators.py took 0.072 seconds
[2025-06-20T14:52:02.973+0000] {processor.py:161} INFO - Started process (PID=2073) to work on /home/airflow/.local/lib/python3.12/site-packages/airflow/example_dags/example_dynamic_task_mapping_with_no_taskflow_operators.py
[2025-06-20T14:52:02.974+0000] {processor.py:830} INFO - Processing file /home/airflow/.local/lib/python3.12/site-packages/airflow/example_dags/example_dynamic_task_mapping_with_no_taskflow_operators.py for tasks to queue
[2025-06-20T14:52:02.975+0000] {logging_mixin.py:188} INFO - [2025-06-20T14:52:02.975+0000] {dagbag.py:540} INFO - Filling up the DagBag from /home/airflow/.local/lib/python3.12/site-packages/airflow/example_dags/example_dynamic_task_mapping_with_no_taskflow_operators.py
[2025-06-20T14:52:02.981+0000] {processor.py:840} INFO - DAG(s) 'example_dynamic_task_mapping_with_no_taskflow_operators' retrieved from /home/airflow/.local/lib/python3.12/site-packages/airflow/example_dags/example_dynamic_task_mapping_with_no_taskflow_operators.py
[2025-06-20T14:52:03.000+0000] {logging_mixin.py:188} INFO - [2025-06-20T14:52:02.999+0000] {dag.py:3096} INFO - Sync 1 DAGs
[2025-06-20T14:52:03.020+0000] {logging_mixin.py:188} INFO - [2025-06-20T14:52:03.020+0000] {dag.py:3954} INFO - Setting next_dagrun for example_dynamic_task_mapping_with_no_taskflow_operators to 2025-06-19 00:00:00+00:00, run_after=2025-06-20 00:00:00+00:00
[2025-06-20T14:52:03.035+0000] {processor.py:183} INFO - Processing /home/airflow/.local/lib/python3.12/site-packages/airflow/example_dags/example_dynamic_task_mapping_with_no_taskflow_operators.py took 0.068 seconds
[2025-06-20T14:52:33.904+0000] {processor.py:161} INFO - Started process (PID=2131) to work on /home/airflow/.local/lib/python3.12/site-packages/airflow/example_dags/example_dynamic_task_mapping_with_no_taskflow_operators.py
[2025-06-20T14:52:33.905+0000] {processor.py:830} INFO - Processing file /home/airflow/.local/lib/python3.12/site-packages/airflow/example_dags/example_dynamic_task_mapping_with_no_taskflow_operators.py for tasks to queue
[2025-06-20T14:52:33.907+0000] {logging_mixin.py:188} INFO - [2025-06-20T14:52:33.906+0000] {dagbag.py:540} INFO - Filling up the DagBag from /home/airflow/.local/lib/python3.12/site-packages/airflow/example_dags/example_dynamic_task_mapping_with_no_taskflow_operators.py
[2025-06-20T14:52:33.913+0000] {processor.py:840} INFO - DAG(s) 'example_dynamic_task_mapping_with_no_taskflow_operators' retrieved from /home/airflow/.local/lib/python3.12/site-packages/airflow/example_dags/example_dynamic_task_mapping_with_no_taskflow_operators.py
[2025-06-20T14:52:33.931+0000] {logging_mixin.py:188} INFO - [2025-06-20T14:52:33.931+0000] {dag.py:3096} INFO - Sync 1 DAGs
[2025-06-20T14:52:33.950+0000] {logging_mixin.py:188} INFO - [2025-06-20T14:52:33.950+0000] {dag.py:3954} INFO - Setting next_dagrun for example_dynamic_task_mapping_with_no_taskflow_operators to 2025-06-19 00:00:00+00:00, run_after=2025-06-20 00:00:00+00:00
[2025-06-20T14:52:33.965+0000] {processor.py:183} INFO - Processing /home/airflow/.local/lib/python3.12/site-packages/airflow/example_dags/example_dynamic_task_mapping_with_no_taskflow_operators.py took 0.067 seconds
[2025-06-20T14:53:04.019+0000] {processor.py:161} INFO - Started process (PID=2189) to work on /home/airflow/.local/lib/python3.12/site-packages/airflow/example_dags/example_dynamic_task_mapping_with_no_taskflow_operators.py
[2025-06-20T14:53:04.020+0000] {processor.py:830} INFO - Processing file /home/airflow/.local/lib/python3.12/site-packages/airflow/example_dags/example_dynamic_task_mapping_with_no_taskflow_operators.py for tasks to queue
[2025-06-20T14:53:04.022+0000] {logging_mixin.py:188} INFO - [2025-06-20T14:53:04.021+0000] {dagbag.py:540} INFO - Filling up the DagBag from /home/airflow/.local/lib/python3.12/site-packages/airflow/example_dags/example_dynamic_task_mapping_with_no_taskflow_operators.py
[2025-06-20T14:53:04.028+0000] {processor.py:840} INFO - DAG(s) 'example_dynamic_task_mapping_with_no_taskflow_operators' retrieved from /home/airflow/.local/lib/python3.12/site-packages/airflow/example_dags/example_dynamic_task_mapping_with_no_taskflow_operators.py
[2025-06-20T14:53:04.047+0000] {logging_mixin.py:188} INFO - [2025-06-20T14:53:04.047+0000] {dag.py:3096} INFO - Sync 1 DAGs
[2025-06-20T14:53:04.068+0000] {logging_mixin.py:188} INFO - [2025-06-20T14:53:04.067+0000] {dag.py:3954} INFO - Setting next_dagrun for example_dynamic_task_mapping_with_no_taskflow_operators to 2025-06-19 00:00:00+00:00, run_after=2025-06-20 00:00:00+00:00
[2025-06-20T14:53:04.083+0000] {processor.py:183} INFO - Processing /home/airflow/.local/lib/python3.12/site-packages/airflow/example_dags/example_dynamic_task_mapping_with_no_taskflow_operators.py took 0.070 seconds
[2025-06-20T14:53:34.425+0000] {processor.py:161} INFO - Started process (PID=2247) to work on /home/airflow/.local/lib/python3.12/site-packages/airflow/example_dags/example_dynamic_task_mapping_with_no_taskflow_operators.py
[2025-06-20T14:53:34.425+0000] {processor.py:830} INFO - Processing file /home/airflow/.local/lib/python3.12/site-packages/airflow/example_dags/example_dynamic_task_mapping_with_no_taskflow_operators.py for tasks to queue
[2025-06-20T14:53:34.427+0000] {logging_mixin.py:188} INFO - [2025-06-20T14:53:34.427+0000] {dagbag.py:540} INFO - Filling up the DagBag from /home/airflow/.local/lib/python3.12/site-packages/airflow/example_dags/example_dynamic_task_mapping_with_no_taskflow_operators.py
[2025-06-20T14:53:34.433+0000] {processor.py:840} INFO - DAG(s) 'example_dynamic_task_mapping_with_no_taskflow_operators' retrieved from /home/airflow/.local/lib/python3.12/site-packages/airflow/example_dags/example_dynamic_task_mapping_with_no_taskflow_operators.py
[2025-06-20T14:53:34.451+0000] {logging_mixin.py:188} INFO - [2025-06-20T14:53:34.451+0000] {dag.py:3096} INFO - Sync 1 DAGs
[2025-06-20T14:53:34.470+0000] {logging_mixin.py:188} INFO - [2025-06-20T14:53:34.470+0000] {dag.py:3954} INFO - Setting next_dagrun for example_dynamic_task_mapping_with_no_taskflow_operators to 2025-06-19 00:00:00+00:00, run_after=2025-06-20 00:00:00+00:00
[2025-06-20T14:53:34.484+0000] {processor.py:183} INFO - Processing /home/airflow/.local/lib/python3.12/site-packages/airflow/example_dags/example_dynamic_task_mapping_with_no_taskflow_operators.py took 0.066 seconds
[2025-06-20T14:54:05.455+0000] {processor.py:161} INFO - Started process (PID=2305) to work on /home/airflow/.local/lib/python3.12/site-packages/airflow/example_dags/example_dynamic_task_mapping_with_no_taskflow_operators.py
[2025-06-20T14:54:05.456+0000] {processor.py:830} INFO - Processing file /home/airflow/.local/lib/python3.12/site-packages/airflow/example_dags/example_dynamic_task_mapping_with_no_taskflow_operators.py for tasks to queue
[2025-06-20T14:54:05.458+0000] {logging_mixin.py:188} INFO - [2025-06-20T14:54:05.457+0000] {dagbag.py:540} INFO - Filling up the DagBag from /home/airflow/.local/lib/python3.12/site-packages/airflow/example_dags/example_dynamic_task_mapping_with_no_taskflow_operators.py
[2025-06-20T14:54:05.464+0000] {processor.py:840} INFO - DAG(s) 'example_dynamic_task_mapping_with_no_taskflow_operators' retrieved from /home/airflow/.local/lib/python3.12/site-packages/airflow/example_dags/example_dynamic_task_mapping_with_no_taskflow_operators.py
[2025-06-20T14:54:05.481+0000] {logging_mixin.py:188} INFO - [2025-06-20T14:54:05.481+0000] {dag.py:3096} INFO - Sync 1 DAGs
[2025-06-20T14:54:05.502+0000] {logging_mixin.py:188} INFO - [2025-06-20T14:54:05.501+0000] {dag.py:3954} INFO - Setting next_dagrun for example_dynamic_task_mapping_with_no_taskflow_operators to 2025-06-19 00:00:00+00:00, run_after=2025-06-20 00:00:00+00:00
[2025-06-20T14:54:05.517+0000] {processor.py:183} INFO - Processing /home/airflow/.local/lib/python3.12/site-packages/airflow/example_dags/example_dynamic_task_mapping_with_no_taskflow_operators.py took 0.067 seconds
[2025-06-20T14:54:36.436+0000] {processor.py:161} INFO - Started process (PID=2363) to work on /home/airflow/.local/lib/python3.12/site-packages/airflow/example_dags/example_dynamic_task_mapping_with_no_taskflow_operators.py
[2025-06-20T14:54:36.437+0000] {processor.py:830} INFO - Processing file /home/airflow/.local/lib/python3.12/site-packages/airflow/example_dags/example_dynamic_task_mapping_with_no_taskflow_operators.py for tasks to queue
[2025-06-20T14:54:36.439+0000] {logging_mixin.py:188} INFO - [2025-06-20T14:54:36.438+0000] {dagbag.py:540} INFO - Filling up the DagBag from /home/airflow/.local/lib/python3.12/site-packages/airflow/example_dags/example_dynamic_task_mapping_with_no_taskflow_operators.py
[2025-06-20T14:54:36.445+0000] {processor.py:840} INFO - DAG(s) 'example_dynamic_task_mapping_with_no_taskflow_operators' retrieved from /home/airflow/.local/lib/python3.12/site-packages/airflow/example_dags/example_dynamic_task_mapping_with_no_taskflow_operators.py
[2025-06-20T14:54:36.465+0000] {logging_mixin.py:188} INFO - [2025-06-20T14:54:36.465+0000] {dag.py:3096} INFO - Sync 1 DAGs
[2025-06-20T14:54:36.490+0000] {logging_mixin.py:188} INFO - [2025-06-20T14:54:36.490+0000] {dag.py:3954} INFO - Setting next_dagrun for example_dynamic_task_mapping_with_no_taskflow_operators to 2025-06-19 00:00:00+00:00, run_after=2025-06-20 00:00:00+00:00
[2025-06-20T14:54:36.505+0000] {processor.py:183} INFO - Processing /home/airflow/.local/lib/python3.12/site-packages/airflow/example_dags/example_dynamic_task_mapping_with_no_taskflow_operators.py took 0.076 seconds
[2025-06-20T14:55:06.598+0000] {processor.py:161} INFO - Started process (PID=2422) to work on /home/airflow/.local/lib/python3.12/site-packages/airflow/example_dags/example_dynamic_task_mapping_with_no_taskflow_operators.py
[2025-06-20T14:55:06.599+0000] {processor.py:830} INFO - Processing file /home/airflow/.local/lib/python3.12/site-packages/airflow/example_dags/example_dynamic_task_mapping_with_no_taskflow_operators.py for tasks to queue
[2025-06-20T14:55:06.601+0000] {logging_mixin.py:188} INFO - [2025-06-20T14:55:06.600+0000] {dagbag.py:540} INFO - Filling up the DagBag from /home/airflow/.local/lib/python3.12/site-packages/airflow/example_dags/example_dynamic_task_mapping_with_no_taskflow_operators.py
[2025-06-20T14:55:06.607+0000] {processor.py:840} INFO - DAG(s) 'example_dynamic_task_mapping_with_no_taskflow_operators' retrieved from /home/airflow/.local/lib/python3.12/site-packages/airflow/example_dags/example_dynamic_task_mapping_with_no_taskflow_operators.py
[2025-06-20T14:55:06.625+0000] {logging_mixin.py:188} INFO - [2025-06-20T14:55:06.625+0000] {dag.py:3096} INFO - Sync 1 DAGs
[2025-06-20T14:55:06.644+0000] {logging_mixin.py:188} INFO - [2025-06-20T14:55:06.644+0000] {dag.py:3954} INFO - Setting next_dagrun for example_dynamic_task_mapping_with_no_taskflow_operators to 2025-06-19 00:00:00+00:00, run_after=2025-06-20 00:00:00+00:00
[2025-06-20T14:55:06.660+0000] {processor.py:183} INFO - Processing /home/airflow/.local/lib/python3.12/site-packages/airflow/example_dags/example_dynamic_task_mapping_with_no_taskflow_operators.py took 0.069 seconds
[2025-06-20T14:55:36.915+0000] {processor.py:161} INFO - Started process (PID=2481) to work on /home/airflow/.local/lib/python3.12/site-packages/airflow/example_dags/example_dynamic_task_mapping_with_no_taskflow_operators.py
[2025-06-20T14:55:36.916+0000] {processor.py:830} INFO - Processing file /home/airflow/.local/lib/python3.12/site-packages/airflow/example_dags/example_dynamic_task_mapping_with_no_taskflow_operators.py for tasks to queue
[2025-06-20T14:55:36.918+0000] {logging_mixin.py:188} INFO - [2025-06-20T14:55:36.918+0000] {dagbag.py:540} INFO - Filling up the DagBag from /home/airflow/.local/lib/python3.12/site-packages/airflow/example_dags/example_dynamic_task_mapping_with_no_taskflow_operators.py
[2025-06-20T14:55:36.924+0000] {processor.py:840} INFO - DAG(s) 'example_dynamic_task_mapping_with_no_taskflow_operators' retrieved from /home/airflow/.local/lib/python3.12/site-packages/airflow/example_dags/example_dynamic_task_mapping_with_no_taskflow_operators.py
[2025-06-20T14:55:36.942+0000] {logging_mixin.py:188} INFO - [2025-06-20T14:55:36.942+0000] {dag.py:3096} INFO - Sync 1 DAGs
[2025-06-20T14:55:36.964+0000] {logging_mixin.py:188} INFO - [2025-06-20T14:55:36.963+0000] {dag.py:3954} INFO - Setting next_dagrun for example_dynamic_task_mapping_with_no_taskflow_operators to 2025-06-19 00:00:00+00:00, run_after=2025-06-20 00:00:00+00:00
[2025-06-20T14:55:36.979+0000] {processor.py:183} INFO - Processing /home/airflow/.local/lib/python3.12/site-packages/airflow/example_dags/example_dynamic_task_mapping_with_no_taskflow_operators.py took 0.070 seconds
[2025-06-20T14:56:07.252+0000] {processor.py:161} INFO - Started process (PID=2540) to work on /home/airflow/.local/lib/python3.12/site-packages/airflow/example_dags/example_dynamic_task_mapping_with_no_taskflow_operators.py
[2025-06-20T14:56:07.253+0000] {processor.py:830} INFO - Processing file /home/airflow/.local/lib/python3.12/site-packages/airflow/example_dags/example_dynamic_task_mapping_with_no_taskflow_operators.py for tasks to queue
[2025-06-20T14:56:07.255+0000] {logging_mixin.py:188} INFO - [2025-06-20T14:56:07.254+0000] {dagbag.py:540} INFO - Filling up the DagBag from /home/airflow/.local/lib/python3.12/site-packages/airflow/example_dags/example_dynamic_task_mapping_with_no_taskflow_operators.py
[2025-06-20T14:56:07.261+0000] {processor.py:840} INFO - DAG(s) 'example_dynamic_task_mapping_with_no_taskflow_operators' retrieved from /home/airflow/.local/lib/python3.12/site-packages/airflow/example_dags/example_dynamic_task_mapping_with_no_taskflow_operators.py
[2025-06-20T14:56:07.280+0000] {logging_mixin.py:188} INFO - [2025-06-20T14:56:07.280+0000] {dag.py:3096} INFO - Sync 1 DAGs
[2025-06-20T14:56:07.300+0000] {logging_mixin.py:188} INFO - [2025-06-20T14:56:07.300+0000] {dag.py:3954} INFO - Setting next_dagrun for example_dynamic_task_mapping_with_no_taskflow_operators to 2025-06-19 00:00:00+00:00, run_after=2025-06-20 00:00:00+00:00
[2025-06-20T14:56:07.315+0000] {processor.py:183} INFO - Processing /home/airflow/.local/lib/python3.12/site-packages/airflow/example_dags/example_dynamic_task_mapping_with_no_taskflow_operators.py took 0.070 seconds
[2025-06-20T14:56:37.370+0000] {processor.py:161} INFO - Started process (PID=2599) to work on /home/airflow/.local/lib/python3.12/site-packages/airflow/example_dags/example_dynamic_task_mapping_with_no_taskflow_operators.py
[2025-06-20T14:56:37.371+0000] {processor.py:830} INFO - Processing file /home/airflow/.local/lib/python3.12/site-packages/airflow/example_dags/example_dynamic_task_mapping_with_no_taskflow_operators.py for tasks to queue
[2025-06-20T14:56:37.373+0000] {logging_mixin.py:188} INFO - [2025-06-20T14:56:37.373+0000] {dagbag.py:540} INFO - Filling up the DagBag from /home/airflow/.local/lib/python3.12/site-packages/airflow/example_dags/example_dynamic_task_mapping_with_no_taskflow_operators.py
[2025-06-20T14:56:37.379+0000] {processor.py:840} INFO - DAG(s) 'example_dynamic_task_mapping_with_no_taskflow_operators' retrieved from /home/airflow/.local/lib/python3.12/site-packages/airflow/example_dags/example_dynamic_task_mapping_with_no_taskflow_operators.py
[2025-06-20T14:56:37.397+0000] {logging_mixin.py:188} INFO - [2025-06-20T14:56:37.397+0000] {dag.py:3096} INFO - Sync 1 DAGs
[2025-06-20T14:56:37.416+0000] {logging_mixin.py:188} INFO - [2025-06-20T14:56:37.416+0000] {dag.py:3954} INFO - Setting next_dagrun for example_dynamic_task_mapping_with_no_taskflow_operators to 2025-06-19 00:00:00+00:00, run_after=2025-06-20 00:00:00+00:00
[2025-06-20T14:56:37.431+0000] {processor.py:183} INFO - Processing /home/airflow/.local/lib/python3.12/site-packages/airflow/example_dags/example_dynamic_task_mapping_with_no_taskflow_operators.py took 0.067 seconds
[2025-06-20T14:57:07.764+0000] {processor.py:161} INFO - Started process (PID=2658) to work on /home/airflow/.local/lib/python3.12/site-packages/airflow/example_dags/example_dynamic_task_mapping_with_no_taskflow_operators.py
[2025-06-20T14:57:07.765+0000] {processor.py:830} INFO - Processing file /home/airflow/.local/lib/python3.12/site-packages/airflow/example_dags/example_dynamic_task_mapping_with_no_taskflow_operators.py for tasks to queue
[2025-06-20T14:57:07.766+0000] {logging_mixin.py:188} INFO - [2025-06-20T14:57:07.766+0000] {dagbag.py:540} INFO - Filling up the DagBag from /home/airflow/.local/lib/python3.12/site-packages/airflow/example_dags/example_dynamic_task_mapping_with_no_taskflow_operators.py
[2025-06-20T14:57:07.772+0000] {processor.py:840} INFO - DAG(s) 'example_dynamic_task_mapping_with_no_taskflow_operators' retrieved from /home/airflow/.local/lib/python3.12/site-packages/airflow/example_dags/example_dynamic_task_mapping_with_no_taskflow_operators.py
[2025-06-20T14:57:07.790+0000] {logging_mixin.py:188} INFO - [2025-06-20T14:57:07.790+0000] {dag.py:3096} INFO - Sync 1 DAGs
[2025-06-20T14:57:07.809+0000] {logging_mixin.py:188} INFO - [2025-06-20T14:57:07.809+0000] {dag.py:3954} INFO - Setting next_dagrun for example_dynamic_task_mapping_with_no_taskflow_operators to 2025-06-19 00:00:00+00:00, run_after=2025-06-20 00:00:00+00:00
[2025-06-20T14:57:07.824+0000] {processor.py:183} INFO - Processing /home/airflow/.local/lib/python3.12/site-packages/airflow/example_dags/example_dynamic_task_mapping_with_no_taskflow_operators.py took 0.066 seconds
[2025-06-20T14:57:37.980+0000] {processor.py:161} INFO - Started process (PID=2717) to work on /home/airflow/.local/lib/python3.12/site-packages/airflow/example_dags/example_dynamic_task_mapping_with_no_taskflow_operators.py
[2025-06-20T14:57:37.981+0000] {processor.py:830} INFO - Processing file /home/airflow/.local/lib/python3.12/site-packages/airflow/example_dags/example_dynamic_task_mapping_with_no_taskflow_operators.py for tasks to queue
[2025-06-20T14:57:37.983+0000] {logging_mixin.py:188} INFO - [2025-06-20T14:57:37.983+0000] {dagbag.py:540} INFO - Filling up the DagBag from /home/airflow/.local/lib/python3.12/site-packages/airflow/example_dags/example_dynamic_task_mapping_with_no_taskflow_operators.py
[2025-06-20T14:57:37.990+0000] {processor.py:840} INFO - DAG(s) 'example_dynamic_task_mapping_with_no_taskflow_operators' retrieved from /home/airflow/.local/lib/python3.12/site-packages/airflow/example_dags/example_dynamic_task_mapping_with_no_taskflow_operators.py
[2025-06-20T14:57:38.008+0000] {logging_mixin.py:188} INFO - [2025-06-20T14:57:38.008+0000] {dag.py:3096} INFO - Sync 1 DAGs
[2025-06-20T14:57:38.029+0000] {logging_mixin.py:188} INFO - [2025-06-20T14:57:38.029+0000] {dag.py:3954} INFO - Setting next_dagrun for example_dynamic_task_mapping_with_no_taskflow_operators to 2025-06-19 00:00:00+00:00, run_after=2025-06-20 00:00:00+00:00
[2025-06-20T14:57:38.043+0000] {processor.py:183} INFO - Processing /home/airflow/.local/lib/python3.12/site-packages/airflow/example_dags/example_dynamic_task_mapping_with_no_taskflow_operators.py took 0.070 seconds
[2025-06-20T14:58:08.109+0000] {processor.py:161} INFO - Started process (PID=2776) to work on /home/airflow/.local/lib/python3.12/site-packages/airflow/example_dags/example_dynamic_task_mapping_with_no_taskflow_operators.py
[2025-06-20T14:58:08.110+0000] {processor.py:830} INFO - Processing file /home/airflow/.local/lib/python3.12/site-packages/airflow/example_dags/example_dynamic_task_mapping_with_no_taskflow_operators.py for tasks to queue
[2025-06-20T14:58:08.112+0000] {logging_mixin.py:188} INFO - [2025-06-20T14:58:08.111+0000] {dagbag.py:540} INFO - Filling up the DagBag from /home/airflow/.local/lib/python3.12/site-packages/airflow/example_dags/example_dynamic_task_mapping_with_no_taskflow_operators.py
[2025-06-20T14:58:08.118+0000] {processor.py:840} INFO - DAG(s) 'example_dynamic_task_mapping_with_no_taskflow_operators' retrieved from /home/airflow/.local/lib/python3.12/site-packages/airflow/example_dags/example_dynamic_task_mapping_with_no_taskflow_operators.py
[2025-06-20T14:58:08.136+0000] {logging_mixin.py:188} INFO - [2025-06-20T14:58:08.136+0000] {dag.py:3096} INFO - Sync 1 DAGs
[2025-06-20T14:58:08.157+0000] {logging_mixin.py:188} INFO - [2025-06-20T14:58:08.157+0000] {dag.py:3954} INFO - Setting next_dagrun for example_dynamic_task_mapping_with_no_taskflow_operators to 2025-06-19 00:00:00+00:00, run_after=2025-06-20 00:00:00+00:00
[2025-06-20T14:58:08.172+0000] {processor.py:183} INFO - Processing /home/airflow/.local/lib/python3.12/site-packages/airflow/example_dags/example_dynamic_task_mapping_with_no_taskflow_operators.py took 0.069 seconds
[2025-06-20T14:58:38.246+0000] {processor.py:161} INFO - Started process (PID=2835) to work on /home/airflow/.local/lib/python3.12/site-packages/airflow/example_dags/example_dynamic_task_mapping_with_no_taskflow_operators.py
[2025-06-20T14:58:38.246+0000] {processor.py:830} INFO - Processing file /home/airflow/.local/lib/python3.12/site-packages/airflow/example_dags/example_dynamic_task_mapping_with_no_taskflow_operators.py for tasks to queue
[2025-06-20T14:58:38.248+0000] {logging_mixin.py:188} INFO - [2025-06-20T14:58:38.248+0000] {dagbag.py:540} INFO - Filling up the DagBag from /home/airflow/.local/lib/python3.12/site-packages/airflow/example_dags/example_dynamic_task_mapping_with_no_taskflow_operators.py
[2025-06-20T14:58:38.254+0000] {processor.py:840} INFO - DAG(s) 'example_dynamic_task_mapping_with_no_taskflow_operators' retrieved from /home/airflow/.local/lib/python3.12/site-packages/airflow/example_dags/example_dynamic_task_mapping_with_no_taskflow_operators.py
[2025-06-20T14:58:38.272+0000] {logging_mixin.py:188} INFO - [2025-06-20T14:58:38.272+0000] {dag.py:3096} INFO - Sync 1 DAGs
[2025-06-20T14:58:38.292+0000] {logging_mixin.py:188} INFO - [2025-06-20T14:58:38.292+0000] {dag.py:3954} INFO - Setting next_dagrun for example_dynamic_task_mapping_with_no_taskflow_operators to 2025-06-19 00:00:00+00:00, run_after=2025-06-20 00:00:00+00:00
[2025-06-20T14:58:38.308+0000] {processor.py:183} INFO - Processing /home/airflow/.local/lib/python3.12/site-packages/airflow/example_dags/example_dynamic_task_mapping_with_no_taskflow_operators.py took 0.068 seconds
[2025-06-20T14:59:08.639+0000] {processor.py:161} INFO - Started process (PID=2894) to work on /home/airflow/.local/lib/python3.12/site-packages/airflow/example_dags/example_dynamic_task_mapping_with_no_taskflow_operators.py
[2025-06-20T14:59:08.640+0000] {processor.py:830} INFO - Processing file /home/airflow/.local/lib/python3.12/site-packages/airflow/example_dags/example_dynamic_task_mapping_with_no_taskflow_operators.py for tasks to queue
[2025-06-20T14:59:08.642+0000] {logging_mixin.py:188} INFO - [2025-06-20T14:59:08.641+0000] {dagbag.py:540} INFO - Filling up the DagBag from /home/airflow/.local/lib/python3.12/site-packages/airflow/example_dags/example_dynamic_task_mapping_with_no_taskflow_operators.py
[2025-06-20T14:59:08.648+0000] {processor.py:840} INFO - DAG(s) 'example_dynamic_task_mapping_with_no_taskflow_operators' retrieved from /home/airflow/.local/lib/python3.12/site-packages/airflow/example_dags/example_dynamic_task_mapping_with_no_taskflow_operators.py
[2025-06-20T14:59:08.666+0000] {logging_mixin.py:188} INFO - [2025-06-20T14:59:08.666+0000] {dag.py:3096} INFO - Sync 1 DAGs
[2025-06-20T14:59:08.687+0000] {logging_mixin.py:188} INFO - [2025-06-20T14:59:08.686+0000] {dag.py:3954} INFO - Setting next_dagrun for example_dynamic_task_mapping_with_no_taskflow_operators to 2025-06-19 00:00:00+00:00, run_after=2025-06-20 00:00:00+00:00
[2025-06-20T14:59:08.702+0000] {processor.py:183} INFO - Processing /home/airflow/.local/lib/python3.12/site-packages/airflow/example_dags/example_dynamic_task_mapping_with_no_taskflow_operators.py took 0.070 seconds
[2025-06-20T14:59:38.920+0000] {processor.py:161} INFO - Started process (PID=2953) to work on /home/airflow/.local/lib/python3.12/site-packages/airflow/example_dags/example_dynamic_task_mapping_with_no_taskflow_operators.py
[2025-06-20T14:59:38.921+0000] {processor.py:830} INFO - Processing file /home/airflow/.local/lib/python3.12/site-packages/airflow/example_dags/example_dynamic_task_mapping_with_no_taskflow_operators.py for tasks to queue
[2025-06-20T14:59:38.923+0000] {logging_mixin.py:188} INFO - [2025-06-20T14:59:38.922+0000] {dagbag.py:540} INFO - Filling up the DagBag from /home/airflow/.local/lib/python3.12/site-packages/airflow/example_dags/example_dynamic_task_mapping_with_no_taskflow_operators.py
[2025-06-20T14:59:38.930+0000] {processor.py:840} INFO - DAG(s) 'example_dynamic_task_mapping_with_no_taskflow_operators' retrieved from /home/airflow/.local/lib/python3.12/site-packages/airflow/example_dags/example_dynamic_task_mapping_with_no_taskflow_operators.py
[2025-06-20T14:59:38.949+0000] {logging_mixin.py:188} INFO - [2025-06-20T14:59:38.949+0000] {dag.py:3096} INFO - Sync 1 DAGs
[2025-06-20T14:59:38.971+0000] {logging_mixin.py:188} INFO - [2025-06-20T14:59:38.971+0000] {dag.py:3954} INFO - Setting next_dagrun for example_dynamic_task_mapping_with_no_taskflow_operators to 2025-06-19 00:00:00+00:00, run_after=2025-06-20 00:00:00+00:00
[2025-06-20T14:59:38.987+0000] {processor.py:183} INFO - Processing /home/airflow/.local/lib/python3.12/site-packages/airflow/example_dags/example_dynamic_task_mapping_with_no_taskflow_operators.py took 0.074 seconds
[2025-06-20T15:00:09.364+0000] {processor.py:161} INFO - Started process (PID=3012) to work on /home/airflow/.local/lib/python3.12/site-packages/airflow/example_dags/example_dynamic_task_mapping_with_no_taskflow_operators.py
[2025-06-20T15:00:09.365+0000] {processor.py:830} INFO - Processing file /home/airflow/.local/lib/python3.12/site-packages/airflow/example_dags/example_dynamic_task_mapping_with_no_taskflow_operators.py for tasks to queue
[2025-06-20T15:00:09.367+0000] {logging_mixin.py:188} INFO - [2025-06-20T15:00:09.367+0000] {dagbag.py:540} INFO - Filling up the DagBag from /home/airflow/.local/lib/python3.12/site-packages/airflow/example_dags/example_dynamic_task_mapping_with_no_taskflow_operators.py
[2025-06-20T15:00:09.374+0000] {processor.py:840} INFO - DAG(s) 'example_dynamic_task_mapping_with_no_taskflow_operators' retrieved from /home/airflow/.local/lib/python3.12/site-packages/airflow/example_dags/example_dynamic_task_mapping_with_no_taskflow_operators.py
[2025-06-20T15:00:09.392+0000] {logging_mixin.py:188} INFO - [2025-06-20T15:00:09.392+0000] {dag.py:3096} INFO - Sync 1 DAGs
[2025-06-20T15:00:09.412+0000] {logging_mixin.py:188} INFO - [2025-06-20T15:00:09.412+0000] {dag.py:3954} INFO - Setting next_dagrun for example_dynamic_task_mapping_with_no_taskflow_operators to 2025-06-19 00:00:00+00:00, run_after=2025-06-20 00:00:00+00:00
[2025-06-20T15:00:09.427+0000] {processor.py:183} INFO - Processing /home/airflow/.local/lib/python3.12/site-packages/airflow/example_dags/example_dynamic_task_mapping_with_no_taskflow_operators.py took 0.069 seconds
[2025-06-20T15:00:39.578+0000] {processor.py:161} INFO - Started process (PID=3070) to work on /home/airflow/.local/lib/python3.12/site-packages/airflow/example_dags/example_dynamic_task_mapping_with_no_taskflow_operators.py
[2025-06-20T15:00:39.579+0000] {processor.py:830} INFO - Processing file /home/airflow/.local/lib/python3.12/site-packages/airflow/example_dags/example_dynamic_task_mapping_with_no_taskflow_operators.py for tasks to queue
[2025-06-20T15:00:39.581+0000] {logging_mixin.py:188} INFO - [2025-06-20T15:00:39.580+0000] {dagbag.py:540} INFO - Filling up the DagBag from /home/airflow/.local/lib/python3.12/site-packages/airflow/example_dags/example_dynamic_task_mapping_with_no_taskflow_operators.py
[2025-06-20T15:00:39.587+0000] {processor.py:840} INFO - DAG(s) 'example_dynamic_task_mapping_with_no_taskflow_operators' retrieved from /home/airflow/.local/lib/python3.12/site-packages/airflow/example_dags/example_dynamic_task_mapping_with_no_taskflow_operators.py
[2025-06-20T15:00:39.607+0000] {logging_mixin.py:188} INFO - [2025-06-20T15:00:39.607+0000] {dag.py:3096} INFO - Sync 1 DAGs
[2025-06-20T15:00:39.629+0000] {logging_mixin.py:188} INFO - [2025-06-20T15:00:39.628+0000] {dag.py:3954} INFO - Setting next_dagrun for example_dynamic_task_mapping_with_no_taskflow_operators to 2025-06-19 00:00:00+00:00, run_after=2025-06-20 00:00:00+00:00
[2025-06-20T15:00:39.645+0000] {processor.py:183} INFO - Processing /home/airflow/.local/lib/python3.12/site-packages/airflow/example_dags/example_dynamic_task_mapping_with_no_taskflow_operators.py took 0.074 seconds
[2025-06-20T15:01:10.661+0000] {processor.py:161} INFO - Started process (PID=3128) to work on /home/airflow/.local/lib/python3.12/site-packages/airflow/example_dags/example_dynamic_task_mapping_with_no_taskflow_operators.py
[2025-06-20T15:01:10.662+0000] {processor.py:830} INFO - Processing file /home/airflow/.local/lib/python3.12/site-packages/airflow/example_dags/example_dynamic_task_mapping_with_no_taskflow_operators.py for tasks to queue
[2025-06-20T15:01:10.664+0000] {logging_mixin.py:188} INFO - [2025-06-20T15:01:10.663+0000] {dagbag.py:540} INFO - Filling up the DagBag from /home/airflow/.local/lib/python3.12/site-packages/airflow/example_dags/example_dynamic_task_mapping_with_no_taskflow_operators.py
[2025-06-20T15:01:10.670+0000] {processor.py:840} INFO - DAG(s) 'example_dynamic_task_mapping_with_no_taskflow_operators' retrieved from /home/airflow/.local/lib/python3.12/site-packages/airflow/example_dags/example_dynamic_task_mapping_with_no_taskflow_operators.py
[2025-06-20T15:01:10.687+0000] {logging_mixin.py:188} INFO - [2025-06-20T15:01:10.687+0000] {dag.py:3096} INFO - Sync 1 DAGs
[2025-06-20T15:01:10.707+0000] {logging_mixin.py:188} INFO - [2025-06-20T15:01:10.707+0000] {dag.py:3954} INFO - Setting next_dagrun for example_dynamic_task_mapping_with_no_taskflow_operators to 2025-06-19 00:00:00+00:00, run_after=2025-06-20 00:00:00+00:00
[2025-06-20T15:01:10.722+0000] {processor.py:183} INFO - Processing /home/airflow/.local/lib/python3.12/site-packages/airflow/example_dags/example_dynamic_task_mapping_with_no_taskflow_operators.py took 0.067 seconds
[2025-06-20T15:01:40.843+0000] {processor.py:161} INFO - Started process (PID=3187) to work on /home/airflow/.local/lib/python3.12/site-packages/airflow/example_dags/example_dynamic_task_mapping_with_no_taskflow_operators.py
[2025-06-20T15:01:40.844+0000] {processor.py:830} INFO - Processing file /home/airflow/.local/lib/python3.12/site-packages/airflow/example_dags/example_dynamic_task_mapping_with_no_taskflow_operators.py for tasks to queue
[2025-06-20T15:01:40.846+0000] {logging_mixin.py:188} INFO - [2025-06-20T15:01:40.845+0000] {dagbag.py:540} INFO - Filling up the DagBag from /home/airflow/.local/lib/python3.12/site-packages/airflow/example_dags/example_dynamic_task_mapping_with_no_taskflow_operators.py
[2025-06-20T15:01:40.852+0000] {processor.py:840} INFO - DAG(s) 'example_dynamic_task_mapping_with_no_taskflow_operators' retrieved from /home/airflow/.local/lib/python3.12/site-packages/airflow/example_dags/example_dynamic_task_mapping_with_no_taskflow_operators.py
[2025-06-20T15:01:40.872+0000] {logging_mixin.py:188} INFO - [2025-06-20T15:01:40.872+0000] {dag.py:3096} INFO - Sync 1 DAGs
[2025-06-20T15:01:40.894+0000] {logging_mixin.py:188} INFO - [2025-06-20T15:01:40.894+0000] {dag.py:3954} INFO - Setting next_dagrun for example_dynamic_task_mapping_with_no_taskflow_operators to 2025-06-19 00:00:00+00:00, run_after=2025-06-20 00:00:00+00:00
[2025-06-20T15:01:40.910+0000] {processor.py:183} INFO - Processing /home/airflow/.local/lib/python3.12/site-packages/airflow/example_dags/example_dynamic_task_mapping_with_no_taskflow_operators.py took 0.073 seconds
[2025-06-20T15:02:11.552+0000] {processor.py:161} INFO - Started process (PID=3246) to work on /home/airflow/.local/lib/python3.12/site-packages/airflow/example_dags/example_dynamic_task_mapping_with_no_taskflow_operators.py
[2025-06-20T15:02:11.553+0000] {processor.py:830} INFO - Processing file /home/airflow/.local/lib/python3.12/site-packages/airflow/example_dags/example_dynamic_task_mapping_with_no_taskflow_operators.py for tasks to queue
[2025-06-20T15:02:11.555+0000] {logging_mixin.py:188} INFO - [2025-06-20T15:02:11.554+0000] {dagbag.py:540} INFO - Filling up the DagBag from /home/airflow/.local/lib/python3.12/site-packages/airflow/example_dags/example_dynamic_task_mapping_with_no_taskflow_operators.py
[2025-06-20T15:02:11.561+0000] {processor.py:840} INFO - DAG(s) 'example_dynamic_task_mapping_with_no_taskflow_operators' retrieved from /home/airflow/.local/lib/python3.12/site-packages/airflow/example_dags/example_dynamic_task_mapping_with_no_taskflow_operators.py
[2025-06-20T15:02:11.578+0000] {logging_mixin.py:188} INFO - [2025-06-20T15:02:11.578+0000] {dag.py:3096} INFO - Sync 1 DAGs
[2025-06-20T15:02:11.598+0000] {logging_mixin.py:188} INFO - [2025-06-20T15:02:11.598+0000] {dag.py:3954} INFO - Setting next_dagrun for example_dynamic_task_mapping_with_no_taskflow_operators to 2025-06-19 00:00:00+00:00, run_after=2025-06-20 00:00:00+00:00
[2025-06-20T15:02:11.612+0000] {processor.py:183} INFO - Processing /home/airflow/.local/lib/python3.12/site-packages/airflow/example_dags/example_dynamic_task_mapping_with_no_taskflow_operators.py took 0.066 seconds
[2025-06-20T15:02:42.203+0000] {processor.py:161} INFO - Started process (PID=3305) to work on /home/airflow/.local/lib/python3.12/site-packages/airflow/example_dags/example_dynamic_task_mapping_with_no_taskflow_operators.py
[2025-06-20T15:02:42.204+0000] {processor.py:830} INFO - Processing file /home/airflow/.local/lib/python3.12/site-packages/airflow/example_dags/example_dynamic_task_mapping_with_no_taskflow_operators.py for tasks to queue
[2025-06-20T15:02:42.206+0000] {logging_mixin.py:188} INFO - [2025-06-20T15:02:42.206+0000] {dagbag.py:540} INFO - Filling up the DagBag from /home/airflow/.local/lib/python3.12/site-packages/airflow/example_dags/example_dynamic_task_mapping_with_no_taskflow_operators.py
[2025-06-20T15:02:42.212+0000] {processor.py:840} INFO - DAG(s) 'example_dynamic_task_mapping_with_no_taskflow_operators' retrieved from /home/airflow/.local/lib/python3.12/site-packages/airflow/example_dags/example_dynamic_task_mapping_with_no_taskflow_operators.py
[2025-06-20T15:02:42.231+0000] {logging_mixin.py:188} INFO - [2025-06-20T15:02:42.231+0000] {dag.py:3096} INFO - Sync 1 DAGs
[2025-06-20T15:02:42.252+0000] {logging_mixin.py:188} INFO - [2025-06-20T15:02:42.252+0000] {dag.py:3954} INFO - Setting next_dagrun for example_dynamic_task_mapping_with_no_taskflow_operators to 2025-06-19 00:00:00+00:00, run_after=2025-06-20 00:00:00+00:00
[2025-06-20T15:02:42.268+0000] {processor.py:183} INFO - Processing /home/airflow/.local/lib/python3.12/site-packages/airflow/example_dags/example_dynamic_task_mapping_with_no_taskflow_operators.py took 0.070 seconds
[2025-06-20T15:03:12.864+0000] {processor.py:161} INFO - Started process (PID=3364) to work on /home/airflow/.local/lib/python3.12/site-packages/airflow/example_dags/example_dynamic_task_mapping_with_no_taskflow_operators.py
[2025-06-20T15:03:12.865+0000] {processor.py:830} INFO - Processing file /home/airflow/.local/lib/python3.12/site-packages/airflow/example_dags/example_dynamic_task_mapping_with_no_taskflow_operators.py for tasks to queue
[2025-06-20T15:03:12.867+0000] {logging_mixin.py:188} INFO - [2025-06-20T15:03:12.867+0000] {dagbag.py:540} INFO - Filling up the DagBag from /home/airflow/.local/lib/python3.12/site-packages/airflow/example_dags/example_dynamic_task_mapping_with_no_taskflow_operators.py
[2025-06-20T15:03:12.873+0000] {processor.py:840} INFO - DAG(s) 'example_dynamic_task_mapping_with_no_taskflow_operators' retrieved from /home/airflow/.local/lib/python3.12/site-packages/airflow/example_dags/example_dynamic_task_mapping_with_no_taskflow_operators.py
[2025-06-20T15:03:12.891+0000] {logging_mixin.py:188} INFO - [2025-06-20T15:03:12.891+0000] {dag.py:3096} INFO - Sync 1 DAGs
[2025-06-20T15:03:12.911+0000] {logging_mixin.py:188} INFO - [2025-06-20T15:03:12.911+0000] {dag.py:3954} INFO - Setting next_dagrun for example_dynamic_task_mapping_with_no_taskflow_operators to 2025-06-19 00:00:00+00:00, run_after=2025-06-20 00:00:00+00:00
[2025-06-20T15:03:12.926+0000] {processor.py:183} INFO - Processing /home/airflow/.local/lib/python3.12/site-packages/airflow/example_dags/example_dynamic_task_mapping_with_no_taskflow_operators.py took 0.068 seconds
[2025-06-20T15:03:43.752+0000] {processor.py:161} INFO - Started process (PID=3423) to work on /home/airflow/.local/lib/python3.12/site-packages/airflow/example_dags/example_dynamic_task_mapping_with_no_taskflow_operators.py
[2025-06-20T15:03:43.753+0000] {processor.py:830} INFO - Processing file /home/airflow/.local/lib/python3.12/site-packages/airflow/example_dags/example_dynamic_task_mapping_with_no_taskflow_operators.py for tasks to queue
[2025-06-20T15:03:43.754+0000] {logging_mixin.py:188} INFO - [2025-06-20T15:03:43.754+0000] {dagbag.py:540} INFO - Filling up the DagBag from /home/airflow/.local/lib/python3.12/site-packages/airflow/example_dags/example_dynamic_task_mapping_with_no_taskflow_operators.py
[2025-06-20T15:03:43.761+0000] {processor.py:840} INFO - DAG(s) 'example_dynamic_task_mapping_with_no_taskflow_operators' retrieved from /home/airflow/.local/lib/python3.12/site-packages/airflow/example_dags/example_dynamic_task_mapping_with_no_taskflow_operators.py
[2025-06-20T15:03:43.779+0000] {logging_mixin.py:188} INFO - [2025-06-20T15:03:43.779+0000] {dag.py:3096} INFO - Sync 1 DAGs
[2025-06-20T15:03:43.800+0000] {logging_mixin.py:188} INFO - [2025-06-20T15:03:43.800+0000] {dag.py:3954} INFO - Setting next_dagrun for example_dynamic_task_mapping_with_no_taskflow_operators to 2025-06-19 00:00:00+00:00, run_after=2025-06-20 00:00:00+00:00
[2025-06-20T15:03:43.815+0000] {processor.py:183} INFO - Processing /home/airflow/.local/lib/python3.12/site-packages/airflow/example_dags/example_dynamic_task_mapping_with_no_taskflow_operators.py took 0.070 seconds
[2025-06-20T15:04:14.132+0000] {processor.py:161} INFO - Started process (PID=3482) to work on /home/airflow/.local/lib/python3.12/site-packages/airflow/example_dags/example_dynamic_task_mapping_with_no_taskflow_operators.py
[2025-06-20T15:04:14.133+0000] {processor.py:830} INFO - Processing file /home/airflow/.local/lib/python3.12/site-packages/airflow/example_dags/example_dynamic_task_mapping_with_no_taskflow_operators.py for tasks to queue
[2025-06-20T15:04:14.134+0000] {logging_mixin.py:188} INFO - [2025-06-20T15:04:14.134+0000] {dagbag.py:540} INFO - Filling up the DagBag from /home/airflow/.local/lib/python3.12/site-packages/airflow/example_dags/example_dynamic_task_mapping_with_no_taskflow_operators.py
[2025-06-20T15:04:14.140+0000] {processor.py:840} INFO - DAG(s) 'example_dynamic_task_mapping_with_no_taskflow_operators' retrieved from /home/airflow/.local/lib/python3.12/site-packages/airflow/example_dags/example_dynamic_task_mapping_with_no_taskflow_operators.py
[2025-06-20T15:04:14.158+0000] {logging_mixin.py:188} INFO - [2025-06-20T15:04:14.158+0000] {dag.py:3096} INFO - Sync 1 DAGs
[2025-06-20T15:04:14.178+0000] {logging_mixin.py:188} INFO - [2025-06-20T15:04:14.177+0000] {dag.py:3954} INFO - Setting next_dagrun for example_dynamic_task_mapping_with_no_taskflow_operators to 2025-06-19 00:00:00+00:00, run_after=2025-06-20 00:00:00+00:00
[2025-06-20T15:04:14.192+0000] {processor.py:183} INFO - Processing /home/airflow/.local/lib/python3.12/site-packages/airflow/example_dags/example_dynamic_task_mapping_with_no_taskflow_operators.py took 0.067 seconds
[2025-06-20T15:04:44.858+0000] {processor.py:161} INFO - Started process (PID=3541) to work on /home/airflow/.local/lib/python3.12/site-packages/airflow/example_dags/example_dynamic_task_mapping_with_no_taskflow_operators.py
[2025-06-20T15:04:44.859+0000] {processor.py:830} INFO - Processing file /home/airflow/.local/lib/python3.12/site-packages/airflow/example_dags/example_dynamic_task_mapping_with_no_taskflow_operators.py for tasks to queue
[2025-06-20T15:04:44.861+0000] {logging_mixin.py:188} INFO - [2025-06-20T15:04:44.861+0000] {dagbag.py:540} INFO - Filling up the DagBag from /home/airflow/.local/lib/python3.12/site-packages/airflow/example_dags/example_dynamic_task_mapping_with_no_taskflow_operators.py
[2025-06-20T15:04:44.868+0000] {processor.py:840} INFO - DAG(s) 'example_dynamic_task_mapping_with_no_taskflow_operators' retrieved from /home/airflow/.local/lib/python3.12/site-packages/airflow/example_dags/example_dynamic_task_mapping_with_no_taskflow_operators.py
[2025-06-20T15:04:44.887+0000] {logging_mixin.py:188} INFO - [2025-06-20T15:04:44.887+0000] {dag.py:3096} INFO - Sync 1 DAGs
[2025-06-20T15:04:44.909+0000] {logging_mixin.py:188} INFO - [2025-06-20T15:04:44.909+0000] {dag.py:3954} INFO - Setting next_dagrun for example_dynamic_task_mapping_with_no_taskflow_operators to 2025-06-19 00:00:00+00:00, run_after=2025-06-20 00:00:00+00:00
[2025-06-20T15:04:44.925+0000] {processor.py:183} INFO - Processing /home/airflow/.local/lib/python3.12/site-packages/airflow/example_dags/example_dynamic_task_mapping_with_no_taskflow_operators.py took 0.073 seconds
[2025-06-20T15:05:15.122+0000] {processor.py:161} INFO - Started process (PID=3600) to work on /home/airflow/.local/lib/python3.12/site-packages/airflow/example_dags/example_dynamic_task_mapping_with_no_taskflow_operators.py
[2025-06-20T15:05:15.123+0000] {processor.py:830} INFO - Processing file /home/airflow/.local/lib/python3.12/site-packages/airflow/example_dags/example_dynamic_task_mapping_with_no_taskflow_operators.py for tasks to queue
[2025-06-20T15:05:15.125+0000] {logging_mixin.py:188} INFO - [2025-06-20T15:05:15.125+0000] {dagbag.py:540} INFO - Filling up the DagBag from /home/airflow/.local/lib/python3.12/site-packages/airflow/example_dags/example_dynamic_task_mapping_with_no_taskflow_operators.py
[2025-06-20T15:05:15.132+0000] {processor.py:840} INFO - DAG(s) 'example_dynamic_task_mapping_with_no_taskflow_operators' retrieved from /home/airflow/.local/lib/python3.12/site-packages/airflow/example_dags/example_dynamic_task_mapping_with_no_taskflow_operators.py
[2025-06-20T15:05:15.151+0000] {logging_mixin.py:188} INFO - [2025-06-20T15:05:15.151+0000] {dag.py:3096} INFO - Sync 1 DAGs
[2025-06-20T15:05:15.173+0000] {logging_mixin.py:188} INFO - [2025-06-20T15:05:15.172+0000] {dag.py:3954} INFO - Setting next_dagrun for example_dynamic_task_mapping_with_no_taskflow_operators to 2025-06-19 00:00:00+00:00, run_after=2025-06-20 00:00:00+00:00
[2025-06-20T15:05:15.188+0000] {processor.py:183} INFO - Processing /home/airflow/.local/lib/python3.12/site-packages/airflow/example_dags/example_dynamic_task_mapping_with_no_taskflow_operators.py took 0.073 seconds
[2025-06-20T15:05:45.338+0000] {processor.py:161} INFO - Started process (PID=3659) to work on /home/airflow/.local/lib/python3.12/site-packages/airflow/example_dags/example_dynamic_task_mapping_with_no_taskflow_operators.py
[2025-06-20T15:05:45.339+0000] {processor.py:830} INFO - Processing file /home/airflow/.local/lib/python3.12/site-packages/airflow/example_dags/example_dynamic_task_mapping_with_no_taskflow_operators.py for tasks to queue
[2025-06-20T15:05:45.340+0000] {logging_mixin.py:188} INFO - [2025-06-20T15:05:45.340+0000] {dagbag.py:540} INFO - Filling up the DagBag from /home/airflow/.local/lib/python3.12/site-packages/airflow/example_dags/example_dynamic_task_mapping_with_no_taskflow_operators.py
[2025-06-20T15:05:45.347+0000] {processor.py:840} INFO - DAG(s) 'example_dynamic_task_mapping_with_no_taskflow_operators' retrieved from /home/airflow/.local/lib/python3.12/site-packages/airflow/example_dags/example_dynamic_task_mapping_with_no_taskflow_operators.py
[2025-06-20T15:05:45.366+0000] {logging_mixin.py:188} INFO - [2025-06-20T15:05:45.366+0000] {dag.py:3096} INFO - Sync 1 DAGs
[2025-06-20T15:05:45.386+0000] {logging_mixin.py:188} INFO - [2025-06-20T15:05:45.386+0000] {dag.py:3954} INFO - Setting next_dagrun for example_dynamic_task_mapping_with_no_taskflow_operators to 2025-06-19 00:00:00+00:00, run_after=2025-06-20 00:00:00+00:00
[2025-06-20T15:05:45.404+0000] {processor.py:183} INFO - Processing /home/airflow/.local/lib/python3.12/site-packages/airflow/example_dags/example_dynamic_task_mapping_with_no_taskflow_operators.py took 0.072 seconds
[2025-06-20T15:06:15.661+0000] {processor.py:161} INFO - Started process (PID=3718) to work on /home/airflow/.local/lib/python3.12/site-packages/airflow/example_dags/example_dynamic_task_mapping_with_no_taskflow_operators.py
[2025-06-20T15:06:15.663+0000] {processor.py:830} INFO - Processing file /home/airflow/.local/lib/python3.12/site-packages/airflow/example_dags/example_dynamic_task_mapping_with_no_taskflow_operators.py for tasks to queue
[2025-06-20T15:06:15.665+0000] {logging_mixin.py:188} INFO - [2025-06-20T15:06:15.664+0000] {dagbag.py:540} INFO - Filling up the DagBag from /home/airflow/.local/lib/python3.12/site-packages/airflow/example_dags/example_dynamic_task_mapping_with_no_taskflow_operators.py
[2025-06-20T15:06:15.673+0000] {processor.py:840} INFO - DAG(s) 'example_dynamic_task_mapping_with_no_taskflow_operators' retrieved from /home/airflow/.local/lib/python3.12/site-packages/airflow/example_dags/example_dynamic_task_mapping_with_no_taskflow_operators.py
[2025-06-20T15:06:15.692+0000] {logging_mixin.py:188} INFO - [2025-06-20T15:06:15.692+0000] {dag.py:3096} INFO - Sync 1 DAGs
[2025-06-20T15:06:15.712+0000] {logging_mixin.py:188} INFO - [2025-06-20T15:06:15.712+0000] {dag.py:3954} INFO - Setting next_dagrun for example_dynamic_task_mapping_with_no_taskflow_operators to 2025-06-19 00:00:00+00:00, run_after=2025-06-20 00:00:00+00:00
[2025-06-20T15:06:15.730+0000] {processor.py:183} INFO - Processing /home/airflow/.local/lib/python3.12/site-packages/airflow/example_dags/example_dynamic_task_mapping_with_no_taskflow_operators.py took 0.075 seconds
[2025-06-20T15:06:45.993+0000] {processor.py:161} INFO - Started process (PID=3777) to work on /home/airflow/.local/lib/python3.12/site-packages/airflow/example_dags/example_dynamic_task_mapping_with_no_taskflow_operators.py
[2025-06-20T15:06:45.993+0000] {processor.py:830} INFO - Processing file /home/airflow/.local/lib/python3.12/site-packages/airflow/example_dags/example_dynamic_task_mapping_with_no_taskflow_operators.py for tasks to queue
[2025-06-20T15:06:45.995+0000] {logging_mixin.py:188} INFO - [2025-06-20T15:06:45.995+0000] {dagbag.py:540} INFO - Filling up the DagBag from /home/airflow/.local/lib/python3.12/site-packages/airflow/example_dags/example_dynamic_task_mapping_with_no_taskflow_operators.py
[2025-06-20T15:06:46.002+0000] {processor.py:840} INFO - DAG(s) 'example_dynamic_task_mapping_with_no_taskflow_operators' retrieved from /home/airflow/.local/lib/python3.12/site-packages/airflow/example_dags/example_dynamic_task_mapping_with_no_taskflow_operators.py
[2025-06-20T15:06:46.020+0000] {logging_mixin.py:188} INFO - [2025-06-20T15:06:46.020+0000] {dag.py:3096} INFO - Sync 1 DAGs
[2025-06-20T15:06:46.041+0000] {logging_mixin.py:188} INFO - [2025-06-20T15:06:46.041+0000] {dag.py:3954} INFO - Setting next_dagrun for example_dynamic_task_mapping_with_no_taskflow_operators to 2025-06-19 00:00:00+00:00, run_after=2025-06-20 00:00:00+00:00
[2025-06-20T15:06:46.058+0000] {processor.py:183} INFO - Processing /home/airflow/.local/lib/python3.12/site-packages/airflow/example_dags/example_dynamic_task_mapping_with_no_taskflow_operators.py took 0.072 seconds
[2025-06-20T15:07:16.350+0000] {processor.py:161} INFO - Started process (PID=3836) to work on /home/airflow/.local/lib/python3.12/site-packages/airflow/example_dags/example_dynamic_task_mapping_with_no_taskflow_operators.py
[2025-06-20T15:07:16.352+0000] {processor.py:830} INFO - Processing file /home/airflow/.local/lib/python3.12/site-packages/airflow/example_dags/example_dynamic_task_mapping_with_no_taskflow_operators.py for tasks to queue
[2025-06-20T15:07:16.354+0000] {logging_mixin.py:188} INFO - [2025-06-20T15:07:16.353+0000] {dagbag.py:540} INFO - Filling up the DagBag from /home/airflow/.local/lib/python3.12/site-packages/airflow/example_dags/example_dynamic_task_mapping_with_no_taskflow_operators.py
[2025-06-20T15:07:16.361+0000] {processor.py:840} INFO - DAG(s) 'example_dynamic_task_mapping_with_no_taskflow_operators' retrieved from /home/airflow/.local/lib/python3.12/site-packages/airflow/example_dags/example_dynamic_task_mapping_with_no_taskflow_operators.py
[2025-06-20T15:07:16.380+0000] {logging_mixin.py:188} INFO - [2025-06-20T15:07:16.380+0000] {dag.py:3096} INFO - Sync 1 DAGs
[2025-06-20T15:07:16.401+0000] {logging_mixin.py:188} INFO - [2025-06-20T15:07:16.401+0000] {dag.py:3954} INFO - Setting next_dagrun for example_dynamic_task_mapping_with_no_taskflow_operators to 2025-06-19 00:00:00+00:00, run_after=2025-06-20 00:00:00+00:00
[2025-06-20T15:07:16.417+0000] {processor.py:183} INFO - Processing /home/airflow/.local/lib/python3.12/site-packages/airflow/example_dags/example_dynamic_task_mapping_with_no_taskflow_operators.py took 0.073 seconds
[2025-06-20T15:07:46.498+0000] {processor.py:161} INFO - Started process (PID=3895) to work on /home/airflow/.local/lib/python3.12/site-packages/airflow/example_dags/example_dynamic_task_mapping_with_no_taskflow_operators.py
[2025-06-20T15:07:46.499+0000] {processor.py:830} INFO - Processing file /home/airflow/.local/lib/python3.12/site-packages/airflow/example_dags/example_dynamic_task_mapping_with_no_taskflow_operators.py for tasks to queue
[2025-06-20T15:07:46.500+0000] {logging_mixin.py:188} INFO - [2025-06-20T15:07:46.500+0000] {dagbag.py:540} INFO - Filling up the DagBag from /home/airflow/.local/lib/python3.12/site-packages/airflow/example_dags/example_dynamic_task_mapping_with_no_taskflow_operators.py
[2025-06-20T15:07:46.507+0000] {processor.py:840} INFO - DAG(s) 'example_dynamic_task_mapping_with_no_taskflow_operators' retrieved from /home/airflow/.local/lib/python3.12/site-packages/airflow/example_dags/example_dynamic_task_mapping_with_no_taskflow_operators.py
[2025-06-20T15:07:46.525+0000] {logging_mixin.py:188} INFO - [2025-06-20T15:07:46.525+0000] {dag.py:3096} INFO - Sync 1 DAGs
[2025-06-20T15:07:46.545+0000] {logging_mixin.py:188} INFO - [2025-06-20T15:07:46.545+0000] {dag.py:3954} INFO - Setting next_dagrun for example_dynamic_task_mapping_with_no_taskflow_operators to 2025-06-19 00:00:00+00:00, run_after=2025-06-20 00:00:00+00:00
[2025-06-20T15:07:46.560+0000] {processor.py:183} INFO - Processing /home/airflow/.local/lib/python3.12/site-packages/airflow/example_dags/example_dynamic_task_mapping_with_no_taskflow_operators.py took 0.068 seconds
[2025-06-20T15:08:16.950+0000] {processor.py:161} INFO - Started process (PID=3954) to work on /home/airflow/.local/lib/python3.12/site-packages/airflow/example_dags/example_dynamic_task_mapping_with_no_taskflow_operators.py
[2025-06-20T15:08:16.951+0000] {processor.py:830} INFO - Processing file /home/airflow/.local/lib/python3.12/site-packages/airflow/example_dags/example_dynamic_task_mapping_with_no_taskflow_operators.py for tasks to queue
[2025-06-20T15:08:16.953+0000] {logging_mixin.py:188} INFO - [2025-06-20T15:08:16.952+0000] {dagbag.py:540} INFO - Filling up the DagBag from /home/airflow/.local/lib/python3.12/site-packages/airflow/example_dags/example_dynamic_task_mapping_with_no_taskflow_operators.py
[2025-06-20T15:08:16.959+0000] {processor.py:840} INFO - DAG(s) 'example_dynamic_task_mapping_with_no_taskflow_operators' retrieved from /home/airflow/.local/lib/python3.12/site-packages/airflow/example_dags/example_dynamic_task_mapping_with_no_taskflow_operators.py
[2025-06-20T15:08:16.977+0000] {logging_mixin.py:188} INFO - [2025-06-20T15:08:16.977+0000] {dag.py:3096} INFO - Sync 1 DAGs
[2025-06-20T15:08:17.000+0000] {logging_mixin.py:188} INFO - [2025-06-20T15:08:17.000+0000] {dag.py:3954} INFO - Setting next_dagrun for example_dynamic_task_mapping_with_no_taskflow_operators to 2025-06-19 00:00:00+00:00, run_after=2025-06-20 00:00:00+00:00
[2025-06-20T15:08:17.016+0000] {processor.py:183} INFO - Processing /home/airflow/.local/lib/python3.12/site-packages/airflow/example_dags/example_dynamic_task_mapping_with_no_taskflow_operators.py took 0.072 seconds
[2025-06-20T15:08:47.811+0000] {processor.py:161} INFO - Started process (PID=4013) to work on /home/airflow/.local/lib/python3.12/site-packages/airflow/example_dags/example_dynamic_task_mapping_with_no_taskflow_operators.py
[2025-06-20T15:08:47.812+0000] {processor.py:830} INFO - Processing file /home/airflow/.local/lib/python3.12/site-packages/airflow/example_dags/example_dynamic_task_mapping_with_no_taskflow_operators.py for tasks to queue
[2025-06-20T15:08:47.814+0000] {logging_mixin.py:188} INFO - [2025-06-20T15:08:47.813+0000] {dagbag.py:540} INFO - Filling up the DagBag from /home/airflow/.local/lib/python3.12/site-packages/airflow/example_dags/example_dynamic_task_mapping_with_no_taskflow_operators.py
[2025-06-20T15:08:47.820+0000] {processor.py:840} INFO - DAG(s) 'example_dynamic_task_mapping_with_no_taskflow_operators' retrieved from /home/airflow/.local/lib/python3.12/site-packages/airflow/example_dags/example_dynamic_task_mapping_with_no_taskflow_operators.py
[2025-06-20T15:08:47.838+0000] {logging_mixin.py:188} INFO - [2025-06-20T15:08:47.838+0000] {dag.py:3096} INFO - Sync 1 DAGs
[2025-06-20T15:08:47.858+0000] {logging_mixin.py:188} INFO - [2025-06-20T15:08:47.858+0000] {dag.py:3954} INFO - Setting next_dagrun for example_dynamic_task_mapping_with_no_taskflow_operators to 2025-06-19 00:00:00+00:00, run_after=2025-06-20 00:00:00+00:00
[2025-06-20T15:08:47.872+0000] {processor.py:183} INFO - Processing /home/airflow/.local/lib/python3.12/site-packages/airflow/example_dags/example_dynamic_task_mapping_with_no_taskflow_operators.py took 0.068 seconds
[2025-06-20T15:09:18.000+0000] {processor.py:161} INFO - Started process (PID=4072) to work on /home/airflow/.local/lib/python3.12/site-packages/airflow/example_dags/example_dynamic_task_mapping_with_no_taskflow_operators.py
[2025-06-20T15:09:18.001+0000] {processor.py:830} INFO - Processing file /home/airflow/.local/lib/python3.12/site-packages/airflow/example_dags/example_dynamic_task_mapping_with_no_taskflow_operators.py for tasks to queue
[2025-06-20T15:09:18.003+0000] {logging_mixin.py:188} INFO - [2025-06-20T15:09:18.003+0000] {dagbag.py:540} INFO - Filling up the DagBag from /home/airflow/.local/lib/python3.12/site-packages/airflow/example_dags/example_dynamic_task_mapping_with_no_taskflow_operators.py
[2025-06-20T15:09:18.009+0000] {processor.py:840} INFO - DAG(s) 'example_dynamic_task_mapping_with_no_taskflow_operators' retrieved from /home/airflow/.local/lib/python3.12/site-packages/airflow/example_dags/example_dynamic_task_mapping_with_no_taskflow_operators.py
[2025-06-20T15:09:18.027+0000] {logging_mixin.py:188} INFO - [2025-06-20T15:09:18.027+0000] {dag.py:3096} INFO - Sync 1 DAGs
[2025-06-20T15:09:18.047+0000] {logging_mixin.py:188} INFO - [2025-06-20T15:09:18.047+0000] {dag.py:3954} INFO - Setting next_dagrun for example_dynamic_task_mapping_with_no_taskflow_operators to 2025-06-19 00:00:00+00:00, run_after=2025-06-20 00:00:00+00:00
[2025-06-20T15:09:18.062+0000] {processor.py:183} INFO - Processing /home/airflow/.local/lib/python3.12/site-packages/airflow/example_dags/example_dynamic_task_mapping_with_no_taskflow_operators.py took 0.068 seconds
[2025-06-20T15:09:48.238+0000] {processor.py:161} INFO - Started process (PID=4131) to work on /home/airflow/.local/lib/python3.12/site-packages/airflow/example_dags/example_dynamic_task_mapping_with_no_taskflow_operators.py
[2025-06-20T15:09:48.238+0000] {processor.py:830} INFO - Processing file /home/airflow/.local/lib/python3.12/site-packages/airflow/example_dags/example_dynamic_task_mapping_with_no_taskflow_operators.py for tasks to queue
[2025-06-20T15:09:48.240+0000] {logging_mixin.py:188} INFO - [2025-06-20T15:09:48.240+0000] {dagbag.py:540} INFO - Filling up the DagBag from /home/airflow/.local/lib/python3.12/site-packages/airflow/example_dags/example_dynamic_task_mapping_with_no_taskflow_operators.py
[2025-06-20T15:09:48.247+0000] {processor.py:840} INFO - DAG(s) 'example_dynamic_task_mapping_with_no_taskflow_operators' retrieved from /home/airflow/.local/lib/python3.12/site-packages/airflow/example_dags/example_dynamic_task_mapping_with_no_taskflow_operators.py
[2025-06-20T15:09:48.265+0000] {logging_mixin.py:188} INFO - [2025-06-20T15:09:48.265+0000] {dag.py:3096} INFO - Sync 1 DAGs
[2025-06-20T15:09:48.285+0000] {logging_mixin.py:188} INFO - [2025-06-20T15:09:48.285+0000] {dag.py:3954} INFO - Setting next_dagrun for example_dynamic_task_mapping_with_no_taskflow_operators to 2025-06-19 00:00:00+00:00, run_after=2025-06-20 00:00:00+00:00
[2025-06-20T15:09:48.300+0000] {processor.py:183} INFO - Processing /home/airflow/.local/lib/python3.12/site-packages/airflow/example_dags/example_dynamic_task_mapping_with_no_taskflow_operators.py took 0.068 seconds
[2025-06-20T15:10:18.546+0000] {processor.py:161} INFO - Started process (PID=4190) to work on /home/airflow/.local/lib/python3.12/site-packages/airflow/example_dags/example_dynamic_task_mapping_with_no_taskflow_operators.py
[2025-06-20T15:10:18.547+0000] {processor.py:830} INFO - Processing file /home/airflow/.local/lib/python3.12/site-packages/airflow/example_dags/example_dynamic_task_mapping_with_no_taskflow_operators.py for tasks to queue
[2025-06-20T15:10:18.549+0000] {logging_mixin.py:188} INFO - [2025-06-20T15:10:18.549+0000] {dagbag.py:540} INFO - Filling up the DagBag from /home/airflow/.local/lib/python3.12/site-packages/airflow/example_dags/example_dynamic_task_mapping_with_no_taskflow_operators.py
[2025-06-20T15:10:18.555+0000] {processor.py:840} INFO - DAG(s) 'example_dynamic_task_mapping_with_no_taskflow_operators' retrieved from /home/airflow/.local/lib/python3.12/site-packages/airflow/example_dags/example_dynamic_task_mapping_with_no_taskflow_operators.py
[2025-06-20T15:10:18.573+0000] {logging_mixin.py:188} INFO - [2025-06-20T15:10:18.572+0000] {dag.py:3096} INFO - Sync 1 DAGs
[2025-06-20T15:10:18.592+0000] {logging_mixin.py:188} INFO - [2025-06-20T15:10:18.592+0000] {dag.py:3954} INFO - Setting next_dagrun for example_dynamic_task_mapping_with_no_taskflow_operators to 2025-06-19 00:00:00+00:00, run_after=2025-06-20 00:00:00+00:00
[2025-06-20T15:10:18.607+0000] {processor.py:183} INFO - Processing /home/airflow/.local/lib/python3.12/site-packages/airflow/example_dags/example_dynamic_task_mapping_with_no_taskflow_operators.py took 0.066 seconds
[2025-06-20T15:10:49.260+0000] {processor.py:161} INFO - Started process (PID=4249) to work on /home/airflow/.local/lib/python3.12/site-packages/airflow/example_dags/example_dynamic_task_mapping_with_no_taskflow_operators.py
[2025-06-20T15:10:49.261+0000] {processor.py:830} INFO - Processing file /home/airflow/.local/lib/python3.12/site-packages/airflow/example_dags/example_dynamic_task_mapping_with_no_taskflow_operators.py for tasks to queue
[2025-06-20T15:10:49.263+0000] {logging_mixin.py:188} INFO - [2025-06-20T15:10:49.263+0000] {dagbag.py:540} INFO - Filling up the DagBag from /home/airflow/.local/lib/python3.12/site-packages/airflow/example_dags/example_dynamic_task_mapping_with_no_taskflow_operators.py
[2025-06-20T15:10:49.269+0000] {processor.py:840} INFO - DAG(s) 'example_dynamic_task_mapping_with_no_taskflow_operators' retrieved from /home/airflow/.local/lib/python3.12/site-packages/airflow/example_dags/example_dynamic_task_mapping_with_no_taskflow_operators.py
[2025-06-20T15:10:49.286+0000] {logging_mixin.py:188} INFO - [2025-06-20T15:10:49.286+0000] {dag.py:3096} INFO - Sync 1 DAGs
[2025-06-20T15:10:49.306+0000] {logging_mixin.py:188} INFO - [2025-06-20T15:10:49.306+0000] {dag.py:3954} INFO - Setting next_dagrun for example_dynamic_task_mapping_with_no_taskflow_operators to 2025-06-19 00:00:00+00:00, run_after=2025-06-20 00:00:00+00:00
[2025-06-20T15:10:49.321+0000] {processor.py:183} INFO - Processing /home/airflow/.local/lib/python3.12/site-packages/airflow/example_dags/example_dynamic_task_mapping_with_no_taskflow_operators.py took 0.067 seconds
[2025-06-20T15:11:20.200+0000] {processor.py:161} INFO - Started process (PID=4308) to work on /home/airflow/.local/lib/python3.12/site-packages/airflow/example_dags/example_dynamic_task_mapping_with_no_taskflow_operators.py
[2025-06-20T15:11:20.200+0000] {processor.py:830} INFO - Processing file /home/airflow/.local/lib/python3.12/site-packages/airflow/example_dags/example_dynamic_task_mapping_with_no_taskflow_operators.py for tasks to queue
[2025-06-20T15:11:20.202+0000] {logging_mixin.py:188} INFO - [2025-06-20T15:11:20.202+0000] {dagbag.py:540} INFO - Filling up the DagBag from /home/airflow/.local/lib/python3.12/site-packages/airflow/example_dags/example_dynamic_task_mapping_with_no_taskflow_operators.py
[2025-06-20T15:11:20.209+0000] {processor.py:840} INFO - DAG(s) 'example_dynamic_task_mapping_with_no_taskflow_operators' retrieved from /home/airflow/.local/lib/python3.12/site-packages/airflow/example_dags/example_dynamic_task_mapping_with_no_taskflow_operators.py
[2025-06-20T15:11:20.227+0000] {logging_mixin.py:188} INFO - [2025-06-20T15:11:20.227+0000] {dag.py:3096} INFO - Sync 1 DAGs
[2025-06-20T15:11:20.247+0000] {logging_mixin.py:188} INFO - [2025-06-20T15:11:20.247+0000] {dag.py:3954} INFO - Setting next_dagrun for example_dynamic_task_mapping_with_no_taskflow_operators to 2025-06-19 00:00:00+00:00, run_after=2025-06-20 00:00:00+00:00
[2025-06-20T15:11:20.262+0000] {processor.py:183} INFO - Processing /home/airflow/.local/lib/python3.12/site-packages/airflow/example_dags/example_dynamic_task_mapping_with_no_taskflow_operators.py took 0.069 seconds
[2025-06-20T15:11:50.464+0000] {processor.py:161} INFO - Started process (PID=4367) to work on /home/airflow/.local/lib/python3.12/site-packages/airflow/example_dags/example_dynamic_task_mapping_with_no_taskflow_operators.py
[2025-06-20T15:11:50.465+0000] {processor.py:830} INFO - Processing file /home/airflow/.local/lib/python3.12/site-packages/airflow/example_dags/example_dynamic_task_mapping_with_no_taskflow_operators.py for tasks to queue
[2025-06-20T15:11:50.467+0000] {logging_mixin.py:188} INFO - [2025-06-20T15:11:50.467+0000] {dagbag.py:540} INFO - Filling up the DagBag from /home/airflow/.local/lib/python3.12/site-packages/airflow/example_dags/example_dynamic_task_mapping_with_no_taskflow_operators.py
[2025-06-20T15:11:50.473+0000] {processor.py:840} INFO - DAG(s) 'example_dynamic_task_mapping_with_no_taskflow_operators' retrieved from /home/airflow/.local/lib/python3.12/site-packages/airflow/example_dags/example_dynamic_task_mapping_with_no_taskflow_operators.py
[2025-06-20T15:11:50.492+0000] {logging_mixin.py:188} INFO - [2025-06-20T15:11:50.492+0000] {dag.py:3096} INFO - Sync 1 DAGs
[2025-06-20T15:11:50.517+0000] {logging_mixin.py:188} INFO - [2025-06-20T15:11:50.517+0000] {dag.py:3954} INFO - Setting next_dagrun for example_dynamic_task_mapping_with_no_taskflow_operators to 2025-06-19 00:00:00+00:00, run_after=2025-06-20 00:00:00+00:00
[2025-06-20T15:11:50.532+0000] {processor.py:183} INFO - Processing /home/airflow/.local/lib/python3.12/site-packages/airflow/example_dags/example_dynamic_task_mapping_with_no_taskflow_operators.py took 0.074 seconds
[2025-06-20T15:12:20.735+0000] {processor.py:161} INFO - Started process (PID=4426) to work on /home/airflow/.local/lib/python3.12/site-packages/airflow/example_dags/example_dynamic_task_mapping_with_no_taskflow_operators.py
[2025-06-20T15:12:20.735+0000] {processor.py:830} INFO - Processing file /home/airflow/.local/lib/python3.12/site-packages/airflow/example_dags/example_dynamic_task_mapping_with_no_taskflow_operators.py for tasks to queue
[2025-06-20T15:12:20.737+0000] {logging_mixin.py:188} INFO - [2025-06-20T15:12:20.737+0000] {dagbag.py:540} INFO - Filling up the DagBag from /home/airflow/.local/lib/python3.12/site-packages/airflow/example_dags/example_dynamic_task_mapping_with_no_taskflow_operators.py
[2025-06-20T15:12:20.743+0000] {processor.py:840} INFO - DAG(s) 'example_dynamic_task_mapping_with_no_taskflow_operators' retrieved from /home/airflow/.local/lib/python3.12/site-packages/airflow/example_dags/example_dynamic_task_mapping_with_no_taskflow_operators.py
[2025-06-20T15:12:20.761+0000] {logging_mixin.py:188} INFO - [2025-06-20T15:12:20.761+0000] {dag.py:3096} INFO - Sync 1 DAGs
[2025-06-20T15:12:20.781+0000] {logging_mixin.py:188} INFO - [2025-06-20T15:12:20.780+0000] {dag.py:3954} INFO - Setting next_dagrun for example_dynamic_task_mapping_with_no_taskflow_operators to 2025-06-19 00:00:00+00:00, run_after=2025-06-20 00:00:00+00:00
[2025-06-20T15:12:20.795+0000] {processor.py:183} INFO - Processing /home/airflow/.local/lib/python3.12/site-packages/airflow/example_dags/example_dynamic_task_mapping_with_no_taskflow_operators.py took 0.066 seconds
[2025-06-20T15:12:51.497+0000] {processor.py:161} INFO - Started process (PID=4485) to work on /home/airflow/.local/lib/python3.12/site-packages/airflow/example_dags/example_dynamic_task_mapping_with_no_taskflow_operators.py
[2025-06-20T15:12:51.498+0000] {processor.py:830} INFO - Processing file /home/airflow/.local/lib/python3.12/site-packages/airflow/example_dags/example_dynamic_task_mapping_with_no_taskflow_operators.py for tasks to queue
[2025-06-20T15:12:51.500+0000] {logging_mixin.py:188} INFO - [2025-06-20T15:12:51.500+0000] {dagbag.py:540} INFO - Filling up the DagBag from /home/airflow/.local/lib/python3.12/site-packages/airflow/example_dags/example_dynamic_task_mapping_with_no_taskflow_operators.py
[2025-06-20T15:12:51.506+0000] {processor.py:840} INFO - DAG(s) 'example_dynamic_task_mapping_with_no_taskflow_operators' retrieved from /home/airflow/.local/lib/python3.12/site-packages/airflow/example_dags/example_dynamic_task_mapping_with_no_taskflow_operators.py
[2025-06-20T15:12:51.525+0000] {logging_mixin.py:188} INFO - [2025-06-20T15:12:51.525+0000] {dag.py:3096} INFO - Sync 1 DAGs
[2025-06-20T15:12:51.545+0000] {logging_mixin.py:188} INFO - [2025-06-20T15:12:51.545+0000] {dag.py:3954} INFO - Setting next_dagrun for example_dynamic_task_mapping_with_no_taskflow_operators to 2025-06-19 00:00:00+00:00, run_after=2025-06-20 00:00:00+00:00
[2025-06-20T15:12:51.560+0000] {processor.py:183} INFO - Processing /home/airflow/.local/lib/python3.12/site-packages/airflow/example_dags/example_dynamic_task_mapping_with_no_taskflow_operators.py took 0.069 seconds
[2025-06-20T15:13:22.439+0000] {processor.py:161} INFO - Started process (PID=4544) to work on /home/airflow/.local/lib/python3.12/site-packages/airflow/example_dags/example_dynamic_task_mapping_with_no_taskflow_operators.py
[2025-06-20T15:13:22.440+0000] {processor.py:830} INFO - Processing file /home/airflow/.local/lib/python3.12/site-packages/airflow/example_dags/example_dynamic_task_mapping_with_no_taskflow_operators.py for tasks to queue
[2025-06-20T15:13:22.441+0000] {logging_mixin.py:188} INFO - [2025-06-20T15:13:22.441+0000] {dagbag.py:540} INFO - Filling up the DagBag from /home/airflow/.local/lib/python3.12/site-packages/airflow/example_dags/example_dynamic_task_mapping_with_no_taskflow_operators.py
[2025-06-20T15:13:22.448+0000] {processor.py:840} INFO - DAG(s) 'example_dynamic_task_mapping_with_no_taskflow_operators' retrieved from /home/airflow/.local/lib/python3.12/site-packages/airflow/example_dags/example_dynamic_task_mapping_with_no_taskflow_operators.py
[2025-06-20T15:13:22.467+0000] {logging_mixin.py:188} INFO - [2025-06-20T15:13:22.466+0000] {dag.py:3096} INFO - Sync 1 DAGs
[2025-06-20T15:13:22.487+0000] {logging_mixin.py:188} INFO - [2025-06-20T15:13:22.486+0000] {dag.py:3954} INFO - Setting next_dagrun for example_dynamic_task_mapping_with_no_taskflow_operators to 2025-06-19 00:00:00+00:00, run_after=2025-06-20 00:00:00+00:00
[2025-06-20T15:13:22.502+0000] {processor.py:183} INFO - Processing /home/airflow/.local/lib/python3.12/site-packages/airflow/example_dags/example_dynamic_task_mapping_with_no_taskflow_operators.py took 0.069 seconds
[2025-06-20T15:13:52.766+0000] {processor.py:161} INFO - Started process (PID=4603) to work on /home/airflow/.local/lib/python3.12/site-packages/airflow/example_dags/example_dynamic_task_mapping_with_no_taskflow_operators.py
[2025-06-20T15:13:52.767+0000] {processor.py:830} INFO - Processing file /home/airflow/.local/lib/python3.12/site-packages/airflow/example_dags/example_dynamic_task_mapping_with_no_taskflow_operators.py for tasks to queue
[2025-06-20T15:13:52.768+0000] {logging_mixin.py:188} INFO - [2025-06-20T15:13:52.768+0000] {dagbag.py:540} INFO - Filling up the DagBag from /home/airflow/.local/lib/python3.12/site-packages/airflow/example_dags/example_dynamic_task_mapping_with_no_taskflow_operators.py
[2025-06-20T15:13:52.775+0000] {processor.py:840} INFO - DAG(s) 'example_dynamic_task_mapping_with_no_taskflow_operators' retrieved from /home/airflow/.local/lib/python3.12/site-packages/airflow/example_dags/example_dynamic_task_mapping_with_no_taskflow_operators.py
[2025-06-20T15:13:52.793+0000] {logging_mixin.py:188} INFO - [2025-06-20T15:13:52.793+0000] {dag.py:3096} INFO - Sync 1 DAGs
[2025-06-20T15:13:52.814+0000] {logging_mixin.py:188} INFO - [2025-06-20T15:13:52.813+0000] {dag.py:3954} INFO - Setting next_dagrun for example_dynamic_task_mapping_with_no_taskflow_operators to 2025-06-19 00:00:00+00:00, run_after=2025-06-20 00:00:00+00:00
[2025-06-20T15:13:52.829+0000] {processor.py:183} INFO - Processing /home/airflow/.local/lib/python3.12/site-packages/airflow/example_dags/example_dynamic_task_mapping_with_no_taskflow_operators.py took 0.070 seconds
[2025-06-20T15:14:22.986+0000] {processor.py:161} INFO - Started process (PID=4662) to work on /home/airflow/.local/lib/python3.12/site-packages/airflow/example_dags/example_dynamic_task_mapping_with_no_taskflow_operators.py
[2025-06-20T15:14:22.987+0000] {processor.py:830} INFO - Processing file /home/airflow/.local/lib/python3.12/site-packages/airflow/example_dags/example_dynamic_task_mapping_with_no_taskflow_operators.py for tasks to queue
[2025-06-20T15:14:22.988+0000] {logging_mixin.py:188} INFO - [2025-06-20T15:14:22.988+0000] {dagbag.py:540} INFO - Filling up the DagBag from /home/airflow/.local/lib/python3.12/site-packages/airflow/example_dags/example_dynamic_task_mapping_with_no_taskflow_operators.py
[2025-06-20T15:14:22.994+0000] {processor.py:840} INFO - DAG(s) 'example_dynamic_task_mapping_with_no_taskflow_operators' retrieved from /home/airflow/.local/lib/python3.12/site-packages/airflow/example_dags/example_dynamic_task_mapping_with_no_taskflow_operators.py
[2025-06-20T15:14:23.013+0000] {logging_mixin.py:188} INFO - [2025-06-20T15:14:23.013+0000] {dag.py:3096} INFO - Sync 1 DAGs
[2025-06-20T15:14:23.033+0000] {logging_mixin.py:188} INFO - [2025-06-20T15:14:23.033+0000] {dag.py:3954} INFO - Setting next_dagrun for example_dynamic_task_mapping_with_no_taskflow_operators to 2025-06-19 00:00:00+00:00, run_after=2025-06-20 00:00:00+00:00
[2025-06-20T15:14:23.048+0000] {processor.py:183} INFO - Processing /home/airflow/.local/lib/python3.12/site-packages/airflow/example_dags/example_dynamic_task_mapping_with_no_taskflow_operators.py took 0.068 seconds
[2025-06-20T15:14:53.290+0000] {processor.py:161} INFO - Started process (PID=4721) to work on /home/airflow/.local/lib/python3.12/site-packages/airflow/example_dags/example_dynamic_task_mapping_with_no_taskflow_operators.py
[2025-06-20T15:14:53.291+0000] {processor.py:830} INFO - Processing file /home/airflow/.local/lib/python3.12/site-packages/airflow/example_dags/example_dynamic_task_mapping_with_no_taskflow_operators.py for tasks to queue
[2025-06-20T15:14:53.293+0000] {logging_mixin.py:188} INFO - [2025-06-20T15:14:53.293+0000] {dagbag.py:540} INFO - Filling up the DagBag from /home/airflow/.local/lib/python3.12/site-packages/airflow/example_dags/example_dynamic_task_mapping_with_no_taskflow_operators.py
[2025-06-20T15:14:53.299+0000] {processor.py:840} INFO - DAG(s) 'example_dynamic_task_mapping_with_no_taskflow_operators' retrieved from /home/airflow/.local/lib/python3.12/site-packages/airflow/example_dags/example_dynamic_task_mapping_with_no_taskflow_operators.py
[2025-06-20T15:14:53.319+0000] {logging_mixin.py:188} INFO - [2025-06-20T15:14:53.319+0000] {dag.py:3096} INFO - Sync 1 DAGs
[2025-06-20T15:14:53.340+0000] {logging_mixin.py:188} INFO - [2025-06-20T15:14:53.340+0000] {dag.py:3954} INFO - Setting next_dagrun for example_dynamic_task_mapping_with_no_taskflow_operators to 2025-06-19 00:00:00+00:00, run_after=2025-06-20 00:00:00+00:00
[2025-06-20T15:14:53.357+0000] {processor.py:183} INFO - Processing /home/airflow/.local/lib/python3.12/site-packages/airflow/example_dags/example_dynamic_task_mapping_with_no_taskflow_operators.py took 0.073 seconds
[2025-06-20T15:15:23.574+0000] {processor.py:161} INFO - Started process (PID=4780) to work on /home/airflow/.local/lib/python3.12/site-packages/airflow/example_dags/example_dynamic_task_mapping_with_no_taskflow_operators.py
[2025-06-20T15:15:23.575+0000] {processor.py:830} INFO - Processing file /home/airflow/.local/lib/python3.12/site-packages/airflow/example_dags/example_dynamic_task_mapping_with_no_taskflow_operators.py for tasks to queue
[2025-06-20T15:15:23.577+0000] {logging_mixin.py:188} INFO - [2025-06-20T15:15:23.577+0000] {dagbag.py:540} INFO - Filling up the DagBag from /home/airflow/.local/lib/python3.12/site-packages/airflow/example_dags/example_dynamic_task_mapping_with_no_taskflow_operators.py
[2025-06-20T15:15:23.584+0000] {processor.py:840} INFO - DAG(s) 'example_dynamic_task_mapping_with_no_taskflow_operators' retrieved from /home/airflow/.local/lib/python3.12/site-packages/airflow/example_dags/example_dynamic_task_mapping_with_no_taskflow_operators.py
[2025-06-20T15:15:23.603+0000] {logging_mixin.py:188} INFO - [2025-06-20T15:15:23.602+0000] {dag.py:3096} INFO - Sync 1 DAGs
[2025-06-20T15:15:23.624+0000] {logging_mixin.py:188} INFO - [2025-06-20T15:15:23.624+0000] {dag.py:3954} INFO - Setting next_dagrun for example_dynamic_task_mapping_with_no_taskflow_operators to 2025-06-19 00:00:00+00:00, run_after=2025-06-20 00:00:00+00:00
[2025-06-20T15:15:23.640+0000] {processor.py:183} INFO - Processing /home/airflow/.local/lib/python3.12/site-packages/airflow/example_dags/example_dynamic_task_mapping_with_no_taskflow_operators.py took 0.071 seconds
[2025-06-20T15:15:54.293+0000] {processor.py:161} INFO - Started process (PID=4839) to work on /home/airflow/.local/lib/python3.12/site-packages/airflow/example_dags/example_dynamic_task_mapping_with_no_taskflow_operators.py
[2025-06-20T15:15:54.294+0000] {processor.py:830} INFO - Processing file /home/airflow/.local/lib/python3.12/site-packages/airflow/example_dags/example_dynamic_task_mapping_with_no_taskflow_operators.py for tasks to queue
[2025-06-20T15:15:54.296+0000] {logging_mixin.py:188} INFO - [2025-06-20T15:15:54.296+0000] {dagbag.py:540} INFO - Filling up the DagBag from /home/airflow/.local/lib/python3.12/site-packages/airflow/example_dags/example_dynamic_task_mapping_with_no_taskflow_operators.py
[2025-06-20T15:15:54.303+0000] {processor.py:840} INFO - DAG(s) 'example_dynamic_task_mapping_with_no_taskflow_operators' retrieved from /home/airflow/.local/lib/python3.12/site-packages/airflow/example_dags/example_dynamic_task_mapping_with_no_taskflow_operators.py
[2025-06-20T15:15:54.327+0000] {logging_mixin.py:188} INFO - [2025-06-20T15:15:54.327+0000] {dag.py:3096} INFO - Sync 1 DAGs
[2025-06-20T15:15:54.347+0000] {logging_mixin.py:188} INFO - [2025-06-20T15:15:54.347+0000] {dag.py:3954} INFO - Setting next_dagrun for example_dynamic_task_mapping_with_no_taskflow_operators to 2025-06-19 00:00:00+00:00, run_after=2025-06-20 00:00:00+00:00
[2025-06-20T15:15:54.363+0000] {processor.py:183} INFO - Processing /home/airflow/.local/lib/python3.12/site-packages/airflow/example_dags/example_dynamic_task_mapping_with_no_taskflow_operators.py took 0.077 seconds
[2025-06-20T15:16:25.069+0000] {processor.py:161} INFO - Started process (PID=4904) to work on /home/airflow/.local/lib/python3.12/site-packages/airflow/example_dags/example_dynamic_task_mapping_with_no_taskflow_operators.py
[2025-06-20T15:16:25.070+0000] {processor.py:830} INFO - Processing file /home/airflow/.local/lib/python3.12/site-packages/airflow/example_dags/example_dynamic_task_mapping_with_no_taskflow_operators.py for tasks to queue
[2025-06-20T15:16:25.072+0000] {logging_mixin.py:188} INFO - [2025-06-20T15:16:25.071+0000] {dagbag.py:540} INFO - Filling up the DagBag from /home/airflow/.local/lib/python3.12/site-packages/airflow/example_dags/example_dynamic_task_mapping_with_no_taskflow_operators.py
[2025-06-20T15:16:25.078+0000] {processor.py:840} INFO - DAG(s) 'example_dynamic_task_mapping_with_no_taskflow_operators' retrieved from /home/airflow/.local/lib/python3.12/site-packages/airflow/example_dags/example_dynamic_task_mapping_with_no_taskflow_operators.py
[2025-06-20T15:16:25.097+0000] {logging_mixin.py:188} INFO - [2025-06-20T15:16:25.097+0000] {dag.py:3096} INFO - Sync 1 DAGs
[2025-06-20T15:16:25.118+0000] {logging_mixin.py:188} INFO - [2025-06-20T15:16:25.118+0000] {dag.py:3954} INFO - Setting next_dagrun for example_dynamic_task_mapping_with_no_taskflow_operators to 2025-06-19 00:00:00+00:00, run_after=2025-06-20 00:00:00+00:00
[2025-06-20T15:16:25.136+0000] {processor.py:183} INFO - Processing /home/airflow/.local/lib/python3.12/site-packages/airflow/example_dags/example_dynamic_task_mapping_with_no_taskflow_operators.py took 0.073 seconds
[2025-06-20T15:16:55.794+0000] {processor.py:161} INFO - Started process (PID=4963) to work on /home/airflow/.local/lib/python3.12/site-packages/airflow/example_dags/example_dynamic_task_mapping_with_no_taskflow_operators.py
[2025-06-20T15:16:55.795+0000] {processor.py:830} INFO - Processing file /home/airflow/.local/lib/python3.12/site-packages/airflow/example_dags/example_dynamic_task_mapping_with_no_taskflow_operators.py for tasks to queue
[2025-06-20T15:16:55.797+0000] {logging_mixin.py:188} INFO - [2025-06-20T15:16:55.797+0000] {dagbag.py:540} INFO - Filling up the DagBag from /home/airflow/.local/lib/python3.12/site-packages/airflow/example_dags/example_dynamic_task_mapping_with_no_taskflow_operators.py
[2025-06-20T15:16:55.806+0000] {processor.py:840} INFO - DAG(s) 'example_dynamic_task_mapping_with_no_taskflow_operators' retrieved from /home/airflow/.local/lib/python3.12/site-packages/airflow/example_dags/example_dynamic_task_mapping_with_no_taskflow_operators.py
[2025-06-20T15:16:55.826+0000] {logging_mixin.py:188} INFO - [2025-06-20T15:16:55.826+0000] {dag.py:3096} INFO - Sync 1 DAGs
[2025-06-20T15:16:55.848+0000] {logging_mixin.py:188} INFO - [2025-06-20T15:16:55.848+0000] {dag.py:3954} INFO - Setting next_dagrun for example_dynamic_task_mapping_with_no_taskflow_operators to 2025-06-19 00:00:00+00:00, run_after=2025-06-20 00:00:00+00:00
[2025-06-20T15:16:55.866+0000] {processor.py:183} INFO - Processing /home/airflow/.local/lib/python3.12/site-packages/airflow/example_dags/example_dynamic_task_mapping_with_no_taskflow_operators.py took 0.078 seconds
[2025-06-20T15:17:26.151+0000] {processor.py:161} INFO - Started process (PID=5022) to work on /home/airflow/.local/lib/python3.12/site-packages/airflow/example_dags/example_dynamic_task_mapping_with_no_taskflow_operators.py
[2025-06-20T15:17:26.152+0000] {processor.py:830} INFO - Processing file /home/airflow/.local/lib/python3.12/site-packages/airflow/example_dags/example_dynamic_task_mapping_with_no_taskflow_operators.py for tasks to queue
[2025-06-20T15:17:26.154+0000] {logging_mixin.py:188} INFO - [2025-06-20T15:17:26.153+0000] {dagbag.py:540} INFO - Filling up the DagBag from /home/airflow/.local/lib/python3.12/site-packages/airflow/example_dags/example_dynamic_task_mapping_with_no_taskflow_operators.py
[2025-06-20T15:17:26.160+0000] {processor.py:840} INFO - DAG(s) 'example_dynamic_task_mapping_with_no_taskflow_operators' retrieved from /home/airflow/.local/lib/python3.12/site-packages/airflow/example_dags/example_dynamic_task_mapping_with_no_taskflow_operators.py
[2025-06-20T15:17:26.179+0000] {logging_mixin.py:188} INFO - [2025-06-20T15:17:26.178+0000] {dag.py:3096} INFO - Sync 1 DAGs
[2025-06-20T15:17:26.198+0000] {logging_mixin.py:188} INFO - [2025-06-20T15:17:26.198+0000] {dag.py:3954} INFO - Setting next_dagrun for example_dynamic_task_mapping_with_no_taskflow_operators to 2025-06-19 00:00:00+00:00, run_after=2025-06-20 00:00:00+00:00
[2025-06-20T15:17:26.213+0000] {processor.py:183} INFO - Processing /home/airflow/.local/lib/python3.12/site-packages/airflow/example_dags/example_dynamic_task_mapping_with_no_taskflow_operators.py took 0.068 seconds
[2025-06-20T15:17:56.375+0000] {processor.py:161} INFO - Started process (PID=5081) to work on /home/airflow/.local/lib/python3.12/site-packages/airflow/example_dags/example_dynamic_task_mapping_with_no_taskflow_operators.py
[2025-06-20T15:17:56.376+0000] {processor.py:830} INFO - Processing file /home/airflow/.local/lib/python3.12/site-packages/airflow/example_dags/example_dynamic_task_mapping_with_no_taskflow_operators.py for tasks to queue
[2025-06-20T15:17:56.378+0000] {logging_mixin.py:188} INFO - [2025-06-20T15:17:56.377+0000] {dagbag.py:540} INFO - Filling up the DagBag from /home/airflow/.local/lib/python3.12/site-packages/airflow/example_dags/example_dynamic_task_mapping_with_no_taskflow_operators.py
[2025-06-20T15:17:56.384+0000] {processor.py:840} INFO - DAG(s) 'example_dynamic_task_mapping_with_no_taskflow_operators' retrieved from /home/airflow/.local/lib/python3.12/site-packages/airflow/example_dags/example_dynamic_task_mapping_with_no_taskflow_operators.py
[2025-06-20T15:17:56.402+0000] {logging_mixin.py:188} INFO - [2025-06-20T15:17:56.402+0000] {dag.py:3096} INFO - Sync 1 DAGs
[2025-06-20T15:17:56.422+0000] {logging_mixin.py:188} INFO - [2025-06-20T15:17:56.422+0000] {dag.py:3954} INFO - Setting next_dagrun for example_dynamic_task_mapping_with_no_taskflow_operators to 2025-06-19 00:00:00+00:00, run_after=2025-06-20 00:00:00+00:00
[2025-06-20T15:17:56.437+0000] {processor.py:183} INFO - Processing /home/airflow/.local/lib/python3.12/site-packages/airflow/example_dags/example_dynamic_task_mapping_with_no_taskflow_operators.py took 0.068 seconds
[2025-06-20T15:18:27.240+0000] {processor.py:161} INFO - Started process (PID=5141) to work on /home/airflow/.local/lib/python3.12/site-packages/airflow/example_dags/example_dynamic_task_mapping_with_no_taskflow_operators.py
[2025-06-20T15:18:27.241+0000] {processor.py:830} INFO - Processing file /home/airflow/.local/lib/python3.12/site-packages/airflow/example_dags/example_dynamic_task_mapping_with_no_taskflow_operators.py for tasks to queue
[2025-06-20T15:18:27.243+0000] {logging_mixin.py:188} INFO - [2025-06-20T15:18:27.243+0000] {dagbag.py:540} INFO - Filling up the DagBag from /home/airflow/.local/lib/python3.12/site-packages/airflow/example_dags/example_dynamic_task_mapping_with_no_taskflow_operators.py
[2025-06-20T15:18:27.250+0000] {processor.py:840} INFO - DAG(s) 'example_dynamic_task_mapping_with_no_taskflow_operators' retrieved from /home/airflow/.local/lib/python3.12/site-packages/airflow/example_dags/example_dynamic_task_mapping_with_no_taskflow_operators.py
[2025-06-20T15:18:27.270+0000] {logging_mixin.py:188} INFO - [2025-06-20T15:18:27.269+0000] {dag.py:3096} INFO - Sync 1 DAGs
[2025-06-20T15:18:27.290+0000] {logging_mixin.py:188} INFO - [2025-06-20T15:18:27.290+0000] {dag.py:3954} INFO - Setting next_dagrun for example_dynamic_task_mapping_with_no_taskflow_operators to 2025-06-19 00:00:00+00:00, run_after=2025-06-20 00:00:00+00:00
[2025-06-20T15:18:27.306+0000] {processor.py:183} INFO - Processing /home/airflow/.local/lib/python3.12/site-packages/airflow/example_dags/example_dynamic_task_mapping_with_no_taskflow_operators.py took 0.072 seconds
[2025-06-20T15:18:57.441+0000] {processor.py:161} INFO - Started process (PID=5200) to work on /home/airflow/.local/lib/python3.12/site-packages/airflow/example_dags/example_dynamic_task_mapping_with_no_taskflow_operators.py
[2025-06-20T15:18:57.441+0000] {processor.py:830} INFO - Processing file /home/airflow/.local/lib/python3.12/site-packages/airflow/example_dags/example_dynamic_task_mapping_with_no_taskflow_operators.py for tasks to queue
[2025-06-20T15:18:57.443+0000] {logging_mixin.py:188} INFO - [2025-06-20T15:18:57.443+0000] {dagbag.py:540} INFO - Filling up the DagBag from /home/airflow/.local/lib/python3.12/site-packages/airflow/example_dags/example_dynamic_task_mapping_with_no_taskflow_operators.py
[2025-06-20T15:18:57.450+0000] {processor.py:840} INFO - DAG(s) 'example_dynamic_task_mapping_with_no_taskflow_operators' retrieved from /home/airflow/.local/lib/python3.12/site-packages/airflow/example_dags/example_dynamic_task_mapping_with_no_taskflow_operators.py
[2025-06-20T15:18:57.469+0000] {logging_mixin.py:188} INFO - [2025-06-20T15:18:57.469+0000] {dag.py:3096} INFO - Sync 1 DAGs
[2025-06-20T15:18:57.489+0000] {logging_mixin.py:188} INFO - [2025-06-20T15:18:57.488+0000] {dag.py:3954} INFO - Setting next_dagrun for example_dynamic_task_mapping_with_no_taskflow_operators to 2025-06-19 00:00:00+00:00, run_after=2025-06-20 00:00:00+00:00
[2025-06-20T15:18:57.504+0000] {processor.py:183} INFO - Processing /home/airflow/.local/lib/python3.12/site-packages/airflow/example_dags/example_dynamic_task_mapping_with_no_taskflow_operators.py took 0.070 seconds
[2025-06-20T15:19:27.699+0000] {processor.py:161} INFO - Started process (PID=5259) to work on /home/airflow/.local/lib/python3.12/site-packages/airflow/example_dags/example_dynamic_task_mapping_with_no_taskflow_operators.py
[2025-06-20T15:19:27.700+0000] {processor.py:830} INFO - Processing file /home/airflow/.local/lib/python3.12/site-packages/airflow/example_dags/example_dynamic_task_mapping_with_no_taskflow_operators.py for tasks to queue
[2025-06-20T15:19:27.702+0000] {logging_mixin.py:188} INFO - [2025-06-20T15:19:27.701+0000] {dagbag.py:540} INFO - Filling up the DagBag from /home/airflow/.local/lib/python3.12/site-packages/airflow/example_dags/example_dynamic_task_mapping_with_no_taskflow_operators.py
[2025-06-20T15:19:27.708+0000] {processor.py:840} INFO - DAG(s) 'example_dynamic_task_mapping_with_no_taskflow_operators' retrieved from /home/airflow/.local/lib/python3.12/site-packages/airflow/example_dags/example_dynamic_task_mapping_with_no_taskflow_operators.py
[2025-06-20T15:19:27.727+0000] {logging_mixin.py:188} INFO - [2025-06-20T15:19:27.727+0000] {dag.py:3096} INFO - Sync 1 DAGs
[2025-06-20T15:19:27.748+0000] {logging_mixin.py:188} INFO - [2025-06-20T15:19:27.748+0000] {dag.py:3954} INFO - Setting next_dagrun for example_dynamic_task_mapping_with_no_taskflow_operators to 2025-06-19 00:00:00+00:00, run_after=2025-06-20 00:00:00+00:00
[2025-06-20T15:19:27.763+0000] {processor.py:183} INFO - Processing /home/airflow/.local/lib/python3.12/site-packages/airflow/example_dags/example_dynamic_task_mapping_with_no_taskflow_operators.py took 0.071 seconds
[2025-06-20T15:19:57.961+0000] {processor.py:161} INFO - Started process (PID=5318) to work on /home/airflow/.local/lib/python3.12/site-packages/airflow/example_dags/example_dynamic_task_mapping_with_no_taskflow_operators.py
[2025-06-20T15:19:57.962+0000] {processor.py:830} INFO - Processing file /home/airflow/.local/lib/python3.12/site-packages/airflow/example_dags/example_dynamic_task_mapping_with_no_taskflow_operators.py for tasks to queue
[2025-06-20T15:19:57.963+0000] {logging_mixin.py:188} INFO - [2025-06-20T15:19:57.963+0000] {dagbag.py:540} INFO - Filling up the DagBag from /home/airflow/.local/lib/python3.12/site-packages/airflow/example_dags/example_dynamic_task_mapping_with_no_taskflow_operators.py
[2025-06-20T15:19:57.970+0000] {processor.py:840} INFO - DAG(s) 'example_dynamic_task_mapping_with_no_taskflow_operators' retrieved from /home/airflow/.local/lib/python3.12/site-packages/airflow/example_dags/example_dynamic_task_mapping_with_no_taskflow_operators.py
[2025-06-20T15:19:57.989+0000] {logging_mixin.py:188} INFO - [2025-06-20T15:19:57.989+0000] {dag.py:3096} INFO - Sync 1 DAGs
[2025-06-20T15:19:58.009+0000] {logging_mixin.py:188} INFO - [2025-06-20T15:19:58.009+0000] {dag.py:3954} INFO - Setting next_dagrun for example_dynamic_task_mapping_with_no_taskflow_operators to 2025-06-19 00:00:00+00:00, run_after=2025-06-20 00:00:00+00:00
[2025-06-20T15:19:58.025+0000] {processor.py:183} INFO - Processing /home/airflow/.local/lib/python3.12/site-packages/airflow/example_dags/example_dynamic_task_mapping_with_no_taskflow_operators.py took 0.071 seconds
[2025-06-20T15:20:28.341+0000] {processor.py:161} INFO - Started process (PID=5377) to work on /home/airflow/.local/lib/python3.12/site-packages/airflow/example_dags/example_dynamic_task_mapping_with_no_taskflow_operators.py
[2025-06-20T15:20:28.342+0000] {processor.py:830} INFO - Processing file /home/airflow/.local/lib/python3.12/site-packages/airflow/example_dags/example_dynamic_task_mapping_with_no_taskflow_operators.py for tasks to queue
[2025-06-20T15:20:28.344+0000] {logging_mixin.py:188} INFO - [2025-06-20T15:20:28.343+0000] {dagbag.py:540} INFO - Filling up the DagBag from /home/airflow/.local/lib/python3.12/site-packages/airflow/example_dags/example_dynamic_task_mapping_with_no_taskflow_operators.py
[2025-06-20T15:20:28.350+0000] {processor.py:840} INFO - DAG(s) 'example_dynamic_task_mapping_with_no_taskflow_operators' retrieved from /home/airflow/.local/lib/python3.12/site-packages/airflow/example_dags/example_dynamic_task_mapping_with_no_taskflow_operators.py
[2025-06-20T15:20:28.368+0000] {logging_mixin.py:188} INFO - [2025-06-20T15:20:28.368+0000] {dag.py:3096} INFO - Sync 1 DAGs
[2025-06-20T15:20:28.391+0000] {logging_mixin.py:188} INFO - [2025-06-20T15:20:28.391+0000] {dag.py:3954} INFO - Setting next_dagrun for example_dynamic_task_mapping_with_no_taskflow_operators to 2025-06-19 00:00:00+00:00, run_after=2025-06-20 00:00:00+00:00
[2025-06-20T15:20:28.406+0000] {processor.py:183} INFO - Processing /home/airflow/.local/lib/python3.12/site-packages/airflow/example_dags/example_dynamic_task_mapping_with_no_taskflow_operators.py took 0.071 seconds
[2025-06-20T15:20:58.476+0000] {processor.py:161} INFO - Started process (PID=5436) to work on /home/airflow/.local/lib/python3.12/site-packages/airflow/example_dags/example_dynamic_task_mapping_with_no_taskflow_operators.py
[2025-06-20T15:20:58.477+0000] {processor.py:830} INFO - Processing file /home/airflow/.local/lib/python3.12/site-packages/airflow/example_dags/example_dynamic_task_mapping_with_no_taskflow_operators.py for tasks to queue
[2025-06-20T15:20:58.479+0000] {logging_mixin.py:188} INFO - [2025-06-20T15:20:58.478+0000] {dagbag.py:540} INFO - Filling up the DagBag from /home/airflow/.local/lib/python3.12/site-packages/airflow/example_dags/example_dynamic_task_mapping_with_no_taskflow_operators.py
[2025-06-20T15:20:58.485+0000] {processor.py:840} INFO - DAG(s) 'example_dynamic_task_mapping_with_no_taskflow_operators' retrieved from /home/airflow/.local/lib/python3.12/site-packages/airflow/example_dags/example_dynamic_task_mapping_with_no_taskflow_operators.py
[2025-06-20T15:20:58.504+0000] {logging_mixin.py:188} INFO - [2025-06-20T15:20:58.504+0000] {dag.py:3096} INFO - Sync 1 DAGs
[2025-06-20T15:20:58.524+0000] {logging_mixin.py:188} INFO - [2025-06-20T15:20:58.524+0000] {dag.py:3954} INFO - Setting next_dagrun for example_dynamic_task_mapping_with_no_taskflow_operators to 2025-06-19 00:00:00+00:00, run_after=2025-06-20 00:00:00+00:00
[2025-06-20T15:20:58.539+0000] {processor.py:183} INFO - Processing /home/airflow/.local/lib/python3.12/site-packages/airflow/example_dags/example_dynamic_task_mapping_with_no_taskflow_operators.py took 0.069 seconds
[2025-06-20T15:21:28.881+0000] {processor.py:161} INFO - Started process (PID=5495) to work on /home/airflow/.local/lib/python3.12/site-packages/airflow/example_dags/example_dynamic_task_mapping_with_no_taskflow_operators.py
[2025-06-20T15:21:28.882+0000] {processor.py:830} INFO - Processing file /home/airflow/.local/lib/python3.12/site-packages/airflow/example_dags/example_dynamic_task_mapping_with_no_taskflow_operators.py for tasks to queue
[2025-06-20T15:21:28.884+0000] {logging_mixin.py:188} INFO - [2025-06-20T15:21:28.884+0000] {dagbag.py:540} INFO - Filling up the DagBag from /home/airflow/.local/lib/python3.12/site-packages/airflow/example_dags/example_dynamic_task_mapping_with_no_taskflow_operators.py
[2025-06-20T15:21:28.890+0000] {processor.py:840} INFO - DAG(s) 'example_dynamic_task_mapping_with_no_taskflow_operators' retrieved from /home/airflow/.local/lib/python3.12/site-packages/airflow/example_dags/example_dynamic_task_mapping_with_no_taskflow_operators.py
[2025-06-20T15:21:28.909+0000] {logging_mixin.py:188} INFO - [2025-06-20T15:21:28.909+0000] {dag.py:3096} INFO - Sync 1 DAGs
[2025-06-20T15:21:28.932+0000] {logging_mixin.py:188} INFO - [2025-06-20T15:21:28.932+0000] {dag.py:3954} INFO - Setting next_dagrun for example_dynamic_task_mapping_with_no_taskflow_operators to 2025-06-19 00:00:00+00:00, run_after=2025-06-20 00:00:00+00:00
[2025-06-20T15:21:28.948+0000] {processor.py:183} INFO - Processing /home/airflow/.local/lib/python3.12/site-packages/airflow/example_dags/example_dynamic_task_mapping_with_no_taskflow_operators.py took 0.074 seconds
[2025-06-20T15:21:59.031+0000] {processor.py:161} INFO - Started process (PID=5554) to work on /home/airflow/.local/lib/python3.12/site-packages/airflow/example_dags/example_dynamic_task_mapping_with_no_taskflow_operators.py
[2025-06-20T15:21:59.032+0000] {processor.py:830} INFO - Processing file /home/airflow/.local/lib/python3.12/site-packages/airflow/example_dags/example_dynamic_task_mapping_with_no_taskflow_operators.py for tasks to queue
[2025-06-20T15:21:59.034+0000] {logging_mixin.py:188} INFO - [2025-06-20T15:21:59.033+0000] {dagbag.py:540} INFO - Filling up the DagBag from /home/airflow/.local/lib/python3.12/site-packages/airflow/example_dags/example_dynamic_task_mapping_with_no_taskflow_operators.py
[2025-06-20T15:21:59.040+0000] {processor.py:840} INFO - DAG(s) 'example_dynamic_task_mapping_with_no_taskflow_operators' retrieved from /home/airflow/.local/lib/python3.12/site-packages/airflow/example_dags/example_dynamic_task_mapping_with_no_taskflow_operators.py
[2025-06-20T15:21:59.059+0000] {logging_mixin.py:188} INFO - [2025-06-20T15:21:59.059+0000] {dag.py:3096} INFO - Sync 1 DAGs
[2025-06-20T15:21:59.080+0000] {logging_mixin.py:188} INFO - [2025-06-20T15:21:59.079+0000] {dag.py:3954} INFO - Setting next_dagrun for example_dynamic_task_mapping_with_no_taskflow_operators to 2025-06-19 00:00:00+00:00, run_after=2025-06-20 00:00:00+00:00
[2025-06-20T15:21:59.095+0000] {processor.py:183} INFO - Processing /home/airflow/.local/lib/python3.12/site-packages/airflow/example_dags/example_dynamic_task_mapping_with_no_taskflow_operators.py took 0.071 seconds
[2025-06-20T15:22:29.442+0000] {processor.py:161} INFO - Started process (PID=5613) to work on /home/airflow/.local/lib/python3.12/site-packages/airflow/example_dags/example_dynamic_task_mapping_with_no_taskflow_operators.py
[2025-06-20T15:22:29.442+0000] {processor.py:830} INFO - Processing file /home/airflow/.local/lib/python3.12/site-packages/airflow/example_dags/example_dynamic_task_mapping_with_no_taskflow_operators.py for tasks to queue
[2025-06-20T15:22:29.444+0000] {logging_mixin.py:188} INFO - [2025-06-20T15:22:29.444+0000] {dagbag.py:540} INFO - Filling up the DagBag from /home/airflow/.local/lib/python3.12/site-packages/airflow/example_dags/example_dynamic_task_mapping_with_no_taskflow_operators.py
[2025-06-20T15:22:29.451+0000] {processor.py:840} INFO - DAG(s) 'example_dynamic_task_mapping_with_no_taskflow_operators' retrieved from /home/airflow/.local/lib/python3.12/site-packages/airflow/example_dags/example_dynamic_task_mapping_with_no_taskflow_operators.py
[2025-06-20T15:22:29.469+0000] {logging_mixin.py:188} INFO - [2025-06-20T15:22:29.469+0000] {dag.py:3096} INFO - Sync 1 DAGs
[2025-06-20T15:22:29.490+0000] {logging_mixin.py:188} INFO - [2025-06-20T15:22:29.490+0000] {dag.py:3954} INFO - Setting next_dagrun for example_dynamic_task_mapping_with_no_taskflow_operators to 2025-06-19 00:00:00+00:00, run_after=2025-06-20 00:00:00+00:00
[2025-06-20T15:22:29.505+0000] {processor.py:183} INFO - Processing /home/airflow/.local/lib/python3.12/site-packages/airflow/example_dags/example_dynamic_task_mapping_with_no_taskflow_operators.py took 0.070 seconds
[2025-06-20T15:22:59.674+0000] {processor.py:161} INFO - Started process (PID=5672) to work on /home/airflow/.local/lib/python3.12/site-packages/airflow/example_dags/example_dynamic_task_mapping_with_no_taskflow_operators.py
[2025-06-20T15:22:59.675+0000] {processor.py:830} INFO - Processing file /home/airflow/.local/lib/python3.12/site-packages/airflow/example_dags/example_dynamic_task_mapping_with_no_taskflow_operators.py for tasks to queue
[2025-06-20T15:22:59.676+0000] {logging_mixin.py:188} INFO - [2025-06-20T15:22:59.676+0000] {dagbag.py:540} INFO - Filling up the DagBag from /home/airflow/.local/lib/python3.12/site-packages/airflow/example_dags/example_dynamic_task_mapping_with_no_taskflow_operators.py
[2025-06-20T15:22:59.682+0000] {processor.py:840} INFO - DAG(s) 'example_dynamic_task_mapping_with_no_taskflow_operators' retrieved from /home/airflow/.local/lib/python3.12/site-packages/airflow/example_dags/example_dynamic_task_mapping_with_no_taskflow_operators.py
[2025-06-20T15:22:59.701+0000] {logging_mixin.py:188} INFO - [2025-06-20T15:22:59.701+0000] {dag.py:3096} INFO - Sync 1 DAGs
[2025-06-20T15:22:59.724+0000] {logging_mixin.py:188} INFO - [2025-06-20T15:22:59.724+0000] {dag.py:3954} INFO - Setting next_dagrun for example_dynamic_task_mapping_with_no_taskflow_operators to 2025-06-19 00:00:00+00:00, run_after=2025-06-20 00:00:00+00:00
[2025-06-20T15:22:59.739+0000] {processor.py:183} INFO - Processing /home/airflow/.local/lib/python3.12/site-packages/airflow/example_dags/example_dynamic_task_mapping_with_no_taskflow_operators.py took 0.072 seconds
[2025-06-20T15:23:30.014+0000] {processor.py:161} INFO - Started process (PID=5731) to work on /home/airflow/.local/lib/python3.12/site-packages/airflow/example_dags/example_dynamic_task_mapping_with_no_taskflow_operators.py
[2025-06-20T15:23:30.014+0000] {processor.py:830} INFO - Processing file /home/airflow/.local/lib/python3.12/site-packages/airflow/example_dags/example_dynamic_task_mapping_with_no_taskflow_operators.py for tasks to queue
[2025-06-20T15:23:30.016+0000] {logging_mixin.py:188} INFO - [2025-06-20T15:23:30.016+0000] {dagbag.py:540} INFO - Filling up the DagBag from /home/airflow/.local/lib/python3.12/site-packages/airflow/example_dags/example_dynamic_task_mapping_with_no_taskflow_operators.py
[2025-06-20T15:23:30.023+0000] {processor.py:840} INFO - DAG(s) 'example_dynamic_task_mapping_with_no_taskflow_operators' retrieved from /home/airflow/.local/lib/python3.12/site-packages/airflow/example_dags/example_dynamic_task_mapping_with_no_taskflow_operators.py
[2025-06-20T15:23:30.044+0000] {logging_mixin.py:188} INFO - [2025-06-20T15:23:30.044+0000] {dag.py:3096} INFO - Sync 1 DAGs
[2025-06-20T15:23:30.067+0000] {logging_mixin.py:188} INFO - [2025-06-20T15:23:30.067+0000] {dag.py:3954} INFO - Setting next_dagrun for example_dynamic_task_mapping_with_no_taskflow_operators to 2025-06-19 00:00:00+00:00, run_after=2025-06-20 00:00:00+00:00
[2025-06-20T15:23:30.083+0000] {processor.py:183} INFO - Processing /home/airflow/.local/lib/python3.12/site-packages/airflow/example_dags/example_dynamic_task_mapping_with_no_taskflow_operators.py took 0.076 seconds
[2025-06-20T15:24:00.687+0000] {processor.py:161} INFO - Started process (PID=5788) to work on /home/airflow/.local/lib/python3.12/site-packages/airflow/example_dags/example_dynamic_task_mapping_with_no_taskflow_operators.py
[2025-06-20T15:24:00.688+0000] {processor.py:830} INFO - Processing file /home/airflow/.local/lib/python3.12/site-packages/airflow/example_dags/example_dynamic_task_mapping_with_no_taskflow_operators.py for tasks to queue
[2025-06-20T15:24:00.690+0000] {logging_mixin.py:188} INFO - [2025-06-20T15:24:00.690+0000] {dagbag.py:540} INFO - Filling up the DagBag from /home/airflow/.local/lib/python3.12/site-packages/airflow/example_dags/example_dynamic_task_mapping_with_no_taskflow_operators.py
[2025-06-20T15:24:00.696+0000] {processor.py:840} INFO - DAG(s) 'example_dynamic_task_mapping_with_no_taskflow_operators' retrieved from /home/airflow/.local/lib/python3.12/site-packages/airflow/example_dags/example_dynamic_task_mapping_with_no_taskflow_operators.py
[2025-06-20T15:24:00.715+0000] {logging_mixin.py:188} INFO - [2025-06-20T15:24:00.715+0000] {dag.py:3096} INFO - Sync 1 DAGs
[2025-06-20T15:24:00.737+0000] {logging_mixin.py:188} INFO - [2025-06-20T15:24:00.737+0000] {dag.py:3954} INFO - Setting next_dagrun for example_dynamic_task_mapping_with_no_taskflow_operators to 2025-06-19 00:00:00+00:00, run_after=2025-06-20 00:00:00+00:00
[2025-06-20T15:24:00.752+0000] {processor.py:183} INFO - Processing /home/airflow/.local/lib/python3.12/site-packages/airflow/example_dags/example_dynamic_task_mapping_with_no_taskflow_operators.py took 0.071 seconds
[2025-06-20T15:24:30.935+0000] {processor.py:161} INFO - Started process (PID=5847) to work on /home/airflow/.local/lib/python3.12/site-packages/airflow/example_dags/example_dynamic_task_mapping_with_no_taskflow_operators.py
[2025-06-20T15:24:30.936+0000] {processor.py:830} INFO - Processing file /home/airflow/.local/lib/python3.12/site-packages/airflow/example_dags/example_dynamic_task_mapping_with_no_taskflow_operators.py for tasks to queue
[2025-06-20T15:24:30.937+0000] {logging_mixin.py:188} INFO - [2025-06-20T15:24:30.937+0000] {dagbag.py:540} INFO - Filling up the DagBag from /home/airflow/.local/lib/python3.12/site-packages/airflow/example_dags/example_dynamic_task_mapping_with_no_taskflow_operators.py
[2025-06-20T15:24:30.943+0000] {processor.py:840} INFO - DAG(s) 'example_dynamic_task_mapping_with_no_taskflow_operators' retrieved from /home/airflow/.local/lib/python3.12/site-packages/airflow/example_dags/example_dynamic_task_mapping_with_no_taskflow_operators.py
[2025-06-20T15:24:30.961+0000] {logging_mixin.py:188} INFO - [2025-06-20T15:24:30.961+0000] {dag.py:3096} INFO - Sync 1 DAGs
[2025-06-20T15:24:30.981+0000] {logging_mixin.py:188} INFO - [2025-06-20T15:24:30.981+0000] {dag.py:3954} INFO - Setting next_dagrun for example_dynamic_task_mapping_with_no_taskflow_operators to 2025-06-19 00:00:00+00:00, run_after=2025-06-20 00:00:00+00:00
[2025-06-20T15:24:30.996+0000] {processor.py:183} INFO - Processing /home/airflow/.local/lib/python3.12/site-packages/airflow/example_dags/example_dynamic_task_mapping_with_no_taskflow_operators.py took 0.067 seconds
[2025-06-20T15:25:01.333+0000] {processor.py:161} INFO - Started process (PID=5906) to work on /home/airflow/.local/lib/python3.12/site-packages/airflow/example_dags/example_dynamic_task_mapping_with_no_taskflow_operators.py
[2025-06-20T15:25:01.334+0000] {processor.py:830} INFO - Processing file /home/airflow/.local/lib/python3.12/site-packages/airflow/example_dags/example_dynamic_task_mapping_with_no_taskflow_operators.py for tasks to queue
[2025-06-20T15:25:01.336+0000] {logging_mixin.py:188} INFO - [2025-06-20T15:25:01.335+0000] {dagbag.py:540} INFO - Filling up the DagBag from /home/airflow/.local/lib/python3.12/site-packages/airflow/example_dags/example_dynamic_task_mapping_with_no_taskflow_operators.py
[2025-06-20T15:25:01.342+0000] {processor.py:840} INFO - DAG(s) 'example_dynamic_task_mapping_with_no_taskflow_operators' retrieved from /home/airflow/.local/lib/python3.12/site-packages/airflow/example_dags/example_dynamic_task_mapping_with_no_taskflow_operators.py
[2025-06-20T15:25:01.366+0000] {logging_mixin.py:188} INFO - [2025-06-20T15:25:01.365+0000] {dag.py:3096} INFO - Sync 1 DAGs
[2025-06-20T15:25:01.391+0000] {logging_mixin.py:188} INFO - [2025-06-20T15:25:01.390+0000] {dag.py:3954} INFO - Setting next_dagrun for example_dynamic_task_mapping_with_no_taskflow_operators to 2025-06-19 00:00:00+00:00, run_after=2025-06-20 00:00:00+00:00
[2025-06-20T15:25:01.409+0000] {processor.py:183} INFO - Processing /home/airflow/.local/lib/python3.12/site-packages/airflow/example_dags/example_dynamic_task_mapping_with_no_taskflow_operators.py took 0.083 seconds
[2025-06-20T15:25:31.754+0000] {processor.py:161} INFO - Started process (PID=5965) to work on /home/airflow/.local/lib/python3.12/site-packages/airflow/example_dags/example_dynamic_task_mapping_with_no_taskflow_operators.py
[2025-06-20T15:25:31.755+0000] {processor.py:830} INFO - Processing file /home/airflow/.local/lib/python3.12/site-packages/airflow/example_dags/example_dynamic_task_mapping_with_no_taskflow_operators.py for tasks to queue
[2025-06-20T15:25:31.757+0000] {logging_mixin.py:188} INFO - [2025-06-20T15:25:31.756+0000] {dagbag.py:540} INFO - Filling up the DagBag from /home/airflow/.local/lib/python3.12/site-packages/airflow/example_dags/example_dynamic_task_mapping_with_no_taskflow_operators.py
[2025-06-20T15:25:31.763+0000] {processor.py:840} INFO - DAG(s) 'example_dynamic_task_mapping_with_no_taskflow_operators' retrieved from /home/airflow/.local/lib/python3.12/site-packages/airflow/example_dags/example_dynamic_task_mapping_with_no_taskflow_operators.py
[2025-06-20T15:25:31.782+0000] {logging_mixin.py:188} INFO - [2025-06-20T15:25:31.781+0000] {dag.py:3096} INFO - Sync 1 DAGs
[2025-06-20T15:25:31.801+0000] {logging_mixin.py:188} INFO - [2025-06-20T15:25:31.801+0000] {dag.py:3954} INFO - Setting next_dagrun for example_dynamic_task_mapping_with_no_taskflow_operators to 2025-06-19 00:00:00+00:00, run_after=2025-06-20 00:00:00+00:00
[2025-06-20T15:25:31.816+0000] {processor.py:183} INFO - Processing /home/airflow/.local/lib/python3.12/site-packages/airflow/example_dags/example_dynamic_task_mapping_with_no_taskflow_operators.py took 0.069 seconds
[2025-06-20T15:26:02.758+0000] {processor.py:161} INFO - Started process (PID=6024) to work on /home/airflow/.local/lib/python3.12/site-packages/airflow/example_dags/example_dynamic_task_mapping_with_no_taskflow_operators.py
[2025-06-20T15:26:02.759+0000] {processor.py:830} INFO - Processing file /home/airflow/.local/lib/python3.12/site-packages/airflow/example_dags/example_dynamic_task_mapping_with_no_taskflow_operators.py for tasks to queue
[2025-06-20T15:26:02.761+0000] {logging_mixin.py:188} INFO - [2025-06-20T15:26:02.760+0000] {dagbag.py:540} INFO - Filling up the DagBag from /home/airflow/.local/lib/python3.12/site-packages/airflow/example_dags/example_dynamic_task_mapping_with_no_taskflow_operators.py
[2025-06-20T15:26:02.767+0000] {processor.py:840} INFO - DAG(s) 'example_dynamic_task_mapping_with_no_taskflow_operators' retrieved from /home/airflow/.local/lib/python3.12/site-packages/airflow/example_dags/example_dynamic_task_mapping_with_no_taskflow_operators.py
[2025-06-20T15:26:02.785+0000] {logging_mixin.py:188} INFO - [2025-06-20T15:26:02.785+0000] {dag.py:3096} INFO - Sync 1 DAGs
[2025-06-20T15:26:02.805+0000] {logging_mixin.py:188} INFO - [2025-06-20T15:26:02.805+0000] {dag.py:3954} INFO - Setting next_dagrun for example_dynamic_task_mapping_with_no_taskflow_operators to 2025-06-19 00:00:00+00:00, run_after=2025-06-20 00:00:00+00:00
[2025-06-20T15:26:02.820+0000] {processor.py:183} INFO - Processing /home/airflow/.local/lib/python3.12/site-packages/airflow/example_dags/example_dynamic_task_mapping_with_no_taskflow_operators.py took 0.069 seconds
[2025-06-20T15:26:33.077+0000] {processor.py:161} INFO - Started process (PID=6083) to work on /home/airflow/.local/lib/python3.12/site-packages/airflow/example_dags/example_dynamic_task_mapping_with_no_taskflow_operators.py
[2025-06-20T15:26:33.078+0000] {processor.py:830} INFO - Processing file /home/airflow/.local/lib/python3.12/site-packages/airflow/example_dags/example_dynamic_task_mapping_with_no_taskflow_operators.py for tasks to queue
[2025-06-20T15:26:33.080+0000] {logging_mixin.py:188} INFO - [2025-06-20T15:26:33.079+0000] {dagbag.py:540} INFO - Filling up the DagBag from /home/airflow/.local/lib/python3.12/site-packages/airflow/example_dags/example_dynamic_task_mapping_with_no_taskflow_operators.py
[2025-06-20T15:26:33.086+0000] {processor.py:840} INFO - DAG(s) 'example_dynamic_task_mapping_with_no_taskflow_operators' retrieved from /home/airflow/.local/lib/python3.12/site-packages/airflow/example_dags/example_dynamic_task_mapping_with_no_taskflow_operators.py
[2025-06-20T15:26:33.104+0000] {logging_mixin.py:188} INFO - [2025-06-20T15:26:33.104+0000] {dag.py:3096} INFO - Sync 1 DAGs
[2025-06-20T15:26:33.124+0000] {logging_mixin.py:188} INFO - [2025-06-20T15:26:33.123+0000] {dag.py:3954} INFO - Setting next_dagrun for example_dynamic_task_mapping_with_no_taskflow_operators to 2025-06-19 00:00:00+00:00, run_after=2025-06-20 00:00:00+00:00
[2025-06-20T15:26:33.139+0000] {processor.py:183} INFO - Processing /home/airflow/.local/lib/python3.12/site-packages/airflow/example_dags/example_dynamic_task_mapping_with_no_taskflow_operators.py took 0.069 seconds
[2025-06-20T15:27:03.256+0000] {processor.py:161} INFO - Started process (PID=6142) to work on /home/airflow/.local/lib/python3.12/site-packages/airflow/example_dags/example_dynamic_task_mapping_with_no_taskflow_operators.py
[2025-06-20T15:27:03.256+0000] {processor.py:830} INFO - Processing file /home/airflow/.local/lib/python3.12/site-packages/airflow/example_dags/example_dynamic_task_mapping_with_no_taskflow_operators.py for tasks to queue
[2025-06-20T15:27:03.258+0000] {logging_mixin.py:188} INFO - [2025-06-20T15:27:03.258+0000] {dagbag.py:540} INFO - Filling up the DagBag from /home/airflow/.local/lib/python3.12/site-packages/airflow/example_dags/example_dynamic_task_mapping_with_no_taskflow_operators.py
[2025-06-20T15:27:03.264+0000] {processor.py:840} INFO - DAG(s) 'example_dynamic_task_mapping_with_no_taskflow_operators' retrieved from /home/airflow/.local/lib/python3.12/site-packages/airflow/example_dags/example_dynamic_task_mapping_with_no_taskflow_operators.py
[2025-06-20T15:27:03.282+0000] {logging_mixin.py:188} INFO - [2025-06-20T15:27:03.282+0000] {dag.py:3096} INFO - Sync 1 DAGs
[2025-06-20T15:27:03.301+0000] {logging_mixin.py:188} INFO - [2025-06-20T15:27:03.301+0000] {dag.py:3954} INFO - Setting next_dagrun for example_dynamic_task_mapping_with_no_taskflow_operators to 2025-06-19 00:00:00+00:00, run_after=2025-06-20 00:00:00+00:00
[2025-06-20T15:27:03.316+0000] {processor.py:183} INFO - Processing /home/airflow/.local/lib/python3.12/site-packages/airflow/example_dags/example_dynamic_task_mapping_with_no_taskflow_operators.py took 0.066 seconds
[2025-06-20T15:27:33.487+0000] {processor.py:161} INFO - Started process (PID=6201) to work on /home/airflow/.local/lib/python3.12/site-packages/airflow/example_dags/example_dynamic_task_mapping_with_no_taskflow_operators.py
[2025-06-20T15:27:33.488+0000] {processor.py:830} INFO - Processing file /home/airflow/.local/lib/python3.12/site-packages/airflow/example_dags/example_dynamic_task_mapping_with_no_taskflow_operators.py for tasks to queue
[2025-06-20T15:27:33.490+0000] {logging_mixin.py:188} INFO - [2025-06-20T15:27:33.489+0000] {dagbag.py:540} INFO - Filling up the DagBag from /home/airflow/.local/lib/python3.12/site-packages/airflow/example_dags/example_dynamic_task_mapping_with_no_taskflow_operators.py
[2025-06-20T15:27:33.496+0000] {processor.py:840} INFO - DAG(s) 'example_dynamic_task_mapping_with_no_taskflow_operators' retrieved from /home/airflow/.local/lib/python3.12/site-packages/airflow/example_dags/example_dynamic_task_mapping_with_no_taskflow_operators.py
[2025-06-20T15:27:33.514+0000] {logging_mixin.py:188} INFO - [2025-06-20T15:27:33.514+0000] {dag.py:3096} INFO - Sync 1 DAGs
[2025-06-20T15:27:33.535+0000] {logging_mixin.py:188} INFO - [2025-06-20T15:27:33.535+0000] {dag.py:3954} INFO - Setting next_dagrun for example_dynamic_task_mapping_with_no_taskflow_operators to 2025-06-19 00:00:00+00:00, run_after=2025-06-20 00:00:00+00:00
[2025-06-20T15:27:33.550+0000] {processor.py:183} INFO - Processing /home/airflow/.local/lib/python3.12/site-packages/airflow/example_dags/example_dynamic_task_mapping_with_no_taskflow_operators.py took 0.070 seconds
[2025-06-20T15:28:03.922+0000] {processor.py:161} INFO - Started process (PID=6260) to work on /home/airflow/.local/lib/python3.12/site-packages/airflow/example_dags/example_dynamic_task_mapping_with_no_taskflow_operators.py
[2025-06-20T15:28:03.922+0000] {processor.py:830} INFO - Processing file /home/airflow/.local/lib/python3.12/site-packages/airflow/example_dags/example_dynamic_task_mapping_with_no_taskflow_operators.py for tasks to queue
[2025-06-20T15:28:03.924+0000] {logging_mixin.py:188} INFO - [2025-06-20T15:28:03.924+0000] {dagbag.py:540} INFO - Filling up the DagBag from /home/airflow/.local/lib/python3.12/site-packages/airflow/example_dags/example_dynamic_task_mapping_with_no_taskflow_operators.py
[2025-06-20T15:28:03.930+0000] {processor.py:840} INFO - DAG(s) 'example_dynamic_task_mapping_with_no_taskflow_operators' retrieved from /home/airflow/.local/lib/python3.12/site-packages/airflow/example_dags/example_dynamic_task_mapping_with_no_taskflow_operators.py
[2025-06-20T15:28:03.949+0000] {logging_mixin.py:188} INFO - [2025-06-20T15:28:03.949+0000] {dag.py:3096} INFO - Sync 1 DAGs
[2025-06-20T15:28:03.969+0000] {logging_mixin.py:188} INFO - [2025-06-20T15:28:03.969+0000] {dag.py:3954} INFO - Setting next_dagrun for example_dynamic_task_mapping_with_no_taskflow_operators to 2025-06-19 00:00:00+00:00, run_after=2025-06-20 00:00:00+00:00
[2025-06-20T15:28:03.984+0000] {processor.py:183} INFO - Processing /home/airflow/.local/lib/python3.12/site-packages/airflow/example_dags/example_dynamic_task_mapping_with_no_taskflow_operators.py took 0.068 seconds
[2025-06-20T15:28:34.241+0000] {processor.py:161} INFO - Started process (PID=6319) to work on /home/airflow/.local/lib/python3.12/site-packages/airflow/example_dags/example_dynamic_task_mapping_with_no_taskflow_operators.py
[2025-06-20T15:28:34.242+0000] {processor.py:830} INFO - Processing file /home/airflow/.local/lib/python3.12/site-packages/airflow/example_dags/example_dynamic_task_mapping_with_no_taskflow_operators.py for tasks to queue
[2025-06-20T15:28:34.244+0000] {logging_mixin.py:188} INFO - [2025-06-20T15:28:34.244+0000] {dagbag.py:540} INFO - Filling up the DagBag from /home/airflow/.local/lib/python3.12/site-packages/airflow/example_dags/example_dynamic_task_mapping_with_no_taskflow_operators.py
[2025-06-20T15:28:34.250+0000] {processor.py:840} INFO - DAG(s) 'example_dynamic_task_mapping_with_no_taskflow_operators' retrieved from /home/airflow/.local/lib/python3.12/site-packages/airflow/example_dags/example_dynamic_task_mapping_with_no_taskflow_operators.py
[2025-06-20T15:28:34.269+0000] {logging_mixin.py:188} INFO - [2025-06-20T15:28:34.269+0000] {dag.py:3096} INFO - Sync 1 DAGs
[2025-06-20T15:28:34.290+0000] {logging_mixin.py:188} INFO - [2025-06-20T15:28:34.289+0000] {dag.py:3954} INFO - Setting next_dagrun for example_dynamic_task_mapping_with_no_taskflow_operators to 2025-06-19 00:00:00+00:00, run_after=2025-06-20 00:00:00+00:00
[2025-06-20T15:28:34.305+0000] {processor.py:183} INFO - Processing /home/airflow/.local/lib/python3.12/site-packages/airflow/example_dags/example_dynamic_task_mapping_with_no_taskflow_operators.py took 0.070 seconds
[2025-06-20T15:29:04.554+0000] {processor.py:161} INFO - Started process (PID=6377) to work on /home/airflow/.local/lib/python3.12/site-packages/airflow/example_dags/example_dynamic_task_mapping_with_no_taskflow_operators.py
[2025-06-20T15:29:04.555+0000] {processor.py:830} INFO - Processing file /home/airflow/.local/lib/python3.12/site-packages/airflow/example_dags/example_dynamic_task_mapping_with_no_taskflow_operators.py for tasks to queue
[2025-06-20T15:29:04.557+0000] {logging_mixin.py:188} INFO - [2025-06-20T15:29:04.557+0000] {dagbag.py:540} INFO - Filling up the DagBag from /home/airflow/.local/lib/python3.12/site-packages/airflow/example_dags/example_dynamic_task_mapping_with_no_taskflow_operators.py
[2025-06-20T15:29:04.563+0000] {processor.py:840} INFO - DAG(s) 'example_dynamic_task_mapping_with_no_taskflow_operators' retrieved from /home/airflow/.local/lib/python3.12/site-packages/airflow/example_dags/example_dynamic_task_mapping_with_no_taskflow_operators.py
[2025-06-20T15:29:04.583+0000] {logging_mixin.py:188} INFO - [2025-06-20T15:29:04.583+0000] {dag.py:3096} INFO - Sync 1 DAGs
[2025-06-20T15:29:04.603+0000] {logging_mixin.py:188} INFO - [2025-06-20T15:29:04.603+0000] {dag.py:3954} INFO - Setting next_dagrun for example_dynamic_task_mapping_with_no_taskflow_operators to 2025-06-19 00:00:00+00:00, run_after=2025-06-20 00:00:00+00:00
[2025-06-20T15:29:04.619+0000] {processor.py:183} INFO - Processing /home/airflow/.local/lib/python3.12/site-packages/airflow/example_dags/example_dynamic_task_mapping_with_no_taskflow_operators.py took 0.071 seconds
[2025-06-20T15:29:34.888+0000] {processor.py:161} INFO - Started process (PID=6436) to work on /home/airflow/.local/lib/python3.12/site-packages/airflow/example_dags/example_dynamic_task_mapping_with_no_taskflow_operators.py
[2025-06-20T15:29:34.889+0000] {processor.py:830} INFO - Processing file /home/airflow/.local/lib/python3.12/site-packages/airflow/example_dags/example_dynamic_task_mapping_with_no_taskflow_operators.py for tasks to queue
[2025-06-20T15:29:34.891+0000] {logging_mixin.py:188} INFO - [2025-06-20T15:29:34.890+0000] {dagbag.py:540} INFO - Filling up the DagBag from /home/airflow/.local/lib/python3.12/site-packages/airflow/example_dags/example_dynamic_task_mapping_with_no_taskflow_operators.py
[2025-06-20T15:29:34.897+0000] {processor.py:840} INFO - DAG(s) 'example_dynamic_task_mapping_with_no_taskflow_operators' retrieved from /home/airflow/.local/lib/python3.12/site-packages/airflow/example_dags/example_dynamic_task_mapping_with_no_taskflow_operators.py
[2025-06-20T15:29:34.915+0000] {logging_mixin.py:188} INFO - [2025-06-20T15:29:34.915+0000] {dag.py:3096} INFO - Sync 1 DAGs
[2025-06-20T15:29:34.935+0000] {logging_mixin.py:188} INFO - [2025-06-20T15:29:34.935+0000] {dag.py:3954} INFO - Setting next_dagrun for example_dynamic_task_mapping_with_no_taskflow_operators to 2025-06-19 00:00:00+00:00, run_after=2025-06-20 00:00:00+00:00
[2025-06-20T15:29:34.951+0000] {processor.py:183} INFO - Processing /home/airflow/.local/lib/python3.12/site-packages/airflow/example_dags/example_dynamic_task_mapping_with_no_taskflow_operators.py took 0.069 seconds
[2025-06-20T15:30:05.057+0000] {processor.py:161} INFO - Started process (PID=6495) to work on /home/airflow/.local/lib/python3.12/site-packages/airflow/example_dags/example_dynamic_task_mapping_with_no_taskflow_operators.py
[2025-06-20T15:30:05.058+0000] {processor.py:830} INFO - Processing file /home/airflow/.local/lib/python3.12/site-packages/airflow/example_dags/example_dynamic_task_mapping_with_no_taskflow_operators.py for tasks to queue
[2025-06-20T15:30:05.060+0000] {logging_mixin.py:188} INFO - [2025-06-20T15:30:05.060+0000] {dagbag.py:540} INFO - Filling up the DagBag from /home/airflow/.local/lib/python3.12/site-packages/airflow/example_dags/example_dynamic_task_mapping_with_no_taskflow_operators.py
[2025-06-20T15:30:05.067+0000] {processor.py:840} INFO - DAG(s) 'example_dynamic_task_mapping_with_no_taskflow_operators' retrieved from /home/airflow/.local/lib/python3.12/site-packages/airflow/example_dags/example_dynamic_task_mapping_with_no_taskflow_operators.py
[2025-06-20T15:30:05.087+0000] {logging_mixin.py:188} INFO - [2025-06-20T15:30:05.087+0000] {dag.py:3096} INFO - Sync 1 DAGs
[2025-06-20T15:30:05.107+0000] {logging_mixin.py:188} INFO - [2025-06-20T15:30:05.107+0000] {dag.py:3954} INFO - Setting next_dagrun for example_dynamic_task_mapping_with_no_taskflow_operators to 2025-06-19 00:00:00+00:00, run_after=2025-06-20 00:00:00+00:00
[2025-06-20T15:30:05.122+0000] {processor.py:183} INFO - Processing /home/airflow/.local/lib/python3.12/site-packages/airflow/example_dags/example_dynamic_task_mapping_with_no_taskflow_operators.py took 0.071 seconds
[2025-06-20T15:30:36.100+0000] {processor.py:161} INFO - Started process (PID=6554) to work on /home/airflow/.local/lib/python3.12/site-packages/airflow/example_dags/example_dynamic_task_mapping_with_no_taskflow_operators.py
[2025-06-20T15:30:36.102+0000] {processor.py:830} INFO - Processing file /home/airflow/.local/lib/python3.12/site-packages/airflow/example_dags/example_dynamic_task_mapping_with_no_taskflow_operators.py for tasks to queue
[2025-06-20T15:30:36.104+0000] {logging_mixin.py:188} INFO - [2025-06-20T15:30:36.103+0000] {dagbag.py:540} INFO - Filling up the DagBag from /home/airflow/.local/lib/python3.12/site-packages/airflow/example_dags/example_dynamic_task_mapping_with_no_taskflow_operators.py
[2025-06-20T15:30:36.110+0000] {processor.py:840} INFO - DAG(s) 'example_dynamic_task_mapping_with_no_taskflow_operators' retrieved from /home/airflow/.local/lib/python3.12/site-packages/airflow/example_dags/example_dynamic_task_mapping_with_no_taskflow_operators.py
[2025-06-20T15:30:36.129+0000] {logging_mixin.py:188} INFO - [2025-06-20T15:30:36.129+0000] {dag.py:3096} INFO - Sync 1 DAGs
[2025-06-20T15:30:36.254+0000] {logging_mixin.py:188} INFO - [2025-06-20T15:30:36.254+0000] {dag.py:3954} INFO - Setting next_dagrun for example_dynamic_task_mapping_with_no_taskflow_operators to 2025-06-19 00:00:00+00:00, run_after=2025-06-20 00:00:00+00:00
[2025-06-20T15:30:36.268+0000] {processor.py:183} INFO - Processing /home/airflow/.local/lib/python3.12/site-packages/airflow/example_dags/example_dynamic_task_mapping_with_no_taskflow_operators.py took 0.174 seconds
[2025-06-20T15:31:07.211+0000] {processor.py:161} INFO - Started process (PID=6613) to work on /home/airflow/.local/lib/python3.12/site-packages/airflow/example_dags/example_dynamic_task_mapping_with_no_taskflow_operators.py
[2025-06-20T15:31:07.212+0000] {processor.py:830} INFO - Processing file /home/airflow/.local/lib/python3.12/site-packages/airflow/example_dags/example_dynamic_task_mapping_with_no_taskflow_operators.py for tasks to queue
[2025-06-20T15:31:07.214+0000] {logging_mixin.py:188} INFO - [2025-06-20T15:31:07.213+0000] {dagbag.py:540} INFO - Filling up the DagBag from /home/airflow/.local/lib/python3.12/site-packages/airflow/example_dags/example_dynamic_task_mapping_with_no_taskflow_operators.py
[2025-06-20T15:31:07.220+0000] {processor.py:840} INFO - DAG(s) 'example_dynamic_task_mapping_with_no_taskflow_operators' retrieved from /home/airflow/.local/lib/python3.12/site-packages/airflow/example_dags/example_dynamic_task_mapping_with_no_taskflow_operators.py
[2025-06-20T15:31:07.240+0000] {logging_mixin.py:188} INFO - [2025-06-20T15:31:07.240+0000] {dag.py:3096} INFO - Sync 1 DAGs
[2025-06-20T15:31:07.372+0000] {logging_mixin.py:188} INFO - [2025-06-20T15:31:07.371+0000] {dag.py:3954} INFO - Setting next_dagrun for example_dynamic_task_mapping_with_no_taskflow_operators to 2025-06-19 00:00:00+00:00, run_after=2025-06-20 00:00:00+00:00
[2025-06-20T15:31:07.386+0000] {processor.py:183} INFO - Processing /home/airflow/.local/lib/python3.12/site-packages/airflow/example_dags/example_dynamic_task_mapping_with_no_taskflow_operators.py took 0.182 seconds
[2025-06-20T15:31:38.368+0000] {processor.py:161} INFO - Started process (PID=6672) to work on /home/airflow/.local/lib/python3.12/site-packages/airflow/example_dags/example_dynamic_task_mapping_with_no_taskflow_operators.py
[2025-06-20T15:31:38.369+0000] {processor.py:830} INFO - Processing file /home/airflow/.local/lib/python3.12/site-packages/airflow/example_dags/example_dynamic_task_mapping_with_no_taskflow_operators.py for tasks to queue
[2025-06-20T15:31:38.371+0000] {logging_mixin.py:188} INFO - [2025-06-20T15:31:38.371+0000] {dagbag.py:540} INFO - Filling up the DagBag from /home/airflow/.local/lib/python3.12/site-packages/airflow/example_dags/example_dynamic_task_mapping_with_no_taskflow_operators.py
[2025-06-20T15:31:38.378+0000] {processor.py:840} INFO - DAG(s) 'example_dynamic_task_mapping_with_no_taskflow_operators' retrieved from /home/airflow/.local/lib/python3.12/site-packages/airflow/example_dags/example_dynamic_task_mapping_with_no_taskflow_operators.py
[2025-06-20T15:31:38.397+0000] {logging_mixin.py:188} INFO - [2025-06-20T15:31:38.397+0000] {dag.py:3096} INFO - Sync 1 DAGs
[2025-06-20T15:31:38.417+0000] {logging_mixin.py:188} INFO - [2025-06-20T15:31:38.417+0000] {dag.py:3954} INFO - Setting next_dagrun for example_dynamic_task_mapping_with_no_taskflow_operators to 2025-06-19 00:00:00+00:00, run_after=2025-06-20 00:00:00+00:00
[2025-06-20T15:31:38.434+0000] {processor.py:183} INFO - Processing /home/airflow/.local/lib/python3.12/site-packages/airflow/example_dags/example_dynamic_task_mapping_with_no_taskflow_operators.py took 0.072 seconds
[2025-06-20T15:32:09.283+0000] {processor.py:161} INFO - Started process (PID=6731) to work on /home/airflow/.local/lib/python3.12/site-packages/airflow/example_dags/example_dynamic_task_mapping_with_no_taskflow_operators.py
[2025-06-20T15:32:09.284+0000] {processor.py:830} INFO - Processing file /home/airflow/.local/lib/python3.12/site-packages/airflow/example_dags/example_dynamic_task_mapping_with_no_taskflow_operators.py for tasks to queue
[2025-06-20T15:32:09.286+0000] {logging_mixin.py:188} INFO - [2025-06-20T15:32:09.286+0000] {dagbag.py:540} INFO - Filling up the DagBag from /home/airflow/.local/lib/python3.12/site-packages/airflow/example_dags/example_dynamic_task_mapping_with_no_taskflow_operators.py
[2025-06-20T15:32:09.293+0000] {processor.py:840} INFO - DAG(s) 'example_dynamic_task_mapping_with_no_taskflow_operators' retrieved from /home/airflow/.local/lib/python3.12/site-packages/airflow/example_dags/example_dynamic_task_mapping_with_no_taskflow_operators.py
[2025-06-20T15:32:09.312+0000] {logging_mixin.py:188} INFO - [2025-06-20T15:32:09.312+0000] {dag.py:3096} INFO - Sync 1 DAGs
[2025-06-20T15:32:09.332+0000] {logging_mixin.py:188} INFO - [2025-06-20T15:32:09.332+0000] {dag.py:3954} INFO - Setting next_dagrun for example_dynamic_task_mapping_with_no_taskflow_operators to 2025-06-19 00:00:00+00:00, run_after=2025-06-20 00:00:00+00:00
[2025-06-20T15:32:09.347+0000] {processor.py:183} INFO - Processing /home/airflow/.local/lib/python3.12/site-packages/airflow/example_dags/example_dynamic_task_mapping_with_no_taskflow_operators.py took 0.070 seconds
[2025-06-20T15:32:39.900+0000] {processor.py:161} INFO - Started process (PID=6790) to work on /home/airflow/.local/lib/python3.12/site-packages/airflow/example_dags/example_dynamic_task_mapping_with_no_taskflow_operators.py
[2025-06-20T15:32:39.901+0000] {processor.py:830} INFO - Processing file /home/airflow/.local/lib/python3.12/site-packages/airflow/example_dags/example_dynamic_task_mapping_with_no_taskflow_operators.py for tasks to queue
[2025-06-20T15:32:39.903+0000] {logging_mixin.py:188} INFO - [2025-06-20T15:32:39.902+0000] {dagbag.py:540} INFO - Filling up the DagBag from /home/airflow/.local/lib/python3.12/site-packages/airflow/example_dags/example_dynamic_task_mapping_with_no_taskflow_operators.py
[2025-06-20T15:32:39.909+0000] {processor.py:840} INFO - DAG(s) 'example_dynamic_task_mapping_with_no_taskflow_operators' retrieved from /home/airflow/.local/lib/python3.12/site-packages/airflow/example_dags/example_dynamic_task_mapping_with_no_taskflow_operators.py
[2025-06-20T15:32:39.928+0000] {logging_mixin.py:188} INFO - [2025-06-20T15:32:39.928+0000] {dag.py:3096} INFO - Sync 1 DAGs
[2025-06-20T15:32:39.948+0000] {logging_mixin.py:188} INFO - [2025-06-20T15:32:39.948+0000] {dag.py:3954} INFO - Setting next_dagrun for example_dynamic_task_mapping_with_no_taskflow_operators to 2025-06-19 00:00:00+00:00, run_after=2025-06-20 00:00:00+00:00
[2025-06-20T15:32:39.963+0000] {processor.py:183} INFO - Processing /home/airflow/.local/lib/python3.12/site-packages/airflow/example_dags/example_dynamic_task_mapping_with_no_taskflow_operators.py took 0.070 seconds
[2025-06-20T15:33:10.547+0000] {processor.py:161} INFO - Started process (PID=6849) to work on /home/airflow/.local/lib/python3.12/site-packages/airflow/example_dags/example_dynamic_task_mapping_with_no_taskflow_operators.py
[2025-06-20T15:33:10.548+0000] {processor.py:830} INFO - Processing file /home/airflow/.local/lib/python3.12/site-packages/airflow/example_dags/example_dynamic_task_mapping_with_no_taskflow_operators.py for tasks to queue
[2025-06-20T15:33:10.550+0000] {logging_mixin.py:188} INFO - [2025-06-20T15:33:10.550+0000] {dagbag.py:540} INFO - Filling up the DagBag from /home/airflow/.local/lib/python3.12/site-packages/airflow/example_dags/example_dynamic_task_mapping_with_no_taskflow_operators.py
[2025-06-20T15:33:10.557+0000] {processor.py:840} INFO - DAG(s) 'example_dynamic_task_mapping_with_no_taskflow_operators' retrieved from /home/airflow/.local/lib/python3.12/site-packages/airflow/example_dags/example_dynamic_task_mapping_with_no_taskflow_operators.py
[2025-06-20T15:33:10.577+0000] {logging_mixin.py:188} INFO - [2025-06-20T15:33:10.576+0000] {dag.py:3096} INFO - Sync 1 DAGs
[2025-06-20T15:33:10.597+0000] {logging_mixin.py:188} INFO - [2025-06-20T15:33:10.597+0000] {dag.py:3954} INFO - Setting next_dagrun for example_dynamic_task_mapping_with_no_taskflow_operators to 2025-06-19 00:00:00+00:00, run_after=2025-06-20 00:00:00+00:00
[2025-06-20T15:33:10.612+0000] {processor.py:183} INFO - Processing /home/airflow/.local/lib/python3.12/site-packages/airflow/example_dags/example_dynamic_task_mapping_with_no_taskflow_operators.py took 0.072 seconds
[2025-06-20T15:33:41.267+0000] {processor.py:161} INFO - Started process (PID=6908) to work on /home/airflow/.local/lib/python3.12/site-packages/airflow/example_dags/example_dynamic_task_mapping_with_no_taskflow_operators.py
[2025-06-20T15:33:41.268+0000] {processor.py:830} INFO - Processing file /home/airflow/.local/lib/python3.12/site-packages/airflow/example_dags/example_dynamic_task_mapping_with_no_taskflow_operators.py for tasks to queue
[2025-06-20T15:33:41.270+0000] {logging_mixin.py:188} INFO - [2025-06-20T15:33:41.270+0000] {dagbag.py:540} INFO - Filling up the DagBag from /home/airflow/.local/lib/python3.12/site-packages/airflow/example_dags/example_dynamic_task_mapping_with_no_taskflow_operators.py
[2025-06-20T15:33:41.276+0000] {processor.py:840} INFO - DAG(s) 'example_dynamic_task_mapping_with_no_taskflow_operators' retrieved from /home/airflow/.local/lib/python3.12/site-packages/airflow/example_dags/example_dynamic_task_mapping_with_no_taskflow_operators.py
[2025-06-20T15:33:41.296+0000] {logging_mixin.py:188} INFO - [2025-06-20T15:33:41.296+0000] {dag.py:3096} INFO - Sync 1 DAGs
[2025-06-20T15:33:41.318+0000] {logging_mixin.py:188} INFO - [2025-06-20T15:33:41.318+0000] {dag.py:3954} INFO - Setting next_dagrun for example_dynamic_task_mapping_with_no_taskflow_operators to 2025-06-19 00:00:00+00:00, run_after=2025-06-20 00:00:00+00:00
[2025-06-20T15:33:41.334+0000] {processor.py:183} INFO - Processing /home/airflow/.local/lib/python3.12/site-packages/airflow/example_dags/example_dynamic_task_mapping_with_no_taskflow_operators.py took 0.073 seconds
[2025-06-20T15:34:12.146+0000] {processor.py:161} INFO - Started process (PID=6967) to work on /home/airflow/.local/lib/python3.12/site-packages/airflow/example_dags/example_dynamic_task_mapping_with_no_taskflow_operators.py
[2025-06-20T15:34:12.147+0000] {processor.py:830} INFO - Processing file /home/airflow/.local/lib/python3.12/site-packages/airflow/example_dags/example_dynamic_task_mapping_with_no_taskflow_operators.py for tasks to queue
[2025-06-20T15:34:12.149+0000] {logging_mixin.py:188} INFO - [2025-06-20T15:34:12.148+0000] {dagbag.py:540} INFO - Filling up the DagBag from /home/airflow/.local/lib/python3.12/site-packages/airflow/example_dags/example_dynamic_task_mapping_with_no_taskflow_operators.py
[2025-06-20T15:34:12.155+0000] {processor.py:840} INFO - DAG(s) 'example_dynamic_task_mapping_with_no_taskflow_operators' retrieved from /home/airflow/.local/lib/python3.12/site-packages/airflow/example_dags/example_dynamic_task_mapping_with_no_taskflow_operators.py
[2025-06-20T15:34:12.174+0000] {logging_mixin.py:188} INFO - [2025-06-20T15:34:12.174+0000] {dag.py:3096} INFO - Sync 1 DAGs
[2025-06-20T15:34:12.194+0000] {logging_mixin.py:188} INFO - [2025-06-20T15:34:12.194+0000] {dag.py:3954} INFO - Setting next_dagrun for example_dynamic_task_mapping_with_no_taskflow_operators to 2025-06-19 00:00:00+00:00, run_after=2025-06-20 00:00:00+00:00
[2025-06-20T15:34:12.210+0000] {processor.py:183} INFO - Processing /home/airflow/.local/lib/python3.12/site-packages/airflow/example_dags/example_dynamic_task_mapping_with_no_taskflow_operators.py took 0.072 seconds
[2025-06-20T15:34:42.851+0000] {processor.py:161} INFO - Started process (PID=7026) to work on /home/airflow/.local/lib/python3.12/site-packages/airflow/example_dags/example_dynamic_task_mapping_with_no_taskflow_operators.py
[2025-06-20T15:34:42.852+0000] {processor.py:830} INFO - Processing file /home/airflow/.local/lib/python3.12/site-packages/airflow/example_dags/example_dynamic_task_mapping_with_no_taskflow_operators.py for tasks to queue
[2025-06-20T15:34:42.854+0000] {logging_mixin.py:188} INFO - [2025-06-20T15:34:42.854+0000] {dagbag.py:540} INFO - Filling up the DagBag from /home/airflow/.local/lib/python3.12/site-packages/airflow/example_dags/example_dynamic_task_mapping_with_no_taskflow_operators.py
[2025-06-20T15:34:42.860+0000] {processor.py:840} INFO - DAG(s) 'example_dynamic_task_mapping_with_no_taskflow_operators' retrieved from /home/airflow/.local/lib/python3.12/site-packages/airflow/example_dags/example_dynamic_task_mapping_with_no_taskflow_operators.py
[2025-06-20T15:34:42.880+0000] {logging_mixin.py:188} INFO - [2025-06-20T15:34:42.879+0000] {dag.py:3096} INFO - Sync 1 DAGs
[2025-06-20T15:34:42.900+0000] {logging_mixin.py:188} INFO - [2025-06-20T15:34:42.900+0000] {dag.py:3954} INFO - Setting next_dagrun for example_dynamic_task_mapping_with_no_taskflow_operators to 2025-06-19 00:00:00+00:00, run_after=2025-06-20 00:00:00+00:00
[2025-06-20T15:34:42.915+0000] {processor.py:183} INFO - Processing /home/airflow/.local/lib/python3.12/site-packages/airflow/example_dags/example_dynamic_task_mapping_with_no_taskflow_operators.py took 0.070 seconds
[2025-06-20T15:35:13.008+0000] {processor.py:161} INFO - Started process (PID=7085) to work on /home/airflow/.local/lib/python3.12/site-packages/airflow/example_dags/example_dynamic_task_mapping_with_no_taskflow_operators.py
[2025-06-20T15:35:13.009+0000] {processor.py:830} INFO - Processing file /home/airflow/.local/lib/python3.12/site-packages/airflow/example_dags/example_dynamic_task_mapping_with_no_taskflow_operators.py for tasks to queue
[2025-06-20T15:35:13.011+0000] {logging_mixin.py:188} INFO - [2025-06-20T15:35:13.010+0000] {dagbag.py:540} INFO - Filling up the DagBag from /home/airflow/.local/lib/python3.12/site-packages/airflow/example_dags/example_dynamic_task_mapping_with_no_taskflow_operators.py
[2025-06-20T15:35:13.017+0000] {processor.py:840} INFO - DAG(s) 'example_dynamic_task_mapping_with_no_taskflow_operators' retrieved from /home/airflow/.local/lib/python3.12/site-packages/airflow/example_dags/example_dynamic_task_mapping_with_no_taskflow_operators.py
[2025-06-20T15:35:13.036+0000] {logging_mixin.py:188} INFO - [2025-06-20T15:35:13.036+0000] {dag.py:3096} INFO - Sync 1 DAGs
[2025-06-20T15:35:13.056+0000] {logging_mixin.py:188} INFO - [2025-06-20T15:35:13.056+0000] {dag.py:3954} INFO - Setting next_dagrun for example_dynamic_task_mapping_with_no_taskflow_operators to 2025-06-19 00:00:00+00:00, run_after=2025-06-20 00:00:00+00:00
[2025-06-20T15:35:13.071+0000] {processor.py:183} INFO - Processing /home/airflow/.local/lib/python3.12/site-packages/airflow/example_dags/example_dynamic_task_mapping_with_no_taskflow_operators.py took 0.070 seconds
[2025-06-20T15:35:43.149+0000] {processor.py:161} INFO - Started process (PID=7144) to work on /home/airflow/.local/lib/python3.12/site-packages/airflow/example_dags/example_dynamic_task_mapping_with_no_taskflow_operators.py
[2025-06-20T15:35:43.150+0000] {processor.py:830} INFO - Processing file /home/airflow/.local/lib/python3.12/site-packages/airflow/example_dags/example_dynamic_task_mapping_with_no_taskflow_operators.py for tasks to queue
[2025-06-20T15:35:43.152+0000] {logging_mixin.py:188} INFO - [2025-06-20T15:35:43.151+0000] {dagbag.py:540} INFO - Filling up the DagBag from /home/airflow/.local/lib/python3.12/site-packages/airflow/example_dags/example_dynamic_task_mapping_with_no_taskflow_operators.py
[2025-06-20T15:35:43.158+0000] {processor.py:840} INFO - DAG(s) 'example_dynamic_task_mapping_with_no_taskflow_operators' retrieved from /home/airflow/.local/lib/python3.12/site-packages/airflow/example_dags/example_dynamic_task_mapping_with_no_taskflow_operators.py
[2025-06-20T15:35:43.178+0000] {logging_mixin.py:188} INFO - [2025-06-20T15:35:43.178+0000] {dag.py:3096} INFO - Sync 1 DAGs
[2025-06-20T15:35:43.198+0000] {logging_mixin.py:188} INFO - [2025-06-20T15:35:43.198+0000] {dag.py:3954} INFO - Setting next_dagrun for example_dynamic_task_mapping_with_no_taskflow_operators to 2025-06-19 00:00:00+00:00, run_after=2025-06-20 00:00:00+00:00
[2025-06-20T15:35:43.213+0000] {processor.py:183} INFO - Processing /home/airflow/.local/lib/python3.12/site-packages/airflow/example_dags/example_dynamic_task_mapping_with_no_taskflow_operators.py took 0.071 seconds
[2025-06-20T15:36:13.456+0000] {processor.py:161} INFO - Started process (PID=7203) to work on /home/airflow/.local/lib/python3.12/site-packages/airflow/example_dags/example_dynamic_task_mapping_with_no_taskflow_operators.py
[2025-06-20T15:36:13.457+0000] {processor.py:830} INFO - Processing file /home/airflow/.local/lib/python3.12/site-packages/airflow/example_dags/example_dynamic_task_mapping_with_no_taskflow_operators.py for tasks to queue
[2025-06-20T15:36:13.459+0000] {logging_mixin.py:188} INFO - [2025-06-20T15:36:13.459+0000] {dagbag.py:540} INFO - Filling up the DagBag from /home/airflow/.local/lib/python3.12/site-packages/airflow/example_dags/example_dynamic_task_mapping_with_no_taskflow_operators.py
[2025-06-20T15:36:13.466+0000] {processor.py:840} INFO - DAG(s) 'example_dynamic_task_mapping_with_no_taskflow_operators' retrieved from /home/airflow/.local/lib/python3.12/site-packages/airflow/example_dags/example_dynamic_task_mapping_with_no_taskflow_operators.py
[2025-06-20T15:36:13.486+0000] {logging_mixin.py:188} INFO - [2025-06-20T15:36:13.486+0000] {dag.py:3096} INFO - Sync 1 DAGs
[2025-06-20T15:36:13.506+0000] {logging_mixin.py:188} INFO - [2025-06-20T15:36:13.506+0000] {dag.py:3954} INFO - Setting next_dagrun for example_dynamic_task_mapping_with_no_taskflow_operators to 2025-06-19 00:00:00+00:00, run_after=2025-06-20 00:00:00+00:00
[2025-06-20T15:36:13.521+0000] {processor.py:183} INFO - Processing /home/airflow/.local/lib/python3.12/site-packages/airflow/example_dags/example_dynamic_task_mapping_with_no_taskflow_operators.py took 0.071 seconds
[2025-06-20T15:36:43.680+0000] {processor.py:161} INFO - Started process (PID=7262) to work on /home/airflow/.local/lib/python3.12/site-packages/airflow/example_dags/example_dynamic_task_mapping_with_no_taskflow_operators.py
[2025-06-20T15:36:43.681+0000] {processor.py:830} INFO - Processing file /home/airflow/.local/lib/python3.12/site-packages/airflow/example_dags/example_dynamic_task_mapping_with_no_taskflow_operators.py for tasks to queue
[2025-06-20T15:36:43.683+0000] {logging_mixin.py:188} INFO - [2025-06-20T15:36:43.683+0000] {dagbag.py:540} INFO - Filling up the DagBag from /home/airflow/.local/lib/python3.12/site-packages/airflow/example_dags/example_dynamic_task_mapping_with_no_taskflow_operators.py
[2025-06-20T15:36:43.690+0000] {processor.py:840} INFO - DAG(s) 'example_dynamic_task_mapping_with_no_taskflow_operators' retrieved from /home/airflow/.local/lib/python3.12/site-packages/airflow/example_dags/example_dynamic_task_mapping_with_no_taskflow_operators.py
[2025-06-20T15:36:43.709+0000] {logging_mixin.py:188} INFO - [2025-06-20T15:36:43.708+0000] {dag.py:3096} INFO - Sync 1 DAGs
[2025-06-20T15:36:43.729+0000] {logging_mixin.py:188} INFO - [2025-06-20T15:36:43.728+0000] {dag.py:3954} INFO - Setting next_dagrun for example_dynamic_task_mapping_with_no_taskflow_operators to 2025-06-19 00:00:00+00:00, run_after=2025-06-20 00:00:00+00:00
[2025-06-20T15:36:43.744+0000] {processor.py:183} INFO - Processing /home/airflow/.local/lib/python3.12/site-packages/airflow/example_dags/example_dynamic_task_mapping_with_no_taskflow_operators.py took 0.070 seconds
[2025-06-20T15:37:13.970+0000] {processor.py:161} INFO - Started process (PID=7321) to work on /home/airflow/.local/lib/python3.12/site-packages/airflow/example_dags/example_dynamic_task_mapping_with_no_taskflow_operators.py
[2025-06-20T15:37:13.971+0000] {processor.py:830} INFO - Processing file /home/airflow/.local/lib/python3.12/site-packages/airflow/example_dags/example_dynamic_task_mapping_with_no_taskflow_operators.py for tasks to queue
[2025-06-20T15:37:13.973+0000] {logging_mixin.py:188} INFO - [2025-06-20T15:37:13.973+0000] {dagbag.py:540} INFO - Filling up the DagBag from /home/airflow/.local/lib/python3.12/site-packages/airflow/example_dags/example_dynamic_task_mapping_with_no_taskflow_operators.py
[2025-06-20T15:37:13.980+0000] {processor.py:840} INFO - DAG(s) 'example_dynamic_task_mapping_with_no_taskflow_operators' retrieved from /home/airflow/.local/lib/python3.12/site-packages/airflow/example_dags/example_dynamic_task_mapping_with_no_taskflow_operators.py
[2025-06-20T15:37:14.001+0000] {logging_mixin.py:188} INFO - [2025-06-20T15:37:14.001+0000] {dag.py:3096} INFO - Sync 1 DAGs
[2025-06-20T15:37:14.022+0000] {logging_mixin.py:188} INFO - [2025-06-20T15:37:14.022+0000] {dag.py:3954} INFO - Setting next_dagrun for example_dynamic_task_mapping_with_no_taskflow_operators to 2025-06-19 00:00:00+00:00, run_after=2025-06-20 00:00:00+00:00
[2025-06-20T15:37:14.038+0000] {processor.py:183} INFO - Processing /home/airflow/.local/lib/python3.12/site-packages/airflow/example_dags/example_dynamic_task_mapping_with_no_taskflow_operators.py took 0.074 seconds
[2025-06-20T15:37:44.120+0000] {processor.py:161} INFO - Started process (PID=7380) to work on /home/airflow/.local/lib/python3.12/site-packages/airflow/example_dags/example_dynamic_task_mapping_with_no_taskflow_operators.py
[2025-06-20T15:37:44.121+0000] {processor.py:830} INFO - Processing file /home/airflow/.local/lib/python3.12/site-packages/airflow/example_dags/example_dynamic_task_mapping_with_no_taskflow_operators.py for tasks to queue
[2025-06-20T15:37:44.123+0000] {logging_mixin.py:188} INFO - [2025-06-20T15:37:44.122+0000] {dagbag.py:540} INFO - Filling up the DagBag from /home/airflow/.local/lib/python3.12/site-packages/airflow/example_dags/example_dynamic_task_mapping_with_no_taskflow_operators.py
[2025-06-20T15:37:44.130+0000] {processor.py:840} INFO - DAG(s) 'example_dynamic_task_mapping_with_no_taskflow_operators' retrieved from /home/airflow/.local/lib/python3.12/site-packages/airflow/example_dags/example_dynamic_task_mapping_with_no_taskflow_operators.py
[2025-06-20T15:37:44.150+0000] {logging_mixin.py:188} INFO - [2025-06-20T15:37:44.149+0000] {dag.py:3096} INFO - Sync 1 DAGs
[2025-06-20T15:37:44.170+0000] {logging_mixin.py:188} INFO - [2025-06-20T15:37:44.170+0000] {dag.py:3954} INFO - Setting next_dagrun for example_dynamic_task_mapping_with_no_taskflow_operators to 2025-06-19 00:00:00+00:00, run_after=2025-06-20 00:00:00+00:00
[2025-06-20T15:37:44.187+0000] {processor.py:183} INFO - Processing /home/airflow/.local/lib/python3.12/site-packages/airflow/example_dags/example_dynamic_task_mapping_with_no_taskflow_operators.py took 0.073 seconds
[2025-06-20T15:38:14.462+0000] {processor.py:161} INFO - Started process (PID=7439) to work on /home/airflow/.local/lib/python3.12/site-packages/airflow/example_dags/example_dynamic_task_mapping_with_no_taskflow_operators.py
[2025-06-20T15:38:14.463+0000] {processor.py:830} INFO - Processing file /home/airflow/.local/lib/python3.12/site-packages/airflow/example_dags/example_dynamic_task_mapping_with_no_taskflow_operators.py for tasks to queue
[2025-06-20T15:38:14.465+0000] {logging_mixin.py:188} INFO - [2025-06-20T15:38:14.465+0000] {dagbag.py:540} INFO - Filling up the DagBag from /home/airflow/.local/lib/python3.12/site-packages/airflow/example_dags/example_dynamic_task_mapping_with_no_taskflow_operators.py
[2025-06-20T15:38:14.472+0000] {processor.py:840} INFO - DAG(s) 'example_dynamic_task_mapping_with_no_taskflow_operators' retrieved from /home/airflow/.local/lib/python3.12/site-packages/airflow/example_dags/example_dynamic_task_mapping_with_no_taskflow_operators.py
[2025-06-20T15:38:14.493+0000] {logging_mixin.py:188} INFO - [2025-06-20T15:38:14.492+0000] {dag.py:3096} INFO - Sync 1 DAGs
[2025-06-20T15:38:14.515+0000] {logging_mixin.py:188} INFO - [2025-06-20T15:38:14.515+0000] {dag.py:3954} INFO - Setting next_dagrun for example_dynamic_task_mapping_with_no_taskflow_operators to 2025-06-19 00:00:00+00:00, run_after=2025-06-20 00:00:00+00:00
[2025-06-20T15:38:14.531+0000] {processor.py:183} INFO - Processing /home/airflow/.local/lib/python3.12/site-packages/airflow/example_dags/example_dynamic_task_mapping_with_no_taskflow_operators.py took 0.075 seconds
[2025-06-20T15:38:45.170+0000] {processor.py:161} INFO - Started process (PID=7498) to work on /home/airflow/.local/lib/python3.12/site-packages/airflow/example_dags/example_dynamic_task_mapping_with_no_taskflow_operators.py
[2025-06-20T15:38:45.171+0000] {processor.py:830} INFO - Processing file /home/airflow/.local/lib/python3.12/site-packages/airflow/example_dags/example_dynamic_task_mapping_with_no_taskflow_operators.py for tasks to queue
[2025-06-20T15:38:45.173+0000] {logging_mixin.py:188} INFO - [2025-06-20T15:38:45.173+0000] {dagbag.py:540} INFO - Filling up the DagBag from /home/airflow/.local/lib/python3.12/site-packages/airflow/example_dags/example_dynamic_task_mapping_with_no_taskflow_operators.py
[2025-06-20T15:38:45.180+0000] {processor.py:840} INFO - DAG(s) 'example_dynamic_task_mapping_with_no_taskflow_operators' retrieved from /home/airflow/.local/lib/python3.12/site-packages/airflow/example_dags/example_dynamic_task_mapping_with_no_taskflow_operators.py
[2025-06-20T15:38:45.199+0000] {logging_mixin.py:188} INFO - [2025-06-20T15:38:45.199+0000] {dag.py:3096} INFO - Sync 1 DAGs
[2025-06-20T15:38:45.220+0000] {logging_mixin.py:188} INFO - [2025-06-20T15:38:45.220+0000] {dag.py:3954} INFO - Setting next_dagrun for example_dynamic_task_mapping_with_no_taskflow_operators to 2025-06-19 00:00:00+00:00, run_after=2025-06-20 00:00:00+00:00
[2025-06-20T15:38:45.236+0000] {processor.py:183} INFO - Processing /home/airflow/.local/lib/python3.12/site-packages/airflow/example_dags/example_dynamic_task_mapping_with_no_taskflow_operators.py took 0.072 seconds
[2025-06-20T15:39:15.772+0000] {processor.py:161} INFO - Started process (PID=7557) to work on /home/airflow/.local/lib/python3.12/site-packages/airflow/example_dags/example_dynamic_task_mapping_with_no_taskflow_operators.py
[2025-06-20T15:39:15.773+0000] {processor.py:830} INFO - Processing file /home/airflow/.local/lib/python3.12/site-packages/airflow/example_dags/example_dynamic_task_mapping_with_no_taskflow_operators.py for tasks to queue
[2025-06-20T15:39:15.775+0000] {logging_mixin.py:188} INFO - [2025-06-20T15:39:15.774+0000] {dagbag.py:540} INFO - Filling up the DagBag from /home/airflow/.local/lib/python3.12/site-packages/airflow/example_dags/example_dynamic_task_mapping_with_no_taskflow_operators.py
[2025-06-20T15:39:15.782+0000] {processor.py:840} INFO - DAG(s) 'example_dynamic_task_mapping_with_no_taskflow_operators' retrieved from /home/airflow/.local/lib/python3.12/site-packages/airflow/example_dags/example_dynamic_task_mapping_with_no_taskflow_operators.py
[2025-06-20T15:39:15.801+0000] {logging_mixin.py:188} INFO - [2025-06-20T15:39:15.801+0000] {dag.py:3096} INFO - Sync 1 DAGs
[2025-06-20T15:39:15.821+0000] {logging_mixin.py:188} INFO - [2025-06-20T15:39:15.821+0000] {dag.py:3954} INFO - Setting next_dagrun for example_dynamic_task_mapping_with_no_taskflow_operators to 2025-06-19 00:00:00+00:00, run_after=2025-06-20 00:00:00+00:00
[2025-06-20T15:39:15.837+0000] {processor.py:183} INFO - Processing /home/airflow/.local/lib/python3.12/site-packages/airflow/example_dags/example_dynamic_task_mapping_with_no_taskflow_operators.py took 0.072 seconds
[2025-06-20T15:39:46.445+0000] {processor.py:161} INFO - Started process (PID=7616) to work on /home/airflow/.local/lib/python3.12/site-packages/airflow/example_dags/example_dynamic_task_mapping_with_no_taskflow_operators.py
[2025-06-20T15:39:46.446+0000] {processor.py:830} INFO - Processing file /home/airflow/.local/lib/python3.12/site-packages/airflow/example_dags/example_dynamic_task_mapping_with_no_taskflow_operators.py for tasks to queue
[2025-06-20T15:39:46.448+0000] {logging_mixin.py:188} INFO - [2025-06-20T15:39:46.447+0000] {dagbag.py:540} INFO - Filling up the DagBag from /home/airflow/.local/lib/python3.12/site-packages/airflow/example_dags/example_dynamic_task_mapping_with_no_taskflow_operators.py
[2025-06-20T15:39:46.454+0000] {processor.py:840} INFO - DAG(s) 'example_dynamic_task_mapping_with_no_taskflow_operators' retrieved from /home/airflow/.local/lib/python3.12/site-packages/airflow/example_dags/example_dynamic_task_mapping_with_no_taskflow_operators.py
[2025-06-20T15:39:46.473+0000] {logging_mixin.py:188} INFO - [2025-06-20T15:39:46.473+0000] {dag.py:3096} INFO - Sync 1 DAGs
[2025-06-20T15:39:46.493+0000] {logging_mixin.py:188} INFO - [2025-06-20T15:39:46.493+0000] {dag.py:3954} INFO - Setting next_dagrun for example_dynamic_task_mapping_with_no_taskflow_operators to 2025-06-19 00:00:00+00:00, run_after=2025-06-20 00:00:00+00:00
[2025-06-20T15:39:46.508+0000] {processor.py:183} INFO - Processing /home/airflow/.local/lib/python3.12/site-packages/airflow/example_dags/example_dynamic_task_mapping_with_no_taskflow_operators.py took 0.070 seconds
[2025-06-20T15:40:17.051+0000] {processor.py:161} INFO - Started process (PID=7675) to work on /home/airflow/.local/lib/python3.12/site-packages/airflow/example_dags/example_dynamic_task_mapping_with_no_taskflow_operators.py
[2025-06-20T15:40:17.053+0000] {processor.py:830} INFO - Processing file /home/airflow/.local/lib/python3.12/site-packages/airflow/example_dags/example_dynamic_task_mapping_with_no_taskflow_operators.py for tasks to queue
[2025-06-20T15:40:17.055+0000] {logging_mixin.py:188} INFO - [2025-06-20T15:40:17.055+0000] {dagbag.py:540} INFO - Filling up the DagBag from /home/airflow/.local/lib/python3.12/site-packages/airflow/example_dags/example_dynamic_task_mapping_with_no_taskflow_operators.py
[2025-06-20T15:40:17.062+0000] {processor.py:840} INFO - DAG(s) 'example_dynamic_task_mapping_with_no_taskflow_operators' retrieved from /home/airflow/.local/lib/python3.12/site-packages/airflow/example_dags/example_dynamic_task_mapping_with_no_taskflow_operators.py
[2025-06-20T15:40:17.085+0000] {logging_mixin.py:188} INFO - [2025-06-20T15:40:17.084+0000] {dag.py:3096} INFO - Sync 1 DAGs
[2025-06-20T15:40:17.106+0000] {logging_mixin.py:188} INFO - [2025-06-20T15:40:17.106+0000] {dag.py:3954} INFO - Setting next_dagrun for example_dynamic_task_mapping_with_no_taskflow_operators to 2025-06-19 00:00:00+00:00, run_after=2025-06-20 00:00:00+00:00
[2025-06-20T15:40:17.122+0000] {processor.py:183} INFO - Processing /home/airflow/.local/lib/python3.12/site-packages/airflow/example_dags/example_dynamic_task_mapping_with_no_taskflow_operators.py took 0.080 seconds
[2025-06-20T15:40:47.736+0000] {processor.py:161} INFO - Started process (PID=7734) to work on /home/airflow/.local/lib/python3.12/site-packages/airflow/example_dags/example_dynamic_task_mapping_with_no_taskflow_operators.py
[2025-06-20T15:40:47.737+0000] {processor.py:830} INFO - Processing file /home/airflow/.local/lib/python3.12/site-packages/airflow/example_dags/example_dynamic_task_mapping_with_no_taskflow_operators.py for tasks to queue
[2025-06-20T15:40:47.739+0000] {logging_mixin.py:188} INFO - [2025-06-20T15:40:47.739+0000] {dagbag.py:540} INFO - Filling up the DagBag from /home/airflow/.local/lib/python3.12/site-packages/airflow/example_dags/example_dynamic_task_mapping_with_no_taskflow_operators.py
[2025-06-20T15:40:47.745+0000] {processor.py:840} INFO - DAG(s) 'example_dynamic_task_mapping_with_no_taskflow_operators' retrieved from /home/airflow/.local/lib/python3.12/site-packages/airflow/example_dags/example_dynamic_task_mapping_with_no_taskflow_operators.py
[2025-06-20T15:40:47.766+0000] {logging_mixin.py:188} INFO - [2025-06-20T15:40:47.766+0000] {dag.py:3096} INFO - Sync 1 DAGs
[2025-06-20T15:40:47.792+0000] {logging_mixin.py:188} INFO - [2025-06-20T15:40:47.792+0000] {dag.py:3954} INFO - Setting next_dagrun for example_dynamic_task_mapping_with_no_taskflow_operators to 2025-06-19 00:00:00+00:00, run_after=2025-06-20 00:00:00+00:00
[2025-06-20T15:40:47.809+0000] {processor.py:183} INFO - Processing /home/airflow/.local/lib/python3.12/site-packages/airflow/example_dags/example_dynamic_task_mapping_with_no_taskflow_operators.py took 0.078 seconds
[2025-06-20T15:41:18.312+0000] {processor.py:161} INFO - Started process (PID=7793) to work on /home/airflow/.local/lib/python3.12/site-packages/airflow/example_dags/example_dynamic_task_mapping_with_no_taskflow_operators.py
[2025-06-20T15:41:18.313+0000] {processor.py:830} INFO - Processing file /home/airflow/.local/lib/python3.12/site-packages/airflow/example_dags/example_dynamic_task_mapping_with_no_taskflow_operators.py for tasks to queue
[2025-06-20T15:41:18.315+0000] {logging_mixin.py:188} INFO - [2025-06-20T15:41:18.314+0000] {dagbag.py:540} INFO - Filling up the DagBag from /home/airflow/.local/lib/python3.12/site-packages/airflow/example_dags/example_dynamic_task_mapping_with_no_taskflow_operators.py
[2025-06-20T15:41:18.321+0000] {processor.py:840} INFO - DAG(s) 'example_dynamic_task_mapping_with_no_taskflow_operators' retrieved from /home/airflow/.local/lib/python3.12/site-packages/airflow/example_dags/example_dynamic_task_mapping_with_no_taskflow_operators.py
[2025-06-20T15:41:18.341+0000] {logging_mixin.py:188} INFO - [2025-06-20T15:41:18.341+0000] {dag.py:3096} INFO - Sync 1 DAGs
[2025-06-20T15:41:18.361+0000] {logging_mixin.py:188} INFO - [2025-06-20T15:41:18.361+0000] {dag.py:3954} INFO - Setting next_dagrun for example_dynamic_task_mapping_with_no_taskflow_operators to 2025-06-19 00:00:00+00:00, run_after=2025-06-20 00:00:00+00:00
[2025-06-20T15:41:18.377+0000] {processor.py:183} INFO - Processing /home/airflow/.local/lib/python3.12/site-packages/airflow/example_dags/example_dynamic_task_mapping_with_no_taskflow_operators.py took 0.071 seconds
[2025-06-20T15:41:48.830+0000] {processor.py:161} INFO - Started process (PID=7852) to work on /home/airflow/.local/lib/python3.12/site-packages/airflow/example_dags/example_dynamic_task_mapping_with_no_taskflow_operators.py
[2025-06-20T15:41:48.831+0000] {processor.py:830} INFO - Processing file /home/airflow/.local/lib/python3.12/site-packages/airflow/example_dags/example_dynamic_task_mapping_with_no_taskflow_operators.py for tasks to queue
[2025-06-20T15:41:48.833+0000] {logging_mixin.py:188} INFO - [2025-06-20T15:41:48.832+0000] {dagbag.py:540} INFO - Filling up the DagBag from /home/airflow/.local/lib/python3.12/site-packages/airflow/example_dags/example_dynamic_task_mapping_with_no_taskflow_operators.py
[2025-06-20T15:41:48.839+0000] {processor.py:840} INFO - DAG(s) 'example_dynamic_task_mapping_with_no_taskflow_operators' retrieved from /home/airflow/.local/lib/python3.12/site-packages/airflow/example_dags/example_dynamic_task_mapping_with_no_taskflow_operators.py
[2025-06-20T15:41:48.860+0000] {logging_mixin.py:188} INFO - [2025-06-20T15:41:48.859+0000] {dag.py:3096} INFO - Sync 1 DAGs
[2025-06-20T15:41:48.881+0000] {logging_mixin.py:188} INFO - [2025-06-20T15:41:48.881+0000] {dag.py:3954} INFO - Setting next_dagrun for example_dynamic_task_mapping_with_no_taskflow_operators to 2025-06-19 00:00:00+00:00, run_after=2025-06-20 00:00:00+00:00
[2025-06-20T15:41:48.897+0000] {processor.py:183} INFO - Processing /home/airflow/.local/lib/python3.12/site-packages/airflow/example_dags/example_dynamic_task_mapping_with_no_taskflow_operators.py took 0.074 seconds
[2025-06-20T15:42:19.596+0000] {processor.py:161} INFO - Started process (PID=7911) to work on /home/airflow/.local/lib/python3.12/site-packages/airflow/example_dags/example_dynamic_task_mapping_with_no_taskflow_operators.py
[2025-06-20T15:42:19.597+0000] {processor.py:830} INFO - Processing file /home/airflow/.local/lib/python3.12/site-packages/airflow/example_dags/example_dynamic_task_mapping_with_no_taskflow_operators.py for tasks to queue
[2025-06-20T15:42:19.599+0000] {logging_mixin.py:188} INFO - [2025-06-20T15:42:19.599+0000] {dagbag.py:540} INFO - Filling up the DagBag from /home/airflow/.local/lib/python3.12/site-packages/airflow/example_dags/example_dynamic_task_mapping_with_no_taskflow_operators.py
[2025-06-20T15:42:19.606+0000] {processor.py:840} INFO - DAG(s) 'example_dynamic_task_mapping_with_no_taskflow_operators' retrieved from /home/airflow/.local/lib/python3.12/site-packages/airflow/example_dags/example_dynamic_task_mapping_with_no_taskflow_operators.py
[2025-06-20T15:42:19.629+0000] {logging_mixin.py:188} INFO - [2025-06-20T15:42:19.629+0000] {dag.py:3096} INFO - Sync 1 DAGs
[2025-06-20T15:42:19.651+0000] {logging_mixin.py:188} INFO - [2025-06-20T15:42:19.650+0000] {dag.py:3954} INFO - Setting next_dagrun for example_dynamic_task_mapping_with_no_taskflow_operators to 2025-06-19 00:00:00+00:00, run_after=2025-06-20 00:00:00+00:00
[2025-06-20T15:42:19.667+0000] {processor.py:183} INFO - Processing /home/airflow/.local/lib/python3.12/site-packages/airflow/example_dags/example_dynamic_task_mapping_with_no_taskflow_operators.py took 0.077 seconds
[2025-06-20T15:42:50.226+0000] {processor.py:161} INFO - Started process (PID=7970) to work on /home/airflow/.local/lib/python3.12/site-packages/airflow/example_dags/example_dynamic_task_mapping_with_no_taskflow_operators.py
[2025-06-20T15:42:50.227+0000] {processor.py:830} INFO - Processing file /home/airflow/.local/lib/python3.12/site-packages/airflow/example_dags/example_dynamic_task_mapping_with_no_taskflow_operators.py for tasks to queue
[2025-06-20T15:42:50.229+0000] {logging_mixin.py:188} INFO - [2025-06-20T15:42:50.229+0000] {dagbag.py:540} INFO - Filling up the DagBag from /home/airflow/.local/lib/python3.12/site-packages/airflow/example_dags/example_dynamic_task_mapping_with_no_taskflow_operators.py
[2025-06-20T15:42:50.236+0000] {processor.py:840} INFO - DAG(s) 'example_dynamic_task_mapping_with_no_taskflow_operators' retrieved from /home/airflow/.local/lib/python3.12/site-packages/airflow/example_dags/example_dynamic_task_mapping_with_no_taskflow_operators.py
[2025-06-20T15:42:50.255+0000] {logging_mixin.py:188} INFO - [2025-06-20T15:42:50.255+0000] {dag.py:3096} INFO - Sync 1 DAGs
[2025-06-20T15:42:50.275+0000] {logging_mixin.py:188} INFO - [2025-06-20T15:42:50.275+0000] {dag.py:3954} INFO - Setting next_dagrun for example_dynamic_task_mapping_with_no_taskflow_operators to 2025-06-19 00:00:00+00:00, run_after=2025-06-20 00:00:00+00:00
[2025-06-20T15:42:50.290+0000] {processor.py:183} INFO - Processing /home/airflow/.local/lib/python3.12/site-packages/airflow/example_dags/example_dynamic_task_mapping_with_no_taskflow_operators.py took 0.071 seconds
[2025-06-20T15:43:21.004+0000] {processor.py:161} INFO - Started process (PID=8029) to work on /home/airflow/.local/lib/python3.12/site-packages/airflow/example_dags/example_dynamic_task_mapping_with_no_taskflow_operators.py
[2025-06-20T15:43:21.005+0000] {processor.py:830} INFO - Processing file /home/airflow/.local/lib/python3.12/site-packages/airflow/example_dags/example_dynamic_task_mapping_with_no_taskflow_operators.py for tasks to queue
[2025-06-20T15:43:21.007+0000] {logging_mixin.py:188} INFO - [2025-06-20T15:43:21.007+0000] {dagbag.py:540} INFO - Filling up the DagBag from /home/airflow/.local/lib/python3.12/site-packages/airflow/example_dags/example_dynamic_task_mapping_with_no_taskflow_operators.py
[2025-06-20T15:43:21.014+0000] {processor.py:840} INFO - DAG(s) 'example_dynamic_task_mapping_with_no_taskflow_operators' retrieved from /home/airflow/.local/lib/python3.12/site-packages/airflow/example_dags/example_dynamic_task_mapping_with_no_taskflow_operators.py
[2025-06-20T15:43:21.034+0000] {logging_mixin.py:188} INFO - [2025-06-20T15:43:21.034+0000] {dag.py:3096} INFO - Sync 1 DAGs
[2025-06-20T15:43:21.056+0000] {logging_mixin.py:188} INFO - [2025-06-20T15:43:21.056+0000] {dag.py:3954} INFO - Setting next_dagrun for example_dynamic_task_mapping_with_no_taskflow_operators to 2025-06-19 00:00:00+00:00, run_after=2025-06-20 00:00:00+00:00
[2025-06-20T15:43:21.072+0000] {processor.py:183} INFO - Processing /home/airflow/.local/lib/python3.12/site-packages/airflow/example_dags/example_dynamic_task_mapping_with_no_taskflow_operators.py took 0.075 seconds
[2025-06-20T15:43:51.536+0000] {processor.py:161} INFO - Started process (PID=8088) to work on /home/airflow/.local/lib/python3.12/site-packages/airflow/example_dags/example_dynamic_task_mapping_with_no_taskflow_operators.py
[2025-06-20T15:43:51.537+0000] {processor.py:830} INFO - Processing file /home/airflow/.local/lib/python3.12/site-packages/airflow/example_dags/example_dynamic_task_mapping_with_no_taskflow_operators.py for tasks to queue
[2025-06-20T15:43:51.539+0000] {logging_mixin.py:188} INFO - [2025-06-20T15:43:51.539+0000] {dagbag.py:540} INFO - Filling up the DagBag from /home/airflow/.local/lib/python3.12/site-packages/airflow/example_dags/example_dynamic_task_mapping_with_no_taskflow_operators.py
[2025-06-20T15:43:51.545+0000] {processor.py:840} INFO - DAG(s) 'example_dynamic_task_mapping_with_no_taskflow_operators' retrieved from /home/airflow/.local/lib/python3.12/site-packages/airflow/example_dags/example_dynamic_task_mapping_with_no_taskflow_operators.py
[2025-06-20T15:43:51.564+0000] {logging_mixin.py:188} INFO - [2025-06-20T15:43:51.564+0000] {dag.py:3096} INFO - Sync 1 DAGs
[2025-06-20T15:43:51.585+0000] {logging_mixin.py:188} INFO - [2025-06-20T15:43:51.584+0000] {dag.py:3954} INFO - Setting next_dagrun for example_dynamic_task_mapping_with_no_taskflow_operators to 2025-06-19 00:00:00+00:00, run_after=2025-06-20 00:00:00+00:00
[2025-06-20T15:43:51.600+0000] {processor.py:183} INFO - Processing /home/airflow/.local/lib/python3.12/site-packages/airflow/example_dags/example_dynamic_task_mapping_with_no_taskflow_operators.py took 0.070 seconds
[2025-06-20T15:44:22.262+0000] {processor.py:161} INFO - Started process (PID=8147) to work on /home/airflow/.local/lib/python3.12/site-packages/airflow/example_dags/example_dynamic_task_mapping_with_no_taskflow_operators.py
[2025-06-20T15:44:22.262+0000] {processor.py:830} INFO - Processing file /home/airflow/.local/lib/python3.12/site-packages/airflow/example_dags/example_dynamic_task_mapping_with_no_taskflow_operators.py for tasks to queue
[2025-06-20T15:44:22.265+0000] {logging_mixin.py:188} INFO - [2025-06-20T15:44:22.264+0000] {dagbag.py:540} INFO - Filling up the DagBag from /home/airflow/.local/lib/python3.12/site-packages/airflow/example_dags/example_dynamic_task_mapping_with_no_taskflow_operators.py
[2025-06-20T15:44:22.272+0000] {processor.py:840} INFO - DAG(s) 'example_dynamic_task_mapping_with_no_taskflow_operators' retrieved from /home/airflow/.local/lib/python3.12/site-packages/airflow/example_dags/example_dynamic_task_mapping_with_no_taskflow_operators.py
[2025-06-20T15:44:22.293+0000] {logging_mixin.py:188} INFO - [2025-06-20T15:44:22.293+0000] {dag.py:3096} INFO - Sync 1 DAGs
[2025-06-20T15:44:22.314+0000] {logging_mixin.py:188} INFO - [2025-06-20T15:44:22.313+0000] {dag.py:3954} INFO - Setting next_dagrun for example_dynamic_task_mapping_with_no_taskflow_operators to 2025-06-19 00:00:00+00:00, run_after=2025-06-20 00:00:00+00:00
[2025-06-20T15:44:22.329+0000] {processor.py:183} INFO - Processing /home/airflow/.local/lib/python3.12/site-packages/airflow/example_dags/example_dynamic_task_mapping_with_no_taskflow_operators.py took 0.074 seconds
[2025-06-20T15:44:53.079+0000] {processor.py:161} INFO - Started process (PID=8206) to work on /home/airflow/.local/lib/python3.12/site-packages/airflow/example_dags/example_dynamic_task_mapping_with_no_taskflow_operators.py
[2025-06-20T15:44:53.081+0000] {processor.py:830} INFO - Processing file /home/airflow/.local/lib/python3.12/site-packages/airflow/example_dags/example_dynamic_task_mapping_with_no_taskflow_operators.py for tasks to queue
[2025-06-20T15:44:53.084+0000] {logging_mixin.py:188} INFO - [2025-06-20T15:44:53.084+0000] {dagbag.py:540} INFO - Filling up the DagBag from /home/airflow/.local/lib/python3.12/site-packages/airflow/example_dags/example_dynamic_task_mapping_with_no_taskflow_operators.py
[2025-06-20T15:44:53.093+0000] {processor.py:840} INFO - DAG(s) 'example_dynamic_task_mapping_with_no_taskflow_operators' retrieved from /home/airflow/.local/lib/python3.12/site-packages/airflow/example_dags/example_dynamic_task_mapping_with_no_taskflow_operators.py
[2025-06-20T15:44:53.120+0000] {logging_mixin.py:188} INFO - [2025-06-20T15:44:53.119+0000] {dag.py:3096} INFO - Sync 1 DAGs
[2025-06-20T15:44:53.144+0000] {logging_mixin.py:188} INFO - [2025-06-20T15:44:53.143+0000] {dag.py:3954} INFO - Setting next_dagrun for example_dynamic_task_mapping_with_no_taskflow_operators to 2025-06-19 00:00:00+00:00, run_after=2025-06-20 00:00:00+00:00
[2025-06-20T15:44:53.161+0000] {processor.py:183} INFO - Processing /home/airflow/.local/lib/python3.12/site-packages/airflow/example_dags/example_dynamic_task_mapping_with_no_taskflow_operators.py took 0.090 seconds
[2025-06-20T15:45:23.826+0000] {processor.py:161} INFO - Started process (PID=8265) to work on /home/airflow/.local/lib/python3.12/site-packages/airflow/example_dags/example_dynamic_task_mapping_with_no_taskflow_operators.py
[2025-06-20T15:45:23.827+0000] {processor.py:830} INFO - Processing file /home/airflow/.local/lib/python3.12/site-packages/airflow/example_dags/example_dynamic_task_mapping_with_no_taskflow_operators.py for tasks to queue
[2025-06-20T15:45:23.829+0000] {logging_mixin.py:188} INFO - [2025-06-20T15:45:23.829+0000] {dagbag.py:540} INFO - Filling up the DagBag from /home/airflow/.local/lib/python3.12/site-packages/airflow/example_dags/example_dynamic_task_mapping_with_no_taskflow_operators.py
[2025-06-20T15:45:23.837+0000] {processor.py:840} INFO - DAG(s) 'example_dynamic_task_mapping_with_no_taskflow_operators' retrieved from /home/airflow/.local/lib/python3.12/site-packages/airflow/example_dags/example_dynamic_task_mapping_with_no_taskflow_operators.py
[2025-06-20T15:45:23.856+0000] {logging_mixin.py:188} INFO - [2025-06-20T15:45:23.856+0000] {dag.py:3096} INFO - Sync 1 DAGs
[2025-06-20T15:45:23.876+0000] {logging_mixin.py:188} INFO - [2025-06-20T15:45:23.876+0000] {dag.py:3954} INFO - Setting next_dagrun for example_dynamic_task_mapping_with_no_taskflow_operators to 2025-06-19 00:00:00+00:00, run_after=2025-06-20 00:00:00+00:00
[2025-06-20T15:45:23.892+0000] {processor.py:183} INFO - Processing /home/airflow/.local/lib/python3.12/site-packages/airflow/example_dags/example_dynamic_task_mapping_with_no_taskflow_operators.py took 0.074 seconds
[2025-06-20T15:45:54.007+0000] {processor.py:161} INFO - Started process (PID=8324) to work on /home/airflow/.local/lib/python3.12/site-packages/airflow/example_dags/example_dynamic_task_mapping_with_no_taskflow_operators.py
[2025-06-20T15:45:54.008+0000] {processor.py:830} INFO - Processing file /home/airflow/.local/lib/python3.12/site-packages/airflow/example_dags/example_dynamic_task_mapping_with_no_taskflow_operators.py for tasks to queue
[2025-06-20T15:45:54.010+0000] {logging_mixin.py:188} INFO - [2025-06-20T15:45:54.010+0000] {dagbag.py:540} INFO - Filling up the DagBag from /home/airflow/.local/lib/python3.12/site-packages/airflow/example_dags/example_dynamic_task_mapping_with_no_taskflow_operators.py
[2025-06-20T15:45:54.016+0000] {processor.py:840} INFO - DAG(s) 'example_dynamic_task_mapping_with_no_taskflow_operators' retrieved from /home/airflow/.local/lib/python3.12/site-packages/airflow/example_dags/example_dynamic_task_mapping_with_no_taskflow_operators.py
[2025-06-20T15:45:54.035+0000] {logging_mixin.py:188} INFO - [2025-06-20T15:45:54.035+0000] {dag.py:3096} INFO - Sync 1 DAGs
[2025-06-20T15:45:54.055+0000] {logging_mixin.py:188} INFO - [2025-06-20T15:45:54.055+0000] {dag.py:3954} INFO - Setting next_dagrun for example_dynamic_task_mapping_with_no_taskflow_operators to 2025-06-19 00:00:00+00:00, run_after=2025-06-20 00:00:00+00:00
[2025-06-20T15:45:54.070+0000] {processor.py:183} INFO - Processing /home/airflow/.local/lib/python3.12/site-packages/airflow/example_dags/example_dynamic_task_mapping_with_no_taskflow_operators.py took 0.069 seconds
[2025-06-20T15:46:24.210+0000] {processor.py:161} INFO - Started process (PID=8383) to work on /home/airflow/.local/lib/python3.12/site-packages/airflow/example_dags/example_dynamic_task_mapping_with_no_taskflow_operators.py
[2025-06-20T15:46:24.211+0000] {processor.py:830} INFO - Processing file /home/airflow/.local/lib/python3.12/site-packages/airflow/example_dags/example_dynamic_task_mapping_with_no_taskflow_operators.py for tasks to queue
[2025-06-20T15:46:24.213+0000] {logging_mixin.py:188} INFO - [2025-06-20T15:46:24.213+0000] {dagbag.py:540} INFO - Filling up the DagBag from /home/airflow/.local/lib/python3.12/site-packages/airflow/example_dags/example_dynamic_task_mapping_with_no_taskflow_operators.py
[2025-06-20T15:46:24.220+0000] {processor.py:840} INFO - DAG(s) 'example_dynamic_task_mapping_with_no_taskflow_operators' retrieved from /home/airflow/.local/lib/python3.12/site-packages/airflow/example_dags/example_dynamic_task_mapping_with_no_taskflow_operators.py
[2025-06-20T15:46:24.239+0000] {logging_mixin.py:188} INFO - [2025-06-20T15:46:24.239+0000] {dag.py:3096} INFO - Sync 1 DAGs
[2025-06-20T15:46:24.259+0000] {logging_mixin.py:188} INFO - [2025-06-20T15:46:24.259+0000] {dag.py:3954} INFO - Setting next_dagrun for example_dynamic_task_mapping_with_no_taskflow_operators to 2025-06-19 00:00:00+00:00, run_after=2025-06-20 00:00:00+00:00
[2025-06-20T15:46:24.275+0000] {processor.py:183} INFO - Processing /home/airflow/.local/lib/python3.12/site-packages/airflow/example_dags/example_dynamic_task_mapping_with_no_taskflow_operators.py took 0.071 seconds
[2025-06-20T15:46:54.893+0000] {processor.py:161} INFO - Started process (PID=8442) to work on /home/airflow/.local/lib/python3.12/site-packages/airflow/example_dags/example_dynamic_task_mapping_with_no_taskflow_operators.py
[2025-06-20T15:46:54.894+0000] {processor.py:830} INFO - Processing file /home/airflow/.local/lib/python3.12/site-packages/airflow/example_dags/example_dynamic_task_mapping_with_no_taskflow_operators.py for tasks to queue
[2025-06-20T15:46:54.896+0000] {logging_mixin.py:188} INFO - [2025-06-20T15:46:54.895+0000] {dagbag.py:540} INFO - Filling up the DagBag from /home/airflow/.local/lib/python3.12/site-packages/airflow/example_dags/example_dynamic_task_mapping_with_no_taskflow_operators.py
[2025-06-20T15:46:54.902+0000] {processor.py:840} INFO - DAG(s) 'example_dynamic_task_mapping_with_no_taskflow_operators' retrieved from /home/airflow/.local/lib/python3.12/site-packages/airflow/example_dags/example_dynamic_task_mapping_with_no_taskflow_operators.py
[2025-06-20T15:46:54.921+0000] {logging_mixin.py:188} INFO - [2025-06-20T15:46:54.921+0000] {dag.py:3096} INFO - Sync 1 DAGs
[2025-06-20T15:46:54.941+0000] {logging_mixin.py:188} INFO - [2025-06-20T15:46:54.941+0000] {dag.py:3954} INFO - Setting next_dagrun for example_dynamic_task_mapping_with_no_taskflow_operators to 2025-06-19 00:00:00+00:00, run_after=2025-06-20 00:00:00+00:00
[2025-06-20T15:46:54.956+0000] {processor.py:183} INFO - Processing /home/airflow/.local/lib/python3.12/site-packages/airflow/example_dags/example_dynamic_task_mapping_with_no_taskflow_operators.py took 0.070 seconds
[2025-06-20T15:47:25.601+0000] {processor.py:161} INFO - Started process (PID=8501) to work on /home/airflow/.local/lib/python3.12/site-packages/airflow/example_dags/example_dynamic_task_mapping_with_no_taskflow_operators.py
[2025-06-20T15:47:25.602+0000] {processor.py:830} INFO - Processing file /home/airflow/.local/lib/python3.12/site-packages/airflow/example_dags/example_dynamic_task_mapping_with_no_taskflow_operators.py for tasks to queue
[2025-06-20T15:47:25.604+0000] {logging_mixin.py:188} INFO - [2025-06-20T15:47:25.604+0000] {dagbag.py:540} INFO - Filling up the DagBag from /home/airflow/.local/lib/python3.12/site-packages/airflow/example_dags/example_dynamic_task_mapping_with_no_taskflow_operators.py
[2025-06-20T15:47:25.611+0000] {processor.py:840} INFO - DAG(s) 'example_dynamic_task_mapping_with_no_taskflow_operators' retrieved from /home/airflow/.local/lib/python3.12/site-packages/airflow/example_dags/example_dynamic_task_mapping_with_no_taskflow_operators.py
[2025-06-20T15:47:25.630+0000] {logging_mixin.py:188} INFO - [2025-06-20T15:47:25.630+0000] {dag.py:3096} INFO - Sync 1 DAGs
[2025-06-20T15:47:25.650+0000] {logging_mixin.py:188} INFO - [2025-06-20T15:47:25.649+0000] {dag.py:3954} INFO - Setting next_dagrun for example_dynamic_task_mapping_with_no_taskflow_operators to 2025-06-19 00:00:00+00:00, run_after=2025-06-20 00:00:00+00:00
[2025-06-20T15:47:25.665+0000] {processor.py:183} INFO - Processing /home/airflow/.local/lib/python3.12/site-packages/airflow/example_dags/example_dynamic_task_mapping_with_no_taskflow_operators.py took 0.070 seconds
[2025-06-20T15:47:56.210+0000] {processor.py:161} INFO - Started process (PID=8560) to work on /home/airflow/.local/lib/python3.12/site-packages/airflow/example_dags/example_dynamic_task_mapping_with_no_taskflow_operators.py
[2025-06-20T15:47:56.211+0000] {processor.py:830} INFO - Processing file /home/airflow/.local/lib/python3.12/site-packages/airflow/example_dags/example_dynamic_task_mapping_with_no_taskflow_operators.py for tasks to queue
[2025-06-20T15:47:56.213+0000] {logging_mixin.py:188} INFO - [2025-06-20T15:47:56.213+0000] {dagbag.py:540} INFO - Filling up the DagBag from /home/airflow/.local/lib/python3.12/site-packages/airflow/example_dags/example_dynamic_task_mapping_with_no_taskflow_operators.py
[2025-06-20T15:47:56.220+0000] {processor.py:840} INFO - DAG(s) 'example_dynamic_task_mapping_with_no_taskflow_operators' retrieved from /home/airflow/.local/lib/python3.12/site-packages/airflow/example_dags/example_dynamic_task_mapping_with_no_taskflow_operators.py
[2025-06-20T15:47:56.240+0000] {logging_mixin.py:188} INFO - [2025-06-20T15:47:56.240+0000] {dag.py:3096} INFO - Sync 1 DAGs
[2025-06-20T15:47:56.261+0000] {logging_mixin.py:188} INFO - [2025-06-20T15:47:56.261+0000] {dag.py:3954} INFO - Setting next_dagrun for example_dynamic_task_mapping_with_no_taskflow_operators to 2025-06-19 00:00:00+00:00, run_after=2025-06-20 00:00:00+00:00
[2025-06-20T15:47:56.278+0000] {processor.py:183} INFO - Processing /home/airflow/.local/lib/python3.12/site-packages/airflow/example_dags/example_dynamic_task_mapping_with_no_taskflow_operators.py took 0.075 seconds
[2025-06-20T15:48:26.915+0000] {processor.py:161} INFO - Started process (PID=8619) to work on /home/airflow/.local/lib/python3.12/site-packages/airflow/example_dags/example_dynamic_task_mapping_with_no_taskflow_operators.py
[2025-06-20T15:48:26.916+0000] {processor.py:830} INFO - Processing file /home/airflow/.local/lib/python3.12/site-packages/airflow/example_dags/example_dynamic_task_mapping_with_no_taskflow_operators.py for tasks to queue
[2025-06-20T15:48:26.918+0000] {logging_mixin.py:188} INFO - [2025-06-20T15:48:26.917+0000] {dagbag.py:540} INFO - Filling up the DagBag from /home/airflow/.local/lib/python3.12/site-packages/airflow/example_dags/example_dynamic_task_mapping_with_no_taskflow_operators.py
[2025-06-20T15:48:26.925+0000] {processor.py:840} INFO - DAG(s) 'example_dynamic_task_mapping_with_no_taskflow_operators' retrieved from /home/airflow/.local/lib/python3.12/site-packages/airflow/example_dags/example_dynamic_task_mapping_with_no_taskflow_operators.py
[2025-06-20T15:48:26.945+0000] {logging_mixin.py:188} INFO - [2025-06-20T15:48:26.945+0000] {dag.py:3096} INFO - Sync 1 DAGs
[2025-06-20T15:48:26.975+0000] {logging_mixin.py:188} INFO - [2025-06-20T15:48:26.975+0000] {dag.py:3954} INFO - Setting next_dagrun for example_dynamic_task_mapping_with_no_taskflow_operators to 2025-06-19 00:00:00+00:00, run_after=2025-06-20 00:00:00+00:00
[2025-06-20T15:48:26.993+0000] {processor.py:183} INFO - Processing /home/airflow/.local/lib/python3.12/site-packages/airflow/example_dags/example_dynamic_task_mapping_with_no_taskflow_operators.py took 0.084 seconds
[2025-06-20T15:48:57.813+0000] {processor.py:161} INFO - Started process (PID=8678) to work on /home/airflow/.local/lib/python3.12/site-packages/airflow/example_dags/example_dynamic_task_mapping_with_no_taskflow_operators.py
[2025-06-20T15:48:57.814+0000] {processor.py:830} INFO - Processing file /home/airflow/.local/lib/python3.12/site-packages/airflow/example_dags/example_dynamic_task_mapping_with_no_taskflow_operators.py for tasks to queue
[2025-06-20T15:48:57.816+0000] {logging_mixin.py:188} INFO - [2025-06-20T15:48:57.816+0000] {dagbag.py:540} INFO - Filling up the DagBag from /home/airflow/.local/lib/python3.12/site-packages/airflow/example_dags/example_dynamic_task_mapping_with_no_taskflow_operators.py
[2025-06-20T15:48:57.823+0000] {processor.py:840} INFO - DAG(s) 'example_dynamic_task_mapping_with_no_taskflow_operators' retrieved from /home/airflow/.local/lib/python3.12/site-packages/airflow/example_dags/example_dynamic_task_mapping_with_no_taskflow_operators.py
[2025-06-20T15:48:57.842+0000] {logging_mixin.py:188} INFO - [2025-06-20T15:48:57.841+0000] {dag.py:3096} INFO - Sync 1 DAGs
[2025-06-20T15:48:57.862+0000] {logging_mixin.py:188} INFO - [2025-06-20T15:48:57.861+0000] {dag.py:3954} INFO - Setting next_dagrun for example_dynamic_task_mapping_with_no_taskflow_operators to 2025-06-19 00:00:00+00:00, run_after=2025-06-20 00:00:00+00:00
[2025-06-20T15:48:57.877+0000] {processor.py:183} INFO - Processing /home/airflow/.local/lib/python3.12/site-packages/airflow/example_dags/example_dynamic_task_mapping_with_no_taskflow_operators.py took 0.070 seconds
[2025-06-20T15:49:28.486+0000] {processor.py:161} INFO - Started process (PID=8737) to work on /home/airflow/.local/lib/python3.12/site-packages/airflow/example_dags/example_dynamic_task_mapping_with_no_taskflow_operators.py
[2025-06-20T15:49:28.487+0000] {processor.py:830} INFO - Processing file /home/airflow/.local/lib/python3.12/site-packages/airflow/example_dags/example_dynamic_task_mapping_with_no_taskflow_operators.py for tasks to queue
[2025-06-20T15:49:28.489+0000] {logging_mixin.py:188} INFO - [2025-06-20T15:49:28.488+0000] {dagbag.py:540} INFO - Filling up the DagBag from /home/airflow/.local/lib/python3.12/site-packages/airflow/example_dags/example_dynamic_task_mapping_with_no_taskflow_operators.py
[2025-06-20T15:49:28.495+0000] {processor.py:840} INFO - DAG(s) 'example_dynamic_task_mapping_with_no_taskflow_operators' retrieved from /home/airflow/.local/lib/python3.12/site-packages/airflow/example_dags/example_dynamic_task_mapping_with_no_taskflow_operators.py
[2025-06-20T15:49:28.514+0000] {logging_mixin.py:188} INFO - [2025-06-20T15:49:28.514+0000] {dag.py:3096} INFO - Sync 1 DAGs
[2025-06-20T15:49:28.535+0000] {logging_mixin.py:188} INFO - [2025-06-20T15:49:28.535+0000] {dag.py:3954} INFO - Setting next_dagrun for example_dynamic_task_mapping_with_no_taskflow_operators to 2025-06-19 00:00:00+00:00, run_after=2025-06-20 00:00:00+00:00
[2025-06-20T15:49:28.550+0000] {processor.py:183} INFO - Processing /home/airflow/.local/lib/python3.12/site-packages/airflow/example_dags/example_dynamic_task_mapping_with_no_taskflow_operators.py took 0.071 seconds
[2025-06-20T15:49:59.080+0000] {processor.py:161} INFO - Started process (PID=8796) to work on /home/airflow/.local/lib/python3.12/site-packages/airflow/example_dags/example_dynamic_task_mapping_with_no_taskflow_operators.py
[2025-06-20T15:49:59.081+0000] {processor.py:830} INFO - Processing file /home/airflow/.local/lib/python3.12/site-packages/airflow/example_dags/example_dynamic_task_mapping_with_no_taskflow_operators.py for tasks to queue
[2025-06-20T15:49:59.083+0000] {logging_mixin.py:188} INFO - [2025-06-20T15:49:59.083+0000] {dagbag.py:540} INFO - Filling up the DagBag from /home/airflow/.local/lib/python3.12/site-packages/airflow/example_dags/example_dynamic_task_mapping_with_no_taskflow_operators.py
[2025-06-20T15:49:59.090+0000] {processor.py:840} INFO - DAG(s) 'example_dynamic_task_mapping_with_no_taskflow_operators' retrieved from /home/airflow/.local/lib/python3.12/site-packages/airflow/example_dags/example_dynamic_task_mapping_with_no_taskflow_operators.py
[2025-06-20T15:49:59.109+0000] {logging_mixin.py:188} INFO - [2025-06-20T15:49:59.109+0000] {dag.py:3096} INFO - Sync 1 DAGs
[2025-06-20T15:49:59.130+0000] {logging_mixin.py:188} INFO - [2025-06-20T15:49:59.129+0000] {dag.py:3954} INFO - Setting next_dagrun for example_dynamic_task_mapping_with_no_taskflow_operators to 2025-06-19 00:00:00+00:00, run_after=2025-06-20 00:00:00+00:00
[2025-06-20T15:49:59.147+0000] {processor.py:183} INFO - Processing /home/airflow/.local/lib/python3.12/site-packages/airflow/example_dags/example_dynamic_task_mapping_with_no_taskflow_operators.py took 0.073 seconds
[2025-06-20T15:50:29.787+0000] {processor.py:161} INFO - Started process (PID=8861) to work on /home/airflow/.local/lib/python3.12/site-packages/airflow/example_dags/example_dynamic_task_mapping_with_no_taskflow_operators.py
[2025-06-20T15:50:29.788+0000] {processor.py:830} INFO - Processing file /home/airflow/.local/lib/python3.12/site-packages/airflow/example_dags/example_dynamic_task_mapping_with_no_taskflow_operators.py for tasks to queue
[2025-06-20T15:50:29.790+0000] {logging_mixin.py:188} INFO - [2025-06-20T15:50:29.790+0000] {dagbag.py:540} INFO - Filling up the DagBag from /home/airflow/.local/lib/python3.12/site-packages/airflow/example_dags/example_dynamic_task_mapping_with_no_taskflow_operators.py
[2025-06-20T15:50:29.797+0000] {processor.py:840} INFO - DAG(s) 'example_dynamic_task_mapping_with_no_taskflow_operators' retrieved from /home/airflow/.local/lib/python3.12/site-packages/airflow/example_dags/example_dynamic_task_mapping_with_no_taskflow_operators.py
[2025-06-20T15:50:29.816+0000] {logging_mixin.py:188} INFO - [2025-06-20T15:50:29.816+0000] {dag.py:3096} INFO - Sync 1 DAGs
[2025-06-20T15:50:29.836+0000] {logging_mixin.py:188} INFO - [2025-06-20T15:50:29.836+0000] {dag.py:3954} INFO - Setting next_dagrun for example_dynamic_task_mapping_with_no_taskflow_operators to 2025-06-19 00:00:00+00:00, run_after=2025-06-20 00:00:00+00:00
[2025-06-20T15:50:29.851+0000] {processor.py:183} INFO - Processing /home/airflow/.local/lib/python3.12/site-packages/airflow/example_dags/example_dynamic_task_mapping_with_no_taskflow_operators.py took 0.071 seconds
[2025-06-20T15:51:00.498+0000] {processor.py:161} INFO - Started process (PID=8920) to work on /home/airflow/.local/lib/python3.12/site-packages/airflow/example_dags/example_dynamic_task_mapping_with_no_taskflow_operators.py
[2025-06-20T15:51:00.499+0000] {processor.py:830} INFO - Processing file /home/airflow/.local/lib/python3.12/site-packages/airflow/example_dags/example_dynamic_task_mapping_with_no_taskflow_operators.py for tasks to queue
[2025-06-20T15:51:00.501+0000] {logging_mixin.py:188} INFO - [2025-06-20T15:51:00.501+0000] {dagbag.py:540} INFO - Filling up the DagBag from /home/airflow/.local/lib/python3.12/site-packages/airflow/example_dags/example_dynamic_task_mapping_with_no_taskflow_operators.py
[2025-06-20T15:51:00.508+0000] {processor.py:840} INFO - DAG(s) 'example_dynamic_task_mapping_with_no_taskflow_operators' retrieved from /home/airflow/.local/lib/python3.12/site-packages/airflow/example_dags/example_dynamic_task_mapping_with_no_taskflow_operators.py
[2025-06-20T15:51:00.527+0000] {logging_mixin.py:188} INFO - [2025-06-20T15:51:00.527+0000] {dag.py:3096} INFO - Sync 1 DAGs
[2025-06-20T15:51:00.547+0000] {logging_mixin.py:188} INFO - [2025-06-20T15:51:00.547+0000] {dag.py:3954} INFO - Setting next_dagrun for example_dynamic_task_mapping_with_no_taskflow_operators to 2025-06-19 00:00:00+00:00, run_after=2025-06-20 00:00:00+00:00
[2025-06-20T15:51:00.562+0000] {processor.py:183} INFO - Processing /home/airflow/.local/lib/python3.12/site-packages/airflow/example_dags/example_dynamic_task_mapping_with_no_taskflow_operators.py took 0.071 seconds
[2025-06-20T15:51:31.180+0000] {processor.py:161} INFO - Started process (PID=8979) to work on /home/airflow/.local/lib/python3.12/site-packages/airflow/example_dags/example_dynamic_task_mapping_with_no_taskflow_operators.py
[2025-06-20T15:51:31.181+0000] {processor.py:830} INFO - Processing file /home/airflow/.local/lib/python3.12/site-packages/airflow/example_dags/example_dynamic_task_mapping_with_no_taskflow_operators.py for tasks to queue
[2025-06-20T15:51:31.183+0000] {logging_mixin.py:188} INFO - [2025-06-20T15:51:31.183+0000] {dagbag.py:540} INFO - Filling up the DagBag from /home/airflow/.local/lib/python3.12/site-packages/airflow/example_dags/example_dynamic_task_mapping_with_no_taskflow_operators.py
[2025-06-20T15:51:31.190+0000] {processor.py:840} INFO - DAG(s) 'example_dynamic_task_mapping_with_no_taskflow_operators' retrieved from /home/airflow/.local/lib/python3.12/site-packages/airflow/example_dags/example_dynamic_task_mapping_with_no_taskflow_operators.py
[2025-06-20T15:51:31.209+0000] {logging_mixin.py:188} INFO - [2025-06-20T15:51:31.209+0000] {dag.py:3096} INFO - Sync 1 DAGs
[2025-06-20T15:51:31.229+0000] {logging_mixin.py:188} INFO - [2025-06-20T15:51:31.229+0000] {dag.py:3954} INFO - Setting next_dagrun for example_dynamic_task_mapping_with_no_taskflow_operators to 2025-06-19 00:00:00+00:00, run_after=2025-06-20 00:00:00+00:00
[2025-06-20T15:51:31.245+0000] {processor.py:183} INFO - Processing /home/airflow/.local/lib/python3.12/site-packages/airflow/example_dags/example_dynamic_task_mapping_with_no_taskflow_operators.py took 0.072 seconds
[2025-06-20T15:52:01.769+0000] {processor.py:161} INFO - Started process (PID=9038) to work on /home/airflow/.local/lib/python3.12/site-packages/airflow/example_dags/example_dynamic_task_mapping_with_no_taskflow_operators.py
[2025-06-20T15:52:01.770+0000] {processor.py:830} INFO - Processing file /home/airflow/.local/lib/python3.12/site-packages/airflow/example_dags/example_dynamic_task_mapping_with_no_taskflow_operators.py for tasks to queue
[2025-06-20T15:52:01.772+0000] {logging_mixin.py:188} INFO - [2025-06-20T15:52:01.771+0000] {dagbag.py:540} INFO - Filling up the DagBag from /home/airflow/.local/lib/python3.12/site-packages/airflow/example_dags/example_dynamic_task_mapping_with_no_taskflow_operators.py
[2025-06-20T15:52:01.780+0000] {processor.py:840} INFO - DAG(s) 'example_dynamic_task_mapping_with_no_taskflow_operators' retrieved from /home/airflow/.local/lib/python3.12/site-packages/airflow/example_dags/example_dynamic_task_mapping_with_no_taskflow_operators.py
[2025-06-20T15:52:01.801+0000] {logging_mixin.py:188} INFO - [2025-06-20T15:52:01.801+0000] {dag.py:3096} INFO - Sync 1 DAGs
[2025-06-20T15:52:01.821+0000] {logging_mixin.py:188} INFO - [2025-06-20T15:52:01.820+0000] {dag.py:3954} INFO - Setting next_dagrun for example_dynamic_task_mapping_with_no_taskflow_operators to 2025-06-19 00:00:00+00:00, run_after=2025-06-20 00:00:00+00:00
[2025-06-20T15:52:01.836+0000] {processor.py:183} INFO - Processing /home/airflow/.local/lib/python3.12/site-packages/airflow/example_dags/example_dynamic_task_mapping_with_no_taskflow_operators.py took 0.073 seconds
[2025-06-20T15:52:32.540+0000] {processor.py:161} INFO - Started process (PID=9097) to work on /home/airflow/.local/lib/python3.12/site-packages/airflow/example_dags/example_dynamic_task_mapping_with_no_taskflow_operators.py
[2025-06-20T15:52:32.541+0000] {processor.py:830} INFO - Processing file /home/airflow/.local/lib/python3.12/site-packages/airflow/example_dags/example_dynamic_task_mapping_with_no_taskflow_operators.py for tasks to queue
[2025-06-20T15:52:32.543+0000] {logging_mixin.py:188} INFO - [2025-06-20T15:52:32.543+0000] {dagbag.py:540} INFO - Filling up the DagBag from /home/airflow/.local/lib/python3.12/site-packages/airflow/example_dags/example_dynamic_task_mapping_with_no_taskflow_operators.py
[2025-06-20T15:52:32.550+0000] {processor.py:840} INFO - DAG(s) 'example_dynamic_task_mapping_with_no_taskflow_operators' retrieved from /home/airflow/.local/lib/python3.12/site-packages/airflow/example_dags/example_dynamic_task_mapping_with_no_taskflow_operators.py
[2025-06-20T15:52:32.570+0000] {logging_mixin.py:188} INFO - [2025-06-20T15:52:32.570+0000] {dag.py:3096} INFO - Sync 1 DAGs
[2025-06-20T15:52:32.591+0000] {logging_mixin.py:188} INFO - [2025-06-20T15:52:32.591+0000] {dag.py:3954} INFO - Setting next_dagrun for example_dynamic_task_mapping_with_no_taskflow_operators to 2025-06-19 00:00:00+00:00, run_after=2025-06-20 00:00:00+00:00
[2025-06-20T15:52:32.607+0000] {processor.py:183} INFO - Processing /home/airflow/.local/lib/python3.12/site-packages/airflow/example_dags/example_dynamic_task_mapping_with_no_taskflow_operators.py took 0.072 seconds
[2025-06-20T15:53:02.726+0000] {processor.py:161} INFO - Started process (PID=9156) to work on /home/airflow/.local/lib/python3.12/site-packages/airflow/example_dags/example_dynamic_task_mapping_with_no_taskflow_operators.py
[2025-06-20T15:53:02.726+0000] {processor.py:830} INFO - Processing file /home/airflow/.local/lib/python3.12/site-packages/airflow/example_dags/example_dynamic_task_mapping_with_no_taskflow_operators.py for tasks to queue
[2025-06-20T15:53:02.728+0000] {logging_mixin.py:188} INFO - [2025-06-20T15:53:02.728+0000] {dagbag.py:540} INFO - Filling up the DagBag from /home/airflow/.local/lib/python3.12/site-packages/airflow/example_dags/example_dynamic_task_mapping_with_no_taskflow_operators.py
[2025-06-20T15:53:02.735+0000] {processor.py:840} INFO - DAG(s) 'example_dynamic_task_mapping_with_no_taskflow_operators' retrieved from /home/airflow/.local/lib/python3.12/site-packages/airflow/example_dags/example_dynamic_task_mapping_with_no_taskflow_operators.py
[2025-06-20T15:53:02.754+0000] {logging_mixin.py:188} INFO - [2025-06-20T15:53:02.754+0000] {dag.py:3096} INFO - Sync 1 DAGs
[2025-06-20T15:53:02.775+0000] {logging_mixin.py:188} INFO - [2025-06-20T15:53:02.775+0000] {dag.py:3954} INFO - Setting next_dagrun for example_dynamic_task_mapping_with_no_taskflow_operators to 2025-06-19 00:00:00+00:00, run_after=2025-06-20 00:00:00+00:00
[2025-06-20T15:53:02.791+0000] {processor.py:183} INFO - Processing /home/airflow/.local/lib/python3.12/site-packages/airflow/example_dags/example_dynamic_task_mapping_with_no_taskflow_operators.py took 0.073 seconds
[2025-06-20T15:53:32.904+0000] {processor.py:161} INFO - Started process (PID=9215) to work on /home/airflow/.local/lib/python3.12/site-packages/airflow/example_dags/example_dynamic_task_mapping_with_no_taskflow_operators.py
[2025-06-20T15:53:32.905+0000] {processor.py:830} INFO - Processing file /home/airflow/.local/lib/python3.12/site-packages/airflow/example_dags/example_dynamic_task_mapping_with_no_taskflow_operators.py for tasks to queue
[2025-06-20T15:53:32.907+0000] {logging_mixin.py:188} INFO - [2025-06-20T15:53:32.907+0000] {dagbag.py:540} INFO - Filling up the DagBag from /home/airflow/.local/lib/python3.12/site-packages/airflow/example_dags/example_dynamic_task_mapping_with_no_taskflow_operators.py
[2025-06-20T15:53:32.914+0000] {processor.py:840} INFO - DAG(s) 'example_dynamic_task_mapping_with_no_taskflow_operators' retrieved from /home/airflow/.local/lib/python3.12/site-packages/airflow/example_dags/example_dynamic_task_mapping_with_no_taskflow_operators.py
[2025-06-20T15:53:32.933+0000] {logging_mixin.py:188} INFO - [2025-06-20T15:53:32.933+0000] {dag.py:3096} INFO - Sync 1 DAGs
[2025-06-20T15:53:32.953+0000] {logging_mixin.py:188} INFO - [2025-06-20T15:53:32.953+0000] {dag.py:3954} INFO - Setting next_dagrun for example_dynamic_task_mapping_with_no_taskflow_operators to 2025-06-19 00:00:00+00:00, run_after=2025-06-20 00:00:00+00:00
[2025-06-20T15:53:32.968+0000] {processor.py:183} INFO - Processing /home/airflow/.local/lib/python3.12/site-packages/airflow/example_dags/example_dynamic_task_mapping_with_no_taskflow_operators.py took 0.070 seconds
[2025-06-20T15:54:03.113+0000] {processor.py:161} INFO - Started process (PID=9274) to work on /home/airflow/.local/lib/python3.12/site-packages/airflow/example_dags/example_dynamic_task_mapping_with_no_taskflow_operators.py
[2025-06-20T15:54:03.114+0000] {processor.py:830} INFO - Processing file /home/airflow/.local/lib/python3.12/site-packages/airflow/example_dags/example_dynamic_task_mapping_with_no_taskflow_operators.py for tasks to queue
[2025-06-20T15:54:03.116+0000] {logging_mixin.py:188} INFO - [2025-06-20T15:54:03.115+0000] {dagbag.py:540} INFO - Filling up the DagBag from /home/airflow/.local/lib/python3.12/site-packages/airflow/example_dags/example_dynamic_task_mapping_with_no_taskflow_operators.py
[2025-06-20T15:54:03.122+0000] {processor.py:840} INFO - DAG(s) 'example_dynamic_task_mapping_with_no_taskflow_operators' retrieved from /home/airflow/.local/lib/python3.12/site-packages/airflow/example_dags/example_dynamic_task_mapping_with_no_taskflow_operators.py
[2025-06-20T15:54:03.141+0000] {logging_mixin.py:188} INFO - [2025-06-20T15:54:03.141+0000] {dag.py:3096} INFO - Sync 1 DAGs
[2025-06-20T15:54:03.161+0000] {logging_mixin.py:188} INFO - [2025-06-20T15:54:03.161+0000] {dag.py:3954} INFO - Setting next_dagrun for example_dynamic_task_mapping_with_no_taskflow_operators to 2025-06-19 00:00:00+00:00, run_after=2025-06-20 00:00:00+00:00
[2025-06-20T15:54:03.177+0000] {processor.py:183} INFO - Processing /home/airflow/.local/lib/python3.12/site-packages/airflow/example_dags/example_dynamic_task_mapping_with_no_taskflow_operators.py took 0.071 seconds
[2025-06-20T15:54:33.485+0000] {processor.py:161} INFO - Started process (PID=9333) to work on /home/airflow/.local/lib/python3.12/site-packages/airflow/example_dags/example_dynamic_task_mapping_with_no_taskflow_operators.py
[2025-06-20T15:54:33.486+0000] {processor.py:830} INFO - Processing file /home/airflow/.local/lib/python3.12/site-packages/airflow/example_dags/example_dynamic_task_mapping_with_no_taskflow_operators.py for tasks to queue
[2025-06-20T15:54:33.488+0000] {logging_mixin.py:188} INFO - [2025-06-20T15:54:33.488+0000] {dagbag.py:540} INFO - Filling up the DagBag from /home/airflow/.local/lib/python3.12/site-packages/airflow/example_dags/example_dynamic_task_mapping_with_no_taskflow_operators.py
[2025-06-20T15:54:33.495+0000] {processor.py:840} INFO - DAG(s) 'example_dynamic_task_mapping_with_no_taskflow_operators' retrieved from /home/airflow/.local/lib/python3.12/site-packages/airflow/example_dags/example_dynamic_task_mapping_with_no_taskflow_operators.py
[2025-06-20T15:54:33.514+0000] {logging_mixin.py:188} INFO - [2025-06-20T15:54:33.514+0000] {dag.py:3096} INFO - Sync 1 DAGs
[2025-06-20T15:54:33.534+0000] {logging_mixin.py:188} INFO - [2025-06-20T15:54:33.534+0000] {dag.py:3954} INFO - Setting next_dagrun for example_dynamic_task_mapping_with_no_taskflow_operators to 2025-06-19 00:00:00+00:00, run_after=2025-06-20 00:00:00+00:00
[2025-06-20T15:54:33.550+0000] {processor.py:183} INFO - Processing /home/airflow/.local/lib/python3.12/site-packages/airflow/example_dags/example_dynamic_task_mapping_with_no_taskflow_operators.py took 0.071 seconds
[2025-06-20T15:55:04.082+0000] {processor.py:161} INFO - Started process (PID=9392) to work on /home/airflow/.local/lib/python3.12/site-packages/airflow/example_dags/example_dynamic_task_mapping_with_no_taskflow_operators.py
[2025-06-20T15:55:04.083+0000] {processor.py:830} INFO - Processing file /home/airflow/.local/lib/python3.12/site-packages/airflow/example_dags/example_dynamic_task_mapping_with_no_taskflow_operators.py for tasks to queue
[2025-06-20T15:55:04.085+0000] {logging_mixin.py:188} INFO - [2025-06-20T15:55:04.085+0000] {dagbag.py:540} INFO - Filling up the DagBag from /home/airflow/.local/lib/python3.12/site-packages/airflow/example_dags/example_dynamic_task_mapping_with_no_taskflow_operators.py
[2025-06-20T15:55:04.092+0000] {processor.py:840} INFO - DAG(s) 'example_dynamic_task_mapping_with_no_taskflow_operators' retrieved from /home/airflow/.local/lib/python3.12/site-packages/airflow/example_dags/example_dynamic_task_mapping_with_no_taskflow_operators.py
[2025-06-20T15:55:04.111+0000] {logging_mixin.py:188} INFO - [2025-06-20T15:55:04.111+0000] {dag.py:3096} INFO - Sync 1 DAGs
[2025-06-20T15:55:04.133+0000] {logging_mixin.py:188} INFO - [2025-06-20T15:55:04.133+0000] {dag.py:3954} INFO - Setting next_dagrun for example_dynamic_task_mapping_with_no_taskflow_operators to 2025-06-19 00:00:00+00:00, run_after=2025-06-20 00:00:00+00:00
[2025-06-20T15:55:04.149+0000] {processor.py:183} INFO - Processing /home/airflow/.local/lib/python3.12/site-packages/airflow/example_dags/example_dynamic_task_mapping_with_no_taskflow_operators.py took 0.074 seconds
[2025-06-20T15:55:34.247+0000] {processor.py:161} INFO - Started process (PID=9451) to work on /home/airflow/.local/lib/python3.12/site-packages/airflow/example_dags/example_dynamic_task_mapping_with_no_taskflow_operators.py
[2025-06-20T15:55:34.248+0000] {processor.py:830} INFO - Processing file /home/airflow/.local/lib/python3.12/site-packages/airflow/example_dags/example_dynamic_task_mapping_with_no_taskflow_operators.py for tasks to queue
[2025-06-20T15:55:34.250+0000] {logging_mixin.py:188} INFO - [2025-06-20T15:55:34.250+0000] {dagbag.py:540} INFO - Filling up the DagBag from /home/airflow/.local/lib/python3.12/site-packages/airflow/example_dags/example_dynamic_task_mapping_with_no_taskflow_operators.py
[2025-06-20T15:55:34.258+0000] {processor.py:840} INFO - DAG(s) 'example_dynamic_task_mapping_with_no_taskflow_operators' retrieved from /home/airflow/.local/lib/python3.12/site-packages/airflow/example_dags/example_dynamic_task_mapping_with_no_taskflow_operators.py
[2025-06-20T15:55:34.277+0000] {logging_mixin.py:188} INFO - [2025-06-20T15:55:34.277+0000] {dag.py:3096} INFO - Sync 1 DAGs
[2025-06-20T15:55:34.298+0000] {logging_mixin.py:188} INFO - [2025-06-20T15:55:34.297+0000] {dag.py:3954} INFO - Setting next_dagrun for example_dynamic_task_mapping_with_no_taskflow_operators to 2025-06-19 00:00:00+00:00, run_after=2025-06-20 00:00:00+00:00
[2025-06-20T15:55:34.313+0000] {processor.py:183} INFO - Processing /home/airflow/.local/lib/python3.12/site-packages/airflow/example_dags/example_dynamic_task_mapping_with_no_taskflow_operators.py took 0.072 seconds
[2025-06-20T15:56:04.768+0000] {processor.py:161} INFO - Started process (PID=9510) to work on /home/airflow/.local/lib/python3.12/site-packages/airflow/example_dags/example_dynamic_task_mapping_with_no_taskflow_operators.py
[2025-06-20T15:56:04.769+0000] {processor.py:830} INFO - Processing file /home/airflow/.local/lib/python3.12/site-packages/airflow/example_dags/example_dynamic_task_mapping_with_no_taskflow_operators.py for tasks to queue
[2025-06-20T15:56:04.771+0000] {logging_mixin.py:188} INFO - [2025-06-20T15:56:04.770+0000] {dagbag.py:540} INFO - Filling up the DagBag from /home/airflow/.local/lib/python3.12/site-packages/airflow/example_dags/example_dynamic_task_mapping_with_no_taskflow_operators.py
[2025-06-20T15:56:04.777+0000] {processor.py:840} INFO - DAG(s) 'example_dynamic_task_mapping_with_no_taskflow_operators' retrieved from /home/airflow/.local/lib/python3.12/site-packages/airflow/example_dags/example_dynamic_task_mapping_with_no_taskflow_operators.py
[2025-06-20T15:56:04.797+0000] {logging_mixin.py:188} INFO - [2025-06-20T15:56:04.796+0000] {dag.py:3096} INFO - Sync 1 DAGs
[2025-06-20T15:56:04.817+0000] {logging_mixin.py:188} INFO - [2025-06-20T15:56:04.817+0000] {dag.py:3954} INFO - Setting next_dagrun for example_dynamic_task_mapping_with_no_taskflow_operators to 2025-06-19 00:00:00+00:00, run_after=2025-06-20 00:00:00+00:00
[2025-06-20T15:56:04.833+0000] {processor.py:183} INFO - Processing /home/airflow/.local/lib/python3.12/site-packages/airflow/example_dags/example_dynamic_task_mapping_with_no_taskflow_operators.py took 0.071 seconds
[2025-06-20T15:56:35.002+0000] {processor.py:161} INFO - Started process (PID=9569) to work on /home/airflow/.local/lib/python3.12/site-packages/airflow/example_dags/example_dynamic_task_mapping_with_no_taskflow_operators.py
[2025-06-20T15:56:35.003+0000] {processor.py:830} INFO - Processing file /home/airflow/.local/lib/python3.12/site-packages/airflow/example_dags/example_dynamic_task_mapping_with_no_taskflow_operators.py for tasks to queue
[2025-06-20T15:56:35.005+0000] {logging_mixin.py:188} INFO - [2025-06-20T15:56:35.004+0000] {dagbag.py:540} INFO - Filling up the DagBag from /home/airflow/.local/lib/python3.12/site-packages/airflow/example_dags/example_dynamic_task_mapping_with_no_taskflow_operators.py
[2025-06-20T15:56:35.011+0000] {processor.py:840} INFO - DAG(s) 'example_dynamic_task_mapping_with_no_taskflow_operators' retrieved from /home/airflow/.local/lib/python3.12/site-packages/airflow/example_dags/example_dynamic_task_mapping_with_no_taskflow_operators.py
[2025-06-20T15:56:35.030+0000] {logging_mixin.py:188} INFO - [2025-06-20T15:56:35.030+0000] {dag.py:3096} INFO - Sync 1 DAGs
[2025-06-20T15:56:35.050+0000] {logging_mixin.py:188} INFO - [2025-06-20T15:56:35.050+0000] {dag.py:3954} INFO - Setting next_dagrun for example_dynamic_task_mapping_with_no_taskflow_operators to 2025-06-19 00:00:00+00:00, run_after=2025-06-20 00:00:00+00:00
[2025-06-20T15:56:35.067+0000] {processor.py:183} INFO - Processing /home/airflow/.local/lib/python3.12/site-packages/airflow/example_dags/example_dynamic_task_mapping_with_no_taskflow_operators.py took 0.072 seconds
[2025-06-20T15:57:05.164+0000] {processor.py:161} INFO - Started process (PID=9628) to work on /home/airflow/.local/lib/python3.12/site-packages/airflow/example_dags/example_dynamic_task_mapping_with_no_taskflow_operators.py
[2025-06-20T15:57:05.165+0000] {processor.py:830} INFO - Processing file /home/airflow/.local/lib/python3.12/site-packages/airflow/example_dags/example_dynamic_task_mapping_with_no_taskflow_operators.py for tasks to queue
[2025-06-20T15:57:05.167+0000] {logging_mixin.py:188} INFO - [2025-06-20T15:57:05.166+0000] {dagbag.py:540} INFO - Filling up the DagBag from /home/airflow/.local/lib/python3.12/site-packages/airflow/example_dags/example_dynamic_task_mapping_with_no_taskflow_operators.py
[2025-06-20T15:57:05.173+0000] {processor.py:840} INFO - DAG(s) 'example_dynamic_task_mapping_with_no_taskflow_operators' retrieved from /home/airflow/.local/lib/python3.12/site-packages/airflow/example_dags/example_dynamic_task_mapping_with_no_taskflow_operators.py
[2025-06-20T15:57:05.192+0000] {logging_mixin.py:188} INFO - [2025-06-20T15:57:05.192+0000] {dag.py:3096} INFO - Sync 1 DAGs
[2025-06-20T15:57:05.213+0000] {logging_mixin.py:188} INFO - [2025-06-20T15:57:05.212+0000] {dag.py:3954} INFO - Setting next_dagrun for example_dynamic_task_mapping_with_no_taskflow_operators to 2025-06-19 00:00:00+00:00, run_after=2025-06-20 00:00:00+00:00
[2025-06-20T15:57:05.228+0000] {processor.py:183} INFO - Processing /home/airflow/.local/lib/python3.12/site-packages/airflow/example_dags/example_dynamic_task_mapping_with_no_taskflow_operators.py took 0.070 seconds
[2025-06-20T15:57:35.489+0000] {processor.py:161} INFO - Started process (PID=9687) to work on /home/airflow/.local/lib/python3.12/site-packages/airflow/example_dags/example_dynamic_task_mapping_with_no_taskflow_operators.py
[2025-06-20T15:57:35.490+0000] {processor.py:830} INFO - Processing file /home/airflow/.local/lib/python3.12/site-packages/airflow/example_dags/example_dynamic_task_mapping_with_no_taskflow_operators.py for tasks to queue
[2025-06-20T15:57:35.492+0000] {logging_mixin.py:188} INFO - [2025-06-20T15:57:35.492+0000] {dagbag.py:540} INFO - Filling up the DagBag from /home/airflow/.local/lib/python3.12/site-packages/airflow/example_dags/example_dynamic_task_mapping_with_no_taskflow_operators.py
[2025-06-20T15:57:35.499+0000] {processor.py:840} INFO - DAG(s) 'example_dynamic_task_mapping_with_no_taskflow_operators' retrieved from /home/airflow/.local/lib/python3.12/site-packages/airflow/example_dags/example_dynamic_task_mapping_with_no_taskflow_operators.py
[2025-06-20T15:57:35.520+0000] {logging_mixin.py:188} INFO - [2025-06-20T15:57:35.520+0000] {dag.py:3096} INFO - Sync 1 DAGs
[2025-06-20T15:57:35.543+0000] {logging_mixin.py:188} INFO - [2025-06-20T15:57:35.543+0000] {dag.py:3954} INFO - Setting next_dagrun for example_dynamic_task_mapping_with_no_taskflow_operators to 2025-06-19 00:00:00+00:00, run_after=2025-06-20 00:00:00+00:00
[2025-06-20T15:57:35.576+0000] {processor.py:183} INFO - Processing /home/airflow/.local/lib/python3.12/site-packages/airflow/example_dags/example_dynamic_task_mapping_with_no_taskflow_operators.py took 0.093 seconds
[2025-06-20T15:58:05.868+0000] {processor.py:161} INFO - Started process (PID=9746) to work on /home/airflow/.local/lib/python3.12/site-packages/airflow/example_dags/example_dynamic_task_mapping_with_no_taskflow_operators.py
[2025-06-20T15:58:05.869+0000] {processor.py:830} INFO - Processing file /home/airflow/.local/lib/python3.12/site-packages/airflow/example_dags/example_dynamic_task_mapping_with_no_taskflow_operators.py for tasks to queue
[2025-06-20T15:58:05.871+0000] {logging_mixin.py:188} INFO - [2025-06-20T15:58:05.870+0000] {dagbag.py:540} INFO - Filling up the DagBag from /home/airflow/.local/lib/python3.12/site-packages/airflow/example_dags/example_dynamic_task_mapping_with_no_taskflow_operators.py
[2025-06-20T15:58:05.878+0000] {processor.py:840} INFO - DAG(s) 'example_dynamic_task_mapping_with_no_taskflow_operators' retrieved from /home/airflow/.local/lib/python3.12/site-packages/airflow/example_dags/example_dynamic_task_mapping_with_no_taskflow_operators.py
[2025-06-20T15:58:05.898+0000] {logging_mixin.py:188} INFO - [2025-06-20T15:58:05.898+0000] {dag.py:3096} INFO - Sync 1 DAGs
[2025-06-20T15:58:05.922+0000] {logging_mixin.py:188} INFO - [2025-06-20T15:58:05.922+0000] {dag.py:3954} INFO - Setting next_dagrun for example_dynamic_task_mapping_with_no_taskflow_operators to 2025-06-19 00:00:00+00:00, run_after=2025-06-20 00:00:00+00:00
[2025-06-20T15:58:05.938+0000] {processor.py:183} INFO - Processing /home/airflow/.local/lib/python3.12/site-packages/airflow/example_dags/example_dynamic_task_mapping_with_no_taskflow_operators.py took 0.077 seconds
[2025-06-20T15:58:36.027+0000] {processor.py:161} INFO - Started process (PID=9805) to work on /home/airflow/.local/lib/python3.12/site-packages/airflow/example_dags/example_dynamic_task_mapping_with_no_taskflow_operators.py
[2025-06-20T15:58:36.028+0000] {processor.py:830} INFO - Processing file /home/airflow/.local/lib/python3.12/site-packages/airflow/example_dags/example_dynamic_task_mapping_with_no_taskflow_operators.py for tasks to queue
[2025-06-20T15:58:36.030+0000] {logging_mixin.py:188} INFO - [2025-06-20T15:58:36.030+0000] {dagbag.py:540} INFO - Filling up the DagBag from /home/airflow/.local/lib/python3.12/site-packages/airflow/example_dags/example_dynamic_task_mapping_with_no_taskflow_operators.py
[2025-06-20T15:58:36.037+0000] {processor.py:840} INFO - DAG(s) 'example_dynamic_task_mapping_with_no_taskflow_operators' retrieved from /home/airflow/.local/lib/python3.12/site-packages/airflow/example_dags/example_dynamic_task_mapping_with_no_taskflow_operators.py
[2025-06-20T15:58:36.056+0000] {logging_mixin.py:188} INFO - [2025-06-20T15:58:36.055+0000] {dag.py:3096} INFO - Sync 1 DAGs
[2025-06-20T15:58:36.075+0000] {logging_mixin.py:188} INFO - [2025-06-20T15:58:36.075+0000] {dag.py:3954} INFO - Setting next_dagrun for example_dynamic_task_mapping_with_no_taskflow_operators to 2025-06-19 00:00:00+00:00, run_after=2025-06-20 00:00:00+00:00
[2025-06-20T15:58:36.091+0000] {processor.py:183} INFO - Processing /home/airflow/.local/lib/python3.12/site-packages/airflow/example_dags/example_dynamic_task_mapping_with_no_taskflow_operators.py took 0.071 seconds
[2025-06-20T15:59:06.422+0000] {processor.py:161} INFO - Started process (PID=9864) to work on /home/airflow/.local/lib/python3.12/site-packages/airflow/example_dags/example_dynamic_task_mapping_with_no_taskflow_operators.py
[2025-06-20T15:59:06.423+0000] {processor.py:830} INFO - Processing file /home/airflow/.local/lib/python3.12/site-packages/airflow/example_dags/example_dynamic_task_mapping_with_no_taskflow_operators.py for tasks to queue
[2025-06-20T15:59:06.425+0000] {logging_mixin.py:188} INFO - [2025-06-20T15:59:06.425+0000] {dagbag.py:540} INFO - Filling up the DagBag from /home/airflow/.local/lib/python3.12/site-packages/airflow/example_dags/example_dynamic_task_mapping_with_no_taskflow_operators.py
[2025-06-20T15:59:06.432+0000] {processor.py:840} INFO - DAG(s) 'example_dynamic_task_mapping_with_no_taskflow_operators' retrieved from /home/airflow/.local/lib/python3.12/site-packages/airflow/example_dags/example_dynamic_task_mapping_with_no_taskflow_operators.py
[2025-06-20T15:59:06.451+0000] {logging_mixin.py:188} INFO - [2025-06-20T15:59:06.451+0000] {dag.py:3096} INFO - Sync 1 DAGs
[2025-06-20T15:59:06.471+0000] {logging_mixin.py:188} INFO - [2025-06-20T15:59:06.471+0000] {dag.py:3954} INFO - Setting next_dagrun for example_dynamic_task_mapping_with_no_taskflow_operators to 2025-06-19 00:00:00+00:00, run_after=2025-06-20 00:00:00+00:00
[2025-06-20T15:59:06.486+0000] {processor.py:183} INFO - Processing /home/airflow/.local/lib/python3.12/site-packages/airflow/example_dags/example_dynamic_task_mapping_with_no_taskflow_operators.py took 0.070 seconds
[2025-06-20T15:59:36.560+0000] {processor.py:161} INFO - Started process (PID=9923) to work on /home/airflow/.local/lib/python3.12/site-packages/airflow/example_dags/example_dynamic_task_mapping_with_no_taskflow_operators.py
[2025-06-20T15:59:36.561+0000] {processor.py:830} INFO - Processing file /home/airflow/.local/lib/python3.12/site-packages/airflow/example_dags/example_dynamic_task_mapping_with_no_taskflow_operators.py for tasks to queue
[2025-06-20T15:59:36.563+0000] {logging_mixin.py:188} INFO - [2025-06-20T15:59:36.563+0000] {dagbag.py:540} INFO - Filling up the DagBag from /home/airflow/.local/lib/python3.12/site-packages/airflow/example_dags/example_dynamic_task_mapping_with_no_taskflow_operators.py
[2025-06-20T15:59:36.570+0000] {processor.py:840} INFO - DAG(s) 'example_dynamic_task_mapping_with_no_taskflow_operators' retrieved from /home/airflow/.local/lib/python3.12/site-packages/airflow/example_dags/example_dynamic_task_mapping_with_no_taskflow_operators.py
[2025-06-20T15:59:36.585+0000] {logging_mixin.py:188} INFO - [2025-06-20T15:59:36.585+0000] {dag.py:3096} INFO - Sync 1 DAGs
[2025-06-20T15:59:36.608+0000] {logging_mixin.py:188} INFO - [2025-06-20T15:59:36.608+0000] {dag.py:3954} INFO - Setting next_dagrun for example_dynamic_task_mapping_with_no_taskflow_operators to 2025-06-19 00:00:00+00:00, run_after=2025-06-20 00:00:00+00:00
[2025-06-20T15:59:36.624+0000] {processor.py:183} INFO - Processing /home/airflow/.local/lib/python3.12/site-packages/airflow/example_dags/example_dynamic_task_mapping_with_no_taskflow_operators.py took 0.071 seconds
[2025-06-20T16:00:23.083+0000] {processor.py:161} INFO - Started process (PID=79) to work on /home/airflow/.local/lib/python3.12/site-packages/airflow/example_dags/example_dynamic_task_mapping_with_no_taskflow_operators.py
[2025-06-20T16:00:23.086+0000] {processor.py:830} INFO - Processing file /home/airflow/.local/lib/python3.12/site-packages/airflow/example_dags/example_dynamic_task_mapping_with_no_taskflow_operators.py for tasks to queue
[2025-06-20T16:00:23.094+0000] {logging_mixin.py:188} INFO - [2025-06-20T16:00:23.093+0000] {dagbag.py:540} INFO - Filling up the DagBag from /home/airflow/.local/lib/python3.12/site-packages/airflow/example_dags/example_dynamic_task_mapping_with_no_taskflow_operators.py
[2025-06-20T16:00:23.110+0000] {processor.py:840} INFO - DAG(s) 'example_dynamic_task_mapping_with_no_taskflow_operators' retrieved from /home/airflow/.local/lib/python3.12/site-packages/airflow/example_dags/example_dynamic_task_mapping_with_no_taskflow_operators.py
[2025-06-20T16:00:23.124+0000] {logging_mixin.py:188} INFO - [2025-06-20T16:00:23.124+0000] {dag.py:3096} INFO - Sync 1 DAGs
[2025-06-20T16:00:23.154+0000] {logging_mixin.py:188} INFO - [2025-06-20T16:00:23.154+0000] {dag.py:3954} INFO - Setting next_dagrun for example_dynamic_task_mapping_with_no_taskflow_operators to 2025-06-19 00:00:00+00:00, run_after=2025-06-20 00:00:00+00:00
[2025-06-20T16:00:23.174+0000] {processor.py:183} INFO - Processing /home/airflow/.local/lib/python3.12/site-packages/airflow/example_dags/example_dynamic_task_mapping_with_no_taskflow_operators.py took 0.114 seconds
[2025-06-20T16:00:53.937+0000] {processor.py:161} INFO - Started process (PID=138) to work on /home/airflow/.local/lib/python3.12/site-packages/airflow/example_dags/example_dynamic_task_mapping_with_no_taskflow_operators.py
[2025-06-20T16:00:53.938+0000] {processor.py:830} INFO - Processing file /home/airflow/.local/lib/python3.12/site-packages/airflow/example_dags/example_dynamic_task_mapping_with_no_taskflow_operators.py for tasks to queue
[2025-06-20T16:00:53.940+0000] {logging_mixin.py:188} INFO - [2025-06-20T16:00:53.939+0000] {dagbag.py:540} INFO - Filling up the DagBag from /home/airflow/.local/lib/python3.12/site-packages/airflow/example_dags/example_dynamic_task_mapping_with_no_taskflow_operators.py
[2025-06-20T16:00:53.946+0000] {processor.py:840} INFO - DAG(s) 'example_dynamic_task_mapping_with_no_taskflow_operators' retrieved from /home/airflow/.local/lib/python3.12/site-packages/airflow/example_dags/example_dynamic_task_mapping_with_no_taskflow_operators.py
[2025-06-20T16:00:54.046+0000] {logging_mixin.py:188} INFO - [2025-06-20T16:00:54.045+0000] {dag.py:3096} INFO - Sync 1 DAGs
[2025-06-20T16:00:54.064+0000] {logging_mixin.py:188} INFO - [2025-06-20T16:00:54.063+0000] {dag.py:3954} INFO - Setting next_dagrun for example_dynamic_task_mapping_with_no_taskflow_operators to 2025-06-19 00:00:00+00:00, run_after=2025-06-20 00:00:00+00:00
[2025-06-20T16:00:54.079+0000] {processor.py:183} INFO - Processing /home/airflow/.local/lib/python3.12/site-packages/airflow/example_dags/example_dynamic_task_mapping_with_no_taskflow_operators.py took 0.148 seconds
[2025-06-20T16:01:24.509+0000] {processor.py:161} INFO - Started process (PID=197) to work on /home/airflow/.local/lib/python3.12/site-packages/airflow/example_dags/example_dynamic_task_mapping_with_no_taskflow_operators.py
[2025-06-20T16:01:24.510+0000] {processor.py:830} INFO - Processing file /home/airflow/.local/lib/python3.12/site-packages/airflow/example_dags/example_dynamic_task_mapping_with_no_taskflow_operators.py for tasks to queue
[2025-06-20T16:01:24.512+0000] {logging_mixin.py:188} INFO - [2025-06-20T16:01:24.512+0000] {dagbag.py:540} INFO - Filling up the DagBag from /home/airflow/.local/lib/python3.12/site-packages/airflow/example_dags/example_dynamic_task_mapping_with_no_taskflow_operators.py
[2025-06-20T16:01:24.518+0000] {processor.py:840} INFO - DAG(s) 'example_dynamic_task_mapping_with_no_taskflow_operators' retrieved from /home/airflow/.local/lib/python3.12/site-packages/airflow/example_dags/example_dynamic_task_mapping_with_no_taskflow_operators.py
[2025-06-20T16:01:24.538+0000] {logging_mixin.py:188} INFO - [2025-06-20T16:01:24.538+0000] {dag.py:3096} INFO - Sync 1 DAGs
[2025-06-20T16:01:24.559+0000] {logging_mixin.py:188} INFO - [2025-06-20T16:01:24.559+0000] {dag.py:3954} INFO - Setting next_dagrun for example_dynamic_task_mapping_with_no_taskflow_operators to 2025-06-19 00:00:00+00:00, run_after=2025-06-20 00:00:00+00:00
[2025-06-20T16:01:24.576+0000] {processor.py:183} INFO - Processing /home/airflow/.local/lib/python3.12/site-packages/airflow/example_dags/example_dynamic_task_mapping_with_no_taskflow_operators.py took 0.073 seconds
[2025-06-20T16:01:54.911+0000] {processor.py:161} INFO - Started process (PID=262) to work on /home/airflow/.local/lib/python3.12/site-packages/airflow/example_dags/example_dynamic_task_mapping_with_no_taskflow_operators.py
[2025-06-20T16:01:54.912+0000] {processor.py:830} INFO - Processing file /home/airflow/.local/lib/python3.12/site-packages/airflow/example_dags/example_dynamic_task_mapping_with_no_taskflow_operators.py for tasks to queue
[2025-06-20T16:01:54.913+0000] {logging_mixin.py:188} INFO - [2025-06-20T16:01:54.913+0000] {dagbag.py:540} INFO - Filling up the DagBag from /home/airflow/.local/lib/python3.12/site-packages/airflow/example_dags/example_dynamic_task_mapping_with_no_taskflow_operators.py
[2025-06-20T16:01:54.920+0000] {processor.py:840} INFO - DAG(s) 'example_dynamic_task_mapping_with_no_taskflow_operators' retrieved from /home/airflow/.local/lib/python3.12/site-packages/airflow/example_dags/example_dynamic_task_mapping_with_no_taskflow_operators.py
[2025-06-20T16:01:54.939+0000] {logging_mixin.py:188} INFO - [2025-06-20T16:01:54.939+0000] {dag.py:3096} INFO - Sync 1 DAGs
[2025-06-20T16:01:54.961+0000] {logging_mixin.py:188} INFO - [2025-06-20T16:01:54.961+0000] {dag.py:3954} INFO - Setting next_dagrun for example_dynamic_task_mapping_with_no_taskflow_operators to 2025-06-19 00:00:00+00:00, run_after=2025-06-20 00:00:00+00:00
[2025-06-20T16:01:54.978+0000] {processor.py:183} INFO - Processing /home/airflow/.local/lib/python3.12/site-packages/airflow/example_dags/example_dynamic_task_mapping_with_no_taskflow_operators.py took 0.074 seconds
[2025-06-20T16:02:25.097+0000] {processor.py:161} INFO - Started process (PID=321) to work on /home/airflow/.local/lib/python3.12/site-packages/airflow/example_dags/example_dynamic_task_mapping_with_no_taskflow_operators.py
[2025-06-20T16:02:25.098+0000] {processor.py:830} INFO - Processing file /home/airflow/.local/lib/python3.12/site-packages/airflow/example_dags/example_dynamic_task_mapping_with_no_taskflow_operators.py for tasks to queue
[2025-06-20T16:02:25.100+0000] {logging_mixin.py:188} INFO - [2025-06-20T16:02:25.100+0000] {dagbag.py:540} INFO - Filling up the DagBag from /home/airflow/.local/lib/python3.12/site-packages/airflow/example_dags/example_dynamic_task_mapping_with_no_taskflow_operators.py
[2025-06-20T16:02:25.107+0000] {processor.py:840} INFO - DAG(s) 'example_dynamic_task_mapping_with_no_taskflow_operators' retrieved from /home/airflow/.local/lib/python3.12/site-packages/airflow/example_dags/example_dynamic_task_mapping_with_no_taskflow_operators.py
[2025-06-20T16:02:25.126+0000] {logging_mixin.py:188} INFO - [2025-06-20T16:02:25.126+0000] {dag.py:3096} INFO - Sync 1 DAGs
[2025-06-20T16:02:25.147+0000] {logging_mixin.py:188} INFO - [2025-06-20T16:02:25.146+0000] {dag.py:3954} INFO - Setting next_dagrun for example_dynamic_task_mapping_with_no_taskflow_operators to 2025-06-19 00:00:00+00:00, run_after=2025-06-20 00:00:00+00:00
[2025-06-20T16:02:25.162+0000] {processor.py:183} INFO - Processing /home/airflow/.local/lib/python3.12/site-packages/airflow/example_dags/example_dynamic_task_mapping_with_no_taskflow_operators.py took 0.070 seconds
[2025-06-20T16:02:55.303+0000] {processor.py:161} INFO - Started process (PID=380) to work on /home/airflow/.local/lib/python3.12/site-packages/airflow/example_dags/example_dynamic_task_mapping_with_no_taskflow_operators.py
[2025-06-20T16:02:55.304+0000] {processor.py:830} INFO - Processing file /home/airflow/.local/lib/python3.12/site-packages/airflow/example_dags/example_dynamic_task_mapping_with_no_taskflow_operators.py for tasks to queue
[2025-06-20T16:02:55.306+0000] {logging_mixin.py:188} INFO - [2025-06-20T16:02:55.306+0000] {dagbag.py:540} INFO - Filling up the DagBag from /home/airflow/.local/lib/python3.12/site-packages/airflow/example_dags/example_dynamic_task_mapping_with_no_taskflow_operators.py
[2025-06-20T16:02:55.312+0000] {processor.py:840} INFO - DAG(s) 'example_dynamic_task_mapping_with_no_taskflow_operators' retrieved from /home/airflow/.local/lib/python3.12/site-packages/airflow/example_dags/example_dynamic_task_mapping_with_no_taskflow_operators.py
[2025-06-20T16:02:55.331+0000] {logging_mixin.py:188} INFO - [2025-06-20T16:02:55.331+0000] {dag.py:3096} INFO - Sync 1 DAGs
[2025-06-20T16:02:55.351+0000] {logging_mixin.py:188} INFO - [2025-06-20T16:02:55.351+0000] {dag.py:3954} INFO - Setting next_dagrun for example_dynamic_task_mapping_with_no_taskflow_operators to 2025-06-19 00:00:00+00:00, run_after=2025-06-20 00:00:00+00:00
[2025-06-20T16:02:55.366+0000] {processor.py:183} INFO - Processing /home/airflow/.local/lib/python3.12/site-packages/airflow/example_dags/example_dynamic_task_mapping_with_no_taskflow_operators.py took 0.068 seconds
[2025-06-20T16:03:25.465+0000] {processor.py:161} INFO - Started process (PID=439) to work on /home/airflow/.local/lib/python3.12/site-packages/airflow/example_dags/example_dynamic_task_mapping_with_no_taskflow_operators.py
[2025-06-20T16:03:25.466+0000] {processor.py:830} INFO - Processing file /home/airflow/.local/lib/python3.12/site-packages/airflow/example_dags/example_dynamic_task_mapping_with_no_taskflow_operators.py for tasks to queue
[2025-06-20T16:03:25.468+0000] {logging_mixin.py:188} INFO - [2025-06-20T16:03:25.468+0000] {dagbag.py:540} INFO - Filling up the DagBag from /home/airflow/.local/lib/python3.12/site-packages/airflow/example_dags/example_dynamic_task_mapping_with_no_taskflow_operators.py
[2025-06-20T16:03:25.474+0000] {processor.py:840} INFO - DAG(s) 'example_dynamic_task_mapping_with_no_taskflow_operators' retrieved from /home/airflow/.local/lib/python3.12/site-packages/airflow/example_dags/example_dynamic_task_mapping_with_no_taskflow_operators.py
[2025-06-20T16:03:25.494+0000] {logging_mixin.py:188} INFO - [2025-06-20T16:03:25.493+0000] {dag.py:3096} INFO - Sync 1 DAGs
[2025-06-20T16:03:25.514+0000] {logging_mixin.py:188} INFO - [2025-06-20T16:03:25.514+0000] {dag.py:3954} INFO - Setting next_dagrun for example_dynamic_task_mapping_with_no_taskflow_operators to 2025-06-19 00:00:00+00:00, run_after=2025-06-20 00:00:00+00:00
[2025-06-20T16:03:25.530+0000] {processor.py:183} INFO - Processing /home/airflow/.local/lib/python3.12/site-packages/airflow/example_dags/example_dynamic_task_mapping_with_no_taskflow_operators.py took 0.071 seconds
[2025-06-20T16:03:55.658+0000] {processor.py:161} INFO - Started process (PID=498) to work on /home/airflow/.local/lib/python3.12/site-packages/airflow/example_dags/example_dynamic_task_mapping_with_no_taskflow_operators.py
[2025-06-20T16:03:55.659+0000] {processor.py:830} INFO - Processing file /home/airflow/.local/lib/python3.12/site-packages/airflow/example_dags/example_dynamic_task_mapping_with_no_taskflow_operators.py for tasks to queue
[2025-06-20T16:03:55.661+0000] {logging_mixin.py:188} INFO - [2025-06-20T16:03:55.660+0000] {dagbag.py:540} INFO - Filling up the DagBag from /home/airflow/.local/lib/python3.12/site-packages/airflow/example_dags/example_dynamic_task_mapping_with_no_taskflow_operators.py
[2025-06-20T16:03:55.667+0000] {processor.py:840} INFO - DAG(s) 'example_dynamic_task_mapping_with_no_taskflow_operators' retrieved from /home/airflow/.local/lib/python3.12/site-packages/airflow/example_dags/example_dynamic_task_mapping_with_no_taskflow_operators.py
[2025-06-20T16:03:55.685+0000] {logging_mixin.py:188} INFO - [2025-06-20T16:03:55.685+0000] {dag.py:3096} INFO - Sync 1 DAGs
[2025-06-20T16:03:55.705+0000] {logging_mixin.py:188} INFO - [2025-06-20T16:03:55.705+0000] {dag.py:3954} INFO - Setting next_dagrun for example_dynamic_task_mapping_with_no_taskflow_operators to 2025-06-19 00:00:00+00:00, run_after=2025-06-20 00:00:00+00:00
[2025-06-20T16:03:55.722+0000] {processor.py:183} INFO - Processing /home/airflow/.local/lib/python3.12/site-packages/airflow/example_dags/example_dynamic_task_mapping_with_no_taskflow_operators.py took 0.069 seconds
[2025-06-20T16:04:25.804+0000] {processor.py:161} INFO - Started process (PID=557) to work on /home/airflow/.local/lib/python3.12/site-packages/airflow/example_dags/example_dynamic_task_mapping_with_no_taskflow_operators.py
[2025-06-20T16:04:25.805+0000] {processor.py:830} INFO - Processing file /home/airflow/.local/lib/python3.12/site-packages/airflow/example_dags/example_dynamic_task_mapping_with_no_taskflow_operators.py for tasks to queue
[2025-06-20T16:04:25.807+0000] {logging_mixin.py:188} INFO - [2025-06-20T16:04:25.806+0000] {dagbag.py:540} INFO - Filling up the DagBag from /home/airflow/.local/lib/python3.12/site-packages/airflow/example_dags/example_dynamic_task_mapping_with_no_taskflow_operators.py
[2025-06-20T16:04:25.812+0000] {processor.py:840} INFO - DAG(s) 'example_dynamic_task_mapping_with_no_taskflow_operators' retrieved from /home/airflow/.local/lib/python3.12/site-packages/airflow/example_dags/example_dynamic_task_mapping_with_no_taskflow_operators.py
[2025-06-20T16:04:25.830+0000] {logging_mixin.py:188} INFO - [2025-06-20T16:04:25.830+0000] {dag.py:3096} INFO - Sync 1 DAGs
[2025-06-20T16:04:25.849+0000] {logging_mixin.py:188} INFO - [2025-06-20T16:04:25.849+0000] {dag.py:3954} INFO - Setting next_dagrun for example_dynamic_task_mapping_with_no_taskflow_operators to 2025-06-19 00:00:00+00:00, run_after=2025-06-20 00:00:00+00:00
[2025-06-20T16:04:25.864+0000] {processor.py:183} INFO - Processing /home/airflow/.local/lib/python3.12/site-packages/airflow/example_dags/example_dynamic_task_mapping_with_no_taskflow_operators.py took 0.066 seconds
[2025-06-20T16:04:55.934+0000] {processor.py:161} INFO - Started process (PID=616) to work on /home/airflow/.local/lib/python3.12/site-packages/airflow/example_dags/example_dynamic_task_mapping_with_no_taskflow_operators.py
[2025-06-20T16:04:55.935+0000] {processor.py:830} INFO - Processing file /home/airflow/.local/lib/python3.12/site-packages/airflow/example_dags/example_dynamic_task_mapping_with_no_taskflow_operators.py for tasks to queue
[2025-06-20T16:04:55.937+0000] {logging_mixin.py:188} INFO - [2025-06-20T16:04:55.936+0000] {dagbag.py:540} INFO - Filling up the DagBag from /home/airflow/.local/lib/python3.12/site-packages/airflow/example_dags/example_dynamic_task_mapping_with_no_taskflow_operators.py
[2025-06-20T16:04:55.943+0000] {processor.py:840} INFO - DAG(s) 'example_dynamic_task_mapping_with_no_taskflow_operators' retrieved from /home/airflow/.local/lib/python3.12/site-packages/airflow/example_dags/example_dynamic_task_mapping_with_no_taskflow_operators.py
[2025-06-20T16:04:55.964+0000] {logging_mixin.py:188} INFO - [2025-06-20T16:04:55.964+0000] {dag.py:3096} INFO - Sync 1 DAGs
[2025-06-20T16:04:55.983+0000] {logging_mixin.py:188} INFO - [2025-06-20T16:04:55.983+0000] {dag.py:3954} INFO - Setting next_dagrun for example_dynamic_task_mapping_with_no_taskflow_operators to 2025-06-19 00:00:00+00:00, run_after=2025-06-20 00:00:00+00:00
[2025-06-20T16:04:55.998+0000] {processor.py:183} INFO - Processing /home/airflow/.local/lib/python3.12/site-packages/airflow/example_dags/example_dynamic_task_mapping_with_no_taskflow_operators.py took 0.070 seconds
[2025-06-20T16:05:26.327+0000] {processor.py:161} INFO - Started process (PID=675) to work on /home/airflow/.local/lib/python3.12/site-packages/airflow/example_dags/example_dynamic_task_mapping_with_no_taskflow_operators.py
[2025-06-20T16:05:26.328+0000] {processor.py:830} INFO - Processing file /home/airflow/.local/lib/python3.12/site-packages/airflow/example_dags/example_dynamic_task_mapping_with_no_taskflow_operators.py for tasks to queue
[2025-06-20T16:05:26.330+0000] {logging_mixin.py:188} INFO - [2025-06-20T16:05:26.329+0000] {dagbag.py:540} INFO - Filling up the DagBag from /home/airflow/.local/lib/python3.12/site-packages/airflow/example_dags/example_dynamic_task_mapping_with_no_taskflow_operators.py
[2025-06-20T16:05:26.336+0000] {processor.py:840} INFO - DAG(s) 'example_dynamic_task_mapping_with_no_taskflow_operators' retrieved from /home/airflow/.local/lib/python3.12/site-packages/airflow/example_dags/example_dynamic_task_mapping_with_no_taskflow_operators.py
[2025-06-20T16:05:26.354+0000] {logging_mixin.py:188} INFO - [2025-06-20T16:05:26.354+0000] {dag.py:3096} INFO - Sync 1 DAGs
[2025-06-20T16:05:26.374+0000] {logging_mixin.py:188} INFO - [2025-06-20T16:05:26.374+0000] {dag.py:3954} INFO - Setting next_dagrun for example_dynamic_task_mapping_with_no_taskflow_operators to 2025-06-19 00:00:00+00:00, run_after=2025-06-20 00:00:00+00:00
[2025-06-20T16:05:26.389+0000] {processor.py:183} INFO - Processing /home/airflow/.local/lib/python3.12/site-packages/airflow/example_dags/example_dynamic_task_mapping_with_no_taskflow_operators.py took 0.069 seconds
[2025-06-20T16:05:56.706+0000] {processor.py:161} INFO - Started process (PID=734) to work on /home/airflow/.local/lib/python3.12/site-packages/airflow/example_dags/example_dynamic_task_mapping_with_no_taskflow_operators.py
[2025-06-20T16:05:56.707+0000] {processor.py:830} INFO - Processing file /home/airflow/.local/lib/python3.12/site-packages/airflow/example_dags/example_dynamic_task_mapping_with_no_taskflow_operators.py for tasks to queue
[2025-06-20T16:05:56.709+0000] {logging_mixin.py:188} INFO - [2025-06-20T16:05:56.708+0000] {dagbag.py:540} INFO - Filling up the DagBag from /home/airflow/.local/lib/python3.12/site-packages/airflow/example_dags/example_dynamic_task_mapping_with_no_taskflow_operators.py
[2025-06-20T16:05:56.715+0000] {processor.py:840} INFO - DAG(s) 'example_dynamic_task_mapping_with_no_taskflow_operators' retrieved from /home/airflow/.local/lib/python3.12/site-packages/airflow/example_dags/example_dynamic_task_mapping_with_no_taskflow_operators.py
[2025-06-20T16:05:56.734+0000] {logging_mixin.py:188} INFO - [2025-06-20T16:05:56.733+0000] {dag.py:3096} INFO - Sync 1 DAGs
[2025-06-20T16:05:56.753+0000] {logging_mixin.py:188} INFO - [2025-06-20T16:05:56.753+0000] {dag.py:3954} INFO - Setting next_dagrun for example_dynamic_task_mapping_with_no_taskflow_operators to 2025-06-19 00:00:00+00:00, run_after=2025-06-20 00:00:00+00:00
[2025-06-20T16:05:56.768+0000] {processor.py:183} INFO - Processing /home/airflow/.local/lib/python3.12/site-packages/airflow/example_dags/example_dynamic_task_mapping_with_no_taskflow_operators.py took 0.068 seconds
[2025-06-20T16:06:27.125+0000] {processor.py:161} INFO - Started process (PID=793) to work on /home/airflow/.local/lib/python3.12/site-packages/airflow/example_dags/example_dynamic_task_mapping_with_no_taskflow_operators.py
[2025-06-20T16:06:27.126+0000] {processor.py:830} INFO - Processing file /home/airflow/.local/lib/python3.12/site-packages/airflow/example_dags/example_dynamic_task_mapping_with_no_taskflow_operators.py for tasks to queue
[2025-06-20T16:06:27.128+0000] {logging_mixin.py:188} INFO - [2025-06-20T16:06:27.128+0000] {dagbag.py:540} INFO - Filling up the DagBag from /home/airflow/.local/lib/python3.12/site-packages/airflow/example_dags/example_dynamic_task_mapping_with_no_taskflow_operators.py
[2025-06-20T16:06:27.134+0000] {processor.py:840} INFO - DAG(s) 'example_dynamic_task_mapping_with_no_taskflow_operators' retrieved from /home/airflow/.local/lib/python3.12/site-packages/airflow/example_dags/example_dynamic_task_mapping_with_no_taskflow_operators.py
[2025-06-20T16:06:27.153+0000] {logging_mixin.py:188} INFO - [2025-06-20T16:06:27.153+0000] {dag.py:3096} INFO - Sync 1 DAGs
[2025-06-20T16:06:27.174+0000] {logging_mixin.py:188} INFO - [2025-06-20T16:06:27.173+0000] {dag.py:3954} INFO - Setting next_dagrun for example_dynamic_task_mapping_with_no_taskflow_operators to 2025-06-19 00:00:00+00:00, run_after=2025-06-20 00:00:00+00:00
[2025-06-20T16:06:27.189+0000] {processor.py:183} INFO - Processing /home/airflow/.local/lib/python3.12/site-packages/airflow/example_dags/example_dynamic_task_mapping_with_no_taskflow_operators.py took 0.070 seconds
[2025-06-20T16:06:57.334+0000] {processor.py:161} INFO - Started process (PID=852) to work on /home/airflow/.local/lib/python3.12/site-packages/airflow/example_dags/example_dynamic_task_mapping_with_no_taskflow_operators.py
[2025-06-20T16:06:57.335+0000] {processor.py:830} INFO - Processing file /home/airflow/.local/lib/python3.12/site-packages/airflow/example_dags/example_dynamic_task_mapping_with_no_taskflow_operators.py for tasks to queue
[2025-06-20T16:06:57.337+0000] {logging_mixin.py:188} INFO - [2025-06-20T16:06:57.337+0000] {dagbag.py:540} INFO - Filling up the DagBag from /home/airflow/.local/lib/python3.12/site-packages/airflow/example_dags/example_dynamic_task_mapping_with_no_taskflow_operators.py
[2025-06-20T16:06:57.343+0000] {processor.py:840} INFO - DAG(s) 'example_dynamic_task_mapping_with_no_taskflow_operators' retrieved from /home/airflow/.local/lib/python3.12/site-packages/airflow/example_dags/example_dynamic_task_mapping_with_no_taskflow_operators.py
[2025-06-20T16:06:57.362+0000] {logging_mixin.py:188} INFO - [2025-06-20T16:06:57.362+0000] {dag.py:3096} INFO - Sync 1 DAGs
[2025-06-20T16:06:57.382+0000] {logging_mixin.py:188} INFO - [2025-06-20T16:06:57.381+0000] {dag.py:3954} INFO - Setting next_dagrun for example_dynamic_task_mapping_with_no_taskflow_operators to 2025-06-19 00:00:00+00:00, run_after=2025-06-20 00:00:00+00:00
[2025-06-20T16:06:57.397+0000] {processor.py:183} INFO - Processing /home/airflow/.local/lib/python3.12/site-packages/airflow/example_dags/example_dynamic_task_mapping_with_no_taskflow_operators.py took 0.068 seconds
[2025-06-20T16:07:27.663+0000] {processor.py:161} INFO - Started process (PID=911) to work on /home/airflow/.local/lib/python3.12/site-packages/airflow/example_dags/example_dynamic_task_mapping_with_no_taskflow_operators.py
[2025-06-20T16:07:27.664+0000] {processor.py:830} INFO - Processing file /home/airflow/.local/lib/python3.12/site-packages/airflow/example_dags/example_dynamic_task_mapping_with_no_taskflow_operators.py for tasks to queue
[2025-06-20T16:07:27.666+0000] {logging_mixin.py:188} INFO - [2025-06-20T16:07:27.665+0000] {dagbag.py:540} INFO - Filling up the DagBag from /home/airflow/.local/lib/python3.12/site-packages/airflow/example_dags/example_dynamic_task_mapping_with_no_taskflow_operators.py
[2025-06-20T16:07:27.672+0000] {processor.py:840} INFO - DAG(s) 'example_dynamic_task_mapping_with_no_taskflow_operators' retrieved from /home/airflow/.local/lib/python3.12/site-packages/airflow/example_dags/example_dynamic_task_mapping_with_no_taskflow_operators.py
[2025-06-20T16:07:27.691+0000] {logging_mixin.py:188} INFO - [2025-06-20T16:07:27.690+0000] {dag.py:3096} INFO - Sync 1 DAGs
[2025-06-20T16:07:27.711+0000] {logging_mixin.py:188} INFO - [2025-06-20T16:07:27.710+0000] {dag.py:3954} INFO - Setting next_dagrun for example_dynamic_task_mapping_with_no_taskflow_operators to 2025-06-19 00:00:00+00:00, run_after=2025-06-20 00:00:00+00:00
[2025-06-20T16:07:27.725+0000] {processor.py:183} INFO - Processing /home/airflow/.local/lib/python3.12/site-packages/airflow/example_dags/example_dynamic_task_mapping_with_no_taskflow_operators.py took 0.068 seconds
[2025-06-20T16:07:57.931+0000] {processor.py:161} INFO - Started process (PID=970) to work on /home/airflow/.local/lib/python3.12/site-packages/airflow/example_dags/example_dynamic_task_mapping_with_no_taskflow_operators.py
[2025-06-20T16:07:57.932+0000] {processor.py:830} INFO - Processing file /home/airflow/.local/lib/python3.12/site-packages/airflow/example_dags/example_dynamic_task_mapping_with_no_taskflow_operators.py for tasks to queue
[2025-06-20T16:07:57.934+0000] {logging_mixin.py:188} INFO - [2025-06-20T16:07:57.934+0000] {dagbag.py:540} INFO - Filling up the DagBag from /home/airflow/.local/lib/python3.12/site-packages/airflow/example_dags/example_dynamic_task_mapping_with_no_taskflow_operators.py
[2025-06-20T16:07:57.940+0000] {processor.py:840} INFO - DAG(s) 'example_dynamic_task_mapping_with_no_taskflow_operators' retrieved from /home/airflow/.local/lib/python3.12/site-packages/airflow/example_dags/example_dynamic_task_mapping_with_no_taskflow_operators.py
[2025-06-20T16:07:57.960+0000] {logging_mixin.py:188} INFO - [2025-06-20T16:07:57.960+0000] {dag.py:3096} INFO - Sync 1 DAGs
[2025-06-20T16:07:57.979+0000] {logging_mixin.py:188} INFO - [2025-06-20T16:07:57.979+0000] {dag.py:3954} INFO - Setting next_dagrun for example_dynamic_task_mapping_with_no_taskflow_operators to 2025-06-19 00:00:00+00:00, run_after=2025-06-20 00:00:00+00:00
[2025-06-20T16:07:57.995+0000] {processor.py:183} INFO - Processing /home/airflow/.local/lib/python3.12/site-packages/airflow/example_dags/example_dynamic_task_mapping_with_no_taskflow_operators.py took 0.070 seconds
[2025-06-20T16:08:28.231+0000] {processor.py:161} INFO - Started process (PID=1029) to work on /home/airflow/.local/lib/python3.12/site-packages/airflow/example_dags/example_dynamic_task_mapping_with_no_taskflow_operators.py
[2025-06-20T16:08:28.232+0000] {processor.py:830} INFO - Processing file /home/airflow/.local/lib/python3.12/site-packages/airflow/example_dags/example_dynamic_task_mapping_with_no_taskflow_operators.py for tasks to queue
[2025-06-20T16:08:28.234+0000] {logging_mixin.py:188} INFO - [2025-06-20T16:08:28.234+0000] {dagbag.py:540} INFO - Filling up the DagBag from /home/airflow/.local/lib/python3.12/site-packages/airflow/example_dags/example_dynamic_task_mapping_with_no_taskflow_operators.py
[2025-06-20T16:08:28.242+0000] {processor.py:840} INFO - DAG(s) 'example_dynamic_task_mapping_with_no_taskflow_operators' retrieved from /home/airflow/.local/lib/python3.12/site-packages/airflow/example_dags/example_dynamic_task_mapping_with_no_taskflow_operators.py
[2025-06-20T16:08:28.265+0000] {logging_mixin.py:188} INFO - [2025-06-20T16:08:28.265+0000] {dag.py:3096} INFO - Sync 1 DAGs
[2025-06-20T16:08:28.292+0000] {logging_mixin.py:188} INFO - [2025-06-20T16:08:28.292+0000] {dag.py:3954} INFO - Setting next_dagrun for example_dynamic_task_mapping_with_no_taskflow_operators to 2025-06-19 00:00:00+00:00, run_after=2025-06-20 00:00:00+00:00
[2025-06-20T16:08:28.308+0000] {processor.py:183} INFO - Processing /home/airflow/.local/lib/python3.12/site-packages/airflow/example_dags/example_dynamic_task_mapping_with_no_taskflow_operators.py took 0.085 seconds
[2025-06-20T16:08:58.502+0000] {processor.py:161} INFO - Started process (PID=1088) to work on /home/airflow/.local/lib/python3.12/site-packages/airflow/example_dags/example_dynamic_task_mapping_with_no_taskflow_operators.py
[2025-06-20T16:08:58.503+0000] {processor.py:830} INFO - Processing file /home/airflow/.local/lib/python3.12/site-packages/airflow/example_dags/example_dynamic_task_mapping_with_no_taskflow_operators.py for tasks to queue
[2025-06-20T16:08:58.506+0000] {logging_mixin.py:188} INFO - [2025-06-20T16:08:58.505+0000] {dagbag.py:540} INFO - Filling up the DagBag from /home/airflow/.local/lib/python3.12/site-packages/airflow/example_dags/example_dynamic_task_mapping_with_no_taskflow_operators.py
[2025-06-20T16:08:58.513+0000] {processor.py:840} INFO - DAG(s) 'example_dynamic_task_mapping_with_no_taskflow_operators' retrieved from /home/airflow/.local/lib/python3.12/site-packages/airflow/example_dags/example_dynamic_task_mapping_with_no_taskflow_operators.py
[2025-06-20T16:08:58.532+0000] {logging_mixin.py:188} INFO - [2025-06-20T16:08:58.532+0000] {dag.py:3096} INFO - Sync 1 DAGs
[2025-06-20T16:08:58.554+0000] {logging_mixin.py:188} INFO - [2025-06-20T16:08:58.554+0000] {dag.py:3954} INFO - Setting next_dagrun for example_dynamic_task_mapping_with_no_taskflow_operators to 2025-06-19 00:00:00+00:00, run_after=2025-06-20 00:00:00+00:00
[2025-06-20T16:08:58.569+0000] {processor.py:183} INFO - Processing /home/airflow/.local/lib/python3.12/site-packages/airflow/example_dags/example_dynamic_task_mapping_with_no_taskflow_operators.py took 0.074 seconds
[2025-06-20T16:09:28.906+0000] {processor.py:161} INFO - Started process (PID=1148) to work on /home/airflow/.local/lib/python3.12/site-packages/airflow/example_dags/example_dynamic_task_mapping_with_no_taskflow_operators.py
[2025-06-20T16:09:28.907+0000] {processor.py:830} INFO - Processing file /home/airflow/.local/lib/python3.12/site-packages/airflow/example_dags/example_dynamic_task_mapping_with_no_taskflow_operators.py for tasks to queue
[2025-06-20T16:09:28.909+0000] {logging_mixin.py:188} INFO - [2025-06-20T16:09:28.909+0000] {dagbag.py:540} INFO - Filling up the DagBag from /home/airflow/.local/lib/python3.12/site-packages/airflow/example_dags/example_dynamic_task_mapping_with_no_taskflow_operators.py
[2025-06-20T16:09:28.915+0000] {processor.py:840} INFO - DAG(s) 'example_dynamic_task_mapping_with_no_taskflow_operators' retrieved from /home/airflow/.local/lib/python3.12/site-packages/airflow/example_dags/example_dynamic_task_mapping_with_no_taskflow_operators.py
[2025-06-20T16:09:28.934+0000] {logging_mixin.py:188} INFO - [2025-06-20T16:09:28.934+0000] {dag.py:3096} INFO - Sync 1 DAGs
[2025-06-20T16:09:28.954+0000] {logging_mixin.py:188} INFO - [2025-06-20T16:09:28.954+0000] {dag.py:3954} INFO - Setting next_dagrun for example_dynamic_task_mapping_with_no_taskflow_operators to 2025-06-19 00:00:00+00:00, run_after=2025-06-20 00:00:00+00:00
[2025-06-20T16:09:28.969+0000] {processor.py:183} INFO - Processing /home/airflow/.local/lib/python3.12/site-packages/airflow/example_dags/example_dynamic_task_mapping_with_no_taskflow_operators.py took 0.069 seconds
[2025-06-20T16:09:59.193+0000] {processor.py:161} INFO - Started process (PID=1207) to work on /home/airflow/.local/lib/python3.12/site-packages/airflow/example_dags/example_dynamic_task_mapping_with_no_taskflow_operators.py
[2025-06-20T16:09:59.194+0000] {processor.py:830} INFO - Processing file /home/airflow/.local/lib/python3.12/site-packages/airflow/example_dags/example_dynamic_task_mapping_with_no_taskflow_operators.py for tasks to queue
[2025-06-20T16:09:59.196+0000] {logging_mixin.py:188} INFO - [2025-06-20T16:09:59.195+0000] {dagbag.py:540} INFO - Filling up the DagBag from /home/airflow/.local/lib/python3.12/site-packages/airflow/example_dags/example_dynamic_task_mapping_with_no_taskflow_operators.py
[2025-06-20T16:09:59.202+0000] {processor.py:840} INFO - DAG(s) 'example_dynamic_task_mapping_with_no_taskflow_operators' retrieved from /home/airflow/.local/lib/python3.12/site-packages/airflow/example_dags/example_dynamic_task_mapping_with_no_taskflow_operators.py
[2025-06-20T16:09:59.220+0000] {logging_mixin.py:188} INFO - [2025-06-20T16:09:59.220+0000] {dag.py:3096} INFO - Sync 1 DAGs
[2025-06-20T16:09:59.240+0000] {logging_mixin.py:188} INFO - [2025-06-20T16:09:59.240+0000] {dag.py:3954} INFO - Setting next_dagrun for example_dynamic_task_mapping_with_no_taskflow_operators to 2025-06-19 00:00:00+00:00, run_after=2025-06-20 00:00:00+00:00
[2025-06-20T16:09:59.255+0000] {processor.py:183} INFO - Processing /home/airflow/.local/lib/python3.12/site-packages/airflow/example_dags/example_dynamic_task_mapping_with_no_taskflow_operators.py took 0.068 seconds
[2025-06-20T16:10:29.743+0000] {processor.py:161} INFO - Started process (PID=1266) to work on /home/airflow/.local/lib/python3.12/site-packages/airflow/example_dags/example_dynamic_task_mapping_with_no_taskflow_operators.py
[2025-06-20T16:10:29.744+0000] {processor.py:830} INFO - Processing file /home/airflow/.local/lib/python3.12/site-packages/airflow/example_dags/example_dynamic_task_mapping_with_no_taskflow_operators.py for tasks to queue
[2025-06-20T16:10:29.746+0000] {logging_mixin.py:188} INFO - [2025-06-20T16:10:29.746+0000] {dagbag.py:540} INFO - Filling up the DagBag from /home/airflow/.local/lib/python3.12/site-packages/airflow/example_dags/example_dynamic_task_mapping_with_no_taskflow_operators.py
[2025-06-20T16:10:29.753+0000] {processor.py:840} INFO - DAG(s) 'example_dynamic_task_mapping_with_no_taskflow_operators' retrieved from /home/airflow/.local/lib/python3.12/site-packages/airflow/example_dags/example_dynamic_task_mapping_with_no_taskflow_operators.py
[2025-06-20T16:10:29.771+0000] {logging_mixin.py:188} INFO - [2025-06-20T16:10:29.771+0000] {dag.py:3096} INFO - Sync 1 DAGs
[2025-06-20T16:10:29.791+0000] {logging_mixin.py:188} INFO - [2025-06-20T16:10:29.791+0000] {dag.py:3954} INFO - Setting next_dagrun for example_dynamic_task_mapping_with_no_taskflow_operators to 2025-06-19 00:00:00+00:00, run_after=2025-06-20 00:00:00+00:00
[2025-06-20T16:10:29.806+0000] {processor.py:183} INFO - Processing /home/airflow/.local/lib/python3.12/site-packages/airflow/example_dags/example_dynamic_task_mapping_with_no_taskflow_operators.py took 0.069 seconds
[2025-06-20T16:11:00.005+0000] {processor.py:161} INFO - Started process (PID=1325) to work on /home/airflow/.local/lib/python3.12/site-packages/airflow/example_dags/example_dynamic_task_mapping_with_no_taskflow_operators.py
[2025-06-20T16:11:00.006+0000] {processor.py:830} INFO - Processing file /home/airflow/.local/lib/python3.12/site-packages/airflow/example_dags/example_dynamic_task_mapping_with_no_taskflow_operators.py for tasks to queue
[2025-06-20T16:11:00.008+0000] {logging_mixin.py:188} INFO - [2025-06-20T16:11:00.007+0000] {dagbag.py:540} INFO - Filling up the DagBag from /home/airflow/.local/lib/python3.12/site-packages/airflow/example_dags/example_dynamic_task_mapping_with_no_taskflow_operators.py
[2025-06-20T16:11:00.014+0000] {processor.py:840} INFO - DAG(s) 'example_dynamic_task_mapping_with_no_taskflow_operators' retrieved from /home/airflow/.local/lib/python3.12/site-packages/airflow/example_dags/example_dynamic_task_mapping_with_no_taskflow_operators.py
[2025-06-20T16:11:00.034+0000] {logging_mixin.py:188} INFO - [2025-06-20T16:11:00.034+0000] {dag.py:3096} INFO - Sync 1 DAGs
[2025-06-20T16:11:00.054+0000] {logging_mixin.py:188} INFO - [2025-06-20T16:11:00.054+0000] {dag.py:3954} INFO - Setting next_dagrun for example_dynamic_task_mapping_with_no_taskflow_operators to 2025-06-19 00:00:00+00:00, run_after=2025-06-20 00:00:00+00:00
[2025-06-20T16:11:00.069+0000] {processor.py:183} INFO - Processing /home/airflow/.local/lib/python3.12/site-packages/airflow/example_dags/example_dynamic_task_mapping_with_no_taskflow_operators.py took 0.070 seconds
[2025-06-20T16:11:30.534+0000] {processor.py:161} INFO - Started process (PID=1384) to work on /home/airflow/.local/lib/python3.12/site-packages/airflow/example_dags/example_dynamic_task_mapping_with_no_taskflow_operators.py
[2025-06-20T16:11:30.535+0000] {processor.py:830} INFO - Processing file /home/airflow/.local/lib/python3.12/site-packages/airflow/example_dags/example_dynamic_task_mapping_with_no_taskflow_operators.py for tasks to queue
[2025-06-20T16:11:30.537+0000] {logging_mixin.py:188} INFO - [2025-06-20T16:11:30.537+0000] {dagbag.py:540} INFO - Filling up the DagBag from /home/airflow/.local/lib/python3.12/site-packages/airflow/example_dags/example_dynamic_task_mapping_with_no_taskflow_operators.py
[2025-06-20T16:11:30.543+0000] {processor.py:840} INFO - DAG(s) 'example_dynamic_task_mapping_with_no_taskflow_operators' retrieved from /home/airflow/.local/lib/python3.12/site-packages/airflow/example_dags/example_dynamic_task_mapping_with_no_taskflow_operators.py
[2025-06-20T16:11:30.562+0000] {logging_mixin.py:188} INFO - [2025-06-20T16:11:30.562+0000] {dag.py:3096} INFO - Sync 1 DAGs
[2025-06-20T16:11:30.581+0000] {logging_mixin.py:188} INFO - [2025-06-20T16:11:30.581+0000] {dag.py:3954} INFO - Setting next_dagrun for example_dynamic_task_mapping_with_no_taskflow_operators to 2025-06-19 00:00:00+00:00, run_after=2025-06-20 00:00:00+00:00
[2025-06-20T16:11:30.597+0000] {processor.py:183} INFO - Processing /home/airflow/.local/lib/python3.12/site-packages/airflow/example_dags/example_dynamic_task_mapping_with_no_taskflow_operators.py took 0.069 seconds
[2025-06-20T16:12:00.950+0000] {processor.py:161} INFO - Started process (PID=1443) to work on /home/airflow/.local/lib/python3.12/site-packages/airflow/example_dags/example_dynamic_task_mapping_with_no_taskflow_operators.py
[2025-06-20T16:12:00.951+0000] {processor.py:830} INFO - Processing file /home/airflow/.local/lib/python3.12/site-packages/airflow/example_dags/example_dynamic_task_mapping_with_no_taskflow_operators.py for tasks to queue
[2025-06-20T16:12:00.953+0000] {logging_mixin.py:188} INFO - [2025-06-20T16:12:00.953+0000] {dagbag.py:540} INFO - Filling up the DagBag from /home/airflow/.local/lib/python3.12/site-packages/airflow/example_dags/example_dynamic_task_mapping_with_no_taskflow_operators.py
[2025-06-20T16:12:00.959+0000] {processor.py:840} INFO - DAG(s) 'example_dynamic_task_mapping_with_no_taskflow_operators' retrieved from /home/airflow/.local/lib/python3.12/site-packages/airflow/example_dags/example_dynamic_task_mapping_with_no_taskflow_operators.py
[2025-06-20T16:12:00.977+0000] {logging_mixin.py:188} INFO - [2025-06-20T16:12:00.977+0000] {dag.py:3096} INFO - Sync 1 DAGs
[2025-06-20T16:12:00.998+0000] {logging_mixin.py:188} INFO - [2025-06-20T16:12:00.998+0000] {dag.py:3954} INFO - Setting next_dagrun for example_dynamic_task_mapping_with_no_taskflow_operators to 2025-06-19 00:00:00+00:00, run_after=2025-06-20 00:00:00+00:00
[2025-06-20T16:12:01.016+0000] {processor.py:183} INFO - Processing /home/airflow/.local/lib/python3.12/site-packages/airflow/example_dags/example_dynamic_task_mapping_with_no_taskflow_operators.py took 0.071 seconds
[2025-06-20T16:12:31.092+0000] {processor.py:161} INFO - Started process (PID=1502) to work on /home/airflow/.local/lib/python3.12/site-packages/airflow/example_dags/example_dynamic_task_mapping_with_no_taskflow_operators.py
[2025-06-20T16:12:31.093+0000] {processor.py:830} INFO - Processing file /home/airflow/.local/lib/python3.12/site-packages/airflow/example_dags/example_dynamic_task_mapping_with_no_taskflow_operators.py for tasks to queue
[2025-06-20T16:12:31.096+0000] {logging_mixin.py:188} INFO - [2025-06-20T16:12:31.096+0000] {dagbag.py:540} INFO - Filling up the DagBag from /home/airflow/.local/lib/python3.12/site-packages/airflow/example_dags/example_dynamic_task_mapping_with_no_taskflow_operators.py
[2025-06-20T16:12:31.104+0000] {processor.py:840} INFO - DAG(s) 'example_dynamic_task_mapping_with_no_taskflow_operators' retrieved from /home/airflow/.local/lib/python3.12/site-packages/airflow/example_dags/example_dynamic_task_mapping_with_no_taskflow_operators.py
[2025-06-20T16:12:31.124+0000] {logging_mixin.py:188} INFO - [2025-06-20T16:12:31.123+0000] {dag.py:3096} INFO - Sync 1 DAGs
[2025-06-20T16:12:31.143+0000] {logging_mixin.py:188} INFO - [2025-06-20T16:12:31.143+0000] {dag.py:3954} INFO - Setting next_dagrun for example_dynamic_task_mapping_with_no_taskflow_operators to 2025-06-19 00:00:00+00:00, run_after=2025-06-20 00:00:00+00:00
[2025-06-20T16:12:31.159+0000] {processor.py:183} INFO - Processing /home/airflow/.local/lib/python3.12/site-packages/airflow/example_dags/example_dynamic_task_mapping_with_no_taskflow_operators.py took 0.074 seconds
[2025-06-20T16:13:02.168+0000] {processor.py:161} INFO - Started process (PID=1561) to work on /home/airflow/.local/lib/python3.12/site-packages/airflow/example_dags/example_dynamic_task_mapping_with_no_taskflow_operators.py
[2025-06-20T16:13:02.169+0000] {processor.py:830} INFO - Processing file /home/airflow/.local/lib/python3.12/site-packages/airflow/example_dags/example_dynamic_task_mapping_with_no_taskflow_operators.py for tasks to queue
[2025-06-20T16:13:02.171+0000] {logging_mixin.py:188} INFO - [2025-06-20T16:13:02.171+0000] {dagbag.py:540} INFO - Filling up the DagBag from /home/airflow/.local/lib/python3.12/site-packages/airflow/example_dags/example_dynamic_task_mapping_with_no_taskflow_operators.py
[2025-06-20T16:13:02.178+0000] {processor.py:840} INFO - DAG(s) 'example_dynamic_task_mapping_with_no_taskflow_operators' retrieved from /home/airflow/.local/lib/python3.12/site-packages/airflow/example_dags/example_dynamic_task_mapping_with_no_taskflow_operators.py
[2025-06-20T16:13:02.198+0000] {logging_mixin.py:188} INFO - [2025-06-20T16:13:02.198+0000] {dag.py:3096} INFO - Sync 1 DAGs
[2025-06-20T16:13:02.219+0000] {logging_mixin.py:188} INFO - [2025-06-20T16:13:02.219+0000] {dag.py:3954} INFO - Setting next_dagrun for example_dynamic_task_mapping_with_no_taskflow_operators to 2025-06-19 00:00:00+00:00, run_after=2025-06-20 00:00:00+00:00
[2025-06-20T16:13:02.235+0000] {processor.py:183} INFO - Processing /home/airflow/.local/lib/python3.12/site-packages/airflow/example_dags/example_dynamic_task_mapping_with_no_taskflow_operators.py took 0.073 seconds
[2025-06-20T16:13:32.598+0000] {processor.py:161} INFO - Started process (PID=1620) to work on /home/airflow/.local/lib/python3.12/site-packages/airflow/example_dags/example_dynamic_task_mapping_with_no_taskflow_operators.py
[2025-06-20T16:13:32.599+0000] {processor.py:830} INFO - Processing file /home/airflow/.local/lib/python3.12/site-packages/airflow/example_dags/example_dynamic_task_mapping_with_no_taskflow_operators.py for tasks to queue
[2025-06-20T16:13:32.601+0000] {logging_mixin.py:188} INFO - [2025-06-20T16:13:32.601+0000] {dagbag.py:540} INFO - Filling up the DagBag from /home/airflow/.local/lib/python3.12/site-packages/airflow/example_dags/example_dynamic_task_mapping_with_no_taskflow_operators.py
[2025-06-20T16:13:32.607+0000] {processor.py:840} INFO - DAG(s) 'example_dynamic_task_mapping_with_no_taskflow_operators' retrieved from /home/airflow/.local/lib/python3.12/site-packages/airflow/example_dags/example_dynamic_task_mapping_with_no_taskflow_operators.py
[2025-06-20T16:13:32.626+0000] {logging_mixin.py:188} INFO - [2025-06-20T16:13:32.626+0000] {dag.py:3096} INFO - Sync 1 DAGs
[2025-06-20T16:13:32.645+0000] {logging_mixin.py:188} INFO - [2025-06-20T16:13:32.645+0000] {dag.py:3954} INFO - Setting next_dagrun for example_dynamic_task_mapping_with_no_taskflow_operators to 2025-06-19 00:00:00+00:00, run_after=2025-06-20 00:00:00+00:00
[2025-06-20T16:13:32.660+0000] {processor.py:183} INFO - Processing /home/airflow/.local/lib/python3.12/site-packages/airflow/example_dags/example_dynamic_task_mapping_with_no_taskflow_operators.py took 0.068 seconds
[2025-06-20T16:14:02.932+0000] {processor.py:161} INFO - Started process (PID=1679) to work on /home/airflow/.local/lib/python3.12/site-packages/airflow/example_dags/example_dynamic_task_mapping_with_no_taskflow_operators.py
[2025-06-20T16:14:02.933+0000] {processor.py:830} INFO - Processing file /home/airflow/.local/lib/python3.12/site-packages/airflow/example_dags/example_dynamic_task_mapping_with_no_taskflow_operators.py for tasks to queue
[2025-06-20T16:14:02.935+0000] {logging_mixin.py:188} INFO - [2025-06-20T16:14:02.934+0000] {dagbag.py:540} INFO - Filling up the DagBag from /home/airflow/.local/lib/python3.12/site-packages/airflow/example_dags/example_dynamic_task_mapping_with_no_taskflow_operators.py
[2025-06-20T16:14:02.941+0000] {processor.py:840} INFO - DAG(s) 'example_dynamic_task_mapping_with_no_taskflow_operators' retrieved from /home/airflow/.local/lib/python3.12/site-packages/airflow/example_dags/example_dynamic_task_mapping_with_no_taskflow_operators.py
[2025-06-20T16:14:02.959+0000] {logging_mixin.py:188} INFO - [2025-06-20T16:14:02.959+0000] {dag.py:3096} INFO - Sync 1 DAGs
[2025-06-20T16:14:02.978+0000] {logging_mixin.py:188} INFO - [2025-06-20T16:14:02.978+0000] {dag.py:3954} INFO - Setting next_dagrun for example_dynamic_task_mapping_with_no_taskflow_operators to 2025-06-19 00:00:00+00:00, run_after=2025-06-20 00:00:00+00:00
[2025-06-20T16:14:02.993+0000] {processor.py:183} INFO - Processing /home/airflow/.local/lib/python3.12/site-packages/airflow/example_dags/example_dynamic_task_mapping_with_no_taskflow_operators.py took 0.067 seconds
[2025-06-20T16:14:33.338+0000] {processor.py:161} INFO - Started process (PID=1738) to work on /home/airflow/.local/lib/python3.12/site-packages/airflow/example_dags/example_dynamic_task_mapping_with_no_taskflow_operators.py
[2025-06-20T16:14:33.339+0000] {processor.py:830} INFO - Processing file /home/airflow/.local/lib/python3.12/site-packages/airflow/example_dags/example_dynamic_task_mapping_with_no_taskflow_operators.py for tasks to queue
[2025-06-20T16:14:33.341+0000] {logging_mixin.py:188} INFO - [2025-06-20T16:14:33.341+0000] {dagbag.py:540} INFO - Filling up the DagBag from /home/airflow/.local/lib/python3.12/site-packages/airflow/example_dags/example_dynamic_task_mapping_with_no_taskflow_operators.py
[2025-06-20T16:14:33.347+0000] {processor.py:840} INFO - DAG(s) 'example_dynamic_task_mapping_with_no_taskflow_operators' retrieved from /home/airflow/.local/lib/python3.12/site-packages/airflow/example_dags/example_dynamic_task_mapping_with_no_taskflow_operators.py
[2025-06-20T16:14:33.366+0000] {logging_mixin.py:188} INFO - [2025-06-20T16:14:33.366+0000] {dag.py:3096} INFO - Sync 1 DAGs
[2025-06-20T16:14:33.387+0000] {logging_mixin.py:188} INFO - [2025-06-20T16:14:33.386+0000] {dag.py:3954} INFO - Setting next_dagrun for example_dynamic_task_mapping_with_no_taskflow_operators to 2025-06-19 00:00:00+00:00, run_after=2025-06-20 00:00:00+00:00
[2025-06-20T16:14:33.403+0000] {processor.py:183} INFO - Processing /home/airflow/.local/lib/python3.12/site-packages/airflow/example_dags/example_dynamic_task_mapping_with_no_taskflow_operators.py took 0.071 seconds
[2025-06-20T16:15:03.681+0000] {processor.py:161} INFO - Started process (PID=1797) to work on /home/airflow/.local/lib/python3.12/site-packages/airflow/example_dags/example_dynamic_task_mapping_with_no_taskflow_operators.py
[2025-06-20T16:15:03.682+0000] {processor.py:830} INFO - Processing file /home/airflow/.local/lib/python3.12/site-packages/airflow/example_dags/example_dynamic_task_mapping_with_no_taskflow_operators.py for tasks to queue
[2025-06-20T16:15:03.684+0000] {logging_mixin.py:188} INFO - [2025-06-20T16:15:03.684+0000] {dagbag.py:540} INFO - Filling up the DagBag from /home/airflow/.local/lib/python3.12/site-packages/airflow/example_dags/example_dynamic_task_mapping_with_no_taskflow_operators.py
[2025-06-20T16:15:03.690+0000] {processor.py:840} INFO - DAG(s) 'example_dynamic_task_mapping_with_no_taskflow_operators' retrieved from /home/airflow/.local/lib/python3.12/site-packages/airflow/example_dags/example_dynamic_task_mapping_with_no_taskflow_operators.py
[2025-06-20T16:15:03.709+0000] {logging_mixin.py:188} INFO - [2025-06-20T16:15:03.709+0000] {dag.py:3096} INFO - Sync 1 DAGs
[2025-06-20T16:15:03.729+0000] {logging_mixin.py:188} INFO - [2025-06-20T16:15:03.729+0000] {dag.py:3954} INFO - Setting next_dagrun for example_dynamic_task_mapping_with_no_taskflow_operators to 2025-06-19 00:00:00+00:00, run_after=2025-06-20 00:00:00+00:00
[2025-06-20T16:15:03.744+0000] {processor.py:183} INFO - Processing /home/airflow/.local/lib/python3.12/site-packages/airflow/example_dags/example_dynamic_task_mapping_with_no_taskflow_operators.py took 0.068 seconds
[2025-06-20T16:15:33.905+0000] {processor.py:161} INFO - Started process (PID=1856) to work on /home/airflow/.local/lib/python3.12/site-packages/airflow/example_dags/example_dynamic_task_mapping_with_no_taskflow_operators.py
[2025-06-20T16:15:33.906+0000] {processor.py:830} INFO - Processing file /home/airflow/.local/lib/python3.12/site-packages/airflow/example_dags/example_dynamic_task_mapping_with_no_taskflow_operators.py for tasks to queue
[2025-06-20T16:15:33.908+0000] {logging_mixin.py:188} INFO - [2025-06-20T16:15:33.908+0000] {dagbag.py:540} INFO - Filling up the DagBag from /home/airflow/.local/lib/python3.12/site-packages/airflow/example_dags/example_dynamic_task_mapping_with_no_taskflow_operators.py
[2025-06-20T16:15:33.914+0000] {processor.py:840} INFO - DAG(s) 'example_dynamic_task_mapping_with_no_taskflow_operators' retrieved from /home/airflow/.local/lib/python3.12/site-packages/airflow/example_dags/example_dynamic_task_mapping_with_no_taskflow_operators.py
[2025-06-20T16:15:33.933+0000] {logging_mixin.py:188} INFO - [2025-06-20T16:15:33.932+0000] {dag.py:3096} INFO - Sync 1 DAGs
[2025-06-20T16:15:33.952+0000] {logging_mixin.py:188} INFO - [2025-06-20T16:15:33.952+0000] {dag.py:3954} INFO - Setting next_dagrun for example_dynamic_task_mapping_with_no_taskflow_operators to 2025-06-19 00:00:00+00:00, run_after=2025-06-20 00:00:00+00:00
[2025-06-20T16:15:33.967+0000] {processor.py:183} INFO - Processing /home/airflow/.local/lib/python3.12/site-packages/airflow/example_dags/example_dynamic_task_mapping_with_no_taskflow_operators.py took 0.068 seconds
[2025-06-20T16:16:04.553+0000] {processor.py:161} INFO - Started process (PID=1915) to work on /home/airflow/.local/lib/python3.12/site-packages/airflow/example_dags/example_dynamic_task_mapping_with_no_taskflow_operators.py
[2025-06-20T16:16:04.554+0000] {processor.py:830} INFO - Processing file /home/airflow/.local/lib/python3.12/site-packages/airflow/example_dags/example_dynamic_task_mapping_with_no_taskflow_operators.py for tasks to queue
[2025-06-20T16:16:04.556+0000] {logging_mixin.py:188} INFO - [2025-06-20T16:16:04.555+0000] {dagbag.py:540} INFO - Filling up the DagBag from /home/airflow/.local/lib/python3.12/site-packages/airflow/example_dags/example_dynamic_task_mapping_with_no_taskflow_operators.py
[2025-06-20T16:16:04.562+0000] {processor.py:840} INFO - DAG(s) 'example_dynamic_task_mapping_with_no_taskflow_operators' retrieved from /home/airflow/.local/lib/python3.12/site-packages/airflow/example_dags/example_dynamic_task_mapping_with_no_taskflow_operators.py
[2025-06-20T16:16:04.580+0000] {logging_mixin.py:188} INFO - [2025-06-20T16:16:04.580+0000] {dag.py:3096} INFO - Sync 1 DAGs
[2025-06-20T16:16:04.600+0000] {logging_mixin.py:188} INFO - [2025-06-20T16:16:04.600+0000] {dag.py:3954} INFO - Setting next_dagrun for example_dynamic_task_mapping_with_no_taskflow_operators to 2025-06-19 00:00:00+00:00, run_after=2025-06-20 00:00:00+00:00
[2025-06-20T16:16:04.728+0000] {processor.py:183} INFO - Processing /home/airflow/.local/lib/python3.12/site-packages/airflow/example_dags/example_dynamic_task_mapping_with_no_taskflow_operators.py took 0.181 seconds
[2025-06-20T16:16:34.888+0000] {processor.py:161} INFO - Started process (PID=1974) to work on /home/airflow/.local/lib/python3.12/site-packages/airflow/example_dags/example_dynamic_task_mapping_with_no_taskflow_operators.py
[2025-06-20T16:16:34.889+0000] {processor.py:830} INFO - Processing file /home/airflow/.local/lib/python3.12/site-packages/airflow/example_dags/example_dynamic_task_mapping_with_no_taskflow_operators.py for tasks to queue
[2025-06-20T16:16:34.890+0000] {logging_mixin.py:188} INFO - [2025-06-20T16:16:34.890+0000] {dagbag.py:540} INFO - Filling up the DagBag from /home/airflow/.local/lib/python3.12/site-packages/airflow/example_dags/example_dynamic_task_mapping_with_no_taskflow_operators.py
[2025-06-20T16:16:34.897+0000] {processor.py:840} INFO - DAG(s) 'example_dynamic_task_mapping_with_no_taskflow_operators' retrieved from /home/airflow/.local/lib/python3.12/site-packages/airflow/example_dags/example_dynamic_task_mapping_with_no_taskflow_operators.py
[2025-06-20T16:16:34.915+0000] {logging_mixin.py:188} INFO - [2025-06-20T16:16:34.915+0000] {dag.py:3096} INFO - Sync 1 DAGs
[2025-06-20T16:16:34.935+0000] {logging_mixin.py:188} INFO - [2025-06-20T16:16:34.935+0000] {dag.py:3954} INFO - Setting next_dagrun for example_dynamic_task_mapping_with_no_taskflow_operators to 2025-06-19 00:00:00+00:00, run_after=2025-06-20 00:00:00+00:00
[2025-06-20T16:16:34.950+0000] {processor.py:183} INFO - Processing /home/airflow/.local/lib/python3.12/site-packages/airflow/example_dags/example_dynamic_task_mapping_with_no_taskflow_operators.py took 0.069 seconds
[2025-06-20T16:17:05.393+0000] {processor.py:161} INFO - Started process (PID=2034) to work on /home/airflow/.local/lib/python3.12/site-packages/airflow/example_dags/example_dynamic_task_mapping_with_no_taskflow_operators.py
[2025-06-20T16:17:05.394+0000] {processor.py:830} INFO - Processing file /home/airflow/.local/lib/python3.12/site-packages/airflow/example_dags/example_dynamic_task_mapping_with_no_taskflow_operators.py for tasks to queue
[2025-06-20T16:17:05.396+0000] {logging_mixin.py:188} INFO - [2025-06-20T16:17:05.396+0000] {dagbag.py:540} INFO - Filling up the DagBag from /home/airflow/.local/lib/python3.12/site-packages/airflow/example_dags/example_dynamic_task_mapping_with_no_taskflow_operators.py
[2025-06-20T16:17:05.405+0000] {processor.py:840} INFO - DAG(s) 'example_dynamic_task_mapping_with_no_taskflow_operators' retrieved from /home/airflow/.local/lib/python3.12/site-packages/airflow/example_dags/example_dynamic_task_mapping_with_no_taskflow_operators.py
[2025-06-20T16:17:05.431+0000] {logging_mixin.py:188} INFO - [2025-06-20T16:17:05.430+0000] {dag.py:3096} INFO - Sync 1 DAGs
[2025-06-20T16:17:05.451+0000] {logging_mixin.py:188} INFO - [2025-06-20T16:17:05.451+0000] {dag.py:3954} INFO - Setting next_dagrun for example_dynamic_task_mapping_with_no_taskflow_operators to 2025-06-19 00:00:00+00:00, run_after=2025-06-20 00:00:00+00:00
[2025-06-20T16:17:05.468+0000] {processor.py:183} INFO - Processing /home/airflow/.local/lib/python3.12/site-packages/airflow/example_dags/example_dynamic_task_mapping_with_no_taskflow_operators.py took 0.082 seconds
[2025-06-20T16:17:36.216+0000] {processor.py:161} INFO - Started process (PID=2092) to work on /home/airflow/.local/lib/python3.12/site-packages/airflow/example_dags/example_dynamic_task_mapping_with_no_taskflow_operators.py
[2025-06-20T16:17:36.217+0000] {processor.py:830} INFO - Processing file /home/airflow/.local/lib/python3.12/site-packages/airflow/example_dags/example_dynamic_task_mapping_with_no_taskflow_operators.py for tasks to queue
[2025-06-20T16:17:36.219+0000] {logging_mixin.py:188} INFO - [2025-06-20T16:17:36.219+0000] {dagbag.py:540} INFO - Filling up the DagBag from /home/airflow/.local/lib/python3.12/site-packages/airflow/example_dags/example_dynamic_task_mapping_with_no_taskflow_operators.py
[2025-06-20T16:17:36.226+0000] {processor.py:840} INFO - DAG(s) 'example_dynamic_task_mapping_with_no_taskflow_operators' retrieved from /home/airflow/.local/lib/python3.12/site-packages/airflow/example_dags/example_dynamic_task_mapping_with_no_taskflow_operators.py
[2025-06-20T16:17:36.245+0000] {logging_mixin.py:188} INFO - [2025-06-20T16:17:36.245+0000] {dag.py:3096} INFO - Sync 1 DAGs
[2025-06-20T16:17:36.264+0000] {logging_mixin.py:188} INFO - [2025-06-20T16:17:36.264+0000] {dag.py:3954} INFO - Setting next_dagrun for example_dynamic_task_mapping_with_no_taskflow_operators to 2025-06-19 00:00:00+00:00, run_after=2025-06-20 00:00:00+00:00
[2025-06-20T16:17:36.279+0000] {processor.py:183} INFO - Processing /home/airflow/.local/lib/python3.12/site-packages/airflow/example_dags/example_dynamic_task_mapping_with_no_taskflow_operators.py took 0.069 seconds
[2025-06-20T16:18:07.224+0000] {processor.py:161} INFO - Started process (PID=2150) to work on /home/airflow/.local/lib/python3.12/site-packages/airflow/example_dags/example_dynamic_task_mapping_with_no_taskflow_operators.py
[2025-06-20T16:18:07.225+0000] {processor.py:830} INFO - Processing file /home/airflow/.local/lib/python3.12/site-packages/airflow/example_dags/example_dynamic_task_mapping_with_no_taskflow_operators.py for tasks to queue
[2025-06-20T16:18:07.227+0000] {logging_mixin.py:188} INFO - [2025-06-20T16:18:07.227+0000] {dagbag.py:540} INFO - Filling up the DagBag from /home/airflow/.local/lib/python3.12/site-packages/airflow/example_dags/example_dynamic_task_mapping_with_no_taskflow_operators.py
[2025-06-20T16:18:07.233+0000] {processor.py:840} INFO - DAG(s) 'example_dynamic_task_mapping_with_no_taskflow_operators' retrieved from /home/airflow/.local/lib/python3.12/site-packages/airflow/example_dags/example_dynamic_task_mapping_with_no_taskflow_operators.py
[2025-06-20T16:18:07.251+0000] {logging_mixin.py:188} INFO - [2025-06-20T16:18:07.251+0000] {dag.py:3096} INFO - Sync 1 DAGs
[2025-06-20T16:18:07.408+0000] {logging_mixin.py:188} INFO - [2025-06-20T16:18:07.408+0000] {dag.py:3954} INFO - Setting next_dagrun for example_dynamic_task_mapping_with_no_taskflow_operators to 2025-06-19 00:00:00+00:00, run_after=2025-06-20 00:00:00+00:00
[2025-06-20T16:18:07.422+0000] {processor.py:183} INFO - Processing /home/airflow/.local/lib/python3.12/site-packages/airflow/example_dags/example_dynamic_task_mapping_with_no_taskflow_operators.py took 0.204 seconds
[2025-06-20T16:18:37.706+0000] {processor.py:161} INFO - Started process (PID=2209) to work on /home/airflow/.local/lib/python3.12/site-packages/airflow/example_dags/example_dynamic_task_mapping_with_no_taskflow_operators.py
[2025-06-20T16:18:37.707+0000] {processor.py:830} INFO - Processing file /home/airflow/.local/lib/python3.12/site-packages/airflow/example_dags/example_dynamic_task_mapping_with_no_taskflow_operators.py for tasks to queue
[2025-06-20T16:18:37.709+0000] {logging_mixin.py:188} INFO - [2025-06-20T16:18:37.709+0000] {dagbag.py:540} INFO - Filling up the DagBag from /home/airflow/.local/lib/python3.12/site-packages/airflow/example_dags/example_dynamic_task_mapping_with_no_taskflow_operators.py
[2025-06-20T16:18:37.715+0000] {processor.py:840} INFO - DAG(s) 'example_dynamic_task_mapping_with_no_taskflow_operators' retrieved from /home/airflow/.local/lib/python3.12/site-packages/airflow/example_dags/example_dynamic_task_mapping_with_no_taskflow_operators.py
[2025-06-20T16:18:37.736+0000] {logging_mixin.py:188} INFO - [2025-06-20T16:18:37.736+0000] {dag.py:3096} INFO - Sync 1 DAGs
[2025-06-20T16:18:37.757+0000] {logging_mixin.py:188} INFO - [2025-06-20T16:18:37.757+0000] {dag.py:3954} INFO - Setting next_dagrun for example_dynamic_task_mapping_with_no_taskflow_operators to 2025-06-19 00:00:00+00:00, run_after=2025-06-20 00:00:00+00:00
[2025-06-20T16:18:37.772+0000] {processor.py:183} INFO - Processing /home/airflow/.local/lib/python3.12/site-packages/airflow/example_dags/example_dynamic_task_mapping_with_no_taskflow_operators.py took 0.072 seconds
[2025-06-20T16:19:08.431+0000] {processor.py:161} INFO - Started process (PID=2268) to work on /home/airflow/.local/lib/python3.12/site-packages/airflow/example_dags/example_dynamic_task_mapping_with_no_taskflow_operators.py
[2025-06-20T16:19:08.432+0000] {processor.py:830} INFO - Processing file /home/airflow/.local/lib/python3.12/site-packages/airflow/example_dags/example_dynamic_task_mapping_with_no_taskflow_operators.py for tasks to queue
[2025-06-20T16:19:08.434+0000] {logging_mixin.py:188} INFO - [2025-06-20T16:19:08.433+0000] {dagbag.py:540} INFO - Filling up the DagBag from /home/airflow/.local/lib/python3.12/site-packages/airflow/example_dags/example_dynamic_task_mapping_with_no_taskflow_operators.py
[2025-06-20T16:19:08.440+0000] {processor.py:840} INFO - DAG(s) 'example_dynamic_task_mapping_with_no_taskflow_operators' retrieved from /home/airflow/.local/lib/python3.12/site-packages/airflow/example_dags/example_dynamic_task_mapping_with_no_taskflow_operators.py
[2025-06-20T16:19:08.460+0000] {logging_mixin.py:188} INFO - [2025-06-20T16:19:08.460+0000] {dag.py:3096} INFO - Sync 1 DAGs
[2025-06-20T16:19:08.480+0000] {logging_mixin.py:188} INFO - [2025-06-20T16:19:08.480+0000] {dag.py:3954} INFO - Setting next_dagrun for example_dynamic_task_mapping_with_no_taskflow_operators to 2025-06-19 00:00:00+00:00, run_after=2025-06-20 00:00:00+00:00
[2025-06-20T16:19:08.496+0000] {processor.py:183} INFO - Processing /home/airflow/.local/lib/python3.12/site-packages/airflow/example_dags/example_dynamic_task_mapping_with_no_taskflow_operators.py took 0.072 seconds
[2025-06-20T16:19:39.377+0000] {processor.py:161} INFO - Started process (PID=2327) to work on /home/airflow/.local/lib/python3.12/site-packages/airflow/example_dags/example_dynamic_task_mapping_with_no_taskflow_operators.py
[2025-06-20T16:19:39.378+0000] {processor.py:830} INFO - Processing file /home/airflow/.local/lib/python3.12/site-packages/airflow/example_dags/example_dynamic_task_mapping_with_no_taskflow_operators.py for tasks to queue
[2025-06-20T16:19:39.380+0000] {logging_mixin.py:188} INFO - [2025-06-20T16:19:39.379+0000] {dagbag.py:540} INFO - Filling up the DagBag from /home/airflow/.local/lib/python3.12/site-packages/airflow/example_dags/example_dynamic_task_mapping_with_no_taskflow_operators.py
[2025-06-20T16:19:39.386+0000] {processor.py:840} INFO - DAG(s) 'example_dynamic_task_mapping_with_no_taskflow_operators' retrieved from /home/airflow/.local/lib/python3.12/site-packages/airflow/example_dags/example_dynamic_task_mapping_with_no_taskflow_operators.py
[2025-06-20T16:19:39.404+0000] {logging_mixin.py:188} INFO - [2025-06-20T16:19:39.404+0000] {dag.py:3096} INFO - Sync 1 DAGs
[2025-06-20T16:19:39.424+0000] {logging_mixin.py:188} INFO - [2025-06-20T16:19:39.423+0000] {dag.py:3954} INFO - Setting next_dagrun for example_dynamic_task_mapping_with_no_taskflow_operators to 2025-06-19 00:00:00+00:00, run_after=2025-06-20 00:00:00+00:00
[2025-06-20T16:19:39.439+0000] {processor.py:183} INFO - Processing /home/airflow/.local/lib/python3.12/site-packages/airflow/example_dags/example_dynamic_task_mapping_with_no_taskflow_operators.py took 0.068 seconds
[2025-06-20T16:20:09.887+0000] {processor.py:161} INFO - Started process (PID=2386) to work on /home/airflow/.local/lib/python3.12/site-packages/airflow/example_dags/example_dynamic_task_mapping_with_no_taskflow_operators.py
[2025-06-20T16:20:09.888+0000] {processor.py:830} INFO - Processing file /home/airflow/.local/lib/python3.12/site-packages/airflow/example_dags/example_dynamic_task_mapping_with_no_taskflow_operators.py for tasks to queue
[2025-06-20T16:20:09.890+0000] {logging_mixin.py:188} INFO - [2025-06-20T16:20:09.889+0000] {dagbag.py:540} INFO - Filling up the DagBag from /home/airflow/.local/lib/python3.12/site-packages/airflow/example_dags/example_dynamic_task_mapping_with_no_taskflow_operators.py
[2025-06-20T16:20:09.897+0000] {processor.py:840} INFO - DAG(s) 'example_dynamic_task_mapping_with_no_taskflow_operators' retrieved from /home/airflow/.local/lib/python3.12/site-packages/airflow/example_dags/example_dynamic_task_mapping_with_no_taskflow_operators.py
[2025-06-20T16:20:09.917+0000] {logging_mixin.py:188} INFO - [2025-06-20T16:20:09.917+0000] {dag.py:3096} INFO - Sync 1 DAGs
[2025-06-20T16:20:10.047+0000] {logging_mixin.py:188} INFO - [2025-06-20T16:20:10.047+0000] {dag.py:3954} INFO - Setting next_dagrun for example_dynamic_task_mapping_with_no_taskflow_operators to 2025-06-19 00:00:00+00:00, run_after=2025-06-20 00:00:00+00:00
[2025-06-20T16:20:10.062+0000] {processor.py:183} INFO - Processing /home/airflow/.local/lib/python3.12/site-packages/airflow/example_dags/example_dynamic_task_mapping_with_no_taskflow_operators.py took 0.182 seconds
[2025-06-20T16:20:40.924+0000] {processor.py:161} INFO - Started process (PID=2445) to work on /home/airflow/.local/lib/python3.12/site-packages/airflow/example_dags/example_dynamic_task_mapping_with_no_taskflow_operators.py
[2025-06-20T16:20:40.925+0000] {processor.py:830} INFO - Processing file /home/airflow/.local/lib/python3.12/site-packages/airflow/example_dags/example_dynamic_task_mapping_with_no_taskflow_operators.py for tasks to queue
[2025-06-20T16:20:40.927+0000] {logging_mixin.py:188} INFO - [2025-06-20T16:20:40.927+0000] {dagbag.py:540} INFO - Filling up the DagBag from /home/airflow/.local/lib/python3.12/site-packages/airflow/example_dags/example_dynamic_task_mapping_with_no_taskflow_operators.py
[2025-06-20T16:20:40.934+0000] {processor.py:840} INFO - DAG(s) 'example_dynamic_task_mapping_with_no_taskflow_operators' retrieved from /home/airflow/.local/lib/python3.12/site-packages/airflow/example_dags/example_dynamic_task_mapping_with_no_taskflow_operators.py
[2025-06-20T16:20:40.953+0000] {logging_mixin.py:188} INFO - [2025-06-20T16:20:40.953+0000] {dag.py:3096} INFO - Sync 1 DAGs
[2025-06-20T16:20:40.972+0000] {logging_mixin.py:188} INFO - [2025-06-20T16:20:40.972+0000] {dag.py:3954} INFO - Setting next_dagrun for example_dynamic_task_mapping_with_no_taskflow_operators to 2025-06-19 00:00:00+00:00, run_after=2025-06-20 00:00:00+00:00
[2025-06-20T16:20:40.988+0000] {processor.py:183} INFO - Processing /home/airflow/.local/lib/python3.12/site-packages/airflow/example_dags/example_dynamic_task_mapping_with_no_taskflow_operators.py took 0.071 seconds
[2025-06-20T16:21:11.128+0000] {processor.py:161} INFO - Started process (PID=2504) to work on /home/airflow/.local/lib/python3.12/site-packages/airflow/example_dags/example_dynamic_task_mapping_with_no_taskflow_operators.py
[2025-06-20T16:21:11.129+0000] {processor.py:830} INFO - Processing file /home/airflow/.local/lib/python3.12/site-packages/airflow/example_dags/example_dynamic_task_mapping_with_no_taskflow_operators.py for tasks to queue
[2025-06-20T16:21:11.131+0000] {logging_mixin.py:188} INFO - [2025-06-20T16:21:11.131+0000] {dagbag.py:540} INFO - Filling up the DagBag from /home/airflow/.local/lib/python3.12/site-packages/airflow/example_dags/example_dynamic_task_mapping_with_no_taskflow_operators.py
[2025-06-20T16:21:11.137+0000] {processor.py:840} INFO - DAG(s) 'example_dynamic_task_mapping_with_no_taskflow_operators' retrieved from /home/airflow/.local/lib/python3.12/site-packages/airflow/example_dags/example_dynamic_task_mapping_with_no_taskflow_operators.py
[2025-06-20T16:21:11.158+0000] {logging_mixin.py:188} INFO - [2025-06-20T16:21:11.158+0000] {dag.py:3096} INFO - Sync 1 DAGs
[2025-06-20T16:21:11.179+0000] {logging_mixin.py:188} INFO - [2025-06-20T16:21:11.179+0000] {dag.py:3954} INFO - Setting next_dagrun for example_dynamic_task_mapping_with_no_taskflow_operators to 2025-06-19 00:00:00+00:00, run_after=2025-06-20 00:00:00+00:00
[2025-06-20T16:21:11.195+0000] {processor.py:183} INFO - Processing /home/airflow/.local/lib/python3.12/site-packages/airflow/example_dags/example_dynamic_task_mapping_with_no_taskflow_operators.py took 0.073 seconds
[2025-06-20T16:21:41.366+0000] {processor.py:161} INFO - Started process (PID=2564) to work on /home/airflow/.local/lib/python3.12/site-packages/airflow/example_dags/example_dynamic_task_mapping_with_no_taskflow_operators.py
[2025-06-20T16:21:41.367+0000] {processor.py:830} INFO - Processing file /home/airflow/.local/lib/python3.12/site-packages/airflow/example_dags/example_dynamic_task_mapping_with_no_taskflow_operators.py for tasks to queue
[2025-06-20T16:21:41.369+0000] {logging_mixin.py:188} INFO - [2025-06-20T16:21:41.369+0000] {dagbag.py:540} INFO - Filling up the DagBag from /home/airflow/.local/lib/python3.12/site-packages/airflow/example_dags/example_dynamic_task_mapping_with_no_taskflow_operators.py
[2025-06-20T16:21:41.375+0000] {processor.py:840} INFO - DAG(s) 'example_dynamic_task_mapping_with_no_taskflow_operators' retrieved from /home/airflow/.local/lib/python3.12/site-packages/airflow/example_dags/example_dynamic_task_mapping_with_no_taskflow_operators.py
[2025-06-20T16:21:41.396+0000] {logging_mixin.py:188} INFO - [2025-06-20T16:21:41.396+0000] {dag.py:3096} INFO - Sync 1 DAGs
[2025-06-20T16:21:41.416+0000] {logging_mixin.py:188} INFO - [2025-06-20T16:21:41.416+0000] {dag.py:3954} INFO - Setting next_dagrun for example_dynamic_task_mapping_with_no_taskflow_operators to 2025-06-19 00:00:00+00:00, run_after=2025-06-20 00:00:00+00:00
[2025-06-20T16:21:41.431+0000] {processor.py:183} INFO - Processing /home/airflow/.local/lib/python3.12/site-packages/airflow/example_dags/example_dynamic_task_mapping_with_no_taskflow_operators.py took 0.071 seconds
[2025-06-20T16:22:11.706+0000] {processor.py:161} INFO - Started process (PID=2623) to work on /home/airflow/.local/lib/python3.12/site-packages/airflow/example_dags/example_dynamic_task_mapping_with_no_taskflow_operators.py
[2025-06-20T16:22:11.712+0000] {processor.py:830} INFO - Processing file /home/airflow/.local/lib/python3.12/site-packages/airflow/example_dags/example_dynamic_task_mapping_with_no_taskflow_operators.py for tasks to queue
[2025-06-20T16:22:11.714+0000] {logging_mixin.py:188} INFO - [2025-06-20T16:22:11.714+0000] {dagbag.py:540} INFO - Filling up the DagBag from /home/airflow/.local/lib/python3.12/site-packages/airflow/example_dags/example_dynamic_task_mapping_with_no_taskflow_operators.py
[2025-06-20T16:22:11.721+0000] {processor.py:840} INFO - DAG(s) 'example_dynamic_task_mapping_with_no_taskflow_operators' retrieved from /home/airflow/.local/lib/python3.12/site-packages/airflow/example_dags/example_dynamic_task_mapping_with_no_taskflow_operators.py
[2025-06-20T16:22:11.744+0000] {logging_mixin.py:188} INFO - [2025-06-20T16:22:11.744+0000] {dag.py:3096} INFO - Sync 1 DAGs
[2025-06-20T16:22:11.767+0000] {logging_mixin.py:188} INFO - [2025-06-20T16:22:11.767+0000] {dag.py:3954} INFO - Setting next_dagrun for example_dynamic_task_mapping_with_no_taskflow_operators to 2025-06-19 00:00:00+00:00, run_after=2025-06-20 00:00:00+00:00
[2025-06-20T16:22:11.782+0000] {processor.py:183} INFO - Processing /home/airflow/.local/lib/python3.12/site-packages/airflow/example_dags/example_dynamic_task_mapping_with_no_taskflow_operators.py took 0.083 seconds
[2025-06-20T16:22:41.905+0000] {processor.py:161} INFO - Started process (PID=2682) to work on /home/airflow/.local/lib/python3.12/site-packages/airflow/example_dags/example_dynamic_task_mapping_with_no_taskflow_operators.py
[2025-06-20T16:22:41.906+0000] {processor.py:830} INFO - Processing file /home/airflow/.local/lib/python3.12/site-packages/airflow/example_dags/example_dynamic_task_mapping_with_no_taskflow_operators.py for tasks to queue
[2025-06-20T16:22:41.908+0000] {logging_mixin.py:188} INFO - [2025-06-20T16:22:41.908+0000] {dagbag.py:540} INFO - Filling up the DagBag from /home/airflow/.local/lib/python3.12/site-packages/airflow/example_dags/example_dynamic_task_mapping_with_no_taskflow_operators.py
[2025-06-20T16:22:41.914+0000] {processor.py:840} INFO - DAG(s) 'example_dynamic_task_mapping_with_no_taskflow_operators' retrieved from /home/airflow/.local/lib/python3.12/site-packages/airflow/example_dags/example_dynamic_task_mapping_with_no_taskflow_operators.py
[2025-06-20T16:22:41.932+0000] {logging_mixin.py:188} INFO - [2025-06-20T16:22:41.932+0000] {dag.py:3096} INFO - Sync 1 DAGs
[2025-06-20T16:22:41.952+0000] {logging_mixin.py:188} INFO - [2025-06-20T16:22:41.951+0000] {dag.py:3954} INFO - Setting next_dagrun for example_dynamic_task_mapping_with_no_taskflow_operators to 2025-06-19 00:00:00+00:00, run_after=2025-06-20 00:00:00+00:00
[2025-06-20T16:22:41.966+0000] {processor.py:183} INFO - Processing /home/airflow/.local/lib/python3.12/site-packages/airflow/example_dags/example_dynamic_task_mapping_with_no_taskflow_operators.py took 0.067 seconds
[2025-06-20T16:23:12.047+0000] {processor.py:161} INFO - Started process (PID=2741) to work on /home/airflow/.local/lib/python3.12/site-packages/airflow/example_dags/example_dynamic_task_mapping_with_no_taskflow_operators.py
[2025-06-20T16:23:12.048+0000] {processor.py:830} INFO - Processing file /home/airflow/.local/lib/python3.12/site-packages/airflow/example_dags/example_dynamic_task_mapping_with_no_taskflow_operators.py for tasks to queue
[2025-06-20T16:23:12.050+0000] {logging_mixin.py:188} INFO - [2025-06-20T16:23:12.050+0000] {dagbag.py:540} INFO - Filling up the DagBag from /home/airflow/.local/lib/python3.12/site-packages/airflow/example_dags/example_dynamic_task_mapping_with_no_taskflow_operators.py
[2025-06-20T16:23:12.056+0000] {processor.py:840} INFO - DAG(s) 'example_dynamic_task_mapping_with_no_taskflow_operators' retrieved from /home/airflow/.local/lib/python3.12/site-packages/airflow/example_dags/example_dynamic_task_mapping_with_no_taskflow_operators.py
[2025-06-20T16:23:12.074+0000] {logging_mixin.py:188} INFO - [2025-06-20T16:23:12.073+0000] {dag.py:3096} INFO - Sync 1 DAGs
[2025-06-20T16:23:12.093+0000] {logging_mixin.py:188} INFO - [2025-06-20T16:23:12.093+0000] {dag.py:3954} INFO - Setting next_dagrun for example_dynamic_task_mapping_with_no_taskflow_operators to 2025-06-19 00:00:00+00:00, run_after=2025-06-20 00:00:00+00:00
[2025-06-20T16:23:12.108+0000] {processor.py:183} INFO - Processing /home/airflow/.local/lib/python3.12/site-packages/airflow/example_dags/example_dynamic_task_mapping_with_no_taskflow_operators.py took 0.067 seconds
[2025-06-20T16:24:24.886+0000] {processor.py:161} INFO - Started process (PID=79) to work on /home/airflow/.local/lib/python3.12/site-packages/airflow/example_dags/example_dynamic_task_mapping_with_no_taskflow_operators.py
[2025-06-20T16:24:24.887+0000] {processor.py:830} INFO - Processing file /home/airflow/.local/lib/python3.12/site-packages/airflow/example_dags/example_dynamic_task_mapping_with_no_taskflow_operators.py for tasks to queue
[2025-06-20T16:24:24.889+0000] {logging_mixin.py:188} INFO - [2025-06-20T16:24:24.888+0000] {dagbag.py:540} INFO - Filling up the DagBag from /home/airflow/.local/lib/python3.12/site-packages/airflow/example_dags/example_dynamic_task_mapping_with_no_taskflow_operators.py
[2025-06-20T16:24:24.898+0000] {processor.py:840} INFO - DAG(s) 'example_dynamic_task_mapping_with_no_taskflow_operators' retrieved from /home/airflow/.local/lib/python3.12/site-packages/airflow/example_dags/example_dynamic_task_mapping_with_no_taskflow_operators.py
[2025-06-20T16:24:24.912+0000] {logging_mixin.py:188} INFO - [2025-06-20T16:24:24.912+0000] {dag.py:3096} INFO - Sync 1 DAGs
[2025-06-20T16:24:24.938+0000] {logging_mixin.py:188} INFO - [2025-06-20T16:24:24.938+0000] {dag.py:3954} INFO - Setting next_dagrun for example_dynamic_task_mapping_with_no_taskflow_operators to 2025-06-19 00:00:00+00:00, run_after=2025-06-20 00:00:00+00:00
[2025-06-20T16:24:24.955+0000] {processor.py:183} INFO - Processing /home/airflow/.local/lib/python3.12/site-packages/airflow/example_dags/example_dynamic_task_mapping_with_no_taskflow_operators.py took 0.076 seconds
[2025-06-20T16:24:56.468+0000] {processor.py:161} INFO - Started process (PID=138) to work on /home/airflow/.local/lib/python3.12/site-packages/airflow/example_dags/example_dynamic_task_mapping_with_no_taskflow_operators.py
[2025-06-20T16:24:56.469+0000] {processor.py:830} INFO - Processing file /home/airflow/.local/lib/python3.12/site-packages/airflow/example_dags/example_dynamic_task_mapping_with_no_taskflow_operators.py for tasks to queue
[2025-06-20T16:24:56.471+0000] {logging_mixin.py:188} INFO - [2025-06-20T16:24:56.471+0000] {dagbag.py:540} INFO - Filling up the DagBag from /home/airflow/.local/lib/python3.12/site-packages/airflow/example_dags/example_dynamic_task_mapping_with_no_taskflow_operators.py
[2025-06-20T16:24:56.477+0000] {processor.py:840} INFO - DAG(s) 'example_dynamic_task_mapping_with_no_taskflow_operators' retrieved from /home/airflow/.local/lib/python3.12/site-packages/airflow/example_dags/example_dynamic_task_mapping_with_no_taskflow_operators.py
[2025-06-20T16:24:56.579+0000] {logging_mixin.py:188} INFO - [2025-06-20T16:24:56.579+0000] {dag.py:3096} INFO - Sync 1 DAGs
[2025-06-20T16:24:56.597+0000] {logging_mixin.py:188} INFO - [2025-06-20T16:24:56.597+0000] {dag.py:3954} INFO - Setting next_dagrun for example_dynamic_task_mapping_with_no_taskflow_operators to 2025-06-19 00:00:00+00:00, run_after=2025-06-20 00:00:00+00:00
[2025-06-20T16:24:56.614+0000] {processor.py:183} INFO - Processing /home/airflow/.local/lib/python3.12/site-packages/airflow/example_dags/example_dynamic_task_mapping_with_no_taskflow_operators.py took 0.152 seconds
[2025-06-20T16:25:26.990+0000] {processor.py:161} INFO - Started process (PID=203) to work on /home/airflow/.local/lib/python3.12/site-packages/airflow/example_dags/example_dynamic_task_mapping_with_no_taskflow_operators.py
[2025-06-20T16:25:26.991+0000] {processor.py:830} INFO - Processing file /home/airflow/.local/lib/python3.12/site-packages/airflow/example_dags/example_dynamic_task_mapping_with_no_taskflow_operators.py for tasks to queue
[2025-06-20T16:25:26.993+0000] {logging_mixin.py:188} INFO - [2025-06-20T16:25:26.993+0000] {dagbag.py:540} INFO - Filling up the DagBag from /home/airflow/.local/lib/python3.12/site-packages/airflow/example_dags/example_dynamic_task_mapping_with_no_taskflow_operators.py
[2025-06-20T16:25:27.000+0000] {processor.py:840} INFO - DAG(s) 'example_dynamic_task_mapping_with_no_taskflow_operators' retrieved from /home/airflow/.local/lib/python3.12/site-packages/airflow/example_dags/example_dynamic_task_mapping_with_no_taskflow_operators.py
[2025-06-20T16:25:27.019+0000] {logging_mixin.py:188} INFO - [2025-06-20T16:25:27.019+0000] {dag.py:3096} INFO - Sync 1 DAGs
[2025-06-20T16:25:27.039+0000] {logging_mixin.py:188} INFO - [2025-06-20T16:25:27.039+0000] {dag.py:3954} INFO - Setting next_dagrun for example_dynamic_task_mapping_with_no_taskflow_operators to 2025-06-19 00:00:00+00:00, run_after=2025-06-20 00:00:00+00:00
[2025-06-20T16:25:27.055+0000] {processor.py:183} INFO - Processing /home/airflow/.local/lib/python3.12/site-packages/airflow/example_dags/example_dynamic_task_mapping_with_no_taskflow_operators.py took 0.071 seconds
[2025-06-20T16:25:57.218+0000] {processor.py:161} INFO - Started process (PID=262) to work on /home/airflow/.local/lib/python3.12/site-packages/airflow/example_dags/example_dynamic_task_mapping_with_no_taskflow_operators.py
[2025-06-20T16:25:57.219+0000] {processor.py:830} INFO - Processing file /home/airflow/.local/lib/python3.12/site-packages/airflow/example_dags/example_dynamic_task_mapping_with_no_taskflow_operators.py for tasks to queue
[2025-06-20T16:25:57.221+0000] {logging_mixin.py:188} INFO - [2025-06-20T16:25:57.220+0000] {dagbag.py:540} INFO - Filling up the DagBag from /home/airflow/.local/lib/python3.12/site-packages/airflow/example_dags/example_dynamic_task_mapping_with_no_taskflow_operators.py
[2025-06-20T16:25:57.227+0000] {processor.py:840} INFO - DAG(s) 'example_dynamic_task_mapping_with_no_taskflow_operators' retrieved from /home/airflow/.local/lib/python3.12/site-packages/airflow/example_dags/example_dynamic_task_mapping_with_no_taskflow_operators.py
[2025-06-20T16:25:57.246+0000] {logging_mixin.py:188} INFO - [2025-06-20T16:25:57.246+0000] {dag.py:3096} INFO - Sync 1 DAGs
[2025-06-20T16:25:57.265+0000] {logging_mixin.py:188} INFO - [2025-06-20T16:25:57.265+0000] {dag.py:3954} INFO - Setting next_dagrun for example_dynamic_task_mapping_with_no_taskflow_operators to 2025-06-19 00:00:00+00:00, run_after=2025-06-20 00:00:00+00:00
[2025-06-20T16:25:57.281+0000] {processor.py:183} INFO - Processing /home/airflow/.local/lib/python3.12/site-packages/airflow/example_dags/example_dynamic_task_mapping_with_no_taskflow_operators.py took 0.069 seconds
[2025-06-20T16:26:27.382+0000] {processor.py:161} INFO - Started process (PID=321) to work on /home/airflow/.local/lib/python3.12/site-packages/airflow/example_dags/example_dynamic_task_mapping_with_no_taskflow_operators.py
[2025-06-20T16:26:27.383+0000] {processor.py:830} INFO - Processing file /home/airflow/.local/lib/python3.12/site-packages/airflow/example_dags/example_dynamic_task_mapping_with_no_taskflow_operators.py for tasks to queue
[2025-06-20T16:26:27.385+0000] {logging_mixin.py:188} INFO - [2025-06-20T16:26:27.385+0000] {dagbag.py:540} INFO - Filling up the DagBag from /home/airflow/.local/lib/python3.12/site-packages/airflow/example_dags/example_dynamic_task_mapping_with_no_taskflow_operators.py
[2025-06-20T16:26:27.392+0000] {processor.py:840} INFO - DAG(s) 'example_dynamic_task_mapping_with_no_taskflow_operators' retrieved from /home/airflow/.local/lib/python3.12/site-packages/airflow/example_dags/example_dynamic_task_mapping_with_no_taskflow_operators.py
[2025-06-20T16:26:27.409+0000] {logging_mixin.py:188} INFO - [2025-06-20T16:26:27.409+0000] {dag.py:3096} INFO - Sync 1 DAGs
[2025-06-20T16:26:27.428+0000] {logging_mixin.py:188} INFO - [2025-06-20T16:26:27.428+0000] {dag.py:3954} INFO - Setting next_dagrun for example_dynamic_task_mapping_with_no_taskflow_operators to 2025-06-19 00:00:00+00:00, run_after=2025-06-20 00:00:00+00:00
[2025-06-20T16:26:27.443+0000] {processor.py:183} INFO - Processing /home/airflow/.local/lib/python3.12/site-packages/airflow/example_dags/example_dynamic_task_mapping_with_no_taskflow_operators.py took 0.067 seconds
[2025-06-20T16:26:57.733+0000] {processor.py:161} INFO - Started process (PID=380) to work on /home/airflow/.local/lib/python3.12/site-packages/airflow/example_dags/example_dynamic_task_mapping_with_no_taskflow_operators.py
[2025-06-20T16:26:57.734+0000] {processor.py:830} INFO - Processing file /home/airflow/.local/lib/python3.12/site-packages/airflow/example_dags/example_dynamic_task_mapping_with_no_taskflow_operators.py for tasks to queue
[2025-06-20T16:26:57.736+0000] {logging_mixin.py:188} INFO - [2025-06-20T16:26:57.735+0000] {dagbag.py:540} INFO - Filling up the DagBag from /home/airflow/.local/lib/python3.12/site-packages/airflow/example_dags/example_dynamic_task_mapping_with_no_taskflow_operators.py
[2025-06-20T16:26:57.742+0000] {processor.py:840} INFO - DAG(s) 'example_dynamic_task_mapping_with_no_taskflow_operators' retrieved from /home/airflow/.local/lib/python3.12/site-packages/airflow/example_dags/example_dynamic_task_mapping_with_no_taskflow_operators.py
[2025-06-20T16:26:57.762+0000] {logging_mixin.py:188} INFO - [2025-06-20T16:26:57.762+0000] {dag.py:3096} INFO - Sync 1 DAGs
[2025-06-20T16:26:57.781+0000] {logging_mixin.py:188} INFO - [2025-06-20T16:26:57.781+0000] {dag.py:3954} INFO - Setting next_dagrun for example_dynamic_task_mapping_with_no_taskflow_operators to 2025-06-19 00:00:00+00:00, run_after=2025-06-20 00:00:00+00:00
[2025-06-20T16:26:57.796+0000] {processor.py:183} INFO - Processing /home/airflow/.local/lib/python3.12/site-packages/airflow/example_dags/example_dynamic_task_mapping_with_no_taskflow_operators.py took 0.070 seconds
[2025-06-20T16:27:27.969+0000] {processor.py:161} INFO - Started process (PID=439) to work on /home/airflow/.local/lib/python3.12/site-packages/airflow/example_dags/example_dynamic_task_mapping_with_no_taskflow_operators.py
[2025-06-20T16:27:27.970+0000] {processor.py:830} INFO - Processing file /home/airflow/.local/lib/python3.12/site-packages/airflow/example_dags/example_dynamic_task_mapping_with_no_taskflow_operators.py for tasks to queue
[2025-06-20T16:27:27.972+0000] {logging_mixin.py:188} INFO - [2025-06-20T16:27:27.972+0000] {dagbag.py:540} INFO - Filling up the DagBag from /home/airflow/.local/lib/python3.12/site-packages/airflow/example_dags/example_dynamic_task_mapping_with_no_taskflow_operators.py
[2025-06-20T16:27:27.979+0000] {processor.py:840} INFO - DAG(s) 'example_dynamic_task_mapping_with_no_taskflow_operators' retrieved from /home/airflow/.local/lib/python3.12/site-packages/airflow/example_dags/example_dynamic_task_mapping_with_no_taskflow_operators.py
[2025-06-20T16:27:27.998+0000] {logging_mixin.py:188} INFO - [2025-06-20T16:27:27.998+0000] {dag.py:3096} INFO - Sync 1 DAGs
[2025-06-20T16:27:28.017+0000] {logging_mixin.py:188} INFO - [2025-06-20T16:27:28.017+0000] {dag.py:3954} INFO - Setting next_dagrun for example_dynamic_task_mapping_with_no_taskflow_operators to 2025-06-19 00:00:00+00:00, run_after=2025-06-20 00:00:00+00:00
[2025-06-20T16:27:28.034+0000] {processor.py:183} INFO - Processing /home/airflow/.local/lib/python3.12/site-packages/airflow/example_dags/example_dynamic_task_mapping_with_no_taskflow_operators.py took 0.071 seconds
[2025-06-20T16:27:58.165+0000] {processor.py:161} INFO - Started process (PID=498) to work on /home/airflow/.local/lib/python3.12/site-packages/airflow/example_dags/example_dynamic_task_mapping_with_no_taskflow_operators.py
[2025-06-20T16:27:58.166+0000] {processor.py:830} INFO - Processing file /home/airflow/.local/lib/python3.12/site-packages/airflow/example_dags/example_dynamic_task_mapping_with_no_taskflow_operators.py for tasks to queue
[2025-06-20T16:27:58.168+0000] {logging_mixin.py:188} INFO - [2025-06-20T16:27:58.168+0000] {dagbag.py:540} INFO - Filling up the DagBag from /home/airflow/.local/lib/python3.12/site-packages/airflow/example_dags/example_dynamic_task_mapping_with_no_taskflow_operators.py
[2025-06-20T16:27:58.175+0000] {processor.py:840} INFO - DAG(s) 'example_dynamic_task_mapping_with_no_taskflow_operators' retrieved from /home/airflow/.local/lib/python3.12/site-packages/airflow/example_dags/example_dynamic_task_mapping_with_no_taskflow_operators.py
[2025-06-20T16:27:58.193+0000] {logging_mixin.py:188} INFO - [2025-06-20T16:27:58.193+0000] {dag.py:3096} INFO - Sync 1 DAGs
[2025-06-20T16:27:58.213+0000] {logging_mixin.py:188} INFO - [2025-06-20T16:27:58.213+0000] {dag.py:3954} INFO - Setting next_dagrun for example_dynamic_task_mapping_with_no_taskflow_operators to 2025-06-19 00:00:00+00:00, run_after=2025-06-20 00:00:00+00:00
[2025-06-20T16:27:58.228+0000] {processor.py:183} INFO - Processing /home/airflow/.local/lib/python3.12/site-packages/airflow/example_dags/example_dynamic_task_mapping_with_no_taskflow_operators.py took 0.069 seconds
[2025-06-20T16:28:28.337+0000] {processor.py:161} INFO - Started process (PID=557) to work on /home/airflow/.local/lib/python3.12/site-packages/airflow/example_dags/example_dynamic_task_mapping_with_no_taskflow_operators.py
[2025-06-20T16:28:28.338+0000] {processor.py:830} INFO - Processing file /home/airflow/.local/lib/python3.12/site-packages/airflow/example_dags/example_dynamic_task_mapping_with_no_taskflow_operators.py for tasks to queue
[2025-06-20T16:28:28.340+0000] {logging_mixin.py:188} INFO - [2025-06-20T16:28:28.339+0000] {dagbag.py:540} INFO - Filling up the DagBag from /home/airflow/.local/lib/python3.12/site-packages/airflow/example_dags/example_dynamic_task_mapping_with_no_taskflow_operators.py
[2025-06-20T16:28:28.346+0000] {processor.py:840} INFO - DAG(s) 'example_dynamic_task_mapping_with_no_taskflow_operators' retrieved from /home/airflow/.local/lib/python3.12/site-packages/airflow/example_dags/example_dynamic_task_mapping_with_no_taskflow_operators.py
[2025-06-20T16:28:28.364+0000] {logging_mixin.py:188} INFO - [2025-06-20T16:28:28.364+0000] {dag.py:3096} INFO - Sync 1 DAGs
[2025-06-20T16:28:28.383+0000] {logging_mixin.py:188} INFO - [2025-06-20T16:28:28.383+0000] {dag.py:3954} INFO - Setting next_dagrun for example_dynamic_task_mapping_with_no_taskflow_operators to 2025-06-19 00:00:00+00:00, run_after=2025-06-20 00:00:00+00:00
[2025-06-20T16:28:28.398+0000] {processor.py:183} INFO - Processing /home/airflow/.local/lib/python3.12/site-packages/airflow/example_dags/example_dynamic_task_mapping_with_no_taskflow_operators.py took 0.067 seconds
[2025-06-20T16:28:59.409+0000] {processor.py:161} INFO - Started process (PID=616) to work on /home/airflow/.local/lib/python3.12/site-packages/airflow/example_dags/example_dynamic_task_mapping_with_no_taskflow_operators.py
[2025-06-20T16:28:59.410+0000] {processor.py:830} INFO - Processing file /home/airflow/.local/lib/python3.12/site-packages/airflow/example_dags/example_dynamic_task_mapping_with_no_taskflow_operators.py for tasks to queue
[2025-06-20T16:28:59.411+0000] {logging_mixin.py:188} INFO - [2025-06-20T16:28:59.411+0000] {dagbag.py:540} INFO - Filling up the DagBag from /home/airflow/.local/lib/python3.12/site-packages/airflow/example_dags/example_dynamic_task_mapping_with_no_taskflow_operators.py
[2025-06-20T16:28:59.418+0000] {processor.py:840} INFO - DAG(s) 'example_dynamic_task_mapping_with_no_taskflow_operators' retrieved from /home/airflow/.local/lib/python3.12/site-packages/airflow/example_dags/example_dynamic_task_mapping_with_no_taskflow_operators.py
[2025-06-20T16:28:59.437+0000] {logging_mixin.py:188} INFO - [2025-06-20T16:28:59.437+0000] {dag.py:3096} INFO - Sync 1 DAGs
[2025-06-20T16:28:59.458+0000] {logging_mixin.py:188} INFO - [2025-06-20T16:28:59.458+0000] {dag.py:3954} INFO - Setting next_dagrun for example_dynamic_task_mapping_with_no_taskflow_operators to 2025-06-19 00:00:00+00:00, run_after=2025-06-20 00:00:00+00:00
[2025-06-20T16:28:59.475+0000] {processor.py:183} INFO - Processing /home/airflow/.local/lib/python3.12/site-packages/airflow/example_dags/example_dynamic_task_mapping_with_no_taskflow_operators.py took 0.072 seconds
[2025-06-20T16:29:29.581+0000] {processor.py:161} INFO - Started process (PID=675) to work on /home/airflow/.local/lib/python3.12/site-packages/airflow/example_dags/example_dynamic_task_mapping_with_no_taskflow_operators.py
[2025-06-20T16:29:29.582+0000] {processor.py:830} INFO - Processing file /home/airflow/.local/lib/python3.12/site-packages/airflow/example_dags/example_dynamic_task_mapping_with_no_taskflow_operators.py for tasks to queue
[2025-06-20T16:29:29.584+0000] {logging_mixin.py:188} INFO - [2025-06-20T16:29:29.584+0000] {dagbag.py:540} INFO - Filling up the DagBag from /home/airflow/.local/lib/python3.12/site-packages/airflow/example_dags/example_dynamic_task_mapping_with_no_taskflow_operators.py
[2025-06-20T16:29:29.591+0000] {processor.py:840} INFO - DAG(s) 'example_dynamic_task_mapping_with_no_taskflow_operators' retrieved from /home/airflow/.local/lib/python3.12/site-packages/airflow/example_dags/example_dynamic_task_mapping_with_no_taskflow_operators.py
[2025-06-20T16:29:29.609+0000] {logging_mixin.py:188} INFO - [2025-06-20T16:29:29.609+0000] {dag.py:3096} INFO - Sync 1 DAGs
[2025-06-20T16:29:29.628+0000] {logging_mixin.py:188} INFO - [2025-06-20T16:29:29.628+0000] {dag.py:3954} INFO - Setting next_dagrun for example_dynamic_task_mapping_with_no_taskflow_operators to 2025-06-19 00:00:00+00:00, run_after=2025-06-20 00:00:00+00:00
[2025-06-20T16:29:29.644+0000] {processor.py:183} INFO - Processing /home/airflow/.local/lib/python3.12/site-packages/airflow/example_dags/example_dynamic_task_mapping_with_no_taskflow_operators.py took 0.068 seconds
[2025-06-20T16:29:59.937+0000] {processor.py:161} INFO - Started process (PID=734) to work on /home/airflow/.local/lib/python3.12/site-packages/airflow/example_dags/example_dynamic_task_mapping_with_no_taskflow_operators.py
[2025-06-20T16:29:59.938+0000] {processor.py:830} INFO - Processing file /home/airflow/.local/lib/python3.12/site-packages/airflow/example_dags/example_dynamic_task_mapping_with_no_taskflow_operators.py for tasks to queue
[2025-06-20T16:29:59.940+0000] {logging_mixin.py:188} INFO - [2025-06-20T16:29:59.939+0000] {dagbag.py:540} INFO - Filling up the DagBag from /home/airflow/.local/lib/python3.12/site-packages/airflow/example_dags/example_dynamic_task_mapping_with_no_taskflow_operators.py
[2025-06-20T16:29:59.946+0000] {processor.py:840} INFO - DAG(s) 'example_dynamic_task_mapping_with_no_taskflow_operators' retrieved from /home/airflow/.local/lib/python3.12/site-packages/airflow/example_dags/example_dynamic_task_mapping_with_no_taskflow_operators.py
[2025-06-20T16:29:59.965+0000] {logging_mixin.py:188} INFO - [2025-06-20T16:29:59.965+0000] {dag.py:3096} INFO - Sync 1 DAGs
[2025-06-20T16:29:59.984+0000] {logging_mixin.py:188} INFO - [2025-06-20T16:29:59.984+0000] {dag.py:3954} INFO - Setting next_dagrun for example_dynamic_task_mapping_with_no_taskflow_operators to 2025-06-19 00:00:00+00:00, run_after=2025-06-20 00:00:00+00:00
[2025-06-20T16:29:59.999+0000] {processor.py:183} INFO - Processing /home/airflow/.local/lib/python3.12/site-packages/airflow/example_dags/example_dynamic_task_mapping_with_no_taskflow_operators.py took 0.069 seconds
[2025-06-20T16:30:30.141+0000] {processor.py:161} INFO - Started process (PID=793) to work on /home/airflow/.local/lib/python3.12/site-packages/airflow/example_dags/example_dynamic_task_mapping_with_no_taskflow_operators.py
[2025-06-20T16:30:30.142+0000] {processor.py:830} INFO - Processing file /home/airflow/.local/lib/python3.12/site-packages/airflow/example_dags/example_dynamic_task_mapping_with_no_taskflow_operators.py for tasks to queue
[2025-06-20T16:30:30.144+0000] {logging_mixin.py:188} INFO - [2025-06-20T16:30:30.144+0000] {dagbag.py:540} INFO - Filling up the DagBag from /home/airflow/.local/lib/python3.12/site-packages/airflow/example_dags/example_dynamic_task_mapping_with_no_taskflow_operators.py
[2025-06-20T16:30:30.150+0000] {processor.py:840} INFO - DAG(s) 'example_dynamic_task_mapping_with_no_taskflow_operators' retrieved from /home/airflow/.local/lib/python3.12/site-packages/airflow/example_dags/example_dynamic_task_mapping_with_no_taskflow_operators.py
[2025-06-20T16:30:30.169+0000] {logging_mixin.py:188} INFO - [2025-06-20T16:30:30.169+0000] {dag.py:3096} INFO - Sync 1 DAGs
[2025-06-20T16:30:30.189+0000] {logging_mixin.py:188} INFO - [2025-06-20T16:30:30.189+0000] {dag.py:3954} INFO - Setting next_dagrun for example_dynamic_task_mapping_with_no_taskflow_operators to 2025-06-19 00:00:00+00:00, run_after=2025-06-20 00:00:00+00:00
[2025-06-20T16:30:30.204+0000] {processor.py:183} INFO - Processing /home/airflow/.local/lib/python3.12/site-packages/airflow/example_dags/example_dynamic_task_mapping_with_no_taskflow_operators.py took 0.069 seconds
[2025-06-20T16:31:00.514+0000] {processor.py:161} INFO - Started process (PID=852) to work on /home/airflow/.local/lib/python3.12/site-packages/airflow/example_dags/example_dynamic_task_mapping_with_no_taskflow_operators.py
[2025-06-20T16:31:00.515+0000] {processor.py:830} INFO - Processing file /home/airflow/.local/lib/python3.12/site-packages/airflow/example_dags/example_dynamic_task_mapping_with_no_taskflow_operators.py for tasks to queue
[2025-06-20T16:31:00.517+0000] {logging_mixin.py:188} INFO - [2025-06-20T16:31:00.517+0000] {dagbag.py:540} INFO - Filling up the DagBag from /home/airflow/.local/lib/python3.12/site-packages/airflow/example_dags/example_dynamic_task_mapping_with_no_taskflow_operators.py
[2025-06-20T16:31:00.523+0000] {processor.py:840} INFO - DAG(s) 'example_dynamic_task_mapping_with_no_taskflow_operators' retrieved from /home/airflow/.local/lib/python3.12/site-packages/airflow/example_dags/example_dynamic_task_mapping_with_no_taskflow_operators.py
[2025-06-20T16:31:00.542+0000] {logging_mixin.py:188} INFO - [2025-06-20T16:31:00.542+0000] {dag.py:3096} INFO - Sync 1 DAGs
[2025-06-20T16:31:00.561+0000] {logging_mixin.py:188} INFO - [2025-06-20T16:31:00.561+0000] {dag.py:3954} INFO - Setting next_dagrun for example_dynamic_task_mapping_with_no_taskflow_operators to 2025-06-19 00:00:00+00:00, run_after=2025-06-20 00:00:00+00:00
[2025-06-20T16:31:00.577+0000] {processor.py:183} INFO - Processing /home/airflow/.local/lib/python3.12/site-packages/airflow/example_dags/example_dynamic_task_mapping_with_no_taskflow_operators.py took 0.069 seconds
[2025-06-20T16:31:31.010+0000] {processor.py:161} INFO - Started process (PID=911) to work on /home/airflow/.local/lib/python3.12/site-packages/airflow/example_dags/example_dynamic_task_mapping_with_no_taskflow_operators.py
[2025-06-20T16:31:31.011+0000] {processor.py:830} INFO - Processing file /home/airflow/.local/lib/python3.12/site-packages/airflow/example_dags/example_dynamic_task_mapping_with_no_taskflow_operators.py for tasks to queue
[2025-06-20T16:31:31.013+0000] {logging_mixin.py:188} INFO - [2025-06-20T16:31:31.013+0000] {dagbag.py:540} INFO - Filling up the DagBag from /home/airflow/.local/lib/python3.12/site-packages/airflow/example_dags/example_dynamic_task_mapping_with_no_taskflow_operators.py
[2025-06-20T16:31:31.020+0000] {processor.py:840} INFO - DAG(s) 'example_dynamic_task_mapping_with_no_taskflow_operators' retrieved from /home/airflow/.local/lib/python3.12/site-packages/airflow/example_dags/example_dynamic_task_mapping_with_no_taskflow_operators.py
[2025-06-20T16:31:31.041+0000] {logging_mixin.py:188} INFO - [2025-06-20T16:31:31.041+0000] {dag.py:3096} INFO - Sync 1 DAGs
[2025-06-20T16:31:31.062+0000] {logging_mixin.py:188} INFO - [2025-06-20T16:31:31.062+0000] {dag.py:3954} INFO - Setting next_dagrun for example_dynamic_task_mapping_with_no_taskflow_operators to 2025-06-19 00:00:00+00:00, run_after=2025-06-20 00:00:00+00:00
[2025-06-20T16:31:31.077+0000] {processor.py:183} INFO - Processing /home/airflow/.local/lib/python3.12/site-packages/airflow/example_dags/example_dynamic_task_mapping_with_no_taskflow_operators.py took 0.074 seconds
[2025-06-20T16:32:01.320+0000] {processor.py:161} INFO - Started process (PID=970) to work on /home/airflow/.local/lib/python3.12/site-packages/airflow/example_dags/example_dynamic_task_mapping_with_no_taskflow_operators.py
[2025-06-20T16:32:01.321+0000] {processor.py:830} INFO - Processing file /home/airflow/.local/lib/python3.12/site-packages/airflow/example_dags/example_dynamic_task_mapping_with_no_taskflow_operators.py for tasks to queue
[2025-06-20T16:32:01.323+0000] {logging_mixin.py:188} INFO - [2025-06-20T16:32:01.323+0000] {dagbag.py:540} INFO - Filling up the DagBag from /home/airflow/.local/lib/python3.12/site-packages/airflow/example_dags/example_dynamic_task_mapping_with_no_taskflow_operators.py
[2025-06-20T16:32:01.329+0000] {processor.py:840} INFO - DAG(s) 'example_dynamic_task_mapping_with_no_taskflow_operators' retrieved from /home/airflow/.local/lib/python3.12/site-packages/airflow/example_dags/example_dynamic_task_mapping_with_no_taskflow_operators.py
[2025-06-20T16:32:01.350+0000] {logging_mixin.py:188} INFO - [2025-06-20T16:32:01.350+0000] {dag.py:3096} INFO - Sync 1 DAGs
[2025-06-20T16:32:01.371+0000] {logging_mixin.py:188} INFO - [2025-06-20T16:32:01.371+0000] {dag.py:3954} INFO - Setting next_dagrun for example_dynamic_task_mapping_with_no_taskflow_operators to 2025-06-19 00:00:00+00:00, run_after=2025-06-20 00:00:00+00:00
[2025-06-20T16:32:01.387+0000] {processor.py:183} INFO - Processing /home/airflow/.local/lib/python3.12/site-packages/airflow/example_dags/example_dynamic_task_mapping_with_no_taskflow_operators.py took 0.073 seconds
[2025-06-20T16:32:31.563+0000] {processor.py:161} INFO - Started process (PID=1029) to work on /home/airflow/.local/lib/python3.12/site-packages/airflow/example_dags/example_dynamic_task_mapping_with_no_taskflow_operators.py
[2025-06-20T16:32:31.564+0000] {processor.py:830} INFO - Processing file /home/airflow/.local/lib/python3.12/site-packages/airflow/example_dags/example_dynamic_task_mapping_with_no_taskflow_operators.py for tasks to queue
[2025-06-20T16:32:31.565+0000] {logging_mixin.py:188} INFO - [2025-06-20T16:32:31.565+0000] {dagbag.py:540} INFO - Filling up the DagBag from /home/airflow/.local/lib/python3.12/site-packages/airflow/example_dags/example_dynamic_task_mapping_with_no_taskflow_operators.py
[2025-06-20T16:32:31.572+0000] {processor.py:840} INFO - DAG(s) 'example_dynamic_task_mapping_with_no_taskflow_operators' retrieved from /home/airflow/.local/lib/python3.12/site-packages/airflow/example_dags/example_dynamic_task_mapping_with_no_taskflow_operators.py
[2025-06-20T16:32:31.590+0000] {logging_mixin.py:188} INFO - [2025-06-20T16:32:31.590+0000] {dag.py:3096} INFO - Sync 1 DAGs
[2025-06-20T16:32:31.609+0000] {logging_mixin.py:188} INFO - [2025-06-20T16:32:31.609+0000] {dag.py:3954} INFO - Setting next_dagrun for example_dynamic_task_mapping_with_no_taskflow_operators to 2025-06-19 00:00:00+00:00, run_after=2025-06-20 00:00:00+00:00
[2025-06-20T16:32:31.625+0000] {processor.py:183} INFO - Processing /home/airflow/.local/lib/python3.12/site-packages/airflow/example_dags/example_dynamic_task_mapping_with_no_taskflow_operators.py took 0.069 seconds
[2025-06-20T16:33:01.889+0000] {processor.py:161} INFO - Started process (PID=1088) to work on /home/airflow/.local/lib/python3.12/site-packages/airflow/example_dags/example_dynamic_task_mapping_with_no_taskflow_operators.py
[2025-06-20T16:33:01.890+0000] {processor.py:830} INFO - Processing file /home/airflow/.local/lib/python3.12/site-packages/airflow/example_dags/example_dynamic_task_mapping_with_no_taskflow_operators.py for tasks to queue
[2025-06-20T16:33:01.892+0000] {logging_mixin.py:188} INFO - [2025-06-20T16:33:01.891+0000] {dagbag.py:540} INFO - Filling up the DagBag from /home/airflow/.local/lib/python3.12/site-packages/airflow/example_dags/example_dynamic_task_mapping_with_no_taskflow_operators.py
[2025-06-20T16:33:01.898+0000] {processor.py:840} INFO - DAG(s) 'example_dynamic_task_mapping_with_no_taskflow_operators' retrieved from /home/airflow/.local/lib/python3.12/site-packages/airflow/example_dags/example_dynamic_task_mapping_with_no_taskflow_operators.py
[2025-06-20T16:33:01.918+0000] {logging_mixin.py:188} INFO - [2025-06-20T16:33:01.918+0000] {dag.py:3096} INFO - Sync 1 DAGs
[2025-06-20T16:33:01.938+0000] {logging_mixin.py:188} INFO - [2025-06-20T16:33:01.938+0000] {dag.py:3954} INFO - Setting next_dagrun for example_dynamic_task_mapping_with_no_taskflow_operators to 2025-06-19 00:00:00+00:00, run_after=2025-06-20 00:00:00+00:00
[2025-06-20T16:33:01.954+0000] {processor.py:183} INFO - Processing /home/airflow/.local/lib/python3.12/site-packages/airflow/example_dags/example_dynamic_task_mapping_with_no_taskflow_operators.py took 0.071 seconds
[2025-06-20T16:33:32.301+0000] {processor.py:161} INFO - Started process (PID=1147) to work on /home/airflow/.local/lib/python3.12/site-packages/airflow/example_dags/example_dynamic_task_mapping_with_no_taskflow_operators.py
[2025-06-20T16:33:32.302+0000] {processor.py:830} INFO - Processing file /home/airflow/.local/lib/python3.12/site-packages/airflow/example_dags/example_dynamic_task_mapping_with_no_taskflow_operators.py for tasks to queue
[2025-06-20T16:33:32.304+0000] {logging_mixin.py:188} INFO - [2025-06-20T16:33:32.303+0000] {dagbag.py:540} INFO - Filling up the DagBag from /home/airflow/.local/lib/python3.12/site-packages/airflow/example_dags/example_dynamic_task_mapping_with_no_taskflow_operators.py
[2025-06-20T16:33:32.310+0000] {processor.py:840} INFO - DAG(s) 'example_dynamic_task_mapping_with_no_taskflow_operators' retrieved from /home/airflow/.local/lib/python3.12/site-packages/airflow/example_dags/example_dynamic_task_mapping_with_no_taskflow_operators.py
[2025-06-20T16:33:32.328+0000] {logging_mixin.py:188} INFO - [2025-06-20T16:33:32.328+0000] {dag.py:3096} INFO - Sync 1 DAGs
[2025-06-20T16:33:32.347+0000] {logging_mixin.py:188} INFO - [2025-06-20T16:33:32.347+0000] {dag.py:3954} INFO - Setting next_dagrun for example_dynamic_task_mapping_with_no_taskflow_operators to 2025-06-19 00:00:00+00:00, run_after=2025-06-20 00:00:00+00:00
[2025-06-20T16:33:32.362+0000] {processor.py:183} INFO - Processing /home/airflow/.local/lib/python3.12/site-packages/airflow/example_dags/example_dynamic_task_mapping_with_no_taskflow_operators.py took 0.067 seconds
[2025-06-20T16:34:02.449+0000] {processor.py:161} INFO - Started process (PID=1206) to work on /home/airflow/.local/lib/python3.12/site-packages/airflow/example_dags/example_dynamic_task_mapping_with_no_taskflow_operators.py
[2025-06-20T16:34:02.450+0000] {processor.py:830} INFO - Processing file /home/airflow/.local/lib/python3.12/site-packages/airflow/example_dags/example_dynamic_task_mapping_with_no_taskflow_operators.py for tasks to queue
[2025-06-20T16:34:02.452+0000] {logging_mixin.py:188} INFO - [2025-06-20T16:34:02.451+0000] {dagbag.py:540} INFO - Filling up the DagBag from /home/airflow/.local/lib/python3.12/site-packages/airflow/example_dags/example_dynamic_task_mapping_with_no_taskflow_operators.py
[2025-06-20T16:34:02.458+0000] {processor.py:840} INFO - DAG(s) 'example_dynamic_task_mapping_with_no_taskflow_operators' retrieved from /home/airflow/.local/lib/python3.12/site-packages/airflow/example_dags/example_dynamic_task_mapping_with_no_taskflow_operators.py
[2025-06-20T16:34:02.476+0000] {logging_mixin.py:188} INFO - [2025-06-20T16:34:02.476+0000] {dag.py:3096} INFO - Sync 1 DAGs
[2025-06-20T16:34:02.495+0000] {logging_mixin.py:188} INFO - [2025-06-20T16:34:02.495+0000] {dag.py:3954} INFO - Setting next_dagrun for example_dynamic_task_mapping_with_no_taskflow_operators to 2025-06-19 00:00:00+00:00, run_after=2025-06-20 00:00:00+00:00
[2025-06-20T16:34:02.510+0000] {processor.py:183} INFO - Processing /home/airflow/.local/lib/python3.12/site-packages/airflow/example_dags/example_dynamic_task_mapping_with_no_taskflow_operators.py took 0.067 seconds
[2025-06-20T16:34:32.924+0000] {processor.py:161} INFO - Started process (PID=1265) to work on /home/airflow/.local/lib/python3.12/site-packages/airflow/example_dags/example_dynamic_task_mapping_with_no_taskflow_operators.py
[2025-06-20T16:34:32.925+0000] {processor.py:830} INFO - Processing file /home/airflow/.local/lib/python3.12/site-packages/airflow/example_dags/example_dynamic_task_mapping_with_no_taskflow_operators.py for tasks to queue
[2025-06-20T16:34:32.927+0000] {logging_mixin.py:188} INFO - [2025-06-20T16:34:32.926+0000] {dagbag.py:540} INFO - Filling up the DagBag from /home/airflow/.local/lib/python3.12/site-packages/airflow/example_dags/example_dynamic_task_mapping_with_no_taskflow_operators.py
[2025-06-20T16:34:32.933+0000] {processor.py:840} INFO - DAG(s) 'example_dynamic_task_mapping_with_no_taskflow_operators' retrieved from /home/airflow/.local/lib/python3.12/site-packages/airflow/example_dags/example_dynamic_task_mapping_with_no_taskflow_operators.py
[2025-06-20T16:34:32.953+0000] {logging_mixin.py:188} INFO - [2025-06-20T16:34:32.953+0000] {dag.py:3096} INFO - Sync 1 DAGs
[2025-06-20T16:34:32.973+0000] {logging_mixin.py:188} INFO - [2025-06-20T16:34:32.973+0000] {dag.py:3954} INFO - Setting next_dagrun for example_dynamic_task_mapping_with_no_taskflow_operators to 2025-06-19 00:00:00+00:00, run_after=2025-06-20 00:00:00+00:00
[2025-06-20T16:34:32.990+0000] {processor.py:183} INFO - Processing /home/airflow/.local/lib/python3.12/site-packages/airflow/example_dags/example_dynamic_task_mapping_with_no_taskflow_operators.py took 0.073 seconds
[2025-06-20T16:35:03.353+0000] {processor.py:161} INFO - Started process (PID=1324) to work on /home/airflow/.local/lib/python3.12/site-packages/airflow/example_dags/example_dynamic_task_mapping_with_no_taskflow_operators.py
[2025-06-20T16:35:03.354+0000] {processor.py:830} INFO - Processing file /home/airflow/.local/lib/python3.12/site-packages/airflow/example_dags/example_dynamic_task_mapping_with_no_taskflow_operators.py for tasks to queue
[2025-06-20T16:35:03.356+0000] {logging_mixin.py:188} INFO - [2025-06-20T16:35:03.355+0000] {dagbag.py:540} INFO - Filling up the DagBag from /home/airflow/.local/lib/python3.12/site-packages/airflow/example_dags/example_dynamic_task_mapping_with_no_taskflow_operators.py
[2025-06-20T16:35:03.362+0000] {processor.py:840} INFO - DAG(s) 'example_dynamic_task_mapping_with_no_taskflow_operators' retrieved from /home/airflow/.local/lib/python3.12/site-packages/airflow/example_dags/example_dynamic_task_mapping_with_no_taskflow_operators.py
[2025-06-20T16:35:03.380+0000] {logging_mixin.py:188} INFO - [2025-06-20T16:35:03.380+0000] {dag.py:3096} INFO - Sync 1 DAGs
[2025-06-20T16:35:03.401+0000] {logging_mixin.py:188} INFO - [2025-06-20T16:35:03.400+0000] {dag.py:3954} INFO - Setting next_dagrun for example_dynamic_task_mapping_with_no_taskflow_operators to 2025-06-19 00:00:00+00:00, run_after=2025-06-20 00:00:00+00:00
[2025-06-20T16:35:03.417+0000] {processor.py:183} INFO - Processing /home/airflow/.local/lib/python3.12/site-packages/airflow/example_dags/example_dynamic_task_mapping_with_no_taskflow_operators.py took 0.070 seconds
[2025-06-20T16:35:33.607+0000] {processor.py:161} INFO - Started process (PID=1383) to work on /home/airflow/.local/lib/python3.12/site-packages/airflow/example_dags/example_dynamic_task_mapping_with_no_taskflow_operators.py
[2025-06-20T16:35:33.608+0000] {processor.py:830} INFO - Processing file /home/airflow/.local/lib/python3.12/site-packages/airflow/example_dags/example_dynamic_task_mapping_with_no_taskflow_operators.py for tasks to queue
[2025-06-20T16:35:33.610+0000] {logging_mixin.py:188} INFO - [2025-06-20T16:35:33.610+0000] {dagbag.py:540} INFO - Filling up the DagBag from /home/airflow/.local/lib/python3.12/site-packages/airflow/example_dags/example_dynamic_task_mapping_with_no_taskflow_operators.py
[2025-06-20T16:35:33.617+0000] {processor.py:840} INFO - DAG(s) 'example_dynamic_task_mapping_with_no_taskflow_operators' retrieved from /home/airflow/.local/lib/python3.12/site-packages/airflow/example_dags/example_dynamic_task_mapping_with_no_taskflow_operators.py
[2025-06-20T16:35:33.636+0000] {logging_mixin.py:188} INFO - [2025-06-20T16:35:33.635+0000] {dag.py:3096} INFO - Sync 1 DAGs
[2025-06-20T16:35:33.655+0000] {logging_mixin.py:188} INFO - [2025-06-20T16:35:33.655+0000] {dag.py:3954} INFO - Setting next_dagrun for example_dynamic_task_mapping_with_no_taskflow_operators to 2025-06-19 00:00:00+00:00, run_after=2025-06-20 00:00:00+00:00
[2025-06-20T16:35:33.670+0000] {processor.py:183} INFO - Processing /home/airflow/.local/lib/python3.12/site-packages/airflow/example_dags/example_dynamic_task_mapping_with_no_taskflow_operators.py took 0.069 seconds
[2025-06-20T16:36:03.935+0000] {processor.py:161} INFO - Started process (PID=1442) to work on /home/airflow/.local/lib/python3.12/site-packages/airflow/example_dags/example_dynamic_task_mapping_with_no_taskflow_operators.py
[2025-06-20T16:36:03.936+0000] {processor.py:830} INFO - Processing file /home/airflow/.local/lib/python3.12/site-packages/airflow/example_dags/example_dynamic_task_mapping_with_no_taskflow_operators.py for tasks to queue
[2025-06-20T16:36:03.938+0000] {logging_mixin.py:188} INFO - [2025-06-20T16:36:03.938+0000] {dagbag.py:540} INFO - Filling up the DagBag from /home/airflow/.local/lib/python3.12/site-packages/airflow/example_dags/example_dynamic_task_mapping_with_no_taskflow_operators.py
[2025-06-20T16:36:03.945+0000] {processor.py:840} INFO - DAG(s) 'example_dynamic_task_mapping_with_no_taskflow_operators' retrieved from /home/airflow/.local/lib/python3.12/site-packages/airflow/example_dags/example_dynamic_task_mapping_with_no_taskflow_operators.py
[2025-06-20T16:36:03.963+0000] {logging_mixin.py:188} INFO - [2025-06-20T16:36:03.963+0000] {dag.py:3096} INFO - Sync 1 DAGs
[2025-06-20T16:36:03.983+0000] {logging_mixin.py:188} INFO - [2025-06-20T16:36:03.983+0000] {dag.py:3954} INFO - Setting next_dagrun for example_dynamic_task_mapping_with_no_taskflow_operators to 2025-06-19 00:00:00+00:00, run_after=2025-06-20 00:00:00+00:00
[2025-06-20T16:36:03.998+0000] {processor.py:183} INFO - Processing /home/airflow/.local/lib/python3.12/site-packages/airflow/example_dags/example_dynamic_task_mapping_with_no_taskflow_operators.py took 0.069 seconds
[2025-06-20T16:36:34.119+0000] {processor.py:161} INFO - Started process (PID=1501) to work on /home/airflow/.local/lib/python3.12/site-packages/airflow/example_dags/example_dynamic_task_mapping_with_no_taskflow_operators.py
[2025-06-20T16:36:34.120+0000] {processor.py:830} INFO - Processing file /home/airflow/.local/lib/python3.12/site-packages/airflow/example_dags/example_dynamic_task_mapping_with_no_taskflow_operators.py for tasks to queue
[2025-06-20T16:36:34.122+0000] {logging_mixin.py:188} INFO - [2025-06-20T16:36:34.121+0000] {dagbag.py:540} INFO - Filling up the DagBag from /home/airflow/.local/lib/python3.12/site-packages/airflow/example_dags/example_dynamic_task_mapping_with_no_taskflow_operators.py
[2025-06-20T16:36:34.128+0000] {processor.py:840} INFO - DAG(s) 'example_dynamic_task_mapping_with_no_taskflow_operators' retrieved from /home/airflow/.local/lib/python3.12/site-packages/airflow/example_dags/example_dynamic_task_mapping_with_no_taskflow_operators.py
[2025-06-20T16:36:34.146+0000] {logging_mixin.py:188} INFO - [2025-06-20T16:36:34.146+0000] {dag.py:3096} INFO - Sync 1 DAGs
[2025-06-20T16:36:34.165+0000] {logging_mixin.py:188} INFO - [2025-06-20T16:36:34.165+0000] {dag.py:3954} INFO - Setting next_dagrun for example_dynamic_task_mapping_with_no_taskflow_operators to 2025-06-19 00:00:00+00:00, run_after=2025-06-20 00:00:00+00:00
[2025-06-20T16:36:34.180+0000] {processor.py:183} INFO - Processing /home/airflow/.local/lib/python3.12/site-packages/airflow/example_dags/example_dynamic_task_mapping_with_no_taskflow_operators.py took 0.067 seconds
[2025-06-20T16:37:04.532+0000] {processor.py:161} INFO - Started process (PID=1560) to work on /home/airflow/.local/lib/python3.12/site-packages/airflow/example_dags/example_dynamic_task_mapping_with_no_taskflow_operators.py
[2025-06-20T16:37:04.533+0000] {processor.py:830} INFO - Processing file /home/airflow/.local/lib/python3.12/site-packages/airflow/example_dags/example_dynamic_task_mapping_with_no_taskflow_operators.py for tasks to queue
[2025-06-20T16:37:04.536+0000] {logging_mixin.py:188} INFO - [2025-06-20T16:37:04.535+0000] {dagbag.py:540} INFO - Filling up the DagBag from /home/airflow/.local/lib/python3.12/site-packages/airflow/example_dags/example_dynamic_task_mapping_with_no_taskflow_operators.py
[2025-06-20T16:37:04.544+0000] {processor.py:840} INFO - DAG(s) 'example_dynamic_task_mapping_with_no_taskflow_operators' retrieved from /home/airflow/.local/lib/python3.12/site-packages/airflow/example_dags/example_dynamic_task_mapping_with_no_taskflow_operators.py
[2025-06-20T16:37:04.572+0000] {logging_mixin.py:188} INFO - [2025-06-20T16:37:04.572+0000] {dag.py:3096} INFO - Sync 1 DAGs
[2025-06-20T16:37:04.605+0000] {logging_mixin.py:188} INFO - [2025-06-20T16:37:04.604+0000] {dag.py:3954} INFO - Setting next_dagrun for example_dynamic_task_mapping_with_no_taskflow_operators to 2025-06-19 00:00:00+00:00, run_after=2025-06-20 00:00:00+00:00
[2025-06-20T16:37:04.627+0000] {processor.py:183} INFO - Processing /home/airflow/.local/lib/python3.12/site-packages/airflow/example_dags/example_dynamic_task_mapping_with_no_taskflow_operators.py took 0.104 seconds
[2025-06-20T16:37:34.854+0000] {processor.py:161} INFO - Started process (PID=1619) to work on /home/airflow/.local/lib/python3.12/site-packages/airflow/example_dags/example_dynamic_task_mapping_with_no_taskflow_operators.py
[2025-06-20T16:37:34.855+0000] {processor.py:830} INFO - Processing file /home/airflow/.local/lib/python3.12/site-packages/airflow/example_dags/example_dynamic_task_mapping_with_no_taskflow_operators.py for tasks to queue
[2025-06-20T16:37:34.857+0000] {logging_mixin.py:188} INFO - [2025-06-20T16:37:34.856+0000] {dagbag.py:540} INFO - Filling up the DagBag from /home/airflow/.local/lib/python3.12/site-packages/airflow/example_dags/example_dynamic_task_mapping_with_no_taskflow_operators.py
[2025-06-20T16:37:34.863+0000] {processor.py:840} INFO - DAG(s) 'example_dynamic_task_mapping_with_no_taskflow_operators' retrieved from /home/airflow/.local/lib/python3.12/site-packages/airflow/example_dags/example_dynamic_task_mapping_with_no_taskflow_operators.py
[2025-06-20T16:37:34.882+0000] {logging_mixin.py:188} INFO - [2025-06-20T16:37:34.882+0000] {dag.py:3096} INFO - Sync 1 DAGs
[2025-06-20T16:37:34.901+0000] {logging_mixin.py:188} INFO - [2025-06-20T16:37:34.901+0000] {dag.py:3954} INFO - Setting next_dagrun for example_dynamic_task_mapping_with_no_taskflow_operators to 2025-06-19 00:00:00+00:00, run_after=2025-06-20 00:00:00+00:00
[2025-06-20T16:37:34.917+0000] {processor.py:183} INFO - Processing /home/airflow/.local/lib/python3.12/site-packages/airflow/example_dags/example_dynamic_task_mapping_with_no_taskflow_operators.py took 0.069 seconds
[2025-06-20T16:38:05.185+0000] {processor.py:161} INFO - Started process (PID=1678) to work on /home/airflow/.local/lib/python3.12/site-packages/airflow/example_dags/example_dynamic_task_mapping_with_no_taskflow_operators.py
[2025-06-20T16:38:05.185+0000] {processor.py:830} INFO - Processing file /home/airflow/.local/lib/python3.12/site-packages/airflow/example_dags/example_dynamic_task_mapping_with_no_taskflow_operators.py for tasks to queue
[2025-06-20T16:38:05.187+0000] {logging_mixin.py:188} INFO - [2025-06-20T16:38:05.187+0000] {dagbag.py:540} INFO - Filling up the DagBag from /home/airflow/.local/lib/python3.12/site-packages/airflow/example_dags/example_dynamic_task_mapping_with_no_taskflow_operators.py
[2025-06-20T16:38:05.194+0000] {processor.py:840} INFO - DAG(s) 'example_dynamic_task_mapping_with_no_taskflow_operators' retrieved from /home/airflow/.local/lib/python3.12/site-packages/airflow/example_dags/example_dynamic_task_mapping_with_no_taskflow_operators.py
[2025-06-20T16:38:05.212+0000] {logging_mixin.py:188} INFO - [2025-06-20T16:38:05.212+0000] {dag.py:3096} INFO - Sync 1 DAGs
[2025-06-20T16:38:05.232+0000] {logging_mixin.py:188} INFO - [2025-06-20T16:38:05.232+0000] {dag.py:3954} INFO - Setting next_dagrun for example_dynamic_task_mapping_with_no_taskflow_operators to 2025-06-19 00:00:00+00:00, run_after=2025-06-20 00:00:00+00:00
[2025-06-20T16:38:05.247+0000] {processor.py:183} INFO - Processing /home/airflow/.local/lib/python3.12/site-packages/airflow/example_dags/example_dynamic_task_mapping_with_no_taskflow_operators.py took 0.068 seconds
[2025-06-20T16:38:35.560+0000] {processor.py:161} INFO - Started process (PID=1737) to work on /home/airflow/.local/lib/python3.12/site-packages/airflow/example_dags/example_dynamic_task_mapping_with_no_taskflow_operators.py
[2025-06-20T16:38:35.561+0000] {processor.py:830} INFO - Processing file /home/airflow/.local/lib/python3.12/site-packages/airflow/example_dags/example_dynamic_task_mapping_with_no_taskflow_operators.py for tasks to queue
[2025-06-20T16:38:35.563+0000] {logging_mixin.py:188} INFO - [2025-06-20T16:38:35.562+0000] {dagbag.py:540} INFO - Filling up the DagBag from /home/airflow/.local/lib/python3.12/site-packages/airflow/example_dags/example_dynamic_task_mapping_with_no_taskflow_operators.py
[2025-06-20T16:38:35.569+0000] {processor.py:840} INFO - DAG(s) 'example_dynamic_task_mapping_with_no_taskflow_operators' retrieved from /home/airflow/.local/lib/python3.12/site-packages/airflow/example_dags/example_dynamic_task_mapping_with_no_taskflow_operators.py
[2025-06-20T16:38:35.588+0000] {logging_mixin.py:188} INFO - [2025-06-20T16:38:35.588+0000] {dag.py:3096} INFO - Sync 1 DAGs
[2025-06-20T16:38:35.609+0000] {logging_mixin.py:188} INFO - [2025-06-20T16:38:35.609+0000] {dag.py:3954} INFO - Setting next_dagrun for example_dynamic_task_mapping_with_no_taskflow_operators to 2025-06-19 00:00:00+00:00, run_after=2025-06-20 00:00:00+00:00
[2025-06-20T16:38:35.626+0000] {processor.py:183} INFO - Processing /home/airflow/.local/lib/python3.12/site-packages/airflow/example_dags/example_dynamic_task_mapping_with_no_taskflow_operators.py took 0.072 seconds
[2025-06-20T16:39:05.954+0000] {processor.py:161} INFO - Started process (PID=1796) to work on /home/airflow/.local/lib/python3.12/site-packages/airflow/example_dags/example_dynamic_task_mapping_with_no_taskflow_operators.py
[2025-06-20T16:39:05.955+0000] {processor.py:830} INFO - Processing file /home/airflow/.local/lib/python3.12/site-packages/airflow/example_dags/example_dynamic_task_mapping_with_no_taskflow_operators.py for tasks to queue
[2025-06-20T16:39:05.957+0000] {logging_mixin.py:188} INFO - [2025-06-20T16:39:05.957+0000] {dagbag.py:540} INFO - Filling up the DagBag from /home/airflow/.local/lib/python3.12/site-packages/airflow/example_dags/example_dynamic_task_mapping_with_no_taskflow_operators.py
[2025-06-20T16:39:05.964+0000] {processor.py:840} INFO - DAG(s) 'example_dynamic_task_mapping_with_no_taskflow_operators' retrieved from /home/airflow/.local/lib/python3.12/site-packages/airflow/example_dags/example_dynamic_task_mapping_with_no_taskflow_operators.py
[2025-06-20T16:39:05.984+0000] {logging_mixin.py:188} INFO - [2025-06-20T16:39:05.984+0000] {dag.py:3096} INFO - Sync 1 DAGs
[2025-06-20T16:39:06.004+0000] {logging_mixin.py:188} INFO - [2025-06-20T16:39:06.004+0000] {dag.py:3954} INFO - Setting next_dagrun for example_dynamic_task_mapping_with_no_taskflow_operators to 2025-06-19 00:00:00+00:00, run_after=2025-06-20 00:00:00+00:00
[2025-06-20T16:39:06.020+0000] {processor.py:183} INFO - Processing /home/airflow/.local/lib/python3.12/site-packages/airflow/example_dags/example_dynamic_task_mapping_with_no_taskflow_operators.py took 0.072 seconds
[2025-06-20T16:39:36.197+0000] {processor.py:161} INFO - Started process (PID=1855) to work on /home/airflow/.local/lib/python3.12/site-packages/airflow/example_dags/example_dynamic_task_mapping_with_no_taskflow_operators.py
[2025-06-20T16:39:36.198+0000] {processor.py:830} INFO - Processing file /home/airflow/.local/lib/python3.12/site-packages/airflow/example_dags/example_dynamic_task_mapping_with_no_taskflow_operators.py for tasks to queue
[2025-06-20T16:39:36.200+0000] {logging_mixin.py:188} INFO - [2025-06-20T16:39:36.200+0000] {dagbag.py:540} INFO - Filling up the DagBag from /home/airflow/.local/lib/python3.12/site-packages/airflow/example_dags/example_dynamic_task_mapping_with_no_taskflow_operators.py
[2025-06-20T16:39:36.207+0000] {processor.py:840} INFO - DAG(s) 'example_dynamic_task_mapping_with_no_taskflow_operators' retrieved from /home/airflow/.local/lib/python3.12/site-packages/airflow/example_dags/example_dynamic_task_mapping_with_no_taskflow_operators.py
[2025-06-20T16:39:36.225+0000] {logging_mixin.py:188} INFO - [2025-06-20T16:39:36.225+0000] {dag.py:3096} INFO - Sync 1 DAGs
[2025-06-20T16:39:36.244+0000] {logging_mixin.py:188} INFO - [2025-06-20T16:39:36.244+0000] {dag.py:3954} INFO - Setting next_dagrun for example_dynamic_task_mapping_with_no_taskflow_operators to 2025-06-19 00:00:00+00:00, run_after=2025-06-20 00:00:00+00:00
[2025-06-20T16:39:36.260+0000] {processor.py:183} INFO - Processing /home/airflow/.local/lib/python3.12/site-packages/airflow/example_dags/example_dynamic_task_mapping_with_no_taskflow_operators.py took 0.068 seconds
[2025-06-20T16:40:06.596+0000] {processor.py:161} INFO - Started process (PID=1914) to work on /home/airflow/.local/lib/python3.12/site-packages/airflow/example_dags/example_dynamic_task_mapping_with_no_taskflow_operators.py
[2025-06-20T16:40:06.597+0000] {processor.py:830} INFO - Processing file /home/airflow/.local/lib/python3.12/site-packages/airflow/example_dags/example_dynamic_task_mapping_with_no_taskflow_operators.py for tasks to queue
[2025-06-20T16:40:06.599+0000] {logging_mixin.py:188} INFO - [2025-06-20T16:40:06.599+0000] {dagbag.py:540} INFO - Filling up the DagBag from /home/airflow/.local/lib/python3.12/site-packages/airflow/example_dags/example_dynamic_task_mapping_with_no_taskflow_operators.py
[2025-06-20T16:40:06.606+0000] {processor.py:840} INFO - DAG(s) 'example_dynamic_task_mapping_with_no_taskflow_operators' retrieved from /home/airflow/.local/lib/python3.12/site-packages/airflow/example_dags/example_dynamic_task_mapping_with_no_taskflow_operators.py
[2025-06-20T16:40:06.625+0000] {logging_mixin.py:188} INFO - [2025-06-20T16:40:06.625+0000] {dag.py:3096} INFO - Sync 1 DAGs
[2025-06-20T16:40:06.645+0000] {logging_mixin.py:188} INFO - [2025-06-20T16:40:06.645+0000] {dag.py:3954} INFO - Setting next_dagrun for example_dynamic_task_mapping_with_no_taskflow_operators to 2025-06-19 00:00:00+00:00, run_after=2025-06-20 00:00:00+00:00
[2025-06-20T16:40:06.660+0000] {processor.py:183} INFO - Processing /home/airflow/.local/lib/python3.12/site-packages/airflow/example_dags/example_dynamic_task_mapping_with_no_taskflow_operators.py took 0.070 seconds
[2025-06-20T16:40:37.484+0000] {processor.py:161} INFO - Started process (PID=1973) to work on /home/airflow/.local/lib/python3.12/site-packages/airflow/example_dags/example_dynamic_task_mapping_with_no_taskflow_operators.py
[2025-06-20T16:40:37.485+0000] {processor.py:830} INFO - Processing file /home/airflow/.local/lib/python3.12/site-packages/airflow/example_dags/example_dynamic_task_mapping_with_no_taskflow_operators.py for tasks to queue
[2025-06-20T16:40:37.487+0000] {logging_mixin.py:188} INFO - [2025-06-20T16:40:37.486+0000] {dagbag.py:540} INFO - Filling up the DagBag from /home/airflow/.local/lib/python3.12/site-packages/airflow/example_dags/example_dynamic_task_mapping_with_no_taskflow_operators.py
[2025-06-20T16:40:37.493+0000] {processor.py:840} INFO - DAG(s) 'example_dynamic_task_mapping_with_no_taskflow_operators' retrieved from /home/airflow/.local/lib/python3.12/site-packages/airflow/example_dags/example_dynamic_task_mapping_with_no_taskflow_operators.py
[2025-06-20T16:40:37.513+0000] {logging_mixin.py:188} INFO - [2025-06-20T16:40:37.513+0000] {dag.py:3096} INFO - Sync 1 DAGs
[2025-06-20T16:40:37.532+0000] {logging_mixin.py:188} INFO - [2025-06-20T16:40:37.532+0000] {dag.py:3954} INFO - Setting next_dagrun for example_dynamic_task_mapping_with_no_taskflow_operators to 2025-06-19 00:00:00+00:00, run_after=2025-06-20 00:00:00+00:00
[2025-06-20T16:40:37.549+0000] {processor.py:183} INFO - Processing /home/airflow/.local/lib/python3.12/site-packages/airflow/example_dags/example_dynamic_task_mapping_with_no_taskflow_operators.py took 0.071 seconds
[2025-06-20T16:41:08.161+0000] {processor.py:161} INFO - Started process (PID=2030) to work on /home/airflow/.local/lib/python3.12/site-packages/airflow/example_dags/example_dynamic_task_mapping_with_no_taskflow_operators.py
[2025-06-20T16:41:08.162+0000] {processor.py:830} INFO - Processing file /home/airflow/.local/lib/python3.12/site-packages/airflow/example_dags/example_dynamic_task_mapping_with_no_taskflow_operators.py for tasks to queue
[2025-06-20T16:41:08.163+0000] {logging_mixin.py:188} INFO - [2025-06-20T16:41:08.163+0000] {dagbag.py:540} INFO - Filling up the DagBag from /home/airflow/.local/lib/python3.12/site-packages/airflow/example_dags/example_dynamic_task_mapping_with_no_taskflow_operators.py
[2025-06-20T16:41:08.170+0000] {processor.py:840} INFO - DAG(s) 'example_dynamic_task_mapping_with_no_taskflow_operators' retrieved from /home/airflow/.local/lib/python3.12/site-packages/airflow/example_dags/example_dynamic_task_mapping_with_no_taskflow_operators.py
[2025-06-20T16:41:08.188+0000] {logging_mixin.py:188} INFO - [2025-06-20T16:41:08.188+0000] {dag.py:3096} INFO - Sync 1 DAGs
[2025-06-20T16:41:08.207+0000] {logging_mixin.py:188} INFO - [2025-06-20T16:41:08.207+0000] {dag.py:3954} INFO - Setting next_dagrun for example_dynamic_task_mapping_with_no_taskflow_operators to 2025-06-19 00:00:00+00:00, run_after=2025-06-20 00:00:00+00:00
[2025-06-20T16:41:08.222+0000] {processor.py:183} INFO - Processing /home/airflow/.local/lib/python3.12/site-packages/airflow/example_dags/example_dynamic_task_mapping_with_no_taskflow_operators.py took 0.067 seconds
[2025-06-20T16:41:39.138+0000] {processor.py:161} INFO - Started process (PID=2089) to work on /home/airflow/.local/lib/python3.12/site-packages/airflow/example_dags/example_dynamic_task_mapping_with_no_taskflow_operators.py
[2025-06-20T16:41:39.139+0000] {processor.py:830} INFO - Processing file /home/airflow/.local/lib/python3.12/site-packages/airflow/example_dags/example_dynamic_task_mapping_with_no_taskflow_operators.py for tasks to queue
[2025-06-20T16:41:39.141+0000] {logging_mixin.py:188} INFO - [2025-06-20T16:41:39.140+0000] {dagbag.py:540} INFO - Filling up the DagBag from /home/airflow/.local/lib/python3.12/site-packages/airflow/example_dags/example_dynamic_task_mapping_with_no_taskflow_operators.py
[2025-06-20T16:41:39.147+0000] {processor.py:840} INFO - DAG(s) 'example_dynamic_task_mapping_with_no_taskflow_operators' retrieved from /home/airflow/.local/lib/python3.12/site-packages/airflow/example_dags/example_dynamic_task_mapping_with_no_taskflow_operators.py
[2025-06-20T16:41:39.166+0000] {logging_mixin.py:188} INFO - [2025-06-20T16:41:39.166+0000] {dag.py:3096} INFO - Sync 1 DAGs
[2025-06-20T16:41:39.187+0000] {logging_mixin.py:188} INFO - [2025-06-20T16:41:39.187+0000] {dag.py:3954} INFO - Setting next_dagrun for example_dynamic_task_mapping_with_no_taskflow_operators to 2025-06-19 00:00:00+00:00, run_after=2025-06-20 00:00:00+00:00
[2025-06-20T16:41:39.203+0000] {processor.py:183} INFO - Processing /home/airflow/.local/lib/python3.12/site-packages/airflow/example_dags/example_dynamic_task_mapping_with_no_taskflow_operators.py took 0.071 seconds
[2025-06-20T16:42:10.148+0000] {processor.py:161} INFO - Started process (PID=2148) to work on /home/airflow/.local/lib/python3.12/site-packages/airflow/example_dags/example_dynamic_task_mapping_with_no_taskflow_operators.py
[2025-06-20T16:42:10.149+0000] {processor.py:830} INFO - Processing file /home/airflow/.local/lib/python3.12/site-packages/airflow/example_dags/example_dynamic_task_mapping_with_no_taskflow_operators.py for tasks to queue
[2025-06-20T16:42:10.150+0000] {logging_mixin.py:188} INFO - [2025-06-20T16:42:10.150+0000] {dagbag.py:540} INFO - Filling up the DagBag from /home/airflow/.local/lib/python3.12/site-packages/airflow/example_dags/example_dynamic_task_mapping_with_no_taskflow_operators.py
[2025-06-20T16:42:10.157+0000] {processor.py:840} INFO - DAG(s) 'example_dynamic_task_mapping_with_no_taskflow_operators' retrieved from /home/airflow/.local/lib/python3.12/site-packages/airflow/example_dags/example_dynamic_task_mapping_with_no_taskflow_operators.py
[2025-06-20T16:42:10.176+0000] {logging_mixin.py:188} INFO - [2025-06-20T16:42:10.175+0000] {dag.py:3096} INFO - Sync 1 DAGs
[2025-06-20T16:42:10.195+0000] {logging_mixin.py:188} INFO - [2025-06-20T16:42:10.195+0000] {dag.py:3954} INFO - Setting next_dagrun for example_dynamic_task_mapping_with_no_taskflow_operators to 2025-06-19 00:00:00+00:00, run_after=2025-06-20 00:00:00+00:00
[2025-06-20T16:42:10.210+0000] {processor.py:183} INFO - Processing /home/airflow/.local/lib/python3.12/site-packages/airflow/example_dags/example_dynamic_task_mapping_with_no_taskflow_operators.py took 0.069 seconds
[2025-06-20T16:42:40.696+0000] {processor.py:161} INFO - Started process (PID=2207) to work on /home/airflow/.local/lib/python3.12/site-packages/airflow/example_dags/example_dynamic_task_mapping_with_no_taskflow_operators.py
[2025-06-20T16:42:40.697+0000] {processor.py:830} INFO - Processing file /home/airflow/.local/lib/python3.12/site-packages/airflow/example_dags/example_dynamic_task_mapping_with_no_taskflow_operators.py for tasks to queue
[2025-06-20T16:42:40.698+0000] {logging_mixin.py:188} INFO - [2025-06-20T16:42:40.698+0000] {dagbag.py:540} INFO - Filling up the DagBag from /home/airflow/.local/lib/python3.12/site-packages/airflow/example_dags/example_dynamic_task_mapping_with_no_taskflow_operators.py
[2025-06-20T16:42:40.705+0000] {processor.py:840} INFO - DAG(s) 'example_dynamic_task_mapping_with_no_taskflow_operators' retrieved from /home/airflow/.local/lib/python3.12/site-packages/airflow/example_dags/example_dynamic_task_mapping_with_no_taskflow_operators.py
[2025-06-20T16:42:40.724+0000] {logging_mixin.py:188} INFO - [2025-06-20T16:42:40.724+0000] {dag.py:3096} INFO - Sync 1 DAGs
[2025-06-20T16:42:40.746+0000] {logging_mixin.py:188} INFO - [2025-06-20T16:42:40.746+0000] {dag.py:3954} INFO - Setting next_dagrun for example_dynamic_task_mapping_with_no_taskflow_operators to 2025-06-19 00:00:00+00:00, run_after=2025-06-20 00:00:00+00:00
[2025-06-20T16:42:40.762+0000] {processor.py:183} INFO - Processing /home/airflow/.local/lib/python3.12/site-packages/airflow/example_dags/example_dynamic_task_mapping_with_no_taskflow_operators.py took 0.072 seconds
[2025-06-20T16:43:10.871+0000] {processor.py:161} INFO - Started process (PID=2266) to work on /home/airflow/.local/lib/python3.12/site-packages/airflow/example_dags/example_dynamic_task_mapping_with_no_taskflow_operators.py
[2025-06-20T16:43:10.872+0000] {processor.py:830} INFO - Processing file /home/airflow/.local/lib/python3.12/site-packages/airflow/example_dags/example_dynamic_task_mapping_with_no_taskflow_operators.py for tasks to queue
[2025-06-20T16:43:10.875+0000] {logging_mixin.py:188} INFO - [2025-06-20T16:43:10.875+0000] {dagbag.py:540} INFO - Filling up the DagBag from /home/airflow/.local/lib/python3.12/site-packages/airflow/example_dags/example_dynamic_task_mapping_with_no_taskflow_operators.py
[2025-06-20T16:43:10.881+0000] {processor.py:840} INFO - DAG(s) 'example_dynamic_task_mapping_with_no_taskflow_operators' retrieved from /home/airflow/.local/lib/python3.12/site-packages/airflow/example_dags/example_dynamic_task_mapping_with_no_taskflow_operators.py
[2025-06-20T16:43:10.899+0000] {logging_mixin.py:188} INFO - [2025-06-20T16:43:10.899+0000] {dag.py:3096} INFO - Sync 1 DAGs
[2025-06-20T16:43:10.918+0000] {logging_mixin.py:188} INFO - [2025-06-20T16:43:10.918+0000] {dag.py:3954} INFO - Setting next_dagrun for example_dynamic_task_mapping_with_no_taskflow_operators to 2025-06-19 00:00:00+00:00, run_after=2025-06-20 00:00:00+00:00
[2025-06-20T16:43:10.933+0000] {processor.py:183} INFO - Processing /home/airflow/.local/lib/python3.12/site-packages/airflow/example_dags/example_dynamic_task_mapping_with_no_taskflow_operators.py took 0.068 seconds
[2025-06-20T16:44:13.481+0000] {processor.py:161} INFO - Started process (PID=85) to work on /home/airflow/.local/lib/python3.12/site-packages/airflow/example_dags/example_dynamic_task_mapping_with_no_taskflow_operators.py
[2025-06-20T16:44:13.482+0000] {processor.py:830} INFO - Processing file /home/airflow/.local/lib/python3.12/site-packages/airflow/example_dags/example_dynamic_task_mapping_with_no_taskflow_operators.py for tasks to queue
[2025-06-20T16:44:13.484+0000] {logging_mixin.py:188} INFO - [2025-06-20T16:44:13.484+0000] {dagbag.py:540} INFO - Filling up the DagBag from /home/airflow/.local/lib/python3.12/site-packages/airflow/example_dags/example_dynamic_task_mapping_with_no_taskflow_operators.py
[2025-06-20T16:44:13.491+0000] {processor.py:840} INFO - DAG(s) 'example_dynamic_task_mapping_with_no_taskflow_operators' retrieved from /home/airflow/.local/lib/python3.12/site-packages/airflow/example_dags/example_dynamic_task_mapping_with_no_taskflow_operators.py
[2025-06-20T16:44:13.613+0000] {logging_mixin.py:188} INFO - [2025-06-20T16:44:13.612+0000] {override.py:1829} INFO - Created Permission View: can delete on DAG:example_dynamic_task_mapping_with_no_taskflow_operators
[2025-06-20T16:44:13.621+0000] {logging_mixin.py:188} INFO - [2025-06-20T16:44:13.621+0000] {override.py:1829} INFO - Created Permission View: can read on DAG:example_dynamic_task_mapping_with_no_taskflow_operators
[2025-06-20T16:44:13.627+0000] {logging_mixin.py:188} INFO - [2025-06-20T16:44:13.626+0000] {override.py:1829} INFO - Created Permission View: can edit on DAG:example_dynamic_task_mapping_with_no_taskflow_operators
[2025-06-20T16:44:13.627+0000] {logging_mixin.py:188} INFO - [2025-06-20T16:44:13.627+0000] {dag.py:3096} INFO - Sync 1 DAGs
[2025-06-20T16:44:13.638+0000] {logging_mixin.py:188} INFO - [2025-06-20T16:44:13.638+0000] {dag.py:3118} INFO - Creating ORM DAG for example_dynamic_task_mapping_with_no_taskflow_operators
[2025-06-20T16:44:13.647+0000] {logging_mixin.py:188} INFO - [2025-06-20T16:44:13.646+0000] {dag.py:3954} INFO - Setting next_dagrun for example_dynamic_task_mapping_with_no_taskflow_operators to 2025-06-19 00:00:00+00:00, run_after=2025-06-20 00:00:00+00:00
[2025-06-20T16:44:13.660+0000] {processor.py:183} INFO - Processing /home/airflow/.local/lib/python3.12/site-packages/airflow/example_dags/example_dynamic_task_mapping_with_no_taskflow_operators.py took 0.184 seconds
[2025-06-20T16:44:43.982+0000] {processor.py:161} INFO - Started process (PID=144) to work on /home/airflow/.local/lib/python3.12/site-packages/airflow/example_dags/example_dynamic_task_mapping_with_no_taskflow_operators.py
[2025-06-20T16:44:43.983+0000] {processor.py:830} INFO - Processing file /home/airflow/.local/lib/python3.12/site-packages/airflow/example_dags/example_dynamic_task_mapping_with_no_taskflow_operators.py for tasks to queue
[2025-06-20T16:44:43.985+0000] {logging_mixin.py:188} INFO - [2025-06-20T16:44:43.984+0000] {dagbag.py:540} INFO - Filling up the DagBag from /home/airflow/.local/lib/python3.12/site-packages/airflow/example_dags/example_dynamic_task_mapping_with_no_taskflow_operators.py
[2025-06-20T16:44:43.991+0000] {processor.py:840} INFO - DAG(s) 'example_dynamic_task_mapping_with_no_taskflow_operators' retrieved from /home/airflow/.local/lib/python3.12/site-packages/airflow/example_dags/example_dynamic_task_mapping_with_no_taskflow_operators.py
[2025-06-20T16:44:44.010+0000] {logging_mixin.py:188} INFO - [2025-06-20T16:44:44.009+0000] {dag.py:3096} INFO - Sync 1 DAGs
[2025-06-20T16:44:44.030+0000] {logging_mixin.py:188} INFO - [2025-06-20T16:44:44.030+0000] {dag.py:3954} INFO - Setting next_dagrun for example_dynamic_task_mapping_with_no_taskflow_operators to 2025-06-19 00:00:00+00:00, run_after=2025-06-20 00:00:00+00:00
[2025-06-20T16:44:44.045+0000] {processor.py:183} INFO - Processing /home/airflow/.local/lib/python3.12/site-packages/airflow/example_dags/example_dynamic_task_mapping_with_no_taskflow_operators.py took 0.069 seconds
[2025-06-20T16:45:14.434+0000] {processor.py:161} INFO - Started process (PID=203) to work on /home/airflow/.local/lib/python3.12/site-packages/airflow/example_dags/example_dynamic_task_mapping_with_no_taskflow_operators.py
[2025-06-20T16:45:14.435+0000] {processor.py:830} INFO - Processing file /home/airflow/.local/lib/python3.12/site-packages/airflow/example_dags/example_dynamic_task_mapping_with_no_taskflow_operators.py for tasks to queue
[2025-06-20T16:45:14.436+0000] {logging_mixin.py:188} INFO - [2025-06-20T16:45:14.436+0000] {dagbag.py:540} INFO - Filling up the DagBag from /home/airflow/.local/lib/python3.12/site-packages/airflow/example_dags/example_dynamic_task_mapping_with_no_taskflow_operators.py
[2025-06-20T16:45:14.443+0000] {processor.py:840} INFO - DAG(s) 'example_dynamic_task_mapping_with_no_taskflow_operators' retrieved from /home/airflow/.local/lib/python3.12/site-packages/airflow/example_dags/example_dynamic_task_mapping_with_no_taskflow_operators.py
[2025-06-20T16:45:14.462+0000] {logging_mixin.py:188} INFO - [2025-06-20T16:45:14.461+0000] {dag.py:3096} INFO - Sync 1 DAGs
[2025-06-20T16:45:14.485+0000] {logging_mixin.py:188} INFO - [2025-06-20T16:45:14.485+0000] {dag.py:3954} INFO - Setting next_dagrun for example_dynamic_task_mapping_with_no_taskflow_operators to 2025-06-19 00:00:00+00:00, run_after=2025-06-20 00:00:00+00:00
[2025-06-20T16:45:14.502+0000] {processor.py:183} INFO - Processing /home/airflow/.local/lib/python3.12/site-packages/airflow/example_dags/example_dynamic_task_mapping_with_no_taskflow_operators.py took 0.076 seconds
[2025-06-20T16:45:44.953+0000] {processor.py:161} INFO - Started process (PID=262) to work on /home/airflow/.local/lib/python3.12/site-packages/airflow/example_dags/example_dynamic_task_mapping_with_no_taskflow_operators.py
[2025-06-20T16:45:44.954+0000] {processor.py:830} INFO - Processing file /home/airflow/.local/lib/python3.12/site-packages/airflow/example_dags/example_dynamic_task_mapping_with_no_taskflow_operators.py for tasks to queue
[2025-06-20T16:45:44.955+0000] {logging_mixin.py:188} INFO - [2025-06-20T16:45:44.955+0000] {dagbag.py:540} INFO - Filling up the DagBag from /home/airflow/.local/lib/python3.12/site-packages/airflow/example_dags/example_dynamic_task_mapping_with_no_taskflow_operators.py
[2025-06-20T16:45:44.961+0000] {processor.py:840} INFO - DAG(s) 'example_dynamic_task_mapping_with_no_taskflow_operators' retrieved from /home/airflow/.local/lib/python3.12/site-packages/airflow/example_dags/example_dynamic_task_mapping_with_no_taskflow_operators.py
[2025-06-20T16:45:44.979+0000] {logging_mixin.py:188} INFO - [2025-06-20T16:45:44.979+0000] {dag.py:3096} INFO - Sync 1 DAGs
[2025-06-20T16:45:44.998+0000] {logging_mixin.py:188} INFO - [2025-06-20T16:45:44.998+0000] {dag.py:3954} INFO - Setting next_dagrun for example_dynamic_task_mapping_with_no_taskflow_operators to 2025-06-19 00:00:00+00:00, run_after=2025-06-20 00:00:00+00:00
[2025-06-20T16:45:45.014+0000] {processor.py:183} INFO - Processing /home/airflow/.local/lib/python3.12/site-packages/airflow/example_dags/example_dynamic_task_mapping_with_no_taskflow_operators.py took 0.068 seconds
[2025-06-20T16:46:15.306+0000] {processor.py:161} INFO - Started process (PID=321) to work on /home/airflow/.local/lib/python3.12/site-packages/airflow/example_dags/example_dynamic_task_mapping_with_no_taskflow_operators.py
[2025-06-20T16:46:15.307+0000] {processor.py:830} INFO - Processing file /home/airflow/.local/lib/python3.12/site-packages/airflow/example_dags/example_dynamic_task_mapping_with_no_taskflow_operators.py for tasks to queue
[2025-06-20T16:46:15.308+0000] {logging_mixin.py:188} INFO - [2025-06-20T16:46:15.308+0000] {dagbag.py:540} INFO - Filling up the DagBag from /home/airflow/.local/lib/python3.12/site-packages/airflow/example_dags/example_dynamic_task_mapping_with_no_taskflow_operators.py
[2025-06-20T16:46:15.315+0000] {processor.py:840} INFO - DAG(s) 'example_dynamic_task_mapping_with_no_taskflow_operators' retrieved from /home/airflow/.local/lib/python3.12/site-packages/airflow/example_dags/example_dynamic_task_mapping_with_no_taskflow_operators.py
[2025-06-20T16:46:15.333+0000] {logging_mixin.py:188} INFO - [2025-06-20T16:46:15.333+0000] {dag.py:3096} INFO - Sync 1 DAGs
[2025-06-20T16:46:15.353+0000] {logging_mixin.py:188} INFO - [2025-06-20T16:46:15.353+0000] {dag.py:3954} INFO - Setting next_dagrun for example_dynamic_task_mapping_with_no_taskflow_operators to 2025-06-19 00:00:00+00:00, run_after=2025-06-20 00:00:00+00:00
[2025-06-20T16:46:15.368+0000] {processor.py:183} INFO - Processing /home/airflow/.local/lib/python3.12/site-packages/airflow/example_dags/example_dynamic_task_mapping_with_no_taskflow_operators.py took 0.068 seconds
[2025-06-20T16:46:45.553+0000] {processor.py:161} INFO - Started process (PID=380) to work on /home/airflow/.local/lib/python3.12/site-packages/airflow/example_dags/example_dynamic_task_mapping_with_no_taskflow_operators.py
[2025-06-20T16:46:45.553+0000] {processor.py:830} INFO - Processing file /home/airflow/.local/lib/python3.12/site-packages/airflow/example_dags/example_dynamic_task_mapping_with_no_taskflow_operators.py for tasks to queue
[2025-06-20T16:46:45.555+0000] {logging_mixin.py:188} INFO - [2025-06-20T16:46:45.555+0000] {dagbag.py:540} INFO - Filling up the DagBag from /home/airflow/.local/lib/python3.12/site-packages/airflow/example_dags/example_dynamic_task_mapping_with_no_taskflow_operators.py
[2025-06-20T16:46:45.561+0000] {processor.py:840} INFO - DAG(s) 'example_dynamic_task_mapping_with_no_taskflow_operators' retrieved from /home/airflow/.local/lib/python3.12/site-packages/airflow/example_dags/example_dynamic_task_mapping_with_no_taskflow_operators.py
[2025-06-20T16:46:45.580+0000] {logging_mixin.py:188} INFO - [2025-06-20T16:46:45.580+0000] {dag.py:3096} INFO - Sync 1 DAGs
[2025-06-20T16:46:45.599+0000] {logging_mixin.py:188} INFO - [2025-06-20T16:46:45.599+0000] {dag.py:3954} INFO - Setting next_dagrun for example_dynamic_task_mapping_with_no_taskflow_operators to 2025-06-19 00:00:00+00:00, run_after=2025-06-20 00:00:00+00:00
[2025-06-20T16:46:45.614+0000] {processor.py:183} INFO - Processing /home/airflow/.local/lib/python3.12/site-packages/airflow/example_dags/example_dynamic_task_mapping_with_no_taskflow_operators.py took 0.068 seconds
[2025-06-20T16:47:15.949+0000] {processor.py:161} INFO - Started process (PID=439) to work on /home/airflow/.local/lib/python3.12/site-packages/airflow/example_dags/example_dynamic_task_mapping_with_no_taskflow_operators.py
[2025-06-20T16:47:15.950+0000] {processor.py:830} INFO - Processing file /home/airflow/.local/lib/python3.12/site-packages/airflow/example_dags/example_dynamic_task_mapping_with_no_taskflow_operators.py for tasks to queue
[2025-06-20T16:47:15.952+0000] {logging_mixin.py:188} INFO - [2025-06-20T16:47:15.952+0000] {dagbag.py:540} INFO - Filling up the DagBag from /home/airflow/.local/lib/python3.12/site-packages/airflow/example_dags/example_dynamic_task_mapping_with_no_taskflow_operators.py
[2025-06-20T16:47:15.959+0000] {processor.py:840} INFO - DAG(s) 'example_dynamic_task_mapping_with_no_taskflow_operators' retrieved from /home/airflow/.local/lib/python3.12/site-packages/airflow/example_dags/example_dynamic_task_mapping_with_no_taskflow_operators.py
[2025-06-20T16:47:15.979+0000] {logging_mixin.py:188} INFO - [2025-06-20T16:47:15.978+0000] {dag.py:3096} INFO - Sync 1 DAGs
[2025-06-20T16:47:16.000+0000] {logging_mixin.py:188} INFO - [2025-06-20T16:47:16.000+0000] {dag.py:3954} INFO - Setting next_dagrun for example_dynamic_task_mapping_with_no_taskflow_operators to 2025-06-19 00:00:00+00:00, run_after=2025-06-20 00:00:00+00:00
[2025-06-20T16:47:16.017+0000] {processor.py:183} INFO - Processing /home/airflow/.local/lib/python3.12/site-packages/airflow/example_dags/example_dynamic_task_mapping_with_no_taskflow_operators.py took 0.074 seconds
[2025-06-20T16:47:46.311+0000] {processor.py:161} INFO - Started process (PID=498) to work on /home/airflow/.local/lib/python3.12/site-packages/airflow/example_dags/example_dynamic_task_mapping_with_no_taskflow_operators.py
[2025-06-20T16:47:46.312+0000] {processor.py:830} INFO - Processing file /home/airflow/.local/lib/python3.12/site-packages/airflow/example_dags/example_dynamic_task_mapping_with_no_taskflow_operators.py for tasks to queue
[2025-06-20T16:47:46.314+0000] {logging_mixin.py:188} INFO - [2025-06-20T16:47:46.314+0000] {dagbag.py:540} INFO - Filling up the DagBag from /home/airflow/.local/lib/python3.12/site-packages/airflow/example_dags/example_dynamic_task_mapping_with_no_taskflow_operators.py
[2025-06-20T16:47:46.321+0000] {processor.py:840} INFO - DAG(s) 'example_dynamic_task_mapping_with_no_taskflow_operators' retrieved from /home/airflow/.local/lib/python3.12/site-packages/airflow/example_dags/example_dynamic_task_mapping_with_no_taskflow_operators.py
[2025-06-20T16:47:46.340+0000] {logging_mixin.py:188} INFO - [2025-06-20T16:47:46.340+0000] {dag.py:3096} INFO - Sync 1 DAGs
[2025-06-20T16:47:46.359+0000] {logging_mixin.py:188} INFO - [2025-06-20T16:47:46.359+0000] {dag.py:3954} INFO - Setting next_dagrun for example_dynamic_task_mapping_with_no_taskflow_operators to 2025-06-19 00:00:00+00:00, run_after=2025-06-20 00:00:00+00:00
[2025-06-20T16:47:46.375+0000] {processor.py:183} INFO - Processing /home/airflow/.local/lib/python3.12/site-packages/airflow/example_dags/example_dynamic_task_mapping_with_no_taskflow_operators.py took 0.070 seconds
[2025-06-20T16:48:16.673+0000] {processor.py:161} INFO - Started process (PID=557) to work on /home/airflow/.local/lib/python3.12/site-packages/airflow/example_dags/example_dynamic_task_mapping_with_no_taskflow_operators.py
[2025-06-20T16:48:16.674+0000] {processor.py:830} INFO - Processing file /home/airflow/.local/lib/python3.12/site-packages/airflow/example_dags/example_dynamic_task_mapping_with_no_taskflow_operators.py for tasks to queue
[2025-06-20T16:48:16.676+0000] {logging_mixin.py:188} INFO - [2025-06-20T16:48:16.675+0000] {dagbag.py:540} INFO - Filling up the DagBag from /home/airflow/.local/lib/python3.12/site-packages/airflow/example_dags/example_dynamic_task_mapping_with_no_taskflow_operators.py
[2025-06-20T16:48:16.682+0000] {processor.py:840} INFO - DAG(s) 'example_dynamic_task_mapping_with_no_taskflow_operators' retrieved from /home/airflow/.local/lib/python3.12/site-packages/airflow/example_dags/example_dynamic_task_mapping_with_no_taskflow_operators.py
[2025-06-20T16:48:16.701+0000] {logging_mixin.py:188} INFO - [2025-06-20T16:48:16.701+0000] {dag.py:3096} INFO - Sync 1 DAGs
[2025-06-20T16:48:16.721+0000] {logging_mixin.py:188} INFO - [2025-06-20T16:48:16.721+0000] {dag.py:3954} INFO - Setting next_dagrun for example_dynamic_task_mapping_with_no_taskflow_operators to 2025-06-19 00:00:00+00:00, run_after=2025-06-20 00:00:00+00:00
[2025-06-20T16:48:16.736+0000] {processor.py:183} INFO - Processing /home/airflow/.local/lib/python3.12/site-packages/airflow/example_dags/example_dynamic_task_mapping_with_no_taskflow_operators.py took 0.070 seconds
[2025-06-20T16:48:47.030+0000] {processor.py:161} INFO - Started process (PID=616) to work on /home/airflow/.local/lib/python3.12/site-packages/airflow/example_dags/example_dynamic_task_mapping_with_no_taskflow_operators.py
[2025-06-20T16:48:47.031+0000] {processor.py:830} INFO - Processing file /home/airflow/.local/lib/python3.12/site-packages/airflow/example_dags/example_dynamic_task_mapping_with_no_taskflow_operators.py for tasks to queue
[2025-06-20T16:48:47.033+0000] {logging_mixin.py:188} INFO - [2025-06-20T16:48:47.032+0000] {dagbag.py:540} INFO - Filling up the DagBag from /home/airflow/.local/lib/python3.12/site-packages/airflow/example_dags/example_dynamic_task_mapping_with_no_taskflow_operators.py
[2025-06-20T16:48:47.039+0000] {processor.py:840} INFO - DAG(s) 'example_dynamic_task_mapping_with_no_taskflow_operators' retrieved from /home/airflow/.local/lib/python3.12/site-packages/airflow/example_dags/example_dynamic_task_mapping_with_no_taskflow_operators.py
[2025-06-20T16:48:47.057+0000] {logging_mixin.py:188} INFO - [2025-06-20T16:48:47.057+0000] {dag.py:3096} INFO - Sync 1 DAGs
[2025-06-20T16:48:47.077+0000] {logging_mixin.py:188} INFO - [2025-06-20T16:48:47.077+0000] {dag.py:3954} INFO - Setting next_dagrun for example_dynamic_task_mapping_with_no_taskflow_operators to 2025-06-19 00:00:00+00:00, run_after=2025-06-20 00:00:00+00:00
[2025-06-20T16:48:47.092+0000] {processor.py:183} INFO - Processing /home/airflow/.local/lib/python3.12/site-packages/airflow/example_dags/example_dynamic_task_mapping_with_no_taskflow_operators.py took 0.068 seconds
[2025-06-20T16:49:17.476+0000] {processor.py:161} INFO - Started process (PID=675) to work on /home/airflow/.local/lib/python3.12/site-packages/airflow/example_dags/example_dynamic_task_mapping_with_no_taskflow_operators.py
[2025-06-20T16:49:17.477+0000] {processor.py:830} INFO - Processing file /home/airflow/.local/lib/python3.12/site-packages/airflow/example_dags/example_dynamic_task_mapping_with_no_taskflow_operators.py for tasks to queue
[2025-06-20T16:49:17.479+0000] {logging_mixin.py:188} INFO - [2025-06-20T16:49:17.478+0000] {dagbag.py:540} INFO - Filling up the DagBag from /home/airflow/.local/lib/python3.12/site-packages/airflow/example_dags/example_dynamic_task_mapping_with_no_taskflow_operators.py
[2025-06-20T16:49:17.486+0000] {processor.py:840} INFO - DAG(s) 'example_dynamic_task_mapping_with_no_taskflow_operators' retrieved from /home/airflow/.local/lib/python3.12/site-packages/airflow/example_dags/example_dynamic_task_mapping_with_no_taskflow_operators.py
[2025-06-20T16:49:17.505+0000] {logging_mixin.py:188} INFO - [2025-06-20T16:49:17.504+0000] {dag.py:3096} INFO - Sync 1 DAGs
[2025-06-20T16:49:17.525+0000] {logging_mixin.py:188} INFO - [2025-06-20T16:49:17.525+0000] {dag.py:3954} INFO - Setting next_dagrun for example_dynamic_task_mapping_with_no_taskflow_operators to 2025-06-19 00:00:00+00:00, run_after=2025-06-20 00:00:00+00:00
[2025-06-20T16:49:17.541+0000] {processor.py:183} INFO - Processing /home/airflow/.local/lib/python3.12/site-packages/airflow/example_dags/example_dynamic_task_mapping_with_no_taskflow_operators.py took 0.071 seconds
[2025-06-20T16:49:47.762+0000] {processor.py:161} INFO - Started process (PID=734) to work on /home/airflow/.local/lib/python3.12/site-packages/airflow/example_dags/example_dynamic_task_mapping_with_no_taskflow_operators.py
[2025-06-20T16:49:47.763+0000] {processor.py:830} INFO - Processing file /home/airflow/.local/lib/python3.12/site-packages/airflow/example_dags/example_dynamic_task_mapping_with_no_taskflow_operators.py for tasks to queue
[2025-06-20T16:49:47.765+0000] {logging_mixin.py:188} INFO - [2025-06-20T16:49:47.765+0000] {dagbag.py:540} INFO - Filling up the DagBag from /home/airflow/.local/lib/python3.12/site-packages/airflow/example_dags/example_dynamic_task_mapping_with_no_taskflow_operators.py
[2025-06-20T16:49:47.771+0000] {processor.py:840} INFO - DAG(s) 'example_dynamic_task_mapping_with_no_taskflow_operators' retrieved from /home/airflow/.local/lib/python3.12/site-packages/airflow/example_dags/example_dynamic_task_mapping_with_no_taskflow_operators.py
[2025-06-20T16:49:47.790+0000] {logging_mixin.py:188} INFO - [2025-06-20T16:49:47.790+0000] {dag.py:3096} INFO - Sync 1 DAGs
[2025-06-20T16:49:47.809+0000] {logging_mixin.py:188} INFO - [2025-06-20T16:49:47.809+0000] {dag.py:3954} INFO - Setting next_dagrun for example_dynamic_task_mapping_with_no_taskflow_operators to 2025-06-19 00:00:00+00:00, run_after=2025-06-20 00:00:00+00:00
[2025-06-20T16:49:47.824+0000] {processor.py:183} INFO - Processing /home/airflow/.local/lib/python3.12/site-packages/airflow/example_dags/example_dynamic_task_mapping_with_no_taskflow_operators.py took 0.068 seconds
[2025-06-20T16:50:18.159+0000] {processor.py:161} INFO - Started process (PID=793) to work on /home/airflow/.local/lib/python3.12/site-packages/airflow/example_dags/example_dynamic_task_mapping_with_no_taskflow_operators.py
[2025-06-20T16:50:18.160+0000] {processor.py:830} INFO - Processing file /home/airflow/.local/lib/python3.12/site-packages/airflow/example_dags/example_dynamic_task_mapping_with_no_taskflow_operators.py for tasks to queue
[2025-06-20T16:50:18.162+0000] {logging_mixin.py:188} INFO - [2025-06-20T16:50:18.161+0000] {dagbag.py:540} INFO - Filling up the DagBag from /home/airflow/.local/lib/python3.12/site-packages/airflow/example_dags/example_dynamic_task_mapping_with_no_taskflow_operators.py
[2025-06-20T16:50:18.168+0000] {processor.py:840} INFO - DAG(s) 'example_dynamic_task_mapping_with_no_taskflow_operators' retrieved from /home/airflow/.local/lib/python3.12/site-packages/airflow/example_dags/example_dynamic_task_mapping_with_no_taskflow_operators.py
[2025-06-20T16:50:18.186+0000] {logging_mixin.py:188} INFO - [2025-06-20T16:50:18.186+0000] {dag.py:3096} INFO - Sync 1 DAGs
[2025-06-20T16:50:18.206+0000] {logging_mixin.py:188} INFO - [2025-06-20T16:50:18.206+0000] {dag.py:3954} INFO - Setting next_dagrun for example_dynamic_task_mapping_with_no_taskflow_operators to 2025-06-19 00:00:00+00:00, run_after=2025-06-20 00:00:00+00:00
[2025-06-20T16:50:18.221+0000] {processor.py:183} INFO - Processing /home/airflow/.local/lib/python3.12/site-packages/airflow/example_dags/example_dynamic_task_mapping_with_no_taskflow_operators.py took 0.068 seconds
[2025-06-20T16:50:48.631+0000] {processor.py:161} INFO - Started process (PID=852) to work on /home/airflow/.local/lib/python3.12/site-packages/airflow/example_dags/example_dynamic_task_mapping_with_no_taskflow_operators.py
[2025-06-20T16:50:48.632+0000] {processor.py:830} INFO - Processing file /home/airflow/.local/lib/python3.12/site-packages/airflow/example_dags/example_dynamic_task_mapping_with_no_taskflow_operators.py for tasks to queue
[2025-06-20T16:50:48.634+0000] {logging_mixin.py:188} INFO - [2025-06-20T16:50:48.633+0000] {dagbag.py:540} INFO - Filling up the DagBag from /home/airflow/.local/lib/python3.12/site-packages/airflow/example_dags/example_dynamic_task_mapping_with_no_taskflow_operators.py
[2025-06-20T16:50:48.640+0000] {processor.py:840} INFO - DAG(s) 'example_dynamic_task_mapping_with_no_taskflow_operators' retrieved from /home/airflow/.local/lib/python3.12/site-packages/airflow/example_dags/example_dynamic_task_mapping_with_no_taskflow_operators.py
[2025-06-20T16:50:48.658+0000] {logging_mixin.py:188} INFO - [2025-06-20T16:50:48.658+0000] {dag.py:3096} INFO - Sync 1 DAGs
[2025-06-20T16:50:48.678+0000] {logging_mixin.py:188} INFO - [2025-06-20T16:50:48.677+0000] {dag.py:3954} INFO - Setting next_dagrun for example_dynamic_task_mapping_with_no_taskflow_operators to 2025-06-19 00:00:00+00:00, run_after=2025-06-20 00:00:00+00:00
[2025-06-20T16:50:48.693+0000] {processor.py:183} INFO - Processing /home/airflow/.local/lib/python3.12/site-packages/airflow/example_dags/example_dynamic_task_mapping_with_no_taskflow_operators.py took 0.068 seconds
