[2025-06-20T14:34:47.810+0000] {processor.py:161} INFO - Started process (PID=90) to work on /home/airflow/.local/lib/python3.12/site-packages/airflow/example_dags/tutorial.py
[2025-06-20T14:34:47.811+0000] {processor.py:830} INFO - Processing file /home/airflow/.local/lib/python3.12/site-packages/airflow/example_dags/tutorial.py for tasks to queue
[2025-06-20T14:34:47.813+0000] {logging_mixin.py:188} INFO - [2025-06-20T14:34:47.813+0000] {dagbag.py:540} INFO - Filling up the DagBag from /home/airflow/.local/lib/python3.12/site-packages/airflow/example_dags/tutorial.py
[2025-06-20T14:34:47.819+0000] {processor.py:840} INFO - DAG(s) 'tutorial' retrieved from /home/airflow/.local/lib/python3.12/site-packages/airflow/example_dags/tutorial.py
[2025-06-20T14:34:47.831+0000] {logging_mixin.py:188} INFO - [2025-06-20T14:34:47.831+0000] {dag.py:3096} INFO - Sync 1 DAGs
[2025-06-20T14:34:47.851+0000] {logging_mixin.py:188} INFO - [2025-06-20T14:34:47.851+0000] {dag.py:3954} INFO - Setting next_dagrun for tutorial to 2025-06-19 00:00:00+00:00, run_after=2025-06-20 00:00:00+00:00
[2025-06-20T14:34:47.868+0000] {processor.py:183} INFO - Processing /home/airflow/.local/lib/python3.12/site-packages/airflow/example_dags/tutorial.py took 0.063 seconds
[2025-06-20T14:35:19.364+0000] {processor.py:161} INFO - Started process (PID=154) to work on /home/airflow/.local/lib/python3.12/site-packages/airflow/example_dags/tutorial.py
[2025-06-20T14:35:19.365+0000] {processor.py:830} INFO - Processing file /home/airflow/.local/lib/python3.12/site-packages/airflow/example_dags/tutorial.py for tasks to queue
[2025-06-20T14:35:19.367+0000] {logging_mixin.py:188} INFO - [2025-06-20T14:35:19.367+0000] {dagbag.py:540} INFO - Filling up the DagBag from /home/airflow/.local/lib/python3.12/site-packages/airflow/example_dags/tutorial.py
[2025-06-20T14:35:19.374+0000] {processor.py:840} INFO - DAG(s) 'tutorial' retrieved from /home/airflow/.local/lib/python3.12/site-packages/airflow/example_dags/tutorial.py
[2025-06-20T14:35:19.481+0000] {logging_mixin.py:188} INFO - [2025-06-20T14:35:19.481+0000] {dag.py:3096} INFO - Sync 1 DAGs
[2025-06-20T14:35:19.504+0000] {logging_mixin.py:188} INFO - [2025-06-20T14:35:19.504+0000] {dag.py:3954} INFO - Setting next_dagrun for tutorial to 2025-06-19 00:00:00+00:00, run_after=2025-06-20 00:00:00+00:00
[2025-06-20T14:35:19.521+0000] {processor.py:183} INFO - Processing /home/airflow/.local/lib/python3.12/site-packages/airflow/example_dags/tutorial.py took 0.165 seconds
[2025-06-20T14:35:50.387+0000] {processor.py:161} INFO - Started process (PID=212) to work on /home/airflow/.local/lib/python3.12/site-packages/airflow/example_dags/tutorial.py
[2025-06-20T14:35:50.388+0000] {processor.py:830} INFO - Processing file /home/airflow/.local/lib/python3.12/site-packages/airflow/example_dags/tutorial.py for tasks to queue
[2025-06-20T14:35:50.389+0000] {logging_mixin.py:188} INFO - [2025-06-20T14:35:50.389+0000] {dagbag.py:540} INFO - Filling up the DagBag from /home/airflow/.local/lib/python3.12/site-packages/airflow/example_dags/tutorial.py
[2025-06-20T14:35:50.395+0000] {processor.py:840} INFO - DAG(s) 'tutorial' retrieved from /home/airflow/.local/lib/python3.12/site-packages/airflow/example_dags/tutorial.py
[2025-06-20T14:35:50.415+0000] {logging_mixin.py:188} INFO - [2025-06-20T14:35:50.415+0000] {dag.py:3096} INFO - Sync 1 DAGs
[2025-06-20T14:35:50.435+0000] {logging_mixin.py:188} INFO - [2025-06-20T14:35:50.435+0000] {dag.py:3954} INFO - Setting next_dagrun for tutorial to 2025-06-19 00:00:00+00:00, run_after=2025-06-20 00:00:00+00:00
[2025-06-20T14:35:50.450+0000] {processor.py:183} INFO - Processing /home/airflow/.local/lib/python3.12/site-packages/airflow/example_dags/tutorial.py took 0.069 seconds
[2025-06-20T14:36:21.388+0000] {processor.py:161} INFO - Started process (PID=270) to work on /home/airflow/.local/lib/python3.12/site-packages/airflow/example_dags/tutorial.py
[2025-06-20T14:36:21.389+0000] {processor.py:830} INFO - Processing file /home/airflow/.local/lib/python3.12/site-packages/airflow/example_dags/tutorial.py for tasks to queue
[2025-06-20T14:36:21.391+0000] {logging_mixin.py:188} INFO - [2025-06-20T14:36:21.391+0000] {dagbag.py:540} INFO - Filling up the DagBag from /home/airflow/.local/lib/python3.12/site-packages/airflow/example_dags/tutorial.py
[2025-06-20T14:36:21.397+0000] {processor.py:840} INFO - DAG(s) 'tutorial' retrieved from /home/airflow/.local/lib/python3.12/site-packages/airflow/example_dags/tutorial.py
[2025-06-20T14:36:21.416+0000] {logging_mixin.py:188} INFO - [2025-06-20T14:36:21.416+0000] {dag.py:3096} INFO - Sync 1 DAGs
[2025-06-20T14:36:21.437+0000] {logging_mixin.py:188} INFO - [2025-06-20T14:36:21.436+0000] {dag.py:3954} INFO - Setting next_dagrun for tutorial to 2025-06-19 00:00:00+00:00, run_after=2025-06-20 00:00:00+00:00
[2025-06-20T14:36:21.453+0000] {processor.py:183} INFO - Processing /home/airflow/.local/lib/python3.12/site-packages/airflow/example_dags/tutorial.py took 0.071 seconds
[2025-06-20T14:36:51.941+0000] {processor.py:161} INFO - Started process (PID=328) to work on /home/airflow/.local/lib/python3.12/site-packages/airflow/example_dags/tutorial.py
[2025-06-20T14:36:51.941+0000] {processor.py:830} INFO - Processing file /home/airflow/.local/lib/python3.12/site-packages/airflow/example_dags/tutorial.py for tasks to queue
[2025-06-20T14:36:51.943+0000] {logging_mixin.py:188} INFO - [2025-06-20T14:36:51.943+0000] {dagbag.py:540} INFO - Filling up the DagBag from /home/airflow/.local/lib/python3.12/site-packages/airflow/example_dags/tutorial.py
[2025-06-20T14:36:51.949+0000] {processor.py:840} INFO - DAG(s) 'tutorial' retrieved from /home/airflow/.local/lib/python3.12/site-packages/airflow/example_dags/tutorial.py
[2025-06-20T14:36:51.968+0000] {logging_mixin.py:188} INFO - [2025-06-20T14:36:51.968+0000] {dag.py:3096} INFO - Sync 1 DAGs
[2025-06-20T14:36:51.989+0000] {logging_mixin.py:188} INFO - [2025-06-20T14:36:51.989+0000] {dag.py:3954} INFO - Setting next_dagrun for tutorial to 2025-06-19 00:00:00+00:00, run_after=2025-06-20 00:00:00+00:00
[2025-06-20T14:36:52.005+0000] {processor.py:183} INFO - Processing /home/airflow/.local/lib/python3.12/site-packages/airflow/example_dags/tutorial.py took 0.070 seconds
[2025-06-20T14:37:22.491+0000] {processor.py:161} INFO - Started process (PID=402) to work on /home/airflow/.local/lib/python3.12/site-packages/airflow/example_dags/tutorial.py
[2025-06-20T14:37:22.492+0000] {processor.py:830} INFO - Processing file /home/airflow/.local/lib/python3.12/site-packages/airflow/example_dags/tutorial.py for tasks to queue
[2025-06-20T14:37:22.494+0000] {logging_mixin.py:188} INFO - [2025-06-20T14:37:22.494+0000] {dagbag.py:540} INFO - Filling up the DagBag from /home/airflow/.local/lib/python3.12/site-packages/airflow/example_dags/tutorial.py
[2025-06-20T14:37:22.502+0000] {processor.py:840} INFO - DAG(s) 'tutorial' retrieved from /home/airflow/.local/lib/python3.12/site-packages/airflow/example_dags/tutorial.py
[2025-06-20T14:37:22.522+0000] {logging_mixin.py:188} INFO - [2025-06-20T14:37:22.521+0000] {dag.py:3096} INFO - Sync 1 DAGs
[2025-06-20T14:37:22.542+0000] {logging_mixin.py:188} INFO - [2025-06-20T14:37:22.541+0000] {dag.py:3954} INFO - Setting next_dagrun for tutorial to 2025-06-19 00:00:00+00:00, run_after=2025-06-20 00:00:00+00:00
[2025-06-20T14:37:22.557+0000] {processor.py:183} INFO - Processing /home/airflow/.local/lib/python3.12/site-packages/airflow/example_dags/tutorial.py took 0.073 seconds
[2025-06-20T14:37:53.073+0000] {processor.py:161} INFO - Started process (PID=460) to work on /home/airflow/.local/lib/python3.12/site-packages/airflow/example_dags/tutorial.py
[2025-06-20T14:37:53.074+0000] {processor.py:830} INFO - Processing file /home/airflow/.local/lib/python3.12/site-packages/airflow/example_dags/tutorial.py for tasks to queue
[2025-06-20T14:37:53.076+0000] {logging_mixin.py:188} INFO - [2025-06-20T14:37:53.075+0000] {dagbag.py:540} INFO - Filling up the DagBag from /home/airflow/.local/lib/python3.12/site-packages/airflow/example_dags/tutorial.py
[2025-06-20T14:37:53.081+0000] {processor.py:840} INFO - DAG(s) 'tutorial' retrieved from /home/airflow/.local/lib/python3.12/site-packages/airflow/example_dags/tutorial.py
[2025-06-20T14:37:53.101+0000] {logging_mixin.py:188} INFO - [2025-06-20T14:37:53.101+0000] {dag.py:3096} INFO - Sync 1 DAGs
[2025-06-20T14:37:53.121+0000] {logging_mixin.py:188} INFO - [2025-06-20T14:37:53.121+0000] {dag.py:3954} INFO - Setting next_dagrun for tutorial to 2025-06-19 00:00:00+00:00, run_after=2025-06-20 00:00:00+00:00
[2025-06-20T14:37:53.136+0000] {processor.py:183} INFO - Processing /home/airflow/.local/lib/python3.12/site-packages/airflow/example_dags/tutorial.py took 0.069 seconds
[2025-06-20T14:38:23.509+0000] {processor.py:161} INFO - Started process (PID=518) to work on /home/airflow/.local/lib/python3.12/site-packages/airflow/example_dags/tutorial.py
[2025-06-20T14:38:23.510+0000] {processor.py:830} INFO - Processing file /home/airflow/.local/lib/python3.12/site-packages/airflow/example_dags/tutorial.py for tasks to queue
[2025-06-20T14:38:23.512+0000] {logging_mixin.py:188} INFO - [2025-06-20T14:38:23.511+0000] {dagbag.py:540} INFO - Filling up the DagBag from /home/airflow/.local/lib/python3.12/site-packages/airflow/example_dags/tutorial.py
[2025-06-20T14:38:23.518+0000] {processor.py:840} INFO - DAG(s) 'tutorial' retrieved from /home/airflow/.local/lib/python3.12/site-packages/airflow/example_dags/tutorial.py
[2025-06-20T14:38:23.536+0000] {logging_mixin.py:188} INFO - [2025-06-20T14:38:23.536+0000] {dag.py:3096} INFO - Sync 1 DAGs
[2025-06-20T14:38:23.555+0000] {logging_mixin.py:188} INFO - [2025-06-20T14:38:23.555+0000] {dag.py:3954} INFO - Setting next_dagrun for tutorial to 2025-06-19 00:00:00+00:00, run_after=2025-06-20 00:00:00+00:00
[2025-06-20T14:38:23.571+0000] {processor.py:183} INFO - Processing /home/airflow/.local/lib/python3.12/site-packages/airflow/example_dags/tutorial.py took 0.068 seconds
[2025-06-20T14:38:54.365+0000] {processor.py:161} INFO - Started process (PID=576) to work on /home/airflow/.local/lib/python3.12/site-packages/airflow/example_dags/tutorial.py
[2025-06-20T14:38:54.366+0000] {processor.py:830} INFO - Processing file /home/airflow/.local/lib/python3.12/site-packages/airflow/example_dags/tutorial.py for tasks to queue
[2025-06-20T14:38:54.368+0000] {logging_mixin.py:188} INFO - [2025-06-20T14:38:54.367+0000] {dagbag.py:540} INFO - Filling up the DagBag from /home/airflow/.local/lib/python3.12/site-packages/airflow/example_dags/tutorial.py
[2025-06-20T14:38:54.374+0000] {processor.py:840} INFO - DAG(s) 'tutorial' retrieved from /home/airflow/.local/lib/python3.12/site-packages/airflow/example_dags/tutorial.py
[2025-06-20T14:38:54.393+0000] {logging_mixin.py:188} INFO - [2025-06-20T14:38:54.392+0000] {dag.py:3096} INFO - Sync 1 DAGs
[2025-06-20T14:38:54.415+0000] {logging_mixin.py:188} INFO - [2025-06-20T14:38:54.415+0000] {dag.py:3954} INFO - Setting next_dagrun for tutorial to 2025-06-19 00:00:00+00:00, run_after=2025-06-20 00:00:00+00:00
[2025-06-20T14:38:54.433+0000] {processor.py:183} INFO - Processing /home/airflow/.local/lib/python3.12/site-packages/airflow/example_dags/tutorial.py took 0.074 seconds
[2025-06-20T14:39:24.694+0000] {processor.py:161} INFO - Started process (PID=634) to work on /home/airflow/.local/lib/python3.12/site-packages/airflow/example_dags/tutorial.py
[2025-06-20T14:39:24.695+0000] {processor.py:830} INFO - Processing file /home/airflow/.local/lib/python3.12/site-packages/airflow/example_dags/tutorial.py for tasks to queue
[2025-06-20T14:39:24.697+0000] {logging_mixin.py:188} INFO - [2025-06-20T14:39:24.697+0000] {dagbag.py:540} INFO - Filling up the DagBag from /home/airflow/.local/lib/python3.12/site-packages/airflow/example_dags/tutorial.py
[2025-06-20T14:39:24.703+0000] {processor.py:840} INFO - DAG(s) 'tutorial' retrieved from /home/airflow/.local/lib/python3.12/site-packages/airflow/example_dags/tutorial.py
[2025-06-20T14:39:24.722+0000] {logging_mixin.py:188} INFO - [2025-06-20T14:39:24.722+0000] {dag.py:3096} INFO - Sync 1 DAGs
[2025-06-20T14:39:24.742+0000] {logging_mixin.py:188} INFO - [2025-06-20T14:39:24.741+0000] {dag.py:3954} INFO - Setting next_dagrun for tutorial to 2025-06-19 00:00:00+00:00, run_after=2025-06-20 00:00:00+00:00
[2025-06-20T14:39:24.757+0000] {processor.py:183} INFO - Processing /home/airflow/.local/lib/python3.12/site-packages/airflow/example_dags/tutorial.py took 0.069 seconds
[2025-06-20T14:39:54.934+0000] {processor.py:161} INFO - Started process (PID=692) to work on /home/airflow/.local/lib/python3.12/site-packages/airflow/example_dags/tutorial.py
[2025-06-20T14:39:54.935+0000] {processor.py:830} INFO - Processing file /home/airflow/.local/lib/python3.12/site-packages/airflow/example_dags/tutorial.py for tasks to queue
[2025-06-20T14:39:54.937+0000] {logging_mixin.py:188} INFO - [2025-06-20T14:39:54.937+0000] {dagbag.py:540} INFO - Filling up the DagBag from /home/airflow/.local/lib/python3.12/site-packages/airflow/example_dags/tutorial.py
[2025-06-20T14:39:54.943+0000] {processor.py:840} INFO - DAG(s) 'tutorial' retrieved from /home/airflow/.local/lib/python3.12/site-packages/airflow/example_dags/tutorial.py
[2025-06-20T14:39:54.961+0000] {logging_mixin.py:188} INFO - [2025-06-20T14:39:54.961+0000] {dag.py:3096} INFO - Sync 1 DAGs
[2025-06-20T14:39:54.981+0000] {logging_mixin.py:188} INFO - [2025-06-20T14:39:54.981+0000] {dag.py:3954} INFO - Setting next_dagrun for tutorial to 2025-06-19 00:00:00+00:00, run_after=2025-06-20 00:00:00+00:00
[2025-06-20T14:39:54.997+0000] {processor.py:183} INFO - Processing /home/airflow/.local/lib/python3.12/site-packages/airflow/example_dags/tutorial.py took 0.069 seconds
[2025-06-20T14:40:25.318+0000] {processor.py:161} INFO - Started process (PID=750) to work on /home/airflow/.local/lib/python3.12/site-packages/airflow/example_dags/tutorial.py
[2025-06-20T14:40:25.319+0000] {processor.py:830} INFO - Processing file /home/airflow/.local/lib/python3.12/site-packages/airflow/example_dags/tutorial.py for tasks to queue
[2025-06-20T14:40:25.321+0000] {logging_mixin.py:188} INFO - [2025-06-20T14:40:25.321+0000] {dagbag.py:540} INFO - Filling up the DagBag from /home/airflow/.local/lib/python3.12/site-packages/airflow/example_dags/tutorial.py
[2025-06-20T14:40:25.327+0000] {processor.py:840} INFO - DAG(s) 'tutorial' retrieved from /home/airflow/.local/lib/python3.12/site-packages/airflow/example_dags/tutorial.py
[2025-06-20T14:40:25.346+0000] {logging_mixin.py:188} INFO - [2025-06-20T14:40:25.346+0000] {dag.py:3096} INFO - Sync 1 DAGs
[2025-06-20T14:40:25.367+0000] {logging_mixin.py:188} INFO - [2025-06-20T14:40:25.367+0000] {dag.py:3954} INFO - Setting next_dagrun for tutorial to 2025-06-19 00:00:00+00:00, run_after=2025-06-20 00:00:00+00:00
[2025-06-20T14:40:25.383+0000] {processor.py:183} INFO - Processing /home/airflow/.local/lib/python3.12/site-packages/airflow/example_dags/tutorial.py took 0.071 seconds
[2025-06-20T14:40:55.459+0000] {processor.py:161} INFO - Started process (PID=808) to work on /home/airflow/.local/lib/python3.12/site-packages/airflow/example_dags/tutorial.py
[2025-06-20T14:40:55.460+0000] {processor.py:830} INFO - Processing file /home/airflow/.local/lib/python3.12/site-packages/airflow/example_dags/tutorial.py for tasks to queue
[2025-06-20T14:40:55.462+0000] {logging_mixin.py:188} INFO - [2025-06-20T14:40:55.462+0000] {dagbag.py:540} INFO - Filling up the DagBag from /home/airflow/.local/lib/python3.12/site-packages/airflow/example_dags/tutorial.py
[2025-06-20T14:40:55.468+0000] {processor.py:840} INFO - DAG(s) 'tutorial' retrieved from /home/airflow/.local/lib/python3.12/site-packages/airflow/example_dags/tutorial.py
[2025-06-20T14:40:55.487+0000] {logging_mixin.py:188} INFO - [2025-06-20T14:40:55.487+0000] {dag.py:3096} INFO - Sync 1 DAGs
[2025-06-20T14:40:55.512+0000] {logging_mixin.py:188} INFO - [2025-06-20T14:40:55.511+0000] {dag.py:3954} INFO - Setting next_dagrun for tutorial to 2025-06-19 00:00:00+00:00, run_after=2025-06-20 00:00:00+00:00
[2025-06-20T14:40:55.528+0000] {processor.py:183} INFO - Processing /home/airflow/.local/lib/python3.12/site-packages/airflow/example_dags/tutorial.py took 0.075 seconds
[2025-06-20T14:41:25.643+0000] {processor.py:161} INFO - Started process (PID=865) to work on /home/airflow/.local/lib/python3.12/site-packages/airflow/example_dags/tutorial.py
[2025-06-20T14:41:25.644+0000] {processor.py:830} INFO - Processing file /home/airflow/.local/lib/python3.12/site-packages/airflow/example_dags/tutorial.py for tasks to queue
[2025-06-20T14:41:25.646+0000] {logging_mixin.py:188} INFO - [2025-06-20T14:41:25.646+0000] {dagbag.py:540} INFO - Filling up the DagBag from /home/airflow/.local/lib/python3.12/site-packages/airflow/example_dags/tutorial.py
[2025-06-20T14:41:25.652+0000] {processor.py:840} INFO - DAG(s) 'tutorial' retrieved from /home/airflow/.local/lib/python3.12/site-packages/airflow/example_dags/tutorial.py
[2025-06-20T14:41:25.671+0000] {logging_mixin.py:188} INFO - [2025-06-20T14:41:25.671+0000] {dag.py:3096} INFO - Sync 1 DAGs
[2025-06-20T14:41:25.691+0000] {logging_mixin.py:188} INFO - [2025-06-20T14:41:25.691+0000] {dag.py:3954} INFO - Setting next_dagrun for tutorial to 2025-06-19 00:00:00+00:00, run_after=2025-06-20 00:00:00+00:00
[2025-06-20T14:41:25.707+0000] {processor.py:183} INFO - Processing /home/airflow/.local/lib/python3.12/site-packages/airflow/example_dags/tutorial.py took 0.070 seconds
[2025-06-20T14:41:55.996+0000] {processor.py:161} INFO - Started process (PID=923) to work on /home/airflow/.local/lib/python3.12/site-packages/airflow/example_dags/tutorial.py
[2025-06-20T14:41:55.997+0000] {processor.py:830} INFO - Processing file /home/airflow/.local/lib/python3.12/site-packages/airflow/example_dags/tutorial.py for tasks to queue
[2025-06-20T14:41:55.999+0000] {logging_mixin.py:188} INFO - [2025-06-20T14:41:55.999+0000] {dagbag.py:540} INFO - Filling up the DagBag from /home/airflow/.local/lib/python3.12/site-packages/airflow/example_dags/tutorial.py
[2025-06-20T14:41:56.005+0000] {processor.py:840} INFO - DAG(s) 'tutorial' retrieved from /home/airflow/.local/lib/python3.12/site-packages/airflow/example_dags/tutorial.py
[2025-06-20T14:41:56.027+0000] {logging_mixin.py:188} INFO - [2025-06-20T14:41:56.027+0000] {dag.py:3096} INFO - Sync 1 DAGs
[2025-06-20T14:41:56.046+0000] {logging_mixin.py:188} INFO - [2025-06-20T14:41:56.046+0000] {dag.py:3954} INFO - Setting next_dagrun for tutorial to 2025-06-19 00:00:00+00:00, run_after=2025-06-20 00:00:00+00:00
[2025-06-20T14:41:56.062+0000] {processor.py:183} INFO - Processing /home/airflow/.local/lib/python3.12/site-packages/airflow/example_dags/tutorial.py took 0.071 seconds
[2025-06-20T14:42:26.541+0000] {processor.py:161} INFO - Started process (PID=981) to work on /home/airflow/.local/lib/python3.12/site-packages/airflow/example_dags/tutorial.py
[2025-06-20T14:42:26.542+0000] {processor.py:830} INFO - Processing file /home/airflow/.local/lib/python3.12/site-packages/airflow/example_dags/tutorial.py for tasks to queue
[2025-06-20T14:42:26.544+0000] {logging_mixin.py:188} INFO - [2025-06-20T14:42:26.544+0000] {dagbag.py:540} INFO - Filling up the DagBag from /home/airflow/.local/lib/python3.12/site-packages/airflow/example_dags/tutorial.py
[2025-06-20T14:42:26.550+0000] {processor.py:840} INFO - DAG(s) 'tutorial' retrieved from /home/airflow/.local/lib/python3.12/site-packages/airflow/example_dags/tutorial.py
[2025-06-20T14:42:26.572+0000] {logging_mixin.py:188} INFO - [2025-06-20T14:42:26.572+0000] {dag.py:3096} INFO - Sync 1 DAGs
[2025-06-20T14:42:26.592+0000] {logging_mixin.py:188} INFO - [2025-06-20T14:42:26.591+0000] {dag.py:3954} INFO - Setting next_dagrun for tutorial to 2025-06-19 00:00:00+00:00, run_after=2025-06-20 00:00:00+00:00
[2025-06-20T14:42:26.607+0000] {processor.py:183} INFO - Processing /home/airflow/.local/lib/python3.12/site-packages/airflow/example_dags/tutorial.py took 0.072 seconds
[2025-06-20T14:42:56.969+0000] {processor.py:161} INFO - Started process (PID=1039) to work on /home/airflow/.local/lib/python3.12/site-packages/airflow/example_dags/tutorial.py
[2025-06-20T14:42:56.971+0000] {processor.py:830} INFO - Processing file /home/airflow/.local/lib/python3.12/site-packages/airflow/example_dags/tutorial.py for tasks to queue
[2025-06-20T14:42:56.973+0000] {logging_mixin.py:188} INFO - [2025-06-20T14:42:56.973+0000] {dagbag.py:540} INFO - Filling up the DagBag from /home/airflow/.local/lib/python3.12/site-packages/airflow/example_dags/tutorial.py
[2025-06-20T14:42:56.980+0000] {processor.py:840} INFO - DAG(s) 'tutorial' retrieved from /home/airflow/.local/lib/python3.12/site-packages/airflow/example_dags/tutorial.py
[2025-06-20T14:42:57.000+0000] {logging_mixin.py:188} INFO - [2025-06-20T14:42:57.000+0000] {dag.py:3096} INFO - Sync 1 DAGs
[2025-06-20T14:42:57.023+0000] {logging_mixin.py:188} INFO - [2025-06-20T14:42:57.023+0000] {dag.py:3954} INFO - Setting next_dagrun for tutorial to 2025-06-19 00:00:00+00:00, run_after=2025-06-20 00:00:00+00:00
[2025-06-20T14:42:57.040+0000] {processor.py:183} INFO - Processing /home/airflow/.local/lib/python3.12/site-packages/airflow/example_dags/tutorial.py took 0.079 seconds
[2025-06-20T14:43:27.769+0000] {processor.py:161} INFO - Started process (PID=1097) to work on /home/airflow/.local/lib/python3.12/site-packages/airflow/example_dags/tutorial.py
[2025-06-20T14:43:27.770+0000] {processor.py:830} INFO - Processing file /home/airflow/.local/lib/python3.12/site-packages/airflow/example_dags/tutorial.py for tasks to queue
[2025-06-20T14:43:27.772+0000] {logging_mixin.py:188} INFO - [2025-06-20T14:43:27.772+0000] {dagbag.py:540} INFO - Filling up the DagBag from /home/airflow/.local/lib/python3.12/site-packages/airflow/example_dags/tutorial.py
[2025-06-20T14:43:27.778+0000] {processor.py:840} INFO - DAG(s) 'tutorial' retrieved from /home/airflow/.local/lib/python3.12/site-packages/airflow/example_dags/tutorial.py
[2025-06-20T14:43:27.797+0000] {logging_mixin.py:188} INFO - [2025-06-20T14:43:27.797+0000] {dag.py:3096} INFO - Sync 1 DAGs
[2025-06-20T14:43:27.817+0000] {logging_mixin.py:188} INFO - [2025-06-20T14:43:27.817+0000] {dag.py:3954} INFO - Setting next_dagrun for tutorial to 2025-06-19 00:00:00+00:00, run_after=2025-06-20 00:00:00+00:00
[2025-06-20T14:43:27.832+0000] {processor.py:183} INFO - Processing /home/airflow/.local/lib/python3.12/site-packages/airflow/example_dags/tutorial.py took 0.070 seconds
[2025-06-20T14:43:58.844+0000] {processor.py:161} INFO - Started process (PID=1155) to work on /home/airflow/.local/lib/python3.12/site-packages/airflow/example_dags/tutorial.py
[2025-06-20T14:43:58.845+0000] {processor.py:830} INFO - Processing file /home/airflow/.local/lib/python3.12/site-packages/airflow/example_dags/tutorial.py for tasks to queue
[2025-06-20T14:43:58.847+0000] {logging_mixin.py:188} INFO - [2025-06-20T14:43:58.847+0000] {dagbag.py:540} INFO - Filling up the DagBag from /home/airflow/.local/lib/python3.12/site-packages/airflow/example_dags/tutorial.py
[2025-06-20T14:43:58.853+0000] {processor.py:840} INFO - DAG(s) 'tutorial' retrieved from /home/airflow/.local/lib/python3.12/site-packages/airflow/example_dags/tutorial.py
[2025-06-20T14:43:58.873+0000] {logging_mixin.py:188} INFO - [2025-06-20T14:43:58.873+0000] {dag.py:3096} INFO - Sync 1 DAGs
[2025-06-20T14:43:59.006+0000] {logging_mixin.py:188} INFO - [2025-06-20T14:43:59.006+0000] {dag.py:3954} INFO - Setting next_dagrun for tutorial to 2025-06-19 00:00:00+00:00, run_after=2025-06-20 00:00:00+00:00
[2025-06-20T14:43:59.021+0000] {processor.py:183} INFO - Processing /home/airflow/.local/lib/python3.12/site-packages/airflow/example_dags/tutorial.py took 0.183 seconds
[2025-06-20T14:44:29.452+0000] {processor.py:161} INFO - Started process (PID=1213) to work on /home/airflow/.local/lib/python3.12/site-packages/airflow/example_dags/tutorial.py
[2025-06-20T14:44:29.453+0000] {processor.py:830} INFO - Processing file /home/airflow/.local/lib/python3.12/site-packages/airflow/example_dags/tutorial.py for tasks to queue
[2025-06-20T14:44:29.455+0000] {logging_mixin.py:188} INFO - [2025-06-20T14:44:29.455+0000] {dagbag.py:540} INFO - Filling up the DagBag from /home/airflow/.local/lib/python3.12/site-packages/airflow/example_dags/tutorial.py
[2025-06-20T14:44:29.461+0000] {processor.py:840} INFO - DAG(s) 'tutorial' retrieved from /home/airflow/.local/lib/python3.12/site-packages/airflow/example_dags/tutorial.py
[2025-06-20T14:44:29.482+0000] {logging_mixin.py:188} INFO - [2025-06-20T14:44:29.482+0000] {dag.py:3096} INFO - Sync 1 DAGs
[2025-06-20T14:44:29.503+0000] {logging_mixin.py:188} INFO - [2025-06-20T14:44:29.503+0000] {dag.py:3954} INFO - Setting next_dagrun for tutorial to 2025-06-19 00:00:00+00:00, run_after=2025-06-20 00:00:00+00:00
[2025-06-20T14:44:29.634+0000] {processor.py:183} INFO - Processing /home/airflow/.local/lib/python3.12/site-packages/airflow/example_dags/tutorial.py took 0.188 seconds
[2025-06-20T14:44:59.733+0000] {processor.py:161} INFO - Started process (PID=1272) to work on /home/airflow/.local/lib/python3.12/site-packages/airflow/example_dags/tutorial.py
[2025-06-20T14:44:59.734+0000] {processor.py:830} INFO - Processing file /home/airflow/.local/lib/python3.12/site-packages/airflow/example_dags/tutorial.py for tasks to queue
[2025-06-20T14:44:59.736+0000] {logging_mixin.py:188} INFO - [2025-06-20T14:44:59.735+0000] {dagbag.py:540} INFO - Filling up the DagBag from /home/airflow/.local/lib/python3.12/site-packages/airflow/example_dags/tutorial.py
[2025-06-20T14:44:59.742+0000] {processor.py:840} INFO - DAG(s) 'tutorial' retrieved from /home/airflow/.local/lib/python3.12/site-packages/airflow/example_dags/tutorial.py
[2025-06-20T14:44:59.760+0000] {logging_mixin.py:188} INFO - [2025-06-20T14:44:59.760+0000] {dag.py:3096} INFO - Sync 1 DAGs
[2025-06-20T14:44:59.781+0000] {logging_mixin.py:188} INFO - [2025-06-20T14:44:59.781+0000] {dag.py:3954} INFO - Setting next_dagrun for tutorial to 2025-06-19 00:00:00+00:00, run_after=2025-06-20 00:00:00+00:00
[2025-06-20T14:44:59.796+0000] {processor.py:183} INFO - Processing /home/airflow/.local/lib/python3.12/site-packages/airflow/example_dags/tutorial.py took 0.069 seconds
[2025-06-20T14:45:30.432+0000] {processor.py:161} INFO - Started process (PID=1329) to work on /home/airflow/.local/lib/python3.12/site-packages/airflow/example_dags/tutorial.py
[2025-06-20T14:45:30.433+0000] {processor.py:830} INFO - Processing file /home/airflow/.local/lib/python3.12/site-packages/airflow/example_dags/tutorial.py for tasks to queue
[2025-06-20T14:45:30.435+0000] {logging_mixin.py:188} INFO - [2025-06-20T14:45:30.435+0000] {dagbag.py:540} INFO - Filling up the DagBag from /home/airflow/.local/lib/python3.12/site-packages/airflow/example_dags/tutorial.py
[2025-06-20T14:45:30.441+0000] {processor.py:840} INFO - DAG(s) 'tutorial' retrieved from /home/airflow/.local/lib/python3.12/site-packages/airflow/example_dags/tutorial.py
[2025-06-20T14:45:30.460+0000] {logging_mixin.py:188} INFO - [2025-06-20T14:45:30.460+0000] {dag.py:3096} INFO - Sync 1 DAGs
[2025-06-20T14:45:30.480+0000] {logging_mixin.py:188} INFO - [2025-06-20T14:45:30.480+0000] {dag.py:3954} INFO - Setting next_dagrun for tutorial to 2025-06-19 00:00:00+00:00, run_after=2025-06-20 00:00:00+00:00
[2025-06-20T14:45:30.496+0000] {processor.py:183} INFO - Processing /home/airflow/.local/lib/python3.12/site-packages/airflow/example_dags/tutorial.py took 0.071 seconds
[2025-06-20T14:46:00.664+0000] {processor.py:161} INFO - Started process (PID=1387) to work on /home/airflow/.local/lib/python3.12/site-packages/airflow/example_dags/tutorial.py
[2025-06-20T14:46:00.664+0000] {processor.py:830} INFO - Processing file /home/airflow/.local/lib/python3.12/site-packages/airflow/example_dags/tutorial.py for tasks to queue
[2025-06-20T14:46:00.666+0000] {logging_mixin.py:188} INFO - [2025-06-20T14:46:00.666+0000] {dagbag.py:540} INFO - Filling up the DagBag from /home/airflow/.local/lib/python3.12/site-packages/airflow/example_dags/tutorial.py
[2025-06-20T14:46:00.672+0000] {processor.py:840} INFO - DAG(s) 'tutorial' retrieved from /home/airflow/.local/lib/python3.12/site-packages/airflow/example_dags/tutorial.py
[2025-06-20T14:46:00.691+0000] {logging_mixin.py:188} INFO - [2025-06-20T14:46:00.691+0000] {dag.py:3096} INFO - Sync 1 DAGs
[2025-06-20T14:46:00.711+0000] {logging_mixin.py:188} INFO - [2025-06-20T14:46:00.711+0000] {dag.py:3954} INFO - Setting next_dagrun for tutorial to 2025-06-19 00:00:00+00:00, run_after=2025-06-20 00:00:00+00:00
[2025-06-20T14:46:00.726+0000] {processor.py:183} INFO - Processing /home/airflow/.local/lib/python3.12/site-packages/airflow/example_dags/tutorial.py took 0.069 seconds
[2025-06-20T14:46:30.907+0000] {processor.py:161} INFO - Started process (PID=1445) to work on /home/airflow/.local/lib/python3.12/site-packages/airflow/example_dags/tutorial.py
[2025-06-20T14:46:30.908+0000] {processor.py:830} INFO - Processing file /home/airflow/.local/lib/python3.12/site-packages/airflow/example_dags/tutorial.py for tasks to queue
[2025-06-20T14:46:30.910+0000] {logging_mixin.py:188} INFO - [2025-06-20T14:46:30.909+0000] {dagbag.py:540} INFO - Filling up the DagBag from /home/airflow/.local/lib/python3.12/site-packages/airflow/example_dags/tutorial.py
[2025-06-20T14:46:30.916+0000] {processor.py:840} INFO - DAG(s) 'tutorial' retrieved from /home/airflow/.local/lib/python3.12/site-packages/airflow/example_dags/tutorial.py
[2025-06-20T14:46:30.935+0000] {logging_mixin.py:188} INFO - [2025-06-20T14:46:30.935+0000] {dag.py:3096} INFO - Sync 1 DAGs
[2025-06-20T14:46:30.956+0000] {logging_mixin.py:188} INFO - [2025-06-20T14:46:30.955+0000] {dag.py:3954} INFO - Setting next_dagrun for tutorial to 2025-06-19 00:00:00+00:00, run_after=2025-06-20 00:00:00+00:00
[2025-06-20T14:46:30.971+0000] {processor.py:183} INFO - Processing /home/airflow/.local/lib/python3.12/site-packages/airflow/example_dags/tutorial.py took 0.070 seconds
[2025-06-20T14:47:01.096+0000] {processor.py:161} INFO - Started process (PID=1503) to work on /home/airflow/.local/lib/python3.12/site-packages/airflow/example_dags/tutorial.py
[2025-06-20T14:47:01.097+0000] {processor.py:830} INFO - Processing file /home/airflow/.local/lib/python3.12/site-packages/airflow/example_dags/tutorial.py for tasks to queue
[2025-06-20T14:47:01.099+0000] {logging_mixin.py:188} INFO - [2025-06-20T14:47:01.098+0000] {dagbag.py:540} INFO - Filling up the DagBag from /home/airflow/.local/lib/python3.12/site-packages/airflow/example_dags/tutorial.py
[2025-06-20T14:47:01.104+0000] {processor.py:840} INFO - DAG(s) 'tutorial' retrieved from /home/airflow/.local/lib/python3.12/site-packages/airflow/example_dags/tutorial.py
[2025-06-20T14:47:01.124+0000] {logging_mixin.py:188} INFO - [2025-06-20T14:47:01.124+0000] {dag.py:3096} INFO - Sync 1 DAGs
[2025-06-20T14:47:01.145+0000] {logging_mixin.py:188} INFO - [2025-06-20T14:47:01.144+0000] {dag.py:3954} INFO - Setting next_dagrun for tutorial to 2025-06-19 00:00:00+00:00, run_after=2025-06-20 00:00:00+00:00
[2025-06-20T14:47:01.160+0000] {processor.py:183} INFO - Processing /home/airflow/.local/lib/python3.12/site-packages/airflow/example_dags/tutorial.py took 0.071 seconds
[2025-06-20T14:47:31.314+0000] {processor.py:161} INFO - Started process (PID=1561) to work on /home/airflow/.local/lib/python3.12/site-packages/airflow/example_dags/tutorial.py
[2025-06-20T14:47:31.315+0000] {processor.py:830} INFO - Processing file /home/airflow/.local/lib/python3.12/site-packages/airflow/example_dags/tutorial.py for tasks to queue
[2025-06-20T14:47:31.317+0000] {logging_mixin.py:188} INFO - [2025-06-20T14:47:31.316+0000] {dagbag.py:540} INFO - Filling up the DagBag from /home/airflow/.local/lib/python3.12/site-packages/airflow/example_dags/tutorial.py
[2025-06-20T14:47:31.322+0000] {processor.py:840} INFO - DAG(s) 'tutorial' retrieved from /home/airflow/.local/lib/python3.12/site-packages/airflow/example_dags/tutorial.py
[2025-06-20T14:47:31.341+0000] {logging_mixin.py:188} INFO - [2025-06-20T14:47:31.341+0000] {dag.py:3096} INFO - Sync 1 DAGs
[2025-06-20T14:47:31.361+0000] {logging_mixin.py:188} INFO - [2025-06-20T14:47:31.361+0000] {dag.py:3954} INFO - Setting next_dagrun for tutorial to 2025-06-19 00:00:00+00:00, run_after=2025-06-20 00:00:00+00:00
[2025-06-20T14:47:31.377+0000] {processor.py:183} INFO - Processing /home/airflow/.local/lib/python3.12/site-packages/airflow/example_dags/tutorial.py took 0.069 seconds
[2025-06-20T14:48:01.769+0000] {processor.py:161} INFO - Started process (PID=1619) to work on /home/airflow/.local/lib/python3.12/site-packages/airflow/example_dags/tutorial.py
[2025-06-20T14:48:01.770+0000] {processor.py:830} INFO - Processing file /home/airflow/.local/lib/python3.12/site-packages/airflow/example_dags/tutorial.py for tasks to queue
[2025-06-20T14:48:01.772+0000] {logging_mixin.py:188} INFO - [2025-06-20T14:48:01.771+0000] {dagbag.py:540} INFO - Filling up the DagBag from /home/airflow/.local/lib/python3.12/site-packages/airflow/example_dags/tutorial.py
[2025-06-20T14:48:01.778+0000] {processor.py:840} INFO - DAG(s) 'tutorial' retrieved from /home/airflow/.local/lib/python3.12/site-packages/airflow/example_dags/tutorial.py
[2025-06-20T14:48:01.797+0000] {logging_mixin.py:188} INFO - [2025-06-20T14:48:01.797+0000] {dag.py:3096} INFO - Sync 1 DAGs
[2025-06-20T14:48:01.817+0000] {logging_mixin.py:188} INFO - [2025-06-20T14:48:01.817+0000] {dag.py:3954} INFO - Setting next_dagrun for tutorial to 2025-06-19 00:00:00+00:00, run_after=2025-06-20 00:00:00+00:00
[2025-06-20T14:48:01.833+0000] {processor.py:183} INFO - Processing /home/airflow/.local/lib/python3.12/site-packages/airflow/example_dags/tutorial.py took 0.070 seconds
[2025-06-20T14:48:31.985+0000] {processor.py:161} INFO - Started process (PID=1677) to work on /home/airflow/.local/lib/python3.12/site-packages/airflow/example_dags/tutorial.py
[2025-06-20T14:48:31.986+0000] {processor.py:830} INFO - Processing file /home/airflow/.local/lib/python3.12/site-packages/airflow/example_dags/tutorial.py for tasks to queue
[2025-06-20T14:48:31.988+0000] {logging_mixin.py:188} INFO - [2025-06-20T14:48:31.988+0000] {dagbag.py:540} INFO - Filling up the DagBag from /home/airflow/.local/lib/python3.12/site-packages/airflow/example_dags/tutorial.py
[2025-06-20T14:48:31.994+0000] {processor.py:840} INFO - DAG(s) 'tutorial' retrieved from /home/airflow/.local/lib/python3.12/site-packages/airflow/example_dags/tutorial.py
[2025-06-20T14:48:32.013+0000] {logging_mixin.py:188} INFO - [2025-06-20T14:48:32.012+0000] {dag.py:3096} INFO - Sync 1 DAGs
[2025-06-20T14:48:32.032+0000] {logging_mixin.py:188} INFO - [2025-06-20T14:48:32.032+0000] {dag.py:3954} INFO - Setting next_dagrun for tutorial to 2025-06-19 00:00:00+00:00, run_after=2025-06-20 00:00:00+00:00
[2025-06-20T14:48:32.048+0000] {processor.py:183} INFO - Processing /home/airflow/.local/lib/python3.12/site-packages/airflow/example_dags/tutorial.py took 0.068 seconds
[2025-06-20T14:49:02.291+0000] {processor.py:161} INFO - Started process (PID=1735) to work on /home/airflow/.local/lib/python3.12/site-packages/airflow/example_dags/tutorial.py
[2025-06-20T14:49:02.292+0000] {processor.py:830} INFO - Processing file /home/airflow/.local/lib/python3.12/site-packages/airflow/example_dags/tutorial.py for tasks to queue
[2025-06-20T14:49:02.293+0000] {logging_mixin.py:188} INFO - [2025-06-20T14:49:02.293+0000] {dagbag.py:540} INFO - Filling up the DagBag from /home/airflow/.local/lib/python3.12/site-packages/airflow/example_dags/tutorial.py
[2025-06-20T14:49:02.299+0000] {processor.py:840} INFO - DAG(s) 'tutorial' retrieved from /home/airflow/.local/lib/python3.12/site-packages/airflow/example_dags/tutorial.py
[2025-06-20T14:49:02.318+0000] {logging_mixin.py:188} INFO - [2025-06-20T14:49:02.317+0000] {dag.py:3096} INFO - Sync 1 DAGs
[2025-06-20T14:49:02.337+0000] {logging_mixin.py:188} INFO - [2025-06-20T14:49:02.337+0000] {dag.py:3954} INFO - Setting next_dagrun for tutorial to 2025-06-19 00:00:00+00:00, run_after=2025-06-20 00:00:00+00:00
[2025-06-20T14:49:02.352+0000] {processor.py:183} INFO - Processing /home/airflow/.local/lib/python3.12/site-packages/airflow/example_dags/tutorial.py took 0.067 seconds
[2025-06-20T14:49:32.691+0000] {processor.py:161} INFO - Started process (PID=1793) to work on /home/airflow/.local/lib/python3.12/site-packages/airflow/example_dags/tutorial.py
[2025-06-20T14:49:32.692+0000] {processor.py:830} INFO - Processing file /home/airflow/.local/lib/python3.12/site-packages/airflow/example_dags/tutorial.py for tasks to queue
[2025-06-20T14:49:32.694+0000] {logging_mixin.py:188} INFO - [2025-06-20T14:49:32.694+0000] {dagbag.py:540} INFO - Filling up the DagBag from /home/airflow/.local/lib/python3.12/site-packages/airflow/example_dags/tutorial.py
[2025-06-20T14:49:32.700+0000] {processor.py:840} INFO - DAG(s) 'tutorial' retrieved from /home/airflow/.local/lib/python3.12/site-packages/airflow/example_dags/tutorial.py
[2025-06-20T14:49:32.718+0000] {logging_mixin.py:188} INFO - [2025-06-20T14:49:32.718+0000] {dag.py:3096} INFO - Sync 1 DAGs
[2025-06-20T14:49:32.738+0000] {logging_mixin.py:188} INFO - [2025-06-20T14:49:32.738+0000] {dag.py:3954} INFO - Setting next_dagrun for tutorial to 2025-06-19 00:00:00+00:00, run_after=2025-06-20 00:00:00+00:00
[2025-06-20T14:49:32.753+0000] {processor.py:183} INFO - Processing /home/airflow/.local/lib/python3.12/site-packages/airflow/example_dags/tutorial.py took 0.068 seconds
[2025-06-20T14:50:02.877+0000] {processor.py:161} INFO - Started process (PID=1851) to work on /home/airflow/.local/lib/python3.12/site-packages/airflow/example_dags/tutorial.py
[2025-06-20T14:50:02.878+0000] {processor.py:830} INFO - Processing file /home/airflow/.local/lib/python3.12/site-packages/airflow/example_dags/tutorial.py for tasks to queue
[2025-06-20T14:50:02.880+0000] {logging_mixin.py:188} INFO - [2025-06-20T14:50:02.880+0000] {dagbag.py:540} INFO - Filling up the DagBag from /home/airflow/.local/lib/python3.12/site-packages/airflow/example_dags/tutorial.py
[2025-06-20T14:50:02.886+0000] {processor.py:840} INFO - DAG(s) 'tutorial' retrieved from /home/airflow/.local/lib/python3.12/site-packages/airflow/example_dags/tutorial.py
[2025-06-20T14:50:02.905+0000] {logging_mixin.py:188} INFO - [2025-06-20T14:50:02.904+0000] {dag.py:3096} INFO - Sync 1 DAGs
[2025-06-20T14:50:02.924+0000] {logging_mixin.py:188} INFO - [2025-06-20T14:50:02.924+0000] {dag.py:3954} INFO - Setting next_dagrun for tutorial to 2025-06-19 00:00:00+00:00, run_after=2025-06-20 00:00:00+00:00
[2025-06-20T14:50:02.939+0000] {processor.py:183} INFO - Processing /home/airflow/.local/lib/python3.12/site-packages/airflow/example_dags/tutorial.py took 0.068 seconds
[2025-06-20T14:50:33.924+0000] {processor.py:161} INFO - Started process (PID=1909) to work on /home/airflow/.local/lib/python3.12/site-packages/airflow/example_dags/tutorial.py
[2025-06-20T14:50:33.925+0000] {processor.py:830} INFO - Processing file /home/airflow/.local/lib/python3.12/site-packages/airflow/example_dags/tutorial.py for tasks to queue
[2025-06-20T14:50:33.927+0000] {logging_mixin.py:188} INFO - [2025-06-20T14:50:33.927+0000] {dagbag.py:540} INFO - Filling up the DagBag from /home/airflow/.local/lib/python3.12/site-packages/airflow/example_dags/tutorial.py
[2025-06-20T14:50:33.934+0000] {processor.py:840} INFO - DAG(s) 'tutorial' retrieved from /home/airflow/.local/lib/python3.12/site-packages/airflow/example_dags/tutorial.py
[2025-06-20T14:50:33.954+0000] {logging_mixin.py:188} INFO - [2025-06-20T14:50:33.954+0000] {dag.py:3096} INFO - Sync 1 DAGs
[2025-06-20T14:50:33.975+0000] {logging_mixin.py:188} INFO - [2025-06-20T14:50:33.975+0000] {dag.py:3954} INFO - Setting next_dagrun for tutorial to 2025-06-19 00:00:00+00:00, run_after=2025-06-20 00:00:00+00:00
[2025-06-20T14:50:33.990+0000] {processor.py:183} INFO - Processing /home/airflow/.local/lib/python3.12/site-packages/airflow/example_dags/tutorial.py took 0.072 seconds
[2025-06-20T14:51:04.147+0000] {processor.py:161} INFO - Started process (PID=1967) to work on /home/airflow/.local/lib/python3.12/site-packages/airflow/example_dags/tutorial.py
[2025-06-20T14:51:04.148+0000] {processor.py:830} INFO - Processing file /home/airflow/.local/lib/python3.12/site-packages/airflow/example_dags/tutorial.py for tasks to queue
[2025-06-20T14:51:04.150+0000] {logging_mixin.py:188} INFO - [2025-06-20T14:51:04.150+0000] {dagbag.py:540} INFO - Filling up the DagBag from /home/airflow/.local/lib/python3.12/site-packages/airflow/example_dags/tutorial.py
[2025-06-20T14:51:04.156+0000] {processor.py:840} INFO - DAG(s) 'tutorial' retrieved from /home/airflow/.local/lib/python3.12/site-packages/airflow/example_dags/tutorial.py
[2025-06-20T14:51:04.175+0000] {logging_mixin.py:188} INFO - [2025-06-20T14:51:04.175+0000] {dag.py:3096} INFO - Sync 1 DAGs
[2025-06-20T14:51:04.195+0000] {logging_mixin.py:188} INFO - [2025-06-20T14:51:04.195+0000] {dag.py:3954} INFO - Setting next_dagrun for tutorial to 2025-06-19 00:00:00+00:00, run_after=2025-06-20 00:00:00+00:00
[2025-06-20T14:51:04.211+0000] {processor.py:183} INFO - Processing /home/airflow/.local/lib/python3.12/site-packages/airflow/example_dags/tutorial.py took 0.070 seconds
[2025-06-20T14:51:34.287+0000] {processor.py:161} INFO - Started process (PID=2025) to work on /home/airflow/.local/lib/python3.12/site-packages/airflow/example_dags/tutorial.py
[2025-06-20T14:51:34.288+0000] {processor.py:830} INFO - Processing file /home/airflow/.local/lib/python3.12/site-packages/airflow/example_dags/tutorial.py for tasks to queue
[2025-06-20T14:51:34.290+0000] {logging_mixin.py:188} INFO - [2025-06-20T14:51:34.290+0000] {dagbag.py:540} INFO - Filling up the DagBag from /home/airflow/.local/lib/python3.12/site-packages/airflow/example_dags/tutorial.py
[2025-06-20T14:51:34.296+0000] {processor.py:840} INFO - DAG(s) 'tutorial' retrieved from /home/airflow/.local/lib/python3.12/site-packages/airflow/example_dags/tutorial.py
[2025-06-20T14:51:34.315+0000] {logging_mixin.py:188} INFO - [2025-06-20T14:51:34.315+0000] {dag.py:3096} INFO - Sync 1 DAGs
[2025-06-20T14:51:34.335+0000] {logging_mixin.py:188} INFO - [2025-06-20T14:51:34.334+0000] {dag.py:3954} INFO - Setting next_dagrun for tutorial to 2025-06-19 00:00:00+00:00, run_after=2025-06-20 00:00:00+00:00
[2025-06-20T14:51:34.350+0000] {processor.py:183} INFO - Processing /home/airflow/.local/lib/python3.12/site-packages/airflow/example_dags/tutorial.py took 0.069 seconds
[2025-06-20T14:52:04.448+0000] {processor.py:161} INFO - Started process (PID=2083) to work on /home/airflow/.local/lib/python3.12/site-packages/airflow/example_dags/tutorial.py
[2025-06-20T14:52:04.449+0000] {processor.py:830} INFO - Processing file /home/airflow/.local/lib/python3.12/site-packages/airflow/example_dags/tutorial.py for tasks to queue
[2025-06-20T14:52:04.451+0000] {logging_mixin.py:188} INFO - [2025-06-20T14:52:04.451+0000] {dagbag.py:540} INFO - Filling up the DagBag from /home/airflow/.local/lib/python3.12/site-packages/airflow/example_dags/tutorial.py
[2025-06-20T14:52:04.457+0000] {processor.py:840} INFO - DAG(s) 'tutorial' retrieved from /home/airflow/.local/lib/python3.12/site-packages/airflow/example_dags/tutorial.py
[2025-06-20T14:52:04.476+0000] {logging_mixin.py:188} INFO - [2025-06-20T14:52:04.476+0000] {dag.py:3096} INFO - Sync 1 DAGs
[2025-06-20T14:52:04.496+0000] {logging_mixin.py:188} INFO - [2025-06-20T14:52:04.496+0000] {dag.py:3954} INFO - Setting next_dagrun for tutorial to 2025-06-19 00:00:00+00:00, run_after=2025-06-20 00:00:00+00:00
[2025-06-20T14:52:04.511+0000] {processor.py:183} INFO - Processing /home/airflow/.local/lib/python3.12/site-packages/airflow/example_dags/tutorial.py took 0.070 seconds
[2025-06-20T14:52:35.532+0000] {processor.py:161} INFO - Started process (PID=2141) to work on /home/airflow/.local/lib/python3.12/site-packages/airflow/example_dags/tutorial.py
[2025-06-20T14:52:35.533+0000] {processor.py:830} INFO - Processing file /home/airflow/.local/lib/python3.12/site-packages/airflow/example_dags/tutorial.py for tasks to queue
[2025-06-20T14:52:35.535+0000] {logging_mixin.py:188} INFO - [2025-06-20T14:52:35.535+0000] {dagbag.py:540} INFO - Filling up the DagBag from /home/airflow/.local/lib/python3.12/site-packages/airflow/example_dags/tutorial.py
[2025-06-20T14:52:35.541+0000] {processor.py:840} INFO - DAG(s) 'tutorial' retrieved from /home/airflow/.local/lib/python3.12/site-packages/airflow/example_dags/tutorial.py
[2025-06-20T14:52:35.564+0000] {logging_mixin.py:188} INFO - [2025-06-20T14:52:35.564+0000] {dag.py:3096} INFO - Sync 1 DAGs
[2025-06-20T14:52:35.584+0000] {logging_mixin.py:188} INFO - [2025-06-20T14:52:35.584+0000] {dag.py:3954} INFO - Setting next_dagrun for tutorial to 2025-06-19 00:00:00+00:00, run_after=2025-06-20 00:00:00+00:00
[2025-06-20T14:52:35.600+0000] {processor.py:183} INFO - Processing /home/airflow/.local/lib/python3.12/site-packages/airflow/example_dags/tutorial.py took 0.074 seconds
[2025-06-20T14:53:05.692+0000] {processor.py:161} INFO - Started process (PID=2199) to work on /home/airflow/.local/lib/python3.12/site-packages/airflow/example_dags/tutorial.py
[2025-06-20T14:53:05.693+0000] {processor.py:830} INFO - Processing file /home/airflow/.local/lib/python3.12/site-packages/airflow/example_dags/tutorial.py for tasks to queue
[2025-06-20T14:53:05.695+0000] {logging_mixin.py:188} INFO - [2025-06-20T14:53:05.695+0000] {dagbag.py:540} INFO - Filling up the DagBag from /home/airflow/.local/lib/python3.12/site-packages/airflow/example_dags/tutorial.py
[2025-06-20T14:53:05.701+0000] {processor.py:840} INFO - DAG(s) 'tutorial' retrieved from /home/airflow/.local/lib/python3.12/site-packages/airflow/example_dags/tutorial.py
[2025-06-20T14:53:05.721+0000] {logging_mixin.py:188} INFO - [2025-06-20T14:53:05.720+0000] {dag.py:3096} INFO - Sync 1 DAGs
[2025-06-20T14:53:05.744+0000] {logging_mixin.py:188} INFO - [2025-06-20T14:53:05.744+0000] {dag.py:3954} INFO - Setting next_dagrun for tutorial to 2025-06-19 00:00:00+00:00, run_after=2025-06-20 00:00:00+00:00
[2025-06-20T14:53:05.759+0000] {processor.py:183} INFO - Processing /home/airflow/.local/lib/python3.12/site-packages/airflow/example_dags/tutorial.py took 0.074 seconds
[2025-06-20T14:53:35.996+0000] {processor.py:161} INFO - Started process (PID=2257) to work on /home/airflow/.local/lib/python3.12/site-packages/airflow/example_dags/tutorial.py
[2025-06-20T14:53:35.998+0000] {processor.py:830} INFO - Processing file /home/airflow/.local/lib/python3.12/site-packages/airflow/example_dags/tutorial.py for tasks to queue
[2025-06-20T14:53:36.002+0000] {logging_mixin.py:188} INFO - [2025-06-20T14:53:36.001+0000] {dagbag.py:540} INFO - Filling up the DagBag from /home/airflow/.local/lib/python3.12/site-packages/airflow/example_dags/tutorial.py
[2025-06-20T14:53:36.008+0000] {processor.py:840} INFO - DAG(s) 'tutorial' retrieved from /home/airflow/.local/lib/python3.12/site-packages/airflow/example_dags/tutorial.py
[2025-06-20T14:53:36.027+0000] {logging_mixin.py:188} INFO - [2025-06-20T14:53:36.027+0000] {dag.py:3096} INFO - Sync 1 DAGs
[2025-06-20T14:53:36.048+0000] {logging_mixin.py:188} INFO - [2025-06-20T14:53:36.048+0000] {dag.py:3954} INFO - Setting next_dagrun for tutorial to 2025-06-19 00:00:00+00:00, run_after=2025-06-20 00:00:00+00:00
[2025-06-20T14:53:36.065+0000] {processor.py:183} INFO - Processing /home/airflow/.local/lib/python3.12/site-packages/airflow/example_dags/tutorial.py took 0.076 seconds
[2025-06-20T14:54:06.953+0000] {processor.py:161} INFO - Started process (PID=2315) to work on /home/airflow/.local/lib/python3.12/site-packages/airflow/example_dags/tutorial.py
[2025-06-20T14:54:06.953+0000] {processor.py:830} INFO - Processing file /home/airflow/.local/lib/python3.12/site-packages/airflow/example_dags/tutorial.py for tasks to queue
[2025-06-20T14:54:06.955+0000] {logging_mixin.py:188} INFO - [2025-06-20T14:54:06.955+0000] {dagbag.py:540} INFO - Filling up the DagBag from /home/airflow/.local/lib/python3.12/site-packages/airflow/example_dags/tutorial.py
[2025-06-20T14:54:06.961+0000] {processor.py:840} INFO - DAG(s) 'tutorial' retrieved from /home/airflow/.local/lib/python3.12/site-packages/airflow/example_dags/tutorial.py
[2025-06-20T14:54:06.982+0000] {logging_mixin.py:188} INFO - [2025-06-20T14:54:06.982+0000] {dag.py:3096} INFO - Sync 1 DAGs
[2025-06-20T14:54:07.007+0000] {logging_mixin.py:188} INFO - [2025-06-20T14:54:07.007+0000] {dag.py:3954} INFO - Setting next_dagrun for tutorial to 2025-06-19 00:00:00+00:00, run_after=2025-06-20 00:00:00+00:00
[2025-06-20T14:54:07.024+0000] {processor.py:183} INFO - Processing /home/airflow/.local/lib/python3.12/site-packages/airflow/example_dags/tutorial.py took 0.078 seconds
[2025-06-20T14:54:38.014+0000] {processor.py:161} INFO - Started process (PID=2373) to work on /home/airflow/.local/lib/python3.12/site-packages/airflow/example_dags/tutorial.py
[2025-06-20T14:54:38.015+0000] {processor.py:830} INFO - Processing file /home/airflow/.local/lib/python3.12/site-packages/airflow/example_dags/tutorial.py for tasks to queue
[2025-06-20T14:54:38.016+0000] {logging_mixin.py:188} INFO - [2025-06-20T14:54:38.016+0000] {dagbag.py:540} INFO - Filling up the DagBag from /home/airflow/.local/lib/python3.12/site-packages/airflow/example_dags/tutorial.py
[2025-06-20T14:54:38.022+0000] {processor.py:840} INFO - DAG(s) 'tutorial' retrieved from /home/airflow/.local/lib/python3.12/site-packages/airflow/example_dags/tutorial.py
[2025-06-20T14:54:38.042+0000] {logging_mixin.py:188} INFO - [2025-06-20T14:54:38.042+0000] {dag.py:3096} INFO - Sync 1 DAGs
[2025-06-20T14:54:38.062+0000] {logging_mixin.py:188} INFO - [2025-06-20T14:54:38.062+0000] {dag.py:3954} INFO - Setting next_dagrun for tutorial to 2025-06-19 00:00:00+00:00, run_after=2025-06-20 00:00:00+00:00
[2025-06-20T14:54:38.078+0000] {processor.py:183} INFO - Processing /home/airflow/.local/lib/python3.12/site-packages/airflow/example_dags/tutorial.py took 0.070 seconds
[2025-06-20T14:55:08.138+0000] {processor.py:161} INFO - Started process (PID=2432) to work on /home/airflow/.local/lib/python3.12/site-packages/airflow/example_dags/tutorial.py
[2025-06-20T14:55:08.139+0000] {processor.py:830} INFO - Processing file /home/airflow/.local/lib/python3.12/site-packages/airflow/example_dags/tutorial.py for tasks to queue
[2025-06-20T14:55:08.141+0000] {logging_mixin.py:188} INFO - [2025-06-20T14:55:08.140+0000] {dagbag.py:540} INFO - Filling up the DagBag from /home/airflow/.local/lib/python3.12/site-packages/airflow/example_dags/tutorial.py
[2025-06-20T14:55:08.146+0000] {processor.py:840} INFO - DAG(s) 'tutorial' retrieved from /home/airflow/.local/lib/python3.12/site-packages/airflow/example_dags/tutorial.py
[2025-06-20T14:55:08.165+0000] {logging_mixin.py:188} INFO - [2025-06-20T14:55:08.165+0000] {dag.py:3096} INFO - Sync 1 DAGs
[2025-06-20T14:55:08.185+0000] {logging_mixin.py:188} INFO - [2025-06-20T14:55:08.184+0000] {dag.py:3954} INFO - Setting next_dagrun for tutorial to 2025-06-19 00:00:00+00:00, run_after=2025-06-20 00:00:00+00:00
[2025-06-20T14:55:08.200+0000] {processor.py:183} INFO - Processing /home/airflow/.local/lib/python3.12/site-packages/airflow/example_dags/tutorial.py took 0.068 seconds
[2025-06-20T14:55:38.411+0000] {processor.py:161} INFO - Started process (PID=2491) to work on /home/airflow/.local/lib/python3.12/site-packages/airflow/example_dags/tutorial.py
[2025-06-20T14:55:38.412+0000] {processor.py:830} INFO - Processing file /home/airflow/.local/lib/python3.12/site-packages/airflow/example_dags/tutorial.py for tasks to queue
[2025-06-20T14:55:38.414+0000] {logging_mixin.py:188} INFO - [2025-06-20T14:55:38.414+0000] {dagbag.py:540} INFO - Filling up the DagBag from /home/airflow/.local/lib/python3.12/site-packages/airflow/example_dags/tutorial.py
[2025-06-20T14:55:38.420+0000] {processor.py:840} INFO - DAG(s) 'tutorial' retrieved from /home/airflow/.local/lib/python3.12/site-packages/airflow/example_dags/tutorial.py
[2025-06-20T14:55:38.440+0000] {logging_mixin.py:188} INFO - [2025-06-20T14:55:38.440+0000] {dag.py:3096} INFO - Sync 1 DAGs
[2025-06-20T14:55:38.460+0000] {logging_mixin.py:188} INFO - [2025-06-20T14:55:38.460+0000] {dag.py:3954} INFO - Setting next_dagrun for tutorial to 2025-06-19 00:00:00+00:00, run_after=2025-06-20 00:00:00+00:00
[2025-06-20T14:55:38.475+0000] {processor.py:183} INFO - Processing /home/airflow/.local/lib/python3.12/site-packages/airflow/example_dags/tutorial.py took 0.071 seconds
[2025-06-20T14:56:08.840+0000] {processor.py:161} INFO - Started process (PID=2550) to work on /home/airflow/.local/lib/python3.12/site-packages/airflow/example_dags/tutorial.py
[2025-06-20T14:56:08.841+0000] {processor.py:830} INFO - Processing file /home/airflow/.local/lib/python3.12/site-packages/airflow/example_dags/tutorial.py for tasks to queue
[2025-06-20T14:56:08.842+0000] {logging_mixin.py:188} INFO - [2025-06-20T14:56:08.842+0000] {dagbag.py:540} INFO - Filling up the DagBag from /home/airflow/.local/lib/python3.12/site-packages/airflow/example_dags/tutorial.py
[2025-06-20T14:56:08.848+0000] {processor.py:840} INFO - DAG(s) 'tutorial' retrieved from /home/airflow/.local/lib/python3.12/site-packages/airflow/example_dags/tutorial.py
[2025-06-20T14:56:08.867+0000] {logging_mixin.py:188} INFO - [2025-06-20T14:56:08.867+0000] {dag.py:3096} INFO - Sync 1 DAGs
[2025-06-20T14:56:08.887+0000] {logging_mixin.py:188} INFO - [2025-06-20T14:56:08.887+0000] {dag.py:3954} INFO - Setting next_dagrun for tutorial to 2025-06-19 00:00:00+00:00, run_after=2025-06-20 00:00:00+00:00
[2025-06-20T14:56:08.902+0000] {processor.py:183} INFO - Processing /home/airflow/.local/lib/python3.12/site-packages/airflow/example_dags/tutorial.py took 0.068 seconds
[2025-06-20T14:56:38.995+0000] {processor.py:161} INFO - Started process (PID=2609) to work on /home/airflow/.local/lib/python3.12/site-packages/airflow/example_dags/tutorial.py
[2025-06-20T14:56:38.996+0000] {processor.py:830} INFO - Processing file /home/airflow/.local/lib/python3.12/site-packages/airflow/example_dags/tutorial.py for tasks to queue
[2025-06-20T14:56:38.997+0000] {logging_mixin.py:188} INFO - [2025-06-20T14:56:38.997+0000] {dagbag.py:540} INFO - Filling up the DagBag from /home/airflow/.local/lib/python3.12/site-packages/airflow/example_dags/tutorial.py
[2025-06-20T14:56:39.003+0000] {processor.py:840} INFO - DAG(s) 'tutorial' retrieved from /home/airflow/.local/lib/python3.12/site-packages/airflow/example_dags/tutorial.py
[2025-06-20T14:56:39.022+0000] {logging_mixin.py:188} INFO - [2025-06-20T14:56:39.021+0000] {dag.py:3096} INFO - Sync 1 DAGs
[2025-06-20T14:56:39.041+0000] {logging_mixin.py:188} INFO - [2025-06-20T14:56:39.041+0000] {dag.py:3954} INFO - Setting next_dagrun for tutorial to 2025-06-19 00:00:00+00:00, run_after=2025-06-20 00:00:00+00:00
[2025-06-20T14:56:39.057+0000] {processor.py:183} INFO - Processing /home/airflow/.local/lib/python3.12/site-packages/airflow/example_dags/tutorial.py took 0.068 seconds
[2025-06-20T14:57:09.227+0000] {processor.py:161} INFO - Started process (PID=2668) to work on /home/airflow/.local/lib/python3.12/site-packages/airflow/example_dags/tutorial.py
[2025-06-20T14:57:09.229+0000] {processor.py:830} INFO - Processing file /home/airflow/.local/lib/python3.12/site-packages/airflow/example_dags/tutorial.py for tasks to queue
[2025-06-20T14:57:09.231+0000] {logging_mixin.py:188} INFO - [2025-06-20T14:57:09.230+0000] {dagbag.py:540} INFO - Filling up the DagBag from /home/airflow/.local/lib/python3.12/site-packages/airflow/example_dags/tutorial.py
[2025-06-20T14:57:09.238+0000] {processor.py:840} INFO - DAG(s) 'tutorial' retrieved from /home/airflow/.local/lib/python3.12/site-packages/airflow/example_dags/tutorial.py
[2025-06-20T14:57:09.257+0000] {logging_mixin.py:188} INFO - [2025-06-20T14:57:09.257+0000] {dag.py:3096} INFO - Sync 1 DAGs
[2025-06-20T14:57:09.276+0000] {logging_mixin.py:188} INFO - [2025-06-20T14:57:09.276+0000] {dag.py:3954} INFO - Setting next_dagrun for tutorial to 2025-06-19 00:00:00+00:00, run_after=2025-06-20 00:00:00+00:00
[2025-06-20T14:57:09.291+0000] {processor.py:183} INFO - Processing /home/airflow/.local/lib/python3.12/site-packages/airflow/example_dags/tutorial.py took 0.071 seconds
[2025-06-20T14:57:39.474+0000] {processor.py:161} INFO - Started process (PID=2727) to work on /home/airflow/.local/lib/python3.12/site-packages/airflow/example_dags/tutorial.py
[2025-06-20T14:57:39.475+0000] {processor.py:830} INFO - Processing file /home/airflow/.local/lib/python3.12/site-packages/airflow/example_dags/tutorial.py for tasks to queue
[2025-06-20T14:57:39.476+0000] {logging_mixin.py:188} INFO - [2025-06-20T14:57:39.476+0000] {dagbag.py:540} INFO - Filling up the DagBag from /home/airflow/.local/lib/python3.12/site-packages/airflow/example_dags/tutorial.py
[2025-06-20T14:57:39.482+0000] {processor.py:840} INFO - DAG(s) 'tutorial' retrieved from /home/airflow/.local/lib/python3.12/site-packages/airflow/example_dags/tutorial.py
[2025-06-20T14:57:39.502+0000] {logging_mixin.py:188} INFO - [2025-06-20T14:57:39.502+0000] {dag.py:3096} INFO - Sync 1 DAGs
[2025-06-20T14:57:39.522+0000] {logging_mixin.py:188} INFO - [2025-06-20T14:57:39.522+0000] {dag.py:3954} INFO - Setting next_dagrun for tutorial to 2025-06-19 00:00:00+00:00, run_after=2025-06-20 00:00:00+00:00
[2025-06-20T14:57:39.538+0000] {processor.py:183} INFO - Processing /home/airflow/.local/lib/python3.12/site-packages/airflow/example_dags/tutorial.py took 0.070 seconds
[2025-06-20T14:58:09.658+0000] {processor.py:161} INFO - Started process (PID=2786) to work on /home/airflow/.local/lib/python3.12/site-packages/airflow/example_dags/tutorial.py
[2025-06-20T14:58:09.659+0000] {processor.py:830} INFO - Processing file /home/airflow/.local/lib/python3.12/site-packages/airflow/example_dags/tutorial.py for tasks to queue
[2025-06-20T14:58:09.661+0000] {logging_mixin.py:188} INFO - [2025-06-20T14:58:09.660+0000] {dagbag.py:540} INFO - Filling up the DagBag from /home/airflow/.local/lib/python3.12/site-packages/airflow/example_dags/tutorial.py
[2025-06-20T14:58:09.668+0000] {processor.py:840} INFO - DAG(s) 'tutorial' retrieved from /home/airflow/.local/lib/python3.12/site-packages/airflow/example_dags/tutorial.py
[2025-06-20T14:58:09.689+0000] {logging_mixin.py:188} INFO - [2025-06-20T14:58:09.689+0000] {dag.py:3096} INFO - Sync 1 DAGs
[2025-06-20T14:58:09.710+0000] {logging_mixin.py:188} INFO - [2025-06-20T14:58:09.710+0000] {dag.py:3954} INFO - Setting next_dagrun for tutorial to 2025-06-19 00:00:00+00:00, run_after=2025-06-20 00:00:00+00:00
[2025-06-20T14:58:09.726+0000] {processor.py:183} INFO - Processing /home/airflow/.local/lib/python3.12/site-packages/airflow/example_dags/tutorial.py took 0.075 seconds
[2025-06-20T14:58:39.800+0000] {processor.py:161} INFO - Started process (PID=2845) to work on /home/airflow/.local/lib/python3.12/site-packages/airflow/example_dags/tutorial.py
[2025-06-20T14:58:39.801+0000] {processor.py:830} INFO - Processing file /home/airflow/.local/lib/python3.12/site-packages/airflow/example_dags/tutorial.py for tasks to queue
[2025-06-20T14:58:39.803+0000] {logging_mixin.py:188} INFO - [2025-06-20T14:58:39.803+0000] {dagbag.py:540} INFO - Filling up the DagBag from /home/airflow/.local/lib/python3.12/site-packages/airflow/example_dags/tutorial.py
[2025-06-20T14:58:39.809+0000] {processor.py:840} INFO - DAG(s) 'tutorial' retrieved from /home/airflow/.local/lib/python3.12/site-packages/airflow/example_dags/tutorial.py
[2025-06-20T14:58:39.827+0000] {logging_mixin.py:188} INFO - [2025-06-20T14:58:39.827+0000] {dag.py:3096} INFO - Sync 1 DAGs
[2025-06-20T14:58:39.847+0000] {logging_mixin.py:188} INFO - [2025-06-20T14:58:39.847+0000] {dag.py:3954} INFO - Setting next_dagrun for tutorial to 2025-06-19 00:00:00+00:00, run_after=2025-06-20 00:00:00+00:00
[2025-06-20T14:58:39.862+0000] {processor.py:183} INFO - Processing /home/airflow/.local/lib/python3.12/site-packages/airflow/example_dags/tutorial.py took 0.068 seconds
[2025-06-20T14:59:10.103+0000] {processor.py:161} INFO - Started process (PID=2904) to work on /home/airflow/.local/lib/python3.12/site-packages/airflow/example_dags/tutorial.py
[2025-06-20T14:59:10.104+0000] {processor.py:830} INFO - Processing file /home/airflow/.local/lib/python3.12/site-packages/airflow/example_dags/tutorial.py for tasks to queue
[2025-06-20T14:59:10.105+0000] {logging_mixin.py:188} INFO - [2025-06-20T14:59:10.105+0000] {dagbag.py:540} INFO - Filling up the DagBag from /home/airflow/.local/lib/python3.12/site-packages/airflow/example_dags/tutorial.py
[2025-06-20T14:59:10.111+0000] {processor.py:840} INFO - DAG(s) 'tutorial' retrieved from /home/airflow/.local/lib/python3.12/site-packages/airflow/example_dags/tutorial.py
[2025-06-20T14:59:10.130+0000] {logging_mixin.py:188} INFO - [2025-06-20T14:59:10.130+0000] {dag.py:3096} INFO - Sync 1 DAGs
[2025-06-20T14:59:10.150+0000] {logging_mixin.py:188} INFO - [2025-06-20T14:59:10.149+0000] {dag.py:3954} INFO - Setting next_dagrun for tutorial to 2025-06-19 00:00:00+00:00, run_after=2025-06-20 00:00:00+00:00
[2025-06-20T14:59:10.165+0000] {processor.py:183} INFO - Processing /home/airflow/.local/lib/python3.12/site-packages/airflow/example_dags/tutorial.py took 0.068 seconds
[2025-06-20T14:59:40.491+0000] {processor.py:161} INFO - Started process (PID=2963) to work on /home/airflow/.local/lib/python3.12/site-packages/airflow/example_dags/tutorial.py
[2025-06-20T14:59:40.492+0000] {processor.py:830} INFO - Processing file /home/airflow/.local/lib/python3.12/site-packages/airflow/example_dags/tutorial.py for tasks to queue
[2025-06-20T14:59:40.494+0000] {logging_mixin.py:188} INFO - [2025-06-20T14:59:40.494+0000] {dagbag.py:540} INFO - Filling up the DagBag from /home/airflow/.local/lib/python3.12/site-packages/airflow/example_dags/tutorial.py
[2025-06-20T14:59:40.500+0000] {processor.py:840} INFO - DAG(s) 'tutorial' retrieved from /home/airflow/.local/lib/python3.12/site-packages/airflow/example_dags/tutorial.py
[2025-06-20T14:59:40.519+0000] {logging_mixin.py:188} INFO - [2025-06-20T14:59:40.519+0000] {dag.py:3096} INFO - Sync 1 DAGs
[2025-06-20T14:59:40.540+0000] {logging_mixin.py:188} INFO - [2025-06-20T14:59:40.540+0000] {dag.py:3954} INFO - Setting next_dagrun for tutorial to 2025-06-19 00:00:00+00:00, run_after=2025-06-20 00:00:00+00:00
[2025-06-20T14:59:40.556+0000] {processor.py:183} INFO - Processing /home/airflow/.local/lib/python3.12/site-packages/airflow/example_dags/tutorial.py took 0.071 seconds
[2025-06-20T15:00:10.938+0000] {processor.py:161} INFO - Started process (PID=3022) to work on /home/airflow/.local/lib/python3.12/site-packages/airflow/example_dags/tutorial.py
[2025-06-20T15:00:10.939+0000] {processor.py:830} INFO - Processing file /home/airflow/.local/lib/python3.12/site-packages/airflow/example_dags/tutorial.py for tasks to queue
[2025-06-20T15:00:10.941+0000] {logging_mixin.py:188} INFO - [2025-06-20T15:00:10.940+0000] {dagbag.py:540} INFO - Filling up the DagBag from /home/airflow/.local/lib/python3.12/site-packages/airflow/example_dags/tutorial.py
[2025-06-20T15:00:10.947+0000] {processor.py:840} INFO - DAG(s) 'tutorial' retrieved from /home/airflow/.local/lib/python3.12/site-packages/airflow/example_dags/tutorial.py
[2025-06-20T15:00:10.967+0000] {logging_mixin.py:188} INFO - [2025-06-20T15:00:10.966+0000] {dag.py:3096} INFO - Sync 1 DAGs
[2025-06-20T15:00:10.986+0000] {logging_mixin.py:188} INFO - [2025-06-20T15:00:10.986+0000] {dag.py:3954} INFO - Setting next_dagrun for tutorial to 2025-06-19 00:00:00+00:00, run_after=2025-06-20 00:00:00+00:00
[2025-06-20T15:00:11.002+0000] {processor.py:183} INFO - Processing /home/airflow/.local/lib/python3.12/site-packages/airflow/example_dags/tutorial.py took 0.071 seconds
[2025-06-20T15:00:41.272+0000] {processor.py:161} INFO - Started process (PID=3081) to work on /home/airflow/.local/lib/python3.12/site-packages/airflow/example_dags/tutorial.py
[2025-06-20T15:00:41.273+0000] {processor.py:830} INFO - Processing file /home/airflow/.local/lib/python3.12/site-packages/airflow/example_dags/tutorial.py for tasks to queue
[2025-06-20T15:00:41.275+0000] {logging_mixin.py:188} INFO - [2025-06-20T15:00:41.275+0000] {dagbag.py:540} INFO - Filling up the DagBag from /home/airflow/.local/lib/python3.12/site-packages/airflow/example_dags/tutorial.py
[2025-06-20T15:00:41.281+0000] {processor.py:840} INFO - DAG(s) 'tutorial' retrieved from /home/airflow/.local/lib/python3.12/site-packages/airflow/example_dags/tutorial.py
[2025-06-20T15:00:41.302+0000] {logging_mixin.py:188} INFO - [2025-06-20T15:00:41.302+0000] {dag.py:3096} INFO - Sync 1 DAGs
[2025-06-20T15:00:41.325+0000] {logging_mixin.py:188} INFO - [2025-06-20T15:00:41.325+0000] {dag.py:3954} INFO - Setting next_dagrun for tutorial to 2025-06-19 00:00:00+00:00, run_after=2025-06-20 00:00:00+00:00
[2025-06-20T15:00:41.341+0000] {processor.py:183} INFO - Processing /home/airflow/.local/lib/python3.12/site-packages/airflow/example_dags/tutorial.py took 0.075 seconds
[2025-06-20T15:01:11.554+0000] {processor.py:161} INFO - Started process (PID=3140) to work on /home/airflow/.local/lib/python3.12/site-packages/airflow/example_dags/tutorial.py
[2025-06-20T15:01:11.555+0000] {processor.py:830} INFO - Processing file /home/airflow/.local/lib/python3.12/site-packages/airflow/example_dags/tutorial.py for tasks to queue
[2025-06-20T15:01:11.557+0000] {logging_mixin.py:188} INFO - [2025-06-20T15:01:11.556+0000] {dagbag.py:540} INFO - Filling up the DagBag from /home/airflow/.local/lib/python3.12/site-packages/airflow/example_dags/tutorial.py
[2025-06-20T15:01:11.563+0000] {processor.py:840} INFO - DAG(s) 'tutorial' retrieved from /home/airflow/.local/lib/python3.12/site-packages/airflow/example_dags/tutorial.py
[2025-06-20T15:01:11.582+0000] {logging_mixin.py:188} INFO - [2025-06-20T15:01:11.582+0000] {dag.py:3096} INFO - Sync 1 DAGs
[2025-06-20T15:01:11.601+0000] {logging_mixin.py:188} INFO - [2025-06-20T15:01:11.601+0000] {dag.py:3954} INFO - Setting next_dagrun for tutorial to 2025-06-19 00:00:00+00:00, run_after=2025-06-20 00:00:00+00:00
[2025-06-20T15:01:11.617+0000] {processor.py:183} INFO - Processing /home/airflow/.local/lib/python3.12/site-packages/airflow/example_dags/tutorial.py took 0.070 seconds
[2025-06-20T15:01:42.311+0000] {processor.py:161} INFO - Started process (PID=3197) to work on /home/airflow/.local/lib/python3.12/site-packages/airflow/example_dags/tutorial.py
[2025-06-20T15:01:42.312+0000] {processor.py:830} INFO - Processing file /home/airflow/.local/lib/python3.12/site-packages/airflow/example_dags/tutorial.py for tasks to queue
[2025-06-20T15:01:42.314+0000] {logging_mixin.py:188} INFO - [2025-06-20T15:01:42.313+0000] {dagbag.py:540} INFO - Filling up the DagBag from /home/airflow/.local/lib/python3.12/site-packages/airflow/example_dags/tutorial.py
[2025-06-20T15:01:42.319+0000] {processor.py:840} INFO - DAG(s) 'tutorial' retrieved from /home/airflow/.local/lib/python3.12/site-packages/airflow/example_dags/tutorial.py
[2025-06-20T15:01:42.339+0000] {logging_mixin.py:188} INFO - [2025-06-20T15:01:42.338+0000] {dag.py:3096} INFO - Sync 1 DAGs
[2025-06-20T15:01:42.360+0000] {logging_mixin.py:188} INFO - [2025-06-20T15:01:42.359+0000] {dag.py:3954} INFO - Setting next_dagrun for tutorial to 2025-06-19 00:00:00+00:00, run_after=2025-06-20 00:00:00+00:00
[2025-06-20T15:01:42.375+0000] {processor.py:183} INFO - Processing /home/airflow/.local/lib/python3.12/site-packages/airflow/example_dags/tutorial.py took 0.070 seconds
[2025-06-20T15:02:13.003+0000] {processor.py:161} INFO - Started process (PID=3256) to work on /home/airflow/.local/lib/python3.12/site-packages/airflow/example_dags/tutorial.py
[2025-06-20T15:02:13.004+0000] {processor.py:830} INFO - Processing file /home/airflow/.local/lib/python3.12/site-packages/airflow/example_dags/tutorial.py for tasks to queue
[2025-06-20T15:02:13.005+0000] {logging_mixin.py:188} INFO - [2025-06-20T15:02:13.005+0000] {dagbag.py:540} INFO - Filling up the DagBag from /home/airflow/.local/lib/python3.12/site-packages/airflow/example_dags/tutorial.py
[2025-06-20T15:02:13.011+0000] {processor.py:840} INFO - DAG(s) 'tutorial' retrieved from /home/airflow/.local/lib/python3.12/site-packages/airflow/example_dags/tutorial.py
[2025-06-20T15:02:13.030+0000] {logging_mixin.py:188} INFO - [2025-06-20T15:02:13.030+0000] {dag.py:3096} INFO - Sync 1 DAGs
[2025-06-20T15:02:13.050+0000] {logging_mixin.py:188} INFO - [2025-06-20T15:02:13.050+0000] {dag.py:3954} INFO - Setting next_dagrun for tutorial to 2025-06-19 00:00:00+00:00, run_after=2025-06-20 00:00:00+00:00
[2025-06-20T15:02:13.065+0000] {processor.py:183} INFO - Processing /home/airflow/.local/lib/python3.12/site-packages/airflow/example_dags/tutorial.py took 0.068 seconds
[2025-06-20T15:02:43.681+0000] {processor.py:161} INFO - Started process (PID=3315) to work on /home/airflow/.local/lib/python3.12/site-packages/airflow/example_dags/tutorial.py
[2025-06-20T15:02:43.682+0000] {processor.py:830} INFO - Processing file /home/airflow/.local/lib/python3.12/site-packages/airflow/example_dags/tutorial.py for tasks to queue
[2025-06-20T15:02:43.684+0000] {logging_mixin.py:188} INFO - [2025-06-20T15:02:43.684+0000] {dagbag.py:540} INFO - Filling up the DagBag from /home/airflow/.local/lib/python3.12/site-packages/airflow/example_dags/tutorial.py
[2025-06-20T15:02:43.690+0000] {processor.py:840} INFO - DAG(s) 'tutorial' retrieved from /home/airflow/.local/lib/python3.12/site-packages/airflow/example_dags/tutorial.py
[2025-06-20T15:02:43.709+0000] {logging_mixin.py:188} INFO - [2025-06-20T15:02:43.709+0000] {dag.py:3096} INFO - Sync 1 DAGs
[2025-06-20T15:02:43.729+0000] {logging_mixin.py:188} INFO - [2025-06-20T15:02:43.729+0000] {dag.py:3954} INFO - Setting next_dagrun for tutorial to 2025-06-19 00:00:00+00:00, run_after=2025-06-20 00:00:00+00:00
[2025-06-20T15:02:43.744+0000] {processor.py:183} INFO - Processing /home/airflow/.local/lib/python3.12/site-packages/airflow/example_dags/tutorial.py took 0.069 seconds
[2025-06-20T15:03:14.334+0000] {processor.py:161} INFO - Started process (PID=3374) to work on /home/airflow/.local/lib/python3.12/site-packages/airflow/example_dags/tutorial.py
[2025-06-20T15:03:14.335+0000] {processor.py:830} INFO - Processing file /home/airflow/.local/lib/python3.12/site-packages/airflow/example_dags/tutorial.py for tasks to queue
[2025-06-20T15:03:14.337+0000] {logging_mixin.py:188} INFO - [2025-06-20T15:03:14.336+0000] {dagbag.py:540} INFO - Filling up the DagBag from /home/airflow/.local/lib/python3.12/site-packages/airflow/example_dags/tutorial.py
[2025-06-20T15:03:14.342+0000] {processor.py:840} INFO - DAG(s) 'tutorial' retrieved from /home/airflow/.local/lib/python3.12/site-packages/airflow/example_dags/tutorial.py
[2025-06-20T15:03:14.361+0000] {logging_mixin.py:188} INFO - [2025-06-20T15:03:14.361+0000] {dag.py:3096} INFO - Sync 1 DAGs
[2025-06-20T15:03:14.382+0000] {logging_mixin.py:188} INFO - [2025-06-20T15:03:14.382+0000] {dag.py:3954} INFO - Setting next_dagrun for tutorial to 2025-06-19 00:00:00+00:00, run_after=2025-06-20 00:00:00+00:00
[2025-06-20T15:03:14.458+0000] {processor.py:183} INFO - Processing /home/airflow/.local/lib/python3.12/site-packages/airflow/example_dags/tutorial.py took 0.131 seconds
[2025-06-20T15:03:45.489+0000] {processor.py:161} INFO - Started process (PID=3433) to work on /home/airflow/.local/lib/python3.12/site-packages/airflow/example_dags/tutorial.py
[2025-06-20T15:03:45.490+0000] {processor.py:830} INFO - Processing file /home/airflow/.local/lib/python3.12/site-packages/airflow/example_dags/tutorial.py for tasks to queue
[2025-06-20T15:03:45.492+0000] {logging_mixin.py:188} INFO - [2025-06-20T15:03:45.491+0000] {dagbag.py:540} INFO - Filling up the DagBag from /home/airflow/.local/lib/python3.12/site-packages/airflow/example_dags/tutorial.py
[2025-06-20T15:03:45.498+0000] {processor.py:840} INFO - DAG(s) 'tutorial' retrieved from /home/airflow/.local/lib/python3.12/site-packages/airflow/example_dags/tutorial.py
[2025-06-20T15:03:45.518+0000] {logging_mixin.py:188} INFO - [2025-06-20T15:03:45.518+0000] {dag.py:3096} INFO - Sync 1 DAGs
[2025-06-20T15:03:45.539+0000] {logging_mixin.py:188} INFO - [2025-06-20T15:03:45.539+0000] {dag.py:3954} INFO - Setting next_dagrun for tutorial to 2025-06-19 00:00:00+00:00, run_after=2025-06-20 00:00:00+00:00
[2025-06-20T15:03:45.557+0000] {processor.py:183} INFO - Processing /home/airflow/.local/lib/python3.12/site-packages/airflow/example_dags/tutorial.py took 0.074 seconds
[2025-06-20T15:04:15.681+0000] {processor.py:161} INFO - Started process (PID=3492) to work on /home/airflow/.local/lib/python3.12/site-packages/airflow/example_dags/tutorial.py
[2025-06-20T15:04:15.682+0000] {processor.py:830} INFO - Processing file /home/airflow/.local/lib/python3.12/site-packages/airflow/example_dags/tutorial.py for tasks to queue
[2025-06-20T15:04:15.684+0000] {logging_mixin.py:188} INFO - [2025-06-20T15:04:15.684+0000] {dagbag.py:540} INFO - Filling up the DagBag from /home/airflow/.local/lib/python3.12/site-packages/airflow/example_dags/tutorial.py
[2025-06-20T15:04:15.690+0000] {processor.py:840} INFO - DAG(s) 'tutorial' retrieved from /home/airflow/.local/lib/python3.12/site-packages/airflow/example_dags/tutorial.py
[2025-06-20T15:04:15.712+0000] {logging_mixin.py:188} INFO - [2025-06-20T15:04:15.712+0000] {dag.py:3096} INFO - Sync 1 DAGs
[2025-06-20T15:04:15.732+0000] {logging_mixin.py:188} INFO - [2025-06-20T15:04:15.732+0000] {dag.py:3954} INFO - Setting next_dagrun for tutorial to 2025-06-19 00:00:00+00:00, run_after=2025-06-20 00:00:00+00:00
[2025-06-20T15:04:15.748+0000] {processor.py:183} INFO - Processing /home/airflow/.local/lib/python3.12/site-packages/airflow/example_dags/tutorial.py took 0.072 seconds
[2025-06-20T15:04:46.432+0000] {processor.py:161} INFO - Started process (PID=3551) to work on /home/airflow/.local/lib/python3.12/site-packages/airflow/example_dags/tutorial.py
[2025-06-20T15:04:46.433+0000] {processor.py:830} INFO - Processing file /home/airflow/.local/lib/python3.12/site-packages/airflow/example_dags/tutorial.py for tasks to queue
[2025-06-20T15:04:46.436+0000] {logging_mixin.py:188} INFO - [2025-06-20T15:04:46.435+0000] {dagbag.py:540} INFO - Filling up the DagBag from /home/airflow/.local/lib/python3.12/site-packages/airflow/example_dags/tutorial.py
[2025-06-20T15:04:46.442+0000] {processor.py:840} INFO - DAG(s) 'tutorial' retrieved from /home/airflow/.local/lib/python3.12/site-packages/airflow/example_dags/tutorial.py
[2025-06-20T15:04:46.460+0000] {logging_mixin.py:188} INFO - [2025-06-20T15:04:46.460+0000] {dag.py:3096} INFO - Sync 1 DAGs
[2025-06-20T15:04:46.480+0000] {logging_mixin.py:188} INFO - [2025-06-20T15:04:46.479+0000] {dag.py:3954} INFO - Setting next_dagrun for tutorial to 2025-06-19 00:00:00+00:00, run_after=2025-06-20 00:00:00+00:00
[2025-06-20T15:04:46.495+0000] {processor.py:183} INFO - Processing /home/airflow/.local/lib/python3.12/site-packages/airflow/example_dags/tutorial.py took 0.069 seconds
[2025-06-20T15:05:16.720+0000] {processor.py:161} INFO - Started process (PID=3610) to work on /home/airflow/.local/lib/python3.12/site-packages/airflow/example_dags/tutorial.py
[2025-06-20T15:05:16.720+0000] {processor.py:830} INFO - Processing file /home/airflow/.local/lib/python3.12/site-packages/airflow/example_dags/tutorial.py for tasks to queue
[2025-06-20T15:05:16.722+0000] {logging_mixin.py:188} INFO - [2025-06-20T15:05:16.722+0000] {dagbag.py:540} INFO - Filling up the DagBag from /home/airflow/.local/lib/python3.12/site-packages/airflow/example_dags/tutorial.py
[2025-06-20T15:05:16.728+0000] {processor.py:840} INFO - DAG(s) 'tutorial' retrieved from /home/airflow/.local/lib/python3.12/site-packages/airflow/example_dags/tutorial.py
[2025-06-20T15:05:16.747+0000] {logging_mixin.py:188} INFO - [2025-06-20T15:05:16.747+0000] {dag.py:3096} INFO - Sync 1 DAGs
[2025-06-20T15:05:16.766+0000] {logging_mixin.py:188} INFO - [2025-06-20T15:05:16.766+0000] {dag.py:3954} INFO - Setting next_dagrun for tutorial to 2025-06-19 00:00:00+00:00, run_after=2025-06-20 00:00:00+00:00
[2025-06-20T15:05:16.782+0000] {processor.py:183} INFO - Processing /home/airflow/.local/lib/python3.12/site-packages/airflow/example_dags/tutorial.py took 0.068 seconds
[2025-06-20T15:05:46.988+0000] {processor.py:161} INFO - Started process (PID=3669) to work on /home/airflow/.local/lib/python3.12/site-packages/airflow/example_dags/tutorial.py
[2025-06-20T15:05:46.989+0000] {processor.py:830} INFO - Processing file /home/airflow/.local/lib/python3.12/site-packages/airflow/example_dags/tutorial.py for tasks to queue
[2025-06-20T15:05:46.991+0000] {logging_mixin.py:188} INFO - [2025-06-20T15:05:46.990+0000] {dagbag.py:540} INFO - Filling up the DagBag from /home/airflow/.local/lib/python3.12/site-packages/airflow/example_dags/tutorial.py
[2025-06-20T15:05:46.997+0000] {processor.py:840} INFO - DAG(s) 'tutorial' retrieved from /home/airflow/.local/lib/python3.12/site-packages/airflow/example_dags/tutorial.py
[2025-06-20T15:05:47.017+0000] {logging_mixin.py:188} INFO - [2025-06-20T15:05:47.017+0000] {dag.py:3096} INFO - Sync 1 DAGs
[2025-06-20T15:05:47.039+0000] {logging_mixin.py:188} INFO - [2025-06-20T15:05:47.039+0000] {dag.py:3954} INFO - Setting next_dagrun for tutorial to 2025-06-19 00:00:00+00:00, run_after=2025-06-20 00:00:00+00:00
[2025-06-20T15:05:47.056+0000] {processor.py:183} INFO - Processing /home/airflow/.local/lib/python3.12/site-packages/airflow/example_dags/tutorial.py took 0.075 seconds
[2025-06-20T15:06:17.228+0000] {processor.py:161} INFO - Started process (PID=3728) to work on /home/airflow/.local/lib/python3.12/site-packages/airflow/example_dags/tutorial.py
[2025-06-20T15:06:17.229+0000] {processor.py:830} INFO - Processing file /home/airflow/.local/lib/python3.12/site-packages/airflow/example_dags/tutorial.py for tasks to queue
[2025-06-20T15:06:17.231+0000] {logging_mixin.py:188} INFO - [2025-06-20T15:06:17.231+0000] {dagbag.py:540} INFO - Filling up the DagBag from /home/airflow/.local/lib/python3.12/site-packages/airflow/example_dags/tutorial.py
[2025-06-20T15:06:17.237+0000] {processor.py:840} INFO - DAG(s) 'tutorial' retrieved from /home/airflow/.local/lib/python3.12/site-packages/airflow/example_dags/tutorial.py
[2025-06-20T15:06:17.256+0000] {logging_mixin.py:188} INFO - [2025-06-20T15:06:17.256+0000] {dag.py:3096} INFO - Sync 1 DAGs
[2025-06-20T15:06:17.276+0000] {logging_mixin.py:188} INFO - [2025-06-20T15:06:17.275+0000] {dag.py:3954} INFO - Setting next_dagrun for tutorial to 2025-06-19 00:00:00+00:00, run_after=2025-06-20 00:00:00+00:00
[2025-06-20T15:06:17.292+0000] {processor.py:183} INFO - Processing /home/airflow/.local/lib/python3.12/site-packages/airflow/example_dags/tutorial.py took 0.070 seconds
[2025-06-20T15:06:47.564+0000] {processor.py:161} INFO - Started process (PID=3787) to work on /home/airflow/.local/lib/python3.12/site-packages/airflow/example_dags/tutorial.py
[2025-06-20T15:06:47.565+0000] {processor.py:830} INFO - Processing file /home/airflow/.local/lib/python3.12/site-packages/airflow/example_dags/tutorial.py for tasks to queue
[2025-06-20T15:06:47.568+0000] {logging_mixin.py:188} INFO - [2025-06-20T15:06:47.567+0000] {dagbag.py:540} INFO - Filling up the DagBag from /home/airflow/.local/lib/python3.12/site-packages/airflow/example_dags/tutorial.py
[2025-06-20T15:06:47.574+0000] {processor.py:840} INFO - DAG(s) 'tutorial' retrieved from /home/airflow/.local/lib/python3.12/site-packages/airflow/example_dags/tutorial.py
[2025-06-20T15:06:47.593+0000] {logging_mixin.py:188} INFO - [2025-06-20T15:06:47.593+0000] {dag.py:3096} INFO - Sync 1 DAGs
[2025-06-20T15:06:47.615+0000] {logging_mixin.py:188} INFO - [2025-06-20T15:06:47.615+0000] {dag.py:3954} INFO - Setting next_dagrun for tutorial to 2025-06-19 00:00:00+00:00, run_after=2025-06-20 00:00:00+00:00
[2025-06-20T15:06:47.631+0000] {processor.py:183} INFO - Processing /home/airflow/.local/lib/python3.12/site-packages/airflow/example_dags/tutorial.py took 0.075 seconds
[2025-06-20T15:07:17.819+0000] {processor.py:161} INFO - Started process (PID=3846) to work on /home/airflow/.local/lib/python3.12/site-packages/airflow/example_dags/tutorial.py
[2025-06-20T15:07:17.820+0000] {processor.py:830} INFO - Processing file /home/airflow/.local/lib/python3.12/site-packages/airflow/example_dags/tutorial.py for tasks to queue
[2025-06-20T15:07:17.822+0000] {logging_mixin.py:188} INFO - [2025-06-20T15:07:17.822+0000] {dagbag.py:540} INFO - Filling up the DagBag from /home/airflow/.local/lib/python3.12/site-packages/airflow/example_dags/tutorial.py
[2025-06-20T15:07:17.828+0000] {processor.py:840} INFO - DAG(s) 'tutorial' retrieved from /home/airflow/.local/lib/python3.12/site-packages/airflow/example_dags/tutorial.py
[2025-06-20T15:07:17.849+0000] {logging_mixin.py:188} INFO - [2025-06-20T15:07:17.849+0000] {dag.py:3096} INFO - Sync 1 DAGs
[2025-06-20T15:07:17.870+0000] {logging_mixin.py:188} INFO - [2025-06-20T15:07:17.870+0000] {dag.py:3954} INFO - Setting next_dagrun for tutorial to 2025-06-19 00:00:00+00:00, run_after=2025-06-20 00:00:00+00:00
[2025-06-20T15:07:17.886+0000] {processor.py:183} INFO - Processing /home/airflow/.local/lib/python3.12/site-packages/airflow/example_dags/tutorial.py took 0.073 seconds
[2025-06-20T15:07:48.055+0000] {processor.py:161} INFO - Started process (PID=3905) to work on /home/airflow/.local/lib/python3.12/site-packages/airflow/example_dags/tutorial.py
[2025-06-20T15:07:48.056+0000] {processor.py:830} INFO - Processing file /home/airflow/.local/lib/python3.12/site-packages/airflow/example_dags/tutorial.py for tasks to queue
[2025-06-20T15:07:48.058+0000] {logging_mixin.py:188} INFO - [2025-06-20T15:07:48.058+0000] {dagbag.py:540} INFO - Filling up the DagBag from /home/airflow/.local/lib/python3.12/site-packages/airflow/example_dags/tutorial.py
[2025-06-20T15:07:48.065+0000] {processor.py:840} INFO - DAG(s) 'tutorial' retrieved from /home/airflow/.local/lib/python3.12/site-packages/airflow/example_dags/tutorial.py
[2025-06-20T15:07:48.084+0000] {logging_mixin.py:188} INFO - [2025-06-20T15:07:48.084+0000] {dag.py:3096} INFO - Sync 1 DAGs
[2025-06-20T15:07:48.108+0000] {logging_mixin.py:188} INFO - [2025-06-20T15:07:48.108+0000] {dag.py:3954} INFO - Setting next_dagrun for tutorial to 2025-06-19 00:00:00+00:00, run_after=2025-06-20 00:00:00+00:00
[2025-06-20T15:07:48.126+0000] {processor.py:183} INFO - Processing /home/airflow/.local/lib/python3.12/site-packages/airflow/example_dags/tutorial.py took 0.078 seconds
[2025-06-20T15:08:18.468+0000] {processor.py:161} INFO - Started process (PID=3964) to work on /home/airflow/.local/lib/python3.12/site-packages/airflow/example_dags/tutorial.py
[2025-06-20T15:08:18.469+0000] {processor.py:830} INFO - Processing file /home/airflow/.local/lib/python3.12/site-packages/airflow/example_dags/tutorial.py for tasks to queue
[2025-06-20T15:08:18.471+0000] {logging_mixin.py:188} INFO - [2025-06-20T15:08:18.471+0000] {dagbag.py:540} INFO - Filling up the DagBag from /home/airflow/.local/lib/python3.12/site-packages/airflow/example_dags/tutorial.py
[2025-06-20T15:08:18.478+0000] {processor.py:840} INFO - DAG(s) 'tutorial' retrieved from /home/airflow/.local/lib/python3.12/site-packages/airflow/example_dags/tutorial.py
[2025-06-20T15:08:18.499+0000] {logging_mixin.py:188} INFO - [2025-06-20T15:08:18.499+0000] {dag.py:3096} INFO - Sync 1 DAGs
[2025-06-20T15:08:18.524+0000] {logging_mixin.py:188} INFO - [2025-06-20T15:08:18.523+0000] {dag.py:3954} INFO - Setting next_dagrun for tutorial to 2025-06-19 00:00:00+00:00, run_after=2025-06-20 00:00:00+00:00
[2025-06-20T15:08:18.543+0000] {processor.py:183} INFO - Processing /home/airflow/.local/lib/python3.12/site-packages/airflow/example_dags/tutorial.py took 0.082 seconds
[2025-06-20T15:08:49.400+0000] {processor.py:161} INFO - Started process (PID=4023) to work on /home/airflow/.local/lib/python3.12/site-packages/airflow/example_dags/tutorial.py
[2025-06-20T15:08:49.401+0000] {processor.py:830} INFO - Processing file /home/airflow/.local/lib/python3.12/site-packages/airflow/example_dags/tutorial.py for tasks to queue
[2025-06-20T15:08:49.404+0000] {logging_mixin.py:188} INFO - [2025-06-20T15:08:49.404+0000] {dagbag.py:540} INFO - Filling up the DagBag from /home/airflow/.local/lib/python3.12/site-packages/airflow/example_dags/tutorial.py
[2025-06-20T15:08:49.413+0000] {processor.py:840} INFO - DAG(s) 'tutorial' retrieved from /home/airflow/.local/lib/python3.12/site-packages/airflow/example_dags/tutorial.py
[2025-06-20T15:08:49.434+0000] {logging_mixin.py:188} INFO - [2025-06-20T15:08:49.434+0000] {dag.py:3096} INFO - Sync 1 DAGs
[2025-06-20T15:08:49.454+0000] {logging_mixin.py:188} INFO - [2025-06-20T15:08:49.454+0000] {dag.py:3954} INFO - Setting next_dagrun for tutorial to 2025-06-19 00:00:00+00:00, run_after=2025-06-20 00:00:00+00:00
[2025-06-20T15:08:49.471+0000] {processor.py:183} INFO - Processing /home/airflow/.local/lib/python3.12/site-packages/airflow/example_dags/tutorial.py took 0.077 seconds
[2025-06-20T15:09:19.576+0000] {processor.py:161} INFO - Started process (PID=4082) to work on /home/airflow/.local/lib/python3.12/site-packages/airflow/example_dags/tutorial.py
[2025-06-20T15:09:19.577+0000] {processor.py:830} INFO - Processing file /home/airflow/.local/lib/python3.12/site-packages/airflow/example_dags/tutorial.py for tasks to queue
[2025-06-20T15:09:19.579+0000] {logging_mixin.py:188} INFO - [2025-06-20T15:09:19.579+0000] {dagbag.py:540} INFO - Filling up the DagBag from /home/airflow/.local/lib/python3.12/site-packages/airflow/example_dags/tutorial.py
[2025-06-20T15:09:19.585+0000] {processor.py:840} INFO - DAG(s) 'tutorial' retrieved from /home/airflow/.local/lib/python3.12/site-packages/airflow/example_dags/tutorial.py
[2025-06-20T15:09:19.604+0000] {logging_mixin.py:188} INFO - [2025-06-20T15:09:19.603+0000] {dag.py:3096} INFO - Sync 1 DAGs
[2025-06-20T15:09:19.623+0000] {logging_mixin.py:188} INFO - [2025-06-20T15:09:19.623+0000] {dag.py:3954} INFO - Setting next_dagrun for tutorial to 2025-06-19 00:00:00+00:00, run_after=2025-06-20 00:00:00+00:00
[2025-06-20T15:09:19.639+0000] {processor.py:183} INFO - Processing /home/airflow/.local/lib/python3.12/site-packages/airflow/example_dags/tutorial.py took 0.070 seconds
[2025-06-20T15:09:49.778+0000] {processor.py:161} INFO - Started process (PID=4141) to work on /home/airflow/.local/lib/python3.12/site-packages/airflow/example_dags/tutorial.py
[2025-06-20T15:09:49.778+0000] {processor.py:830} INFO - Processing file /home/airflow/.local/lib/python3.12/site-packages/airflow/example_dags/tutorial.py for tasks to queue
[2025-06-20T15:09:49.780+0000] {logging_mixin.py:188} INFO - [2025-06-20T15:09:49.780+0000] {dagbag.py:540} INFO - Filling up the DagBag from /home/airflow/.local/lib/python3.12/site-packages/airflow/example_dags/tutorial.py
[2025-06-20T15:09:49.786+0000] {processor.py:840} INFO - DAG(s) 'tutorial' retrieved from /home/airflow/.local/lib/python3.12/site-packages/airflow/example_dags/tutorial.py
[2025-06-20T15:09:49.805+0000] {logging_mixin.py:188} INFO - [2025-06-20T15:09:49.804+0000] {dag.py:3096} INFO - Sync 1 DAGs
[2025-06-20T15:09:49.825+0000] {logging_mixin.py:188} INFO - [2025-06-20T15:09:49.825+0000] {dag.py:3954} INFO - Setting next_dagrun for tutorial to 2025-06-19 00:00:00+00:00, run_after=2025-06-20 00:00:00+00:00
[2025-06-20T15:09:49.842+0000] {processor.py:183} INFO - Processing /home/airflow/.local/lib/python3.12/site-packages/airflow/example_dags/tutorial.py took 0.070 seconds
[2025-06-20T15:10:20.009+0000] {processor.py:161} INFO - Started process (PID=4200) to work on /home/airflow/.local/lib/python3.12/site-packages/airflow/example_dags/tutorial.py
[2025-06-20T15:10:20.010+0000] {processor.py:830} INFO - Processing file /home/airflow/.local/lib/python3.12/site-packages/airflow/example_dags/tutorial.py for tasks to queue
[2025-06-20T15:10:20.012+0000] {logging_mixin.py:188} INFO - [2025-06-20T15:10:20.012+0000] {dagbag.py:540} INFO - Filling up the DagBag from /home/airflow/.local/lib/python3.12/site-packages/airflow/example_dags/tutorial.py
[2025-06-20T15:10:20.018+0000] {processor.py:840} INFO - DAG(s) 'tutorial' retrieved from /home/airflow/.local/lib/python3.12/site-packages/airflow/example_dags/tutorial.py
[2025-06-20T15:10:20.037+0000] {logging_mixin.py:188} INFO - [2025-06-20T15:10:20.037+0000] {dag.py:3096} INFO - Sync 1 DAGs
[2025-06-20T15:10:20.057+0000] {logging_mixin.py:188} INFO - [2025-06-20T15:10:20.057+0000] {dag.py:3954} INFO - Setting next_dagrun for tutorial to 2025-06-19 00:00:00+00:00, run_after=2025-06-20 00:00:00+00:00
[2025-06-20T15:10:20.073+0000] {processor.py:183} INFO - Processing /home/airflow/.local/lib/python3.12/site-packages/airflow/example_dags/tutorial.py took 0.071 seconds
[2025-06-20T15:10:50.805+0000] {processor.py:161} INFO - Started process (PID=4259) to work on /home/airflow/.local/lib/python3.12/site-packages/airflow/example_dags/tutorial.py
[2025-06-20T15:10:50.806+0000] {processor.py:830} INFO - Processing file /home/airflow/.local/lib/python3.12/site-packages/airflow/example_dags/tutorial.py for tasks to queue
[2025-06-20T15:10:50.808+0000] {logging_mixin.py:188} INFO - [2025-06-20T15:10:50.807+0000] {dagbag.py:540} INFO - Filling up the DagBag from /home/airflow/.local/lib/python3.12/site-packages/airflow/example_dags/tutorial.py
[2025-06-20T15:10:50.813+0000] {processor.py:840} INFO - DAG(s) 'tutorial' retrieved from /home/airflow/.local/lib/python3.12/site-packages/airflow/example_dags/tutorial.py
[2025-06-20T15:10:50.833+0000] {logging_mixin.py:188} INFO - [2025-06-20T15:10:50.832+0000] {dag.py:3096} INFO - Sync 1 DAGs
[2025-06-20T15:10:50.852+0000] {logging_mixin.py:188} INFO - [2025-06-20T15:10:50.852+0000] {dag.py:3954} INFO - Setting next_dagrun for tutorial to 2025-06-19 00:00:00+00:00, run_after=2025-06-20 00:00:00+00:00
[2025-06-20T15:10:50.868+0000] {processor.py:183} INFO - Processing /home/airflow/.local/lib/python3.12/site-packages/airflow/example_dags/tutorial.py took 0.069 seconds
[2025-06-20T15:11:21.674+0000] {processor.py:161} INFO - Started process (PID=4318) to work on /home/airflow/.local/lib/python3.12/site-packages/airflow/example_dags/tutorial.py
[2025-06-20T15:11:21.675+0000] {processor.py:830} INFO - Processing file /home/airflow/.local/lib/python3.12/site-packages/airflow/example_dags/tutorial.py for tasks to queue
[2025-06-20T15:11:21.677+0000] {logging_mixin.py:188} INFO - [2025-06-20T15:11:21.677+0000] {dagbag.py:540} INFO - Filling up the DagBag from /home/airflow/.local/lib/python3.12/site-packages/airflow/example_dags/tutorial.py
[2025-06-20T15:11:21.683+0000] {processor.py:840} INFO - DAG(s) 'tutorial' retrieved from /home/airflow/.local/lib/python3.12/site-packages/airflow/example_dags/tutorial.py
[2025-06-20T15:11:21.702+0000] {logging_mixin.py:188} INFO - [2025-06-20T15:11:21.702+0000] {dag.py:3096} INFO - Sync 1 DAGs
[2025-06-20T15:11:21.723+0000] {logging_mixin.py:188} INFO - [2025-06-20T15:11:21.723+0000] {dag.py:3954} INFO - Setting next_dagrun for tutorial to 2025-06-19 00:00:00+00:00, run_after=2025-06-20 00:00:00+00:00
[2025-06-20T15:11:21.739+0000] {processor.py:183} INFO - Processing /home/airflow/.local/lib/python3.12/site-packages/airflow/example_dags/tutorial.py took 0.071 seconds
[2025-06-20T15:11:52.024+0000] {processor.py:161} INFO - Started process (PID=4377) to work on /home/airflow/.local/lib/python3.12/site-packages/airflow/example_dags/tutorial.py
[2025-06-20T15:11:52.025+0000] {processor.py:830} INFO - Processing file /home/airflow/.local/lib/python3.12/site-packages/airflow/example_dags/tutorial.py for tasks to queue
[2025-06-20T15:11:52.027+0000] {logging_mixin.py:188} INFO - [2025-06-20T15:11:52.027+0000] {dagbag.py:540} INFO - Filling up the DagBag from /home/airflow/.local/lib/python3.12/site-packages/airflow/example_dags/tutorial.py
[2025-06-20T15:11:52.033+0000] {processor.py:840} INFO - DAG(s) 'tutorial' retrieved from /home/airflow/.local/lib/python3.12/site-packages/airflow/example_dags/tutorial.py
[2025-06-20T15:11:52.053+0000] {logging_mixin.py:188} INFO - [2025-06-20T15:11:52.053+0000] {dag.py:3096} INFO - Sync 1 DAGs
[2025-06-20T15:11:52.073+0000] {logging_mixin.py:188} INFO - [2025-06-20T15:11:52.073+0000] {dag.py:3954} INFO - Setting next_dagrun for tutorial to 2025-06-19 00:00:00+00:00, run_after=2025-06-20 00:00:00+00:00
[2025-06-20T15:11:52.088+0000] {processor.py:183} INFO - Processing /home/airflow/.local/lib/python3.12/site-packages/airflow/example_dags/tutorial.py took 0.070 seconds
[2025-06-20T15:12:22.191+0000] {processor.py:161} INFO - Started process (PID=4436) to work on /home/airflow/.local/lib/python3.12/site-packages/airflow/example_dags/tutorial.py
[2025-06-20T15:12:22.192+0000] {processor.py:830} INFO - Processing file /home/airflow/.local/lib/python3.12/site-packages/airflow/example_dags/tutorial.py for tasks to queue
[2025-06-20T15:12:22.194+0000] {logging_mixin.py:188} INFO - [2025-06-20T15:12:22.194+0000] {dagbag.py:540} INFO - Filling up the DagBag from /home/airflow/.local/lib/python3.12/site-packages/airflow/example_dags/tutorial.py
[2025-06-20T15:12:22.201+0000] {processor.py:840} INFO - DAG(s) 'tutorial' retrieved from /home/airflow/.local/lib/python3.12/site-packages/airflow/example_dags/tutorial.py
[2025-06-20T15:12:22.224+0000] {logging_mixin.py:188} INFO - [2025-06-20T15:12:22.223+0000] {dag.py:3096} INFO - Sync 1 DAGs
[2025-06-20T15:12:22.245+0000] {logging_mixin.py:188} INFO - [2025-06-20T15:12:22.245+0000] {dag.py:3954} INFO - Setting next_dagrun for tutorial to 2025-06-19 00:00:00+00:00, run_after=2025-06-20 00:00:00+00:00
[2025-06-20T15:12:22.262+0000] {processor.py:183} INFO - Processing /home/airflow/.local/lib/python3.12/site-packages/airflow/example_dags/tutorial.py took 0.078 seconds
[2025-06-20T15:12:53.058+0000] {processor.py:161} INFO - Started process (PID=4495) to work on /home/airflow/.local/lib/python3.12/site-packages/airflow/example_dags/tutorial.py
[2025-06-20T15:12:53.059+0000] {processor.py:830} INFO - Processing file /home/airflow/.local/lib/python3.12/site-packages/airflow/example_dags/tutorial.py for tasks to queue
[2025-06-20T15:12:53.061+0000] {logging_mixin.py:188} INFO - [2025-06-20T15:12:53.061+0000] {dagbag.py:540} INFO - Filling up the DagBag from /home/airflow/.local/lib/python3.12/site-packages/airflow/example_dags/tutorial.py
[2025-06-20T15:12:53.067+0000] {processor.py:840} INFO - DAG(s) 'tutorial' retrieved from /home/airflow/.local/lib/python3.12/site-packages/airflow/example_dags/tutorial.py
[2025-06-20T15:12:53.086+0000] {logging_mixin.py:188} INFO - [2025-06-20T15:12:53.086+0000] {dag.py:3096} INFO - Sync 1 DAGs
[2025-06-20T15:12:53.108+0000] {logging_mixin.py:188} INFO - [2025-06-20T15:12:53.108+0000] {dag.py:3954} INFO - Setting next_dagrun for tutorial to 2025-06-19 00:00:00+00:00, run_after=2025-06-20 00:00:00+00:00
[2025-06-20T15:12:53.125+0000] {processor.py:183} INFO - Processing /home/airflow/.local/lib/python3.12/site-packages/airflow/example_dags/tutorial.py took 0.072 seconds
[2025-06-20T15:13:24.068+0000] {processor.py:161} INFO - Started process (PID=4560) to work on /home/airflow/.local/lib/python3.12/site-packages/airflow/example_dags/tutorial.py
[2025-06-20T15:13:24.069+0000] {processor.py:830} INFO - Processing file /home/airflow/.local/lib/python3.12/site-packages/airflow/example_dags/tutorial.py for tasks to queue
[2025-06-20T15:13:24.071+0000] {logging_mixin.py:188} INFO - [2025-06-20T15:13:24.070+0000] {dagbag.py:540} INFO - Filling up the DagBag from /home/airflow/.local/lib/python3.12/site-packages/airflow/example_dags/tutorial.py
[2025-06-20T15:13:24.077+0000] {processor.py:840} INFO - DAG(s) 'tutorial' retrieved from /home/airflow/.local/lib/python3.12/site-packages/airflow/example_dags/tutorial.py
[2025-06-20T15:13:24.099+0000] {logging_mixin.py:188} INFO - [2025-06-20T15:13:24.098+0000] {dag.py:3096} INFO - Sync 1 DAGs
[2025-06-20T15:13:24.120+0000] {logging_mixin.py:188} INFO - [2025-06-20T15:13:24.120+0000] {dag.py:3954} INFO - Setting next_dagrun for tutorial to 2025-06-19 00:00:00+00:00, run_after=2025-06-20 00:00:00+00:00
[2025-06-20T15:13:24.136+0000] {processor.py:183} INFO - Processing /home/airflow/.local/lib/python3.12/site-packages/airflow/example_dags/tutorial.py took 0.076 seconds
[2025-06-20T15:13:54.348+0000] {processor.py:161} INFO - Started process (PID=4619) to work on /home/airflow/.local/lib/python3.12/site-packages/airflow/example_dags/tutorial.py
[2025-06-20T15:13:54.349+0000] {processor.py:830} INFO - Processing file /home/airflow/.local/lib/python3.12/site-packages/airflow/example_dags/tutorial.py for tasks to queue
[2025-06-20T15:13:54.351+0000] {logging_mixin.py:188} INFO - [2025-06-20T15:13:54.350+0000] {dagbag.py:540} INFO - Filling up the DagBag from /home/airflow/.local/lib/python3.12/site-packages/airflow/example_dags/tutorial.py
[2025-06-20T15:13:54.357+0000] {processor.py:840} INFO - DAG(s) 'tutorial' retrieved from /home/airflow/.local/lib/python3.12/site-packages/airflow/example_dags/tutorial.py
[2025-06-20T15:13:54.377+0000] {logging_mixin.py:188} INFO - [2025-06-20T15:13:54.376+0000] {dag.py:3096} INFO - Sync 1 DAGs
[2025-06-20T15:13:54.397+0000] {logging_mixin.py:188} INFO - [2025-06-20T15:13:54.397+0000] {dag.py:3954} INFO - Setting next_dagrun for tutorial to 2025-06-19 00:00:00+00:00, run_after=2025-06-20 00:00:00+00:00
[2025-06-20T15:13:54.412+0000] {processor.py:183} INFO - Processing /home/airflow/.local/lib/python3.12/site-packages/airflow/example_dags/tutorial.py took 0.071 seconds
[2025-06-20T15:14:24.539+0000] {processor.py:161} INFO - Started process (PID=4678) to work on /home/airflow/.local/lib/python3.12/site-packages/airflow/example_dags/tutorial.py
[2025-06-20T15:14:24.540+0000] {processor.py:830} INFO - Processing file /home/airflow/.local/lib/python3.12/site-packages/airflow/example_dags/tutorial.py for tasks to queue
[2025-06-20T15:14:24.542+0000] {logging_mixin.py:188} INFO - [2025-06-20T15:14:24.541+0000] {dagbag.py:540} INFO - Filling up the DagBag from /home/airflow/.local/lib/python3.12/site-packages/airflow/example_dags/tutorial.py
[2025-06-20T15:14:24.548+0000] {processor.py:840} INFO - DAG(s) 'tutorial' retrieved from /home/airflow/.local/lib/python3.12/site-packages/airflow/example_dags/tutorial.py
[2025-06-20T15:14:24.567+0000] {logging_mixin.py:188} INFO - [2025-06-20T15:14:24.566+0000] {dag.py:3096} INFO - Sync 1 DAGs
[2025-06-20T15:14:24.587+0000] {logging_mixin.py:188} INFO - [2025-06-20T15:14:24.587+0000] {dag.py:3954} INFO - Setting next_dagrun for tutorial to 2025-06-19 00:00:00+00:00, run_after=2025-06-20 00:00:00+00:00
[2025-06-20T15:14:24.602+0000] {processor.py:183} INFO - Processing /home/airflow/.local/lib/python3.12/site-packages/airflow/example_dags/tutorial.py took 0.070 seconds
[2025-06-20T15:14:54.956+0000] {processor.py:161} INFO - Started process (PID=4737) to work on /home/airflow/.local/lib/python3.12/site-packages/airflow/example_dags/tutorial.py
[2025-06-20T15:14:54.957+0000] {processor.py:830} INFO - Processing file /home/airflow/.local/lib/python3.12/site-packages/airflow/example_dags/tutorial.py for tasks to queue
[2025-06-20T15:14:54.959+0000] {logging_mixin.py:188} INFO - [2025-06-20T15:14:54.959+0000] {dagbag.py:540} INFO - Filling up the DagBag from /home/airflow/.local/lib/python3.12/site-packages/airflow/example_dags/tutorial.py
[2025-06-20T15:14:54.966+0000] {processor.py:840} INFO - DAG(s) 'tutorial' retrieved from /home/airflow/.local/lib/python3.12/site-packages/airflow/example_dags/tutorial.py
[2025-06-20T15:14:54.985+0000] {logging_mixin.py:188} INFO - [2025-06-20T15:14:54.985+0000] {dag.py:3096} INFO - Sync 1 DAGs
[2025-06-20T15:14:55.007+0000] {logging_mixin.py:188} INFO - [2025-06-20T15:14:55.007+0000] {dag.py:3954} INFO - Setting next_dagrun for tutorial to 2025-06-19 00:00:00+00:00, run_after=2025-06-20 00:00:00+00:00
[2025-06-20T15:14:55.023+0000] {processor.py:183} INFO - Processing /home/airflow/.local/lib/python3.12/site-packages/airflow/example_dags/tutorial.py took 0.073 seconds
[2025-06-20T15:15:25.096+0000] {processor.py:161} INFO - Started process (PID=4796) to work on /home/airflow/.local/lib/python3.12/site-packages/airflow/example_dags/tutorial.py
[2025-06-20T15:15:25.096+0000] {processor.py:830} INFO - Processing file /home/airflow/.local/lib/python3.12/site-packages/airflow/example_dags/tutorial.py for tasks to queue
[2025-06-20T15:15:25.098+0000] {logging_mixin.py:188} INFO - [2025-06-20T15:15:25.098+0000] {dagbag.py:540} INFO - Filling up the DagBag from /home/airflow/.local/lib/python3.12/site-packages/airflow/example_dags/tutorial.py
[2025-06-20T15:15:25.104+0000] {processor.py:840} INFO - DAG(s) 'tutorial' retrieved from /home/airflow/.local/lib/python3.12/site-packages/airflow/example_dags/tutorial.py
[2025-06-20T15:15:25.123+0000] {logging_mixin.py:188} INFO - [2025-06-20T15:15:25.123+0000] {dag.py:3096} INFO - Sync 1 DAGs
[2025-06-20T15:15:25.143+0000] {logging_mixin.py:188} INFO - [2025-06-20T15:15:25.143+0000] {dag.py:3954} INFO - Setting next_dagrun for tutorial to 2025-06-19 00:00:00+00:00, run_after=2025-06-20 00:00:00+00:00
[2025-06-20T15:15:25.159+0000] {processor.py:183} INFO - Processing /home/airflow/.local/lib/python3.12/site-packages/airflow/example_dags/tutorial.py took 0.069 seconds
[2025-06-20T15:15:55.840+0000] {processor.py:161} INFO - Started process (PID=4855) to work on /home/airflow/.local/lib/python3.12/site-packages/airflow/example_dags/tutorial.py
[2025-06-20T15:15:55.841+0000] {processor.py:830} INFO - Processing file /home/airflow/.local/lib/python3.12/site-packages/airflow/example_dags/tutorial.py for tasks to queue
[2025-06-20T15:15:55.844+0000] {logging_mixin.py:188} INFO - [2025-06-20T15:15:55.844+0000] {dagbag.py:540} INFO - Filling up the DagBag from /home/airflow/.local/lib/python3.12/site-packages/airflow/example_dags/tutorial.py
[2025-06-20T15:15:55.853+0000] {processor.py:840} INFO - DAG(s) 'tutorial' retrieved from /home/airflow/.local/lib/python3.12/site-packages/airflow/example_dags/tutorial.py
[2025-06-20T15:15:55.883+0000] {logging_mixin.py:188} INFO - [2025-06-20T15:15:55.883+0000] {dag.py:3096} INFO - Sync 1 DAGs
[2025-06-20T15:15:55.914+0000] {logging_mixin.py:188} INFO - [2025-06-20T15:15:55.913+0000] {dag.py:3954} INFO - Setting next_dagrun for tutorial to 2025-06-19 00:00:00+00:00, run_after=2025-06-20 00:00:00+00:00
[2025-06-20T15:15:55.935+0000] {processor.py:183} INFO - Processing /home/airflow/.local/lib/python3.12/site-packages/airflow/example_dags/tutorial.py took 0.105 seconds
[2025-06-20T15:16:26.669+0000] {processor.py:161} INFO - Started process (PID=4914) to work on /home/airflow/.local/lib/python3.12/site-packages/airflow/example_dags/tutorial.py
[2025-06-20T15:16:26.670+0000] {processor.py:830} INFO - Processing file /home/airflow/.local/lib/python3.12/site-packages/airflow/example_dags/tutorial.py for tasks to queue
[2025-06-20T15:16:26.672+0000] {logging_mixin.py:188} INFO - [2025-06-20T15:16:26.672+0000] {dagbag.py:540} INFO - Filling up the DagBag from /home/airflow/.local/lib/python3.12/site-packages/airflow/example_dags/tutorial.py
[2025-06-20T15:16:26.678+0000] {processor.py:840} INFO - DAG(s) 'tutorial' retrieved from /home/airflow/.local/lib/python3.12/site-packages/airflow/example_dags/tutorial.py
[2025-06-20T15:16:26.699+0000] {logging_mixin.py:188} INFO - [2025-06-20T15:16:26.698+0000] {dag.py:3096} INFO - Sync 1 DAGs
[2025-06-20T15:16:26.720+0000] {logging_mixin.py:188} INFO - [2025-06-20T15:16:26.720+0000] {dag.py:3954} INFO - Setting next_dagrun for tutorial to 2025-06-19 00:00:00+00:00, run_after=2025-06-20 00:00:00+00:00
[2025-06-20T15:16:26.736+0000] {processor.py:183} INFO - Processing /home/airflow/.local/lib/python3.12/site-packages/airflow/example_dags/tutorial.py took 0.073 seconds
[2025-06-20T15:16:57.417+0000] {processor.py:161} INFO - Started process (PID=4973) to work on /home/airflow/.local/lib/python3.12/site-packages/airflow/example_dags/tutorial.py
[2025-06-20T15:16:57.418+0000] {processor.py:830} INFO - Processing file /home/airflow/.local/lib/python3.12/site-packages/airflow/example_dags/tutorial.py for tasks to queue
[2025-06-20T15:16:57.420+0000] {logging_mixin.py:188} INFO - [2025-06-20T15:16:57.420+0000] {dagbag.py:540} INFO - Filling up the DagBag from /home/airflow/.local/lib/python3.12/site-packages/airflow/example_dags/tutorial.py
[2025-06-20T15:16:57.427+0000] {processor.py:840} INFO - DAG(s) 'tutorial' retrieved from /home/airflow/.local/lib/python3.12/site-packages/airflow/example_dags/tutorial.py
[2025-06-20T15:16:57.452+0000] {logging_mixin.py:188} INFO - [2025-06-20T15:16:57.452+0000] {dag.py:3096} INFO - Sync 1 DAGs
[2025-06-20T15:16:57.473+0000] {logging_mixin.py:188} INFO - [2025-06-20T15:16:57.473+0000] {dag.py:3954} INFO - Setting next_dagrun for tutorial to 2025-06-19 00:00:00+00:00, run_after=2025-06-20 00:00:00+00:00
[2025-06-20T15:16:57.489+0000] {processor.py:183} INFO - Processing /home/airflow/.local/lib/python3.12/site-packages/airflow/example_dags/tutorial.py took 0.078 seconds
[2025-06-20T15:17:27.838+0000] {processor.py:161} INFO - Started process (PID=5032) to work on /home/airflow/.local/lib/python3.12/site-packages/airflow/example_dags/tutorial.py
[2025-06-20T15:17:27.839+0000] {processor.py:830} INFO - Processing file /home/airflow/.local/lib/python3.12/site-packages/airflow/example_dags/tutorial.py for tasks to queue
[2025-06-20T15:17:27.841+0000] {logging_mixin.py:188} INFO - [2025-06-20T15:17:27.840+0000] {dagbag.py:540} INFO - Filling up the DagBag from /home/airflow/.local/lib/python3.12/site-packages/airflow/example_dags/tutorial.py
[2025-06-20T15:17:27.847+0000] {processor.py:840} INFO - DAG(s) 'tutorial' retrieved from /home/airflow/.local/lib/python3.12/site-packages/airflow/example_dags/tutorial.py
[2025-06-20T15:17:27.868+0000] {logging_mixin.py:188} INFO - [2025-06-20T15:17:27.868+0000] {dag.py:3096} INFO - Sync 1 DAGs
[2025-06-20T15:17:27.889+0000] {logging_mixin.py:188} INFO - [2025-06-20T15:17:27.888+0000] {dag.py:3954} INFO - Setting next_dagrun for tutorial to 2025-06-19 00:00:00+00:00, run_after=2025-06-20 00:00:00+00:00
[2025-06-20T15:17:27.904+0000] {processor.py:183} INFO - Processing /home/airflow/.local/lib/python3.12/site-packages/airflow/example_dags/tutorial.py took 0.073 seconds
[2025-06-20T15:17:58.020+0000] {processor.py:161} INFO - Started process (PID=5091) to work on /home/airflow/.local/lib/python3.12/site-packages/airflow/example_dags/tutorial.py
[2025-06-20T15:17:58.021+0000] {processor.py:830} INFO - Processing file /home/airflow/.local/lib/python3.12/site-packages/airflow/example_dags/tutorial.py for tasks to queue
[2025-06-20T15:17:58.023+0000] {logging_mixin.py:188} INFO - [2025-06-20T15:17:58.023+0000] {dagbag.py:540} INFO - Filling up the DagBag from /home/airflow/.local/lib/python3.12/site-packages/airflow/example_dags/tutorial.py
[2025-06-20T15:17:58.029+0000] {processor.py:840} INFO - DAG(s) 'tutorial' retrieved from /home/airflow/.local/lib/python3.12/site-packages/airflow/example_dags/tutorial.py
[2025-06-20T15:17:58.048+0000] {logging_mixin.py:188} INFO - [2025-06-20T15:17:58.048+0000] {dag.py:3096} INFO - Sync 1 DAGs
[2025-06-20T15:17:58.068+0000] {logging_mixin.py:188} INFO - [2025-06-20T15:17:58.068+0000] {dag.py:3954} INFO - Setting next_dagrun for tutorial to 2025-06-19 00:00:00+00:00, run_after=2025-06-20 00:00:00+00:00
[2025-06-20T15:17:58.084+0000] {processor.py:183} INFO - Processing /home/airflow/.local/lib/python3.12/site-packages/airflow/example_dags/tutorial.py took 0.070 seconds
[2025-06-20T15:18:28.810+0000] {processor.py:161} INFO - Started process (PID=5151) to work on /home/airflow/.local/lib/python3.12/site-packages/airflow/example_dags/tutorial.py
[2025-06-20T15:18:28.811+0000] {processor.py:830} INFO - Processing file /home/airflow/.local/lib/python3.12/site-packages/airflow/example_dags/tutorial.py for tasks to queue
[2025-06-20T15:18:28.813+0000] {logging_mixin.py:188} INFO - [2025-06-20T15:18:28.813+0000] {dagbag.py:540} INFO - Filling up the DagBag from /home/airflow/.local/lib/python3.12/site-packages/airflow/example_dags/tutorial.py
[2025-06-20T15:18:28.819+0000] {processor.py:840} INFO - DAG(s) 'tutorial' retrieved from /home/airflow/.local/lib/python3.12/site-packages/airflow/example_dags/tutorial.py
[2025-06-20T15:18:28.838+0000] {logging_mixin.py:188} INFO - [2025-06-20T15:18:28.838+0000] {dag.py:3096} INFO - Sync 1 DAGs
[2025-06-20T15:18:28.858+0000] {logging_mixin.py:188} INFO - [2025-06-20T15:18:28.858+0000] {dag.py:3954} INFO - Setting next_dagrun for tutorial to 2025-06-19 00:00:00+00:00, run_after=2025-06-20 00:00:00+00:00
[2025-06-20T15:18:28.874+0000] {processor.py:183} INFO - Processing /home/airflow/.local/lib/python3.12/site-packages/airflow/example_dags/tutorial.py took 0.070 seconds
[2025-06-20T15:18:59.013+0000] {processor.py:161} INFO - Started process (PID=5210) to work on /home/airflow/.local/lib/python3.12/site-packages/airflow/example_dags/tutorial.py
[2025-06-20T15:18:59.014+0000] {processor.py:830} INFO - Processing file /home/airflow/.local/lib/python3.12/site-packages/airflow/example_dags/tutorial.py for tasks to queue
[2025-06-20T15:18:59.015+0000] {logging_mixin.py:188} INFO - [2025-06-20T15:18:59.015+0000] {dagbag.py:540} INFO - Filling up the DagBag from /home/airflow/.local/lib/python3.12/site-packages/airflow/example_dags/tutorial.py
[2025-06-20T15:18:59.021+0000] {processor.py:840} INFO - DAG(s) 'tutorial' retrieved from /home/airflow/.local/lib/python3.12/site-packages/airflow/example_dags/tutorial.py
[2025-06-20T15:18:59.041+0000] {logging_mixin.py:188} INFO - [2025-06-20T15:18:59.041+0000] {dag.py:3096} INFO - Sync 1 DAGs
[2025-06-20T15:18:59.061+0000] {logging_mixin.py:188} INFO - [2025-06-20T15:18:59.061+0000] {dag.py:3954} INFO - Setting next_dagrun for tutorial to 2025-06-19 00:00:00+00:00, run_after=2025-06-20 00:00:00+00:00
[2025-06-20T15:18:59.077+0000] {processor.py:183} INFO - Processing /home/airflow/.local/lib/python3.12/site-packages/airflow/example_dags/tutorial.py took 0.070 seconds
[2025-06-20T15:19:29.286+0000] {processor.py:161} INFO - Started process (PID=5269) to work on /home/airflow/.local/lib/python3.12/site-packages/airflow/example_dags/tutorial.py
[2025-06-20T15:19:29.287+0000] {processor.py:830} INFO - Processing file /home/airflow/.local/lib/python3.12/site-packages/airflow/example_dags/tutorial.py for tasks to queue
[2025-06-20T15:19:29.289+0000] {logging_mixin.py:188} INFO - [2025-06-20T15:19:29.289+0000] {dagbag.py:540} INFO - Filling up the DagBag from /home/airflow/.local/lib/python3.12/site-packages/airflow/example_dags/tutorial.py
[2025-06-20T15:19:29.295+0000] {processor.py:840} INFO - DAG(s) 'tutorial' retrieved from /home/airflow/.local/lib/python3.12/site-packages/airflow/example_dags/tutorial.py
[2025-06-20T15:19:29.316+0000] {logging_mixin.py:188} INFO - [2025-06-20T15:19:29.316+0000] {dag.py:3096} INFO - Sync 1 DAGs
[2025-06-20T15:19:29.336+0000] {logging_mixin.py:188} INFO - [2025-06-20T15:19:29.336+0000] {dag.py:3954} INFO - Setting next_dagrun for tutorial to 2025-06-19 00:00:00+00:00, run_after=2025-06-20 00:00:00+00:00
[2025-06-20T15:19:29.351+0000] {processor.py:183} INFO - Processing /home/airflow/.local/lib/python3.12/site-packages/airflow/example_dags/tutorial.py took 0.072 seconds
[2025-06-20T15:19:59.501+0000] {processor.py:161} INFO - Started process (PID=5328) to work on /home/airflow/.local/lib/python3.12/site-packages/airflow/example_dags/tutorial.py
[2025-06-20T15:19:59.501+0000] {processor.py:830} INFO - Processing file /home/airflow/.local/lib/python3.12/site-packages/airflow/example_dags/tutorial.py for tasks to queue
[2025-06-20T15:19:59.503+0000] {logging_mixin.py:188} INFO - [2025-06-20T15:19:59.503+0000] {dagbag.py:540} INFO - Filling up the DagBag from /home/airflow/.local/lib/python3.12/site-packages/airflow/example_dags/tutorial.py
[2025-06-20T15:19:59.509+0000] {processor.py:840} INFO - DAG(s) 'tutorial' retrieved from /home/airflow/.local/lib/python3.12/site-packages/airflow/example_dags/tutorial.py
[2025-06-20T15:19:59.528+0000] {logging_mixin.py:188} INFO - [2025-06-20T15:19:59.528+0000] {dag.py:3096} INFO - Sync 1 DAGs
[2025-06-20T15:19:59.550+0000] {logging_mixin.py:188} INFO - [2025-06-20T15:19:59.550+0000] {dag.py:3954} INFO - Setting next_dagrun for tutorial to 2025-06-19 00:00:00+00:00, run_after=2025-06-20 00:00:00+00:00
[2025-06-20T15:19:59.565+0000] {processor.py:183} INFO - Processing /home/airflow/.local/lib/python3.12/site-packages/airflow/example_dags/tutorial.py took 0.071 seconds
[2025-06-20T15:20:29.799+0000] {processor.py:161} INFO - Started process (PID=5387) to work on /home/airflow/.local/lib/python3.12/site-packages/airflow/example_dags/tutorial.py
[2025-06-20T15:20:29.800+0000] {processor.py:830} INFO - Processing file /home/airflow/.local/lib/python3.12/site-packages/airflow/example_dags/tutorial.py for tasks to queue
[2025-06-20T15:20:29.802+0000] {logging_mixin.py:188} INFO - [2025-06-20T15:20:29.802+0000] {dagbag.py:540} INFO - Filling up the DagBag from /home/airflow/.local/lib/python3.12/site-packages/airflow/example_dags/tutorial.py
[2025-06-20T15:20:29.808+0000] {processor.py:840} INFO - DAG(s) 'tutorial' retrieved from /home/airflow/.local/lib/python3.12/site-packages/airflow/example_dags/tutorial.py
[2025-06-20T15:20:29.828+0000] {logging_mixin.py:188} INFO - [2025-06-20T15:20:29.828+0000] {dag.py:3096} INFO - Sync 1 DAGs
[2025-06-20T15:20:29.847+0000] {logging_mixin.py:188} INFO - [2025-06-20T15:20:29.847+0000] {dag.py:3954} INFO - Setting next_dagrun for tutorial to 2025-06-19 00:00:00+00:00, run_after=2025-06-20 00:00:00+00:00
[2025-06-20T15:20:29.863+0000] {processor.py:183} INFO - Processing /home/airflow/.local/lib/python3.12/site-packages/airflow/example_dags/tutorial.py took 0.070 seconds
[2025-06-20T15:21:00.048+0000] {processor.py:161} INFO - Started process (PID=5446) to work on /home/airflow/.local/lib/python3.12/site-packages/airflow/example_dags/tutorial.py
[2025-06-20T15:21:00.049+0000] {processor.py:830} INFO - Processing file /home/airflow/.local/lib/python3.12/site-packages/airflow/example_dags/tutorial.py for tasks to queue
[2025-06-20T15:21:00.051+0000] {logging_mixin.py:188} INFO - [2025-06-20T15:21:00.051+0000] {dagbag.py:540} INFO - Filling up the DagBag from /home/airflow/.local/lib/python3.12/site-packages/airflow/example_dags/tutorial.py
[2025-06-20T15:21:00.057+0000] {processor.py:840} INFO - DAG(s) 'tutorial' retrieved from /home/airflow/.local/lib/python3.12/site-packages/airflow/example_dags/tutorial.py
[2025-06-20T15:21:00.077+0000] {logging_mixin.py:188} INFO - [2025-06-20T15:21:00.077+0000] {dag.py:3096} INFO - Sync 1 DAGs
[2025-06-20T15:21:00.097+0000] {logging_mixin.py:188} INFO - [2025-06-20T15:21:00.097+0000] {dag.py:3954} INFO - Setting next_dagrun for tutorial to 2025-06-19 00:00:00+00:00, run_after=2025-06-20 00:00:00+00:00
[2025-06-20T15:21:00.113+0000] {processor.py:183} INFO - Processing /home/airflow/.local/lib/python3.12/site-packages/airflow/example_dags/tutorial.py took 0.071 seconds
[2025-06-20T15:21:30.460+0000] {processor.py:161} INFO - Started process (PID=5505) to work on /home/airflow/.local/lib/python3.12/site-packages/airflow/example_dags/tutorial.py
[2025-06-20T15:21:30.461+0000] {processor.py:830} INFO - Processing file /home/airflow/.local/lib/python3.12/site-packages/airflow/example_dags/tutorial.py for tasks to queue
[2025-06-20T15:21:30.463+0000] {logging_mixin.py:188} INFO - [2025-06-20T15:21:30.462+0000] {dagbag.py:540} INFO - Filling up the DagBag from /home/airflow/.local/lib/python3.12/site-packages/airflow/example_dags/tutorial.py
[2025-06-20T15:21:30.468+0000] {processor.py:840} INFO - DAG(s) 'tutorial' retrieved from /home/airflow/.local/lib/python3.12/site-packages/airflow/example_dags/tutorial.py
[2025-06-20T15:21:30.489+0000] {logging_mixin.py:188} INFO - [2025-06-20T15:21:30.489+0000] {dag.py:3096} INFO - Sync 1 DAGs
[2025-06-20T15:21:30.511+0000] {logging_mixin.py:188} INFO - [2025-06-20T15:21:30.511+0000] {dag.py:3954} INFO - Setting next_dagrun for tutorial to 2025-06-19 00:00:00+00:00, run_after=2025-06-20 00:00:00+00:00
[2025-06-20T15:21:30.526+0000] {processor.py:183} INFO - Processing /home/airflow/.local/lib/python3.12/site-packages/airflow/example_dags/tutorial.py took 0.073 seconds
[2025-06-20T15:22:00.639+0000] {processor.py:161} INFO - Started process (PID=5564) to work on /home/airflow/.local/lib/python3.12/site-packages/airflow/example_dags/tutorial.py
[2025-06-20T15:22:00.640+0000] {processor.py:830} INFO - Processing file /home/airflow/.local/lib/python3.12/site-packages/airflow/example_dags/tutorial.py for tasks to queue
[2025-06-20T15:22:00.642+0000] {logging_mixin.py:188} INFO - [2025-06-20T15:22:00.641+0000] {dagbag.py:540} INFO - Filling up the DagBag from /home/airflow/.local/lib/python3.12/site-packages/airflow/example_dags/tutorial.py
[2025-06-20T15:22:00.648+0000] {processor.py:840} INFO - DAG(s) 'tutorial' retrieved from /home/airflow/.local/lib/python3.12/site-packages/airflow/example_dags/tutorial.py
[2025-06-20T15:22:00.667+0000] {logging_mixin.py:188} INFO - [2025-06-20T15:22:00.666+0000] {dag.py:3096} INFO - Sync 1 DAGs
[2025-06-20T15:22:00.687+0000] {logging_mixin.py:188} INFO - [2025-06-20T15:22:00.687+0000] {dag.py:3954} INFO - Setting next_dagrun for tutorial to 2025-06-19 00:00:00+00:00, run_after=2025-06-20 00:00:00+00:00
[2025-06-20T15:22:00.703+0000] {processor.py:183} INFO - Processing /home/airflow/.local/lib/python3.12/site-packages/airflow/example_dags/tutorial.py took 0.070 seconds
[2025-06-20T15:22:31.033+0000] {processor.py:161} INFO - Started process (PID=5623) to work on /home/airflow/.local/lib/python3.12/site-packages/airflow/example_dags/tutorial.py
[2025-06-20T15:22:31.034+0000] {processor.py:830} INFO - Processing file /home/airflow/.local/lib/python3.12/site-packages/airflow/example_dags/tutorial.py for tasks to queue
[2025-06-20T15:22:31.036+0000] {logging_mixin.py:188} INFO - [2025-06-20T15:22:31.036+0000] {dagbag.py:540} INFO - Filling up the DagBag from /home/airflow/.local/lib/python3.12/site-packages/airflow/example_dags/tutorial.py
[2025-06-20T15:22:31.042+0000] {processor.py:840} INFO - DAG(s) 'tutorial' retrieved from /home/airflow/.local/lib/python3.12/site-packages/airflow/example_dags/tutorial.py
[2025-06-20T15:22:31.061+0000] {logging_mixin.py:188} INFO - [2025-06-20T15:22:31.060+0000] {dag.py:3096} INFO - Sync 1 DAGs
[2025-06-20T15:22:31.080+0000] {logging_mixin.py:188} INFO - [2025-06-20T15:22:31.080+0000] {dag.py:3954} INFO - Setting next_dagrun for tutorial to 2025-06-19 00:00:00+00:00, run_after=2025-06-20 00:00:00+00:00
[2025-06-20T15:22:31.095+0000] {processor.py:183} INFO - Processing /home/airflow/.local/lib/python3.12/site-packages/airflow/example_dags/tutorial.py took 0.068 seconds
[2025-06-20T15:23:01.250+0000] {processor.py:161} INFO - Started process (PID=5682) to work on /home/airflow/.local/lib/python3.12/site-packages/airflow/example_dags/tutorial.py
[2025-06-20T15:23:01.251+0000] {processor.py:830} INFO - Processing file /home/airflow/.local/lib/python3.12/site-packages/airflow/example_dags/tutorial.py for tasks to queue
[2025-06-20T15:23:01.253+0000] {logging_mixin.py:188} INFO - [2025-06-20T15:23:01.253+0000] {dagbag.py:540} INFO - Filling up the DagBag from /home/airflow/.local/lib/python3.12/site-packages/airflow/example_dags/tutorial.py
[2025-06-20T15:23:01.259+0000] {processor.py:840} INFO - DAG(s) 'tutorial' retrieved from /home/airflow/.local/lib/python3.12/site-packages/airflow/example_dags/tutorial.py
[2025-06-20T15:23:01.278+0000] {logging_mixin.py:188} INFO - [2025-06-20T15:23:01.278+0000] {dag.py:3096} INFO - Sync 1 DAGs
[2025-06-20T15:23:01.298+0000] {logging_mixin.py:188} INFO - [2025-06-20T15:23:01.298+0000] {dag.py:3954} INFO - Setting next_dagrun for tutorial to 2025-06-19 00:00:00+00:00, run_after=2025-06-20 00:00:00+00:00
[2025-06-20T15:23:01.313+0000] {processor.py:183} INFO - Processing /home/airflow/.local/lib/python3.12/site-packages/airflow/example_dags/tutorial.py took 0.069 seconds
[2025-06-20T15:23:31.617+0000] {processor.py:161} INFO - Started process (PID=5741) to work on /home/airflow/.local/lib/python3.12/site-packages/airflow/example_dags/tutorial.py
[2025-06-20T15:23:31.618+0000] {processor.py:830} INFO - Processing file /home/airflow/.local/lib/python3.12/site-packages/airflow/example_dags/tutorial.py for tasks to queue
[2025-06-20T15:23:31.620+0000] {logging_mixin.py:188} INFO - [2025-06-20T15:23:31.619+0000] {dagbag.py:540} INFO - Filling up the DagBag from /home/airflow/.local/lib/python3.12/site-packages/airflow/example_dags/tutorial.py
[2025-06-20T15:23:31.626+0000] {processor.py:840} INFO - DAG(s) 'tutorial' retrieved from /home/airflow/.local/lib/python3.12/site-packages/airflow/example_dags/tutorial.py
[2025-06-20T15:23:31.645+0000] {logging_mixin.py:188} INFO - [2025-06-20T15:23:31.645+0000] {dag.py:3096} INFO - Sync 1 DAGs
[2025-06-20T15:23:31.665+0000] {logging_mixin.py:188} INFO - [2025-06-20T15:23:31.665+0000] {dag.py:3954} INFO - Setting next_dagrun for tutorial to 2025-06-19 00:00:00+00:00, run_after=2025-06-20 00:00:00+00:00
[2025-06-20T15:23:31.681+0000] {processor.py:183} INFO - Processing /home/airflow/.local/lib/python3.12/site-packages/airflow/example_dags/tutorial.py took 0.070 seconds
[2025-06-20T15:24:01.818+0000] {processor.py:161} INFO - Started process (PID=5800) to work on /home/airflow/.local/lib/python3.12/site-packages/airflow/example_dags/tutorial.py
[2025-06-20T15:24:01.819+0000] {processor.py:830} INFO - Processing file /home/airflow/.local/lib/python3.12/site-packages/airflow/example_dags/tutorial.py for tasks to queue
[2025-06-20T15:24:01.821+0000] {logging_mixin.py:188} INFO - [2025-06-20T15:24:01.820+0000] {dagbag.py:540} INFO - Filling up the DagBag from /home/airflow/.local/lib/python3.12/site-packages/airflow/example_dags/tutorial.py
[2025-06-20T15:24:01.827+0000] {processor.py:840} INFO - DAG(s) 'tutorial' retrieved from /home/airflow/.local/lib/python3.12/site-packages/airflow/example_dags/tutorial.py
[2025-06-20T15:24:01.848+0000] {logging_mixin.py:188} INFO - [2025-06-20T15:24:01.848+0000] {dag.py:3096} INFO - Sync 1 DAGs
[2025-06-20T15:24:01.869+0000] {logging_mixin.py:188} INFO - [2025-06-20T15:24:01.869+0000] {dag.py:3954} INFO - Setting next_dagrun for tutorial to 2025-06-19 00:00:00+00:00, run_after=2025-06-20 00:00:00+00:00
[2025-06-20T15:24:01.884+0000] {processor.py:183} INFO - Processing /home/airflow/.local/lib/python3.12/site-packages/airflow/example_dags/tutorial.py took 0.073 seconds
[2025-06-20T15:24:32.488+0000] {processor.py:161} INFO - Started process (PID=5857) to work on /home/airflow/.local/lib/python3.12/site-packages/airflow/example_dags/tutorial.py
[2025-06-20T15:24:32.489+0000] {processor.py:830} INFO - Processing file /home/airflow/.local/lib/python3.12/site-packages/airflow/example_dags/tutorial.py for tasks to queue
[2025-06-20T15:24:32.491+0000] {logging_mixin.py:188} INFO - [2025-06-20T15:24:32.491+0000] {dagbag.py:540} INFO - Filling up the DagBag from /home/airflow/.local/lib/python3.12/site-packages/airflow/example_dags/tutorial.py
[2025-06-20T15:24:32.497+0000] {processor.py:840} INFO - DAG(s) 'tutorial' retrieved from /home/airflow/.local/lib/python3.12/site-packages/airflow/example_dags/tutorial.py
[2025-06-20T15:24:32.516+0000] {logging_mixin.py:188} INFO - [2025-06-20T15:24:32.516+0000] {dag.py:3096} INFO - Sync 1 DAGs
[2025-06-20T15:24:32.536+0000] {logging_mixin.py:188} INFO - [2025-06-20T15:24:32.536+0000] {dag.py:3954} INFO - Setting next_dagrun for tutorial to 2025-06-19 00:00:00+00:00, run_after=2025-06-20 00:00:00+00:00
[2025-06-20T15:24:32.551+0000] {processor.py:183} INFO - Processing /home/airflow/.local/lib/python3.12/site-packages/airflow/example_dags/tutorial.py took 0.069 seconds
[2025-06-20T15:25:02.917+0000] {processor.py:161} INFO - Started process (PID=5916) to work on /home/airflow/.local/lib/python3.12/site-packages/airflow/example_dags/tutorial.py
[2025-06-20T15:25:02.918+0000] {processor.py:830} INFO - Processing file /home/airflow/.local/lib/python3.12/site-packages/airflow/example_dags/tutorial.py for tasks to queue
[2025-06-20T15:25:02.920+0000] {logging_mixin.py:188} INFO - [2025-06-20T15:25:02.920+0000] {dagbag.py:540} INFO - Filling up the DagBag from /home/airflow/.local/lib/python3.12/site-packages/airflow/example_dags/tutorial.py
[2025-06-20T15:25:02.926+0000] {processor.py:840} INFO - DAG(s) 'tutorial' retrieved from /home/airflow/.local/lib/python3.12/site-packages/airflow/example_dags/tutorial.py
[2025-06-20T15:25:02.947+0000] {logging_mixin.py:188} INFO - [2025-06-20T15:25:02.947+0000] {dag.py:3096} INFO - Sync 1 DAGs
[2025-06-20T15:25:02.971+0000] {logging_mixin.py:188} INFO - [2025-06-20T15:25:02.971+0000] {dag.py:3954} INFO - Setting next_dagrun for tutorial to 2025-06-19 00:00:00+00:00, run_after=2025-06-20 00:00:00+00:00
[2025-06-20T15:25:02.990+0000] {processor.py:183} INFO - Processing /home/airflow/.local/lib/python3.12/site-packages/airflow/example_dags/tutorial.py took 0.081 seconds
[2025-06-20T15:25:33.417+0000] {processor.py:161} INFO - Started process (PID=5975) to work on /home/airflow/.local/lib/python3.12/site-packages/airflow/example_dags/tutorial.py
[2025-06-20T15:25:33.418+0000] {processor.py:830} INFO - Processing file /home/airflow/.local/lib/python3.12/site-packages/airflow/example_dags/tutorial.py for tasks to queue
[2025-06-20T15:25:33.420+0000] {logging_mixin.py:188} INFO - [2025-06-20T15:25:33.419+0000] {dagbag.py:540} INFO - Filling up the DagBag from /home/airflow/.local/lib/python3.12/site-packages/airflow/example_dags/tutorial.py
[2025-06-20T15:25:33.426+0000] {processor.py:840} INFO - DAG(s) 'tutorial' retrieved from /home/airflow/.local/lib/python3.12/site-packages/airflow/example_dags/tutorial.py
[2025-06-20T15:25:33.446+0000] {logging_mixin.py:188} INFO - [2025-06-20T15:25:33.445+0000] {dag.py:3096} INFO - Sync 1 DAGs
[2025-06-20T15:25:33.466+0000] {logging_mixin.py:188} INFO - [2025-06-20T15:25:33.466+0000] {dag.py:3954} INFO - Setting next_dagrun for tutorial to 2025-06-19 00:00:00+00:00, run_after=2025-06-20 00:00:00+00:00
[2025-06-20T15:25:33.482+0000] {processor.py:183} INFO - Processing /home/airflow/.local/lib/python3.12/site-packages/airflow/example_dags/tutorial.py took 0.071 seconds
[2025-06-20T15:26:04.256+0000] {processor.py:161} INFO - Started process (PID=6034) to work on /home/airflow/.local/lib/python3.12/site-packages/airflow/example_dags/tutorial.py
[2025-06-20T15:26:04.257+0000] {processor.py:830} INFO - Processing file /home/airflow/.local/lib/python3.12/site-packages/airflow/example_dags/tutorial.py for tasks to queue
[2025-06-20T15:26:04.259+0000] {logging_mixin.py:188} INFO - [2025-06-20T15:26:04.258+0000] {dagbag.py:540} INFO - Filling up the DagBag from /home/airflow/.local/lib/python3.12/site-packages/airflow/example_dags/tutorial.py
[2025-06-20T15:26:04.264+0000] {processor.py:840} INFO - DAG(s) 'tutorial' retrieved from /home/airflow/.local/lib/python3.12/site-packages/airflow/example_dags/tutorial.py
[2025-06-20T15:26:04.283+0000] {logging_mixin.py:188} INFO - [2025-06-20T15:26:04.283+0000] {dag.py:3096} INFO - Sync 1 DAGs
[2025-06-20T15:26:04.303+0000] {logging_mixin.py:188} INFO - [2025-06-20T15:26:04.303+0000] {dag.py:3954} INFO - Setting next_dagrun for tutorial to 2025-06-19 00:00:00+00:00, run_after=2025-06-20 00:00:00+00:00
[2025-06-20T15:26:04.318+0000] {processor.py:183} INFO - Processing /home/airflow/.local/lib/python3.12/site-packages/airflow/example_dags/tutorial.py took 0.068 seconds
[2025-06-20T15:26:34.584+0000] {processor.py:161} INFO - Started process (PID=6093) to work on /home/airflow/.local/lib/python3.12/site-packages/airflow/example_dags/tutorial.py
[2025-06-20T15:26:34.585+0000] {processor.py:830} INFO - Processing file /home/airflow/.local/lib/python3.12/site-packages/airflow/example_dags/tutorial.py for tasks to queue
[2025-06-20T15:26:34.586+0000] {logging_mixin.py:188} INFO - [2025-06-20T15:26:34.586+0000] {dagbag.py:540} INFO - Filling up the DagBag from /home/airflow/.local/lib/python3.12/site-packages/airflow/example_dags/tutorial.py
[2025-06-20T15:26:34.592+0000] {processor.py:840} INFO - DAG(s) 'tutorial' retrieved from /home/airflow/.local/lib/python3.12/site-packages/airflow/example_dags/tutorial.py
[2025-06-20T15:26:34.611+0000] {logging_mixin.py:188} INFO - [2025-06-20T15:26:34.611+0000] {dag.py:3096} INFO - Sync 1 DAGs
[2025-06-20T15:26:34.631+0000] {logging_mixin.py:188} INFO - [2025-06-20T15:26:34.631+0000] {dag.py:3954} INFO - Setting next_dagrun for tutorial to 2025-06-19 00:00:00+00:00, run_after=2025-06-20 00:00:00+00:00
[2025-06-20T15:26:34.647+0000] {processor.py:183} INFO - Processing /home/airflow/.local/lib/python3.12/site-packages/airflow/example_dags/tutorial.py took 0.069 seconds
[2025-06-20T15:27:04.761+0000] {processor.py:161} INFO - Started process (PID=6152) to work on /home/airflow/.local/lib/python3.12/site-packages/airflow/example_dags/tutorial.py
[2025-06-20T15:27:04.762+0000] {processor.py:830} INFO - Processing file /home/airflow/.local/lib/python3.12/site-packages/airflow/example_dags/tutorial.py for tasks to queue
[2025-06-20T15:27:04.764+0000] {logging_mixin.py:188} INFO - [2025-06-20T15:27:04.763+0000] {dagbag.py:540} INFO - Filling up the DagBag from /home/airflow/.local/lib/python3.12/site-packages/airflow/example_dags/tutorial.py
[2025-06-20T15:27:04.769+0000] {processor.py:840} INFO - DAG(s) 'tutorial' retrieved from /home/airflow/.local/lib/python3.12/site-packages/airflow/example_dags/tutorial.py
[2025-06-20T15:27:04.788+0000] {logging_mixin.py:188} INFO - [2025-06-20T15:27:04.788+0000] {dag.py:3096} INFO - Sync 1 DAGs
[2025-06-20T15:27:04.807+0000] {logging_mixin.py:188} INFO - [2025-06-20T15:27:04.807+0000] {dag.py:3954} INFO - Setting next_dagrun for tutorial to 2025-06-19 00:00:00+00:00, run_after=2025-06-20 00:00:00+00:00
[2025-06-20T15:27:04.823+0000] {processor.py:183} INFO - Processing /home/airflow/.local/lib/python3.12/site-packages/airflow/example_dags/tutorial.py took 0.068 seconds
[2025-06-20T15:27:34.989+0000] {processor.py:161} INFO - Started process (PID=6211) to work on /home/airflow/.local/lib/python3.12/site-packages/airflow/example_dags/tutorial.py
[2025-06-20T15:27:34.990+0000] {processor.py:830} INFO - Processing file /home/airflow/.local/lib/python3.12/site-packages/airflow/example_dags/tutorial.py for tasks to queue
[2025-06-20T15:27:34.992+0000] {logging_mixin.py:188} INFO - [2025-06-20T15:27:34.991+0000] {dagbag.py:540} INFO - Filling up the DagBag from /home/airflow/.local/lib/python3.12/site-packages/airflow/example_dags/tutorial.py
[2025-06-20T15:27:34.998+0000] {processor.py:840} INFO - DAG(s) 'tutorial' retrieved from /home/airflow/.local/lib/python3.12/site-packages/airflow/example_dags/tutorial.py
[2025-06-20T15:27:35.018+0000] {logging_mixin.py:188} INFO - [2025-06-20T15:27:35.017+0000] {dag.py:3096} INFO - Sync 1 DAGs
[2025-06-20T15:27:35.037+0000] {logging_mixin.py:188} INFO - [2025-06-20T15:27:35.037+0000] {dag.py:3954} INFO - Setting next_dagrun for tutorial to 2025-06-19 00:00:00+00:00, run_after=2025-06-20 00:00:00+00:00
[2025-06-20T15:27:35.052+0000] {processor.py:183} INFO - Processing /home/airflow/.local/lib/python3.12/site-packages/airflow/example_dags/tutorial.py took 0.069 seconds
[2025-06-20T15:28:05.430+0000] {processor.py:161} INFO - Started process (PID=6270) to work on /home/airflow/.local/lib/python3.12/site-packages/airflow/example_dags/tutorial.py
[2025-06-20T15:28:05.431+0000] {processor.py:830} INFO - Processing file /home/airflow/.local/lib/python3.12/site-packages/airflow/example_dags/tutorial.py for tasks to queue
[2025-06-20T15:28:05.433+0000] {logging_mixin.py:188} INFO - [2025-06-20T15:28:05.433+0000] {dagbag.py:540} INFO - Filling up the DagBag from /home/airflow/.local/lib/python3.12/site-packages/airflow/example_dags/tutorial.py
[2025-06-20T15:28:05.439+0000] {processor.py:840} INFO - DAG(s) 'tutorial' retrieved from /home/airflow/.local/lib/python3.12/site-packages/airflow/example_dags/tutorial.py
[2025-06-20T15:28:05.458+0000] {logging_mixin.py:188} INFO - [2025-06-20T15:28:05.458+0000] {dag.py:3096} INFO - Sync 1 DAGs
[2025-06-20T15:28:05.478+0000] {logging_mixin.py:188} INFO - [2025-06-20T15:28:05.478+0000] {dag.py:3954} INFO - Setting next_dagrun for tutorial to 2025-06-19 00:00:00+00:00, run_after=2025-06-20 00:00:00+00:00
[2025-06-20T15:28:05.494+0000] {processor.py:183} INFO - Processing /home/airflow/.local/lib/python3.12/site-packages/airflow/example_dags/tutorial.py took 0.070 seconds
[2025-06-20T15:28:36.180+0000] {processor.py:161} INFO - Started process (PID=6329) to work on /home/airflow/.local/lib/python3.12/site-packages/airflow/example_dags/tutorial.py
[2025-06-20T15:28:36.181+0000] {processor.py:830} INFO - Processing file /home/airflow/.local/lib/python3.12/site-packages/airflow/example_dags/tutorial.py for tasks to queue
[2025-06-20T15:28:36.183+0000] {logging_mixin.py:188} INFO - [2025-06-20T15:28:36.183+0000] {dagbag.py:540} INFO - Filling up the DagBag from /home/airflow/.local/lib/python3.12/site-packages/airflow/example_dags/tutorial.py
[2025-06-20T15:28:36.189+0000] {processor.py:840} INFO - DAG(s) 'tutorial' retrieved from /home/airflow/.local/lib/python3.12/site-packages/airflow/example_dags/tutorial.py
[2025-06-20T15:28:36.208+0000] {logging_mixin.py:188} INFO - [2025-06-20T15:28:36.208+0000] {dag.py:3096} INFO - Sync 1 DAGs
[2025-06-20T15:28:36.230+0000] {logging_mixin.py:188} INFO - [2025-06-20T15:28:36.230+0000] {dag.py:3954} INFO - Setting next_dagrun for tutorial to 2025-06-19 00:00:00+00:00, run_after=2025-06-20 00:00:00+00:00
[2025-06-20T15:28:36.247+0000] {processor.py:183} INFO - Processing /home/airflow/.local/lib/python3.12/site-packages/airflow/example_dags/tutorial.py took 0.072 seconds
[2025-06-20T15:29:06.503+0000] {processor.py:161} INFO - Started process (PID=6388) to work on /home/airflow/.local/lib/python3.12/site-packages/airflow/example_dags/tutorial.py
[2025-06-20T15:29:06.505+0000] {processor.py:830} INFO - Processing file /home/airflow/.local/lib/python3.12/site-packages/airflow/example_dags/tutorial.py for tasks to queue
[2025-06-20T15:29:06.509+0000] {logging_mixin.py:188} INFO - [2025-06-20T15:29:06.508+0000] {dagbag.py:540} INFO - Filling up the DagBag from /home/airflow/.local/lib/python3.12/site-packages/airflow/example_dags/tutorial.py
[2025-06-20T15:29:06.519+0000] {processor.py:840} INFO - DAG(s) 'tutorial' retrieved from /home/airflow/.local/lib/python3.12/site-packages/airflow/example_dags/tutorial.py
[2025-06-20T15:29:06.543+0000] {logging_mixin.py:188} INFO - [2025-06-20T15:29:06.543+0000] {dag.py:3096} INFO - Sync 1 DAGs
[2025-06-20T15:29:06.570+0000] {logging_mixin.py:188} INFO - [2025-06-20T15:29:06.570+0000] {dag.py:3954} INFO - Setting next_dagrun for tutorial to 2025-06-19 00:00:00+00:00, run_after=2025-06-20 00:00:00+00:00
[2025-06-20T15:29:06.589+0000] {processor.py:183} INFO - Processing /home/airflow/.local/lib/python3.12/site-packages/airflow/example_dags/tutorial.py took 0.096 seconds
[2025-06-20T15:29:36.733+0000] {processor.py:161} INFO - Started process (PID=6447) to work on /home/airflow/.local/lib/python3.12/site-packages/airflow/example_dags/tutorial.py
[2025-06-20T15:29:36.734+0000] {processor.py:830} INFO - Processing file /home/airflow/.local/lib/python3.12/site-packages/airflow/example_dags/tutorial.py for tasks to queue
[2025-06-20T15:29:36.736+0000] {logging_mixin.py:188} INFO - [2025-06-20T15:29:36.736+0000] {dagbag.py:540} INFO - Filling up the DagBag from /home/airflow/.local/lib/python3.12/site-packages/airflow/example_dags/tutorial.py
[2025-06-20T15:29:36.742+0000] {processor.py:840} INFO - DAG(s) 'tutorial' retrieved from /home/airflow/.local/lib/python3.12/site-packages/airflow/example_dags/tutorial.py
[2025-06-20T15:29:36.762+0000] {logging_mixin.py:188} INFO - [2025-06-20T15:29:36.762+0000] {dag.py:3096} INFO - Sync 1 DAGs
[2025-06-20T15:29:36.786+0000] {logging_mixin.py:188} INFO - [2025-06-20T15:29:36.786+0000] {dag.py:3954} INFO - Setting next_dagrun for tutorial to 2025-06-19 00:00:00+00:00, run_after=2025-06-20 00:00:00+00:00
[2025-06-20T15:29:36.804+0000] {processor.py:183} INFO - Processing /home/airflow/.local/lib/python3.12/site-packages/airflow/example_dags/tutorial.py took 0.077 seconds
[2025-06-20T15:30:07.780+0000] {processor.py:161} INFO - Started process (PID=6506) to work on /home/airflow/.local/lib/python3.12/site-packages/airflow/example_dags/tutorial.py
[2025-06-20T15:30:07.781+0000] {processor.py:830} INFO - Processing file /home/airflow/.local/lib/python3.12/site-packages/airflow/example_dags/tutorial.py for tasks to queue
[2025-06-20T15:30:07.783+0000] {logging_mixin.py:188} INFO - [2025-06-20T15:30:07.783+0000] {dagbag.py:540} INFO - Filling up the DagBag from /home/airflow/.local/lib/python3.12/site-packages/airflow/example_dags/tutorial.py
[2025-06-20T15:30:07.789+0000] {processor.py:840} INFO - DAG(s) 'tutorial' retrieved from /home/airflow/.local/lib/python3.12/site-packages/airflow/example_dags/tutorial.py
[2025-06-20T15:30:07.808+0000] {logging_mixin.py:188} INFO - [2025-06-20T15:30:07.808+0000] {dag.py:3096} INFO - Sync 1 DAGs
[2025-06-20T15:30:07.828+0000] {logging_mixin.py:188} INFO - [2025-06-20T15:30:07.827+0000] {dag.py:3954} INFO - Setting next_dagrun for tutorial to 2025-06-19 00:00:00+00:00, run_after=2025-06-20 00:00:00+00:00
[2025-06-20T15:30:07.843+0000] {processor.py:183} INFO - Processing /home/airflow/.local/lib/python3.12/site-packages/airflow/example_dags/tutorial.py took 0.069 seconds
[2025-06-20T15:30:38.327+0000] {processor.py:161} INFO - Started process (PID=6565) to work on /home/airflow/.local/lib/python3.12/site-packages/airflow/example_dags/tutorial.py
[2025-06-20T15:30:38.328+0000] {processor.py:830} INFO - Processing file /home/airflow/.local/lib/python3.12/site-packages/airflow/example_dags/tutorial.py for tasks to queue
[2025-06-20T15:30:38.330+0000] {logging_mixin.py:188} INFO - [2025-06-20T15:30:38.330+0000] {dagbag.py:540} INFO - Filling up the DagBag from /home/airflow/.local/lib/python3.12/site-packages/airflow/example_dags/tutorial.py
[2025-06-20T15:30:38.336+0000] {processor.py:840} INFO - DAG(s) 'tutorial' retrieved from /home/airflow/.local/lib/python3.12/site-packages/airflow/example_dags/tutorial.py
[2025-06-20T15:30:38.355+0000] {logging_mixin.py:188} INFO - [2025-06-20T15:30:38.355+0000] {dag.py:3096} INFO - Sync 1 DAGs
[2025-06-20T15:30:38.374+0000] {logging_mixin.py:188} INFO - [2025-06-20T15:30:38.374+0000] {dag.py:3954} INFO - Setting next_dagrun for tutorial to 2025-06-19 00:00:00+00:00, run_after=2025-06-20 00:00:00+00:00
[2025-06-20T15:30:38.389+0000] {processor.py:183} INFO - Processing /home/airflow/.local/lib/python3.12/site-packages/airflow/example_dags/tutorial.py took 0.068 seconds
[2025-06-20T15:31:09.026+0000] {processor.py:161} INFO - Started process (PID=6624) to work on /home/airflow/.local/lib/python3.12/site-packages/airflow/example_dags/tutorial.py
[2025-06-20T15:31:09.027+0000] {processor.py:830} INFO - Processing file /home/airflow/.local/lib/python3.12/site-packages/airflow/example_dags/tutorial.py for tasks to queue
[2025-06-20T15:31:09.029+0000] {logging_mixin.py:188} INFO - [2025-06-20T15:31:09.028+0000] {dagbag.py:540} INFO - Filling up the DagBag from /home/airflow/.local/lib/python3.12/site-packages/airflow/example_dags/tutorial.py
[2025-06-20T15:31:09.035+0000] {processor.py:840} INFO - DAG(s) 'tutorial' retrieved from /home/airflow/.local/lib/python3.12/site-packages/airflow/example_dags/tutorial.py
[2025-06-20T15:31:09.057+0000] {logging_mixin.py:188} INFO - [2025-06-20T15:31:09.056+0000] {dag.py:3096} INFO - Sync 1 DAGs
[2025-06-20T15:31:09.211+0000] {logging_mixin.py:188} INFO - [2025-06-20T15:31:09.210+0000] {dag.py:3954} INFO - Setting next_dagrun for tutorial to 2025-06-19 00:00:00+00:00, run_after=2025-06-20 00:00:00+00:00
[2025-06-20T15:31:09.226+0000] {processor.py:183} INFO - Processing /home/airflow/.local/lib/python3.12/site-packages/airflow/example_dags/tutorial.py took 0.207 seconds
[2025-06-20T15:31:39.975+0000] {processor.py:161} INFO - Started process (PID=6683) to work on /home/airflow/.local/lib/python3.12/site-packages/airflow/example_dags/tutorial.py
[2025-06-20T15:31:39.976+0000] {processor.py:830} INFO - Processing file /home/airflow/.local/lib/python3.12/site-packages/airflow/example_dags/tutorial.py for tasks to queue
[2025-06-20T15:31:39.978+0000] {logging_mixin.py:188} INFO - [2025-06-20T15:31:39.978+0000] {dagbag.py:540} INFO - Filling up the DagBag from /home/airflow/.local/lib/python3.12/site-packages/airflow/example_dags/tutorial.py
[2025-06-20T15:31:39.984+0000] {processor.py:840} INFO - DAG(s) 'tutorial' retrieved from /home/airflow/.local/lib/python3.12/site-packages/airflow/example_dags/tutorial.py
[2025-06-20T15:31:40.004+0000] {logging_mixin.py:188} INFO - [2025-06-20T15:31:40.004+0000] {dag.py:3096} INFO - Sync 1 DAGs
[2025-06-20T15:31:40.026+0000] {logging_mixin.py:188} INFO - [2025-06-20T15:31:40.025+0000] {dag.py:3954} INFO - Setting next_dagrun for tutorial to 2025-06-19 00:00:00+00:00, run_after=2025-06-20 00:00:00+00:00
[2025-06-20T15:31:40.042+0000] {processor.py:183} INFO - Processing /home/airflow/.local/lib/python3.12/site-packages/airflow/example_dags/tutorial.py took 0.073 seconds
[2025-06-20T15:32:10.889+0000] {processor.py:161} INFO - Started process (PID=6742) to work on /home/airflow/.local/lib/python3.12/site-packages/airflow/example_dags/tutorial.py
[2025-06-20T15:32:10.890+0000] {processor.py:830} INFO - Processing file /home/airflow/.local/lib/python3.12/site-packages/airflow/example_dags/tutorial.py for tasks to queue
[2025-06-20T15:32:10.892+0000] {logging_mixin.py:188} INFO - [2025-06-20T15:32:10.891+0000] {dagbag.py:540} INFO - Filling up the DagBag from /home/airflow/.local/lib/python3.12/site-packages/airflow/example_dags/tutorial.py
[2025-06-20T15:32:10.897+0000] {processor.py:840} INFO - DAG(s) 'tutorial' retrieved from /home/airflow/.local/lib/python3.12/site-packages/airflow/example_dags/tutorial.py
[2025-06-20T15:32:10.916+0000] {logging_mixin.py:188} INFO - [2025-06-20T15:32:10.916+0000] {dag.py:3096} INFO - Sync 1 DAGs
[2025-06-20T15:32:10.937+0000] {logging_mixin.py:188} INFO - [2025-06-20T15:32:10.937+0000] {dag.py:3954} INFO - Setting next_dagrun for tutorial to 2025-06-19 00:00:00+00:00, run_after=2025-06-20 00:00:00+00:00
[2025-06-20T15:32:10.952+0000] {processor.py:183} INFO - Processing /home/airflow/.local/lib/python3.12/site-packages/airflow/example_dags/tutorial.py took 0.070 seconds
[2025-06-20T15:32:41.541+0000] {processor.py:161} INFO - Started process (PID=6801) to work on /home/airflow/.local/lib/python3.12/site-packages/airflow/example_dags/tutorial.py
[2025-06-20T15:32:41.542+0000] {processor.py:830} INFO - Processing file /home/airflow/.local/lib/python3.12/site-packages/airflow/example_dags/tutorial.py for tasks to queue
[2025-06-20T15:32:41.544+0000] {logging_mixin.py:188} INFO - [2025-06-20T15:32:41.543+0000] {dagbag.py:540} INFO - Filling up the DagBag from /home/airflow/.local/lib/python3.12/site-packages/airflow/example_dags/tutorial.py
[2025-06-20T15:32:41.550+0000] {processor.py:840} INFO - DAG(s) 'tutorial' retrieved from /home/airflow/.local/lib/python3.12/site-packages/airflow/example_dags/tutorial.py
[2025-06-20T15:32:41.570+0000] {logging_mixin.py:188} INFO - [2025-06-20T15:32:41.570+0000] {dag.py:3096} INFO - Sync 1 DAGs
[2025-06-20T15:32:41.590+0000] {logging_mixin.py:188} INFO - [2025-06-20T15:32:41.590+0000] {dag.py:3954} INFO - Setting next_dagrun for tutorial to 2025-06-19 00:00:00+00:00, run_after=2025-06-20 00:00:00+00:00
[2025-06-20T15:32:41.606+0000] {processor.py:183} INFO - Processing /home/airflow/.local/lib/python3.12/site-packages/airflow/example_dags/tutorial.py took 0.071 seconds
[2025-06-20T15:33:12.270+0000] {processor.py:161} INFO - Started process (PID=6860) to work on /home/airflow/.local/lib/python3.12/site-packages/airflow/example_dags/tutorial.py
[2025-06-20T15:33:12.271+0000] {processor.py:830} INFO - Processing file /home/airflow/.local/lib/python3.12/site-packages/airflow/example_dags/tutorial.py for tasks to queue
[2025-06-20T15:33:12.274+0000] {logging_mixin.py:188} INFO - [2025-06-20T15:33:12.274+0000] {dagbag.py:540} INFO - Filling up the DagBag from /home/airflow/.local/lib/python3.12/site-packages/airflow/example_dags/tutorial.py
[2025-06-20T15:33:12.280+0000] {processor.py:840} INFO - DAG(s) 'tutorial' retrieved from /home/airflow/.local/lib/python3.12/site-packages/airflow/example_dags/tutorial.py
[2025-06-20T15:33:12.305+0000] {logging_mixin.py:188} INFO - [2025-06-20T15:33:12.305+0000] {dag.py:3096} INFO - Sync 1 DAGs
[2025-06-20T15:33:12.331+0000] {logging_mixin.py:188} INFO - [2025-06-20T15:33:12.331+0000] {dag.py:3954} INFO - Setting next_dagrun for tutorial to 2025-06-19 00:00:00+00:00, run_after=2025-06-20 00:00:00+00:00
[2025-06-20T15:33:12.347+0000] {processor.py:183} INFO - Processing /home/airflow/.local/lib/python3.12/site-packages/airflow/example_dags/tutorial.py took 0.085 seconds
[2025-06-20T15:33:42.976+0000] {processor.py:161} INFO - Started process (PID=6919) to work on /home/airflow/.local/lib/python3.12/site-packages/airflow/example_dags/tutorial.py
[2025-06-20T15:33:42.977+0000] {processor.py:830} INFO - Processing file /home/airflow/.local/lib/python3.12/site-packages/airflow/example_dags/tutorial.py for tasks to queue
[2025-06-20T15:33:42.979+0000] {logging_mixin.py:188} INFO - [2025-06-20T15:33:42.979+0000] {dagbag.py:540} INFO - Filling up the DagBag from /home/airflow/.local/lib/python3.12/site-packages/airflow/example_dags/tutorial.py
[2025-06-20T15:33:42.985+0000] {processor.py:840} INFO - DAG(s) 'tutorial' retrieved from /home/airflow/.local/lib/python3.12/site-packages/airflow/example_dags/tutorial.py
[2025-06-20T15:33:43.004+0000] {logging_mixin.py:188} INFO - [2025-06-20T15:33:43.004+0000] {dag.py:3096} INFO - Sync 1 DAGs
[2025-06-20T15:33:43.024+0000] {logging_mixin.py:188} INFO - [2025-06-20T15:33:43.024+0000] {dag.py:3954} INFO - Setting next_dagrun for tutorial to 2025-06-19 00:00:00+00:00, run_after=2025-06-20 00:00:00+00:00
[2025-06-20T15:33:43.041+0000] {processor.py:183} INFO - Processing /home/airflow/.local/lib/python3.12/site-packages/airflow/example_dags/tutorial.py took 0.073 seconds
[2025-06-20T15:34:13.759+0000] {processor.py:161} INFO - Started process (PID=6978) to work on /home/airflow/.local/lib/python3.12/site-packages/airflow/example_dags/tutorial.py
[2025-06-20T15:34:13.760+0000] {processor.py:830} INFO - Processing file /home/airflow/.local/lib/python3.12/site-packages/airflow/example_dags/tutorial.py for tasks to queue
[2025-06-20T15:34:13.762+0000] {logging_mixin.py:188} INFO - [2025-06-20T15:34:13.762+0000] {dagbag.py:540} INFO - Filling up the DagBag from /home/airflow/.local/lib/python3.12/site-packages/airflow/example_dags/tutorial.py
[2025-06-20T15:34:13.768+0000] {processor.py:840} INFO - DAG(s) 'tutorial' retrieved from /home/airflow/.local/lib/python3.12/site-packages/airflow/example_dags/tutorial.py
[2025-06-20T15:34:13.787+0000] {logging_mixin.py:188} INFO - [2025-06-20T15:34:13.787+0000] {dag.py:3096} INFO - Sync 1 DAGs
[2025-06-20T15:34:13.809+0000] {logging_mixin.py:188} INFO - [2025-06-20T15:34:13.809+0000] {dag.py:3954} INFO - Setting next_dagrun for tutorial to 2025-06-19 00:00:00+00:00, run_after=2025-06-20 00:00:00+00:00
[2025-06-20T15:34:13.826+0000] {processor.py:183} INFO - Processing /home/airflow/.local/lib/python3.12/site-packages/airflow/example_dags/tutorial.py took 0.072 seconds
[2025-06-20T15:34:44.539+0000] {processor.py:161} INFO - Started process (PID=7037) to work on /home/airflow/.local/lib/python3.12/site-packages/airflow/example_dags/tutorial.py
[2025-06-20T15:34:44.539+0000] {processor.py:830} INFO - Processing file /home/airflow/.local/lib/python3.12/site-packages/airflow/example_dags/tutorial.py for tasks to queue
[2025-06-20T15:34:44.541+0000] {logging_mixin.py:188} INFO - [2025-06-20T15:34:44.541+0000] {dagbag.py:540} INFO - Filling up the DagBag from /home/airflow/.local/lib/python3.12/site-packages/airflow/example_dags/tutorial.py
[2025-06-20T15:34:44.548+0000] {processor.py:840} INFO - DAG(s) 'tutorial' retrieved from /home/airflow/.local/lib/python3.12/site-packages/airflow/example_dags/tutorial.py
[2025-06-20T15:34:44.567+0000] {logging_mixin.py:188} INFO - [2025-06-20T15:34:44.567+0000] {dag.py:3096} INFO - Sync 1 DAGs
[2025-06-20T15:34:44.587+0000] {logging_mixin.py:188} INFO - [2025-06-20T15:34:44.587+0000] {dag.py:3954} INFO - Setting next_dagrun for tutorial to 2025-06-19 00:00:00+00:00, run_after=2025-06-20 00:00:00+00:00
[2025-06-20T15:34:44.602+0000] {processor.py:183} INFO - Processing /home/airflow/.local/lib/python3.12/site-packages/airflow/example_dags/tutorial.py took 0.070 seconds
[2025-06-20T15:35:14.788+0000] {processor.py:161} INFO - Started process (PID=7096) to work on /home/airflow/.local/lib/python3.12/site-packages/airflow/example_dags/tutorial.py
[2025-06-20T15:35:14.789+0000] {processor.py:830} INFO - Processing file /home/airflow/.local/lib/python3.12/site-packages/airflow/example_dags/tutorial.py for tasks to queue
[2025-06-20T15:35:14.791+0000] {logging_mixin.py:188} INFO - [2025-06-20T15:35:14.791+0000] {dagbag.py:540} INFO - Filling up the DagBag from /home/airflow/.local/lib/python3.12/site-packages/airflow/example_dags/tutorial.py
[2025-06-20T15:35:14.797+0000] {processor.py:840} INFO - DAG(s) 'tutorial' retrieved from /home/airflow/.local/lib/python3.12/site-packages/airflow/example_dags/tutorial.py
[2025-06-20T15:35:14.815+0000] {logging_mixin.py:188} INFO - [2025-06-20T15:35:14.815+0000] {dag.py:3096} INFO - Sync 1 DAGs
[2025-06-20T15:35:14.835+0000] {logging_mixin.py:188} INFO - [2025-06-20T15:35:14.835+0000] {dag.py:3954} INFO - Setting next_dagrun for tutorial to 2025-06-19 00:00:00+00:00, run_after=2025-06-20 00:00:00+00:00
[2025-06-20T15:35:14.851+0000] {processor.py:183} INFO - Processing /home/airflow/.local/lib/python3.12/site-packages/airflow/example_dags/tutorial.py took 0.069 seconds
[2025-06-20T15:35:44.936+0000] {processor.py:161} INFO - Started process (PID=7155) to work on /home/airflow/.local/lib/python3.12/site-packages/airflow/example_dags/tutorial.py
[2025-06-20T15:35:44.937+0000] {processor.py:830} INFO - Processing file /home/airflow/.local/lib/python3.12/site-packages/airflow/example_dags/tutorial.py for tasks to queue
[2025-06-20T15:35:44.939+0000] {logging_mixin.py:188} INFO - [2025-06-20T15:35:44.939+0000] {dagbag.py:540} INFO - Filling up the DagBag from /home/airflow/.local/lib/python3.12/site-packages/airflow/example_dags/tutorial.py
[2025-06-20T15:35:44.945+0000] {processor.py:840} INFO - DAG(s) 'tutorial' retrieved from /home/airflow/.local/lib/python3.12/site-packages/airflow/example_dags/tutorial.py
[2025-06-20T15:35:44.966+0000] {logging_mixin.py:188} INFO - [2025-06-20T15:35:44.966+0000] {dag.py:3096} INFO - Sync 1 DAGs
[2025-06-20T15:35:44.987+0000] {logging_mixin.py:188} INFO - [2025-06-20T15:35:44.987+0000] {dag.py:3954} INFO - Setting next_dagrun for tutorial to 2025-06-19 00:00:00+00:00, run_after=2025-06-20 00:00:00+00:00
[2025-06-20T15:35:45.004+0000] {processor.py:183} INFO - Processing /home/airflow/.local/lib/python3.12/site-packages/airflow/example_dags/tutorial.py took 0.075 seconds
[2025-06-20T15:36:15.084+0000] {processor.py:161} INFO - Started process (PID=7213) to work on /home/airflow/.local/lib/python3.12/site-packages/airflow/example_dags/tutorial.py
[2025-06-20T15:36:15.085+0000] {processor.py:830} INFO - Processing file /home/airflow/.local/lib/python3.12/site-packages/airflow/example_dags/tutorial.py for tasks to queue
[2025-06-20T15:36:15.086+0000] {logging_mixin.py:188} INFO - [2025-06-20T15:36:15.086+0000] {dagbag.py:540} INFO - Filling up the DagBag from /home/airflow/.local/lib/python3.12/site-packages/airflow/example_dags/tutorial.py
[2025-06-20T15:36:15.092+0000] {processor.py:840} INFO - DAG(s) 'tutorial' retrieved from /home/airflow/.local/lib/python3.12/site-packages/airflow/example_dags/tutorial.py
[2025-06-20T15:36:15.111+0000] {logging_mixin.py:188} INFO - [2025-06-20T15:36:15.111+0000] {dag.py:3096} INFO - Sync 1 DAGs
[2025-06-20T15:36:15.131+0000] {logging_mixin.py:188} INFO - [2025-06-20T15:36:15.131+0000] {dag.py:3954} INFO - Setting next_dagrun for tutorial to 2025-06-19 00:00:00+00:00, run_after=2025-06-20 00:00:00+00:00
[2025-06-20T15:36:15.147+0000] {processor.py:183} INFO - Processing /home/airflow/.local/lib/python3.12/site-packages/airflow/example_dags/tutorial.py took 0.069 seconds
[2025-06-20T15:36:45.211+0000] {processor.py:161} INFO - Started process (PID=7272) to work on /home/airflow/.local/lib/python3.12/site-packages/airflow/example_dags/tutorial.py
[2025-06-20T15:36:45.212+0000] {processor.py:830} INFO - Processing file /home/airflow/.local/lib/python3.12/site-packages/airflow/example_dags/tutorial.py for tasks to queue
[2025-06-20T15:36:45.214+0000] {logging_mixin.py:188} INFO - [2025-06-20T15:36:45.214+0000] {dagbag.py:540} INFO - Filling up the DagBag from /home/airflow/.local/lib/python3.12/site-packages/airflow/example_dags/tutorial.py
[2025-06-20T15:36:45.220+0000] {processor.py:840} INFO - DAG(s) 'tutorial' retrieved from /home/airflow/.local/lib/python3.12/site-packages/airflow/example_dags/tutorial.py
[2025-06-20T15:36:45.240+0000] {logging_mixin.py:188} INFO - [2025-06-20T15:36:45.240+0000] {dag.py:3096} INFO - Sync 1 DAGs
[2025-06-20T15:36:45.262+0000] {logging_mixin.py:188} INFO - [2025-06-20T15:36:45.262+0000] {dag.py:3954} INFO - Setting next_dagrun for tutorial to 2025-06-19 00:00:00+00:00, run_after=2025-06-20 00:00:00+00:00
[2025-06-20T15:36:45.278+0000] {processor.py:183} INFO - Processing /home/airflow/.local/lib/python3.12/site-packages/airflow/example_dags/tutorial.py took 0.073 seconds
[2025-06-20T15:37:15.475+0000] {processor.py:161} INFO - Started process (PID=7331) to work on /home/airflow/.local/lib/python3.12/site-packages/airflow/example_dags/tutorial.py
[2025-06-20T15:37:15.477+0000] {processor.py:830} INFO - Processing file /home/airflow/.local/lib/python3.12/site-packages/airflow/example_dags/tutorial.py for tasks to queue
[2025-06-20T15:37:15.479+0000] {logging_mixin.py:188} INFO - [2025-06-20T15:37:15.478+0000] {dagbag.py:540} INFO - Filling up the DagBag from /home/airflow/.local/lib/python3.12/site-packages/airflow/example_dags/tutorial.py
[2025-06-20T15:37:15.485+0000] {processor.py:840} INFO - DAG(s) 'tutorial' retrieved from /home/airflow/.local/lib/python3.12/site-packages/airflow/example_dags/tutorial.py
[2025-06-20T15:37:15.507+0000] {logging_mixin.py:188} INFO - [2025-06-20T15:37:15.507+0000] {dag.py:3096} INFO - Sync 1 DAGs
[2025-06-20T15:37:15.528+0000] {logging_mixin.py:188} INFO - [2025-06-20T15:37:15.527+0000] {dag.py:3954} INFO - Setting next_dagrun for tutorial to 2025-06-19 00:00:00+00:00, run_after=2025-06-20 00:00:00+00:00
[2025-06-20T15:37:15.544+0000] {processor.py:183} INFO - Processing /home/airflow/.local/lib/python3.12/site-packages/airflow/example_dags/tutorial.py took 0.075 seconds
[2025-06-20T15:37:45.693+0000] {processor.py:161} INFO - Started process (PID=7390) to work on /home/airflow/.local/lib/python3.12/site-packages/airflow/example_dags/tutorial.py
[2025-06-20T15:37:45.694+0000] {processor.py:830} INFO - Processing file /home/airflow/.local/lib/python3.12/site-packages/airflow/example_dags/tutorial.py for tasks to queue
[2025-06-20T15:37:45.696+0000] {logging_mixin.py:188} INFO - [2025-06-20T15:37:45.695+0000] {dagbag.py:540} INFO - Filling up the DagBag from /home/airflow/.local/lib/python3.12/site-packages/airflow/example_dags/tutorial.py
[2025-06-20T15:37:45.701+0000] {processor.py:840} INFO - DAG(s) 'tutorial' retrieved from /home/airflow/.local/lib/python3.12/site-packages/airflow/example_dags/tutorial.py
[2025-06-20T15:37:45.720+0000] {logging_mixin.py:188} INFO - [2025-06-20T15:37:45.720+0000] {dag.py:3096} INFO - Sync 1 DAGs
[2025-06-20T15:37:45.740+0000] {logging_mixin.py:188} INFO - [2025-06-20T15:37:45.739+0000] {dag.py:3954} INFO - Setting next_dagrun for tutorial to 2025-06-19 00:00:00+00:00, run_after=2025-06-20 00:00:00+00:00
[2025-06-20T15:37:45.755+0000] {processor.py:183} INFO - Processing /home/airflow/.local/lib/python3.12/site-packages/airflow/example_dags/tutorial.py took 0.068 seconds
[2025-06-20T15:38:15.926+0000] {processor.py:161} INFO - Started process (PID=7449) to work on /home/airflow/.local/lib/python3.12/site-packages/airflow/example_dags/tutorial.py
[2025-06-20T15:38:15.927+0000] {processor.py:830} INFO - Processing file /home/airflow/.local/lib/python3.12/site-packages/airflow/example_dags/tutorial.py for tasks to queue
[2025-06-20T15:38:15.929+0000] {logging_mixin.py:188} INFO - [2025-06-20T15:38:15.929+0000] {dagbag.py:540} INFO - Filling up the DagBag from /home/airflow/.local/lib/python3.12/site-packages/airflow/example_dags/tutorial.py
[2025-06-20T15:38:15.935+0000] {processor.py:840} INFO - DAG(s) 'tutorial' retrieved from /home/airflow/.local/lib/python3.12/site-packages/airflow/example_dags/tutorial.py
[2025-06-20T15:38:15.954+0000] {logging_mixin.py:188} INFO - [2025-06-20T15:38:15.953+0000] {dag.py:3096} INFO - Sync 1 DAGs
[2025-06-20T15:38:15.973+0000] {logging_mixin.py:188} INFO - [2025-06-20T15:38:15.973+0000] {dag.py:3954} INFO - Setting next_dagrun for tutorial to 2025-06-19 00:00:00+00:00, run_after=2025-06-20 00:00:00+00:00
[2025-06-20T15:38:15.989+0000] {processor.py:183} INFO - Processing /home/airflow/.local/lib/python3.12/site-packages/airflow/example_dags/tutorial.py took 0.069 seconds
[2025-06-20T15:38:46.645+0000] {processor.py:161} INFO - Started process (PID=7508) to work on /home/airflow/.local/lib/python3.12/site-packages/airflow/example_dags/tutorial.py
[2025-06-20T15:38:46.646+0000] {processor.py:830} INFO - Processing file /home/airflow/.local/lib/python3.12/site-packages/airflow/example_dags/tutorial.py for tasks to queue
[2025-06-20T15:38:46.648+0000] {logging_mixin.py:188} INFO - [2025-06-20T15:38:46.648+0000] {dagbag.py:540} INFO - Filling up the DagBag from /home/airflow/.local/lib/python3.12/site-packages/airflow/example_dags/tutorial.py
[2025-06-20T15:38:46.654+0000] {processor.py:840} INFO - DAG(s) 'tutorial' retrieved from /home/airflow/.local/lib/python3.12/site-packages/airflow/example_dags/tutorial.py
[2025-06-20T15:38:46.673+0000] {logging_mixin.py:188} INFO - [2025-06-20T15:38:46.673+0000] {dag.py:3096} INFO - Sync 1 DAGs
[2025-06-20T15:38:46.694+0000] {logging_mixin.py:188} INFO - [2025-06-20T15:38:46.694+0000] {dag.py:3954} INFO - Setting next_dagrun for tutorial to 2025-06-19 00:00:00+00:00, run_after=2025-06-20 00:00:00+00:00
[2025-06-20T15:38:46.711+0000] {processor.py:183} INFO - Processing /home/airflow/.local/lib/python3.12/site-packages/airflow/example_dags/tutorial.py took 0.073 seconds
[2025-06-20T15:39:17.342+0000] {processor.py:161} INFO - Started process (PID=7567) to work on /home/airflow/.local/lib/python3.12/site-packages/airflow/example_dags/tutorial.py
[2025-06-20T15:39:17.343+0000] {processor.py:830} INFO - Processing file /home/airflow/.local/lib/python3.12/site-packages/airflow/example_dags/tutorial.py for tasks to queue
[2025-06-20T15:39:17.345+0000] {logging_mixin.py:188} INFO - [2025-06-20T15:39:17.345+0000] {dagbag.py:540} INFO - Filling up the DagBag from /home/airflow/.local/lib/python3.12/site-packages/airflow/example_dags/tutorial.py
[2025-06-20T15:39:17.351+0000] {processor.py:840} INFO - DAG(s) 'tutorial' retrieved from /home/airflow/.local/lib/python3.12/site-packages/airflow/example_dags/tutorial.py
[2025-06-20T15:39:17.370+0000] {logging_mixin.py:188} INFO - [2025-06-20T15:39:17.370+0000] {dag.py:3096} INFO - Sync 1 DAGs
[2025-06-20T15:39:17.390+0000] {logging_mixin.py:188} INFO - [2025-06-20T15:39:17.390+0000] {dag.py:3954} INFO - Setting next_dagrun for tutorial to 2025-06-19 00:00:00+00:00, run_after=2025-06-20 00:00:00+00:00
[2025-06-20T15:39:17.406+0000] {processor.py:183} INFO - Processing /home/airflow/.local/lib/python3.12/site-packages/airflow/example_dags/tutorial.py took 0.070 seconds
[2025-06-20T15:39:47.888+0000] {processor.py:161} INFO - Started process (PID=7626) to work on /home/airflow/.local/lib/python3.12/site-packages/airflow/example_dags/tutorial.py
[2025-06-20T15:39:47.889+0000] {processor.py:830} INFO - Processing file /home/airflow/.local/lib/python3.12/site-packages/airflow/example_dags/tutorial.py for tasks to queue
[2025-06-20T15:39:47.891+0000] {logging_mixin.py:188} INFO - [2025-06-20T15:39:47.891+0000] {dagbag.py:540} INFO - Filling up the DagBag from /home/airflow/.local/lib/python3.12/site-packages/airflow/example_dags/tutorial.py
[2025-06-20T15:39:47.897+0000] {processor.py:840} INFO - DAG(s) 'tutorial' retrieved from /home/airflow/.local/lib/python3.12/site-packages/airflow/example_dags/tutorial.py
[2025-06-20T15:39:47.916+0000] {logging_mixin.py:188} INFO - [2025-06-20T15:39:47.916+0000] {dag.py:3096} INFO - Sync 1 DAGs
[2025-06-20T15:39:47.936+0000] {logging_mixin.py:188} INFO - [2025-06-20T15:39:47.936+0000] {dag.py:3954} INFO - Setting next_dagrun for tutorial to 2025-06-19 00:00:00+00:00, run_after=2025-06-20 00:00:00+00:00
[2025-06-20T15:39:47.952+0000] {processor.py:183} INFO - Processing /home/airflow/.local/lib/python3.12/site-packages/airflow/example_dags/tutorial.py took 0.070 seconds
[2025-06-20T15:40:18.649+0000] {processor.py:161} INFO - Started process (PID=7685) to work on /home/airflow/.local/lib/python3.12/site-packages/airflow/example_dags/tutorial.py
[2025-06-20T15:40:18.650+0000] {processor.py:830} INFO - Processing file /home/airflow/.local/lib/python3.12/site-packages/airflow/example_dags/tutorial.py for tasks to queue
[2025-06-20T15:40:18.652+0000] {logging_mixin.py:188} INFO - [2025-06-20T15:40:18.651+0000] {dagbag.py:540} INFO - Filling up the DagBag from /home/airflow/.local/lib/python3.12/site-packages/airflow/example_dags/tutorial.py
[2025-06-20T15:40:18.658+0000] {processor.py:840} INFO - DAG(s) 'tutorial' retrieved from /home/airflow/.local/lib/python3.12/site-packages/airflow/example_dags/tutorial.py
[2025-06-20T15:40:18.676+0000] {logging_mixin.py:188} INFO - [2025-06-20T15:40:18.676+0000] {dag.py:3096} INFO - Sync 1 DAGs
[2025-06-20T15:40:18.697+0000] {logging_mixin.py:188} INFO - [2025-06-20T15:40:18.696+0000] {dag.py:3954} INFO - Setting next_dagrun for tutorial to 2025-06-19 00:00:00+00:00, run_after=2025-06-20 00:00:00+00:00
[2025-06-20T15:40:18.712+0000] {processor.py:183} INFO - Processing /home/airflow/.local/lib/python3.12/site-packages/airflow/example_dags/tutorial.py took 0.071 seconds
[2025-06-20T15:40:49.199+0000] {processor.py:161} INFO - Started process (PID=7744) to work on /home/airflow/.local/lib/python3.12/site-packages/airflow/example_dags/tutorial.py
[2025-06-20T15:40:49.200+0000] {processor.py:830} INFO - Processing file /home/airflow/.local/lib/python3.12/site-packages/airflow/example_dags/tutorial.py for tasks to queue
[2025-06-20T15:40:49.202+0000] {logging_mixin.py:188} INFO - [2025-06-20T15:40:49.201+0000] {dagbag.py:540} INFO - Filling up the DagBag from /home/airflow/.local/lib/python3.12/site-packages/airflow/example_dags/tutorial.py
[2025-06-20T15:40:49.207+0000] {processor.py:840} INFO - DAG(s) 'tutorial' retrieved from /home/airflow/.local/lib/python3.12/site-packages/airflow/example_dags/tutorial.py
[2025-06-20T15:40:49.226+0000] {logging_mixin.py:188} INFO - [2025-06-20T15:40:49.226+0000] {dag.py:3096} INFO - Sync 1 DAGs
[2025-06-20T15:40:49.247+0000] {logging_mixin.py:188} INFO - [2025-06-20T15:40:49.246+0000] {dag.py:3954} INFO - Setting next_dagrun for tutorial to 2025-06-19 00:00:00+00:00, run_after=2025-06-20 00:00:00+00:00
[2025-06-20T15:40:49.262+0000] {processor.py:183} INFO - Processing /home/airflow/.local/lib/python3.12/site-packages/airflow/example_dags/tutorial.py took 0.069 seconds
[2025-06-20T15:41:19.773+0000] {processor.py:161} INFO - Started process (PID=7803) to work on /home/airflow/.local/lib/python3.12/site-packages/airflow/example_dags/tutorial.py
[2025-06-20T15:41:19.774+0000] {processor.py:830} INFO - Processing file /home/airflow/.local/lib/python3.12/site-packages/airflow/example_dags/tutorial.py for tasks to queue
[2025-06-20T15:41:19.776+0000] {logging_mixin.py:188} INFO - [2025-06-20T15:41:19.776+0000] {dagbag.py:540} INFO - Filling up the DagBag from /home/airflow/.local/lib/python3.12/site-packages/airflow/example_dags/tutorial.py
[2025-06-20T15:41:19.782+0000] {processor.py:840} INFO - DAG(s) 'tutorial' retrieved from /home/airflow/.local/lib/python3.12/site-packages/airflow/example_dags/tutorial.py
[2025-06-20T15:41:19.801+0000] {logging_mixin.py:188} INFO - [2025-06-20T15:41:19.801+0000] {dag.py:3096} INFO - Sync 1 DAGs
[2025-06-20T15:41:19.820+0000] {logging_mixin.py:188} INFO - [2025-06-20T15:41:19.820+0000] {dag.py:3954} INFO - Setting next_dagrun for tutorial to 2025-06-19 00:00:00+00:00, run_after=2025-06-20 00:00:00+00:00
[2025-06-20T15:41:19.837+0000] {processor.py:183} INFO - Processing /home/airflow/.local/lib/python3.12/site-packages/airflow/example_dags/tutorial.py took 0.070 seconds
[2025-06-20T15:41:50.412+0000] {processor.py:161} INFO - Started process (PID=7862) to work on /home/airflow/.local/lib/python3.12/site-packages/airflow/example_dags/tutorial.py
[2025-06-20T15:41:50.413+0000] {processor.py:830} INFO - Processing file /home/airflow/.local/lib/python3.12/site-packages/airflow/example_dags/tutorial.py for tasks to queue
[2025-06-20T15:41:50.415+0000] {logging_mixin.py:188} INFO - [2025-06-20T15:41:50.415+0000] {dagbag.py:540} INFO - Filling up the DagBag from /home/airflow/.local/lib/python3.12/site-packages/airflow/example_dags/tutorial.py
[2025-06-20T15:41:50.421+0000] {processor.py:840} INFO - DAG(s) 'tutorial' retrieved from /home/airflow/.local/lib/python3.12/site-packages/airflow/example_dags/tutorial.py
[2025-06-20T15:41:50.441+0000] {logging_mixin.py:188} INFO - [2025-06-20T15:41:50.441+0000] {dag.py:3096} INFO - Sync 1 DAGs
[2025-06-20T15:41:50.463+0000] {logging_mixin.py:188} INFO - [2025-06-20T15:41:50.463+0000] {dag.py:3954} INFO - Setting next_dagrun for tutorial to 2025-06-19 00:00:00+00:00, run_after=2025-06-20 00:00:00+00:00
[2025-06-20T15:41:50.480+0000] {processor.py:183} INFO - Processing /home/airflow/.local/lib/python3.12/site-packages/airflow/example_dags/tutorial.py took 0.074 seconds
[2025-06-20T15:42:21.058+0000] {processor.py:161} INFO - Started process (PID=7921) to work on /home/airflow/.local/lib/python3.12/site-packages/airflow/example_dags/tutorial.py
[2025-06-20T15:42:21.059+0000] {processor.py:830} INFO - Processing file /home/airflow/.local/lib/python3.12/site-packages/airflow/example_dags/tutorial.py for tasks to queue
[2025-06-20T15:42:21.061+0000] {logging_mixin.py:188} INFO - [2025-06-20T15:42:21.061+0000] {dagbag.py:540} INFO - Filling up the DagBag from /home/airflow/.local/lib/python3.12/site-packages/airflow/example_dags/tutorial.py
[2025-06-20T15:42:21.068+0000] {processor.py:840} INFO - DAG(s) 'tutorial' retrieved from /home/airflow/.local/lib/python3.12/site-packages/airflow/example_dags/tutorial.py
[2025-06-20T15:42:21.088+0000] {logging_mixin.py:188} INFO - [2025-06-20T15:42:21.088+0000] {dag.py:3096} INFO - Sync 1 DAGs
[2025-06-20T15:42:21.110+0000] {logging_mixin.py:188} INFO - [2025-06-20T15:42:21.110+0000] {dag.py:3954} INFO - Setting next_dagrun for tutorial to 2025-06-19 00:00:00+00:00, run_after=2025-06-20 00:00:00+00:00
[2025-06-20T15:42:21.126+0000] {processor.py:183} INFO - Processing /home/airflow/.local/lib/python3.12/site-packages/airflow/example_dags/tutorial.py took 0.074 seconds
[2025-06-20T15:42:51.900+0000] {processor.py:161} INFO - Started process (PID=7980) to work on /home/airflow/.local/lib/python3.12/site-packages/airflow/example_dags/tutorial.py
[2025-06-20T15:42:51.901+0000] {processor.py:830} INFO - Processing file /home/airflow/.local/lib/python3.12/site-packages/airflow/example_dags/tutorial.py for tasks to queue
[2025-06-20T15:42:51.903+0000] {logging_mixin.py:188} INFO - [2025-06-20T15:42:51.902+0000] {dagbag.py:540} INFO - Filling up the DagBag from /home/airflow/.local/lib/python3.12/site-packages/airflow/example_dags/tutorial.py
[2025-06-20T15:42:51.909+0000] {processor.py:840} INFO - DAG(s) 'tutorial' retrieved from /home/airflow/.local/lib/python3.12/site-packages/airflow/example_dags/tutorial.py
[2025-06-20T15:42:51.929+0000] {logging_mixin.py:188} INFO - [2025-06-20T15:42:51.929+0000] {dag.py:3096} INFO - Sync 1 DAGs
[2025-06-20T15:42:51.950+0000] {logging_mixin.py:188} INFO - [2025-06-20T15:42:51.950+0000] {dag.py:3954} INFO - Setting next_dagrun for tutorial to 2025-06-19 00:00:00+00:00, run_after=2025-06-20 00:00:00+00:00
[2025-06-20T15:42:51.966+0000] {processor.py:183} INFO - Processing /home/airflow/.local/lib/python3.12/site-packages/airflow/example_dags/tutorial.py took 0.072 seconds
[2025-06-20T15:43:22.469+0000] {processor.py:161} INFO - Started process (PID=8039) to work on /home/airflow/.local/lib/python3.12/site-packages/airflow/example_dags/tutorial.py
[2025-06-20T15:43:22.470+0000] {processor.py:830} INFO - Processing file /home/airflow/.local/lib/python3.12/site-packages/airflow/example_dags/tutorial.py for tasks to queue
[2025-06-20T15:43:22.472+0000] {logging_mixin.py:188} INFO - [2025-06-20T15:43:22.471+0000] {dagbag.py:540} INFO - Filling up the DagBag from /home/airflow/.local/lib/python3.12/site-packages/airflow/example_dags/tutorial.py
[2025-06-20T15:43:22.477+0000] {processor.py:840} INFO - DAG(s) 'tutorial' retrieved from /home/airflow/.local/lib/python3.12/site-packages/airflow/example_dags/tutorial.py
[2025-06-20T15:43:22.496+0000] {logging_mixin.py:188} INFO - [2025-06-20T15:43:22.496+0000] {dag.py:3096} INFO - Sync 1 DAGs
[2025-06-20T15:43:22.516+0000] {logging_mixin.py:188} INFO - [2025-06-20T15:43:22.516+0000] {dag.py:3954} INFO - Setting next_dagrun for tutorial to 2025-06-19 00:00:00+00:00, run_after=2025-06-20 00:00:00+00:00
[2025-06-20T15:43:22.531+0000] {processor.py:183} INFO - Processing /home/airflow/.local/lib/python3.12/site-packages/airflow/example_dags/tutorial.py took 0.068 seconds
[2025-06-20T15:43:53.099+0000] {processor.py:161} INFO - Started process (PID=8098) to work on /home/airflow/.local/lib/python3.12/site-packages/airflow/example_dags/tutorial.py
[2025-06-20T15:43:53.099+0000] {processor.py:830} INFO - Processing file /home/airflow/.local/lib/python3.12/site-packages/airflow/example_dags/tutorial.py for tasks to queue
[2025-06-20T15:43:53.101+0000] {logging_mixin.py:188} INFO - [2025-06-20T15:43:53.101+0000] {dagbag.py:540} INFO - Filling up the DagBag from /home/airflow/.local/lib/python3.12/site-packages/airflow/example_dags/tutorial.py
[2025-06-20T15:43:53.107+0000] {processor.py:840} INFO - DAG(s) 'tutorial' retrieved from /home/airflow/.local/lib/python3.12/site-packages/airflow/example_dags/tutorial.py
[2025-06-20T15:43:53.126+0000] {logging_mixin.py:188} INFO - [2025-06-20T15:43:53.126+0000] {dag.py:3096} INFO - Sync 1 DAGs
[2025-06-20T15:43:53.146+0000] {logging_mixin.py:188} INFO - [2025-06-20T15:43:53.146+0000] {dag.py:3954} INFO - Setting next_dagrun for tutorial to 2025-06-19 00:00:00+00:00, run_after=2025-06-20 00:00:00+00:00
[2025-06-20T15:43:53.163+0000] {processor.py:183} INFO - Processing /home/airflow/.local/lib/python3.12/site-packages/airflow/example_dags/tutorial.py took 0.070 seconds
[2025-06-20T15:44:23.847+0000] {processor.py:161} INFO - Started process (PID=8157) to work on /home/airflow/.local/lib/python3.12/site-packages/airflow/example_dags/tutorial.py
[2025-06-20T15:44:23.848+0000] {processor.py:830} INFO - Processing file /home/airflow/.local/lib/python3.12/site-packages/airflow/example_dags/tutorial.py for tasks to queue
[2025-06-20T15:44:23.850+0000] {logging_mixin.py:188} INFO - [2025-06-20T15:44:23.849+0000] {dagbag.py:540} INFO - Filling up the DagBag from /home/airflow/.local/lib/python3.12/site-packages/airflow/example_dags/tutorial.py
[2025-06-20T15:44:23.855+0000] {processor.py:840} INFO - DAG(s) 'tutorial' retrieved from /home/airflow/.local/lib/python3.12/site-packages/airflow/example_dags/tutorial.py
[2025-06-20T15:44:23.874+0000] {logging_mixin.py:188} INFO - [2025-06-20T15:44:23.874+0000] {dag.py:3096} INFO - Sync 1 DAGs
[2025-06-20T15:44:23.894+0000] {logging_mixin.py:188} INFO - [2025-06-20T15:44:23.894+0000] {dag.py:3954} INFO - Setting next_dagrun for tutorial to 2025-06-19 00:00:00+00:00, run_after=2025-06-20 00:00:00+00:00
[2025-06-20T15:44:23.909+0000] {processor.py:183} INFO - Processing /home/airflow/.local/lib/python3.12/site-packages/airflow/example_dags/tutorial.py took 0.068 seconds
[2025-06-20T15:44:54.557+0000] {processor.py:161} INFO - Started process (PID=8216) to work on /home/airflow/.local/lib/python3.12/site-packages/airflow/example_dags/tutorial.py
[2025-06-20T15:44:54.558+0000] {processor.py:830} INFO - Processing file /home/airflow/.local/lib/python3.12/site-packages/airflow/example_dags/tutorial.py for tasks to queue
[2025-06-20T15:44:54.560+0000] {logging_mixin.py:188} INFO - [2025-06-20T15:44:54.559+0000] {dagbag.py:540} INFO - Filling up the DagBag from /home/airflow/.local/lib/python3.12/site-packages/airflow/example_dags/tutorial.py
[2025-06-20T15:44:54.565+0000] {processor.py:840} INFO - DAG(s) 'tutorial' retrieved from /home/airflow/.local/lib/python3.12/site-packages/airflow/example_dags/tutorial.py
[2025-06-20T15:44:54.584+0000] {logging_mixin.py:188} INFO - [2025-06-20T15:44:54.584+0000] {dag.py:3096} INFO - Sync 1 DAGs
[2025-06-20T15:44:54.604+0000] {logging_mixin.py:188} INFO - [2025-06-20T15:44:54.604+0000] {dag.py:3954} INFO - Setting next_dagrun for tutorial to 2025-06-19 00:00:00+00:00, run_after=2025-06-20 00:00:00+00:00
[2025-06-20T15:44:54.620+0000] {processor.py:183} INFO - Processing /home/airflow/.local/lib/python3.12/site-packages/airflow/example_dags/tutorial.py took 0.070 seconds
[2025-06-20T15:45:25.389+0000] {processor.py:161} INFO - Started process (PID=8275) to work on /home/airflow/.local/lib/python3.12/site-packages/airflow/example_dags/tutorial.py
[2025-06-20T15:45:25.389+0000] {processor.py:830} INFO - Processing file /home/airflow/.local/lib/python3.12/site-packages/airflow/example_dags/tutorial.py for tasks to queue
[2025-06-20T15:45:25.391+0000] {logging_mixin.py:188} INFO - [2025-06-20T15:45:25.391+0000] {dagbag.py:540} INFO - Filling up the DagBag from /home/airflow/.local/lib/python3.12/site-packages/airflow/example_dags/tutorial.py
[2025-06-20T15:45:25.397+0000] {processor.py:840} INFO - DAG(s) 'tutorial' retrieved from /home/airflow/.local/lib/python3.12/site-packages/airflow/example_dags/tutorial.py
[2025-06-20T15:45:25.416+0000] {logging_mixin.py:188} INFO - [2025-06-20T15:45:25.416+0000] {dag.py:3096} INFO - Sync 1 DAGs
[2025-06-20T15:45:25.436+0000] {logging_mixin.py:188} INFO - [2025-06-20T15:45:25.436+0000] {dag.py:3954} INFO - Setting next_dagrun for tutorial to 2025-06-19 00:00:00+00:00, run_after=2025-06-20 00:00:00+00:00
[2025-06-20T15:45:25.452+0000] {processor.py:183} INFO - Processing /home/airflow/.local/lib/python3.12/site-packages/airflow/example_dags/tutorial.py took 0.070 seconds
[2025-06-20T15:45:55.582+0000] {processor.py:161} INFO - Started process (PID=8334) to work on /home/airflow/.local/lib/python3.12/site-packages/airflow/example_dags/tutorial.py
[2025-06-20T15:45:55.583+0000] {processor.py:830} INFO - Processing file /home/airflow/.local/lib/python3.12/site-packages/airflow/example_dags/tutorial.py for tasks to queue
[2025-06-20T15:45:55.585+0000] {logging_mixin.py:188} INFO - [2025-06-20T15:45:55.585+0000] {dagbag.py:540} INFO - Filling up the DagBag from /home/airflow/.local/lib/python3.12/site-packages/airflow/example_dags/tutorial.py
[2025-06-20T15:45:55.591+0000] {processor.py:840} INFO - DAG(s) 'tutorial' retrieved from /home/airflow/.local/lib/python3.12/site-packages/airflow/example_dags/tutorial.py
[2025-06-20T15:45:55.610+0000] {logging_mixin.py:188} INFO - [2025-06-20T15:45:55.610+0000] {dag.py:3096} INFO - Sync 1 DAGs
[2025-06-20T15:45:55.630+0000] {logging_mixin.py:188} INFO - [2025-06-20T15:45:55.629+0000] {dag.py:3954} INFO - Setting next_dagrun for tutorial to 2025-06-19 00:00:00+00:00, run_after=2025-06-20 00:00:00+00:00
[2025-06-20T15:45:55.645+0000] {processor.py:183} INFO - Processing /home/airflow/.local/lib/python3.12/site-packages/airflow/example_dags/tutorial.py took 0.069 seconds
[2025-06-20T15:46:25.776+0000] {processor.py:161} INFO - Started process (PID=8393) to work on /home/airflow/.local/lib/python3.12/site-packages/airflow/example_dags/tutorial.py
[2025-06-20T15:46:25.777+0000] {processor.py:830} INFO - Processing file /home/airflow/.local/lib/python3.12/site-packages/airflow/example_dags/tutorial.py for tasks to queue
[2025-06-20T15:46:25.779+0000] {logging_mixin.py:188} INFO - [2025-06-20T15:46:25.779+0000] {dagbag.py:540} INFO - Filling up the DagBag from /home/airflow/.local/lib/python3.12/site-packages/airflow/example_dags/tutorial.py
[2025-06-20T15:46:25.785+0000] {processor.py:840} INFO - DAG(s) 'tutorial' retrieved from /home/airflow/.local/lib/python3.12/site-packages/airflow/example_dags/tutorial.py
[2025-06-20T15:46:25.804+0000] {logging_mixin.py:188} INFO - [2025-06-20T15:46:25.804+0000] {dag.py:3096} INFO - Sync 1 DAGs
[2025-06-20T15:46:25.824+0000] {logging_mixin.py:188} INFO - [2025-06-20T15:46:25.824+0000] {dag.py:3954} INFO - Setting next_dagrun for tutorial to 2025-06-19 00:00:00+00:00, run_after=2025-06-20 00:00:00+00:00
[2025-06-20T15:46:25.839+0000] {processor.py:183} INFO - Processing /home/airflow/.local/lib/python3.12/site-packages/airflow/example_dags/tutorial.py took 0.070 seconds
[2025-06-20T15:46:56.344+0000] {processor.py:161} INFO - Started process (PID=8452) to work on /home/airflow/.local/lib/python3.12/site-packages/airflow/example_dags/tutorial.py
[2025-06-20T15:46:56.345+0000] {processor.py:830} INFO - Processing file /home/airflow/.local/lib/python3.12/site-packages/airflow/example_dags/tutorial.py for tasks to queue
[2025-06-20T15:46:56.347+0000] {logging_mixin.py:188} INFO - [2025-06-20T15:46:56.347+0000] {dagbag.py:540} INFO - Filling up the DagBag from /home/airflow/.local/lib/python3.12/site-packages/airflow/example_dags/tutorial.py
[2025-06-20T15:46:56.354+0000] {processor.py:840} INFO - DAG(s) 'tutorial' retrieved from /home/airflow/.local/lib/python3.12/site-packages/airflow/example_dags/tutorial.py
[2025-06-20T15:46:56.373+0000] {logging_mixin.py:188} INFO - [2025-06-20T15:46:56.373+0000] {dag.py:3096} INFO - Sync 1 DAGs
[2025-06-20T15:46:56.394+0000] {logging_mixin.py:188} INFO - [2025-06-20T15:46:56.394+0000] {dag.py:3954} INFO - Setting next_dagrun for tutorial to 2025-06-19 00:00:00+00:00, run_after=2025-06-20 00:00:00+00:00
[2025-06-20T15:46:56.410+0000] {processor.py:183} INFO - Processing /home/airflow/.local/lib/python3.12/site-packages/airflow/example_dags/tutorial.py took 0.072 seconds
[2025-06-20T15:47:27.056+0000] {processor.py:161} INFO - Started process (PID=8511) to work on /home/airflow/.local/lib/python3.12/site-packages/airflow/example_dags/tutorial.py
[2025-06-20T15:47:27.057+0000] {processor.py:830} INFO - Processing file /home/airflow/.local/lib/python3.12/site-packages/airflow/example_dags/tutorial.py for tasks to queue
[2025-06-20T15:47:27.059+0000] {logging_mixin.py:188} INFO - [2025-06-20T15:47:27.059+0000] {dagbag.py:540} INFO - Filling up the DagBag from /home/airflow/.local/lib/python3.12/site-packages/airflow/example_dags/tutorial.py
[2025-06-20T15:47:27.065+0000] {processor.py:840} INFO - DAG(s) 'tutorial' retrieved from /home/airflow/.local/lib/python3.12/site-packages/airflow/example_dags/tutorial.py
[2025-06-20T15:47:27.084+0000] {logging_mixin.py:188} INFO - [2025-06-20T15:47:27.084+0000] {dag.py:3096} INFO - Sync 1 DAGs
[2025-06-20T15:47:27.104+0000] {logging_mixin.py:188} INFO - [2025-06-20T15:47:27.104+0000] {dag.py:3954} INFO - Setting next_dagrun for tutorial to 2025-06-19 00:00:00+00:00, run_after=2025-06-20 00:00:00+00:00
[2025-06-20T15:47:27.121+0000] {processor.py:183} INFO - Processing /home/airflow/.local/lib/python3.12/site-packages/airflow/example_dags/tutorial.py took 0.071 seconds
[2025-06-20T15:47:57.789+0000] {processor.py:161} INFO - Started process (PID=8570) to work on /home/airflow/.local/lib/python3.12/site-packages/airflow/example_dags/tutorial.py
[2025-06-20T15:47:57.790+0000] {processor.py:830} INFO - Processing file /home/airflow/.local/lib/python3.12/site-packages/airflow/example_dags/tutorial.py for tasks to queue
[2025-06-20T15:47:57.792+0000] {logging_mixin.py:188} INFO - [2025-06-20T15:47:57.791+0000] {dagbag.py:540} INFO - Filling up the DagBag from /home/airflow/.local/lib/python3.12/site-packages/airflow/example_dags/tutorial.py
[2025-06-20T15:47:57.798+0000] {processor.py:840} INFO - DAG(s) 'tutorial' retrieved from /home/airflow/.local/lib/python3.12/site-packages/airflow/example_dags/tutorial.py
[2025-06-20T15:47:57.817+0000] {logging_mixin.py:188} INFO - [2025-06-20T15:47:57.817+0000] {dag.py:3096} INFO - Sync 1 DAGs
[2025-06-20T15:47:57.837+0000] {logging_mixin.py:188} INFO - [2025-06-20T15:47:57.837+0000] {dag.py:3954} INFO - Setting next_dagrun for tutorial to 2025-06-19 00:00:00+00:00, run_after=2025-06-20 00:00:00+00:00
[2025-06-20T15:47:57.853+0000] {processor.py:183} INFO - Processing /home/airflow/.local/lib/python3.12/site-packages/airflow/example_dags/tutorial.py took 0.070 seconds
[2025-06-20T15:48:28.520+0000] {processor.py:161} INFO - Started process (PID=8629) to work on /home/airflow/.local/lib/python3.12/site-packages/airflow/example_dags/tutorial.py
[2025-06-20T15:48:28.521+0000] {processor.py:830} INFO - Processing file /home/airflow/.local/lib/python3.12/site-packages/airflow/example_dags/tutorial.py for tasks to queue
[2025-06-20T15:48:28.523+0000] {logging_mixin.py:188} INFO - [2025-06-20T15:48:28.522+0000] {dagbag.py:540} INFO - Filling up the DagBag from /home/airflow/.local/lib/python3.12/site-packages/airflow/example_dags/tutorial.py
[2025-06-20T15:48:28.529+0000] {processor.py:840} INFO - DAG(s) 'tutorial' retrieved from /home/airflow/.local/lib/python3.12/site-packages/airflow/example_dags/tutorial.py
[2025-06-20T15:48:28.550+0000] {logging_mixin.py:188} INFO - [2025-06-20T15:48:28.550+0000] {dag.py:3096} INFO - Sync 1 DAGs
[2025-06-20T15:48:28.569+0000] {logging_mixin.py:188} INFO - [2025-06-20T15:48:28.569+0000] {dag.py:3954} INFO - Setting next_dagrun for tutorial to 2025-06-19 00:00:00+00:00, run_after=2025-06-20 00:00:00+00:00
[2025-06-20T15:48:28.585+0000] {processor.py:183} INFO - Processing /home/airflow/.local/lib/python3.12/site-packages/airflow/example_dags/tutorial.py took 0.072 seconds
[2025-06-20T15:48:59.259+0000] {processor.py:161} INFO - Started process (PID=8694) to work on /home/airflow/.local/lib/python3.12/site-packages/airflow/example_dags/tutorial.py
[2025-06-20T15:48:59.259+0000] {processor.py:830} INFO - Processing file /home/airflow/.local/lib/python3.12/site-packages/airflow/example_dags/tutorial.py for tasks to queue
[2025-06-20T15:48:59.261+0000] {logging_mixin.py:188} INFO - [2025-06-20T15:48:59.261+0000] {dagbag.py:540} INFO - Filling up the DagBag from /home/airflow/.local/lib/python3.12/site-packages/airflow/example_dags/tutorial.py
[2025-06-20T15:48:59.267+0000] {processor.py:840} INFO - DAG(s) 'tutorial' retrieved from /home/airflow/.local/lib/python3.12/site-packages/airflow/example_dags/tutorial.py
[2025-06-20T15:48:59.286+0000] {logging_mixin.py:188} INFO - [2025-06-20T15:48:59.285+0000] {dag.py:3096} INFO - Sync 1 DAGs
[2025-06-20T15:48:59.306+0000] {logging_mixin.py:188} INFO - [2025-06-20T15:48:59.306+0000] {dag.py:3954} INFO - Setting next_dagrun for tutorial to 2025-06-19 00:00:00+00:00, run_after=2025-06-20 00:00:00+00:00
[2025-06-20T15:48:59.323+0000] {processor.py:183} INFO - Processing /home/airflow/.local/lib/python3.12/site-packages/airflow/example_dags/tutorial.py took 0.070 seconds
[2025-06-20T15:49:29.941+0000] {processor.py:161} INFO - Started process (PID=8753) to work on /home/airflow/.local/lib/python3.12/site-packages/airflow/example_dags/tutorial.py
[2025-06-20T15:49:29.942+0000] {processor.py:830} INFO - Processing file /home/airflow/.local/lib/python3.12/site-packages/airflow/example_dags/tutorial.py for tasks to queue
[2025-06-20T15:49:29.944+0000] {logging_mixin.py:188} INFO - [2025-06-20T15:49:29.944+0000] {dagbag.py:540} INFO - Filling up the DagBag from /home/airflow/.local/lib/python3.12/site-packages/airflow/example_dags/tutorial.py
[2025-06-20T15:49:29.950+0000] {processor.py:840} INFO - DAG(s) 'tutorial' retrieved from /home/airflow/.local/lib/python3.12/site-packages/airflow/example_dags/tutorial.py
[2025-06-20T15:49:29.971+0000] {logging_mixin.py:188} INFO - [2025-06-20T15:49:29.971+0000] {dag.py:3096} INFO - Sync 1 DAGs
[2025-06-20T15:49:29.996+0000] {logging_mixin.py:188} INFO - [2025-06-20T15:49:29.996+0000] {dag.py:3954} INFO - Setting next_dagrun for tutorial to 2025-06-19 00:00:00+00:00, run_after=2025-06-20 00:00:00+00:00
[2025-06-20T15:49:30.013+0000] {processor.py:183} INFO - Processing /home/airflow/.local/lib/python3.12/site-packages/airflow/example_dags/tutorial.py took 0.078 seconds
[2025-06-20T15:50:00.577+0000] {processor.py:161} INFO - Started process (PID=8812) to work on /home/airflow/.local/lib/python3.12/site-packages/airflow/example_dags/tutorial.py
[2025-06-20T15:50:00.578+0000] {processor.py:830} INFO - Processing file /home/airflow/.local/lib/python3.12/site-packages/airflow/example_dags/tutorial.py for tasks to queue
[2025-06-20T15:50:00.580+0000] {logging_mixin.py:188} INFO - [2025-06-20T15:50:00.580+0000] {dagbag.py:540} INFO - Filling up the DagBag from /home/airflow/.local/lib/python3.12/site-packages/airflow/example_dags/tutorial.py
[2025-06-20T15:50:00.587+0000] {processor.py:840} INFO - DAG(s) 'tutorial' retrieved from /home/airflow/.local/lib/python3.12/site-packages/airflow/example_dags/tutorial.py
[2025-06-20T15:50:00.608+0000] {logging_mixin.py:188} INFO - [2025-06-20T15:50:00.608+0000] {dag.py:3096} INFO - Sync 1 DAGs
[2025-06-20T15:50:00.634+0000] {logging_mixin.py:188} INFO - [2025-06-20T15:50:00.633+0000] {dag.py:3954} INFO - Setting next_dagrun for tutorial to 2025-06-19 00:00:00+00:00, run_after=2025-06-20 00:00:00+00:00
[2025-06-20T15:50:00.656+0000] {processor.py:183} INFO - Processing /home/airflow/.local/lib/python3.12/site-packages/airflow/example_dags/tutorial.py took 0.088 seconds
[2025-06-20T15:50:31.350+0000] {processor.py:161} INFO - Started process (PID=8871) to work on /home/airflow/.local/lib/python3.12/site-packages/airflow/example_dags/tutorial.py
[2025-06-20T15:50:31.351+0000] {processor.py:830} INFO - Processing file /home/airflow/.local/lib/python3.12/site-packages/airflow/example_dags/tutorial.py for tasks to queue
[2025-06-20T15:50:31.353+0000] {logging_mixin.py:188} INFO - [2025-06-20T15:50:31.353+0000] {dagbag.py:540} INFO - Filling up the DagBag from /home/airflow/.local/lib/python3.12/site-packages/airflow/example_dags/tutorial.py
[2025-06-20T15:50:31.359+0000] {processor.py:840} INFO - DAG(s) 'tutorial' retrieved from /home/airflow/.local/lib/python3.12/site-packages/airflow/example_dags/tutorial.py
[2025-06-20T15:50:31.378+0000] {logging_mixin.py:188} INFO - [2025-06-20T15:50:31.378+0000] {dag.py:3096} INFO - Sync 1 DAGs
[2025-06-20T15:50:31.398+0000] {logging_mixin.py:188} INFO - [2025-06-20T15:50:31.398+0000] {dag.py:3954} INFO - Setting next_dagrun for tutorial to 2025-06-19 00:00:00+00:00, run_after=2025-06-20 00:00:00+00:00
[2025-06-20T15:50:31.414+0000] {processor.py:183} INFO - Processing /home/airflow/.local/lib/python3.12/site-packages/airflow/example_dags/tutorial.py took 0.070 seconds
[2025-06-20T15:51:02.068+0000] {processor.py:161} INFO - Started process (PID=8930) to work on /home/airflow/.local/lib/python3.12/site-packages/airflow/example_dags/tutorial.py
[2025-06-20T15:51:02.069+0000] {processor.py:830} INFO - Processing file /home/airflow/.local/lib/python3.12/site-packages/airflow/example_dags/tutorial.py for tasks to queue
[2025-06-20T15:51:02.071+0000] {logging_mixin.py:188} INFO - [2025-06-20T15:51:02.071+0000] {dagbag.py:540} INFO - Filling up the DagBag from /home/airflow/.local/lib/python3.12/site-packages/airflow/example_dags/tutorial.py
[2025-06-20T15:51:02.077+0000] {processor.py:840} INFO - DAG(s) 'tutorial' retrieved from /home/airflow/.local/lib/python3.12/site-packages/airflow/example_dags/tutorial.py
[2025-06-20T15:51:02.097+0000] {logging_mixin.py:188} INFO - [2025-06-20T15:51:02.096+0000] {dag.py:3096} INFO - Sync 1 DAGs
[2025-06-20T15:51:02.117+0000] {logging_mixin.py:188} INFO - [2025-06-20T15:51:02.117+0000] {dag.py:3954} INFO - Setting next_dagrun for tutorial to 2025-06-19 00:00:00+00:00, run_after=2025-06-20 00:00:00+00:00
[2025-06-20T15:51:02.134+0000] {processor.py:183} INFO - Processing /home/airflow/.local/lib/python3.12/site-packages/airflow/example_dags/tutorial.py took 0.071 seconds
[2025-06-20T15:51:32.628+0000] {processor.py:161} INFO - Started process (PID=8989) to work on /home/airflow/.local/lib/python3.12/site-packages/airflow/example_dags/tutorial.py
[2025-06-20T15:51:32.629+0000] {processor.py:830} INFO - Processing file /home/airflow/.local/lib/python3.12/site-packages/airflow/example_dags/tutorial.py for tasks to queue
[2025-06-20T15:51:32.631+0000] {logging_mixin.py:188} INFO - [2025-06-20T15:51:32.631+0000] {dagbag.py:540} INFO - Filling up the DagBag from /home/airflow/.local/lib/python3.12/site-packages/airflow/example_dags/tutorial.py
[2025-06-20T15:51:32.637+0000] {processor.py:840} INFO - DAG(s) 'tutorial' retrieved from /home/airflow/.local/lib/python3.12/site-packages/airflow/example_dags/tutorial.py
[2025-06-20T15:51:32.656+0000] {logging_mixin.py:188} INFO - [2025-06-20T15:51:32.656+0000] {dag.py:3096} INFO - Sync 1 DAGs
[2025-06-20T15:51:32.676+0000] {logging_mixin.py:188} INFO - [2025-06-20T15:51:32.676+0000] {dag.py:3954} INFO - Setting next_dagrun for tutorial to 2025-06-19 00:00:00+00:00, run_after=2025-06-20 00:00:00+00:00
[2025-06-20T15:51:32.692+0000] {processor.py:183} INFO - Processing /home/airflow/.local/lib/python3.12/site-packages/airflow/example_dags/tutorial.py took 0.070 seconds
[2025-06-20T15:52:03.220+0000] {processor.py:161} INFO - Started process (PID=9048) to work on /home/airflow/.local/lib/python3.12/site-packages/airflow/example_dags/tutorial.py
[2025-06-20T15:52:03.221+0000] {processor.py:830} INFO - Processing file /home/airflow/.local/lib/python3.12/site-packages/airflow/example_dags/tutorial.py for tasks to queue
[2025-06-20T15:52:03.223+0000] {logging_mixin.py:188} INFO - [2025-06-20T15:52:03.222+0000] {dagbag.py:540} INFO - Filling up the DagBag from /home/airflow/.local/lib/python3.12/site-packages/airflow/example_dags/tutorial.py
[2025-06-20T15:52:03.229+0000] {processor.py:840} INFO - DAG(s) 'tutorial' retrieved from /home/airflow/.local/lib/python3.12/site-packages/airflow/example_dags/tutorial.py
[2025-06-20T15:52:03.247+0000] {logging_mixin.py:188} INFO - [2025-06-20T15:52:03.247+0000] {dag.py:3096} INFO - Sync 1 DAGs
[2025-06-20T15:52:03.267+0000] {logging_mixin.py:188} INFO - [2025-06-20T15:52:03.267+0000] {dag.py:3954} INFO - Setting next_dagrun for tutorial to 2025-06-19 00:00:00+00:00, run_after=2025-06-20 00:00:00+00:00
[2025-06-20T15:52:03.282+0000] {processor.py:183} INFO - Processing /home/airflow/.local/lib/python3.12/site-packages/airflow/example_dags/tutorial.py took 0.068 seconds
[2025-06-20T15:52:34.013+0000] {processor.py:161} INFO - Started process (PID=9107) to work on /home/airflow/.local/lib/python3.12/site-packages/airflow/example_dags/tutorial.py
[2025-06-20T15:52:34.014+0000] {processor.py:830} INFO - Processing file /home/airflow/.local/lib/python3.12/site-packages/airflow/example_dags/tutorial.py for tasks to queue
[2025-06-20T15:52:34.016+0000] {logging_mixin.py:188} INFO - [2025-06-20T15:52:34.016+0000] {dagbag.py:540} INFO - Filling up the DagBag from /home/airflow/.local/lib/python3.12/site-packages/airflow/example_dags/tutorial.py
[2025-06-20T15:52:34.022+0000] {processor.py:840} INFO - DAG(s) 'tutorial' retrieved from /home/airflow/.local/lib/python3.12/site-packages/airflow/example_dags/tutorial.py
[2025-06-20T15:52:34.042+0000] {logging_mixin.py:188} INFO - [2025-06-20T15:52:34.041+0000] {dag.py:3096} INFO - Sync 1 DAGs
[2025-06-20T15:52:34.061+0000] {logging_mixin.py:188} INFO - [2025-06-20T15:52:34.061+0000] {dag.py:3954} INFO - Setting next_dagrun for tutorial to 2025-06-19 00:00:00+00:00, run_after=2025-06-20 00:00:00+00:00
[2025-06-20T15:52:34.077+0000] {processor.py:183} INFO - Processing /home/airflow/.local/lib/python3.12/site-packages/airflow/example_dags/tutorial.py took 0.070 seconds
[2025-06-20T15:53:04.296+0000] {processor.py:161} INFO - Started process (PID=9166) to work on /home/airflow/.local/lib/python3.12/site-packages/airflow/example_dags/tutorial.py
[2025-06-20T15:53:04.297+0000] {processor.py:830} INFO - Processing file /home/airflow/.local/lib/python3.12/site-packages/airflow/example_dags/tutorial.py for tasks to queue
[2025-06-20T15:53:04.299+0000] {logging_mixin.py:188} INFO - [2025-06-20T15:53:04.299+0000] {dagbag.py:540} INFO - Filling up the DagBag from /home/airflow/.local/lib/python3.12/site-packages/airflow/example_dags/tutorial.py
[2025-06-20T15:53:04.305+0000] {processor.py:840} INFO - DAG(s) 'tutorial' retrieved from /home/airflow/.local/lib/python3.12/site-packages/airflow/example_dags/tutorial.py
[2025-06-20T15:53:04.324+0000] {logging_mixin.py:188} INFO - [2025-06-20T15:53:04.324+0000] {dag.py:3096} INFO - Sync 1 DAGs
[2025-06-20T15:53:04.345+0000] {logging_mixin.py:188} INFO - [2025-06-20T15:53:04.345+0000] {dag.py:3954} INFO - Setting next_dagrun for tutorial to 2025-06-19 00:00:00+00:00, run_after=2025-06-20 00:00:00+00:00
[2025-06-20T15:53:04.361+0000] {processor.py:183} INFO - Processing /home/airflow/.local/lib/python3.12/site-packages/airflow/example_dags/tutorial.py took 0.071 seconds
[2025-06-20T15:53:34.468+0000] {processor.py:161} INFO - Started process (PID=9225) to work on /home/airflow/.local/lib/python3.12/site-packages/airflow/example_dags/tutorial.py
[2025-06-20T15:53:34.469+0000] {processor.py:830} INFO - Processing file /home/airflow/.local/lib/python3.12/site-packages/airflow/example_dags/tutorial.py for tasks to queue
[2025-06-20T15:53:34.471+0000] {logging_mixin.py:188} INFO - [2025-06-20T15:53:34.471+0000] {dagbag.py:540} INFO - Filling up the DagBag from /home/airflow/.local/lib/python3.12/site-packages/airflow/example_dags/tutorial.py
[2025-06-20T15:53:34.477+0000] {processor.py:840} INFO - DAG(s) 'tutorial' retrieved from /home/airflow/.local/lib/python3.12/site-packages/airflow/example_dags/tutorial.py
[2025-06-20T15:53:34.498+0000] {logging_mixin.py:188} INFO - [2025-06-20T15:53:34.498+0000] {dag.py:3096} INFO - Sync 1 DAGs
[2025-06-20T15:53:34.518+0000] {logging_mixin.py:188} INFO - [2025-06-20T15:53:34.518+0000] {dag.py:3954} INFO - Setting next_dagrun for tutorial to 2025-06-19 00:00:00+00:00, run_after=2025-06-20 00:00:00+00:00
[2025-06-20T15:53:34.535+0000] {processor.py:183} INFO - Processing /home/airflow/.local/lib/python3.12/site-packages/airflow/example_dags/tutorial.py took 0.073 seconds
[2025-06-20T15:54:04.673+0000] {processor.py:161} INFO - Started process (PID=9284) to work on /home/airflow/.local/lib/python3.12/site-packages/airflow/example_dags/tutorial.py
[2025-06-20T15:54:04.674+0000] {processor.py:830} INFO - Processing file /home/airflow/.local/lib/python3.12/site-packages/airflow/example_dags/tutorial.py for tasks to queue
[2025-06-20T15:54:04.676+0000] {logging_mixin.py:188} INFO - [2025-06-20T15:54:04.676+0000] {dagbag.py:540} INFO - Filling up the DagBag from /home/airflow/.local/lib/python3.12/site-packages/airflow/example_dags/tutorial.py
[2025-06-20T15:54:04.682+0000] {processor.py:840} INFO - DAG(s) 'tutorial' retrieved from /home/airflow/.local/lib/python3.12/site-packages/airflow/example_dags/tutorial.py
[2025-06-20T15:54:04.702+0000] {logging_mixin.py:188} INFO - [2025-06-20T15:54:04.702+0000] {dag.py:3096} INFO - Sync 1 DAGs
[2025-06-20T15:54:04.721+0000] {logging_mixin.py:188} INFO - [2025-06-20T15:54:04.721+0000] {dag.py:3954} INFO - Setting next_dagrun for tutorial to 2025-06-19 00:00:00+00:00, run_after=2025-06-20 00:00:00+00:00
[2025-06-20T15:54:04.737+0000] {processor.py:183} INFO - Processing /home/airflow/.local/lib/python3.12/site-packages/airflow/example_dags/tutorial.py took 0.070 seconds
[2025-06-20T15:54:34.946+0000] {processor.py:161} INFO - Started process (PID=9343) to work on /home/airflow/.local/lib/python3.12/site-packages/airflow/example_dags/tutorial.py
[2025-06-20T15:54:34.948+0000] {processor.py:830} INFO - Processing file /home/airflow/.local/lib/python3.12/site-packages/airflow/example_dags/tutorial.py for tasks to queue
[2025-06-20T15:54:34.950+0000] {logging_mixin.py:188} INFO - [2025-06-20T15:54:34.950+0000] {dagbag.py:540} INFO - Filling up the DagBag from /home/airflow/.local/lib/python3.12/site-packages/airflow/example_dags/tutorial.py
[2025-06-20T15:54:34.956+0000] {processor.py:840} INFO - DAG(s) 'tutorial' retrieved from /home/airflow/.local/lib/python3.12/site-packages/airflow/example_dags/tutorial.py
[2025-06-20T15:54:34.976+0000] {logging_mixin.py:188} INFO - [2025-06-20T15:54:34.976+0000] {dag.py:3096} INFO - Sync 1 DAGs
[2025-06-20T15:54:34.997+0000] {logging_mixin.py:188} INFO - [2025-06-20T15:54:34.997+0000] {dag.py:3954} INFO - Setting next_dagrun for tutorial to 2025-06-19 00:00:00+00:00, run_after=2025-06-20 00:00:00+00:00
[2025-06-20T15:54:35.013+0000] {processor.py:183} INFO - Processing /home/airflow/.local/lib/python3.12/site-packages/airflow/example_dags/tutorial.py took 0.073 seconds
[2025-06-20T15:55:05.649+0000] {processor.py:161} INFO - Started process (PID=9402) to work on /home/airflow/.local/lib/python3.12/site-packages/airflow/example_dags/tutorial.py
[2025-06-20T15:55:05.650+0000] {processor.py:830} INFO - Processing file /home/airflow/.local/lib/python3.12/site-packages/airflow/example_dags/tutorial.py for tasks to queue
[2025-06-20T15:55:05.652+0000] {logging_mixin.py:188} INFO - [2025-06-20T15:55:05.652+0000] {dagbag.py:540} INFO - Filling up the DagBag from /home/airflow/.local/lib/python3.12/site-packages/airflow/example_dags/tutorial.py
[2025-06-20T15:55:05.659+0000] {processor.py:840} INFO - DAG(s) 'tutorial' retrieved from /home/airflow/.local/lib/python3.12/site-packages/airflow/example_dags/tutorial.py
[2025-06-20T15:55:05.678+0000] {logging_mixin.py:188} INFO - [2025-06-20T15:55:05.677+0000] {dag.py:3096} INFO - Sync 1 DAGs
[2025-06-20T15:55:05.697+0000] {logging_mixin.py:188} INFO - [2025-06-20T15:55:05.697+0000] {dag.py:3954} INFO - Setting next_dagrun for tutorial to 2025-06-19 00:00:00+00:00, run_after=2025-06-20 00:00:00+00:00
[2025-06-20T15:55:05.713+0000] {processor.py:183} INFO - Processing /home/airflow/.local/lib/python3.12/site-packages/airflow/example_dags/tutorial.py took 0.070 seconds
[2025-06-20T15:55:35.857+0000] {processor.py:161} INFO - Started process (PID=9461) to work on /home/airflow/.local/lib/python3.12/site-packages/airflow/example_dags/tutorial.py
[2025-06-20T15:55:35.858+0000] {processor.py:830} INFO - Processing file /home/airflow/.local/lib/python3.12/site-packages/airflow/example_dags/tutorial.py for tasks to queue
[2025-06-20T15:55:35.860+0000] {logging_mixin.py:188} INFO - [2025-06-20T15:55:35.859+0000] {dagbag.py:540} INFO - Filling up the DagBag from /home/airflow/.local/lib/python3.12/site-packages/airflow/example_dags/tutorial.py
[2025-06-20T15:55:35.866+0000] {processor.py:840} INFO - DAG(s) 'tutorial' retrieved from /home/airflow/.local/lib/python3.12/site-packages/airflow/example_dags/tutorial.py
[2025-06-20T15:55:35.887+0000] {logging_mixin.py:188} INFO - [2025-06-20T15:55:35.886+0000] {dag.py:3096} INFO - Sync 1 DAGs
[2025-06-20T15:55:35.909+0000] {logging_mixin.py:188} INFO - [2025-06-20T15:55:35.909+0000] {dag.py:3954} INFO - Setting next_dagrun for tutorial to 2025-06-19 00:00:00+00:00, run_after=2025-06-20 00:00:00+00:00
[2025-06-20T15:55:35.925+0000] {processor.py:183} INFO - Processing /home/airflow/.local/lib/python3.12/site-packages/airflow/example_dags/tutorial.py took 0.074 seconds
[2025-06-20T15:56:06.220+0000] {processor.py:161} INFO - Started process (PID=9520) to work on /home/airflow/.local/lib/python3.12/site-packages/airflow/example_dags/tutorial.py
[2025-06-20T15:56:06.221+0000] {processor.py:830} INFO - Processing file /home/airflow/.local/lib/python3.12/site-packages/airflow/example_dags/tutorial.py for tasks to queue
[2025-06-20T15:56:06.223+0000] {logging_mixin.py:188} INFO - [2025-06-20T15:56:06.223+0000] {dagbag.py:540} INFO - Filling up the DagBag from /home/airflow/.local/lib/python3.12/site-packages/airflow/example_dags/tutorial.py
[2025-06-20T15:56:06.229+0000] {processor.py:840} INFO - DAG(s) 'tutorial' retrieved from /home/airflow/.local/lib/python3.12/site-packages/airflow/example_dags/tutorial.py
[2025-06-20T15:56:06.248+0000] {logging_mixin.py:188} INFO - [2025-06-20T15:56:06.248+0000] {dag.py:3096} INFO - Sync 1 DAGs
[2025-06-20T15:56:06.268+0000] {logging_mixin.py:188} INFO - [2025-06-20T15:56:06.268+0000] {dag.py:3954} INFO - Setting next_dagrun for tutorial to 2025-06-19 00:00:00+00:00, run_after=2025-06-20 00:00:00+00:00
[2025-06-20T15:56:06.284+0000] {processor.py:183} INFO - Processing /home/airflow/.local/lib/python3.12/site-packages/airflow/example_dags/tutorial.py took 0.070 seconds
[2025-06-20T15:56:36.460+0000] {processor.py:161} INFO - Started process (PID=9579) to work on /home/airflow/.local/lib/python3.12/site-packages/airflow/example_dags/tutorial.py
[2025-06-20T15:56:36.461+0000] {processor.py:830} INFO - Processing file /home/airflow/.local/lib/python3.12/site-packages/airflow/example_dags/tutorial.py for tasks to queue
[2025-06-20T15:56:36.463+0000] {logging_mixin.py:188} INFO - [2025-06-20T15:56:36.463+0000] {dagbag.py:540} INFO - Filling up the DagBag from /home/airflow/.local/lib/python3.12/site-packages/airflow/example_dags/tutorial.py
[2025-06-20T15:56:36.469+0000] {processor.py:840} INFO - DAG(s) 'tutorial' retrieved from /home/airflow/.local/lib/python3.12/site-packages/airflow/example_dags/tutorial.py
[2025-06-20T15:56:36.488+0000] {logging_mixin.py:188} INFO - [2025-06-20T15:56:36.488+0000] {dag.py:3096} INFO - Sync 1 DAGs
[2025-06-20T15:56:36.509+0000] {logging_mixin.py:188} INFO - [2025-06-20T15:56:36.509+0000] {dag.py:3954} INFO - Setting next_dagrun for tutorial to 2025-06-19 00:00:00+00:00, run_after=2025-06-20 00:00:00+00:00
[2025-06-20T15:56:36.525+0000] {processor.py:183} INFO - Processing /home/airflow/.local/lib/python3.12/site-packages/airflow/example_dags/tutorial.py took 0.071 seconds
[2025-06-20T15:57:06.745+0000] {processor.py:161} INFO - Started process (PID=9638) to work on /home/airflow/.local/lib/python3.12/site-packages/airflow/example_dags/tutorial.py
[2025-06-20T15:57:06.746+0000] {processor.py:830} INFO - Processing file /home/airflow/.local/lib/python3.12/site-packages/airflow/example_dags/tutorial.py for tasks to queue
[2025-06-20T15:57:06.748+0000] {logging_mixin.py:188} INFO - [2025-06-20T15:57:06.747+0000] {dagbag.py:540} INFO - Filling up the DagBag from /home/airflow/.local/lib/python3.12/site-packages/airflow/example_dags/tutorial.py
[2025-06-20T15:57:06.754+0000] {processor.py:840} INFO - DAG(s) 'tutorial' retrieved from /home/airflow/.local/lib/python3.12/site-packages/airflow/example_dags/tutorial.py
[2025-06-20T15:57:06.773+0000] {logging_mixin.py:188} INFO - [2025-06-20T15:57:06.772+0000] {dag.py:3096} INFO - Sync 1 DAGs
[2025-06-20T15:57:06.792+0000] {logging_mixin.py:188} INFO - [2025-06-20T15:57:06.792+0000] {dag.py:3954} INFO - Setting next_dagrun for tutorial to 2025-06-19 00:00:00+00:00, run_after=2025-06-20 00:00:00+00:00
[2025-06-20T15:57:06.808+0000] {processor.py:183} INFO - Processing /home/airflow/.local/lib/python3.12/site-packages/airflow/example_dags/tutorial.py took 0.069 seconds
[2025-06-20T15:57:37.090+0000] {processor.py:161} INFO - Started process (PID=9697) to work on /home/airflow/.local/lib/python3.12/site-packages/airflow/example_dags/tutorial.py
[2025-06-20T15:57:37.091+0000] {processor.py:830} INFO - Processing file /home/airflow/.local/lib/python3.12/site-packages/airflow/example_dags/tutorial.py for tasks to queue
[2025-06-20T15:57:37.093+0000] {logging_mixin.py:188} INFO - [2025-06-20T15:57:37.093+0000] {dagbag.py:540} INFO - Filling up the DagBag from /home/airflow/.local/lib/python3.12/site-packages/airflow/example_dags/tutorial.py
[2025-06-20T15:57:37.099+0000] {processor.py:840} INFO - DAG(s) 'tutorial' retrieved from /home/airflow/.local/lib/python3.12/site-packages/airflow/example_dags/tutorial.py
[2025-06-20T15:57:37.118+0000] {logging_mixin.py:188} INFO - [2025-06-20T15:57:37.117+0000] {dag.py:3096} INFO - Sync 1 DAGs
[2025-06-20T15:57:37.138+0000] {logging_mixin.py:188} INFO - [2025-06-20T15:57:37.137+0000] {dag.py:3954} INFO - Setting next_dagrun for tutorial to 2025-06-19 00:00:00+00:00, run_after=2025-06-20 00:00:00+00:00
[2025-06-20T15:57:37.153+0000] {processor.py:183} INFO - Processing /home/airflow/.local/lib/python3.12/site-packages/airflow/example_dags/tutorial.py took 0.070 seconds
[2025-06-20T15:58:07.578+0000] {processor.py:161} INFO - Started process (PID=9756) to work on /home/airflow/.local/lib/python3.12/site-packages/airflow/example_dags/tutorial.py
[2025-06-20T15:58:07.579+0000] {processor.py:830} INFO - Processing file /home/airflow/.local/lib/python3.12/site-packages/airflow/example_dags/tutorial.py for tasks to queue
[2025-06-20T15:58:07.581+0000] {logging_mixin.py:188} INFO - [2025-06-20T15:58:07.581+0000] {dagbag.py:540} INFO - Filling up the DagBag from /home/airflow/.local/lib/python3.12/site-packages/airflow/example_dags/tutorial.py
[2025-06-20T15:58:07.587+0000] {processor.py:840} INFO - DAG(s) 'tutorial' retrieved from /home/airflow/.local/lib/python3.12/site-packages/airflow/example_dags/tutorial.py
[2025-06-20T15:58:07.607+0000] {logging_mixin.py:188} INFO - [2025-06-20T15:58:07.607+0000] {dag.py:3096} INFO - Sync 1 DAGs
[2025-06-20T15:58:07.628+0000] {logging_mixin.py:188} INFO - [2025-06-20T15:58:07.627+0000] {dag.py:3954} INFO - Setting next_dagrun for tutorial to 2025-06-19 00:00:00+00:00, run_after=2025-06-20 00:00:00+00:00
[2025-06-20T15:58:07.644+0000] {processor.py:183} INFO - Processing /home/airflow/.local/lib/python3.12/site-packages/airflow/example_dags/tutorial.py took 0.073 seconds
[2025-06-20T15:58:37.687+0000] {processor.py:161} INFO - Started process (PID=9815) to work on /home/airflow/.local/lib/python3.12/site-packages/airflow/example_dags/tutorial.py
[2025-06-20T15:58:37.688+0000] {processor.py:830} INFO - Processing file /home/airflow/.local/lib/python3.12/site-packages/airflow/example_dags/tutorial.py for tasks to queue
[2025-06-20T15:58:37.690+0000] {logging_mixin.py:188} INFO - [2025-06-20T15:58:37.689+0000] {dagbag.py:540} INFO - Filling up the DagBag from /home/airflow/.local/lib/python3.12/site-packages/airflow/example_dags/tutorial.py
[2025-06-20T15:58:37.695+0000] {processor.py:840} INFO - DAG(s) 'tutorial' retrieved from /home/airflow/.local/lib/python3.12/site-packages/airflow/example_dags/tutorial.py
[2025-06-20T15:58:37.715+0000] {logging_mixin.py:188} INFO - [2025-06-20T15:58:37.715+0000] {dag.py:3096} INFO - Sync 1 DAGs
[2025-06-20T15:58:37.736+0000] {logging_mixin.py:188} INFO - [2025-06-20T15:58:37.736+0000] {dag.py:3954} INFO - Setting next_dagrun for tutorial to 2025-06-19 00:00:00+00:00, run_after=2025-06-20 00:00:00+00:00
[2025-06-20T15:58:37.752+0000] {processor.py:183} INFO - Processing /home/airflow/.local/lib/python3.12/site-packages/airflow/example_dags/tutorial.py took 0.072 seconds
[2025-06-20T15:59:08.039+0000] {processor.py:161} INFO - Started process (PID=9874) to work on /home/airflow/.local/lib/python3.12/site-packages/airflow/example_dags/tutorial.py
[2025-06-20T15:59:08.040+0000] {processor.py:830} INFO - Processing file /home/airflow/.local/lib/python3.12/site-packages/airflow/example_dags/tutorial.py for tasks to queue
[2025-06-20T15:59:08.042+0000] {logging_mixin.py:188} INFO - [2025-06-20T15:59:08.042+0000] {dagbag.py:540} INFO - Filling up the DagBag from /home/airflow/.local/lib/python3.12/site-packages/airflow/example_dags/tutorial.py
[2025-06-20T15:59:08.048+0000] {processor.py:840} INFO - DAG(s) 'tutorial' retrieved from /home/airflow/.local/lib/python3.12/site-packages/airflow/example_dags/tutorial.py
[2025-06-20T15:59:08.069+0000] {logging_mixin.py:188} INFO - [2025-06-20T15:59:08.069+0000] {dag.py:3096} INFO - Sync 1 DAGs
[2025-06-20T15:59:08.092+0000] {logging_mixin.py:188} INFO - [2025-06-20T15:59:08.092+0000] {dag.py:3954} INFO - Setting next_dagrun for tutorial to 2025-06-19 00:00:00+00:00, run_after=2025-06-20 00:00:00+00:00
[2025-06-20T15:59:08.109+0000] {processor.py:183} INFO - Processing /home/airflow/.local/lib/python3.12/site-packages/airflow/example_dags/tutorial.py took 0.077 seconds
[2025-06-20T15:59:38.455+0000] {processor.py:161} INFO - Started process (PID=9933) to work on /home/airflow/.local/lib/python3.12/site-packages/airflow/example_dags/tutorial.py
[2025-06-20T15:59:38.456+0000] {processor.py:830} INFO - Processing file /home/airflow/.local/lib/python3.12/site-packages/airflow/example_dags/tutorial.py for tasks to queue
[2025-06-20T15:59:38.460+0000] {logging_mixin.py:188} INFO - [2025-06-20T15:59:38.459+0000] {dagbag.py:540} INFO - Filling up the DagBag from /home/airflow/.local/lib/python3.12/site-packages/airflow/example_dags/tutorial.py
[2025-06-20T15:59:38.469+0000] {processor.py:840} INFO - DAG(s) 'tutorial' retrieved from /home/airflow/.local/lib/python3.12/site-packages/airflow/example_dags/tutorial.py
[2025-06-20T15:59:38.487+0000] {logging_mixin.py:188} INFO - [2025-06-20T15:59:38.487+0000] {dag.py:3096} INFO - Sync 1 DAGs
[2025-06-20T15:59:38.529+0000] {logging_mixin.py:188} INFO - [2025-06-20T15:59:38.528+0000] {dag.py:3954} INFO - Setting next_dagrun for tutorial to 2025-06-19 00:00:00+00:00, run_after=2025-06-20 00:00:00+00:00
[2025-06-20T15:59:38.548+0000] {processor.py:183} INFO - Processing /home/airflow/.local/lib/python3.12/site-packages/airflow/example_dags/tutorial.py took 0.113 seconds
[2025-06-20T16:00:23.911+0000] {processor.py:161} INFO - Started process (PID=90) to work on /home/airflow/.local/lib/python3.12/site-packages/airflow/example_dags/tutorial.py
[2025-06-20T16:00:23.912+0000] {processor.py:830} INFO - Processing file /home/airflow/.local/lib/python3.12/site-packages/airflow/example_dags/tutorial.py for tasks to queue
[2025-06-20T16:00:23.914+0000] {logging_mixin.py:188} INFO - [2025-06-20T16:00:23.914+0000] {dagbag.py:540} INFO - Filling up the DagBag from /home/airflow/.local/lib/python3.12/site-packages/airflow/example_dags/tutorial.py
[2025-06-20T16:00:23.921+0000] {processor.py:840} INFO - DAG(s) 'tutorial' retrieved from /home/airflow/.local/lib/python3.12/site-packages/airflow/example_dags/tutorial.py
[2025-06-20T16:00:23.937+0000] {logging_mixin.py:188} INFO - [2025-06-20T16:00:23.937+0000] {dag.py:3096} INFO - Sync 1 DAGs
[2025-06-20T16:00:23.962+0000] {logging_mixin.py:188} INFO - [2025-06-20T16:00:23.961+0000] {dag.py:3954} INFO - Setting next_dagrun for tutorial to 2025-06-19 00:00:00+00:00, run_after=2025-06-20 00:00:00+00:00
[2025-06-20T16:00:23.979+0000] {processor.py:183} INFO - Processing /home/airflow/.local/lib/python3.12/site-packages/airflow/example_dags/tutorial.py took 0.075 seconds
[2025-06-20T16:00:54.939+0000] {processor.py:161} INFO - Started process (PID=155) to work on /home/airflow/.local/lib/python3.12/site-packages/airflow/example_dags/tutorial.py
[2025-06-20T16:00:54.940+0000] {processor.py:830} INFO - Processing file /home/airflow/.local/lib/python3.12/site-packages/airflow/example_dags/tutorial.py for tasks to queue
[2025-06-20T16:00:54.941+0000] {logging_mixin.py:188} INFO - [2025-06-20T16:00:54.941+0000] {dagbag.py:540} INFO - Filling up the DagBag from /home/airflow/.local/lib/python3.12/site-packages/airflow/example_dags/tutorial.py
[2025-06-20T16:00:54.947+0000] {processor.py:840} INFO - DAG(s) 'tutorial' retrieved from /home/airflow/.local/lib/python3.12/site-packages/airflow/example_dags/tutorial.py
[2025-06-20T16:00:55.049+0000] {logging_mixin.py:188} INFO - [2025-06-20T16:00:55.049+0000] {dag.py:3096} INFO - Sync 1 DAGs
[2025-06-20T16:00:55.067+0000] {logging_mixin.py:188} INFO - [2025-06-20T16:00:55.067+0000] {dag.py:3954} INFO - Setting next_dagrun for tutorial to 2025-06-19 00:00:00+00:00, run_after=2025-06-20 00:00:00+00:00
[2025-06-20T16:00:55.083+0000] {processor.py:183} INFO - Processing /home/airflow/.local/lib/python3.12/site-packages/airflow/example_dags/tutorial.py took 0.150 seconds
[2025-06-20T16:01:25.364+0000] {processor.py:161} INFO - Started process (PID=214) to work on /home/airflow/.local/lib/python3.12/site-packages/airflow/example_dags/tutorial.py
[2025-06-20T16:01:25.365+0000] {processor.py:830} INFO - Processing file /home/airflow/.local/lib/python3.12/site-packages/airflow/example_dags/tutorial.py for tasks to queue
[2025-06-20T16:01:25.367+0000] {logging_mixin.py:188} INFO - [2025-06-20T16:01:25.367+0000] {dagbag.py:540} INFO - Filling up the DagBag from /home/airflow/.local/lib/python3.12/site-packages/airflow/example_dags/tutorial.py
[2025-06-20T16:01:25.373+0000] {processor.py:840} INFO - DAG(s) 'tutorial' retrieved from /home/airflow/.local/lib/python3.12/site-packages/airflow/example_dags/tutorial.py
[2025-06-20T16:01:25.391+0000] {logging_mixin.py:188} INFO - [2025-06-20T16:01:25.391+0000] {dag.py:3096} INFO - Sync 1 DAGs
[2025-06-20T16:01:25.412+0000] {logging_mixin.py:188} INFO - [2025-06-20T16:01:25.411+0000] {dag.py:3954} INFO - Setting next_dagrun for tutorial to 2025-06-19 00:00:00+00:00, run_after=2025-06-20 00:00:00+00:00
[2025-06-20T16:01:25.428+0000] {processor.py:183} INFO - Processing /home/airflow/.local/lib/python3.12/site-packages/airflow/example_dags/tutorial.py took 0.069 seconds
[2025-06-20T16:01:55.690+0000] {processor.py:161} INFO - Started process (PID=273) to work on /home/airflow/.local/lib/python3.12/site-packages/airflow/example_dags/tutorial.py
[2025-06-20T16:01:55.691+0000] {processor.py:830} INFO - Processing file /home/airflow/.local/lib/python3.12/site-packages/airflow/example_dags/tutorial.py for tasks to queue
[2025-06-20T16:01:55.692+0000] {logging_mixin.py:188} INFO - [2025-06-20T16:01:55.692+0000] {dagbag.py:540} INFO - Filling up the DagBag from /home/airflow/.local/lib/python3.12/site-packages/airflow/example_dags/tutorial.py
[2025-06-20T16:01:55.698+0000] {processor.py:840} INFO - DAG(s) 'tutorial' retrieved from /home/airflow/.local/lib/python3.12/site-packages/airflow/example_dags/tutorial.py
[2025-06-20T16:01:55.718+0000] {logging_mixin.py:188} INFO - [2025-06-20T16:01:55.717+0000] {dag.py:3096} INFO - Sync 1 DAGs
[2025-06-20T16:01:55.737+0000] {logging_mixin.py:188} INFO - [2025-06-20T16:01:55.737+0000] {dag.py:3954} INFO - Setting next_dagrun for tutorial to 2025-06-19 00:00:00+00:00, run_after=2025-06-20 00:00:00+00:00
[2025-06-20T16:01:55.753+0000] {processor.py:183} INFO - Processing /home/airflow/.local/lib/python3.12/site-packages/airflow/example_dags/tutorial.py took 0.069 seconds
[2025-06-20T16:02:25.919+0000] {processor.py:161} INFO - Started process (PID=332) to work on /home/airflow/.local/lib/python3.12/site-packages/airflow/example_dags/tutorial.py
[2025-06-20T16:02:25.920+0000] {processor.py:830} INFO - Processing file /home/airflow/.local/lib/python3.12/site-packages/airflow/example_dags/tutorial.py for tasks to queue
[2025-06-20T16:02:25.922+0000] {logging_mixin.py:188} INFO - [2025-06-20T16:02:25.921+0000] {dagbag.py:540} INFO - Filling up the DagBag from /home/airflow/.local/lib/python3.12/site-packages/airflow/example_dags/tutorial.py
[2025-06-20T16:02:25.928+0000] {processor.py:840} INFO - DAG(s) 'tutorial' retrieved from /home/airflow/.local/lib/python3.12/site-packages/airflow/example_dags/tutorial.py
[2025-06-20T16:02:25.947+0000] {logging_mixin.py:188} INFO - [2025-06-20T16:02:25.947+0000] {dag.py:3096} INFO - Sync 1 DAGs
[2025-06-20T16:02:25.978+0000] {logging_mixin.py:188} INFO - [2025-06-20T16:02:25.978+0000] {dag.py:3954} INFO - Setting next_dagrun for tutorial to 2025-06-19 00:00:00+00:00, run_after=2025-06-20 00:00:00+00:00
[2025-06-20T16:02:25.997+0000] {processor.py:183} INFO - Processing /home/airflow/.local/lib/python3.12/site-packages/airflow/example_dags/tutorial.py took 0.084 seconds
[2025-06-20T16:02:56.164+0000] {processor.py:161} INFO - Started process (PID=391) to work on /home/airflow/.local/lib/python3.12/site-packages/airflow/example_dags/tutorial.py
[2025-06-20T16:02:56.165+0000] {processor.py:830} INFO - Processing file /home/airflow/.local/lib/python3.12/site-packages/airflow/example_dags/tutorial.py for tasks to queue
[2025-06-20T16:02:56.167+0000] {logging_mixin.py:188} INFO - [2025-06-20T16:02:56.167+0000] {dagbag.py:540} INFO - Filling up the DagBag from /home/airflow/.local/lib/python3.12/site-packages/airflow/example_dags/tutorial.py
[2025-06-20T16:02:56.173+0000] {processor.py:840} INFO - DAG(s) 'tutorial' retrieved from /home/airflow/.local/lib/python3.12/site-packages/airflow/example_dags/tutorial.py
[2025-06-20T16:02:56.191+0000] {logging_mixin.py:188} INFO - [2025-06-20T16:02:56.191+0000] {dag.py:3096} INFO - Sync 1 DAGs
[2025-06-20T16:02:56.210+0000] {logging_mixin.py:188} INFO - [2025-06-20T16:02:56.210+0000] {dag.py:3954} INFO - Setting next_dagrun for tutorial to 2025-06-19 00:00:00+00:00, run_after=2025-06-20 00:00:00+00:00
[2025-06-20T16:02:56.226+0000] {processor.py:183} INFO - Processing /home/airflow/.local/lib/python3.12/site-packages/airflow/example_dags/tutorial.py took 0.068 seconds
[2025-06-20T16:03:26.389+0000] {processor.py:161} INFO - Started process (PID=450) to work on /home/airflow/.local/lib/python3.12/site-packages/airflow/example_dags/tutorial.py
[2025-06-20T16:03:26.390+0000] {processor.py:830} INFO - Processing file /home/airflow/.local/lib/python3.12/site-packages/airflow/example_dags/tutorial.py for tasks to queue
[2025-06-20T16:03:26.392+0000] {logging_mixin.py:188} INFO - [2025-06-20T16:03:26.391+0000] {dagbag.py:540} INFO - Filling up the DagBag from /home/airflow/.local/lib/python3.12/site-packages/airflow/example_dags/tutorial.py
[2025-06-20T16:03:26.397+0000] {processor.py:840} INFO - DAG(s) 'tutorial' retrieved from /home/airflow/.local/lib/python3.12/site-packages/airflow/example_dags/tutorial.py
[2025-06-20T16:03:26.417+0000] {logging_mixin.py:188} INFO - [2025-06-20T16:03:26.417+0000] {dag.py:3096} INFO - Sync 1 DAGs
[2025-06-20T16:03:26.437+0000] {logging_mixin.py:188} INFO - [2025-06-20T16:03:26.437+0000] {dag.py:3954} INFO - Setting next_dagrun for tutorial to 2025-06-19 00:00:00+00:00, run_after=2025-06-20 00:00:00+00:00
[2025-06-20T16:03:26.452+0000] {processor.py:183} INFO - Processing /home/airflow/.local/lib/python3.12/site-packages/airflow/example_dags/tutorial.py took 0.070 seconds
[2025-06-20T16:03:56.628+0000] {processor.py:161} INFO - Started process (PID=509) to work on /home/airflow/.local/lib/python3.12/site-packages/airflow/example_dags/tutorial.py
[2025-06-20T16:03:56.629+0000] {processor.py:830} INFO - Processing file /home/airflow/.local/lib/python3.12/site-packages/airflow/example_dags/tutorial.py for tasks to queue
[2025-06-20T16:03:56.631+0000] {logging_mixin.py:188} INFO - [2025-06-20T16:03:56.631+0000] {dagbag.py:540} INFO - Filling up the DagBag from /home/airflow/.local/lib/python3.12/site-packages/airflow/example_dags/tutorial.py
[2025-06-20T16:03:56.637+0000] {processor.py:840} INFO - DAG(s) 'tutorial' retrieved from /home/airflow/.local/lib/python3.12/site-packages/airflow/example_dags/tutorial.py
[2025-06-20T16:03:56.656+0000] {logging_mixin.py:188} INFO - [2025-06-20T16:03:56.656+0000] {dag.py:3096} INFO - Sync 1 DAGs
[2025-06-20T16:03:56.676+0000] {logging_mixin.py:188} INFO - [2025-06-20T16:03:56.676+0000] {dag.py:3954} INFO - Setting next_dagrun for tutorial to 2025-06-19 00:00:00+00:00, run_after=2025-06-20 00:00:00+00:00
[2025-06-20T16:03:56.692+0000] {processor.py:183} INFO - Processing /home/airflow/.local/lib/python3.12/site-packages/airflow/example_dags/tutorial.py took 0.070 seconds
[2025-06-20T16:04:26.783+0000] {processor.py:161} INFO - Started process (PID=568) to work on /home/airflow/.local/lib/python3.12/site-packages/airflow/example_dags/tutorial.py
[2025-06-20T16:04:26.783+0000] {processor.py:830} INFO - Processing file /home/airflow/.local/lib/python3.12/site-packages/airflow/example_dags/tutorial.py for tasks to queue
[2025-06-20T16:04:26.785+0000] {logging_mixin.py:188} INFO - [2025-06-20T16:04:26.785+0000] {dagbag.py:540} INFO - Filling up the DagBag from /home/airflow/.local/lib/python3.12/site-packages/airflow/example_dags/tutorial.py
[2025-06-20T16:04:26.791+0000] {processor.py:840} INFO - DAG(s) 'tutorial' retrieved from /home/airflow/.local/lib/python3.12/site-packages/airflow/example_dags/tutorial.py
[2025-06-20T16:04:26.810+0000] {logging_mixin.py:188} INFO - [2025-06-20T16:04:26.810+0000] {dag.py:3096} INFO - Sync 1 DAGs
[2025-06-20T16:04:26.830+0000] {logging_mixin.py:188} INFO - [2025-06-20T16:04:26.830+0000] {dag.py:3954} INFO - Setting next_dagrun for tutorial to 2025-06-19 00:00:00+00:00, run_after=2025-06-20 00:00:00+00:00
[2025-06-20T16:04:26.847+0000] {processor.py:183} INFO - Processing /home/airflow/.local/lib/python3.12/site-packages/airflow/example_dags/tutorial.py took 0.070 seconds
[2025-06-20T16:04:57.784+0000] {processor.py:161} INFO - Started process (PID=627) to work on /home/airflow/.local/lib/python3.12/site-packages/airflow/example_dags/tutorial.py
[2025-06-20T16:04:57.785+0000] {processor.py:830} INFO - Processing file /home/airflow/.local/lib/python3.12/site-packages/airflow/example_dags/tutorial.py for tasks to queue
[2025-06-20T16:04:57.787+0000] {logging_mixin.py:188} INFO - [2025-06-20T16:04:57.786+0000] {dagbag.py:540} INFO - Filling up the DagBag from /home/airflow/.local/lib/python3.12/site-packages/airflow/example_dags/tutorial.py
[2025-06-20T16:04:57.793+0000] {processor.py:840} INFO - DAG(s) 'tutorial' retrieved from /home/airflow/.local/lib/python3.12/site-packages/airflow/example_dags/tutorial.py
[2025-06-20T16:04:57.812+0000] {logging_mixin.py:188} INFO - [2025-06-20T16:04:57.811+0000] {dag.py:3096} INFO - Sync 1 DAGs
[2025-06-20T16:04:57.831+0000] {logging_mixin.py:188} INFO - [2025-06-20T16:04:57.831+0000] {dag.py:3954} INFO - Setting next_dagrun for tutorial to 2025-06-19 00:00:00+00:00, run_after=2025-06-20 00:00:00+00:00
[2025-06-20T16:04:57.847+0000] {processor.py:183} INFO - Processing /home/airflow/.local/lib/python3.12/site-packages/airflow/example_dags/tutorial.py took 0.069 seconds
[2025-06-20T16:05:27.958+0000] {processor.py:161} INFO - Started process (PID=686) to work on /home/airflow/.local/lib/python3.12/site-packages/airflow/example_dags/tutorial.py
[2025-06-20T16:05:27.959+0000] {processor.py:830} INFO - Processing file /home/airflow/.local/lib/python3.12/site-packages/airflow/example_dags/tutorial.py for tasks to queue
[2025-06-20T16:05:27.961+0000] {logging_mixin.py:188} INFO - [2025-06-20T16:05:27.961+0000] {dagbag.py:540} INFO - Filling up the DagBag from /home/airflow/.local/lib/python3.12/site-packages/airflow/example_dags/tutorial.py
[2025-06-20T16:05:27.967+0000] {processor.py:840} INFO - DAG(s) 'tutorial' retrieved from /home/airflow/.local/lib/python3.12/site-packages/airflow/example_dags/tutorial.py
[2025-06-20T16:05:27.986+0000] {logging_mixin.py:188} INFO - [2025-06-20T16:05:27.986+0000] {dag.py:3096} INFO - Sync 1 DAGs
[2025-06-20T16:05:28.006+0000] {logging_mixin.py:188} INFO - [2025-06-20T16:05:28.006+0000] {dag.py:3954} INFO - Setting next_dagrun for tutorial to 2025-06-19 00:00:00+00:00, run_after=2025-06-20 00:00:00+00:00
[2025-06-20T16:05:28.021+0000] {processor.py:183} INFO - Processing /home/airflow/.local/lib/python3.12/site-packages/airflow/example_dags/tutorial.py took 0.069 seconds
[2025-06-20T16:05:58.244+0000] {processor.py:161} INFO - Started process (PID=744) to work on /home/airflow/.local/lib/python3.12/site-packages/airflow/example_dags/tutorial.py
[2025-06-20T16:05:58.245+0000] {processor.py:830} INFO - Processing file /home/airflow/.local/lib/python3.12/site-packages/airflow/example_dags/tutorial.py for tasks to queue
[2025-06-20T16:05:58.248+0000] {logging_mixin.py:188} INFO - [2025-06-20T16:05:58.247+0000] {dagbag.py:540} INFO - Filling up the DagBag from /home/airflow/.local/lib/python3.12/site-packages/airflow/example_dags/tutorial.py
[2025-06-20T16:05:58.254+0000] {processor.py:840} INFO - DAG(s) 'tutorial' retrieved from /home/airflow/.local/lib/python3.12/site-packages/airflow/example_dags/tutorial.py
[2025-06-20T16:05:58.276+0000] {logging_mixin.py:188} INFO - [2025-06-20T16:05:58.275+0000] {dag.py:3096} INFO - Sync 1 DAGs
[2025-06-20T16:05:58.301+0000] {logging_mixin.py:188} INFO - [2025-06-20T16:05:58.301+0000] {dag.py:3954} INFO - Setting next_dagrun for tutorial to 2025-06-19 00:00:00+00:00, run_after=2025-06-20 00:00:00+00:00
[2025-06-20T16:05:58.317+0000] {processor.py:183} INFO - Processing /home/airflow/.local/lib/python3.12/site-packages/airflow/example_dags/tutorial.py took 0.080 seconds
[2025-06-20T16:06:28.833+0000] {processor.py:161} INFO - Started process (PID=804) to work on /home/airflow/.local/lib/python3.12/site-packages/airflow/example_dags/tutorial.py
[2025-06-20T16:06:28.834+0000] {processor.py:830} INFO - Processing file /home/airflow/.local/lib/python3.12/site-packages/airflow/example_dags/tutorial.py for tasks to queue
[2025-06-20T16:06:28.836+0000] {logging_mixin.py:188} INFO - [2025-06-20T16:06:28.835+0000] {dagbag.py:540} INFO - Filling up the DagBag from /home/airflow/.local/lib/python3.12/site-packages/airflow/example_dags/tutorial.py
[2025-06-20T16:06:28.841+0000] {processor.py:840} INFO - DAG(s) 'tutorial' retrieved from /home/airflow/.local/lib/python3.12/site-packages/airflow/example_dags/tutorial.py
[2025-06-20T16:06:28.861+0000] {logging_mixin.py:188} INFO - [2025-06-20T16:06:28.861+0000] {dag.py:3096} INFO - Sync 1 DAGs
[2025-06-20T16:06:28.881+0000] {logging_mixin.py:188} INFO - [2025-06-20T16:06:28.880+0000] {dag.py:3954} INFO - Setting next_dagrun for tutorial to 2025-06-19 00:00:00+00:00, run_after=2025-06-20 00:00:00+00:00
[2025-06-20T16:06:28.896+0000] {processor.py:183} INFO - Processing /home/airflow/.local/lib/python3.12/site-packages/airflow/example_dags/tutorial.py took 0.069 seconds
[2025-06-20T16:06:59.038+0000] {processor.py:161} INFO - Started process (PID=863) to work on /home/airflow/.local/lib/python3.12/site-packages/airflow/example_dags/tutorial.py
[2025-06-20T16:06:59.039+0000] {processor.py:830} INFO - Processing file /home/airflow/.local/lib/python3.12/site-packages/airflow/example_dags/tutorial.py for tasks to queue
[2025-06-20T16:06:59.040+0000] {logging_mixin.py:188} INFO - [2025-06-20T16:06:59.040+0000] {dagbag.py:540} INFO - Filling up the DagBag from /home/airflow/.local/lib/python3.12/site-packages/airflow/example_dags/tutorial.py
[2025-06-20T16:06:59.046+0000] {processor.py:840} INFO - DAG(s) 'tutorial' retrieved from /home/airflow/.local/lib/python3.12/site-packages/airflow/example_dags/tutorial.py
[2025-06-20T16:06:59.065+0000] {logging_mixin.py:188} INFO - [2025-06-20T16:06:59.065+0000] {dag.py:3096} INFO - Sync 1 DAGs
[2025-06-20T16:06:59.085+0000] {logging_mixin.py:188} INFO - [2025-06-20T16:06:59.085+0000] {dag.py:3954} INFO - Setting next_dagrun for tutorial to 2025-06-19 00:00:00+00:00, run_after=2025-06-20 00:00:00+00:00
[2025-06-20T16:06:59.100+0000] {processor.py:183} INFO - Processing /home/airflow/.local/lib/python3.12/site-packages/airflow/example_dags/tutorial.py took 0.069 seconds
[2025-06-20T16:07:29.249+0000] {processor.py:161} INFO - Started process (PID=921) to work on /home/airflow/.local/lib/python3.12/site-packages/airflow/example_dags/tutorial.py
[2025-06-20T16:07:29.250+0000] {processor.py:830} INFO - Processing file /home/airflow/.local/lib/python3.12/site-packages/airflow/example_dags/tutorial.py for tasks to queue
[2025-06-20T16:07:29.252+0000] {logging_mixin.py:188} INFO - [2025-06-20T16:07:29.251+0000] {dagbag.py:540} INFO - Filling up the DagBag from /home/airflow/.local/lib/python3.12/site-packages/airflow/example_dags/tutorial.py
[2025-06-20T16:07:29.257+0000] {processor.py:840} INFO - DAG(s) 'tutorial' retrieved from /home/airflow/.local/lib/python3.12/site-packages/airflow/example_dags/tutorial.py
[2025-06-20T16:07:29.276+0000] {logging_mixin.py:188} INFO - [2025-06-20T16:07:29.276+0000] {dag.py:3096} INFO - Sync 1 DAGs
[2025-06-20T16:07:29.295+0000] {logging_mixin.py:188} INFO - [2025-06-20T16:07:29.295+0000] {dag.py:3954} INFO - Setting next_dagrun for tutorial to 2025-06-19 00:00:00+00:00, run_after=2025-06-20 00:00:00+00:00
[2025-06-20T16:07:29.311+0000] {processor.py:183} INFO - Processing /home/airflow/.local/lib/python3.12/site-packages/airflow/example_dags/tutorial.py took 0.068 seconds
[2025-06-20T16:07:59.477+0000] {processor.py:161} INFO - Started process (PID=980) to work on /home/airflow/.local/lib/python3.12/site-packages/airflow/example_dags/tutorial.py
[2025-06-20T16:07:59.478+0000] {processor.py:830} INFO - Processing file /home/airflow/.local/lib/python3.12/site-packages/airflow/example_dags/tutorial.py for tasks to queue
[2025-06-20T16:07:59.479+0000] {logging_mixin.py:188} INFO - [2025-06-20T16:07:59.479+0000] {dagbag.py:540} INFO - Filling up the DagBag from /home/airflow/.local/lib/python3.12/site-packages/airflow/example_dags/tutorial.py
[2025-06-20T16:07:59.485+0000] {processor.py:840} INFO - DAG(s) 'tutorial' retrieved from /home/airflow/.local/lib/python3.12/site-packages/airflow/example_dags/tutorial.py
[2025-06-20T16:07:59.504+0000] {logging_mixin.py:188} INFO - [2025-06-20T16:07:59.504+0000] {dag.py:3096} INFO - Sync 1 DAGs
[2025-06-20T16:07:59.524+0000] {logging_mixin.py:188} INFO - [2025-06-20T16:07:59.524+0000] {dag.py:3954} INFO - Setting next_dagrun for tutorial to 2025-06-19 00:00:00+00:00, run_after=2025-06-20 00:00:00+00:00
[2025-06-20T16:07:59.540+0000] {processor.py:183} INFO - Processing /home/airflow/.local/lib/python3.12/site-packages/airflow/example_dags/tutorial.py took 0.068 seconds
[2025-06-20T16:08:29.870+0000] {processor.py:161} INFO - Started process (PID=1039) to work on /home/airflow/.local/lib/python3.12/site-packages/airflow/example_dags/tutorial.py
[2025-06-20T16:08:29.871+0000] {processor.py:830} INFO - Processing file /home/airflow/.local/lib/python3.12/site-packages/airflow/example_dags/tutorial.py for tasks to queue
[2025-06-20T16:08:29.873+0000] {logging_mixin.py:188} INFO - [2025-06-20T16:08:29.872+0000] {dagbag.py:540} INFO - Filling up the DagBag from /home/airflow/.local/lib/python3.12/site-packages/airflow/example_dags/tutorial.py
[2025-06-20T16:08:29.878+0000] {processor.py:840} INFO - DAG(s) 'tutorial' retrieved from /home/airflow/.local/lib/python3.12/site-packages/airflow/example_dags/tutorial.py
[2025-06-20T16:08:29.897+0000] {logging_mixin.py:188} INFO - [2025-06-20T16:08:29.897+0000] {dag.py:3096} INFO - Sync 1 DAGs
[2025-06-20T16:08:29.916+0000] {logging_mixin.py:188} INFO - [2025-06-20T16:08:29.916+0000] {dag.py:3954} INFO - Setting next_dagrun for tutorial to 2025-06-19 00:00:00+00:00, run_after=2025-06-20 00:00:00+00:00
[2025-06-20T16:08:29.932+0000] {processor.py:183} INFO - Processing /home/airflow/.local/lib/python3.12/site-packages/airflow/example_dags/tutorial.py took 0.068 seconds
[2025-06-20T16:09:00.037+0000] {processor.py:161} INFO - Started process (PID=1098) to work on /home/airflow/.local/lib/python3.12/site-packages/airflow/example_dags/tutorial.py
[2025-06-20T16:09:00.038+0000] {processor.py:830} INFO - Processing file /home/airflow/.local/lib/python3.12/site-packages/airflow/example_dags/tutorial.py for tasks to queue
[2025-06-20T16:09:00.040+0000] {logging_mixin.py:188} INFO - [2025-06-20T16:09:00.040+0000] {dagbag.py:540} INFO - Filling up the DagBag from /home/airflow/.local/lib/python3.12/site-packages/airflow/example_dags/tutorial.py
[2025-06-20T16:09:00.047+0000] {processor.py:840} INFO - DAG(s) 'tutorial' retrieved from /home/airflow/.local/lib/python3.12/site-packages/airflow/example_dags/tutorial.py
[2025-06-20T16:09:00.066+0000] {logging_mixin.py:188} INFO - [2025-06-20T16:09:00.066+0000] {dag.py:3096} INFO - Sync 1 DAGs
[2025-06-20T16:09:00.085+0000] {logging_mixin.py:188} INFO - [2025-06-20T16:09:00.085+0000] {dag.py:3954} INFO - Setting next_dagrun for tutorial to 2025-06-19 00:00:00+00:00, run_after=2025-06-20 00:00:00+00:00
[2025-06-20T16:09:00.101+0000] {processor.py:183} INFO - Processing /home/airflow/.local/lib/python3.12/site-packages/airflow/example_dags/tutorial.py took 0.070 seconds
[2025-06-20T16:09:30.447+0000] {processor.py:161} INFO - Started process (PID=1158) to work on /home/airflow/.local/lib/python3.12/site-packages/airflow/example_dags/tutorial.py
[2025-06-20T16:09:30.447+0000] {processor.py:830} INFO - Processing file /home/airflow/.local/lib/python3.12/site-packages/airflow/example_dags/tutorial.py for tasks to queue
[2025-06-20T16:09:30.449+0000] {logging_mixin.py:188} INFO - [2025-06-20T16:09:30.449+0000] {dagbag.py:540} INFO - Filling up the DagBag from /home/airflow/.local/lib/python3.12/site-packages/airflow/example_dags/tutorial.py
[2025-06-20T16:09:30.455+0000] {processor.py:840} INFO - DAG(s) 'tutorial' retrieved from /home/airflow/.local/lib/python3.12/site-packages/airflow/example_dags/tutorial.py
[2025-06-20T16:09:30.475+0000] {logging_mixin.py:188} INFO - [2025-06-20T16:09:30.474+0000] {dag.py:3096} INFO - Sync 1 DAGs
[2025-06-20T16:09:30.496+0000] {logging_mixin.py:188} INFO - [2025-06-20T16:09:30.496+0000] {dag.py:3954} INFO - Setting next_dagrun for tutorial to 2025-06-19 00:00:00+00:00, run_after=2025-06-20 00:00:00+00:00
[2025-06-20T16:09:30.512+0000] {processor.py:183} INFO - Processing /home/airflow/.local/lib/python3.12/site-packages/airflow/example_dags/tutorial.py took 0.072 seconds
[2025-06-20T16:10:00.727+0000] {processor.py:161} INFO - Started process (PID=1217) to work on /home/airflow/.local/lib/python3.12/site-packages/airflow/example_dags/tutorial.py
[2025-06-20T16:10:00.728+0000] {processor.py:830} INFO - Processing file /home/airflow/.local/lib/python3.12/site-packages/airflow/example_dags/tutorial.py for tasks to queue
[2025-06-20T16:10:00.730+0000] {logging_mixin.py:188} INFO - [2025-06-20T16:10:00.730+0000] {dagbag.py:540} INFO - Filling up the DagBag from /home/airflow/.local/lib/python3.12/site-packages/airflow/example_dags/tutorial.py
[2025-06-20T16:10:00.736+0000] {processor.py:840} INFO - DAG(s) 'tutorial' retrieved from /home/airflow/.local/lib/python3.12/site-packages/airflow/example_dags/tutorial.py
[2025-06-20T16:10:00.757+0000] {logging_mixin.py:188} INFO - [2025-06-20T16:10:00.756+0000] {dag.py:3096} INFO - Sync 1 DAGs
[2025-06-20T16:10:00.777+0000] {logging_mixin.py:188} INFO - [2025-06-20T16:10:00.776+0000] {dag.py:3954} INFO - Setting next_dagrun for tutorial to 2025-06-19 00:00:00+00:00, run_after=2025-06-20 00:00:00+00:00
[2025-06-20T16:10:00.792+0000] {processor.py:183} INFO - Processing /home/airflow/.local/lib/python3.12/site-packages/airflow/example_dags/tutorial.py took 0.071 seconds
[2025-06-20T16:10:31.256+0000] {processor.py:161} INFO - Started process (PID=1276) to work on /home/airflow/.local/lib/python3.12/site-packages/airflow/example_dags/tutorial.py
[2025-06-20T16:10:31.256+0000] {processor.py:830} INFO - Processing file /home/airflow/.local/lib/python3.12/site-packages/airflow/example_dags/tutorial.py for tasks to queue
[2025-06-20T16:10:31.258+0000] {logging_mixin.py:188} INFO - [2025-06-20T16:10:31.258+0000] {dagbag.py:540} INFO - Filling up the DagBag from /home/airflow/.local/lib/python3.12/site-packages/airflow/example_dags/tutorial.py
[2025-06-20T16:10:31.264+0000] {processor.py:840} INFO - DAG(s) 'tutorial' retrieved from /home/airflow/.local/lib/python3.12/site-packages/airflow/example_dags/tutorial.py
[2025-06-20T16:10:31.286+0000] {logging_mixin.py:188} INFO - [2025-06-20T16:10:31.285+0000] {dag.py:3096} INFO - Sync 1 DAGs
[2025-06-20T16:10:31.305+0000] {logging_mixin.py:188} INFO - [2025-06-20T16:10:31.305+0000] {dag.py:3954} INFO - Setting next_dagrun for tutorial to 2025-06-19 00:00:00+00:00, run_after=2025-06-20 00:00:00+00:00
[2025-06-20T16:10:31.321+0000] {processor.py:183} INFO - Processing /home/airflow/.local/lib/python3.12/site-packages/airflow/example_dags/tutorial.py took 0.071 seconds
[2025-06-20T16:11:01.516+0000] {processor.py:161} INFO - Started process (PID=1335) to work on /home/airflow/.local/lib/python3.12/site-packages/airflow/example_dags/tutorial.py
[2025-06-20T16:11:01.517+0000] {processor.py:830} INFO - Processing file /home/airflow/.local/lib/python3.12/site-packages/airflow/example_dags/tutorial.py for tasks to queue
[2025-06-20T16:11:01.519+0000] {logging_mixin.py:188} INFO - [2025-06-20T16:11:01.519+0000] {dagbag.py:540} INFO - Filling up the DagBag from /home/airflow/.local/lib/python3.12/site-packages/airflow/example_dags/tutorial.py
[2025-06-20T16:11:01.525+0000] {processor.py:840} INFO - DAG(s) 'tutorial' retrieved from /home/airflow/.local/lib/python3.12/site-packages/airflow/example_dags/tutorial.py
[2025-06-20T16:11:01.544+0000] {logging_mixin.py:188} INFO - [2025-06-20T16:11:01.544+0000] {dag.py:3096} INFO - Sync 1 DAGs
[2025-06-20T16:11:01.564+0000] {logging_mixin.py:188} INFO - [2025-06-20T16:11:01.564+0000] {dag.py:3954} INFO - Setting next_dagrun for tutorial to 2025-06-19 00:00:00+00:00, run_after=2025-06-20 00:00:00+00:00
[2025-06-20T16:11:01.580+0000] {processor.py:183} INFO - Processing /home/airflow/.local/lib/python3.12/site-packages/airflow/example_dags/tutorial.py took 0.070 seconds
[2025-06-20T16:11:32.083+0000] {processor.py:161} INFO - Started process (PID=1394) to work on /home/airflow/.local/lib/python3.12/site-packages/airflow/example_dags/tutorial.py
[2025-06-20T16:11:32.084+0000] {processor.py:830} INFO - Processing file /home/airflow/.local/lib/python3.12/site-packages/airflow/example_dags/tutorial.py for tasks to queue
[2025-06-20T16:11:32.086+0000] {logging_mixin.py:188} INFO - [2025-06-20T16:11:32.086+0000] {dagbag.py:540} INFO - Filling up the DagBag from /home/airflow/.local/lib/python3.12/site-packages/airflow/example_dags/tutorial.py
[2025-06-20T16:11:32.092+0000] {processor.py:840} INFO - DAG(s) 'tutorial' retrieved from /home/airflow/.local/lib/python3.12/site-packages/airflow/example_dags/tutorial.py
[2025-06-20T16:11:32.112+0000] {logging_mixin.py:188} INFO - [2025-06-20T16:11:32.112+0000] {dag.py:3096} INFO - Sync 1 DAGs
[2025-06-20T16:11:32.133+0000] {logging_mixin.py:188} INFO - [2025-06-20T16:11:32.133+0000] {dag.py:3954} INFO - Setting next_dagrun for tutorial to 2025-06-19 00:00:00+00:00, run_after=2025-06-20 00:00:00+00:00
[2025-06-20T16:11:32.150+0000] {processor.py:183} INFO - Processing /home/airflow/.local/lib/python3.12/site-packages/airflow/example_dags/tutorial.py took 0.074 seconds
[2025-06-20T16:12:02.505+0000] {processor.py:161} INFO - Started process (PID=1453) to work on /home/airflow/.local/lib/python3.12/site-packages/airflow/example_dags/tutorial.py
[2025-06-20T16:12:02.506+0000] {processor.py:830} INFO - Processing file /home/airflow/.local/lib/python3.12/site-packages/airflow/example_dags/tutorial.py for tasks to queue
[2025-06-20T16:12:02.508+0000] {logging_mixin.py:188} INFO - [2025-06-20T16:12:02.507+0000] {dagbag.py:540} INFO - Filling up the DagBag from /home/airflow/.local/lib/python3.12/site-packages/airflow/example_dags/tutorial.py
[2025-06-20T16:12:02.514+0000] {processor.py:840} INFO - DAG(s) 'tutorial' retrieved from /home/airflow/.local/lib/python3.12/site-packages/airflow/example_dags/tutorial.py
[2025-06-20T16:12:02.533+0000] {logging_mixin.py:188} INFO - [2025-06-20T16:12:02.533+0000] {dag.py:3096} INFO - Sync 1 DAGs
[2025-06-20T16:12:02.554+0000] {logging_mixin.py:188} INFO - [2025-06-20T16:12:02.554+0000] {dag.py:3954} INFO - Setting next_dagrun for tutorial to 2025-06-19 00:00:00+00:00, run_after=2025-06-20 00:00:00+00:00
[2025-06-20T16:12:02.570+0000] {processor.py:183} INFO - Processing /home/airflow/.local/lib/python3.12/site-packages/airflow/example_dags/tutorial.py took 0.070 seconds
[2025-06-20T16:12:32.644+0000] {processor.py:161} INFO - Started process (PID=1512) to work on /home/airflow/.local/lib/python3.12/site-packages/airflow/example_dags/tutorial.py
[2025-06-20T16:12:32.645+0000] {processor.py:830} INFO - Processing file /home/airflow/.local/lib/python3.12/site-packages/airflow/example_dags/tutorial.py for tasks to queue
[2025-06-20T16:12:32.647+0000] {logging_mixin.py:188} INFO - [2025-06-20T16:12:32.647+0000] {dagbag.py:540} INFO - Filling up the DagBag from /home/airflow/.local/lib/python3.12/site-packages/airflow/example_dags/tutorial.py
[2025-06-20T16:12:32.653+0000] {processor.py:840} INFO - DAG(s) 'tutorial' retrieved from /home/airflow/.local/lib/python3.12/site-packages/airflow/example_dags/tutorial.py
[2025-06-20T16:12:32.671+0000] {logging_mixin.py:188} INFO - [2025-06-20T16:12:32.671+0000] {dag.py:3096} INFO - Sync 1 DAGs
[2025-06-20T16:12:32.691+0000] {logging_mixin.py:188} INFO - [2025-06-20T16:12:32.691+0000] {dag.py:3954} INFO - Setting next_dagrun for tutorial to 2025-06-19 00:00:00+00:00, run_after=2025-06-20 00:00:00+00:00
[2025-06-20T16:12:32.708+0000] {processor.py:183} INFO - Processing /home/airflow/.local/lib/python3.12/site-packages/airflow/example_dags/tutorial.py took 0.070 seconds
[2025-06-20T16:13:03.687+0000] {processor.py:161} INFO - Started process (PID=1571) to work on /home/airflow/.local/lib/python3.12/site-packages/airflow/example_dags/tutorial.py
[2025-06-20T16:13:03.688+0000] {processor.py:830} INFO - Processing file /home/airflow/.local/lib/python3.12/site-packages/airflow/example_dags/tutorial.py for tasks to queue
[2025-06-20T16:13:03.690+0000] {logging_mixin.py:188} INFO - [2025-06-20T16:13:03.690+0000] {dagbag.py:540} INFO - Filling up the DagBag from /home/airflow/.local/lib/python3.12/site-packages/airflow/example_dags/tutorial.py
[2025-06-20T16:13:03.696+0000] {processor.py:840} INFO - DAG(s) 'tutorial' retrieved from /home/airflow/.local/lib/python3.12/site-packages/airflow/example_dags/tutorial.py
[2025-06-20T16:13:03.714+0000] {logging_mixin.py:188} INFO - [2025-06-20T16:13:03.714+0000] {dag.py:3096} INFO - Sync 1 DAGs
[2025-06-20T16:13:03.734+0000] {logging_mixin.py:188} INFO - [2025-06-20T16:13:03.733+0000] {dag.py:3954} INFO - Setting next_dagrun for tutorial to 2025-06-19 00:00:00+00:00, run_after=2025-06-20 00:00:00+00:00
[2025-06-20T16:13:03.749+0000] {processor.py:183} INFO - Processing /home/airflow/.local/lib/python3.12/site-packages/airflow/example_dags/tutorial.py took 0.067 seconds
[2025-06-20T16:13:34.117+0000] {processor.py:161} INFO - Started process (PID=1630) to work on /home/airflow/.local/lib/python3.12/site-packages/airflow/example_dags/tutorial.py
[2025-06-20T16:13:34.118+0000] {processor.py:830} INFO - Processing file /home/airflow/.local/lib/python3.12/site-packages/airflow/example_dags/tutorial.py for tasks to queue
[2025-06-20T16:13:34.120+0000] {logging_mixin.py:188} INFO - [2025-06-20T16:13:34.119+0000] {dagbag.py:540} INFO - Filling up the DagBag from /home/airflow/.local/lib/python3.12/site-packages/airflow/example_dags/tutorial.py
[2025-06-20T16:13:34.126+0000] {processor.py:840} INFO - DAG(s) 'tutorial' retrieved from /home/airflow/.local/lib/python3.12/site-packages/airflow/example_dags/tutorial.py
[2025-06-20T16:13:34.145+0000] {logging_mixin.py:188} INFO - [2025-06-20T16:13:34.145+0000] {dag.py:3096} INFO - Sync 1 DAGs
[2025-06-20T16:13:34.165+0000] {logging_mixin.py:188} INFO - [2025-06-20T16:13:34.165+0000] {dag.py:3954} INFO - Setting next_dagrun for tutorial to 2025-06-19 00:00:00+00:00, run_after=2025-06-20 00:00:00+00:00
[2025-06-20T16:13:34.181+0000] {processor.py:183} INFO - Processing /home/airflow/.local/lib/python3.12/site-packages/airflow/example_dags/tutorial.py took 0.072 seconds
[2025-06-20T16:14:04.455+0000] {processor.py:161} INFO - Started process (PID=1689) to work on /home/airflow/.local/lib/python3.12/site-packages/airflow/example_dags/tutorial.py
[2025-06-20T16:14:04.456+0000] {processor.py:830} INFO - Processing file /home/airflow/.local/lib/python3.12/site-packages/airflow/example_dags/tutorial.py for tasks to queue
[2025-06-20T16:14:04.458+0000] {logging_mixin.py:188} INFO - [2025-06-20T16:14:04.458+0000] {dagbag.py:540} INFO - Filling up the DagBag from /home/airflow/.local/lib/python3.12/site-packages/airflow/example_dags/tutorial.py
[2025-06-20T16:14:04.464+0000] {processor.py:840} INFO - DAG(s) 'tutorial' retrieved from /home/airflow/.local/lib/python3.12/site-packages/airflow/example_dags/tutorial.py
[2025-06-20T16:14:04.482+0000] {logging_mixin.py:188} INFO - [2025-06-20T16:14:04.482+0000] {dag.py:3096} INFO - Sync 1 DAGs
[2025-06-20T16:14:04.502+0000] {logging_mixin.py:188} INFO - [2025-06-20T16:14:04.502+0000] {dag.py:3954} INFO - Setting next_dagrun for tutorial to 2025-06-19 00:00:00+00:00, run_after=2025-06-20 00:00:00+00:00
[2025-06-20T16:14:04.517+0000] {processor.py:183} INFO - Processing /home/airflow/.local/lib/python3.12/site-packages/airflow/example_dags/tutorial.py took 0.067 seconds
[2025-06-20T16:14:34.865+0000] {processor.py:161} INFO - Started process (PID=1748) to work on /home/airflow/.local/lib/python3.12/site-packages/airflow/example_dags/tutorial.py
[2025-06-20T16:14:34.866+0000] {processor.py:830} INFO - Processing file /home/airflow/.local/lib/python3.12/site-packages/airflow/example_dags/tutorial.py for tasks to queue
[2025-06-20T16:14:34.867+0000] {logging_mixin.py:188} INFO - [2025-06-20T16:14:34.867+0000] {dagbag.py:540} INFO - Filling up the DagBag from /home/airflow/.local/lib/python3.12/site-packages/airflow/example_dags/tutorial.py
[2025-06-20T16:14:34.874+0000] {processor.py:840} INFO - DAG(s) 'tutorial' retrieved from /home/airflow/.local/lib/python3.12/site-packages/airflow/example_dags/tutorial.py
[2025-06-20T16:14:34.893+0000] {logging_mixin.py:188} INFO - [2025-06-20T16:14:34.893+0000] {dag.py:3096} INFO - Sync 1 DAGs
[2025-06-20T16:14:34.913+0000] {logging_mixin.py:188} INFO - [2025-06-20T16:14:34.913+0000] {dag.py:3954} INFO - Setting next_dagrun for tutorial to 2025-06-19 00:00:00+00:00, run_after=2025-06-20 00:00:00+00:00
[2025-06-20T16:14:34.929+0000] {processor.py:183} INFO - Processing /home/airflow/.local/lib/python3.12/site-packages/airflow/example_dags/tutorial.py took 0.070 seconds
[2025-06-20T16:15:05.216+0000] {processor.py:161} INFO - Started process (PID=1807) to work on /home/airflow/.local/lib/python3.12/site-packages/airflow/example_dags/tutorial.py
[2025-06-20T16:15:05.217+0000] {processor.py:830} INFO - Processing file /home/airflow/.local/lib/python3.12/site-packages/airflow/example_dags/tutorial.py for tasks to queue
[2025-06-20T16:15:05.218+0000] {logging_mixin.py:188} INFO - [2025-06-20T16:15:05.218+0000] {dagbag.py:540} INFO - Filling up the DagBag from /home/airflow/.local/lib/python3.12/site-packages/airflow/example_dags/tutorial.py
[2025-06-20T16:15:05.224+0000] {processor.py:840} INFO - DAG(s) 'tutorial' retrieved from /home/airflow/.local/lib/python3.12/site-packages/airflow/example_dags/tutorial.py
[2025-06-20T16:15:05.243+0000] {logging_mixin.py:188} INFO - [2025-06-20T16:15:05.242+0000] {dag.py:3096} INFO - Sync 1 DAGs
[2025-06-20T16:15:05.262+0000] {logging_mixin.py:188} INFO - [2025-06-20T16:15:05.262+0000] {dag.py:3954} INFO - Setting next_dagrun for tutorial to 2025-06-19 00:00:00+00:00, run_after=2025-06-20 00:00:00+00:00
[2025-06-20T16:15:05.278+0000] {processor.py:183} INFO - Processing /home/airflow/.local/lib/python3.12/site-packages/airflow/example_dags/tutorial.py took 0.068 seconds
[2025-06-20T16:15:35.426+0000] {processor.py:161} INFO - Started process (PID=1866) to work on /home/airflow/.local/lib/python3.12/site-packages/airflow/example_dags/tutorial.py
[2025-06-20T16:15:35.427+0000] {processor.py:830} INFO - Processing file /home/airflow/.local/lib/python3.12/site-packages/airflow/example_dags/tutorial.py for tasks to queue
[2025-06-20T16:15:35.429+0000] {logging_mixin.py:188} INFO - [2025-06-20T16:15:35.428+0000] {dagbag.py:540} INFO - Filling up the DagBag from /home/airflow/.local/lib/python3.12/site-packages/airflow/example_dags/tutorial.py
[2025-06-20T16:15:35.434+0000] {processor.py:840} INFO - DAG(s) 'tutorial' retrieved from /home/airflow/.local/lib/python3.12/site-packages/airflow/example_dags/tutorial.py
[2025-06-20T16:15:35.453+0000] {logging_mixin.py:188} INFO - [2025-06-20T16:15:35.453+0000] {dag.py:3096} INFO - Sync 1 DAGs
[2025-06-20T16:15:35.473+0000] {logging_mixin.py:188} INFO - [2025-06-20T16:15:35.472+0000] {dag.py:3954} INFO - Setting next_dagrun for tutorial to 2025-06-19 00:00:00+00:00, run_after=2025-06-20 00:00:00+00:00
[2025-06-20T16:15:35.488+0000] {processor.py:183} INFO - Processing /home/airflow/.local/lib/python3.12/site-packages/airflow/example_dags/tutorial.py took 0.068 seconds
[2025-06-20T16:16:06.202+0000] {processor.py:161} INFO - Started process (PID=1925) to work on /home/airflow/.local/lib/python3.12/site-packages/airflow/example_dags/tutorial.py
[2025-06-20T16:16:06.202+0000] {processor.py:830} INFO - Processing file /home/airflow/.local/lib/python3.12/site-packages/airflow/example_dags/tutorial.py for tasks to queue
[2025-06-20T16:16:06.204+0000] {logging_mixin.py:188} INFO - [2025-06-20T16:16:06.204+0000] {dagbag.py:540} INFO - Filling up the DagBag from /home/airflow/.local/lib/python3.12/site-packages/airflow/example_dags/tutorial.py
[2025-06-20T16:16:06.210+0000] {processor.py:840} INFO - DAG(s) 'tutorial' retrieved from /home/airflow/.local/lib/python3.12/site-packages/airflow/example_dags/tutorial.py
[2025-06-20T16:16:06.228+0000] {logging_mixin.py:188} INFO - [2025-06-20T16:16:06.228+0000] {dag.py:3096} INFO - Sync 1 DAGs
[2025-06-20T16:16:06.247+0000] {logging_mixin.py:188} INFO - [2025-06-20T16:16:06.247+0000] {dag.py:3954} INFO - Setting next_dagrun for tutorial to 2025-06-19 00:00:00+00:00, run_after=2025-06-20 00:00:00+00:00
[2025-06-20T16:16:06.263+0000] {processor.py:183} INFO - Processing /home/airflow/.local/lib/python3.12/site-packages/airflow/example_dags/tutorial.py took 0.067 seconds
[2025-06-20T16:16:36.540+0000] {processor.py:161} INFO - Started process (PID=1984) to work on /home/airflow/.local/lib/python3.12/site-packages/airflow/example_dags/tutorial.py
[2025-06-20T16:16:36.541+0000] {processor.py:830} INFO - Processing file /home/airflow/.local/lib/python3.12/site-packages/airflow/example_dags/tutorial.py for tasks to queue
[2025-06-20T16:16:36.543+0000] {logging_mixin.py:188} INFO - [2025-06-20T16:16:36.542+0000] {dagbag.py:540} INFO - Filling up the DagBag from /home/airflow/.local/lib/python3.12/site-packages/airflow/example_dags/tutorial.py
[2025-06-20T16:16:36.548+0000] {processor.py:840} INFO - DAG(s) 'tutorial' retrieved from /home/airflow/.local/lib/python3.12/site-packages/airflow/example_dags/tutorial.py
[2025-06-20T16:16:36.567+0000] {logging_mixin.py:188} INFO - [2025-06-20T16:16:36.567+0000] {dag.py:3096} INFO - Sync 1 DAGs
[2025-06-20T16:16:36.587+0000] {logging_mixin.py:188} INFO - [2025-06-20T16:16:36.586+0000] {dag.py:3954} INFO - Setting next_dagrun for tutorial to 2025-06-19 00:00:00+00:00, run_after=2025-06-20 00:00:00+00:00
[2025-06-20T16:16:36.705+0000] {processor.py:183} INFO - Processing /home/airflow/.local/lib/python3.12/site-packages/airflow/example_dags/tutorial.py took 0.172 seconds
[2025-06-20T16:17:06.923+0000] {processor.py:161} INFO - Started process (PID=2044) to work on /home/airflow/.local/lib/python3.12/site-packages/airflow/example_dags/tutorial.py
[2025-06-20T16:17:06.924+0000] {processor.py:830} INFO - Processing file /home/airflow/.local/lib/python3.12/site-packages/airflow/example_dags/tutorial.py for tasks to queue
[2025-06-20T16:17:06.926+0000] {logging_mixin.py:188} INFO - [2025-06-20T16:17:06.925+0000] {dagbag.py:540} INFO - Filling up the DagBag from /home/airflow/.local/lib/python3.12/site-packages/airflow/example_dags/tutorial.py
[2025-06-20T16:17:06.931+0000] {processor.py:840} INFO - DAG(s) 'tutorial' retrieved from /home/airflow/.local/lib/python3.12/site-packages/airflow/example_dags/tutorial.py
[2025-06-20T16:17:06.950+0000] {logging_mixin.py:188} INFO - [2025-06-20T16:17:06.949+0000] {dag.py:3096} INFO - Sync 1 DAGs
[2025-06-20T16:17:06.969+0000] {logging_mixin.py:188} INFO - [2025-06-20T16:17:06.969+0000] {dag.py:3954} INFO - Setting next_dagrun for tutorial to 2025-06-19 00:00:00+00:00, run_after=2025-06-20 00:00:00+00:00
[2025-06-20T16:17:06.985+0000] {processor.py:183} INFO - Processing /home/airflow/.local/lib/python3.12/site-packages/airflow/example_dags/tutorial.py took 0.068 seconds
[2025-06-20T16:17:37.053+0000] {processor.py:161} INFO - Started process (PID=2103) to work on /home/airflow/.local/lib/python3.12/site-packages/airflow/example_dags/tutorial.py
[2025-06-20T16:17:37.054+0000] {processor.py:830} INFO - Processing file /home/airflow/.local/lib/python3.12/site-packages/airflow/example_dags/tutorial.py for tasks to queue
[2025-06-20T16:17:37.055+0000] {logging_mixin.py:188} INFO - [2025-06-20T16:17:37.055+0000] {dagbag.py:540} INFO - Filling up the DagBag from /home/airflow/.local/lib/python3.12/site-packages/airflow/example_dags/tutorial.py
[2025-06-20T16:17:37.061+0000] {processor.py:840} INFO - DAG(s) 'tutorial' retrieved from /home/airflow/.local/lib/python3.12/site-packages/airflow/example_dags/tutorial.py
[2025-06-20T16:17:37.079+0000] {logging_mixin.py:188} INFO - [2025-06-20T16:17:37.079+0000] {dag.py:3096} INFO - Sync 1 DAGs
[2025-06-20T16:17:37.099+0000] {logging_mixin.py:188} INFO - [2025-06-20T16:17:37.098+0000] {dag.py:3954} INFO - Setting next_dagrun for tutorial to 2025-06-19 00:00:00+00:00, run_after=2025-06-20 00:00:00+00:00
[2025-06-20T16:17:37.114+0000] {processor.py:183} INFO - Processing /home/airflow/.local/lib/python3.12/site-packages/airflow/example_dags/tutorial.py took 0.067 seconds
[2025-06-20T16:18:08.108+0000] {processor.py:161} INFO - Started process (PID=2162) to work on /home/airflow/.local/lib/python3.12/site-packages/airflow/example_dags/tutorial.py
[2025-06-20T16:18:08.109+0000] {processor.py:830} INFO - Processing file /home/airflow/.local/lib/python3.12/site-packages/airflow/example_dags/tutorial.py for tasks to queue
[2025-06-20T16:18:08.111+0000] {logging_mixin.py:188} INFO - [2025-06-20T16:18:08.111+0000] {dagbag.py:540} INFO - Filling up the DagBag from /home/airflow/.local/lib/python3.12/site-packages/airflow/example_dags/tutorial.py
[2025-06-20T16:18:08.117+0000] {processor.py:840} INFO - DAG(s) 'tutorial' retrieved from /home/airflow/.local/lib/python3.12/site-packages/airflow/example_dags/tutorial.py
[2025-06-20T16:18:08.136+0000] {logging_mixin.py:188} INFO - [2025-06-20T16:18:08.136+0000] {dag.py:3096} INFO - Sync 1 DAGs
[2025-06-20T16:18:08.156+0000] {logging_mixin.py:188} INFO - [2025-06-20T16:18:08.156+0000] {dag.py:3954} INFO - Setting next_dagrun for tutorial to 2025-06-19 00:00:00+00:00, run_after=2025-06-20 00:00:00+00:00
[2025-06-20T16:18:08.174+0000] {processor.py:183} INFO - Processing /home/airflow/.local/lib/python3.12/site-packages/airflow/example_dags/tutorial.py took 0.072 seconds
[2025-06-20T16:18:38.422+0000] {processor.py:161} INFO - Started process (PID=2219) to work on /home/airflow/.local/lib/python3.12/site-packages/airflow/example_dags/tutorial.py
[2025-06-20T16:18:38.423+0000] {processor.py:830} INFO - Processing file /home/airflow/.local/lib/python3.12/site-packages/airflow/example_dags/tutorial.py for tasks to queue
[2025-06-20T16:18:38.425+0000] {logging_mixin.py:188} INFO - [2025-06-20T16:18:38.425+0000] {dagbag.py:540} INFO - Filling up the DagBag from /home/airflow/.local/lib/python3.12/site-packages/airflow/example_dags/tutorial.py
[2025-06-20T16:18:38.432+0000] {processor.py:840} INFO - DAG(s) 'tutorial' retrieved from /home/airflow/.local/lib/python3.12/site-packages/airflow/example_dags/tutorial.py
[2025-06-20T16:18:38.452+0000] {logging_mixin.py:188} INFO - [2025-06-20T16:18:38.452+0000] {dag.py:3096} INFO - Sync 1 DAGs
[2025-06-20T16:18:38.473+0000] {logging_mixin.py:188} INFO - [2025-06-20T16:18:38.473+0000] {dag.py:3954} INFO - Setting next_dagrun for tutorial to 2025-06-19 00:00:00+00:00, run_after=2025-06-20 00:00:00+00:00
[2025-06-20T16:18:38.623+0000] {processor.py:183} INFO - Processing /home/airflow/.local/lib/python3.12/site-packages/airflow/example_dags/tutorial.py took 0.207 seconds
[2025-06-20T16:19:09.065+0000] {processor.py:161} INFO - Started process (PID=2278) to work on /home/airflow/.local/lib/python3.12/site-packages/airflow/example_dags/tutorial.py
[2025-06-20T16:19:09.066+0000] {processor.py:830} INFO - Processing file /home/airflow/.local/lib/python3.12/site-packages/airflow/example_dags/tutorial.py for tasks to queue
[2025-06-20T16:19:09.068+0000] {logging_mixin.py:188} INFO - [2025-06-20T16:19:09.067+0000] {dagbag.py:540} INFO - Filling up the DagBag from /home/airflow/.local/lib/python3.12/site-packages/airflow/example_dags/tutorial.py
[2025-06-20T16:19:09.074+0000] {processor.py:840} INFO - DAG(s) 'tutorial' retrieved from /home/airflow/.local/lib/python3.12/site-packages/airflow/example_dags/tutorial.py
[2025-06-20T16:19:09.093+0000] {logging_mixin.py:188} INFO - [2025-06-20T16:19:09.093+0000] {dag.py:3096} INFO - Sync 1 DAGs
[2025-06-20T16:19:09.113+0000] {logging_mixin.py:188} INFO - [2025-06-20T16:19:09.113+0000] {dag.py:3954} INFO - Setting next_dagrun for tutorial to 2025-06-19 00:00:00+00:00, run_after=2025-06-20 00:00:00+00:00
[2025-06-20T16:19:09.129+0000] {processor.py:183} INFO - Processing /home/airflow/.local/lib/python3.12/site-packages/airflow/example_dags/tutorial.py took 0.070 seconds
[2025-06-20T16:19:40.028+0000] {processor.py:161} INFO - Started process (PID=2337) to work on /home/airflow/.local/lib/python3.12/site-packages/airflow/example_dags/tutorial.py
[2025-06-20T16:19:40.029+0000] {processor.py:830} INFO - Processing file /home/airflow/.local/lib/python3.12/site-packages/airflow/example_dags/tutorial.py for tasks to queue
[2025-06-20T16:19:40.031+0000] {logging_mixin.py:188} INFO - [2025-06-20T16:19:40.031+0000] {dagbag.py:540} INFO - Filling up the DagBag from /home/airflow/.local/lib/python3.12/site-packages/airflow/example_dags/tutorial.py
[2025-06-20T16:19:40.037+0000] {processor.py:840} INFO - DAG(s) 'tutorial' retrieved from /home/airflow/.local/lib/python3.12/site-packages/airflow/example_dags/tutorial.py
[2025-06-20T16:19:40.056+0000] {logging_mixin.py:188} INFO - [2025-06-20T16:19:40.055+0000] {dag.py:3096} INFO - Sync 1 DAGs
[2025-06-20T16:19:40.078+0000] {logging_mixin.py:188} INFO - [2025-06-20T16:19:40.078+0000] {dag.py:3954} INFO - Setting next_dagrun for tutorial to 2025-06-19 00:00:00+00:00, run_after=2025-06-20 00:00:00+00:00
[2025-06-20T16:19:40.093+0000] {processor.py:183} INFO - Processing /home/airflow/.local/lib/python3.12/site-packages/airflow/example_dags/tutorial.py took 0.071 seconds
[2025-06-20T16:20:11.063+0000] {processor.py:161} INFO - Started process (PID=2396) to work on /home/airflow/.local/lib/python3.12/site-packages/airflow/example_dags/tutorial.py
[2025-06-20T16:20:11.064+0000] {processor.py:830} INFO - Processing file /home/airflow/.local/lib/python3.12/site-packages/airflow/example_dags/tutorial.py for tasks to queue
[2025-06-20T16:20:11.066+0000] {logging_mixin.py:188} INFO - [2025-06-20T16:20:11.065+0000] {dagbag.py:540} INFO - Filling up the DagBag from /home/airflow/.local/lib/python3.12/site-packages/airflow/example_dags/tutorial.py
[2025-06-20T16:20:11.072+0000] {processor.py:840} INFO - DAG(s) 'tutorial' retrieved from /home/airflow/.local/lib/python3.12/site-packages/airflow/example_dags/tutorial.py
[2025-06-20T16:20:11.228+0000] {logging_mixin.py:188} INFO - [2025-06-20T16:20:11.227+0000] {dag.py:3096} INFO - Sync 1 DAGs
[2025-06-20T16:20:11.245+0000] {logging_mixin.py:188} INFO - [2025-06-20T16:20:11.245+0000] {dag.py:3954} INFO - Setting next_dagrun for tutorial to 2025-06-19 00:00:00+00:00, run_after=2025-06-20 00:00:00+00:00
[2025-06-20T16:20:11.260+0000] {processor.py:183} INFO - Processing /home/airflow/.local/lib/python3.12/site-packages/airflow/example_dags/tutorial.py took 0.203 seconds
[2025-06-20T16:20:41.586+0000] {processor.py:161} INFO - Started process (PID=2455) to work on /home/airflow/.local/lib/python3.12/site-packages/airflow/example_dags/tutorial.py
[2025-06-20T16:20:41.586+0000] {processor.py:830} INFO - Processing file /home/airflow/.local/lib/python3.12/site-packages/airflow/example_dags/tutorial.py for tasks to queue
[2025-06-20T16:20:41.588+0000] {logging_mixin.py:188} INFO - [2025-06-20T16:20:41.588+0000] {dagbag.py:540} INFO - Filling up the DagBag from /home/airflow/.local/lib/python3.12/site-packages/airflow/example_dags/tutorial.py
[2025-06-20T16:20:41.594+0000] {processor.py:840} INFO - DAG(s) 'tutorial' retrieved from /home/airflow/.local/lib/python3.12/site-packages/airflow/example_dags/tutorial.py
[2025-06-20T16:20:41.615+0000] {logging_mixin.py:188} INFO - [2025-06-20T16:20:41.615+0000] {dag.py:3096} INFO - Sync 1 DAGs
[2025-06-20T16:20:41.637+0000] {logging_mixin.py:188} INFO - [2025-06-20T16:20:41.636+0000] {dag.py:3954} INFO - Setting next_dagrun for tutorial to 2025-06-19 00:00:00+00:00, run_after=2025-06-20 00:00:00+00:00
[2025-06-20T16:20:41.653+0000] {processor.py:183} INFO - Processing /home/airflow/.local/lib/python3.12/site-packages/airflow/example_dags/tutorial.py took 0.074 seconds
[2025-06-20T16:21:11.818+0000] {processor.py:161} INFO - Started process (PID=2514) to work on /home/airflow/.local/lib/python3.12/site-packages/airflow/example_dags/tutorial.py
[2025-06-20T16:21:11.819+0000] {processor.py:830} INFO - Processing file /home/airflow/.local/lib/python3.12/site-packages/airflow/example_dags/tutorial.py for tasks to queue
[2025-06-20T16:21:11.821+0000] {logging_mixin.py:188} INFO - [2025-06-20T16:21:11.821+0000] {dagbag.py:540} INFO - Filling up the DagBag from /home/airflow/.local/lib/python3.12/site-packages/airflow/example_dags/tutorial.py
[2025-06-20T16:21:11.827+0000] {processor.py:840} INFO - DAG(s) 'tutorial' retrieved from /home/airflow/.local/lib/python3.12/site-packages/airflow/example_dags/tutorial.py
[2025-06-20T16:21:11.847+0000] {logging_mixin.py:188} INFO - [2025-06-20T16:21:11.847+0000] {dag.py:3096} INFO - Sync 1 DAGs
[2025-06-20T16:21:11.866+0000] {logging_mixin.py:188} INFO - [2025-06-20T16:21:11.866+0000] {dag.py:3954} INFO - Setting next_dagrun for tutorial to 2025-06-19 00:00:00+00:00, run_after=2025-06-20 00:00:00+00:00
[2025-06-20T16:21:11.883+0000] {processor.py:183} INFO - Processing /home/airflow/.local/lib/python3.12/site-packages/airflow/example_dags/tutorial.py took 0.071 seconds
[2025-06-20T16:21:42.015+0000] {processor.py:161} INFO - Started process (PID=2574) to work on /home/airflow/.local/lib/python3.12/site-packages/airflow/example_dags/tutorial.py
[2025-06-20T16:21:42.016+0000] {processor.py:830} INFO - Processing file /home/airflow/.local/lib/python3.12/site-packages/airflow/example_dags/tutorial.py for tasks to queue
[2025-06-20T16:21:42.018+0000] {logging_mixin.py:188} INFO - [2025-06-20T16:21:42.017+0000] {dagbag.py:540} INFO - Filling up the DagBag from /home/airflow/.local/lib/python3.12/site-packages/airflow/example_dags/tutorial.py
[2025-06-20T16:21:42.024+0000] {processor.py:840} INFO - DAG(s) 'tutorial' retrieved from /home/airflow/.local/lib/python3.12/site-packages/airflow/example_dags/tutorial.py
[2025-06-20T16:21:42.043+0000] {logging_mixin.py:188} INFO - [2025-06-20T16:21:42.043+0000] {dag.py:3096} INFO - Sync 1 DAGs
[2025-06-20T16:21:42.063+0000] {logging_mixin.py:188} INFO - [2025-06-20T16:21:42.063+0000] {dag.py:3954} INFO - Setting next_dagrun for tutorial to 2025-06-19 00:00:00+00:00, run_after=2025-06-20 00:00:00+00:00
[2025-06-20T16:21:42.079+0000] {processor.py:183} INFO - Processing /home/airflow/.local/lib/python3.12/site-packages/airflow/example_dags/tutorial.py took 0.070 seconds
[2025-06-20T16:22:12.334+0000] {processor.py:161} INFO - Started process (PID=2633) to work on /home/airflow/.local/lib/python3.12/site-packages/airflow/example_dags/tutorial.py
[2025-06-20T16:22:12.335+0000] {processor.py:830} INFO - Processing file /home/airflow/.local/lib/python3.12/site-packages/airflow/example_dags/tutorial.py for tasks to queue
[2025-06-20T16:22:12.337+0000] {logging_mixin.py:188} INFO - [2025-06-20T16:22:12.337+0000] {dagbag.py:540} INFO - Filling up the DagBag from /home/airflow/.local/lib/python3.12/site-packages/airflow/example_dags/tutorial.py
[2025-06-20T16:22:12.343+0000] {processor.py:840} INFO - DAG(s) 'tutorial' retrieved from /home/airflow/.local/lib/python3.12/site-packages/airflow/example_dags/tutorial.py
[2025-06-20T16:22:12.361+0000] {logging_mixin.py:188} INFO - [2025-06-20T16:22:12.361+0000] {dag.py:3096} INFO - Sync 1 DAGs
[2025-06-20T16:22:12.380+0000] {logging_mixin.py:188} INFO - [2025-06-20T16:22:12.380+0000] {dag.py:3954} INFO - Setting next_dagrun for tutorial to 2025-06-19 00:00:00+00:00, run_after=2025-06-20 00:00:00+00:00
[2025-06-20T16:22:12.395+0000] {processor.py:183} INFO - Processing /home/airflow/.local/lib/python3.12/site-packages/airflow/example_dags/tutorial.py took 0.066 seconds
[2025-06-20T16:22:42.561+0000] {processor.py:161} INFO - Started process (PID=2692) to work on /home/airflow/.local/lib/python3.12/site-packages/airflow/example_dags/tutorial.py
[2025-06-20T16:22:42.562+0000] {processor.py:830} INFO - Processing file /home/airflow/.local/lib/python3.12/site-packages/airflow/example_dags/tutorial.py for tasks to queue
[2025-06-20T16:22:42.564+0000] {logging_mixin.py:188} INFO - [2025-06-20T16:22:42.564+0000] {dagbag.py:540} INFO - Filling up the DagBag from /home/airflow/.local/lib/python3.12/site-packages/airflow/example_dags/tutorial.py
[2025-06-20T16:22:42.570+0000] {processor.py:840} INFO - DAG(s) 'tutorial' retrieved from /home/airflow/.local/lib/python3.12/site-packages/airflow/example_dags/tutorial.py
[2025-06-20T16:22:42.589+0000] {logging_mixin.py:188} INFO - [2025-06-20T16:22:42.589+0000] {dag.py:3096} INFO - Sync 1 DAGs
[2025-06-20T16:22:42.609+0000] {logging_mixin.py:188} INFO - [2025-06-20T16:22:42.609+0000] {dag.py:3954} INFO - Setting next_dagrun for tutorial to 2025-06-19 00:00:00+00:00, run_after=2025-06-20 00:00:00+00:00
[2025-06-20T16:22:42.625+0000] {processor.py:183} INFO - Processing /home/airflow/.local/lib/python3.12/site-packages/airflow/example_dags/tutorial.py took 0.070 seconds
[2025-06-20T16:23:12.677+0000] {processor.py:161} INFO - Started process (PID=2751) to work on /home/airflow/.local/lib/python3.12/site-packages/airflow/example_dags/tutorial.py
[2025-06-20T16:23:12.678+0000] {processor.py:830} INFO - Processing file /home/airflow/.local/lib/python3.12/site-packages/airflow/example_dags/tutorial.py for tasks to queue
[2025-06-20T16:23:12.679+0000] {logging_mixin.py:188} INFO - [2025-06-20T16:23:12.679+0000] {dagbag.py:540} INFO - Filling up the DagBag from /home/airflow/.local/lib/python3.12/site-packages/airflow/example_dags/tutorial.py
[2025-06-20T16:23:12.685+0000] {processor.py:840} INFO - DAG(s) 'tutorial' retrieved from /home/airflow/.local/lib/python3.12/site-packages/airflow/example_dags/tutorial.py
[2025-06-20T16:23:12.705+0000] {logging_mixin.py:188} INFO - [2025-06-20T16:23:12.705+0000] {dag.py:3096} INFO - Sync 1 DAGs
[2025-06-20T16:23:12.726+0000] {logging_mixin.py:188} INFO - [2025-06-20T16:23:12.726+0000] {dag.py:3954} INFO - Setting next_dagrun for tutorial to 2025-06-19 00:00:00+00:00, run_after=2025-06-20 00:00:00+00:00
[2025-06-20T16:23:12.742+0000] {processor.py:183} INFO - Processing /home/airflow/.local/lib/python3.12/site-packages/airflow/example_dags/tutorial.py took 0.072 seconds
[2025-06-20T16:24:25.667+0000] {processor.py:161} INFO - Started process (PID=90) to work on /home/airflow/.local/lib/python3.12/site-packages/airflow/example_dags/tutorial.py
[2025-06-20T16:24:25.668+0000] {processor.py:830} INFO - Processing file /home/airflow/.local/lib/python3.12/site-packages/airflow/example_dags/tutorial.py for tasks to queue
[2025-06-20T16:24:25.671+0000] {logging_mixin.py:188} INFO - [2025-06-20T16:24:25.671+0000] {dagbag.py:540} INFO - Filling up the DagBag from /home/airflow/.local/lib/python3.12/site-packages/airflow/example_dags/tutorial.py
[2025-06-20T16:24:25.677+0000] {processor.py:840} INFO - DAG(s) 'tutorial' retrieved from /home/airflow/.local/lib/python3.12/site-packages/airflow/example_dags/tutorial.py
[2025-06-20T16:24:25.690+0000] {logging_mixin.py:188} INFO - [2025-06-20T16:24:25.690+0000] {dag.py:3096} INFO - Sync 1 DAGs
[2025-06-20T16:24:25.713+0000] {logging_mixin.py:188} INFO - [2025-06-20T16:24:25.712+0000] {dag.py:3954} INFO - Setting next_dagrun for tutorial to 2025-06-19 00:00:00+00:00, run_after=2025-06-20 00:00:00+00:00
[2025-06-20T16:24:25.730+0000] {processor.py:183} INFO - Processing /home/airflow/.local/lib/python3.12/site-packages/airflow/example_dags/tutorial.py took 0.072 seconds
[2025-06-20T16:24:57.594+0000] {processor.py:161} INFO - Started process (PID=155) to work on /home/airflow/.local/lib/python3.12/site-packages/airflow/example_dags/tutorial.py
[2025-06-20T16:24:57.594+0000] {processor.py:830} INFO - Processing file /home/airflow/.local/lib/python3.12/site-packages/airflow/example_dags/tutorial.py for tasks to queue
[2025-06-20T16:24:57.596+0000] {logging_mixin.py:188} INFO - [2025-06-20T16:24:57.596+0000] {dagbag.py:540} INFO - Filling up the DagBag from /home/airflow/.local/lib/python3.12/site-packages/airflow/example_dags/tutorial.py
[2025-06-20T16:24:57.603+0000] {processor.py:840} INFO - DAG(s) 'tutorial' retrieved from /home/airflow/.local/lib/python3.12/site-packages/airflow/example_dags/tutorial.py
[2025-06-20T16:24:57.705+0000] {logging_mixin.py:188} INFO - [2025-06-20T16:24:57.705+0000] {dag.py:3096} INFO - Sync 1 DAGs
[2025-06-20T16:24:57.723+0000] {logging_mixin.py:188} INFO - [2025-06-20T16:24:57.723+0000] {dag.py:3954} INFO - Setting next_dagrun for tutorial to 2025-06-19 00:00:00+00:00, run_after=2025-06-20 00:00:00+00:00
[2025-06-20T16:24:57.739+0000] {processor.py:183} INFO - Processing /home/airflow/.local/lib/python3.12/site-packages/airflow/example_dags/tutorial.py took 0.152 seconds
[2025-06-20T16:25:27.780+0000] {processor.py:161} INFO - Started process (PID=214) to work on /home/airflow/.local/lib/python3.12/site-packages/airflow/example_dags/tutorial.py
[2025-06-20T16:25:27.781+0000] {processor.py:830} INFO - Processing file /home/airflow/.local/lib/python3.12/site-packages/airflow/example_dags/tutorial.py for tasks to queue
[2025-06-20T16:25:27.783+0000] {logging_mixin.py:188} INFO - [2025-06-20T16:25:27.783+0000] {dagbag.py:540} INFO - Filling up the DagBag from /home/airflow/.local/lib/python3.12/site-packages/airflow/example_dags/tutorial.py
[2025-06-20T16:25:27.789+0000] {processor.py:840} INFO - DAG(s) 'tutorial' retrieved from /home/airflow/.local/lib/python3.12/site-packages/airflow/example_dags/tutorial.py
[2025-06-20T16:25:27.809+0000] {logging_mixin.py:188} INFO - [2025-06-20T16:25:27.809+0000] {dag.py:3096} INFO - Sync 1 DAGs
[2025-06-20T16:25:27.830+0000] {logging_mixin.py:188} INFO - [2025-06-20T16:25:27.830+0000] {dag.py:3954} INFO - Setting next_dagrun for tutorial to 2025-06-19 00:00:00+00:00, run_after=2025-06-20 00:00:00+00:00
[2025-06-20T16:25:27.846+0000] {processor.py:183} INFO - Processing /home/airflow/.local/lib/python3.12/site-packages/airflow/example_dags/tutorial.py took 0.072 seconds
[2025-06-20T16:25:58.062+0000] {processor.py:161} INFO - Started process (PID=273) to work on /home/airflow/.local/lib/python3.12/site-packages/airflow/example_dags/tutorial.py
[2025-06-20T16:25:58.063+0000] {processor.py:830} INFO - Processing file /home/airflow/.local/lib/python3.12/site-packages/airflow/example_dags/tutorial.py for tasks to queue
[2025-06-20T16:25:58.065+0000] {logging_mixin.py:188} INFO - [2025-06-20T16:25:58.065+0000] {dagbag.py:540} INFO - Filling up the DagBag from /home/airflow/.local/lib/python3.12/site-packages/airflow/example_dags/tutorial.py
[2025-06-20T16:25:58.071+0000] {processor.py:840} INFO - DAG(s) 'tutorial' retrieved from /home/airflow/.local/lib/python3.12/site-packages/airflow/example_dags/tutorial.py
[2025-06-20T16:25:58.091+0000] {logging_mixin.py:188} INFO - [2025-06-20T16:25:58.090+0000] {dag.py:3096} INFO - Sync 1 DAGs
[2025-06-20T16:25:58.110+0000] {logging_mixin.py:188} INFO - [2025-06-20T16:25:58.110+0000] {dag.py:3954} INFO - Setting next_dagrun for tutorial to 2025-06-19 00:00:00+00:00, run_after=2025-06-20 00:00:00+00:00
[2025-06-20T16:25:58.127+0000] {processor.py:183} INFO - Processing /home/airflow/.local/lib/python3.12/site-packages/airflow/example_dags/tutorial.py took 0.070 seconds
[2025-06-20T16:26:28.274+0000] {processor.py:161} INFO - Started process (PID=332) to work on /home/airflow/.local/lib/python3.12/site-packages/airflow/example_dags/tutorial.py
[2025-06-20T16:26:28.275+0000] {processor.py:830} INFO - Processing file /home/airflow/.local/lib/python3.12/site-packages/airflow/example_dags/tutorial.py for tasks to queue
[2025-06-20T16:26:28.277+0000] {logging_mixin.py:188} INFO - [2025-06-20T16:26:28.276+0000] {dagbag.py:540} INFO - Filling up the DagBag from /home/airflow/.local/lib/python3.12/site-packages/airflow/example_dags/tutorial.py
[2025-06-20T16:26:28.282+0000] {processor.py:840} INFO - DAG(s) 'tutorial' retrieved from /home/airflow/.local/lib/python3.12/site-packages/airflow/example_dags/tutorial.py
[2025-06-20T16:26:28.301+0000] {logging_mixin.py:188} INFO - [2025-06-20T16:26:28.301+0000] {dag.py:3096} INFO - Sync 1 DAGs
[2025-06-20T16:26:28.320+0000] {logging_mixin.py:188} INFO - [2025-06-20T16:26:28.320+0000] {dag.py:3954} INFO - Setting next_dagrun for tutorial to 2025-06-19 00:00:00+00:00, run_after=2025-06-20 00:00:00+00:00
[2025-06-20T16:26:28.335+0000] {processor.py:183} INFO - Processing /home/airflow/.local/lib/python3.12/site-packages/airflow/example_dags/tutorial.py took 0.068 seconds
[2025-06-20T16:26:58.496+0000] {processor.py:161} INFO - Started process (PID=391) to work on /home/airflow/.local/lib/python3.12/site-packages/airflow/example_dags/tutorial.py
[2025-06-20T16:26:58.497+0000] {processor.py:830} INFO - Processing file /home/airflow/.local/lib/python3.12/site-packages/airflow/example_dags/tutorial.py for tasks to queue
[2025-06-20T16:26:58.499+0000] {logging_mixin.py:188} INFO - [2025-06-20T16:26:58.498+0000] {dagbag.py:540} INFO - Filling up the DagBag from /home/airflow/.local/lib/python3.12/site-packages/airflow/example_dags/tutorial.py
[2025-06-20T16:26:58.505+0000] {processor.py:840} INFO - DAG(s) 'tutorial' retrieved from /home/airflow/.local/lib/python3.12/site-packages/airflow/example_dags/tutorial.py
[2025-06-20T16:26:58.524+0000] {logging_mixin.py:188} INFO - [2025-06-20T16:26:58.524+0000] {dag.py:3096} INFO - Sync 1 DAGs
[2025-06-20T16:26:58.544+0000] {logging_mixin.py:188} INFO - [2025-06-20T16:26:58.544+0000] {dag.py:3954} INFO - Setting next_dagrun for tutorial to 2025-06-19 00:00:00+00:00, run_after=2025-06-20 00:00:00+00:00
[2025-06-20T16:26:58.560+0000] {processor.py:183} INFO - Processing /home/airflow/.local/lib/python3.12/site-packages/airflow/example_dags/tutorial.py took 0.070 seconds
[2025-06-20T16:27:28.721+0000] {processor.py:161} INFO - Started process (PID=450) to work on /home/airflow/.local/lib/python3.12/site-packages/airflow/example_dags/tutorial.py
[2025-06-20T16:27:28.722+0000] {processor.py:830} INFO - Processing file /home/airflow/.local/lib/python3.12/site-packages/airflow/example_dags/tutorial.py for tasks to queue
[2025-06-20T16:27:28.724+0000] {logging_mixin.py:188} INFO - [2025-06-20T16:27:28.724+0000] {dagbag.py:540} INFO - Filling up the DagBag from /home/airflow/.local/lib/python3.12/site-packages/airflow/example_dags/tutorial.py
[2025-06-20T16:27:28.730+0000] {processor.py:840} INFO - DAG(s) 'tutorial' retrieved from /home/airflow/.local/lib/python3.12/site-packages/airflow/example_dags/tutorial.py
[2025-06-20T16:27:28.749+0000] {logging_mixin.py:188} INFO - [2025-06-20T16:27:28.749+0000] {dag.py:3096} INFO - Sync 1 DAGs
[2025-06-20T16:27:28.770+0000] {logging_mixin.py:188} INFO - [2025-06-20T16:27:28.769+0000] {dag.py:3954} INFO - Setting next_dagrun for tutorial to 2025-06-19 00:00:00+00:00, run_after=2025-06-20 00:00:00+00:00
[2025-06-20T16:27:28.786+0000] {processor.py:183} INFO - Processing /home/airflow/.local/lib/python3.12/site-packages/airflow/example_dags/tutorial.py took 0.071 seconds
[2025-06-20T16:27:58.878+0000] {processor.py:161} INFO - Started process (PID=508) to work on /home/airflow/.local/lib/python3.12/site-packages/airflow/example_dags/tutorial.py
[2025-06-20T16:27:58.879+0000] {processor.py:830} INFO - Processing file /home/airflow/.local/lib/python3.12/site-packages/airflow/example_dags/tutorial.py for tasks to queue
[2025-06-20T16:27:58.881+0000] {logging_mixin.py:188} INFO - [2025-06-20T16:27:58.880+0000] {dagbag.py:540} INFO - Filling up the DagBag from /home/airflow/.local/lib/python3.12/site-packages/airflow/example_dags/tutorial.py
[2025-06-20T16:27:58.887+0000] {processor.py:840} INFO - DAG(s) 'tutorial' retrieved from /home/airflow/.local/lib/python3.12/site-packages/airflow/example_dags/tutorial.py
[2025-06-20T16:27:58.906+0000] {logging_mixin.py:188} INFO - [2025-06-20T16:27:58.906+0000] {dag.py:3096} INFO - Sync 1 DAGs
[2025-06-20T16:27:58.926+0000] {logging_mixin.py:188} INFO - [2025-06-20T16:27:58.926+0000] {dag.py:3954} INFO - Setting next_dagrun for tutorial to 2025-06-19 00:00:00+00:00, run_after=2025-06-20 00:00:00+00:00
[2025-06-20T16:27:58.942+0000] {processor.py:183} INFO - Processing /home/airflow/.local/lib/python3.12/site-packages/airflow/example_dags/tutorial.py took 0.070 seconds
[2025-06-20T16:28:29.046+0000] {processor.py:161} INFO - Started process (PID=567) to work on /home/airflow/.local/lib/python3.12/site-packages/airflow/example_dags/tutorial.py
[2025-06-20T16:28:29.047+0000] {processor.py:830} INFO - Processing file /home/airflow/.local/lib/python3.12/site-packages/airflow/example_dags/tutorial.py for tasks to queue
[2025-06-20T16:28:29.049+0000] {logging_mixin.py:188} INFO - [2025-06-20T16:28:29.049+0000] {dagbag.py:540} INFO - Filling up the DagBag from /home/airflow/.local/lib/python3.12/site-packages/airflow/example_dags/tutorial.py
[2025-06-20T16:28:29.055+0000] {processor.py:840} INFO - DAG(s) 'tutorial' retrieved from /home/airflow/.local/lib/python3.12/site-packages/airflow/example_dags/tutorial.py
[2025-06-20T16:28:29.073+0000] {logging_mixin.py:188} INFO - [2025-06-20T16:28:29.073+0000] {dag.py:3096} INFO - Sync 1 DAGs
[2025-06-20T16:28:29.093+0000] {logging_mixin.py:188} INFO - [2025-06-20T16:28:29.093+0000] {dag.py:3954} INFO - Setting next_dagrun for tutorial to 2025-06-19 00:00:00+00:00, run_after=2025-06-20 00:00:00+00:00
[2025-06-20T16:28:29.108+0000] {processor.py:183} INFO - Processing /home/airflow/.local/lib/python3.12/site-packages/airflow/example_dags/tutorial.py took 0.068 seconds
[2025-06-20T16:29:00.056+0000] {processor.py:161} INFO - Started process (PID=627) to work on /home/airflow/.local/lib/python3.12/site-packages/airflow/example_dags/tutorial.py
[2025-06-20T16:29:00.057+0000] {processor.py:830} INFO - Processing file /home/airflow/.local/lib/python3.12/site-packages/airflow/example_dags/tutorial.py for tasks to queue
[2025-06-20T16:29:00.059+0000] {logging_mixin.py:188} INFO - [2025-06-20T16:29:00.058+0000] {dagbag.py:540} INFO - Filling up the DagBag from /home/airflow/.local/lib/python3.12/site-packages/airflow/example_dags/tutorial.py
[2025-06-20T16:29:00.065+0000] {processor.py:840} INFO - DAG(s) 'tutorial' retrieved from /home/airflow/.local/lib/python3.12/site-packages/airflow/example_dags/tutorial.py
[2025-06-20T16:29:00.084+0000] {logging_mixin.py:188} INFO - [2025-06-20T16:29:00.084+0000] {dag.py:3096} INFO - Sync 1 DAGs
[2025-06-20T16:29:00.104+0000] {logging_mixin.py:188} INFO - [2025-06-20T16:29:00.104+0000] {dag.py:3954} INFO - Setting next_dagrun for tutorial to 2025-06-19 00:00:00+00:00, run_after=2025-06-20 00:00:00+00:00
[2025-06-20T16:29:00.121+0000] {processor.py:183} INFO - Processing /home/airflow/.local/lib/python3.12/site-packages/airflow/example_dags/tutorial.py took 0.072 seconds
[2025-06-20T16:29:30.324+0000] {processor.py:161} INFO - Started process (PID=686) to work on /home/airflow/.local/lib/python3.12/site-packages/airflow/example_dags/tutorial.py
[2025-06-20T16:29:30.325+0000] {processor.py:830} INFO - Processing file /home/airflow/.local/lib/python3.12/site-packages/airflow/example_dags/tutorial.py for tasks to queue
[2025-06-20T16:29:30.327+0000] {logging_mixin.py:188} INFO - [2025-06-20T16:29:30.327+0000] {dagbag.py:540} INFO - Filling up the DagBag from /home/airflow/.local/lib/python3.12/site-packages/airflow/example_dags/tutorial.py
[2025-06-20T16:29:30.333+0000] {processor.py:840} INFO - DAG(s) 'tutorial' retrieved from /home/airflow/.local/lib/python3.12/site-packages/airflow/example_dags/tutorial.py
[2025-06-20T16:29:30.354+0000] {logging_mixin.py:188} INFO - [2025-06-20T16:29:30.353+0000] {dag.py:3096} INFO - Sync 1 DAGs
[2025-06-20T16:29:30.375+0000] {logging_mixin.py:188} INFO - [2025-06-20T16:29:30.375+0000] {dag.py:3954} INFO - Setting next_dagrun for tutorial to 2025-06-19 00:00:00+00:00, run_after=2025-06-20 00:00:00+00:00
[2025-06-20T16:29:30.391+0000] {processor.py:183} INFO - Processing /home/airflow/.local/lib/python3.12/site-packages/airflow/example_dags/tutorial.py took 0.073 seconds
[2025-06-20T16:30:00.629+0000] {processor.py:161} INFO - Started process (PID=745) to work on /home/airflow/.local/lib/python3.12/site-packages/airflow/example_dags/tutorial.py
[2025-06-20T16:30:00.630+0000] {processor.py:830} INFO - Processing file /home/airflow/.local/lib/python3.12/site-packages/airflow/example_dags/tutorial.py for tasks to queue
[2025-06-20T16:30:00.632+0000] {logging_mixin.py:188} INFO - [2025-06-20T16:30:00.632+0000] {dagbag.py:540} INFO - Filling up the DagBag from /home/airflow/.local/lib/python3.12/site-packages/airflow/example_dags/tutorial.py
[2025-06-20T16:30:00.638+0000] {processor.py:840} INFO - DAG(s) 'tutorial' retrieved from /home/airflow/.local/lib/python3.12/site-packages/airflow/example_dags/tutorial.py
[2025-06-20T16:30:00.658+0000] {logging_mixin.py:188} INFO - [2025-06-20T16:30:00.658+0000] {dag.py:3096} INFO - Sync 1 DAGs
[2025-06-20T16:30:00.678+0000] {logging_mixin.py:188} INFO - [2025-06-20T16:30:00.678+0000] {dag.py:3954} INFO - Setting next_dagrun for tutorial to 2025-06-19 00:00:00+00:00, run_after=2025-06-20 00:00:00+00:00
[2025-06-20T16:30:00.695+0000] {processor.py:183} INFO - Processing /home/airflow/.local/lib/python3.12/site-packages/airflow/example_dags/tutorial.py took 0.072 seconds
[2025-06-20T16:30:30.864+0000] {processor.py:161} INFO - Started process (PID=804) to work on /home/airflow/.local/lib/python3.12/site-packages/airflow/example_dags/tutorial.py
[2025-06-20T16:30:30.866+0000] {processor.py:830} INFO - Processing file /home/airflow/.local/lib/python3.12/site-packages/airflow/example_dags/tutorial.py for tasks to queue
[2025-06-20T16:30:30.868+0000] {logging_mixin.py:188} INFO - [2025-06-20T16:30:30.867+0000] {dagbag.py:540} INFO - Filling up the DagBag from /home/airflow/.local/lib/python3.12/site-packages/airflow/example_dags/tutorial.py
[2025-06-20T16:30:30.875+0000] {processor.py:840} INFO - DAG(s) 'tutorial' retrieved from /home/airflow/.local/lib/python3.12/site-packages/airflow/example_dags/tutorial.py
[2025-06-20T16:30:30.895+0000] {logging_mixin.py:188} INFO - [2025-06-20T16:30:30.895+0000] {dag.py:3096} INFO - Sync 1 DAGs
[2025-06-20T16:30:30.922+0000] {logging_mixin.py:188} INFO - [2025-06-20T16:30:30.922+0000] {dag.py:3954} INFO - Setting next_dagrun for tutorial to 2025-06-19 00:00:00+00:00, run_after=2025-06-20 00:00:00+00:00
[2025-06-20T16:30:30.939+0000] {processor.py:183} INFO - Processing /home/airflow/.local/lib/python3.12/site-packages/airflow/example_dags/tutorial.py took 0.081 seconds
[2025-06-20T16:31:01.121+0000] {processor.py:161} INFO - Started process (PID=863) to work on /home/airflow/.local/lib/python3.12/site-packages/airflow/example_dags/tutorial.py
[2025-06-20T16:31:01.122+0000] {processor.py:830} INFO - Processing file /home/airflow/.local/lib/python3.12/site-packages/airflow/example_dags/tutorial.py for tasks to queue
[2025-06-20T16:31:01.124+0000] {logging_mixin.py:188} INFO - [2025-06-20T16:31:01.124+0000] {dagbag.py:540} INFO - Filling up the DagBag from /home/airflow/.local/lib/python3.12/site-packages/airflow/example_dags/tutorial.py
[2025-06-20T16:31:01.130+0000] {processor.py:840} INFO - DAG(s) 'tutorial' retrieved from /home/airflow/.local/lib/python3.12/site-packages/airflow/example_dags/tutorial.py
[2025-06-20T16:31:01.148+0000] {logging_mixin.py:188} INFO - [2025-06-20T16:31:01.148+0000] {dag.py:3096} INFO - Sync 1 DAGs
[2025-06-20T16:31:01.168+0000] {logging_mixin.py:188} INFO - [2025-06-20T16:31:01.168+0000] {dag.py:3954} INFO - Setting next_dagrun for tutorial to 2025-06-19 00:00:00+00:00, run_after=2025-06-20 00:00:00+00:00
[2025-06-20T16:31:01.183+0000] {processor.py:183} INFO - Processing /home/airflow/.local/lib/python3.12/site-packages/airflow/example_dags/tutorial.py took 0.068 seconds
[2025-06-20T16:31:31.658+0000] {processor.py:161} INFO - Started process (PID=922) to work on /home/airflow/.local/lib/python3.12/site-packages/airflow/example_dags/tutorial.py
[2025-06-20T16:31:31.659+0000] {processor.py:830} INFO - Processing file /home/airflow/.local/lib/python3.12/site-packages/airflow/example_dags/tutorial.py for tasks to queue
[2025-06-20T16:31:31.661+0000] {logging_mixin.py:188} INFO - [2025-06-20T16:31:31.661+0000] {dagbag.py:540} INFO - Filling up the DagBag from /home/airflow/.local/lib/python3.12/site-packages/airflow/example_dags/tutorial.py
[2025-06-20T16:31:31.667+0000] {processor.py:840} INFO - DAG(s) 'tutorial' retrieved from /home/airflow/.local/lib/python3.12/site-packages/airflow/example_dags/tutorial.py
[2025-06-20T16:31:31.687+0000] {logging_mixin.py:188} INFO - [2025-06-20T16:31:31.687+0000] {dag.py:3096} INFO - Sync 1 DAGs
[2025-06-20T16:31:31.708+0000] {logging_mixin.py:188} INFO - [2025-06-20T16:31:31.708+0000] {dag.py:3954} INFO - Setting next_dagrun for tutorial to 2025-06-19 00:00:00+00:00, run_after=2025-06-20 00:00:00+00:00
[2025-06-20T16:31:31.725+0000] {processor.py:183} INFO - Processing /home/airflow/.local/lib/python3.12/site-packages/airflow/example_dags/tutorial.py took 0.073 seconds
[2025-06-20T16:32:01.970+0000] {processor.py:161} INFO - Started process (PID=981) to work on /home/airflow/.local/lib/python3.12/site-packages/airflow/example_dags/tutorial.py
[2025-06-20T16:32:01.971+0000] {processor.py:830} INFO - Processing file /home/airflow/.local/lib/python3.12/site-packages/airflow/example_dags/tutorial.py for tasks to queue
[2025-06-20T16:32:01.973+0000] {logging_mixin.py:188} INFO - [2025-06-20T16:32:01.973+0000] {dagbag.py:540} INFO - Filling up the DagBag from /home/airflow/.local/lib/python3.12/site-packages/airflow/example_dags/tutorial.py
[2025-06-20T16:32:01.981+0000] {processor.py:840} INFO - DAG(s) 'tutorial' retrieved from /home/airflow/.local/lib/python3.12/site-packages/airflow/example_dags/tutorial.py
[2025-06-20T16:32:02.001+0000] {logging_mixin.py:188} INFO - [2025-06-20T16:32:02.000+0000] {dag.py:3096} INFO - Sync 1 DAGs
[2025-06-20T16:32:02.021+0000] {logging_mixin.py:188} INFO - [2025-06-20T16:32:02.021+0000] {dag.py:3954} INFO - Setting next_dagrun for tutorial to 2025-06-19 00:00:00+00:00, run_after=2025-06-20 00:00:00+00:00
[2025-06-20T16:32:02.037+0000] {processor.py:183} INFO - Processing /home/airflow/.local/lib/python3.12/site-packages/airflow/example_dags/tutorial.py took 0.073 seconds
[2025-06-20T16:32:32.105+0000] {processor.py:161} INFO - Started process (PID=1040) to work on /home/airflow/.local/lib/python3.12/site-packages/airflow/example_dags/tutorial.py
[2025-06-20T16:32:32.106+0000] {processor.py:830} INFO - Processing file /home/airflow/.local/lib/python3.12/site-packages/airflow/example_dags/tutorial.py for tasks to queue
[2025-06-20T16:32:32.108+0000] {logging_mixin.py:188} INFO - [2025-06-20T16:32:32.107+0000] {dagbag.py:540} INFO - Filling up the DagBag from /home/airflow/.local/lib/python3.12/site-packages/airflow/example_dags/tutorial.py
[2025-06-20T16:32:32.113+0000] {processor.py:840} INFO - DAG(s) 'tutorial' retrieved from /home/airflow/.local/lib/python3.12/site-packages/airflow/example_dags/tutorial.py
[2025-06-20T16:32:32.135+0000] {logging_mixin.py:188} INFO - [2025-06-20T16:32:32.135+0000] {dag.py:3096} INFO - Sync 1 DAGs
[2025-06-20T16:32:32.156+0000] {logging_mixin.py:188} INFO - [2025-06-20T16:32:32.156+0000] {dag.py:3954} INFO - Setting next_dagrun for tutorial to 2025-06-19 00:00:00+00:00, run_after=2025-06-20 00:00:00+00:00
[2025-06-20T16:32:32.171+0000] {processor.py:183} INFO - Processing /home/airflow/.local/lib/python3.12/site-packages/airflow/example_dags/tutorial.py took 0.073 seconds
[2025-06-20T16:33:02.431+0000] {processor.py:161} INFO - Started process (PID=1098) to work on /home/airflow/.local/lib/python3.12/site-packages/airflow/example_dags/tutorial.py
[2025-06-20T16:33:02.432+0000] {processor.py:830} INFO - Processing file /home/airflow/.local/lib/python3.12/site-packages/airflow/example_dags/tutorial.py for tasks to queue
[2025-06-20T16:33:02.434+0000] {logging_mixin.py:188} INFO - [2025-06-20T16:33:02.433+0000] {dagbag.py:540} INFO - Filling up the DagBag from /home/airflow/.local/lib/python3.12/site-packages/airflow/example_dags/tutorial.py
[2025-06-20T16:33:02.440+0000] {processor.py:840} INFO - DAG(s) 'tutorial' retrieved from /home/airflow/.local/lib/python3.12/site-packages/airflow/example_dags/tutorial.py
[2025-06-20T16:33:02.459+0000] {logging_mixin.py:188} INFO - [2025-06-20T16:33:02.459+0000] {dag.py:3096} INFO - Sync 1 DAGs
[2025-06-20T16:33:02.479+0000] {logging_mixin.py:188} INFO - [2025-06-20T16:33:02.479+0000] {dag.py:3954} INFO - Setting next_dagrun for tutorial to 2025-06-19 00:00:00+00:00, run_after=2025-06-20 00:00:00+00:00
[2025-06-20T16:33:02.495+0000] {processor.py:183} INFO - Processing /home/airflow/.local/lib/python3.12/site-packages/airflow/example_dags/tutorial.py took 0.071 seconds
[2025-06-20T16:33:32.949+0000] {processor.py:161} INFO - Started process (PID=1158) to work on /home/airflow/.local/lib/python3.12/site-packages/airflow/example_dags/tutorial.py
[2025-06-20T16:33:32.950+0000] {processor.py:830} INFO - Processing file /home/airflow/.local/lib/python3.12/site-packages/airflow/example_dags/tutorial.py for tasks to queue
[2025-06-20T16:33:32.952+0000] {logging_mixin.py:188} INFO - [2025-06-20T16:33:32.952+0000] {dagbag.py:540} INFO - Filling up the DagBag from /home/airflow/.local/lib/python3.12/site-packages/airflow/example_dags/tutorial.py
[2025-06-20T16:33:32.958+0000] {processor.py:840} INFO - DAG(s) 'tutorial' retrieved from /home/airflow/.local/lib/python3.12/site-packages/airflow/example_dags/tutorial.py
[2025-06-20T16:33:32.978+0000] {logging_mixin.py:188} INFO - [2025-06-20T16:33:32.977+0000] {dag.py:3096} INFO - Sync 1 DAGs
[2025-06-20T16:33:32.998+0000] {logging_mixin.py:188} INFO - [2025-06-20T16:33:32.998+0000] {dag.py:3954} INFO - Setting next_dagrun for tutorial to 2025-06-19 00:00:00+00:00, run_after=2025-06-20 00:00:00+00:00
[2025-06-20T16:33:33.015+0000] {processor.py:183} INFO - Processing /home/airflow/.local/lib/python3.12/site-packages/airflow/example_dags/tutorial.py took 0.071 seconds
[2025-06-20T16:34:03.092+0000] {processor.py:161} INFO - Started process (PID=1216) to work on /home/airflow/.local/lib/python3.12/site-packages/airflow/example_dags/tutorial.py
[2025-06-20T16:34:03.093+0000] {processor.py:830} INFO - Processing file /home/airflow/.local/lib/python3.12/site-packages/airflow/example_dags/tutorial.py for tasks to queue
[2025-06-20T16:34:03.095+0000] {logging_mixin.py:188} INFO - [2025-06-20T16:34:03.095+0000] {dagbag.py:540} INFO - Filling up the DagBag from /home/airflow/.local/lib/python3.12/site-packages/airflow/example_dags/tutorial.py
[2025-06-20T16:34:03.101+0000] {processor.py:840} INFO - DAG(s) 'tutorial' retrieved from /home/airflow/.local/lib/python3.12/site-packages/airflow/example_dags/tutorial.py
[2025-06-20T16:34:03.120+0000] {logging_mixin.py:188} INFO - [2025-06-20T16:34:03.120+0000] {dag.py:3096} INFO - Sync 1 DAGs
[2025-06-20T16:34:03.142+0000] {logging_mixin.py:188} INFO - [2025-06-20T16:34:03.141+0000] {dag.py:3954} INFO - Setting next_dagrun for tutorial to 2025-06-19 00:00:00+00:00, run_after=2025-06-20 00:00:00+00:00
[2025-06-20T16:34:03.157+0000] {processor.py:183} INFO - Processing /home/airflow/.local/lib/python3.12/site-packages/airflow/example_dags/tutorial.py took 0.071 seconds
[2025-06-20T16:34:33.448+0000] {processor.py:161} INFO - Started process (PID=1275) to work on /home/airflow/.local/lib/python3.12/site-packages/airflow/example_dags/tutorial.py
[2025-06-20T16:34:33.449+0000] {processor.py:830} INFO - Processing file /home/airflow/.local/lib/python3.12/site-packages/airflow/example_dags/tutorial.py for tasks to queue
[2025-06-20T16:34:33.451+0000] {logging_mixin.py:188} INFO - [2025-06-20T16:34:33.450+0000] {dagbag.py:540} INFO - Filling up the DagBag from /home/airflow/.local/lib/python3.12/site-packages/airflow/example_dags/tutorial.py
[2025-06-20T16:34:33.457+0000] {processor.py:840} INFO - DAG(s) 'tutorial' retrieved from /home/airflow/.local/lib/python3.12/site-packages/airflow/example_dags/tutorial.py
[2025-06-20T16:34:33.476+0000] {logging_mixin.py:188} INFO - [2025-06-20T16:34:33.475+0000] {dag.py:3096} INFO - Sync 1 DAGs
[2025-06-20T16:34:33.495+0000] {logging_mixin.py:188} INFO - [2025-06-20T16:34:33.495+0000] {dag.py:3954} INFO - Setting next_dagrun for tutorial to 2025-06-19 00:00:00+00:00, run_after=2025-06-20 00:00:00+00:00
[2025-06-20T16:34:33.510+0000] {processor.py:183} INFO - Processing /home/airflow/.local/lib/python3.12/site-packages/airflow/example_dags/tutorial.py took 0.069 seconds
[2025-06-20T16:35:03.902+0000] {processor.py:161} INFO - Started process (PID=1334) to work on /home/airflow/.local/lib/python3.12/site-packages/airflow/example_dags/tutorial.py
[2025-06-20T16:35:03.903+0000] {processor.py:830} INFO - Processing file /home/airflow/.local/lib/python3.12/site-packages/airflow/example_dags/tutorial.py for tasks to queue
[2025-06-20T16:35:03.905+0000] {logging_mixin.py:188} INFO - [2025-06-20T16:35:03.905+0000] {dagbag.py:540} INFO - Filling up the DagBag from /home/airflow/.local/lib/python3.12/site-packages/airflow/example_dags/tutorial.py
[2025-06-20T16:35:03.912+0000] {processor.py:840} INFO - DAG(s) 'tutorial' retrieved from /home/airflow/.local/lib/python3.12/site-packages/airflow/example_dags/tutorial.py
[2025-06-20T16:35:03.931+0000] {logging_mixin.py:188} INFO - [2025-06-20T16:35:03.931+0000] {dag.py:3096} INFO - Sync 1 DAGs
[2025-06-20T16:35:03.951+0000] {logging_mixin.py:188} INFO - [2025-06-20T16:35:03.951+0000] {dag.py:3954} INFO - Setting next_dagrun for tutorial to 2025-06-19 00:00:00+00:00, run_after=2025-06-20 00:00:00+00:00
[2025-06-20T16:35:03.967+0000] {processor.py:183} INFO - Processing /home/airflow/.local/lib/python3.12/site-packages/airflow/example_dags/tutorial.py took 0.071 seconds
[2025-06-20T16:35:34.119+0000] {processor.py:161} INFO - Started process (PID=1393) to work on /home/airflow/.local/lib/python3.12/site-packages/airflow/example_dags/tutorial.py
[2025-06-20T16:35:34.120+0000] {processor.py:830} INFO - Processing file /home/airflow/.local/lib/python3.12/site-packages/airflow/example_dags/tutorial.py for tasks to queue
[2025-06-20T16:35:34.122+0000] {logging_mixin.py:188} INFO - [2025-06-20T16:35:34.122+0000] {dagbag.py:540} INFO - Filling up the DagBag from /home/airflow/.local/lib/python3.12/site-packages/airflow/example_dags/tutorial.py
[2025-06-20T16:35:34.128+0000] {processor.py:840} INFO - DAG(s) 'tutorial' retrieved from /home/airflow/.local/lib/python3.12/site-packages/airflow/example_dags/tutorial.py
[2025-06-20T16:35:34.146+0000] {logging_mixin.py:188} INFO - [2025-06-20T16:35:34.146+0000] {dag.py:3096} INFO - Sync 1 DAGs
[2025-06-20T16:35:34.166+0000] {logging_mixin.py:188} INFO - [2025-06-20T16:35:34.166+0000] {dag.py:3954} INFO - Setting next_dagrun for tutorial to 2025-06-19 00:00:00+00:00, run_after=2025-06-20 00:00:00+00:00
[2025-06-20T16:35:34.181+0000] {processor.py:183} INFO - Processing /home/airflow/.local/lib/python3.12/site-packages/airflow/example_dags/tutorial.py took 0.068 seconds
[2025-06-20T16:36:04.479+0000] {processor.py:161} INFO - Started process (PID=1452) to work on /home/airflow/.local/lib/python3.12/site-packages/airflow/example_dags/tutorial.py
[2025-06-20T16:36:04.480+0000] {processor.py:830} INFO - Processing file /home/airflow/.local/lib/python3.12/site-packages/airflow/example_dags/tutorial.py for tasks to queue
[2025-06-20T16:36:04.483+0000] {logging_mixin.py:188} INFO - [2025-06-20T16:36:04.482+0000] {dagbag.py:540} INFO - Filling up the DagBag from /home/airflow/.local/lib/python3.12/site-packages/airflow/example_dags/tutorial.py
[2025-06-20T16:36:04.489+0000] {processor.py:840} INFO - DAG(s) 'tutorial' retrieved from /home/airflow/.local/lib/python3.12/site-packages/airflow/example_dags/tutorial.py
[2025-06-20T16:36:04.518+0000] {logging_mixin.py:188} INFO - [2025-06-20T16:36:04.517+0000] {dag.py:3096} INFO - Sync 1 DAGs
[2025-06-20T16:36:04.547+0000] {logging_mixin.py:188} INFO - [2025-06-20T16:36:04.547+0000] {dag.py:3954} INFO - Setting next_dagrun for tutorial to 2025-06-19 00:00:00+00:00, run_after=2025-06-20 00:00:00+00:00
[2025-06-20T16:36:04.572+0000] {processor.py:183} INFO - Processing /home/airflow/.local/lib/python3.12/site-packages/airflow/example_dags/tutorial.py took 0.100 seconds
[2025-06-20T16:36:34.680+0000] {processor.py:161} INFO - Started process (PID=1511) to work on /home/airflow/.local/lib/python3.12/site-packages/airflow/example_dags/tutorial.py
[2025-06-20T16:36:34.681+0000] {processor.py:830} INFO - Processing file /home/airflow/.local/lib/python3.12/site-packages/airflow/example_dags/tutorial.py for tasks to queue
[2025-06-20T16:36:34.683+0000] {logging_mixin.py:188} INFO - [2025-06-20T16:36:34.683+0000] {dagbag.py:540} INFO - Filling up the DagBag from /home/airflow/.local/lib/python3.12/site-packages/airflow/example_dags/tutorial.py
[2025-06-20T16:36:34.689+0000] {processor.py:840} INFO - DAG(s) 'tutorial' retrieved from /home/airflow/.local/lib/python3.12/site-packages/airflow/example_dags/tutorial.py
[2025-06-20T16:36:34.709+0000] {logging_mixin.py:188} INFO - [2025-06-20T16:36:34.709+0000] {dag.py:3096} INFO - Sync 1 DAGs
[2025-06-20T16:36:34.728+0000] {logging_mixin.py:188} INFO - [2025-06-20T16:36:34.728+0000] {dag.py:3954} INFO - Setting next_dagrun for tutorial to 2025-06-19 00:00:00+00:00, run_after=2025-06-20 00:00:00+00:00
[2025-06-20T16:36:34.744+0000] {processor.py:183} INFO - Processing /home/airflow/.local/lib/python3.12/site-packages/airflow/example_dags/tutorial.py took 0.070 seconds
[2025-06-20T16:37:05.133+0000] {processor.py:161} INFO - Started process (PID=1570) to work on /home/airflow/.local/lib/python3.12/site-packages/airflow/example_dags/tutorial.py
[2025-06-20T16:37:05.134+0000] {processor.py:830} INFO - Processing file /home/airflow/.local/lib/python3.12/site-packages/airflow/example_dags/tutorial.py for tasks to queue
[2025-06-20T16:37:05.136+0000] {logging_mixin.py:188} INFO - [2025-06-20T16:37:05.136+0000] {dagbag.py:540} INFO - Filling up the DagBag from /home/airflow/.local/lib/python3.12/site-packages/airflow/example_dags/tutorial.py
[2025-06-20T16:37:05.142+0000] {processor.py:840} INFO - DAG(s) 'tutorial' retrieved from /home/airflow/.local/lib/python3.12/site-packages/airflow/example_dags/tutorial.py
[2025-06-20T16:37:05.162+0000] {logging_mixin.py:188} INFO - [2025-06-20T16:37:05.162+0000] {dag.py:3096} INFO - Sync 1 DAGs
[2025-06-20T16:37:05.184+0000] {logging_mixin.py:188} INFO - [2025-06-20T16:37:05.183+0000] {dag.py:3954} INFO - Setting next_dagrun for tutorial to 2025-06-19 00:00:00+00:00, run_after=2025-06-20 00:00:00+00:00
[2025-06-20T16:37:05.200+0000] {processor.py:183} INFO - Processing /home/airflow/.local/lib/python3.12/site-packages/airflow/example_dags/tutorial.py took 0.073 seconds
[2025-06-20T16:37:35.381+0000] {processor.py:161} INFO - Started process (PID=1629) to work on /home/airflow/.local/lib/python3.12/site-packages/airflow/example_dags/tutorial.py
[2025-06-20T16:37:35.382+0000] {processor.py:830} INFO - Processing file /home/airflow/.local/lib/python3.12/site-packages/airflow/example_dags/tutorial.py for tasks to queue
[2025-06-20T16:37:35.384+0000] {logging_mixin.py:188} INFO - [2025-06-20T16:37:35.383+0000] {dagbag.py:540} INFO - Filling up the DagBag from /home/airflow/.local/lib/python3.12/site-packages/airflow/example_dags/tutorial.py
[2025-06-20T16:37:35.391+0000] {processor.py:840} INFO - DAG(s) 'tutorial' retrieved from /home/airflow/.local/lib/python3.12/site-packages/airflow/example_dags/tutorial.py
[2025-06-20T16:37:35.410+0000] {logging_mixin.py:188} INFO - [2025-06-20T16:37:35.410+0000] {dag.py:3096} INFO - Sync 1 DAGs
[2025-06-20T16:37:35.430+0000] {logging_mixin.py:188} INFO - [2025-06-20T16:37:35.430+0000] {dag.py:3954} INFO - Setting next_dagrun for tutorial to 2025-06-19 00:00:00+00:00, run_after=2025-06-20 00:00:00+00:00
[2025-06-20T16:37:35.446+0000] {processor.py:183} INFO - Processing /home/airflow/.local/lib/python3.12/site-packages/airflow/example_dags/tutorial.py took 0.071 seconds
[2025-06-20T16:38:05.708+0000] {processor.py:161} INFO - Started process (PID=1688) to work on /home/airflow/.local/lib/python3.12/site-packages/airflow/example_dags/tutorial.py
[2025-06-20T16:38:05.709+0000] {processor.py:830} INFO - Processing file /home/airflow/.local/lib/python3.12/site-packages/airflow/example_dags/tutorial.py for tasks to queue
[2025-06-20T16:38:05.711+0000] {logging_mixin.py:188} INFO - [2025-06-20T16:38:05.711+0000] {dagbag.py:540} INFO - Filling up the DagBag from /home/airflow/.local/lib/python3.12/site-packages/airflow/example_dags/tutorial.py
[2025-06-20T16:38:05.717+0000] {processor.py:840} INFO - DAG(s) 'tutorial' retrieved from /home/airflow/.local/lib/python3.12/site-packages/airflow/example_dags/tutorial.py
[2025-06-20T16:38:05.737+0000] {logging_mixin.py:188} INFO - [2025-06-20T16:38:05.737+0000] {dag.py:3096} INFO - Sync 1 DAGs
[2025-06-20T16:38:05.757+0000] {logging_mixin.py:188} INFO - [2025-06-20T16:38:05.757+0000] {dag.py:3954} INFO - Setting next_dagrun for tutorial to 2025-06-19 00:00:00+00:00, run_after=2025-06-20 00:00:00+00:00
[2025-06-20T16:38:05.773+0000] {processor.py:183} INFO - Processing /home/airflow/.local/lib/python3.12/site-packages/airflow/example_dags/tutorial.py took 0.071 seconds
[2025-06-20T16:38:36.210+0000] {processor.py:161} INFO - Started process (PID=1747) to work on /home/airflow/.local/lib/python3.12/site-packages/airflow/example_dags/tutorial.py
[2025-06-20T16:38:36.211+0000] {processor.py:830} INFO - Processing file /home/airflow/.local/lib/python3.12/site-packages/airflow/example_dags/tutorial.py for tasks to queue
[2025-06-20T16:38:36.213+0000] {logging_mixin.py:188} INFO - [2025-06-20T16:38:36.213+0000] {dagbag.py:540} INFO - Filling up the DagBag from /home/airflow/.local/lib/python3.12/site-packages/airflow/example_dags/tutorial.py
[2025-06-20T16:38:36.219+0000] {processor.py:840} INFO - DAG(s) 'tutorial' retrieved from /home/airflow/.local/lib/python3.12/site-packages/airflow/example_dags/tutorial.py
[2025-06-20T16:38:36.237+0000] {logging_mixin.py:188} INFO - [2025-06-20T16:38:36.237+0000] {dag.py:3096} INFO - Sync 1 DAGs
[2025-06-20T16:38:36.257+0000] {logging_mixin.py:188} INFO - [2025-06-20T16:38:36.257+0000] {dag.py:3954} INFO - Setting next_dagrun for tutorial to 2025-06-19 00:00:00+00:00, run_after=2025-06-20 00:00:00+00:00
[2025-06-20T16:38:36.272+0000] {processor.py:183} INFO - Processing /home/airflow/.local/lib/python3.12/site-packages/airflow/example_dags/tutorial.py took 0.068 seconds
[2025-06-20T16:39:06.482+0000] {processor.py:161} INFO - Started process (PID=1806) to work on /home/airflow/.local/lib/python3.12/site-packages/airflow/example_dags/tutorial.py
[2025-06-20T16:39:06.483+0000] {processor.py:830} INFO - Processing file /home/airflow/.local/lib/python3.12/site-packages/airflow/example_dags/tutorial.py for tasks to queue
[2025-06-20T16:39:06.485+0000] {logging_mixin.py:188} INFO - [2025-06-20T16:39:06.485+0000] {dagbag.py:540} INFO - Filling up the DagBag from /home/airflow/.local/lib/python3.12/site-packages/airflow/example_dags/tutorial.py
[2025-06-20T16:39:06.491+0000] {processor.py:840} INFO - DAG(s) 'tutorial' retrieved from /home/airflow/.local/lib/python3.12/site-packages/airflow/example_dags/tutorial.py
[2025-06-20T16:39:06.512+0000] {logging_mixin.py:188} INFO - [2025-06-20T16:39:06.512+0000] {dag.py:3096} INFO - Sync 1 DAGs
[2025-06-20T16:39:06.532+0000] {logging_mixin.py:188} INFO - [2025-06-20T16:39:06.532+0000] {dag.py:3954} INFO - Setting next_dagrun for tutorial to 2025-06-19 00:00:00+00:00, run_after=2025-06-20 00:00:00+00:00
[2025-06-20T16:39:06.549+0000] {processor.py:183} INFO - Processing /home/airflow/.local/lib/python3.12/site-packages/airflow/example_dags/tutorial.py took 0.073 seconds
[2025-06-20T16:39:36.715+0000] {processor.py:161} INFO - Started process (PID=1865) to work on /home/airflow/.local/lib/python3.12/site-packages/airflow/example_dags/tutorial.py
[2025-06-20T16:39:36.716+0000] {processor.py:830} INFO - Processing file /home/airflow/.local/lib/python3.12/site-packages/airflow/example_dags/tutorial.py for tasks to queue
[2025-06-20T16:39:36.718+0000] {logging_mixin.py:188} INFO - [2025-06-20T16:39:36.718+0000] {dagbag.py:540} INFO - Filling up the DagBag from /home/airflow/.local/lib/python3.12/site-packages/airflow/example_dags/tutorial.py
[2025-06-20T16:39:36.728+0000] {processor.py:840} INFO - DAG(s) 'tutorial' retrieved from /home/airflow/.local/lib/python3.12/site-packages/airflow/example_dags/tutorial.py
[2025-06-20T16:39:36.747+0000] {logging_mixin.py:188} INFO - [2025-06-20T16:39:36.747+0000] {dag.py:3096} INFO - Sync 1 DAGs
[2025-06-20T16:39:36.767+0000] {logging_mixin.py:188} INFO - [2025-06-20T16:39:36.767+0000] {dag.py:3954} INFO - Setting next_dagrun for tutorial to 2025-06-19 00:00:00+00:00, run_after=2025-06-20 00:00:00+00:00
[2025-06-20T16:39:36.783+0000] {processor.py:183} INFO - Processing /home/airflow/.local/lib/python3.12/site-packages/airflow/example_dags/tutorial.py took 0.075 seconds
[2025-06-20T16:40:07.117+0000] {processor.py:161} INFO - Started process (PID=1924) to work on /home/airflow/.local/lib/python3.12/site-packages/airflow/example_dags/tutorial.py
[2025-06-20T16:40:07.118+0000] {processor.py:830} INFO - Processing file /home/airflow/.local/lib/python3.12/site-packages/airflow/example_dags/tutorial.py for tasks to queue
[2025-06-20T16:40:07.120+0000] {logging_mixin.py:188} INFO - [2025-06-20T16:40:07.120+0000] {dagbag.py:540} INFO - Filling up the DagBag from /home/airflow/.local/lib/python3.12/site-packages/airflow/example_dags/tutorial.py
[2025-06-20T16:40:07.126+0000] {processor.py:840} INFO - DAG(s) 'tutorial' retrieved from /home/airflow/.local/lib/python3.12/site-packages/airflow/example_dags/tutorial.py
[2025-06-20T16:40:07.145+0000] {logging_mixin.py:188} INFO - [2025-06-20T16:40:07.145+0000] {dag.py:3096} INFO - Sync 1 DAGs
[2025-06-20T16:40:07.165+0000] {logging_mixin.py:188} INFO - [2025-06-20T16:40:07.165+0000] {dag.py:3954} INFO - Setting next_dagrun for tutorial to 2025-06-19 00:00:00+00:00, run_after=2025-06-20 00:00:00+00:00
[2025-06-20T16:40:07.180+0000] {processor.py:183} INFO - Processing /home/airflow/.local/lib/python3.12/site-packages/airflow/example_dags/tutorial.py took 0.069 seconds
[2025-06-20T16:40:37.997+0000] {processor.py:161} INFO - Started process (PID=1983) to work on /home/airflow/.local/lib/python3.12/site-packages/airflow/example_dags/tutorial.py
[2025-06-20T16:40:37.998+0000] {processor.py:830} INFO - Processing file /home/airflow/.local/lib/python3.12/site-packages/airflow/example_dags/tutorial.py for tasks to queue
[2025-06-20T16:40:38.000+0000] {logging_mixin.py:188} INFO - [2025-06-20T16:40:38.000+0000] {dagbag.py:540} INFO - Filling up the DagBag from /home/airflow/.local/lib/python3.12/site-packages/airflow/example_dags/tutorial.py
[2025-06-20T16:40:38.008+0000] {processor.py:840} INFO - DAG(s) 'tutorial' retrieved from /home/airflow/.local/lib/python3.12/site-packages/airflow/example_dags/tutorial.py
[2025-06-20T16:40:38.028+0000] {logging_mixin.py:188} INFO - [2025-06-20T16:40:38.028+0000] {dag.py:3096} INFO - Sync 1 DAGs
[2025-06-20T16:40:38.050+0000] {logging_mixin.py:188} INFO - [2025-06-20T16:40:38.050+0000] {dag.py:3954} INFO - Setting next_dagrun for tutorial to 2025-06-19 00:00:00+00:00, run_after=2025-06-20 00:00:00+00:00
[2025-06-20T16:40:38.066+0000] {processor.py:183} INFO - Processing /home/airflow/.local/lib/python3.12/site-packages/airflow/example_dags/tutorial.py took 0.077 seconds
[2025-06-20T16:41:08.691+0000] {processor.py:161} INFO - Started process (PID=2040) to work on /home/airflow/.local/lib/python3.12/site-packages/airflow/example_dags/tutorial.py
[2025-06-20T16:41:08.692+0000] {processor.py:830} INFO - Processing file /home/airflow/.local/lib/python3.12/site-packages/airflow/example_dags/tutorial.py for tasks to queue
[2025-06-20T16:41:08.694+0000] {logging_mixin.py:188} INFO - [2025-06-20T16:41:08.694+0000] {dagbag.py:540} INFO - Filling up the DagBag from /home/airflow/.local/lib/python3.12/site-packages/airflow/example_dags/tutorial.py
[2025-06-20T16:41:08.700+0000] {processor.py:840} INFO - DAG(s) 'tutorial' retrieved from /home/airflow/.local/lib/python3.12/site-packages/airflow/example_dags/tutorial.py
[2025-06-20T16:41:08.719+0000] {logging_mixin.py:188} INFO - [2025-06-20T16:41:08.719+0000] {dag.py:3096} INFO - Sync 1 DAGs
[2025-06-20T16:41:08.740+0000] {logging_mixin.py:188} INFO - [2025-06-20T16:41:08.739+0000] {dag.py:3954} INFO - Setting next_dagrun for tutorial to 2025-06-19 00:00:00+00:00, run_after=2025-06-20 00:00:00+00:00
[2025-06-20T16:41:08.756+0000] {processor.py:183} INFO - Processing /home/airflow/.local/lib/python3.12/site-packages/airflow/example_dags/tutorial.py took 0.071 seconds
[2025-06-20T16:41:39.665+0000] {processor.py:161} INFO - Started process (PID=2099) to work on /home/airflow/.local/lib/python3.12/site-packages/airflow/example_dags/tutorial.py
[2025-06-20T16:41:39.666+0000] {processor.py:830} INFO - Processing file /home/airflow/.local/lib/python3.12/site-packages/airflow/example_dags/tutorial.py for tasks to queue
[2025-06-20T16:41:39.669+0000] {logging_mixin.py:188} INFO - [2025-06-20T16:41:39.668+0000] {dagbag.py:540} INFO - Filling up the DagBag from /home/airflow/.local/lib/python3.12/site-packages/airflow/example_dags/tutorial.py
[2025-06-20T16:41:39.676+0000] {processor.py:840} INFO - DAG(s) 'tutorial' retrieved from /home/airflow/.local/lib/python3.12/site-packages/airflow/example_dags/tutorial.py
[2025-06-20T16:41:39.694+0000] {logging_mixin.py:188} INFO - [2025-06-20T16:41:39.694+0000] {dag.py:3096} INFO - Sync 1 DAGs
[2025-06-20T16:41:39.714+0000] {logging_mixin.py:188} INFO - [2025-06-20T16:41:39.714+0000] {dag.py:3954} INFO - Setting next_dagrun for tutorial to 2025-06-19 00:00:00+00:00, run_after=2025-06-20 00:00:00+00:00
[2025-06-20T16:41:39.731+0000] {processor.py:183} INFO - Processing /home/airflow/.local/lib/python3.12/site-packages/airflow/example_dags/tutorial.py took 0.072 seconds
[2025-06-20T16:42:10.674+0000] {processor.py:161} INFO - Started process (PID=2158) to work on /home/airflow/.local/lib/python3.12/site-packages/airflow/example_dags/tutorial.py
[2025-06-20T16:42:10.675+0000] {processor.py:830} INFO - Processing file /home/airflow/.local/lib/python3.12/site-packages/airflow/example_dags/tutorial.py for tasks to queue
[2025-06-20T16:42:10.677+0000] {logging_mixin.py:188} INFO - [2025-06-20T16:42:10.676+0000] {dagbag.py:540} INFO - Filling up the DagBag from /home/airflow/.local/lib/python3.12/site-packages/airflow/example_dags/tutorial.py
[2025-06-20T16:42:10.683+0000] {processor.py:840} INFO - DAG(s) 'tutorial' retrieved from /home/airflow/.local/lib/python3.12/site-packages/airflow/example_dags/tutorial.py
[2025-06-20T16:42:10.701+0000] {logging_mixin.py:188} INFO - [2025-06-20T16:42:10.701+0000] {dag.py:3096} INFO - Sync 1 DAGs
[2025-06-20T16:42:10.721+0000] {logging_mixin.py:188} INFO - [2025-06-20T16:42:10.720+0000] {dag.py:3954} INFO - Setting next_dagrun for tutorial to 2025-06-19 00:00:00+00:00, run_after=2025-06-20 00:00:00+00:00
[2025-06-20T16:42:10.736+0000] {processor.py:183} INFO - Processing /home/airflow/.local/lib/python3.12/site-packages/airflow/example_dags/tutorial.py took 0.068 seconds
[2025-06-20T16:42:41.256+0000] {processor.py:161} INFO - Started process (PID=2217) to work on /home/airflow/.local/lib/python3.12/site-packages/airflow/example_dags/tutorial.py
[2025-06-20T16:42:41.257+0000] {processor.py:830} INFO - Processing file /home/airflow/.local/lib/python3.12/site-packages/airflow/example_dags/tutorial.py for tasks to queue
[2025-06-20T16:42:41.259+0000] {logging_mixin.py:188} INFO - [2025-06-20T16:42:41.259+0000] {dagbag.py:540} INFO - Filling up the DagBag from /home/airflow/.local/lib/python3.12/site-packages/airflow/example_dags/tutorial.py
[2025-06-20T16:42:41.266+0000] {processor.py:840} INFO - DAG(s) 'tutorial' retrieved from /home/airflow/.local/lib/python3.12/site-packages/airflow/example_dags/tutorial.py
[2025-06-20T16:42:41.288+0000] {logging_mixin.py:188} INFO - [2025-06-20T16:42:41.288+0000] {dag.py:3096} INFO - Sync 1 DAGs
[2025-06-20T16:42:41.309+0000] {logging_mixin.py:188} INFO - [2025-06-20T16:42:41.309+0000] {dag.py:3954} INFO - Setting next_dagrun for tutorial to 2025-06-19 00:00:00+00:00, run_after=2025-06-20 00:00:00+00:00
[2025-06-20T16:42:41.325+0000] {processor.py:183} INFO - Processing /home/airflow/.local/lib/python3.12/site-packages/airflow/example_dags/tutorial.py took 0.076 seconds
[2025-06-20T16:43:11.618+0000] {processor.py:161} INFO - Started process (PID=2276) to work on /home/airflow/.local/lib/python3.12/site-packages/airflow/example_dags/tutorial.py
[2025-06-20T16:43:11.619+0000] {processor.py:830} INFO - Processing file /home/airflow/.local/lib/python3.12/site-packages/airflow/example_dags/tutorial.py for tasks to queue
[2025-06-20T16:43:11.621+0000] {logging_mixin.py:188} INFO - [2025-06-20T16:43:11.620+0000] {dagbag.py:540} INFO - Filling up the DagBag from /home/airflow/.local/lib/python3.12/site-packages/airflow/example_dags/tutorial.py
[2025-06-20T16:43:11.627+0000] {processor.py:840} INFO - DAG(s) 'tutorial' retrieved from /home/airflow/.local/lib/python3.12/site-packages/airflow/example_dags/tutorial.py
[2025-06-20T16:43:11.646+0000] {logging_mixin.py:188} INFO - [2025-06-20T16:43:11.646+0000] {dag.py:3096} INFO - Sync 1 DAGs
[2025-06-20T16:43:11.665+0000] {logging_mixin.py:188} INFO - [2025-06-20T16:43:11.665+0000] {dag.py:3954} INFO - Setting next_dagrun for tutorial to 2025-06-19 00:00:00+00:00, run_after=2025-06-20 00:00:00+00:00
[2025-06-20T16:43:11.782+0000] {processor.py:183} INFO - Processing /home/airflow/.local/lib/python3.12/site-packages/airflow/example_dags/tutorial.py took 0.170 seconds
[2025-06-20T16:44:14.792+0000] {processor.py:161} INFO - Started process (PID=96) to work on /home/airflow/.local/lib/python3.12/site-packages/airflow/example_dags/tutorial.py
[2025-06-20T16:44:14.793+0000] {processor.py:830} INFO - Processing file /home/airflow/.local/lib/python3.12/site-packages/airflow/example_dags/tutorial.py for tasks to queue
[2025-06-20T16:44:14.795+0000] {logging_mixin.py:188} INFO - [2025-06-20T16:44:14.795+0000] {dagbag.py:540} INFO - Filling up the DagBag from /home/airflow/.local/lib/python3.12/site-packages/airflow/example_dags/tutorial.py
[2025-06-20T16:44:14.801+0000] {processor.py:840} INFO - DAG(s) 'tutorial' retrieved from /home/airflow/.local/lib/python3.12/site-packages/airflow/example_dags/tutorial.py
[2025-06-20T16:44:14.903+0000] {logging_mixin.py:188} INFO - [2025-06-20T16:44:14.902+0000] {override.py:1829} INFO - Created Permission View: can delete on DAG:tutorial
[2025-06-20T16:44:14.911+0000] {logging_mixin.py:188} INFO - [2025-06-20T16:44:14.911+0000] {override.py:1829} INFO - Created Permission View: can read on DAG:tutorial
[2025-06-20T16:44:14.916+0000] {logging_mixin.py:188} INFO - [2025-06-20T16:44:14.916+0000] {override.py:1829} INFO - Created Permission View: can edit on DAG:tutorial
[2025-06-20T16:44:14.917+0000] {logging_mixin.py:188} INFO - [2025-06-20T16:44:14.916+0000] {dag.py:3096} INFO - Sync 1 DAGs
[2025-06-20T16:44:14.926+0000] {logging_mixin.py:188} INFO - [2025-06-20T16:44:14.926+0000] {dag.py:3118} INFO - Creating ORM DAG for tutorial
[2025-06-20T16:44:14.935+0000] {logging_mixin.py:188} INFO - [2025-06-20T16:44:14.935+0000] {dag.py:3954} INFO - Setting next_dagrun for tutorial to 2025-06-19 00:00:00+00:00, run_after=2025-06-20 00:00:00+00:00
[2025-06-20T16:44:14.949+0000] {processor.py:183} INFO - Processing /home/airflow/.local/lib/python3.12/site-packages/airflow/example_dags/tutorial.py took 0.163 seconds
[2025-06-20T16:44:45.630+0000] {processor.py:161} INFO - Started process (PID=155) to work on /home/airflow/.local/lib/python3.12/site-packages/airflow/example_dags/tutorial.py
[2025-06-20T16:44:45.631+0000] {processor.py:830} INFO - Processing file /home/airflow/.local/lib/python3.12/site-packages/airflow/example_dags/tutorial.py for tasks to queue
[2025-06-20T16:44:45.633+0000] {logging_mixin.py:188} INFO - [2025-06-20T16:44:45.632+0000] {dagbag.py:540} INFO - Filling up the DagBag from /home/airflow/.local/lib/python3.12/site-packages/airflow/example_dags/tutorial.py
[2025-06-20T16:44:45.639+0000] {processor.py:840} INFO - DAG(s) 'tutorial' retrieved from /home/airflow/.local/lib/python3.12/site-packages/airflow/example_dags/tutorial.py
[2025-06-20T16:44:45.661+0000] {logging_mixin.py:188} INFO - [2025-06-20T16:44:45.661+0000] {dag.py:3096} INFO - Sync 1 DAGs
[2025-06-20T16:44:45.686+0000] {logging_mixin.py:188} INFO - [2025-06-20T16:44:45.686+0000] {dag.py:3954} INFO - Setting next_dagrun for tutorial to 2025-06-19 00:00:00+00:00, run_after=2025-06-20 00:00:00+00:00
[2025-06-20T16:44:45.702+0000] {processor.py:183} INFO - Processing /home/airflow/.local/lib/python3.12/site-packages/airflow/example_dags/tutorial.py took 0.078 seconds
[2025-06-20T16:45:16.124+0000] {processor.py:161} INFO - Started process (PID=214) to work on /home/airflow/.local/lib/python3.12/site-packages/airflow/example_dags/tutorial.py
[2025-06-20T16:45:16.125+0000] {processor.py:830} INFO - Processing file /home/airflow/.local/lib/python3.12/site-packages/airflow/example_dags/tutorial.py for tasks to queue
[2025-06-20T16:45:16.128+0000] {logging_mixin.py:188} INFO - [2025-06-20T16:45:16.128+0000] {dagbag.py:540} INFO - Filling up the DagBag from /home/airflow/.local/lib/python3.12/site-packages/airflow/example_dags/tutorial.py
[2025-06-20T16:45:16.135+0000] {processor.py:840} INFO - DAG(s) 'tutorial' retrieved from /home/airflow/.local/lib/python3.12/site-packages/airflow/example_dags/tutorial.py
[2025-06-20T16:45:16.156+0000] {logging_mixin.py:188} INFO - [2025-06-20T16:45:16.156+0000] {dag.py:3096} INFO - Sync 1 DAGs
[2025-06-20T16:45:16.177+0000] {logging_mixin.py:188} INFO - [2025-06-20T16:45:16.177+0000] {dag.py:3954} INFO - Setting next_dagrun for tutorial to 2025-06-19 00:00:00+00:00, run_after=2025-06-20 00:00:00+00:00
[2025-06-20T16:45:16.194+0000] {processor.py:183} INFO - Processing /home/airflow/.local/lib/python3.12/site-packages/airflow/example_dags/tutorial.py took 0.077 seconds
[2025-06-20T16:45:46.622+0000] {processor.py:161} INFO - Started process (PID=273) to work on /home/airflow/.local/lib/python3.12/site-packages/airflow/example_dags/tutorial.py
[2025-06-20T16:45:46.623+0000] {processor.py:830} INFO - Processing file /home/airflow/.local/lib/python3.12/site-packages/airflow/example_dags/tutorial.py for tasks to queue
[2025-06-20T16:45:46.625+0000] {logging_mixin.py:188} INFO - [2025-06-20T16:45:46.624+0000] {dagbag.py:540} INFO - Filling up the DagBag from /home/airflow/.local/lib/python3.12/site-packages/airflow/example_dags/tutorial.py
[2025-06-20T16:45:46.631+0000] {processor.py:840} INFO - DAG(s) 'tutorial' retrieved from /home/airflow/.local/lib/python3.12/site-packages/airflow/example_dags/tutorial.py
[2025-06-20T16:45:46.651+0000] {logging_mixin.py:188} INFO - [2025-06-20T16:45:46.651+0000] {dag.py:3096} INFO - Sync 1 DAGs
[2025-06-20T16:45:46.670+0000] {logging_mixin.py:188} INFO - [2025-06-20T16:45:46.670+0000] {dag.py:3954} INFO - Setting next_dagrun for tutorial to 2025-06-19 00:00:00+00:00, run_after=2025-06-20 00:00:00+00:00
[2025-06-20T16:45:46.686+0000] {processor.py:183} INFO - Processing /home/airflow/.local/lib/python3.12/site-packages/airflow/example_dags/tutorial.py took 0.070 seconds
[2025-06-20T16:46:16.946+0000] {processor.py:161} INFO - Started process (PID=332) to work on /home/airflow/.local/lib/python3.12/site-packages/airflow/example_dags/tutorial.py
[2025-06-20T16:46:16.947+0000] {processor.py:830} INFO - Processing file /home/airflow/.local/lib/python3.12/site-packages/airflow/example_dags/tutorial.py for tasks to queue
[2025-06-20T16:46:16.948+0000] {logging_mixin.py:188} INFO - [2025-06-20T16:46:16.948+0000] {dagbag.py:540} INFO - Filling up the DagBag from /home/airflow/.local/lib/python3.12/site-packages/airflow/example_dags/tutorial.py
[2025-06-20T16:46:16.954+0000] {processor.py:840} INFO - DAG(s) 'tutorial' retrieved from /home/airflow/.local/lib/python3.12/site-packages/airflow/example_dags/tutorial.py
[2025-06-20T16:46:16.973+0000] {logging_mixin.py:188} INFO - [2025-06-20T16:46:16.973+0000] {dag.py:3096} INFO - Sync 1 DAGs
[2025-06-20T16:46:16.993+0000] {logging_mixin.py:188} INFO - [2025-06-20T16:46:16.993+0000] {dag.py:3954} INFO - Setting next_dagrun for tutorial to 2025-06-19 00:00:00+00:00, run_after=2025-06-20 00:00:00+00:00
[2025-06-20T16:46:17.009+0000] {processor.py:183} INFO - Processing /home/airflow/.local/lib/python3.12/site-packages/airflow/example_dags/tutorial.py took 0.069 seconds
[2025-06-20T16:46:47.218+0000] {processor.py:161} INFO - Started process (PID=391) to work on /home/airflow/.local/lib/python3.12/site-packages/airflow/example_dags/tutorial.py
[2025-06-20T16:46:47.219+0000] {processor.py:830} INFO - Processing file /home/airflow/.local/lib/python3.12/site-packages/airflow/example_dags/tutorial.py for tasks to queue
[2025-06-20T16:46:47.221+0000] {logging_mixin.py:188} INFO - [2025-06-20T16:46:47.220+0000] {dagbag.py:540} INFO - Filling up the DagBag from /home/airflow/.local/lib/python3.12/site-packages/airflow/example_dags/tutorial.py
[2025-06-20T16:46:47.227+0000] {processor.py:840} INFO - DAG(s) 'tutorial' retrieved from /home/airflow/.local/lib/python3.12/site-packages/airflow/example_dags/tutorial.py
[2025-06-20T16:46:47.245+0000] {logging_mixin.py:188} INFO - [2025-06-20T16:46:47.245+0000] {dag.py:3096} INFO - Sync 1 DAGs
[2025-06-20T16:46:47.266+0000] {logging_mixin.py:188} INFO - [2025-06-20T16:46:47.266+0000] {dag.py:3954} INFO - Setting next_dagrun for tutorial to 2025-06-19 00:00:00+00:00, run_after=2025-06-20 00:00:00+00:00
[2025-06-20T16:46:47.282+0000] {processor.py:183} INFO - Processing /home/airflow/.local/lib/python3.12/site-packages/airflow/example_dags/tutorial.py took 0.070 seconds
[2025-06-20T16:47:17.588+0000] {processor.py:161} INFO - Started process (PID=450) to work on /home/airflow/.local/lib/python3.12/site-packages/airflow/example_dags/tutorial.py
[2025-06-20T16:47:17.589+0000] {processor.py:830} INFO - Processing file /home/airflow/.local/lib/python3.12/site-packages/airflow/example_dags/tutorial.py for tasks to queue
[2025-06-20T16:47:17.591+0000] {logging_mixin.py:188} INFO - [2025-06-20T16:47:17.591+0000] {dagbag.py:540} INFO - Filling up the DagBag from /home/airflow/.local/lib/python3.12/site-packages/airflow/example_dags/tutorial.py
[2025-06-20T16:47:17.597+0000] {processor.py:840} INFO - DAG(s) 'tutorial' retrieved from /home/airflow/.local/lib/python3.12/site-packages/airflow/example_dags/tutorial.py
[2025-06-20T16:47:17.616+0000] {logging_mixin.py:188} INFO - [2025-06-20T16:47:17.616+0000] {dag.py:3096} INFO - Sync 1 DAGs
[2025-06-20T16:47:17.635+0000] {logging_mixin.py:188} INFO - [2025-06-20T16:47:17.635+0000] {dag.py:3954} INFO - Setting next_dagrun for tutorial to 2025-06-19 00:00:00+00:00, run_after=2025-06-20 00:00:00+00:00
[2025-06-20T16:47:17.650+0000] {processor.py:183} INFO - Processing /home/airflow/.local/lib/python3.12/site-packages/airflow/example_dags/tutorial.py took 0.069 seconds
[2025-06-20T16:47:47.935+0000] {processor.py:161} INFO - Started process (PID=509) to work on /home/airflow/.local/lib/python3.12/site-packages/airflow/example_dags/tutorial.py
[2025-06-20T16:47:47.936+0000] {processor.py:830} INFO - Processing file /home/airflow/.local/lib/python3.12/site-packages/airflow/example_dags/tutorial.py for tasks to queue
[2025-06-20T16:47:47.938+0000] {logging_mixin.py:188} INFO - [2025-06-20T16:47:47.938+0000] {dagbag.py:540} INFO - Filling up the DagBag from /home/airflow/.local/lib/python3.12/site-packages/airflow/example_dags/tutorial.py
[2025-06-20T16:47:47.944+0000] {processor.py:840} INFO - DAG(s) 'tutorial' retrieved from /home/airflow/.local/lib/python3.12/site-packages/airflow/example_dags/tutorial.py
[2025-06-20T16:47:47.963+0000] {logging_mixin.py:188} INFO - [2025-06-20T16:47:47.963+0000] {dag.py:3096} INFO - Sync 1 DAGs
[2025-06-20T16:47:47.983+0000] {logging_mixin.py:188} INFO - [2025-06-20T16:47:47.983+0000] {dag.py:3954} INFO - Setting next_dagrun for tutorial to 2025-06-19 00:00:00+00:00, run_after=2025-06-20 00:00:00+00:00
[2025-06-20T16:47:47.999+0000] {processor.py:183} INFO - Processing /home/airflow/.local/lib/python3.12/site-packages/airflow/example_dags/tutorial.py took 0.070 seconds
[2025-06-20T16:48:18.312+0000] {processor.py:161} INFO - Started process (PID=568) to work on /home/airflow/.local/lib/python3.12/site-packages/airflow/example_dags/tutorial.py
[2025-06-20T16:48:18.313+0000] {processor.py:830} INFO - Processing file /home/airflow/.local/lib/python3.12/site-packages/airflow/example_dags/tutorial.py for tasks to queue
[2025-06-20T16:48:18.315+0000] {logging_mixin.py:188} INFO - [2025-06-20T16:48:18.315+0000] {dagbag.py:540} INFO - Filling up the DagBag from /home/airflow/.local/lib/python3.12/site-packages/airflow/example_dags/tutorial.py
[2025-06-20T16:48:18.322+0000] {processor.py:840} INFO - DAG(s) 'tutorial' retrieved from /home/airflow/.local/lib/python3.12/site-packages/airflow/example_dags/tutorial.py
[2025-06-20T16:48:18.342+0000] {logging_mixin.py:188} INFO - [2025-06-20T16:48:18.341+0000] {dag.py:3096} INFO - Sync 1 DAGs
[2025-06-20T16:48:18.363+0000] {logging_mixin.py:188} INFO - [2025-06-20T16:48:18.363+0000] {dag.py:3954} INFO - Setting next_dagrun for tutorial to 2025-06-19 00:00:00+00:00, run_after=2025-06-20 00:00:00+00:00
[2025-06-20T16:48:18.379+0000] {processor.py:183} INFO - Processing /home/airflow/.local/lib/python3.12/site-packages/airflow/example_dags/tutorial.py took 0.073 seconds
[2025-06-20T16:48:48.659+0000] {processor.py:161} INFO - Started process (PID=627) to work on /home/airflow/.local/lib/python3.12/site-packages/airflow/example_dags/tutorial.py
[2025-06-20T16:48:48.660+0000] {processor.py:830} INFO - Processing file /home/airflow/.local/lib/python3.12/site-packages/airflow/example_dags/tutorial.py for tasks to queue
[2025-06-20T16:48:48.661+0000] {logging_mixin.py:188} INFO - [2025-06-20T16:48:48.661+0000] {dagbag.py:540} INFO - Filling up the DagBag from /home/airflow/.local/lib/python3.12/site-packages/airflow/example_dags/tutorial.py
[2025-06-20T16:48:48.667+0000] {processor.py:840} INFO - DAG(s) 'tutorial' retrieved from /home/airflow/.local/lib/python3.12/site-packages/airflow/example_dags/tutorial.py
[2025-06-20T16:48:48.688+0000] {logging_mixin.py:188} INFO - [2025-06-20T16:48:48.688+0000] {dag.py:3096} INFO - Sync 1 DAGs
[2025-06-20T16:48:48.708+0000] {logging_mixin.py:188} INFO - [2025-06-20T16:48:48.708+0000] {dag.py:3954} INFO - Setting next_dagrun for tutorial to 2025-06-19 00:00:00+00:00, run_after=2025-06-20 00:00:00+00:00
[2025-06-20T16:48:48.723+0000] {processor.py:183} INFO - Processing /home/airflow/.local/lib/python3.12/site-packages/airflow/example_dags/tutorial.py took 0.071 seconds
[2025-06-20T16:49:19.099+0000] {processor.py:161} INFO - Started process (PID=686) to work on /home/airflow/.local/lib/python3.12/site-packages/airflow/example_dags/tutorial.py
[2025-06-20T16:49:19.099+0000] {processor.py:830} INFO - Processing file /home/airflow/.local/lib/python3.12/site-packages/airflow/example_dags/tutorial.py for tasks to queue
[2025-06-20T16:49:19.101+0000] {logging_mixin.py:188} INFO - [2025-06-20T16:49:19.101+0000] {dagbag.py:540} INFO - Filling up the DagBag from /home/airflow/.local/lib/python3.12/site-packages/airflow/example_dags/tutorial.py
[2025-06-20T16:49:19.107+0000] {processor.py:840} INFO - DAG(s) 'tutorial' retrieved from /home/airflow/.local/lib/python3.12/site-packages/airflow/example_dags/tutorial.py
[2025-06-20T16:49:19.126+0000] {logging_mixin.py:188} INFO - [2025-06-20T16:49:19.126+0000] {dag.py:3096} INFO - Sync 1 DAGs
[2025-06-20T16:49:19.146+0000] {logging_mixin.py:188} INFO - [2025-06-20T16:49:19.146+0000] {dag.py:3954} INFO - Setting next_dagrun for tutorial to 2025-06-19 00:00:00+00:00, run_after=2025-06-20 00:00:00+00:00
[2025-06-20T16:49:19.162+0000] {processor.py:183} INFO - Processing /home/airflow/.local/lib/python3.12/site-packages/airflow/example_dags/tutorial.py took 0.069 seconds
[2025-06-20T16:49:49.391+0000] {processor.py:161} INFO - Started process (PID=745) to work on /home/airflow/.local/lib/python3.12/site-packages/airflow/example_dags/tutorial.py
[2025-06-20T16:49:49.392+0000] {processor.py:830} INFO - Processing file /home/airflow/.local/lib/python3.12/site-packages/airflow/example_dags/tutorial.py for tasks to queue
[2025-06-20T16:49:49.394+0000] {logging_mixin.py:188} INFO - [2025-06-20T16:49:49.393+0000] {dagbag.py:540} INFO - Filling up the DagBag from /home/airflow/.local/lib/python3.12/site-packages/airflow/example_dags/tutorial.py
[2025-06-20T16:49:49.400+0000] {processor.py:840} INFO - DAG(s) 'tutorial' retrieved from /home/airflow/.local/lib/python3.12/site-packages/airflow/example_dags/tutorial.py
[2025-06-20T16:49:49.420+0000] {logging_mixin.py:188} INFO - [2025-06-20T16:49:49.420+0000] {dag.py:3096} INFO - Sync 1 DAGs
[2025-06-20T16:49:49.445+0000] {logging_mixin.py:188} INFO - [2025-06-20T16:49:49.445+0000] {dag.py:3954} INFO - Setting next_dagrun for tutorial to 2025-06-19 00:00:00+00:00, run_after=2025-06-20 00:00:00+00:00
[2025-06-20T16:49:49.461+0000] {processor.py:183} INFO - Processing /home/airflow/.local/lib/python3.12/site-packages/airflow/example_dags/tutorial.py took 0.076 seconds
[2025-06-20T16:50:19.838+0000] {processor.py:161} INFO - Started process (PID=804) to work on /home/airflow/.local/lib/python3.12/site-packages/airflow/example_dags/tutorial.py
[2025-06-20T16:50:19.839+0000] {processor.py:830} INFO - Processing file /home/airflow/.local/lib/python3.12/site-packages/airflow/example_dags/tutorial.py for tasks to queue
[2025-06-20T16:50:19.841+0000] {logging_mixin.py:188} INFO - [2025-06-20T16:50:19.841+0000] {dagbag.py:540} INFO - Filling up the DagBag from /home/airflow/.local/lib/python3.12/site-packages/airflow/example_dags/tutorial.py
[2025-06-20T16:50:19.847+0000] {processor.py:840} INFO - DAG(s) 'tutorial' retrieved from /home/airflow/.local/lib/python3.12/site-packages/airflow/example_dags/tutorial.py
[2025-06-20T16:50:19.868+0000] {logging_mixin.py:188} INFO - [2025-06-20T16:50:19.868+0000] {dag.py:3096} INFO - Sync 1 DAGs
[2025-06-20T16:50:19.889+0000] {logging_mixin.py:188} INFO - [2025-06-20T16:50:19.888+0000] {dag.py:3954} INFO - Setting next_dagrun for tutorial to 2025-06-19 00:00:00+00:00, run_after=2025-06-20 00:00:00+00:00
[2025-06-20T16:50:19.905+0000] {processor.py:183} INFO - Processing /home/airflow/.local/lib/python3.12/site-packages/airflow/example_dags/tutorial.py took 0.073 seconds
[2025-06-20T16:50:50.273+0000] {processor.py:161} INFO - Started process (PID=863) to work on /home/airflow/.local/lib/python3.12/site-packages/airflow/example_dags/tutorial.py
[2025-06-20T16:50:50.274+0000] {processor.py:830} INFO - Processing file /home/airflow/.local/lib/python3.12/site-packages/airflow/example_dags/tutorial.py for tasks to queue
[2025-06-20T16:50:50.276+0000] {logging_mixin.py:188} INFO - [2025-06-20T16:50:50.276+0000] {dagbag.py:540} INFO - Filling up the DagBag from /home/airflow/.local/lib/python3.12/site-packages/airflow/example_dags/tutorial.py
[2025-06-20T16:50:50.283+0000] {processor.py:840} INFO - DAG(s) 'tutorial' retrieved from /home/airflow/.local/lib/python3.12/site-packages/airflow/example_dags/tutorial.py
[2025-06-20T16:50:50.305+0000] {logging_mixin.py:188} INFO - [2025-06-20T16:50:50.304+0000] {dag.py:3096} INFO - Sync 1 DAGs
[2025-06-20T16:50:50.325+0000] {logging_mixin.py:188} INFO - [2025-06-20T16:50:50.324+0000] {dag.py:3954} INFO - Setting next_dagrun for tutorial to 2025-06-19 00:00:00+00:00, run_after=2025-06-20 00:00:00+00:00
[2025-06-20T16:50:50.341+0000] {processor.py:183} INFO - Processing /home/airflow/.local/lib/python3.12/site-packages/airflow/example_dags/tutorial.py took 0.074 seconds
