[2025-06-20T14:34:46.581+0000] {processor.py:161} INFO - Started process (PID=69) to work on /home/airflow/.local/lib/python3.12/site-packages/airflow/example_dags/tutorial_dag.py
[2025-06-20T14:34:46.583+0000] {processor.py:830} INFO - Processing file /home/airflow/.local/lib/python3.12/site-packages/airflow/example_dags/tutorial_dag.py for tasks to queue
[2025-06-20T14:34:46.585+0000] {logging_mixin.py:188} INFO - [2025-06-20T14:34:46.585+0000] {dagbag.py:540} INFO - Filling up the DagBag from /home/airflow/.local/lib/python3.12/site-packages/airflow/example_dags/tutorial_dag.py
[2025-06-20T14:34:46.592+0000] {processor.py:840} INFO - DAG(s) 'tutorial_dag' retrieved from /home/airflow/.local/lib/python3.12/site-packages/airflow/example_dags/tutorial_dag.py
[2025-06-20T14:34:46.607+0000] {logging_mixin.py:188} INFO - [2025-06-20T14:34:46.607+0000] {dag.py:3096} INFO - Sync 1 DAGs
[2025-06-20T14:34:46.623+0000] {logging_mixin.py:188} INFO - [2025-06-20T14:34:46.623+0000] {dag.py:3954} INFO - Setting next_dagrun for tutorial_dag to None, run_after=None
[2025-06-20T14:34:46.641+0000] {processor.py:183} INFO - Processing /home/airflow/.local/lib/python3.12/site-packages/airflow/example_dags/tutorial_dag.py took 0.067 seconds
[2025-06-20T14:35:17.434+0000] {processor.py:161} INFO - Started process (PID=127) to work on /home/airflow/.local/lib/python3.12/site-packages/airflow/example_dags/tutorial_dag.py
[2025-06-20T14:35:17.434+0000] {processor.py:830} INFO - Processing file /home/airflow/.local/lib/python3.12/site-packages/airflow/example_dags/tutorial_dag.py for tasks to queue
[2025-06-20T14:35:17.436+0000] {logging_mixin.py:188} INFO - [2025-06-20T14:35:17.436+0000] {dagbag.py:540} INFO - Filling up the DagBag from /home/airflow/.local/lib/python3.12/site-packages/airflow/example_dags/tutorial_dag.py
[2025-06-20T14:35:17.441+0000] {processor.py:840} INFO - DAG(s) 'tutorial_dag' retrieved from /home/airflow/.local/lib/python3.12/site-packages/airflow/example_dags/tutorial_dag.py
[2025-06-20T14:35:17.540+0000] {logging_mixin.py:188} INFO - [2025-06-20T14:35:17.540+0000] {dag.py:3096} INFO - Sync 1 DAGs
[2025-06-20T14:35:17.549+0000] {logging_mixin.py:188} INFO - [2025-06-20T14:35:17.549+0000] {dag.py:3954} INFO - Setting next_dagrun for tutorial_dag to None, run_after=None
[2025-06-20T14:35:17.565+0000] {processor.py:183} INFO - Processing /home/airflow/.local/lib/python3.12/site-packages/airflow/example_dags/tutorial_dag.py took 0.137 seconds
[2025-06-20T14:35:47.771+0000] {processor.py:161} INFO - Started process (PID=185) to work on /home/airflow/.local/lib/python3.12/site-packages/airflow/example_dags/tutorial_dag.py
[2025-06-20T14:35:47.772+0000] {processor.py:830} INFO - Processing file /home/airflow/.local/lib/python3.12/site-packages/airflow/example_dags/tutorial_dag.py for tasks to queue
[2025-06-20T14:35:47.774+0000] {logging_mixin.py:188} INFO - [2025-06-20T14:35:47.773+0000] {dagbag.py:540} INFO - Filling up the DagBag from /home/airflow/.local/lib/python3.12/site-packages/airflow/example_dags/tutorial_dag.py
[2025-06-20T14:35:47.779+0000] {processor.py:840} INFO - DAG(s) 'tutorial_dag' retrieved from /home/airflow/.local/lib/python3.12/site-packages/airflow/example_dags/tutorial_dag.py
[2025-06-20T14:35:47.800+0000] {logging_mixin.py:188} INFO - [2025-06-20T14:35:47.800+0000] {dag.py:3096} INFO - Sync 1 DAGs
[2025-06-20T14:35:47.813+0000] {logging_mixin.py:188} INFO - [2025-06-20T14:35:47.813+0000] {dag.py:3954} INFO - Setting next_dagrun for tutorial_dag to None, run_after=None
[2025-06-20T14:35:47.829+0000] {processor.py:183} INFO - Processing /home/airflow/.local/lib/python3.12/site-packages/airflow/example_dags/tutorial_dag.py took 0.064 seconds
[2025-06-20T14:36:18.147+0000] {processor.py:161} INFO - Started process (PID=243) to work on /home/airflow/.local/lib/python3.12/site-packages/airflow/example_dags/tutorial_dag.py
[2025-06-20T14:36:18.148+0000] {processor.py:830} INFO - Processing file /home/airflow/.local/lib/python3.12/site-packages/airflow/example_dags/tutorial_dag.py for tasks to queue
[2025-06-20T14:36:18.150+0000] {logging_mixin.py:188} INFO - [2025-06-20T14:36:18.150+0000] {dagbag.py:540} INFO - Filling up the DagBag from /home/airflow/.local/lib/python3.12/site-packages/airflow/example_dags/tutorial_dag.py
[2025-06-20T14:36:18.155+0000] {processor.py:840} INFO - DAG(s) 'tutorial_dag' retrieved from /home/airflow/.local/lib/python3.12/site-packages/airflow/example_dags/tutorial_dag.py
[2025-06-20T14:36:18.175+0000] {logging_mixin.py:188} INFO - [2025-06-20T14:36:18.175+0000] {dag.py:3096} INFO - Sync 1 DAGs
[2025-06-20T14:36:18.188+0000] {logging_mixin.py:188} INFO - [2025-06-20T14:36:18.188+0000] {dag.py:3954} INFO - Setting next_dagrun for tutorial_dag to None, run_after=None
[2025-06-20T14:36:18.203+0000] {processor.py:183} INFO - Processing /home/airflow/.local/lib/python3.12/site-packages/airflow/example_dags/tutorial_dag.py took 0.062 seconds
[2025-06-20T14:36:48.717+0000] {processor.py:161} INFO - Started process (PID=301) to work on /home/airflow/.local/lib/python3.12/site-packages/airflow/example_dags/tutorial_dag.py
[2025-06-20T14:36:48.718+0000] {processor.py:830} INFO - Processing file /home/airflow/.local/lib/python3.12/site-packages/airflow/example_dags/tutorial_dag.py for tasks to queue
[2025-06-20T14:36:48.720+0000] {logging_mixin.py:188} INFO - [2025-06-20T14:36:48.720+0000] {dagbag.py:540} INFO - Filling up the DagBag from /home/airflow/.local/lib/python3.12/site-packages/airflow/example_dags/tutorial_dag.py
[2025-06-20T14:36:48.725+0000] {processor.py:840} INFO - DAG(s) 'tutorial_dag' retrieved from /home/airflow/.local/lib/python3.12/site-packages/airflow/example_dags/tutorial_dag.py
[2025-06-20T14:36:48.744+0000] {logging_mixin.py:188} INFO - [2025-06-20T14:36:48.744+0000] {dag.py:3096} INFO - Sync 1 DAGs
[2025-06-20T14:36:48.756+0000] {logging_mixin.py:188} INFO - [2025-06-20T14:36:48.756+0000] {dag.py:3954} INFO - Setting next_dagrun for tutorial_dag to None, run_after=None
[2025-06-20T14:36:48.772+0000] {processor.py:183} INFO - Processing /home/airflow/.local/lib/python3.12/site-packages/airflow/example_dags/tutorial_dag.py took 0.060 seconds
[2025-06-20T14:37:19.310+0000] {processor.py:161} INFO - Started process (PID=381) to work on /home/airflow/.local/lib/python3.12/site-packages/airflow/example_dags/tutorial_dag.py
[2025-06-20T14:37:19.311+0000] {processor.py:830} INFO - Processing file /home/airflow/.local/lib/python3.12/site-packages/airflow/example_dags/tutorial_dag.py for tasks to queue
[2025-06-20T14:37:19.313+0000] {logging_mixin.py:188} INFO - [2025-06-20T14:37:19.313+0000] {dagbag.py:540} INFO - Filling up the DagBag from /home/airflow/.local/lib/python3.12/site-packages/airflow/example_dags/tutorial_dag.py
[2025-06-20T14:37:19.318+0000] {processor.py:840} INFO - DAG(s) 'tutorial_dag' retrieved from /home/airflow/.local/lib/python3.12/site-packages/airflow/example_dags/tutorial_dag.py
[2025-06-20T14:37:19.338+0000] {logging_mixin.py:188} INFO - [2025-06-20T14:37:19.338+0000] {dag.py:3096} INFO - Sync 1 DAGs
[2025-06-20T14:37:19.350+0000] {logging_mixin.py:188} INFO - [2025-06-20T14:37:19.350+0000] {dag.py:3954} INFO - Setting next_dagrun for tutorial_dag to None, run_after=None
[2025-06-20T14:37:19.366+0000] {processor.py:183} INFO - Processing /home/airflow/.local/lib/python3.12/site-packages/airflow/example_dags/tutorial_dag.py took 0.061 seconds
[2025-06-20T14:37:49.848+0000] {processor.py:161} INFO - Started process (PID=439) to work on /home/airflow/.local/lib/python3.12/site-packages/airflow/example_dags/tutorial_dag.py
[2025-06-20T14:37:49.849+0000] {processor.py:830} INFO - Processing file /home/airflow/.local/lib/python3.12/site-packages/airflow/example_dags/tutorial_dag.py for tasks to queue
[2025-06-20T14:37:49.852+0000] {logging_mixin.py:188} INFO - [2025-06-20T14:37:49.851+0000] {dagbag.py:540} INFO - Filling up the DagBag from /home/airflow/.local/lib/python3.12/site-packages/airflow/example_dags/tutorial_dag.py
[2025-06-20T14:37:49.857+0000] {processor.py:840} INFO - DAG(s) 'tutorial_dag' retrieved from /home/airflow/.local/lib/python3.12/site-packages/airflow/example_dags/tutorial_dag.py
[2025-06-20T14:37:49.876+0000] {logging_mixin.py:188} INFO - [2025-06-20T14:37:49.876+0000] {dag.py:3096} INFO - Sync 1 DAGs
[2025-06-20T14:37:49.889+0000] {logging_mixin.py:188} INFO - [2025-06-20T14:37:49.889+0000] {dag.py:3954} INFO - Setting next_dagrun for tutorial_dag to None, run_after=None
[2025-06-20T14:37:49.906+0000] {processor.py:183} INFO - Processing /home/airflow/.local/lib/python3.12/site-packages/airflow/example_dags/tutorial_dag.py took 0.064 seconds
[2025-06-20T14:38:20.323+0000] {processor.py:161} INFO - Started process (PID=497) to work on /home/airflow/.local/lib/python3.12/site-packages/airflow/example_dags/tutorial_dag.py
[2025-06-20T14:38:20.324+0000] {processor.py:830} INFO - Processing file /home/airflow/.local/lib/python3.12/site-packages/airflow/example_dags/tutorial_dag.py for tasks to queue
[2025-06-20T14:38:20.326+0000] {logging_mixin.py:188} INFO - [2025-06-20T14:38:20.326+0000] {dagbag.py:540} INFO - Filling up the DagBag from /home/airflow/.local/lib/python3.12/site-packages/airflow/example_dags/tutorial_dag.py
[2025-06-20T14:38:20.331+0000] {processor.py:840} INFO - DAG(s) 'tutorial_dag' retrieved from /home/airflow/.local/lib/python3.12/site-packages/airflow/example_dags/tutorial_dag.py
[2025-06-20T14:38:20.352+0000] {logging_mixin.py:188} INFO - [2025-06-20T14:38:20.352+0000] {dag.py:3096} INFO - Sync 1 DAGs
[2025-06-20T14:38:20.364+0000] {logging_mixin.py:188} INFO - [2025-06-20T14:38:20.364+0000] {dag.py:3954} INFO - Setting next_dagrun for tutorial_dag to None, run_after=None
[2025-06-20T14:38:20.379+0000] {processor.py:183} INFO - Processing /home/airflow/.local/lib/python3.12/site-packages/airflow/example_dags/tutorial_dag.py took 0.062 seconds
[2025-06-20T14:38:51.190+0000] {processor.py:161} INFO - Started process (PID=555) to work on /home/airflow/.local/lib/python3.12/site-packages/airflow/example_dags/tutorial_dag.py
[2025-06-20T14:38:51.191+0000] {processor.py:830} INFO - Processing file /home/airflow/.local/lib/python3.12/site-packages/airflow/example_dags/tutorial_dag.py for tasks to queue
[2025-06-20T14:38:51.193+0000] {logging_mixin.py:188} INFO - [2025-06-20T14:38:51.193+0000] {dagbag.py:540} INFO - Filling up the DagBag from /home/airflow/.local/lib/python3.12/site-packages/airflow/example_dags/tutorial_dag.py
[2025-06-20T14:38:51.199+0000] {processor.py:840} INFO - DAG(s) 'tutorial_dag' retrieved from /home/airflow/.local/lib/python3.12/site-packages/airflow/example_dags/tutorial_dag.py
[2025-06-20T14:38:51.220+0000] {logging_mixin.py:188} INFO - [2025-06-20T14:38:51.220+0000] {dag.py:3096} INFO - Sync 1 DAGs
[2025-06-20T14:38:51.233+0000] {logging_mixin.py:188} INFO - [2025-06-20T14:38:51.233+0000] {dag.py:3954} INFO - Setting next_dagrun for tutorial_dag to None, run_after=None
[2025-06-20T14:38:51.249+0000] {processor.py:183} INFO - Processing /home/airflow/.local/lib/python3.12/site-packages/airflow/example_dags/tutorial_dag.py took 0.064 seconds
[2025-06-20T14:39:21.452+0000] {processor.py:161} INFO - Started process (PID=613) to work on /home/airflow/.local/lib/python3.12/site-packages/airflow/example_dags/tutorial_dag.py
[2025-06-20T14:39:21.453+0000] {processor.py:830} INFO - Processing file /home/airflow/.local/lib/python3.12/site-packages/airflow/example_dags/tutorial_dag.py for tasks to queue
[2025-06-20T14:39:21.455+0000] {logging_mixin.py:188} INFO - [2025-06-20T14:39:21.455+0000] {dagbag.py:540} INFO - Filling up the DagBag from /home/airflow/.local/lib/python3.12/site-packages/airflow/example_dags/tutorial_dag.py
[2025-06-20T14:39:21.461+0000] {processor.py:840} INFO - DAG(s) 'tutorial_dag' retrieved from /home/airflow/.local/lib/python3.12/site-packages/airflow/example_dags/tutorial_dag.py
[2025-06-20T14:39:21.481+0000] {logging_mixin.py:188} INFO - [2025-06-20T14:39:21.481+0000] {dag.py:3096} INFO - Sync 1 DAGs
[2025-06-20T14:39:21.493+0000] {logging_mixin.py:188} INFO - [2025-06-20T14:39:21.493+0000] {dag.py:3954} INFO - Setting next_dagrun for tutorial_dag to None, run_after=None
[2025-06-20T14:39:21.509+0000] {processor.py:183} INFO - Processing /home/airflow/.local/lib/python3.12/site-packages/airflow/example_dags/tutorial_dag.py took 0.063 seconds
[2025-06-20T14:39:51.818+0000] {processor.py:161} INFO - Started process (PID=671) to work on /home/airflow/.local/lib/python3.12/site-packages/airflow/example_dags/tutorial_dag.py
[2025-06-20T14:39:51.819+0000] {processor.py:830} INFO - Processing file /home/airflow/.local/lib/python3.12/site-packages/airflow/example_dags/tutorial_dag.py for tasks to queue
[2025-06-20T14:39:51.821+0000] {logging_mixin.py:188} INFO - [2025-06-20T14:39:51.821+0000] {dagbag.py:540} INFO - Filling up the DagBag from /home/airflow/.local/lib/python3.12/site-packages/airflow/example_dags/tutorial_dag.py
[2025-06-20T14:39:51.827+0000] {processor.py:840} INFO - DAG(s) 'tutorial_dag' retrieved from /home/airflow/.local/lib/python3.12/site-packages/airflow/example_dags/tutorial_dag.py
[2025-06-20T14:39:51.845+0000] {logging_mixin.py:188} INFO - [2025-06-20T14:39:51.845+0000] {dag.py:3096} INFO - Sync 1 DAGs
[2025-06-20T14:39:51.857+0000] {logging_mixin.py:188} INFO - [2025-06-20T14:39:51.857+0000] {dag.py:3954} INFO - Setting next_dagrun for tutorial_dag to None, run_after=None
[2025-06-20T14:39:51.872+0000] {processor.py:183} INFO - Processing /home/airflow/.local/lib/python3.12/site-packages/airflow/example_dags/tutorial_dag.py took 0.060 seconds
[2025-06-20T14:40:22.068+0000] {processor.py:161} INFO - Started process (PID=729) to work on /home/airflow/.local/lib/python3.12/site-packages/airflow/example_dags/tutorial_dag.py
[2025-06-20T14:40:22.069+0000] {processor.py:830} INFO - Processing file /home/airflow/.local/lib/python3.12/site-packages/airflow/example_dags/tutorial_dag.py for tasks to queue
[2025-06-20T14:40:22.071+0000] {logging_mixin.py:188} INFO - [2025-06-20T14:40:22.070+0000] {dagbag.py:540} INFO - Filling up the DagBag from /home/airflow/.local/lib/python3.12/site-packages/airflow/example_dags/tutorial_dag.py
[2025-06-20T14:40:22.076+0000] {processor.py:840} INFO - DAG(s) 'tutorial_dag' retrieved from /home/airflow/.local/lib/python3.12/site-packages/airflow/example_dags/tutorial_dag.py
[2025-06-20T14:40:22.094+0000] {logging_mixin.py:188} INFO - [2025-06-20T14:40:22.094+0000] {dag.py:3096} INFO - Sync 1 DAGs
[2025-06-20T14:40:22.106+0000] {logging_mixin.py:188} INFO - [2025-06-20T14:40:22.106+0000] {dag.py:3954} INFO - Setting next_dagrun for tutorial_dag to None, run_after=None
[2025-06-20T14:40:22.121+0000] {processor.py:183} INFO - Processing /home/airflow/.local/lib/python3.12/site-packages/airflow/example_dags/tutorial_dag.py took 0.059 seconds
[2025-06-20T14:40:52.419+0000] {processor.py:161} INFO - Started process (PID=787) to work on /home/airflow/.local/lib/python3.12/site-packages/airflow/example_dags/tutorial_dag.py
[2025-06-20T14:40:52.420+0000] {processor.py:830} INFO - Processing file /home/airflow/.local/lib/python3.12/site-packages/airflow/example_dags/tutorial_dag.py for tasks to queue
[2025-06-20T14:40:52.422+0000] {logging_mixin.py:188} INFO - [2025-06-20T14:40:52.421+0000] {dagbag.py:540} INFO - Filling up the DagBag from /home/airflow/.local/lib/python3.12/site-packages/airflow/example_dags/tutorial_dag.py
[2025-06-20T14:40:52.427+0000] {processor.py:840} INFO - DAG(s) 'tutorial_dag' retrieved from /home/airflow/.local/lib/python3.12/site-packages/airflow/example_dags/tutorial_dag.py
[2025-06-20T14:40:52.446+0000] {logging_mixin.py:188} INFO - [2025-06-20T14:40:52.446+0000] {dag.py:3096} INFO - Sync 1 DAGs
[2025-06-20T14:40:52.458+0000] {logging_mixin.py:188} INFO - [2025-06-20T14:40:52.457+0000] {dag.py:3954} INFO - Setting next_dagrun for tutorial_dag to None, run_after=None
[2025-06-20T14:40:52.473+0000] {processor.py:183} INFO - Processing /home/airflow/.local/lib/python3.12/site-packages/airflow/example_dags/tutorial_dag.py took 0.060 seconds
[2025-06-20T14:41:22.640+0000] {processor.py:161} INFO - Started process (PID=845) to work on /home/airflow/.local/lib/python3.12/site-packages/airflow/example_dags/tutorial_dag.py
[2025-06-20T14:41:22.641+0000] {processor.py:830} INFO - Processing file /home/airflow/.local/lib/python3.12/site-packages/airflow/example_dags/tutorial_dag.py for tasks to queue
[2025-06-20T14:41:22.643+0000] {logging_mixin.py:188} INFO - [2025-06-20T14:41:22.643+0000] {dagbag.py:540} INFO - Filling up the DagBag from /home/airflow/.local/lib/python3.12/site-packages/airflow/example_dags/tutorial_dag.py
[2025-06-20T14:41:22.648+0000] {processor.py:840} INFO - DAG(s) 'tutorial_dag' retrieved from /home/airflow/.local/lib/python3.12/site-packages/airflow/example_dags/tutorial_dag.py
[2025-06-20T14:41:22.668+0000] {logging_mixin.py:188} INFO - [2025-06-20T14:41:22.668+0000] {dag.py:3096} INFO - Sync 1 DAGs
[2025-06-20T14:41:22.680+0000] {logging_mixin.py:188} INFO - [2025-06-20T14:41:22.679+0000] {dag.py:3954} INFO - Setting next_dagrun for tutorial_dag to None, run_after=None
[2025-06-20T14:41:22.696+0000] {processor.py:183} INFO - Processing /home/airflow/.local/lib/python3.12/site-packages/airflow/example_dags/tutorial_dag.py took 0.062 seconds
[2025-06-20T14:41:52.929+0000] {processor.py:161} INFO - Started process (PID=903) to work on /home/airflow/.local/lib/python3.12/site-packages/airflow/example_dags/tutorial_dag.py
[2025-06-20T14:41:52.930+0000] {processor.py:830} INFO - Processing file /home/airflow/.local/lib/python3.12/site-packages/airflow/example_dags/tutorial_dag.py for tasks to queue
[2025-06-20T14:41:52.932+0000] {logging_mixin.py:188} INFO - [2025-06-20T14:41:52.932+0000] {dagbag.py:540} INFO - Filling up the DagBag from /home/airflow/.local/lib/python3.12/site-packages/airflow/example_dags/tutorial_dag.py
[2025-06-20T14:41:52.937+0000] {processor.py:840} INFO - DAG(s) 'tutorial_dag' retrieved from /home/airflow/.local/lib/python3.12/site-packages/airflow/example_dags/tutorial_dag.py
[2025-06-20T14:41:52.956+0000] {logging_mixin.py:188} INFO - [2025-06-20T14:41:52.956+0000] {dag.py:3096} INFO - Sync 1 DAGs
[2025-06-20T14:41:52.969+0000] {logging_mixin.py:188} INFO - [2025-06-20T14:41:52.968+0000] {dag.py:3954} INFO - Setting next_dagrun for tutorial_dag to None, run_after=None
[2025-06-20T14:41:52.984+0000] {processor.py:183} INFO - Processing /home/airflow/.local/lib/python3.12/site-packages/airflow/example_dags/tutorial_dag.py took 0.062 seconds
[2025-06-20T14:42:23.564+0000] {processor.py:161} INFO - Started process (PID=961) to work on /home/airflow/.local/lib/python3.12/site-packages/airflow/example_dags/tutorial_dag.py
[2025-06-20T14:42:23.565+0000] {processor.py:830} INFO - Processing file /home/airflow/.local/lib/python3.12/site-packages/airflow/example_dags/tutorial_dag.py for tasks to queue
[2025-06-20T14:42:23.568+0000] {logging_mixin.py:188} INFO - [2025-06-20T14:42:23.567+0000] {dagbag.py:540} INFO - Filling up the DagBag from /home/airflow/.local/lib/python3.12/site-packages/airflow/example_dags/tutorial_dag.py
[2025-06-20T14:42:23.574+0000] {processor.py:840} INFO - DAG(s) 'tutorial_dag' retrieved from /home/airflow/.local/lib/python3.12/site-packages/airflow/example_dags/tutorial_dag.py
[2025-06-20T14:42:23.594+0000] {logging_mixin.py:188} INFO - [2025-06-20T14:42:23.594+0000] {dag.py:3096} INFO - Sync 1 DAGs
[2025-06-20T14:42:23.609+0000] {logging_mixin.py:188} INFO - [2025-06-20T14:42:23.609+0000] {dag.py:3954} INFO - Setting next_dagrun for tutorial_dag to None, run_after=None
[2025-06-20T14:42:23.627+0000] {processor.py:183} INFO - Processing /home/airflow/.local/lib/python3.12/site-packages/airflow/example_dags/tutorial_dag.py took 0.070 seconds
[2025-06-20T14:42:54.659+0000] {processor.py:161} INFO - Started process (PID=1019) to work on /home/airflow/.local/lib/python3.12/site-packages/airflow/example_dags/tutorial_dag.py
[2025-06-20T14:42:54.660+0000] {processor.py:830} INFO - Processing file /home/airflow/.local/lib/python3.12/site-packages/airflow/example_dags/tutorial_dag.py for tasks to queue
[2025-06-20T14:42:54.662+0000] {logging_mixin.py:188} INFO - [2025-06-20T14:42:54.662+0000] {dagbag.py:540} INFO - Filling up the DagBag from /home/airflow/.local/lib/python3.12/site-packages/airflow/example_dags/tutorial_dag.py
[2025-06-20T14:42:54.667+0000] {processor.py:840} INFO - DAG(s) 'tutorial_dag' retrieved from /home/airflow/.local/lib/python3.12/site-packages/airflow/example_dags/tutorial_dag.py
[2025-06-20T14:42:54.687+0000] {logging_mixin.py:188} INFO - [2025-06-20T14:42:54.687+0000] {dag.py:3096} INFO - Sync 1 DAGs
[2025-06-20T14:42:54.700+0000] {logging_mixin.py:188} INFO - [2025-06-20T14:42:54.700+0000] {dag.py:3954} INFO - Setting next_dagrun for tutorial_dag to None, run_after=None
[2025-06-20T14:42:54.717+0000] {processor.py:183} INFO - Processing /home/airflow/.local/lib/python3.12/site-packages/airflow/example_dags/tutorial_dag.py took 0.064 seconds
[2025-06-20T14:43:24.906+0000] {processor.py:161} INFO - Started process (PID=1077) to work on /home/airflow/.local/lib/python3.12/site-packages/airflow/example_dags/tutorial_dag.py
[2025-06-20T14:43:24.907+0000] {processor.py:830} INFO - Processing file /home/airflow/.local/lib/python3.12/site-packages/airflow/example_dags/tutorial_dag.py for tasks to queue
[2025-06-20T14:43:24.909+0000] {logging_mixin.py:188} INFO - [2025-06-20T14:43:24.909+0000] {dagbag.py:540} INFO - Filling up the DagBag from /home/airflow/.local/lib/python3.12/site-packages/airflow/example_dags/tutorial_dag.py
[2025-06-20T14:43:24.915+0000] {processor.py:840} INFO - DAG(s) 'tutorial_dag' retrieved from /home/airflow/.local/lib/python3.12/site-packages/airflow/example_dags/tutorial_dag.py
[2025-06-20T14:43:24.934+0000] {logging_mixin.py:188} INFO - [2025-06-20T14:43:24.934+0000] {dag.py:3096} INFO - Sync 1 DAGs
[2025-06-20T14:43:24.948+0000] {logging_mixin.py:188} INFO - [2025-06-20T14:43:24.948+0000] {dag.py:3954} INFO - Setting next_dagrun for tutorial_dag to None, run_after=None
[2025-06-20T14:43:24.965+0000] {processor.py:183} INFO - Processing /home/airflow/.local/lib/python3.12/site-packages/airflow/example_dags/tutorial_dag.py took 0.065 seconds
[2025-06-20T14:43:55.967+0000] {processor.py:161} INFO - Started process (PID=1135) to work on /home/airflow/.local/lib/python3.12/site-packages/airflow/example_dags/tutorial_dag.py
[2025-06-20T14:43:55.968+0000] {processor.py:830} INFO - Processing file /home/airflow/.local/lib/python3.12/site-packages/airflow/example_dags/tutorial_dag.py for tasks to queue
[2025-06-20T14:43:55.970+0000] {logging_mixin.py:188} INFO - [2025-06-20T14:43:55.970+0000] {dagbag.py:540} INFO - Filling up the DagBag from /home/airflow/.local/lib/python3.12/site-packages/airflow/example_dags/tutorial_dag.py
[2025-06-20T14:43:55.975+0000] {processor.py:840} INFO - DAG(s) 'tutorial_dag' retrieved from /home/airflow/.local/lib/python3.12/site-packages/airflow/example_dags/tutorial_dag.py
[2025-06-20T14:43:55.995+0000] {logging_mixin.py:188} INFO - [2025-06-20T14:43:55.995+0000] {dag.py:3096} INFO - Sync 1 DAGs
[2025-06-20T14:43:56.007+0000] {logging_mixin.py:188} INFO - [2025-06-20T14:43:56.007+0000] {dag.py:3954} INFO - Setting next_dagrun for tutorial_dag to None, run_after=None
[2025-06-20T14:43:56.023+0000] {processor.py:183} INFO - Processing /home/airflow/.local/lib/python3.12/site-packages/airflow/example_dags/tutorial_dag.py took 0.062 seconds
[2025-06-20T14:44:26.142+0000] {processor.py:161} INFO - Started process (PID=1193) to work on /home/airflow/.local/lib/python3.12/site-packages/airflow/example_dags/tutorial_dag.py
[2025-06-20T14:44:26.143+0000] {processor.py:830} INFO - Processing file /home/airflow/.local/lib/python3.12/site-packages/airflow/example_dags/tutorial_dag.py for tasks to queue
[2025-06-20T14:44:26.145+0000] {logging_mixin.py:188} INFO - [2025-06-20T14:44:26.144+0000] {dagbag.py:540} INFO - Filling up the DagBag from /home/airflow/.local/lib/python3.12/site-packages/airflow/example_dags/tutorial_dag.py
[2025-06-20T14:44:26.150+0000] {processor.py:840} INFO - DAG(s) 'tutorial_dag' retrieved from /home/airflow/.local/lib/python3.12/site-packages/airflow/example_dags/tutorial_dag.py
[2025-06-20T14:44:26.170+0000] {logging_mixin.py:188} INFO - [2025-06-20T14:44:26.169+0000] {dag.py:3096} INFO - Sync 1 DAGs
[2025-06-20T14:44:26.184+0000] {logging_mixin.py:188} INFO - [2025-06-20T14:44:26.184+0000] {dag.py:3954} INFO - Setting next_dagrun for tutorial_dag to None, run_after=None
[2025-06-20T14:44:26.200+0000] {processor.py:183} INFO - Processing /home/airflow/.local/lib/python3.12/site-packages/airflow/example_dags/tutorial_dag.py took 0.064 seconds
[2025-06-20T14:44:56.510+0000] {processor.py:161} INFO - Started process (PID=1251) to work on /home/airflow/.local/lib/python3.12/site-packages/airflow/example_dags/tutorial_dag.py
[2025-06-20T14:44:56.511+0000] {processor.py:830} INFO - Processing file /home/airflow/.local/lib/python3.12/site-packages/airflow/example_dags/tutorial_dag.py for tasks to queue
[2025-06-20T14:44:56.513+0000] {logging_mixin.py:188} INFO - [2025-06-20T14:44:56.513+0000] {dagbag.py:540} INFO - Filling up the DagBag from /home/airflow/.local/lib/python3.12/site-packages/airflow/example_dags/tutorial_dag.py
[2025-06-20T14:44:56.518+0000] {processor.py:840} INFO - DAG(s) 'tutorial_dag' retrieved from /home/airflow/.local/lib/python3.12/site-packages/airflow/example_dags/tutorial_dag.py
[2025-06-20T14:44:56.538+0000] {logging_mixin.py:188} INFO - [2025-06-20T14:44:56.538+0000] {dag.py:3096} INFO - Sync 1 DAGs
[2025-06-20T14:44:56.556+0000] {logging_mixin.py:188} INFO - [2025-06-20T14:44:56.555+0000] {dag.py:3954} INFO - Setting next_dagrun for tutorial_dag to None, run_after=None
[2025-06-20T14:44:56.573+0000] {processor.py:183} INFO - Processing /home/airflow/.local/lib/python3.12/site-packages/airflow/example_dags/tutorial_dag.py took 0.071 seconds
[2025-06-20T14:45:26.990+0000] {processor.py:161} INFO - Started process (PID=1309) to work on /home/airflow/.local/lib/python3.12/site-packages/airflow/example_dags/tutorial_dag.py
[2025-06-20T14:45:26.990+0000] {processor.py:830} INFO - Processing file /home/airflow/.local/lib/python3.12/site-packages/airflow/example_dags/tutorial_dag.py for tasks to queue
[2025-06-20T14:45:26.992+0000] {logging_mixin.py:188} INFO - [2025-06-20T14:45:26.992+0000] {dagbag.py:540} INFO - Filling up the DagBag from /home/airflow/.local/lib/python3.12/site-packages/airflow/example_dags/tutorial_dag.py
[2025-06-20T14:45:26.998+0000] {processor.py:840} INFO - DAG(s) 'tutorial_dag' retrieved from /home/airflow/.local/lib/python3.12/site-packages/airflow/example_dags/tutorial_dag.py
[2025-06-20T14:45:27.017+0000] {logging_mixin.py:188} INFO - [2025-06-20T14:45:27.016+0000] {dag.py:3096} INFO - Sync 1 DAGs
[2025-06-20T14:45:27.160+0000] {logging_mixin.py:188} INFO - [2025-06-20T14:45:27.160+0000] {dag.py:3954} INFO - Setting next_dagrun for tutorial_dag to None, run_after=None
[2025-06-20T14:45:27.175+0000] {processor.py:183} INFO - Processing /home/airflow/.local/lib/python3.12/site-packages/airflow/example_dags/tutorial_dag.py took 0.191 seconds
[2025-06-20T14:45:57.351+0000] {processor.py:161} INFO - Started process (PID=1367) to work on /home/airflow/.local/lib/python3.12/site-packages/airflow/example_dags/tutorial_dag.py
[2025-06-20T14:45:57.352+0000] {processor.py:830} INFO - Processing file /home/airflow/.local/lib/python3.12/site-packages/airflow/example_dags/tutorial_dag.py for tasks to queue
[2025-06-20T14:45:57.354+0000] {logging_mixin.py:188} INFO - [2025-06-20T14:45:57.353+0000] {dagbag.py:540} INFO - Filling up the DagBag from /home/airflow/.local/lib/python3.12/site-packages/airflow/example_dags/tutorial_dag.py
[2025-06-20T14:45:57.359+0000] {processor.py:840} INFO - DAG(s) 'tutorial_dag' retrieved from /home/airflow/.local/lib/python3.12/site-packages/airflow/example_dags/tutorial_dag.py
[2025-06-20T14:45:57.378+0000] {logging_mixin.py:188} INFO - [2025-06-20T14:45:57.377+0000] {dag.py:3096} INFO - Sync 1 DAGs
[2025-06-20T14:45:57.390+0000] {logging_mixin.py:188} INFO - [2025-06-20T14:45:57.389+0000] {dag.py:3954} INFO - Setting next_dagrun for tutorial_dag to None, run_after=None
[2025-06-20T14:45:57.405+0000] {processor.py:183} INFO - Processing /home/airflow/.local/lib/python3.12/site-packages/airflow/example_dags/tutorial_dag.py took 0.060 seconds
[2025-06-20T14:46:27.610+0000] {processor.py:161} INFO - Started process (PID=1425) to work on /home/airflow/.local/lib/python3.12/site-packages/airflow/example_dags/tutorial_dag.py
[2025-06-20T14:46:27.611+0000] {processor.py:830} INFO - Processing file /home/airflow/.local/lib/python3.12/site-packages/airflow/example_dags/tutorial_dag.py for tasks to queue
[2025-06-20T14:46:27.612+0000] {logging_mixin.py:188} INFO - [2025-06-20T14:46:27.612+0000] {dagbag.py:540} INFO - Filling up the DagBag from /home/airflow/.local/lib/python3.12/site-packages/airflow/example_dags/tutorial_dag.py
[2025-06-20T14:46:27.617+0000] {processor.py:840} INFO - DAG(s) 'tutorial_dag' retrieved from /home/airflow/.local/lib/python3.12/site-packages/airflow/example_dags/tutorial_dag.py
[2025-06-20T14:46:27.637+0000] {logging_mixin.py:188} INFO - [2025-06-20T14:46:27.637+0000] {dag.py:3096} INFO - Sync 1 DAGs
[2025-06-20T14:46:27.649+0000] {logging_mixin.py:188} INFO - [2025-06-20T14:46:27.649+0000] {dag.py:3954} INFO - Setting next_dagrun for tutorial_dag to None, run_after=None
[2025-06-20T14:46:27.664+0000] {processor.py:183} INFO - Processing /home/airflow/.local/lib/python3.12/site-packages/airflow/example_dags/tutorial_dag.py took 0.061 seconds
[2025-06-20T14:46:57.852+0000] {processor.py:161} INFO - Started process (PID=1483) to work on /home/airflow/.local/lib/python3.12/site-packages/airflow/example_dags/tutorial_dag.py
[2025-06-20T14:46:57.853+0000] {processor.py:830} INFO - Processing file /home/airflow/.local/lib/python3.12/site-packages/airflow/example_dags/tutorial_dag.py for tasks to queue
[2025-06-20T14:46:57.855+0000] {logging_mixin.py:188} INFO - [2025-06-20T14:46:57.855+0000] {dagbag.py:540} INFO - Filling up the DagBag from /home/airflow/.local/lib/python3.12/site-packages/airflow/example_dags/tutorial_dag.py
[2025-06-20T14:46:57.860+0000] {processor.py:840} INFO - DAG(s) 'tutorial_dag' retrieved from /home/airflow/.local/lib/python3.12/site-packages/airflow/example_dags/tutorial_dag.py
[2025-06-20T14:46:57.880+0000] {logging_mixin.py:188} INFO - [2025-06-20T14:46:57.879+0000] {dag.py:3096} INFO - Sync 1 DAGs
[2025-06-20T14:46:57.892+0000] {logging_mixin.py:188} INFO - [2025-06-20T14:46:57.891+0000] {dag.py:3954} INFO - Setting next_dagrun for tutorial_dag to None, run_after=None
[2025-06-20T14:46:57.907+0000] {processor.py:183} INFO - Processing /home/airflow/.local/lib/python3.12/site-packages/airflow/example_dags/tutorial_dag.py took 0.062 seconds
[2025-06-20T14:47:28.173+0000] {processor.py:161} INFO - Started process (PID=1541) to work on /home/airflow/.local/lib/python3.12/site-packages/airflow/example_dags/tutorial_dag.py
[2025-06-20T14:47:28.174+0000] {processor.py:830} INFO - Processing file /home/airflow/.local/lib/python3.12/site-packages/airflow/example_dags/tutorial_dag.py for tasks to queue
[2025-06-20T14:47:28.176+0000] {logging_mixin.py:188} INFO - [2025-06-20T14:47:28.176+0000] {dagbag.py:540} INFO - Filling up the DagBag from /home/airflow/.local/lib/python3.12/site-packages/airflow/example_dags/tutorial_dag.py
[2025-06-20T14:47:28.181+0000] {processor.py:840} INFO - DAG(s) 'tutorial_dag' retrieved from /home/airflow/.local/lib/python3.12/site-packages/airflow/example_dags/tutorial_dag.py
[2025-06-20T14:47:28.200+0000] {logging_mixin.py:188} INFO - [2025-06-20T14:47:28.200+0000] {dag.py:3096} INFO - Sync 1 DAGs
[2025-06-20T14:47:28.212+0000] {logging_mixin.py:188} INFO - [2025-06-20T14:47:28.211+0000] {dag.py:3954} INFO - Setting next_dagrun for tutorial_dag to None, run_after=None
[2025-06-20T14:47:28.227+0000] {processor.py:183} INFO - Processing /home/airflow/.local/lib/python3.12/site-packages/airflow/example_dags/tutorial_dag.py took 0.061 seconds
[2025-06-20T14:47:58.475+0000] {processor.py:161} INFO - Started process (PID=1599) to work on /home/airflow/.local/lib/python3.12/site-packages/airflow/example_dags/tutorial_dag.py
[2025-06-20T14:47:58.476+0000] {processor.py:830} INFO - Processing file /home/airflow/.local/lib/python3.12/site-packages/airflow/example_dags/tutorial_dag.py for tasks to queue
[2025-06-20T14:47:58.478+0000] {logging_mixin.py:188} INFO - [2025-06-20T14:47:58.478+0000] {dagbag.py:540} INFO - Filling up the DagBag from /home/airflow/.local/lib/python3.12/site-packages/airflow/example_dags/tutorial_dag.py
[2025-06-20T14:47:58.484+0000] {processor.py:840} INFO - DAG(s) 'tutorial_dag' retrieved from /home/airflow/.local/lib/python3.12/site-packages/airflow/example_dags/tutorial_dag.py
[2025-06-20T14:47:58.503+0000] {logging_mixin.py:188} INFO - [2025-06-20T14:47:58.503+0000] {dag.py:3096} INFO - Sync 1 DAGs
[2025-06-20T14:47:58.515+0000] {logging_mixin.py:188} INFO - [2025-06-20T14:47:58.515+0000] {dag.py:3954} INFO - Setting next_dagrun for tutorial_dag to None, run_after=None
[2025-06-20T14:47:58.530+0000] {processor.py:183} INFO - Processing /home/airflow/.local/lib/python3.12/site-packages/airflow/example_dags/tutorial_dag.py took 0.063 seconds
[2025-06-20T14:48:28.877+0000] {processor.py:161} INFO - Started process (PID=1657) to work on /home/airflow/.local/lib/python3.12/site-packages/airflow/example_dags/tutorial_dag.py
[2025-06-20T14:48:28.878+0000] {processor.py:830} INFO - Processing file /home/airflow/.local/lib/python3.12/site-packages/airflow/example_dags/tutorial_dag.py for tasks to queue
[2025-06-20T14:48:28.880+0000] {logging_mixin.py:188} INFO - [2025-06-20T14:48:28.880+0000] {dagbag.py:540} INFO - Filling up the DagBag from /home/airflow/.local/lib/python3.12/site-packages/airflow/example_dags/tutorial_dag.py
[2025-06-20T14:48:28.885+0000] {processor.py:840} INFO - DAG(s) 'tutorial_dag' retrieved from /home/airflow/.local/lib/python3.12/site-packages/airflow/example_dags/tutorial_dag.py
[2025-06-20T14:48:28.904+0000] {logging_mixin.py:188} INFO - [2025-06-20T14:48:28.904+0000] {dag.py:3096} INFO - Sync 1 DAGs
[2025-06-20T14:48:28.916+0000] {logging_mixin.py:188} INFO - [2025-06-20T14:48:28.916+0000] {dag.py:3954} INFO - Setting next_dagrun for tutorial_dag to None, run_after=None
[2025-06-20T14:48:28.931+0000] {processor.py:183} INFO - Processing /home/airflow/.local/lib/python3.12/site-packages/airflow/example_dags/tutorial_dag.py took 0.060 seconds
[2025-06-20T14:48:59.104+0000] {processor.py:161} INFO - Started process (PID=1715) to work on /home/airflow/.local/lib/python3.12/site-packages/airflow/example_dags/tutorial_dag.py
[2025-06-20T14:48:59.105+0000] {processor.py:830} INFO - Processing file /home/airflow/.local/lib/python3.12/site-packages/airflow/example_dags/tutorial_dag.py for tasks to queue
[2025-06-20T14:48:59.107+0000] {logging_mixin.py:188} INFO - [2025-06-20T14:48:59.106+0000] {dagbag.py:540} INFO - Filling up the DagBag from /home/airflow/.local/lib/python3.12/site-packages/airflow/example_dags/tutorial_dag.py
[2025-06-20T14:48:59.112+0000] {processor.py:840} INFO - DAG(s) 'tutorial_dag' retrieved from /home/airflow/.local/lib/python3.12/site-packages/airflow/example_dags/tutorial_dag.py
[2025-06-20T14:48:59.132+0000] {logging_mixin.py:188} INFO - [2025-06-20T14:48:59.132+0000] {dag.py:3096} INFO - Sync 1 DAGs
[2025-06-20T14:48:59.144+0000] {logging_mixin.py:188} INFO - [2025-06-20T14:48:59.143+0000] {dag.py:3954} INFO - Setting next_dagrun for tutorial_dag to None, run_after=None
[2025-06-20T14:48:59.159+0000] {processor.py:183} INFO - Processing /home/airflow/.local/lib/python3.12/site-packages/airflow/example_dags/tutorial_dag.py took 0.062 seconds
[2025-06-20T14:49:29.343+0000] {processor.py:161} INFO - Started process (PID=1773) to work on /home/airflow/.local/lib/python3.12/site-packages/airflow/example_dags/tutorial_dag.py
[2025-06-20T14:49:29.344+0000] {processor.py:830} INFO - Processing file /home/airflow/.local/lib/python3.12/site-packages/airflow/example_dags/tutorial_dag.py for tasks to queue
[2025-06-20T14:49:29.346+0000] {logging_mixin.py:188} INFO - [2025-06-20T14:49:29.346+0000] {dagbag.py:540} INFO - Filling up the DagBag from /home/airflow/.local/lib/python3.12/site-packages/airflow/example_dags/tutorial_dag.py
[2025-06-20T14:49:29.353+0000] {processor.py:840} INFO - DAG(s) 'tutorial_dag' retrieved from /home/airflow/.local/lib/python3.12/site-packages/airflow/example_dags/tutorial_dag.py
[2025-06-20T14:49:29.376+0000] {logging_mixin.py:188} INFO - [2025-06-20T14:49:29.376+0000] {dag.py:3096} INFO - Sync 1 DAGs
[2025-06-20T14:49:29.391+0000] {logging_mixin.py:188} INFO - [2025-06-20T14:49:29.390+0000] {dag.py:3954} INFO - Setting next_dagrun for tutorial_dag to None, run_after=None
[2025-06-20T14:49:29.411+0000] {processor.py:183} INFO - Processing /home/airflow/.local/lib/python3.12/site-packages/airflow/example_dags/tutorial_dag.py took 0.075 seconds
[2025-06-20T14:49:59.571+0000] {processor.py:161} INFO - Started process (PID=1831) to work on /home/airflow/.local/lib/python3.12/site-packages/airflow/example_dags/tutorial_dag.py
[2025-06-20T14:49:59.572+0000] {processor.py:830} INFO - Processing file /home/airflow/.local/lib/python3.12/site-packages/airflow/example_dags/tutorial_dag.py for tasks to queue
[2025-06-20T14:49:59.574+0000] {logging_mixin.py:188} INFO - [2025-06-20T14:49:59.573+0000] {dagbag.py:540} INFO - Filling up the DagBag from /home/airflow/.local/lib/python3.12/site-packages/airflow/example_dags/tutorial_dag.py
[2025-06-20T14:49:59.579+0000] {processor.py:840} INFO - DAG(s) 'tutorial_dag' retrieved from /home/airflow/.local/lib/python3.12/site-packages/airflow/example_dags/tutorial_dag.py
[2025-06-20T14:49:59.601+0000] {logging_mixin.py:188} INFO - [2025-06-20T14:49:59.601+0000] {dag.py:3096} INFO - Sync 1 DAGs
[2025-06-20T14:49:59.615+0000] {logging_mixin.py:188} INFO - [2025-06-20T14:49:59.614+0000] {dag.py:3954} INFO - Setting next_dagrun for tutorial_dag to None, run_after=None
[2025-06-20T14:49:59.634+0000] {processor.py:183} INFO - Processing /home/airflow/.local/lib/python3.12/site-packages/airflow/example_dags/tutorial_dag.py took 0.072 seconds
[2025-06-20T14:50:29.750+0000] {processor.py:161} INFO - Started process (PID=1889) to work on /home/airflow/.local/lib/python3.12/site-packages/airflow/example_dags/tutorial_dag.py
[2025-06-20T14:50:29.751+0000] {processor.py:830} INFO - Processing file /home/airflow/.local/lib/python3.12/site-packages/airflow/example_dags/tutorial_dag.py for tasks to queue
[2025-06-20T14:50:29.753+0000] {logging_mixin.py:188} INFO - [2025-06-20T14:50:29.752+0000] {dagbag.py:540} INFO - Filling up the DagBag from /home/airflow/.local/lib/python3.12/site-packages/airflow/example_dags/tutorial_dag.py
[2025-06-20T14:50:29.758+0000] {processor.py:840} INFO - DAG(s) 'tutorial_dag' retrieved from /home/airflow/.local/lib/python3.12/site-packages/airflow/example_dags/tutorial_dag.py
[2025-06-20T14:50:29.777+0000] {logging_mixin.py:188} INFO - [2025-06-20T14:50:29.776+0000] {dag.py:3096} INFO - Sync 1 DAGs
[2025-06-20T14:50:29.788+0000] {logging_mixin.py:188} INFO - [2025-06-20T14:50:29.788+0000] {dag.py:3954} INFO - Setting next_dagrun for tutorial_dag to None, run_after=None
[2025-06-20T14:50:29.804+0000] {processor.py:183} INFO - Processing /home/airflow/.local/lib/python3.12/site-packages/airflow/example_dags/tutorial_dag.py took 0.060 seconds
[2025-06-20T14:50:59.966+0000] {processor.py:161} INFO - Started process (PID=1947) to work on /home/airflow/.local/lib/python3.12/site-packages/airflow/example_dags/tutorial_dag.py
[2025-06-20T14:50:59.967+0000] {processor.py:830} INFO - Processing file /home/airflow/.local/lib/python3.12/site-packages/airflow/example_dags/tutorial_dag.py for tasks to queue
[2025-06-20T14:50:59.969+0000] {logging_mixin.py:188} INFO - [2025-06-20T14:50:59.969+0000] {dagbag.py:540} INFO - Filling up the DagBag from /home/airflow/.local/lib/python3.12/site-packages/airflow/example_dags/tutorial_dag.py
[2025-06-20T14:50:59.974+0000] {processor.py:840} INFO - DAG(s) 'tutorial_dag' retrieved from /home/airflow/.local/lib/python3.12/site-packages/airflow/example_dags/tutorial_dag.py
[2025-06-20T14:50:59.994+0000] {logging_mixin.py:188} INFO - [2025-06-20T14:50:59.993+0000] {dag.py:3096} INFO - Sync 1 DAGs
[2025-06-20T14:51:00.005+0000] {logging_mixin.py:188} INFO - [2025-06-20T14:51:00.005+0000] {dag.py:3954} INFO - Setting next_dagrun for tutorial_dag to None, run_after=None
[2025-06-20T14:51:00.021+0000] {processor.py:183} INFO - Processing /home/airflow/.local/lib/python3.12/site-packages/airflow/example_dags/tutorial_dag.py took 0.061 seconds
[2025-06-20T14:51:30.115+0000] {processor.py:161} INFO - Started process (PID=2005) to work on /home/airflow/.local/lib/python3.12/site-packages/airflow/example_dags/tutorial_dag.py
[2025-06-20T14:51:30.116+0000] {processor.py:830} INFO - Processing file /home/airflow/.local/lib/python3.12/site-packages/airflow/example_dags/tutorial_dag.py for tasks to queue
[2025-06-20T14:51:30.119+0000] {logging_mixin.py:188} INFO - [2025-06-20T14:51:30.118+0000] {dagbag.py:540} INFO - Filling up the DagBag from /home/airflow/.local/lib/python3.12/site-packages/airflow/example_dags/tutorial_dag.py
[2025-06-20T14:51:30.124+0000] {processor.py:840} INFO - DAG(s) 'tutorial_dag' retrieved from /home/airflow/.local/lib/python3.12/site-packages/airflow/example_dags/tutorial_dag.py
[2025-06-20T14:51:30.145+0000] {logging_mixin.py:188} INFO - [2025-06-20T14:51:30.145+0000] {dag.py:3096} INFO - Sync 1 DAGs
[2025-06-20T14:51:30.158+0000] {logging_mixin.py:188} INFO - [2025-06-20T14:51:30.158+0000] {dag.py:3954} INFO - Setting next_dagrun for tutorial_dag to None, run_after=None
[2025-06-20T14:51:30.176+0000] {processor.py:183} INFO - Processing /home/airflow/.local/lib/python3.12/site-packages/airflow/example_dags/tutorial_dag.py took 0.067 seconds
[2025-06-20T14:52:00.434+0000] {processor.py:161} INFO - Started process (PID=2063) to work on /home/airflow/.local/lib/python3.12/site-packages/airflow/example_dags/tutorial_dag.py
[2025-06-20T14:52:00.435+0000] {processor.py:830} INFO - Processing file /home/airflow/.local/lib/python3.12/site-packages/airflow/example_dags/tutorial_dag.py for tasks to queue
[2025-06-20T14:52:00.437+0000] {logging_mixin.py:188} INFO - [2025-06-20T14:52:00.437+0000] {dagbag.py:540} INFO - Filling up the DagBag from /home/airflow/.local/lib/python3.12/site-packages/airflow/example_dags/tutorial_dag.py
[2025-06-20T14:52:00.442+0000] {processor.py:840} INFO - DAG(s) 'tutorial_dag' retrieved from /home/airflow/.local/lib/python3.12/site-packages/airflow/example_dags/tutorial_dag.py
[2025-06-20T14:52:00.461+0000] {logging_mixin.py:188} INFO - [2025-06-20T14:52:00.461+0000] {dag.py:3096} INFO - Sync 1 DAGs
[2025-06-20T14:52:00.474+0000] {logging_mixin.py:188} INFO - [2025-06-20T14:52:00.474+0000] {dag.py:3954} INFO - Setting next_dagrun for tutorial_dag to None, run_after=None
[2025-06-20T14:52:00.490+0000] {processor.py:183} INFO - Processing /home/airflow/.local/lib/python3.12/site-packages/airflow/example_dags/tutorial_dag.py took 0.062 seconds
[2025-06-20T14:52:31.297+0000] {processor.py:161} INFO - Started process (PID=2121) to work on /home/airflow/.local/lib/python3.12/site-packages/airflow/example_dags/tutorial_dag.py
[2025-06-20T14:52:31.298+0000] {processor.py:830} INFO - Processing file /home/airflow/.local/lib/python3.12/site-packages/airflow/example_dags/tutorial_dag.py for tasks to queue
[2025-06-20T14:52:31.300+0000] {logging_mixin.py:188} INFO - [2025-06-20T14:52:31.300+0000] {dagbag.py:540} INFO - Filling up the DagBag from /home/airflow/.local/lib/python3.12/site-packages/airflow/example_dags/tutorial_dag.py
[2025-06-20T14:52:31.305+0000] {processor.py:840} INFO - DAG(s) 'tutorial_dag' retrieved from /home/airflow/.local/lib/python3.12/site-packages/airflow/example_dags/tutorial_dag.py
[2025-06-20T14:52:31.325+0000] {logging_mixin.py:188} INFO - [2025-06-20T14:52:31.325+0000] {dag.py:3096} INFO - Sync 1 DAGs
[2025-06-20T14:52:31.337+0000] {logging_mixin.py:188} INFO - [2025-06-20T14:52:31.337+0000] {dag.py:3954} INFO - Setting next_dagrun for tutorial_dag to None, run_after=None
[2025-06-20T14:52:31.353+0000] {processor.py:183} INFO - Processing /home/airflow/.local/lib/python3.12/site-packages/airflow/example_dags/tutorial_dag.py took 0.062 seconds
[2025-06-20T14:53:01.481+0000] {processor.py:161} INFO - Started process (PID=2179) to work on /home/airflow/.local/lib/python3.12/site-packages/airflow/example_dags/tutorial_dag.py
[2025-06-20T14:53:01.482+0000] {processor.py:830} INFO - Processing file /home/airflow/.local/lib/python3.12/site-packages/airflow/example_dags/tutorial_dag.py for tasks to queue
[2025-06-20T14:53:01.484+0000] {logging_mixin.py:188} INFO - [2025-06-20T14:53:01.484+0000] {dagbag.py:540} INFO - Filling up the DagBag from /home/airflow/.local/lib/python3.12/site-packages/airflow/example_dags/tutorial_dag.py
[2025-06-20T14:53:01.489+0000] {processor.py:840} INFO - DAG(s) 'tutorial_dag' retrieved from /home/airflow/.local/lib/python3.12/site-packages/airflow/example_dags/tutorial_dag.py
[2025-06-20T14:53:01.510+0000] {logging_mixin.py:188} INFO - [2025-06-20T14:53:01.510+0000] {dag.py:3096} INFO - Sync 1 DAGs
[2025-06-20T14:53:01.525+0000] {logging_mixin.py:188} INFO - [2025-06-20T14:53:01.525+0000] {dag.py:3954} INFO - Setting next_dagrun for tutorial_dag to None, run_after=None
[2025-06-20T14:53:01.541+0000] {processor.py:183} INFO - Processing /home/airflow/.local/lib/python3.12/site-packages/airflow/example_dags/tutorial_dag.py took 0.068 seconds
[2025-06-20T14:53:31.902+0000] {processor.py:161} INFO - Started process (PID=2237) to work on /home/airflow/.local/lib/python3.12/site-packages/airflow/example_dags/tutorial_dag.py
[2025-06-20T14:53:31.903+0000] {processor.py:830} INFO - Processing file /home/airflow/.local/lib/python3.12/site-packages/airflow/example_dags/tutorial_dag.py for tasks to queue
[2025-06-20T14:53:31.905+0000] {logging_mixin.py:188} INFO - [2025-06-20T14:53:31.905+0000] {dagbag.py:540} INFO - Filling up the DagBag from /home/airflow/.local/lib/python3.12/site-packages/airflow/example_dags/tutorial_dag.py
[2025-06-20T14:53:31.910+0000] {processor.py:840} INFO - DAG(s) 'tutorial_dag' retrieved from /home/airflow/.local/lib/python3.12/site-packages/airflow/example_dags/tutorial_dag.py
[2025-06-20T14:53:31.930+0000] {logging_mixin.py:188} INFO - [2025-06-20T14:53:31.930+0000] {dag.py:3096} INFO - Sync 1 DAGs
[2025-06-20T14:53:31.942+0000] {logging_mixin.py:188} INFO - [2025-06-20T14:53:31.942+0000] {dag.py:3954} INFO - Setting next_dagrun for tutorial_dag to None, run_after=None
[2025-06-20T14:53:31.958+0000] {processor.py:183} INFO - Processing /home/airflow/.local/lib/python3.12/site-packages/airflow/example_dags/tutorial_dag.py took 0.061 seconds
[2025-06-20T14:54:02.864+0000] {processor.py:161} INFO - Started process (PID=2295) to work on /home/airflow/.local/lib/python3.12/site-packages/airflow/example_dags/tutorial_dag.py
[2025-06-20T14:54:02.865+0000] {processor.py:830} INFO - Processing file /home/airflow/.local/lib/python3.12/site-packages/airflow/example_dags/tutorial_dag.py for tasks to queue
[2025-06-20T14:54:02.867+0000] {logging_mixin.py:188} INFO - [2025-06-20T14:54:02.867+0000] {dagbag.py:540} INFO - Filling up the DagBag from /home/airflow/.local/lib/python3.12/site-packages/airflow/example_dags/tutorial_dag.py
[2025-06-20T14:54:02.872+0000] {processor.py:840} INFO - DAG(s) 'tutorial_dag' retrieved from /home/airflow/.local/lib/python3.12/site-packages/airflow/example_dags/tutorial_dag.py
[2025-06-20T14:54:02.891+0000] {logging_mixin.py:188} INFO - [2025-06-20T14:54:02.891+0000] {dag.py:3096} INFO - Sync 1 DAGs
[2025-06-20T14:54:02.903+0000] {logging_mixin.py:188} INFO - [2025-06-20T14:54:02.903+0000] {dag.py:3954} INFO - Setting next_dagrun for tutorial_dag to None, run_after=None
[2025-06-20T14:54:02.919+0000] {processor.py:183} INFO - Processing /home/airflow/.local/lib/python3.12/site-packages/airflow/example_dags/tutorial_dag.py took 0.061 seconds
[2025-06-20T14:54:33.768+0000] {processor.py:161} INFO - Started process (PID=2353) to work on /home/airflow/.local/lib/python3.12/site-packages/airflow/example_dags/tutorial_dag.py
[2025-06-20T14:54:33.769+0000] {processor.py:830} INFO - Processing file /home/airflow/.local/lib/python3.12/site-packages/airflow/example_dags/tutorial_dag.py for tasks to queue
[2025-06-20T14:54:33.771+0000] {logging_mixin.py:188} INFO - [2025-06-20T14:54:33.771+0000] {dagbag.py:540} INFO - Filling up the DagBag from /home/airflow/.local/lib/python3.12/site-packages/airflow/example_dags/tutorial_dag.py
[2025-06-20T14:54:33.776+0000] {processor.py:840} INFO - DAG(s) 'tutorial_dag' retrieved from /home/airflow/.local/lib/python3.12/site-packages/airflow/example_dags/tutorial_dag.py
[2025-06-20T14:54:33.797+0000] {logging_mixin.py:188} INFO - [2025-06-20T14:54:33.797+0000] {dag.py:3096} INFO - Sync 1 DAGs
[2025-06-20T14:54:33.808+0000] {logging_mixin.py:188} INFO - [2025-06-20T14:54:33.808+0000] {dag.py:3954} INFO - Setting next_dagrun for tutorial_dag to None, run_after=None
[2025-06-20T14:54:33.824+0000] {processor.py:183} INFO - Processing /home/airflow/.local/lib/python3.12/site-packages/airflow/example_dags/tutorial_dag.py took 0.062 seconds
[2025-06-20T14:55:03.995+0000] {processor.py:161} INFO - Started process (PID=2412) to work on /home/airflow/.local/lib/python3.12/site-packages/airflow/example_dags/tutorial_dag.py
[2025-06-20T14:55:03.996+0000] {processor.py:830} INFO - Processing file /home/airflow/.local/lib/python3.12/site-packages/airflow/example_dags/tutorial_dag.py for tasks to queue
[2025-06-20T14:55:03.997+0000] {logging_mixin.py:188} INFO - [2025-06-20T14:55:03.997+0000] {dagbag.py:540} INFO - Filling up the DagBag from /home/airflow/.local/lib/python3.12/site-packages/airflow/example_dags/tutorial_dag.py
[2025-06-20T14:55:04.002+0000] {processor.py:840} INFO - DAG(s) 'tutorial_dag' retrieved from /home/airflow/.local/lib/python3.12/site-packages/airflow/example_dags/tutorial_dag.py
[2025-06-20T14:55:04.020+0000] {logging_mixin.py:188} INFO - [2025-06-20T14:55:04.020+0000] {dag.py:3096} INFO - Sync 1 DAGs
[2025-06-20T14:55:04.032+0000] {logging_mixin.py:188} INFO - [2025-06-20T14:55:04.032+0000] {dag.py:3954} INFO - Setting next_dagrun for tutorial_dag to None, run_after=None
[2025-06-20T14:55:04.047+0000] {processor.py:183} INFO - Processing /home/airflow/.local/lib/python3.12/site-packages/airflow/example_dags/tutorial_dag.py took 0.058 seconds
[2025-06-20T14:55:34.250+0000] {processor.py:161} INFO - Started process (PID=2471) to work on /home/airflow/.local/lib/python3.12/site-packages/airflow/example_dags/tutorial_dag.py
[2025-06-20T14:55:34.251+0000] {processor.py:830} INFO - Processing file /home/airflow/.local/lib/python3.12/site-packages/airflow/example_dags/tutorial_dag.py for tasks to queue
[2025-06-20T14:55:34.253+0000] {logging_mixin.py:188} INFO - [2025-06-20T14:55:34.252+0000] {dagbag.py:540} INFO - Filling up the DagBag from /home/airflow/.local/lib/python3.12/site-packages/airflow/example_dags/tutorial_dag.py
[2025-06-20T14:55:34.258+0000] {processor.py:840} INFO - DAG(s) 'tutorial_dag' retrieved from /home/airflow/.local/lib/python3.12/site-packages/airflow/example_dags/tutorial_dag.py
[2025-06-20T14:55:34.279+0000] {logging_mixin.py:188} INFO - [2025-06-20T14:55:34.279+0000] {dag.py:3096} INFO - Sync 1 DAGs
[2025-06-20T14:55:34.291+0000] {logging_mixin.py:188} INFO - [2025-06-20T14:55:34.291+0000] {dag.py:3954} INFO - Setting next_dagrun for tutorial_dag to None, run_after=None
[2025-06-20T14:55:34.308+0000] {processor.py:183} INFO - Processing /home/airflow/.local/lib/python3.12/site-packages/airflow/example_dags/tutorial_dag.py took 0.065 seconds
[2025-06-20T14:56:04.628+0000] {processor.py:161} INFO - Started process (PID=2530) to work on /home/airflow/.local/lib/python3.12/site-packages/airflow/example_dags/tutorial_dag.py
[2025-06-20T14:56:04.629+0000] {processor.py:830} INFO - Processing file /home/airflow/.local/lib/python3.12/site-packages/airflow/example_dags/tutorial_dag.py for tasks to queue
[2025-06-20T14:56:04.631+0000] {logging_mixin.py:188} INFO - [2025-06-20T14:56:04.631+0000] {dagbag.py:540} INFO - Filling up the DagBag from /home/airflow/.local/lib/python3.12/site-packages/airflow/example_dags/tutorial_dag.py
[2025-06-20T14:56:04.636+0000] {processor.py:840} INFO - DAG(s) 'tutorial_dag' retrieved from /home/airflow/.local/lib/python3.12/site-packages/airflow/example_dags/tutorial_dag.py
[2025-06-20T14:56:04.657+0000] {logging_mixin.py:188} INFO - [2025-06-20T14:56:04.657+0000] {dag.py:3096} INFO - Sync 1 DAGs
[2025-06-20T14:56:04.669+0000] {logging_mixin.py:188} INFO - [2025-06-20T14:56:04.669+0000] {dag.py:3954} INFO - Setting next_dagrun for tutorial_dag to None, run_after=None
[2025-06-20T14:56:04.686+0000] {processor.py:183} INFO - Processing /home/airflow/.local/lib/python3.12/site-packages/airflow/example_dags/tutorial_dag.py took 0.065 seconds
[2025-06-20T14:56:34.839+0000] {processor.py:161} INFO - Started process (PID=2589) to work on /home/airflow/.local/lib/python3.12/site-packages/airflow/example_dags/tutorial_dag.py
[2025-06-20T14:56:34.840+0000] {processor.py:830} INFO - Processing file /home/airflow/.local/lib/python3.12/site-packages/airflow/example_dags/tutorial_dag.py for tasks to queue
[2025-06-20T14:56:34.842+0000] {logging_mixin.py:188} INFO - [2025-06-20T14:56:34.842+0000] {dagbag.py:540} INFO - Filling up the DagBag from /home/airflow/.local/lib/python3.12/site-packages/airflow/example_dags/tutorial_dag.py
[2025-06-20T14:56:34.847+0000] {processor.py:840} INFO - DAG(s) 'tutorial_dag' retrieved from /home/airflow/.local/lib/python3.12/site-packages/airflow/example_dags/tutorial_dag.py
[2025-06-20T14:56:34.867+0000] {logging_mixin.py:188} INFO - [2025-06-20T14:56:34.867+0000] {dag.py:3096} INFO - Sync 1 DAGs
[2025-06-20T14:56:34.880+0000] {logging_mixin.py:188} INFO - [2025-06-20T14:56:34.879+0000] {dag.py:3954} INFO - Setting next_dagrun for tutorial_dag to None, run_after=None
[2025-06-20T14:56:34.895+0000] {processor.py:183} INFO - Processing /home/airflow/.local/lib/python3.12/site-packages/airflow/example_dags/tutorial_dag.py took 0.063 seconds
[2025-06-20T14:57:05.133+0000] {processor.py:161} INFO - Started process (PID=2648) to work on /home/airflow/.local/lib/python3.12/site-packages/airflow/example_dags/tutorial_dag.py
[2025-06-20T14:57:05.134+0000] {processor.py:830} INFO - Processing file /home/airflow/.local/lib/python3.12/site-packages/airflow/example_dags/tutorial_dag.py for tasks to queue
[2025-06-20T14:57:05.136+0000] {logging_mixin.py:188} INFO - [2025-06-20T14:57:05.135+0000] {dagbag.py:540} INFO - Filling up the DagBag from /home/airflow/.local/lib/python3.12/site-packages/airflow/example_dags/tutorial_dag.py
[2025-06-20T14:57:05.141+0000] {processor.py:840} INFO - DAG(s) 'tutorial_dag' retrieved from /home/airflow/.local/lib/python3.12/site-packages/airflow/example_dags/tutorial_dag.py
[2025-06-20T14:57:05.163+0000] {logging_mixin.py:188} INFO - [2025-06-20T14:57:05.162+0000] {dag.py:3096} INFO - Sync 1 DAGs
[2025-06-20T14:57:05.175+0000] {logging_mixin.py:188} INFO - [2025-06-20T14:57:05.174+0000] {dag.py:3954} INFO - Setting next_dagrun for tutorial_dag to None, run_after=None
[2025-06-20T14:57:05.191+0000] {processor.py:183} INFO - Processing /home/airflow/.local/lib/python3.12/site-packages/airflow/example_dags/tutorial_dag.py took 0.065 seconds
[2025-06-20T14:57:35.244+0000] {processor.py:161} INFO - Started process (PID=2706) to work on /home/airflow/.local/lib/python3.12/site-packages/airflow/example_dags/tutorial_dag.py
[2025-06-20T14:57:35.245+0000] {processor.py:830} INFO - Processing file /home/airflow/.local/lib/python3.12/site-packages/airflow/example_dags/tutorial_dag.py for tasks to queue
[2025-06-20T14:57:35.247+0000] {logging_mixin.py:188} INFO - [2025-06-20T14:57:35.246+0000] {dagbag.py:540} INFO - Filling up the DagBag from /home/airflow/.local/lib/python3.12/site-packages/airflow/example_dags/tutorial_dag.py
[2025-06-20T14:57:35.253+0000] {processor.py:840} INFO - DAG(s) 'tutorial_dag' retrieved from /home/airflow/.local/lib/python3.12/site-packages/airflow/example_dags/tutorial_dag.py
[2025-06-20T14:57:35.274+0000] {logging_mixin.py:188} INFO - [2025-06-20T14:57:35.274+0000] {dag.py:3096} INFO - Sync 1 DAGs
[2025-06-20T14:57:35.287+0000] {logging_mixin.py:188} INFO - [2025-06-20T14:57:35.287+0000] {dag.py:3954} INFO - Setting next_dagrun for tutorial_dag to None, run_after=None
[2025-06-20T14:57:35.304+0000] {processor.py:183} INFO - Processing /home/airflow/.local/lib/python3.12/site-packages/airflow/example_dags/tutorial_dag.py took 0.067 seconds
[2025-06-20T14:58:05.421+0000] {processor.py:161} INFO - Started process (PID=2765) to work on /home/airflow/.local/lib/python3.12/site-packages/airflow/example_dags/tutorial_dag.py
[2025-06-20T14:58:05.422+0000] {processor.py:830} INFO - Processing file /home/airflow/.local/lib/python3.12/site-packages/airflow/example_dags/tutorial_dag.py for tasks to queue
[2025-06-20T14:58:05.423+0000] {logging_mixin.py:188} INFO - [2025-06-20T14:58:05.423+0000] {dagbag.py:540} INFO - Filling up the DagBag from /home/airflow/.local/lib/python3.12/site-packages/airflow/example_dags/tutorial_dag.py
[2025-06-20T14:58:05.428+0000] {processor.py:840} INFO - DAG(s) 'tutorial_dag' retrieved from /home/airflow/.local/lib/python3.12/site-packages/airflow/example_dags/tutorial_dag.py
[2025-06-20T14:58:05.447+0000] {logging_mixin.py:188} INFO - [2025-06-20T14:58:05.447+0000] {dag.py:3096} INFO - Sync 1 DAGs
[2025-06-20T14:58:05.459+0000] {logging_mixin.py:188} INFO - [2025-06-20T14:58:05.459+0000] {dag.py:3954} INFO - Setting next_dagrun for tutorial_dag to None, run_after=None
[2025-06-20T14:58:05.474+0000] {processor.py:183} INFO - Processing /home/airflow/.local/lib/python3.12/site-packages/airflow/example_dags/tutorial_dag.py took 0.060 seconds
[2025-06-20T14:58:35.551+0000] {processor.py:161} INFO - Started process (PID=2823) to work on /home/airflow/.local/lib/python3.12/site-packages/airflow/example_dags/tutorial_dag.py
[2025-06-20T14:58:35.552+0000] {processor.py:830} INFO - Processing file /home/airflow/.local/lib/python3.12/site-packages/airflow/example_dags/tutorial_dag.py for tasks to queue
[2025-06-20T14:58:35.554+0000] {logging_mixin.py:188} INFO - [2025-06-20T14:58:35.553+0000] {dagbag.py:540} INFO - Filling up the DagBag from /home/airflow/.local/lib/python3.12/site-packages/airflow/example_dags/tutorial_dag.py
[2025-06-20T14:58:35.559+0000] {processor.py:840} INFO - DAG(s) 'tutorial_dag' retrieved from /home/airflow/.local/lib/python3.12/site-packages/airflow/example_dags/tutorial_dag.py
[2025-06-20T14:58:35.578+0000] {logging_mixin.py:188} INFO - [2025-06-20T14:58:35.578+0000] {dag.py:3096} INFO - Sync 1 DAGs
[2025-06-20T14:58:35.590+0000] {logging_mixin.py:188} INFO - [2025-06-20T14:58:35.590+0000] {dag.py:3954} INFO - Setting next_dagrun for tutorial_dag to None, run_after=None
[2025-06-20T14:58:35.605+0000] {processor.py:183} INFO - Processing /home/airflow/.local/lib/python3.12/site-packages/airflow/example_dags/tutorial_dag.py took 0.061 seconds
[2025-06-20T14:59:06.659+0000] {processor.py:161} INFO - Started process (PID=2882) to work on /home/airflow/.local/lib/python3.12/site-packages/airflow/example_dags/tutorial_dag.py
[2025-06-20T14:59:06.660+0000] {processor.py:830} INFO - Processing file /home/airflow/.local/lib/python3.12/site-packages/airflow/example_dags/tutorial_dag.py for tasks to queue
[2025-06-20T14:59:06.661+0000] {logging_mixin.py:188} INFO - [2025-06-20T14:59:06.661+0000] {dagbag.py:540} INFO - Filling up the DagBag from /home/airflow/.local/lib/python3.12/site-packages/airflow/example_dags/tutorial_dag.py
[2025-06-20T14:59:06.667+0000] {processor.py:840} INFO - DAG(s) 'tutorial_dag' retrieved from /home/airflow/.local/lib/python3.12/site-packages/airflow/example_dags/tutorial_dag.py
[2025-06-20T14:59:06.687+0000] {logging_mixin.py:188} INFO - [2025-06-20T14:59:06.687+0000] {dag.py:3096} INFO - Sync 1 DAGs
[2025-06-20T14:59:06.699+0000] {logging_mixin.py:188} INFO - [2025-06-20T14:59:06.699+0000] {dag.py:3954} INFO - Setting next_dagrun for tutorial_dag to None, run_after=None
[2025-06-20T14:59:06.717+0000] {processor.py:183} INFO - Processing /home/airflow/.local/lib/python3.12/site-packages/airflow/example_dags/tutorial_dag.py took 0.064 seconds
[2025-06-20T14:59:36.853+0000] {processor.py:161} INFO - Started process (PID=2941) to work on /home/airflow/.local/lib/python3.12/site-packages/airflow/example_dags/tutorial_dag.py
[2025-06-20T14:59:36.854+0000] {processor.py:830} INFO - Processing file /home/airflow/.local/lib/python3.12/site-packages/airflow/example_dags/tutorial_dag.py for tasks to queue
[2025-06-20T14:59:36.856+0000] {logging_mixin.py:188} INFO - [2025-06-20T14:59:36.856+0000] {dagbag.py:540} INFO - Filling up the DagBag from /home/airflow/.local/lib/python3.12/site-packages/airflow/example_dags/tutorial_dag.py
[2025-06-20T14:59:36.861+0000] {processor.py:840} INFO - DAG(s) 'tutorial_dag' retrieved from /home/airflow/.local/lib/python3.12/site-packages/airflow/example_dags/tutorial_dag.py
[2025-06-20T14:59:36.881+0000] {logging_mixin.py:188} INFO - [2025-06-20T14:59:36.880+0000] {dag.py:3096} INFO - Sync 1 DAGs
[2025-06-20T14:59:36.893+0000] {logging_mixin.py:188} INFO - [2025-06-20T14:59:36.892+0000] {dag.py:3954} INFO - Setting next_dagrun for tutorial_dag to None, run_after=None
[2025-06-20T14:59:36.908+0000] {processor.py:183} INFO - Processing /home/airflow/.local/lib/python3.12/site-packages/airflow/example_dags/tutorial_dag.py took 0.061 seconds
[2025-06-20T15:00:07.358+0000] {processor.py:161} INFO - Started process (PID=3000) to work on /home/airflow/.local/lib/python3.12/site-packages/airflow/example_dags/tutorial_dag.py
[2025-06-20T15:00:07.360+0000] {processor.py:830} INFO - Processing file /home/airflow/.local/lib/python3.12/site-packages/airflow/example_dags/tutorial_dag.py for tasks to queue
[2025-06-20T15:00:07.361+0000] {logging_mixin.py:188} INFO - [2025-06-20T15:00:07.361+0000] {dagbag.py:540} INFO - Filling up the DagBag from /home/airflow/.local/lib/python3.12/site-packages/airflow/example_dags/tutorial_dag.py
[2025-06-20T15:00:07.366+0000] {processor.py:840} INFO - DAG(s) 'tutorial_dag' retrieved from /home/airflow/.local/lib/python3.12/site-packages/airflow/example_dags/tutorial_dag.py
[2025-06-20T15:00:07.385+0000] {logging_mixin.py:188} INFO - [2025-06-20T15:00:07.385+0000] {dag.py:3096} INFO - Sync 1 DAGs
[2025-06-20T15:00:07.397+0000] {logging_mixin.py:188} INFO - [2025-06-20T15:00:07.397+0000] {dag.py:3954} INFO - Setting next_dagrun for tutorial_dag to None, run_after=None
[2025-06-20T15:00:07.412+0000] {processor.py:183} INFO - Processing /home/airflow/.local/lib/python3.12/site-packages/airflow/example_dags/tutorial_dag.py took 0.061 seconds
[2025-06-20T15:00:37.860+0000] {processor.py:161} INFO - Started process (PID=3059) to work on /home/airflow/.local/lib/python3.12/site-packages/airflow/example_dags/tutorial_dag.py
[2025-06-20T15:00:37.861+0000] {processor.py:830} INFO - Processing file /home/airflow/.local/lib/python3.12/site-packages/airflow/example_dags/tutorial_dag.py for tasks to queue
[2025-06-20T15:00:37.863+0000] {logging_mixin.py:188} INFO - [2025-06-20T15:00:37.862+0000] {dagbag.py:540} INFO - Filling up the DagBag from /home/airflow/.local/lib/python3.12/site-packages/airflow/example_dags/tutorial_dag.py
[2025-06-20T15:00:37.868+0000] {processor.py:840} INFO - DAG(s) 'tutorial_dag' retrieved from /home/airflow/.local/lib/python3.12/site-packages/airflow/example_dags/tutorial_dag.py
[2025-06-20T15:00:37.887+0000] {logging_mixin.py:188} INFO - [2025-06-20T15:00:37.887+0000] {dag.py:3096} INFO - Sync 1 DAGs
[2025-06-20T15:00:37.899+0000] {logging_mixin.py:188} INFO - [2025-06-20T15:00:37.899+0000] {dag.py:3954} INFO - Setting next_dagrun for tutorial_dag to None, run_after=None
[2025-06-20T15:00:37.918+0000] {processor.py:183} INFO - Processing /home/airflow/.local/lib/python3.12/site-packages/airflow/example_dags/tutorial_dag.py took 0.064 seconds
[2025-06-20T15:01:08.050+0000] {processor.py:161} INFO - Started process (PID=3118) to work on /home/airflow/.local/lib/python3.12/site-packages/airflow/example_dags/tutorial_dag.py
[2025-06-20T15:01:08.050+0000] {processor.py:830} INFO - Processing file /home/airflow/.local/lib/python3.12/site-packages/airflow/example_dags/tutorial_dag.py for tasks to queue
[2025-06-20T15:01:08.052+0000] {logging_mixin.py:188} INFO - [2025-06-20T15:01:08.052+0000] {dagbag.py:540} INFO - Filling up the DagBag from /home/airflow/.local/lib/python3.12/site-packages/airflow/example_dags/tutorial_dag.py
[2025-06-20T15:01:08.057+0000] {processor.py:840} INFO - DAG(s) 'tutorial_dag' retrieved from /home/airflow/.local/lib/python3.12/site-packages/airflow/example_dags/tutorial_dag.py
[2025-06-20T15:01:08.077+0000] {logging_mixin.py:188} INFO - [2025-06-20T15:01:08.077+0000] {dag.py:3096} INFO - Sync 1 DAGs
[2025-06-20T15:01:08.090+0000] {logging_mixin.py:188} INFO - [2025-06-20T15:01:08.090+0000] {dag.py:3954} INFO - Setting next_dagrun for tutorial_dag to None, run_after=None
[2025-06-20T15:01:08.106+0000] {processor.py:183} INFO - Processing /home/airflow/.local/lib/python3.12/site-packages/airflow/example_dags/tutorial_dag.py took 0.063 seconds
[2025-06-20T15:01:38.237+0000] {processor.py:161} INFO - Started process (PID=3177) to work on /home/airflow/.local/lib/python3.12/site-packages/airflow/example_dags/tutorial_dag.py
[2025-06-20T15:01:38.239+0000] {processor.py:830} INFO - Processing file /home/airflow/.local/lib/python3.12/site-packages/airflow/example_dags/tutorial_dag.py for tasks to queue
[2025-06-20T15:01:38.241+0000] {logging_mixin.py:188} INFO - [2025-06-20T15:01:38.241+0000] {dagbag.py:540} INFO - Filling up the DagBag from /home/airflow/.local/lib/python3.12/site-packages/airflow/example_dags/tutorial_dag.py
[2025-06-20T15:01:38.246+0000] {processor.py:840} INFO - DAG(s) 'tutorial_dag' retrieved from /home/airflow/.local/lib/python3.12/site-packages/airflow/example_dags/tutorial_dag.py
[2025-06-20T15:01:38.265+0000] {logging_mixin.py:188} INFO - [2025-06-20T15:01:38.265+0000] {dag.py:3096} INFO - Sync 1 DAGs
[2025-06-20T15:01:38.278+0000] {logging_mixin.py:188} INFO - [2025-06-20T15:01:38.278+0000] {dag.py:3954} INFO - Setting next_dagrun for tutorial_dag to None, run_after=None
[2025-06-20T15:01:38.293+0000] {processor.py:183} INFO - Processing /home/airflow/.local/lib/python3.12/site-packages/airflow/example_dags/tutorial_dag.py took 0.062 seconds
[2025-06-20T15:02:08.959+0000] {processor.py:161} INFO - Started process (PID=3236) to work on /home/airflow/.local/lib/python3.12/site-packages/airflow/example_dags/tutorial_dag.py
[2025-06-20T15:02:08.960+0000] {processor.py:830} INFO - Processing file /home/airflow/.local/lib/python3.12/site-packages/airflow/example_dags/tutorial_dag.py for tasks to queue
[2025-06-20T15:02:08.962+0000] {logging_mixin.py:188} INFO - [2025-06-20T15:02:08.961+0000] {dagbag.py:540} INFO - Filling up the DagBag from /home/airflow/.local/lib/python3.12/site-packages/airflow/example_dags/tutorial_dag.py
[2025-06-20T15:02:08.967+0000] {processor.py:840} INFO - DAG(s) 'tutorial_dag' retrieved from /home/airflow/.local/lib/python3.12/site-packages/airflow/example_dags/tutorial_dag.py
[2025-06-20T15:02:08.987+0000] {logging_mixin.py:188} INFO - [2025-06-20T15:02:08.987+0000] {dag.py:3096} INFO - Sync 1 DAGs
[2025-06-20T15:02:08.999+0000] {logging_mixin.py:188} INFO - [2025-06-20T15:02:08.998+0000] {dag.py:3954} INFO - Setting next_dagrun for tutorial_dag to None, run_after=None
[2025-06-20T15:02:09.015+0000] {processor.py:183} INFO - Processing /home/airflow/.local/lib/python3.12/site-packages/airflow/example_dags/tutorial_dag.py took 0.063 seconds
[2025-06-20T15:02:39.668+0000] {processor.py:161} INFO - Started process (PID=3295) to work on /home/airflow/.local/lib/python3.12/site-packages/airflow/example_dags/tutorial_dag.py
[2025-06-20T15:02:39.669+0000] {processor.py:830} INFO - Processing file /home/airflow/.local/lib/python3.12/site-packages/airflow/example_dags/tutorial_dag.py for tasks to queue
[2025-06-20T15:02:39.671+0000] {logging_mixin.py:188} INFO - [2025-06-20T15:02:39.671+0000] {dagbag.py:540} INFO - Filling up the DagBag from /home/airflow/.local/lib/python3.12/site-packages/airflow/example_dags/tutorial_dag.py
[2025-06-20T15:02:39.676+0000] {processor.py:840} INFO - DAG(s) 'tutorial_dag' retrieved from /home/airflow/.local/lib/python3.12/site-packages/airflow/example_dags/tutorial_dag.py
[2025-06-20T15:02:39.696+0000] {logging_mixin.py:188} INFO - [2025-06-20T15:02:39.696+0000] {dag.py:3096} INFO - Sync 1 DAGs
[2025-06-20T15:02:39.708+0000] {logging_mixin.py:188} INFO - [2025-06-20T15:02:39.707+0000] {dag.py:3954} INFO - Setting next_dagrun for tutorial_dag to None, run_after=None
[2025-06-20T15:02:39.723+0000] {processor.py:183} INFO - Processing /home/airflow/.local/lib/python3.12/site-packages/airflow/example_dags/tutorial_dag.py took 0.061 seconds
[2025-06-20T15:03:10.317+0000] {processor.py:161} INFO - Started process (PID=3354) to work on /home/airflow/.local/lib/python3.12/site-packages/airflow/example_dags/tutorial_dag.py
[2025-06-20T15:03:10.318+0000] {processor.py:830} INFO - Processing file /home/airflow/.local/lib/python3.12/site-packages/airflow/example_dags/tutorial_dag.py for tasks to queue
[2025-06-20T15:03:10.320+0000] {logging_mixin.py:188} INFO - [2025-06-20T15:03:10.320+0000] {dagbag.py:540} INFO - Filling up the DagBag from /home/airflow/.local/lib/python3.12/site-packages/airflow/example_dags/tutorial_dag.py
[2025-06-20T15:03:10.326+0000] {processor.py:840} INFO - DAG(s) 'tutorial_dag' retrieved from /home/airflow/.local/lib/python3.12/site-packages/airflow/example_dags/tutorial_dag.py
[2025-06-20T15:03:10.346+0000] {logging_mixin.py:188} INFO - [2025-06-20T15:03:10.346+0000] {dag.py:3096} INFO - Sync 1 DAGs
[2025-06-20T15:03:10.358+0000] {logging_mixin.py:188} INFO - [2025-06-20T15:03:10.358+0000] {dag.py:3954} INFO - Setting next_dagrun for tutorial_dag to None, run_after=None
[2025-06-20T15:03:10.374+0000] {processor.py:183} INFO - Processing /home/airflow/.local/lib/python3.12/site-packages/airflow/example_dags/tutorial_dag.py took 0.063 seconds
[2025-06-20T15:03:41.156+0000] {processor.py:161} INFO - Started process (PID=3413) to work on /home/airflow/.local/lib/python3.12/site-packages/airflow/example_dags/tutorial_dag.py
[2025-06-20T15:03:41.157+0000] {processor.py:830} INFO - Processing file /home/airflow/.local/lib/python3.12/site-packages/airflow/example_dags/tutorial_dag.py for tasks to queue
[2025-06-20T15:03:41.159+0000] {logging_mixin.py:188} INFO - [2025-06-20T15:03:41.159+0000] {dagbag.py:540} INFO - Filling up the DagBag from /home/airflow/.local/lib/python3.12/site-packages/airflow/example_dags/tutorial_dag.py
[2025-06-20T15:03:41.164+0000] {processor.py:840} INFO - DAG(s) 'tutorial_dag' retrieved from /home/airflow/.local/lib/python3.12/site-packages/airflow/example_dags/tutorial_dag.py
[2025-06-20T15:03:41.184+0000] {logging_mixin.py:188} INFO - [2025-06-20T15:03:41.184+0000] {dag.py:3096} INFO - Sync 1 DAGs
[2025-06-20T15:03:41.196+0000] {logging_mixin.py:188} INFO - [2025-06-20T15:03:41.195+0000] {dag.py:3954} INFO - Setting next_dagrun for tutorial_dag to None, run_after=None
[2025-06-20T15:03:41.211+0000] {processor.py:183} INFO - Processing /home/airflow/.local/lib/python3.12/site-packages/airflow/example_dags/tutorial_dag.py took 0.061 seconds
[2025-06-20T15:04:11.523+0000] {processor.py:161} INFO - Started process (PID=3472) to work on /home/airflow/.local/lib/python3.12/site-packages/airflow/example_dags/tutorial_dag.py
[2025-06-20T15:04:11.524+0000] {processor.py:830} INFO - Processing file /home/airflow/.local/lib/python3.12/site-packages/airflow/example_dags/tutorial_dag.py for tasks to queue
[2025-06-20T15:04:11.526+0000] {logging_mixin.py:188} INFO - [2025-06-20T15:04:11.526+0000] {dagbag.py:540} INFO - Filling up the DagBag from /home/airflow/.local/lib/python3.12/site-packages/airflow/example_dags/tutorial_dag.py
[2025-06-20T15:04:11.531+0000] {processor.py:840} INFO - DAG(s) 'tutorial_dag' retrieved from /home/airflow/.local/lib/python3.12/site-packages/airflow/example_dags/tutorial_dag.py
[2025-06-20T15:04:11.552+0000] {logging_mixin.py:188} INFO - [2025-06-20T15:04:11.551+0000] {dag.py:3096} INFO - Sync 1 DAGs
[2025-06-20T15:04:11.564+0000] {logging_mixin.py:188} INFO - [2025-06-20T15:04:11.564+0000] {dag.py:3954} INFO - Setting next_dagrun for tutorial_dag to None, run_after=None
[2025-06-20T15:04:11.579+0000] {processor.py:183} INFO - Processing /home/airflow/.local/lib/python3.12/site-packages/airflow/example_dags/tutorial_dag.py took 0.062 seconds
[2025-06-20T15:04:42.319+0000] {processor.py:161} INFO - Started process (PID=3531) to work on /home/airflow/.local/lib/python3.12/site-packages/airflow/example_dags/tutorial_dag.py
[2025-06-20T15:04:42.320+0000] {processor.py:830} INFO - Processing file /home/airflow/.local/lib/python3.12/site-packages/airflow/example_dags/tutorial_dag.py for tasks to queue
[2025-06-20T15:04:42.322+0000] {logging_mixin.py:188} INFO - [2025-06-20T15:04:42.321+0000] {dagbag.py:540} INFO - Filling up the DagBag from /home/airflow/.local/lib/python3.12/site-packages/airflow/example_dags/tutorial_dag.py
[2025-06-20T15:04:42.327+0000] {processor.py:840} INFO - DAG(s) 'tutorial_dag' retrieved from /home/airflow/.local/lib/python3.12/site-packages/airflow/example_dags/tutorial_dag.py
[2025-06-20T15:04:42.346+0000] {logging_mixin.py:188} INFO - [2025-06-20T15:04:42.346+0000] {dag.py:3096} INFO - Sync 1 DAGs
[2025-06-20T15:04:42.358+0000] {logging_mixin.py:188} INFO - [2025-06-20T15:04:42.358+0000] {dag.py:3954} INFO - Setting next_dagrun for tutorial_dag to None, run_after=None
[2025-06-20T15:04:42.374+0000] {processor.py:183} INFO - Processing /home/airflow/.local/lib/python3.12/site-packages/airflow/example_dags/tutorial_dag.py took 0.061 seconds
[2025-06-20T15:05:12.519+0000] {processor.py:161} INFO - Started process (PID=3590) to work on /home/airflow/.local/lib/python3.12/site-packages/airflow/example_dags/tutorial_dag.py
[2025-06-20T15:05:12.520+0000] {processor.py:830} INFO - Processing file /home/airflow/.local/lib/python3.12/site-packages/airflow/example_dags/tutorial_dag.py for tasks to queue
[2025-06-20T15:05:12.522+0000] {logging_mixin.py:188} INFO - [2025-06-20T15:05:12.521+0000] {dagbag.py:540} INFO - Filling up the DagBag from /home/airflow/.local/lib/python3.12/site-packages/airflow/example_dags/tutorial_dag.py
[2025-06-20T15:05:12.527+0000] {processor.py:840} INFO - DAG(s) 'tutorial_dag' retrieved from /home/airflow/.local/lib/python3.12/site-packages/airflow/example_dags/tutorial_dag.py
[2025-06-20T15:05:12.547+0000] {logging_mixin.py:188} INFO - [2025-06-20T15:05:12.547+0000] {dag.py:3096} INFO - Sync 1 DAGs
[2025-06-20T15:05:12.559+0000] {logging_mixin.py:188} INFO - [2025-06-20T15:05:12.559+0000] {dag.py:3954} INFO - Setting next_dagrun for tutorial_dag to None, run_after=None
[2025-06-20T15:05:12.575+0000] {processor.py:183} INFO - Processing /home/airflow/.local/lib/python3.12/site-packages/airflow/example_dags/tutorial_dag.py took 0.062 seconds
[2025-06-20T15:05:42.726+0000] {processor.py:161} INFO - Started process (PID=3649) to work on /home/airflow/.local/lib/python3.12/site-packages/airflow/example_dags/tutorial_dag.py
[2025-06-20T15:05:42.727+0000] {processor.py:830} INFO - Processing file /home/airflow/.local/lib/python3.12/site-packages/airflow/example_dags/tutorial_dag.py for tasks to queue
[2025-06-20T15:05:42.729+0000] {logging_mixin.py:188} INFO - [2025-06-20T15:05:42.729+0000] {dagbag.py:540} INFO - Filling up the DagBag from /home/airflow/.local/lib/python3.12/site-packages/airflow/example_dags/tutorial_dag.py
[2025-06-20T15:05:42.734+0000] {processor.py:840} INFO - DAG(s) 'tutorial_dag' retrieved from /home/airflow/.local/lib/python3.12/site-packages/airflow/example_dags/tutorial_dag.py
[2025-06-20T15:05:42.755+0000] {logging_mixin.py:188} INFO - [2025-06-20T15:05:42.755+0000] {dag.py:3096} INFO - Sync 1 DAGs
[2025-06-20T15:05:42.768+0000] {logging_mixin.py:188} INFO - [2025-06-20T15:05:42.767+0000] {dag.py:3954} INFO - Setting next_dagrun for tutorial_dag to None, run_after=None
[2025-06-20T15:05:42.783+0000] {processor.py:183} INFO - Processing /home/airflow/.local/lib/python3.12/site-packages/airflow/example_dags/tutorial_dag.py took 0.063 seconds
[2025-06-20T15:06:13.127+0000] {processor.py:161} INFO - Started process (PID=3708) to work on /home/airflow/.local/lib/python3.12/site-packages/airflow/example_dags/tutorial_dag.py
[2025-06-20T15:06:13.128+0000] {processor.py:830} INFO - Processing file /home/airflow/.local/lib/python3.12/site-packages/airflow/example_dags/tutorial_dag.py for tasks to queue
[2025-06-20T15:06:13.130+0000] {logging_mixin.py:188} INFO - [2025-06-20T15:06:13.129+0000] {dagbag.py:540} INFO - Filling up the DagBag from /home/airflow/.local/lib/python3.12/site-packages/airflow/example_dags/tutorial_dag.py
[2025-06-20T15:06:13.134+0000] {processor.py:840} INFO - DAG(s) 'tutorial_dag' retrieved from /home/airflow/.local/lib/python3.12/site-packages/airflow/example_dags/tutorial_dag.py
[2025-06-20T15:06:13.154+0000] {logging_mixin.py:188} INFO - [2025-06-20T15:06:13.154+0000] {dag.py:3096} INFO - Sync 1 DAGs
[2025-06-20T15:06:13.165+0000] {logging_mixin.py:188} INFO - [2025-06-20T15:06:13.165+0000] {dag.py:3954} INFO - Setting next_dagrun for tutorial_dag to None, run_after=None
[2025-06-20T15:06:13.181+0000] {processor.py:183} INFO - Processing /home/airflow/.local/lib/python3.12/site-packages/airflow/example_dags/tutorial_dag.py took 0.060 seconds
[2025-06-20T15:06:43.394+0000] {processor.py:161} INFO - Started process (PID=3767) to work on /home/airflow/.local/lib/python3.12/site-packages/airflow/example_dags/tutorial_dag.py
[2025-06-20T15:06:43.395+0000] {processor.py:830} INFO - Processing file /home/airflow/.local/lib/python3.12/site-packages/airflow/example_dags/tutorial_dag.py for tasks to queue
[2025-06-20T15:06:43.397+0000] {logging_mixin.py:188} INFO - [2025-06-20T15:06:43.396+0000] {dagbag.py:540} INFO - Filling up the DagBag from /home/airflow/.local/lib/python3.12/site-packages/airflow/example_dags/tutorial_dag.py
[2025-06-20T15:06:43.402+0000] {processor.py:840} INFO - DAG(s) 'tutorial_dag' retrieved from /home/airflow/.local/lib/python3.12/site-packages/airflow/example_dags/tutorial_dag.py
[2025-06-20T15:06:43.423+0000] {logging_mixin.py:188} INFO - [2025-06-20T15:06:43.423+0000] {dag.py:3096} INFO - Sync 1 DAGs
[2025-06-20T15:06:43.436+0000] {logging_mixin.py:188} INFO - [2025-06-20T15:06:43.435+0000] {dag.py:3954} INFO - Setting next_dagrun for tutorial_dag to None, run_after=None
[2025-06-20T15:06:43.453+0000] {processor.py:183} INFO - Processing /home/airflow/.local/lib/python3.12/site-packages/airflow/example_dags/tutorial_dag.py took 0.066 seconds
[2025-06-20T15:07:13.710+0000] {processor.py:161} INFO - Started process (PID=3826) to work on /home/airflow/.local/lib/python3.12/site-packages/airflow/example_dags/tutorial_dag.py
[2025-06-20T15:07:13.711+0000] {processor.py:830} INFO - Processing file /home/airflow/.local/lib/python3.12/site-packages/airflow/example_dags/tutorial_dag.py for tasks to queue
[2025-06-20T15:07:13.713+0000] {logging_mixin.py:188} INFO - [2025-06-20T15:07:13.713+0000] {dagbag.py:540} INFO - Filling up the DagBag from /home/airflow/.local/lib/python3.12/site-packages/airflow/example_dags/tutorial_dag.py
[2025-06-20T15:07:13.720+0000] {processor.py:840} INFO - DAG(s) 'tutorial_dag' retrieved from /home/airflow/.local/lib/python3.12/site-packages/airflow/example_dags/tutorial_dag.py
[2025-06-20T15:07:13.741+0000] {logging_mixin.py:188} INFO - [2025-06-20T15:07:13.741+0000] {dag.py:3096} INFO - Sync 1 DAGs
[2025-06-20T15:07:13.753+0000] {logging_mixin.py:188} INFO - [2025-06-20T15:07:13.753+0000] {dag.py:3954} INFO - Setting next_dagrun for tutorial_dag to None, run_after=None
[2025-06-20T15:07:13.770+0000] {processor.py:183} INFO - Processing /home/airflow/.local/lib/python3.12/site-packages/airflow/example_dags/tutorial_dag.py took 0.068 seconds
[2025-06-20T15:07:43.877+0000] {processor.py:161} INFO - Started process (PID=3885) to work on /home/airflow/.local/lib/python3.12/site-packages/airflow/example_dags/tutorial_dag.py
[2025-06-20T15:07:43.878+0000] {processor.py:830} INFO - Processing file /home/airflow/.local/lib/python3.12/site-packages/airflow/example_dags/tutorial_dag.py for tasks to queue
[2025-06-20T15:07:43.880+0000] {logging_mixin.py:188} INFO - [2025-06-20T15:07:43.880+0000] {dagbag.py:540} INFO - Filling up the DagBag from /home/airflow/.local/lib/python3.12/site-packages/airflow/example_dags/tutorial_dag.py
[2025-06-20T15:07:43.885+0000] {processor.py:840} INFO - DAG(s) 'tutorial_dag' retrieved from /home/airflow/.local/lib/python3.12/site-packages/airflow/example_dags/tutorial_dag.py
[2025-06-20T15:07:43.905+0000] {logging_mixin.py:188} INFO - [2025-06-20T15:07:43.905+0000] {dag.py:3096} INFO - Sync 1 DAGs
[2025-06-20T15:07:43.917+0000] {logging_mixin.py:188} INFO - [2025-06-20T15:07:43.917+0000] {dag.py:3954} INFO - Setting next_dagrun for tutorial_dag to None, run_after=None
[2025-06-20T15:07:43.933+0000] {processor.py:183} INFO - Processing /home/airflow/.local/lib/python3.12/site-packages/airflow/example_dags/tutorial_dag.py took 0.062 seconds
[2025-06-20T15:08:14.245+0000] {processor.py:161} INFO - Started process (PID=3944) to work on /home/airflow/.local/lib/python3.12/site-packages/airflow/example_dags/tutorial_dag.py
[2025-06-20T15:08:14.246+0000] {processor.py:830} INFO - Processing file /home/airflow/.local/lib/python3.12/site-packages/airflow/example_dags/tutorial_dag.py for tasks to queue
[2025-06-20T15:08:14.248+0000] {logging_mixin.py:188} INFO - [2025-06-20T15:08:14.248+0000] {dagbag.py:540} INFO - Filling up the DagBag from /home/airflow/.local/lib/python3.12/site-packages/airflow/example_dags/tutorial_dag.py
[2025-06-20T15:08:14.253+0000] {processor.py:840} INFO - DAG(s) 'tutorial_dag' retrieved from /home/airflow/.local/lib/python3.12/site-packages/airflow/example_dags/tutorial_dag.py
[2025-06-20T15:08:14.272+0000] {logging_mixin.py:188} INFO - [2025-06-20T15:08:14.272+0000] {dag.py:3096} INFO - Sync 1 DAGs
[2025-06-20T15:08:14.284+0000] {logging_mixin.py:188} INFO - [2025-06-20T15:08:14.284+0000] {dag.py:3954} INFO - Setting next_dagrun for tutorial_dag to None, run_after=None
[2025-06-20T15:08:14.300+0000] {processor.py:183} INFO - Processing /home/airflow/.local/lib/python3.12/site-packages/airflow/example_dags/tutorial_dag.py took 0.061 seconds
[2025-06-20T15:08:45.191+0000] {processor.py:161} INFO - Started process (PID=4003) to work on /home/airflow/.local/lib/python3.12/site-packages/airflow/example_dags/tutorial_dag.py
[2025-06-20T15:08:45.192+0000] {processor.py:830} INFO - Processing file /home/airflow/.local/lib/python3.12/site-packages/airflow/example_dags/tutorial_dag.py for tasks to queue
[2025-06-20T15:08:45.194+0000] {logging_mixin.py:188} INFO - [2025-06-20T15:08:45.194+0000] {dagbag.py:540} INFO - Filling up the DagBag from /home/airflow/.local/lib/python3.12/site-packages/airflow/example_dags/tutorial_dag.py
[2025-06-20T15:08:45.199+0000] {processor.py:840} INFO - DAG(s) 'tutorial_dag' retrieved from /home/airflow/.local/lib/python3.12/site-packages/airflow/example_dags/tutorial_dag.py
[2025-06-20T15:08:45.218+0000] {logging_mixin.py:188} INFO - [2025-06-20T15:08:45.218+0000] {dag.py:3096} INFO - Sync 1 DAGs
[2025-06-20T15:08:45.230+0000] {logging_mixin.py:188} INFO - [2025-06-20T15:08:45.230+0000] {dag.py:3954} INFO - Setting next_dagrun for tutorial_dag to None, run_after=None
[2025-06-20T15:08:45.246+0000] {processor.py:183} INFO - Processing /home/airflow/.local/lib/python3.12/site-packages/airflow/example_dags/tutorial_dag.py took 0.061 seconds
[2025-06-20T15:09:15.367+0000] {processor.py:161} INFO - Started process (PID=4062) to work on /home/airflow/.local/lib/python3.12/site-packages/airflow/example_dags/tutorial_dag.py
[2025-06-20T15:09:15.368+0000] {processor.py:830} INFO - Processing file /home/airflow/.local/lib/python3.12/site-packages/airflow/example_dags/tutorial_dag.py for tasks to queue
[2025-06-20T15:09:15.370+0000] {logging_mixin.py:188} INFO - [2025-06-20T15:09:15.369+0000] {dagbag.py:540} INFO - Filling up the DagBag from /home/airflow/.local/lib/python3.12/site-packages/airflow/example_dags/tutorial_dag.py
[2025-06-20T15:09:15.375+0000] {processor.py:840} INFO - DAG(s) 'tutorial_dag' retrieved from /home/airflow/.local/lib/python3.12/site-packages/airflow/example_dags/tutorial_dag.py
[2025-06-20T15:09:15.395+0000] {logging_mixin.py:188} INFO - [2025-06-20T15:09:15.395+0000] {dag.py:3096} INFO - Sync 1 DAGs
[2025-06-20T15:09:15.407+0000] {logging_mixin.py:188} INFO - [2025-06-20T15:09:15.407+0000] {dag.py:3954} INFO - Setting next_dagrun for tutorial_dag to None, run_after=None
[2025-06-20T15:09:15.423+0000] {processor.py:183} INFO - Processing /home/airflow/.local/lib/python3.12/site-packages/airflow/example_dags/tutorial_dag.py took 0.062 seconds
[2025-06-20T15:09:45.616+0000] {processor.py:161} INFO - Started process (PID=4121) to work on /home/airflow/.local/lib/python3.12/site-packages/airflow/example_dags/tutorial_dag.py
[2025-06-20T15:09:45.617+0000] {processor.py:830} INFO - Processing file /home/airflow/.local/lib/python3.12/site-packages/airflow/example_dags/tutorial_dag.py for tasks to queue
[2025-06-20T15:09:45.620+0000] {logging_mixin.py:188} INFO - [2025-06-20T15:09:45.619+0000] {dagbag.py:540} INFO - Filling up the DagBag from /home/airflow/.local/lib/python3.12/site-packages/airflow/example_dags/tutorial_dag.py
[2025-06-20T15:09:45.627+0000] {processor.py:840} INFO - DAG(s) 'tutorial_dag' retrieved from /home/airflow/.local/lib/python3.12/site-packages/airflow/example_dags/tutorial_dag.py
[2025-06-20T15:09:45.651+0000] {logging_mixin.py:188} INFO - [2025-06-20T15:09:45.651+0000] {dag.py:3096} INFO - Sync 1 DAGs
[2025-06-20T15:09:45.668+0000] {logging_mixin.py:188} INFO - [2025-06-20T15:09:45.668+0000] {dag.py:3954} INFO - Setting next_dagrun for tutorial_dag to None, run_after=None
[2025-06-20T15:09:45.687+0000] {processor.py:183} INFO - Processing /home/airflow/.local/lib/python3.12/site-packages/airflow/example_dags/tutorial_dag.py took 0.079 seconds
[2025-06-20T15:10:16.034+0000] {processor.py:161} INFO - Started process (PID=4180) to work on /home/airflow/.local/lib/python3.12/site-packages/airflow/example_dags/tutorial_dag.py
[2025-06-20T15:10:16.035+0000] {processor.py:830} INFO - Processing file /home/airflow/.local/lib/python3.12/site-packages/airflow/example_dags/tutorial_dag.py for tasks to queue
[2025-06-20T15:10:16.037+0000] {logging_mixin.py:188} INFO - [2025-06-20T15:10:16.037+0000] {dagbag.py:540} INFO - Filling up the DagBag from /home/airflow/.local/lib/python3.12/site-packages/airflow/example_dags/tutorial_dag.py
[2025-06-20T15:10:16.042+0000] {processor.py:840} INFO - DAG(s) 'tutorial_dag' retrieved from /home/airflow/.local/lib/python3.12/site-packages/airflow/example_dags/tutorial_dag.py
[2025-06-20T15:10:16.061+0000] {logging_mixin.py:188} INFO - [2025-06-20T15:10:16.061+0000] {dag.py:3096} INFO - Sync 1 DAGs
[2025-06-20T15:10:16.074+0000] {logging_mixin.py:188} INFO - [2025-06-20T15:10:16.073+0000] {dag.py:3954} INFO - Setting next_dagrun for tutorial_dag to None, run_after=None
[2025-06-20T15:10:16.089+0000] {processor.py:183} INFO - Processing /home/airflow/.local/lib/python3.12/site-packages/airflow/example_dags/tutorial_dag.py took 0.061 seconds
[2025-06-20T15:10:46.820+0000] {processor.py:161} INFO - Started process (PID=4239) to work on /home/airflow/.local/lib/python3.12/site-packages/airflow/example_dags/tutorial_dag.py
[2025-06-20T15:10:46.821+0000] {processor.py:830} INFO - Processing file /home/airflow/.local/lib/python3.12/site-packages/airflow/example_dags/tutorial_dag.py for tasks to queue
[2025-06-20T15:10:46.823+0000] {logging_mixin.py:188} INFO - [2025-06-20T15:10:46.822+0000] {dagbag.py:540} INFO - Filling up the DagBag from /home/airflow/.local/lib/python3.12/site-packages/airflow/example_dags/tutorial_dag.py
[2025-06-20T15:10:46.828+0000] {processor.py:840} INFO - DAG(s) 'tutorial_dag' retrieved from /home/airflow/.local/lib/python3.12/site-packages/airflow/example_dags/tutorial_dag.py
[2025-06-20T15:10:46.847+0000] {logging_mixin.py:188} INFO - [2025-06-20T15:10:46.847+0000] {dag.py:3096} INFO - Sync 1 DAGs
[2025-06-20T15:10:46.859+0000] {logging_mixin.py:188} INFO - [2025-06-20T15:10:46.859+0000] {dag.py:3954} INFO - Setting next_dagrun for tutorial_dag to None, run_after=None
[2025-06-20T15:10:46.874+0000] {processor.py:183} INFO - Processing /home/airflow/.local/lib/python3.12/site-packages/airflow/example_dags/tutorial_dag.py took 0.061 seconds
[2025-06-20T15:11:17.663+0000] {processor.py:161} INFO - Started process (PID=4298) to work on /home/airflow/.local/lib/python3.12/site-packages/airflow/example_dags/tutorial_dag.py
[2025-06-20T15:11:17.664+0000] {processor.py:830} INFO - Processing file /home/airflow/.local/lib/python3.12/site-packages/airflow/example_dags/tutorial_dag.py for tasks to queue
[2025-06-20T15:11:17.665+0000] {logging_mixin.py:188} INFO - [2025-06-20T15:11:17.665+0000] {dagbag.py:540} INFO - Filling up the DagBag from /home/airflow/.local/lib/python3.12/site-packages/airflow/example_dags/tutorial_dag.py
[2025-06-20T15:11:17.670+0000] {processor.py:840} INFO - DAG(s) 'tutorial_dag' retrieved from /home/airflow/.local/lib/python3.12/site-packages/airflow/example_dags/tutorial_dag.py
[2025-06-20T15:11:17.689+0000] {logging_mixin.py:188} INFO - [2025-06-20T15:11:17.689+0000] {dag.py:3096} INFO - Sync 1 DAGs
[2025-06-20T15:11:17.701+0000] {logging_mixin.py:188} INFO - [2025-06-20T15:11:17.701+0000] {dag.py:3954} INFO - Setting next_dagrun for tutorial_dag to None, run_after=None
[2025-06-20T15:11:17.719+0000] {processor.py:183} INFO - Processing /home/airflow/.local/lib/python3.12/site-packages/airflow/example_dags/tutorial_dag.py took 0.063 seconds
[2025-06-20T15:11:47.895+0000] {processor.py:161} INFO - Started process (PID=4357) to work on /home/airflow/.local/lib/python3.12/site-packages/airflow/example_dags/tutorial_dag.py
[2025-06-20T15:11:47.896+0000] {processor.py:830} INFO - Processing file /home/airflow/.local/lib/python3.12/site-packages/airflow/example_dags/tutorial_dag.py for tasks to queue
[2025-06-20T15:11:47.898+0000] {logging_mixin.py:188} INFO - [2025-06-20T15:11:47.897+0000] {dagbag.py:540} INFO - Filling up the DagBag from /home/airflow/.local/lib/python3.12/site-packages/airflow/example_dags/tutorial_dag.py
[2025-06-20T15:11:47.903+0000] {processor.py:840} INFO - DAG(s) 'tutorial_dag' retrieved from /home/airflow/.local/lib/python3.12/site-packages/airflow/example_dags/tutorial_dag.py
[2025-06-20T15:11:47.922+0000] {logging_mixin.py:188} INFO - [2025-06-20T15:11:47.922+0000] {dag.py:3096} INFO - Sync 1 DAGs
[2025-06-20T15:11:47.934+0000] {logging_mixin.py:188} INFO - [2025-06-20T15:11:47.934+0000] {dag.py:3954} INFO - Setting next_dagrun for tutorial_dag to None, run_after=None
[2025-06-20T15:11:47.950+0000] {processor.py:183} INFO - Processing /home/airflow/.local/lib/python3.12/site-packages/airflow/example_dags/tutorial_dag.py took 0.062 seconds
[2025-06-20T15:12:18.211+0000] {processor.py:161} INFO - Started process (PID=4416) to work on /home/airflow/.local/lib/python3.12/site-packages/airflow/example_dags/tutorial_dag.py
[2025-06-20T15:12:18.212+0000] {processor.py:830} INFO - Processing file /home/airflow/.local/lib/python3.12/site-packages/airflow/example_dags/tutorial_dag.py for tasks to queue
[2025-06-20T15:12:18.214+0000] {logging_mixin.py:188} INFO - [2025-06-20T15:12:18.214+0000] {dagbag.py:540} INFO - Filling up the DagBag from /home/airflow/.local/lib/python3.12/site-packages/airflow/example_dags/tutorial_dag.py
[2025-06-20T15:12:18.219+0000] {processor.py:840} INFO - DAG(s) 'tutorial_dag' retrieved from /home/airflow/.local/lib/python3.12/site-packages/airflow/example_dags/tutorial_dag.py
[2025-06-20T15:12:18.237+0000] {logging_mixin.py:188} INFO - [2025-06-20T15:12:18.237+0000] {dag.py:3096} INFO - Sync 1 DAGs
[2025-06-20T15:12:18.249+0000] {logging_mixin.py:188} INFO - [2025-06-20T15:12:18.249+0000] {dag.py:3954} INFO - Setting next_dagrun for tutorial_dag to None, run_after=None
[2025-06-20T15:12:18.267+0000] {processor.py:183} INFO - Processing /home/airflow/.local/lib/python3.12/site-packages/airflow/example_dags/tutorial_dag.py took 0.062 seconds
[2025-06-20T15:12:49.044+0000] {processor.py:161} INFO - Started process (PID=4475) to work on /home/airflow/.local/lib/python3.12/site-packages/airflow/example_dags/tutorial_dag.py
[2025-06-20T15:12:49.045+0000] {processor.py:830} INFO - Processing file /home/airflow/.local/lib/python3.12/site-packages/airflow/example_dags/tutorial_dag.py for tasks to queue
[2025-06-20T15:12:49.047+0000] {logging_mixin.py:188} INFO - [2025-06-20T15:12:49.046+0000] {dagbag.py:540} INFO - Filling up the DagBag from /home/airflow/.local/lib/python3.12/site-packages/airflow/example_dags/tutorial_dag.py
[2025-06-20T15:12:49.053+0000] {processor.py:840} INFO - DAG(s) 'tutorial_dag' retrieved from /home/airflow/.local/lib/python3.12/site-packages/airflow/example_dags/tutorial_dag.py
[2025-06-20T15:12:49.100+0000] {logging_mixin.py:188} INFO - [2025-06-20T15:12:49.100+0000] {dag.py:3096} INFO - Sync 1 DAGs
[2025-06-20T15:12:49.117+0000] {logging_mixin.py:188} INFO - [2025-06-20T15:12:49.117+0000] {dag.py:3954} INFO - Setting next_dagrun for tutorial_dag to None, run_after=None
[2025-06-20T15:12:49.135+0000] {processor.py:183} INFO - Processing /home/airflow/.local/lib/python3.12/site-packages/airflow/example_dags/tutorial_dag.py took 0.097 seconds
[2025-06-20T15:13:19.892+0000] {processor.py:161} INFO - Started process (PID=4534) to work on /home/airflow/.local/lib/python3.12/site-packages/airflow/example_dags/tutorial_dag.py
[2025-06-20T15:13:19.893+0000] {processor.py:830} INFO - Processing file /home/airflow/.local/lib/python3.12/site-packages/airflow/example_dags/tutorial_dag.py for tasks to queue
[2025-06-20T15:13:19.895+0000] {logging_mixin.py:188} INFO - [2025-06-20T15:13:19.895+0000] {dagbag.py:540} INFO - Filling up the DagBag from /home/airflow/.local/lib/python3.12/site-packages/airflow/example_dags/tutorial_dag.py
[2025-06-20T15:13:19.901+0000] {processor.py:840} INFO - DAG(s) 'tutorial_dag' retrieved from /home/airflow/.local/lib/python3.12/site-packages/airflow/example_dags/tutorial_dag.py
[2025-06-20T15:13:19.920+0000] {logging_mixin.py:188} INFO - [2025-06-20T15:13:19.920+0000] {dag.py:3096} INFO - Sync 1 DAGs
[2025-06-20T15:13:19.932+0000] {logging_mixin.py:188} INFO - [2025-06-20T15:13:19.932+0000] {dag.py:3954} INFO - Setting next_dagrun for tutorial_dag to None, run_after=None
[2025-06-20T15:13:19.948+0000] {processor.py:183} INFO - Processing /home/airflow/.local/lib/python3.12/site-packages/airflow/example_dags/tutorial_dag.py took 0.062 seconds
[2025-06-20T15:13:50.237+0000] {processor.py:161} INFO - Started process (PID=4593) to work on /home/airflow/.local/lib/python3.12/site-packages/airflow/example_dags/tutorial_dag.py
[2025-06-20T15:13:50.237+0000] {processor.py:830} INFO - Processing file /home/airflow/.local/lib/python3.12/site-packages/airflow/example_dags/tutorial_dag.py for tasks to queue
[2025-06-20T15:13:50.239+0000] {logging_mixin.py:188} INFO - [2025-06-20T15:13:50.239+0000] {dagbag.py:540} INFO - Filling up the DagBag from /home/airflow/.local/lib/python3.12/site-packages/airflow/example_dags/tutorial_dag.py
[2025-06-20T15:13:50.244+0000] {processor.py:840} INFO - DAG(s) 'tutorial_dag' retrieved from /home/airflow/.local/lib/python3.12/site-packages/airflow/example_dags/tutorial_dag.py
[2025-06-20T15:13:50.263+0000] {logging_mixin.py:188} INFO - [2025-06-20T15:13:50.263+0000] {dag.py:3096} INFO - Sync 1 DAGs
[2025-06-20T15:13:50.275+0000] {logging_mixin.py:188} INFO - [2025-06-20T15:13:50.275+0000] {dag.py:3954} INFO - Setting next_dagrun for tutorial_dag to None, run_after=None
[2025-06-20T15:13:50.290+0000] {processor.py:183} INFO - Processing /home/airflow/.local/lib/python3.12/site-packages/airflow/example_dags/tutorial_dag.py took 0.060 seconds
[2025-06-20T15:14:20.441+0000] {processor.py:161} INFO - Started process (PID=4652) to work on /home/airflow/.local/lib/python3.12/site-packages/airflow/example_dags/tutorial_dag.py
[2025-06-20T15:14:20.442+0000] {processor.py:830} INFO - Processing file /home/airflow/.local/lib/python3.12/site-packages/airflow/example_dags/tutorial_dag.py for tasks to queue
[2025-06-20T15:14:20.444+0000] {logging_mixin.py:188} INFO - [2025-06-20T15:14:20.444+0000] {dagbag.py:540} INFO - Filling up the DagBag from /home/airflow/.local/lib/python3.12/site-packages/airflow/example_dags/tutorial_dag.py
[2025-06-20T15:14:20.449+0000] {processor.py:840} INFO - DAG(s) 'tutorial_dag' retrieved from /home/airflow/.local/lib/python3.12/site-packages/airflow/example_dags/tutorial_dag.py
[2025-06-20T15:14:20.469+0000] {logging_mixin.py:188} INFO - [2025-06-20T15:14:20.468+0000] {dag.py:3096} INFO - Sync 1 DAGs
[2025-06-20T15:14:20.481+0000] {logging_mixin.py:188} INFO - [2025-06-20T15:14:20.480+0000] {dag.py:3954} INFO - Setting next_dagrun for tutorial_dag to None, run_after=None
[2025-06-20T15:14:20.497+0000] {processor.py:183} INFO - Processing /home/airflow/.local/lib/python3.12/site-packages/airflow/example_dags/tutorial_dag.py took 0.062 seconds
[2025-06-20T15:14:50.720+0000] {processor.py:161} INFO - Started process (PID=4711) to work on /home/airflow/.local/lib/python3.12/site-packages/airflow/example_dags/tutorial_dag.py
[2025-06-20T15:14:50.721+0000] {processor.py:830} INFO - Processing file /home/airflow/.local/lib/python3.12/site-packages/airflow/example_dags/tutorial_dag.py for tasks to queue
[2025-06-20T15:14:50.723+0000] {logging_mixin.py:188} INFO - [2025-06-20T15:14:50.723+0000] {dagbag.py:540} INFO - Filling up the DagBag from /home/airflow/.local/lib/python3.12/site-packages/airflow/example_dags/tutorial_dag.py
[2025-06-20T15:14:50.730+0000] {processor.py:840} INFO - DAG(s) 'tutorial_dag' retrieved from /home/airflow/.local/lib/python3.12/site-packages/airflow/example_dags/tutorial_dag.py
[2025-06-20T15:14:50.753+0000] {logging_mixin.py:188} INFO - [2025-06-20T15:14:50.753+0000] {dag.py:3096} INFO - Sync 1 DAGs
[2025-06-20T15:14:50.767+0000] {logging_mixin.py:188} INFO - [2025-06-20T15:14:50.767+0000] {dag.py:3954} INFO - Setting next_dagrun for tutorial_dag to None, run_after=None
[2025-06-20T15:14:50.785+0000] {processor.py:183} INFO - Processing /home/airflow/.local/lib/python3.12/site-packages/airflow/example_dags/tutorial_dag.py took 0.072 seconds
[2025-06-20T15:15:21.072+0000] {processor.py:161} INFO - Started process (PID=4770) to work on /home/airflow/.local/lib/python3.12/site-packages/airflow/example_dags/tutorial_dag.py
[2025-06-20T15:15:21.073+0000] {processor.py:830} INFO - Processing file /home/airflow/.local/lib/python3.12/site-packages/airflow/example_dags/tutorial_dag.py for tasks to queue
[2025-06-20T15:15:21.075+0000] {logging_mixin.py:188} INFO - [2025-06-20T15:15:21.075+0000] {dagbag.py:540} INFO - Filling up the DagBag from /home/airflow/.local/lib/python3.12/site-packages/airflow/example_dags/tutorial_dag.py
[2025-06-20T15:15:21.080+0000] {processor.py:840} INFO - DAG(s) 'tutorial_dag' retrieved from /home/airflow/.local/lib/python3.12/site-packages/airflow/example_dags/tutorial_dag.py
[2025-06-20T15:15:21.104+0000] {logging_mixin.py:188} INFO - [2025-06-20T15:15:21.104+0000] {dag.py:3096} INFO - Sync 1 DAGs
[2025-06-20T15:15:21.119+0000] {logging_mixin.py:188} INFO - [2025-06-20T15:15:21.119+0000] {dag.py:3954} INFO - Setting next_dagrun for tutorial_dag to None, run_after=None
[2025-06-20T15:15:21.135+0000] {processor.py:183} INFO - Processing /home/airflow/.local/lib/python3.12/site-packages/airflow/example_dags/tutorial_dag.py took 0.069 seconds
[2025-06-20T15:15:51.851+0000] {processor.py:161} INFO - Started process (PID=4829) to work on /home/airflow/.local/lib/python3.12/site-packages/airflow/example_dags/tutorial_dag.py
[2025-06-20T15:15:51.852+0000] {processor.py:830} INFO - Processing file /home/airflow/.local/lib/python3.12/site-packages/airflow/example_dags/tutorial_dag.py for tasks to queue
[2025-06-20T15:15:51.854+0000] {logging_mixin.py:188} INFO - [2025-06-20T15:15:51.854+0000] {dagbag.py:540} INFO - Filling up the DagBag from /home/airflow/.local/lib/python3.12/site-packages/airflow/example_dags/tutorial_dag.py
[2025-06-20T15:15:51.860+0000] {processor.py:840} INFO - DAG(s) 'tutorial_dag' retrieved from /home/airflow/.local/lib/python3.12/site-packages/airflow/example_dags/tutorial_dag.py
[2025-06-20T15:15:51.880+0000] {logging_mixin.py:188} INFO - [2025-06-20T15:15:51.880+0000] {dag.py:3096} INFO - Sync 1 DAGs
[2025-06-20T15:15:51.892+0000] {logging_mixin.py:188} INFO - [2025-06-20T15:15:51.892+0000] {dag.py:3954} INFO - Setting next_dagrun for tutorial_dag to None, run_after=None
[2025-06-20T15:15:51.907+0000] {processor.py:183} INFO - Processing /home/airflow/.local/lib/python3.12/site-packages/airflow/example_dags/tutorial_dag.py took 0.063 seconds
[2025-06-20T15:16:22.482+0000] {processor.py:161} INFO - Started process (PID=4888) to work on /home/airflow/.local/lib/python3.12/site-packages/airflow/example_dags/tutorial_dag.py
[2025-06-20T15:16:22.483+0000] {processor.py:830} INFO - Processing file /home/airflow/.local/lib/python3.12/site-packages/airflow/example_dags/tutorial_dag.py for tasks to queue
[2025-06-20T15:16:22.485+0000] {logging_mixin.py:188} INFO - [2025-06-20T15:16:22.484+0000] {dagbag.py:540} INFO - Filling up the DagBag from /home/airflow/.local/lib/python3.12/site-packages/airflow/example_dags/tutorial_dag.py
[2025-06-20T15:16:22.490+0000] {processor.py:840} INFO - DAG(s) 'tutorial_dag' retrieved from /home/airflow/.local/lib/python3.12/site-packages/airflow/example_dags/tutorial_dag.py
[2025-06-20T15:16:22.509+0000] {logging_mixin.py:188} INFO - [2025-06-20T15:16:22.509+0000] {dag.py:3096} INFO - Sync 1 DAGs
[2025-06-20T15:16:22.524+0000] {logging_mixin.py:188} INFO - [2025-06-20T15:16:22.524+0000] {dag.py:3954} INFO - Setting next_dagrun for tutorial_dag to None, run_after=None
[2025-06-20T15:16:22.543+0000] {processor.py:183} INFO - Processing /home/airflow/.local/lib/python3.12/site-packages/airflow/example_dags/tutorial_dag.py took 0.068 seconds
[2025-06-20T15:16:53.247+0000] {processor.py:161} INFO - Started process (PID=4947) to work on /home/airflow/.local/lib/python3.12/site-packages/airflow/example_dags/tutorial_dag.py
[2025-06-20T15:16:53.248+0000] {processor.py:830} INFO - Processing file /home/airflow/.local/lib/python3.12/site-packages/airflow/example_dags/tutorial_dag.py for tasks to queue
[2025-06-20T15:16:53.250+0000] {logging_mixin.py:188} INFO - [2025-06-20T15:16:53.250+0000] {dagbag.py:540} INFO - Filling up the DagBag from /home/airflow/.local/lib/python3.12/site-packages/airflow/example_dags/tutorial_dag.py
[2025-06-20T15:16:53.255+0000] {processor.py:840} INFO - DAG(s) 'tutorial_dag' retrieved from /home/airflow/.local/lib/python3.12/site-packages/airflow/example_dags/tutorial_dag.py
[2025-06-20T15:16:53.275+0000] {logging_mixin.py:188} INFO - [2025-06-20T15:16:53.275+0000] {dag.py:3096} INFO - Sync 1 DAGs
[2025-06-20T15:16:53.287+0000] {logging_mixin.py:188} INFO - [2025-06-20T15:16:53.287+0000] {dag.py:3954} INFO - Setting next_dagrun for tutorial_dag to None, run_after=None
[2025-06-20T15:16:53.302+0000] {processor.py:183} INFO - Processing /home/airflow/.local/lib/python3.12/site-packages/airflow/example_dags/tutorial_dag.py took 0.062 seconds
[2025-06-20T15:17:23.581+0000] {processor.py:161} INFO - Started process (PID=5006) to work on /home/airflow/.local/lib/python3.12/site-packages/airflow/example_dags/tutorial_dag.py
[2025-06-20T15:17:23.581+0000] {processor.py:830} INFO - Processing file /home/airflow/.local/lib/python3.12/site-packages/airflow/example_dags/tutorial_dag.py for tasks to queue
[2025-06-20T15:17:23.583+0000] {logging_mixin.py:188} INFO - [2025-06-20T15:17:23.583+0000] {dagbag.py:540} INFO - Filling up the DagBag from /home/airflow/.local/lib/python3.12/site-packages/airflow/example_dags/tutorial_dag.py
[2025-06-20T15:17:23.589+0000] {processor.py:840} INFO - DAG(s) 'tutorial_dag' retrieved from /home/airflow/.local/lib/python3.12/site-packages/airflow/example_dags/tutorial_dag.py
[2025-06-20T15:17:23.608+0000] {logging_mixin.py:188} INFO - [2025-06-20T15:17:23.607+0000] {dag.py:3096} INFO - Sync 1 DAGs
[2025-06-20T15:17:23.619+0000] {logging_mixin.py:188} INFO - [2025-06-20T15:17:23.619+0000] {dag.py:3954} INFO - Setting next_dagrun for tutorial_dag to None, run_after=None
[2025-06-20T15:17:23.635+0000] {processor.py:183} INFO - Processing /home/airflow/.local/lib/python3.12/site-packages/airflow/example_dags/tutorial_dag.py took 0.060 seconds
[2025-06-20T15:17:53.823+0000] {processor.py:161} INFO - Started process (PID=5065) to work on /home/airflow/.local/lib/python3.12/site-packages/airflow/example_dags/tutorial_dag.py
[2025-06-20T15:17:53.823+0000] {processor.py:830} INFO - Processing file /home/airflow/.local/lib/python3.12/site-packages/airflow/example_dags/tutorial_dag.py for tasks to queue
[2025-06-20T15:17:53.826+0000] {logging_mixin.py:188} INFO - [2025-06-20T15:17:53.825+0000] {dagbag.py:540} INFO - Filling up the DagBag from /home/airflow/.local/lib/python3.12/site-packages/airflow/example_dags/tutorial_dag.py
[2025-06-20T15:17:53.831+0000] {processor.py:840} INFO - DAG(s) 'tutorial_dag' retrieved from /home/airflow/.local/lib/python3.12/site-packages/airflow/example_dags/tutorial_dag.py
[2025-06-20T15:17:53.850+0000] {logging_mixin.py:188} INFO - [2025-06-20T15:17:53.850+0000] {dag.py:3096} INFO - Sync 1 DAGs
[2025-06-20T15:17:53.861+0000] {logging_mixin.py:188} INFO - [2025-06-20T15:17:53.861+0000] {dag.py:3954} INFO - Setting next_dagrun for tutorial_dag to None, run_after=None
[2025-06-20T15:17:53.877+0000] {processor.py:183} INFO - Processing /home/airflow/.local/lib/python3.12/site-packages/airflow/example_dags/tutorial_dag.py took 0.060 seconds
[2025-06-20T15:18:24.693+0000] {processor.py:161} INFO - Started process (PID=5124) to work on /home/airflow/.local/lib/python3.12/site-packages/airflow/example_dags/tutorial_dag.py
[2025-06-20T15:18:24.695+0000] {processor.py:830} INFO - Processing file /home/airflow/.local/lib/python3.12/site-packages/airflow/example_dags/tutorial_dag.py for tasks to queue
[2025-06-20T15:18:24.697+0000] {logging_mixin.py:188} INFO - [2025-06-20T15:18:24.696+0000] {dagbag.py:540} INFO - Filling up the DagBag from /home/airflow/.local/lib/python3.12/site-packages/airflow/example_dags/tutorial_dag.py
[2025-06-20T15:18:24.702+0000] {processor.py:840} INFO - DAG(s) 'tutorial_dag' retrieved from /home/airflow/.local/lib/python3.12/site-packages/airflow/example_dags/tutorial_dag.py
[2025-06-20T15:18:24.723+0000] {logging_mixin.py:188} INFO - [2025-06-20T15:18:24.722+0000] {dag.py:3096} INFO - Sync 1 DAGs
[2025-06-20T15:18:24.734+0000] {logging_mixin.py:188} INFO - [2025-06-20T15:18:24.734+0000] {dag.py:3954} INFO - Setting next_dagrun for tutorial_dag to None, run_after=None
[2025-06-20T15:18:24.751+0000] {processor.py:183} INFO - Processing /home/airflow/.local/lib/python3.12/site-packages/airflow/example_dags/tutorial_dag.py took 0.066 seconds
[2025-06-20T15:18:54.887+0000] {processor.py:161} INFO - Started process (PID=5190) to work on /home/airflow/.local/lib/python3.12/site-packages/airflow/example_dags/tutorial_dag.py
[2025-06-20T15:18:54.888+0000] {processor.py:830} INFO - Processing file /home/airflow/.local/lib/python3.12/site-packages/airflow/example_dags/tutorial_dag.py for tasks to queue
[2025-06-20T15:18:54.890+0000] {logging_mixin.py:188} INFO - [2025-06-20T15:18:54.889+0000] {dagbag.py:540} INFO - Filling up the DagBag from /home/airflow/.local/lib/python3.12/site-packages/airflow/example_dags/tutorial_dag.py
[2025-06-20T15:18:54.895+0000] {processor.py:840} INFO - DAG(s) 'tutorial_dag' retrieved from /home/airflow/.local/lib/python3.12/site-packages/airflow/example_dags/tutorial_dag.py
[2025-06-20T15:18:54.917+0000] {logging_mixin.py:188} INFO - [2025-06-20T15:18:54.917+0000] {dag.py:3096} INFO - Sync 1 DAGs
[2025-06-20T15:18:54.930+0000] {logging_mixin.py:188} INFO - [2025-06-20T15:18:54.930+0000] {dag.py:3954} INFO - Setting next_dagrun for tutorial_dag to None, run_after=None
[2025-06-20T15:18:54.947+0000] {processor.py:183} INFO - Processing /home/airflow/.local/lib/python3.12/site-packages/airflow/example_dags/tutorial_dag.py took 0.067 seconds
[2025-06-20T15:19:25.162+0000] {processor.py:161} INFO - Started process (PID=5249) to work on /home/airflow/.local/lib/python3.12/site-packages/airflow/example_dags/tutorial_dag.py
[2025-06-20T15:19:25.163+0000] {processor.py:830} INFO - Processing file /home/airflow/.local/lib/python3.12/site-packages/airflow/example_dags/tutorial_dag.py for tasks to queue
[2025-06-20T15:19:25.165+0000] {logging_mixin.py:188} INFO - [2025-06-20T15:19:25.165+0000] {dagbag.py:540} INFO - Filling up the DagBag from /home/airflow/.local/lib/python3.12/site-packages/airflow/example_dags/tutorial_dag.py
[2025-06-20T15:19:25.170+0000] {processor.py:840} INFO - DAG(s) 'tutorial_dag' retrieved from /home/airflow/.local/lib/python3.12/site-packages/airflow/example_dags/tutorial_dag.py
[2025-06-20T15:19:25.191+0000] {logging_mixin.py:188} INFO - [2025-06-20T15:19:25.191+0000] {dag.py:3096} INFO - Sync 1 DAGs
[2025-06-20T15:19:25.203+0000] {logging_mixin.py:188} INFO - [2025-06-20T15:19:25.203+0000] {dag.py:3954} INFO - Setting next_dagrun for tutorial_dag to None, run_after=None
[2025-06-20T15:19:25.219+0000] {processor.py:183} INFO - Processing /home/airflow/.local/lib/python3.12/site-packages/airflow/example_dags/tutorial_dag.py took 0.062 seconds
[2025-06-20T15:19:55.428+0000] {processor.py:161} INFO - Started process (PID=5308) to work on /home/airflow/.local/lib/python3.12/site-packages/airflow/example_dags/tutorial_dag.py
[2025-06-20T15:19:55.429+0000] {processor.py:830} INFO - Processing file /home/airflow/.local/lib/python3.12/site-packages/airflow/example_dags/tutorial_dag.py for tasks to queue
[2025-06-20T15:19:55.431+0000] {logging_mixin.py:188} INFO - [2025-06-20T15:19:55.431+0000] {dagbag.py:540} INFO - Filling up the DagBag from /home/airflow/.local/lib/python3.12/site-packages/airflow/example_dags/tutorial_dag.py
[2025-06-20T15:19:55.437+0000] {processor.py:840} INFO - DAG(s) 'tutorial_dag' retrieved from /home/airflow/.local/lib/python3.12/site-packages/airflow/example_dags/tutorial_dag.py
[2025-06-20T15:19:55.456+0000] {logging_mixin.py:188} INFO - [2025-06-20T15:19:55.456+0000] {dag.py:3096} INFO - Sync 1 DAGs
[2025-06-20T15:19:55.468+0000] {logging_mixin.py:188} INFO - [2025-06-20T15:19:55.468+0000] {dag.py:3954} INFO - Setting next_dagrun for tutorial_dag to None, run_after=None
[2025-06-20T15:19:55.484+0000] {processor.py:183} INFO - Processing /home/airflow/.local/lib/python3.12/site-packages/airflow/example_dags/tutorial_dag.py took 0.062 seconds
[2025-06-20T15:20:25.608+0000] {processor.py:161} INFO - Started process (PID=5367) to work on /home/airflow/.local/lib/python3.12/site-packages/airflow/example_dags/tutorial_dag.py
[2025-06-20T15:20:25.608+0000] {processor.py:830} INFO - Processing file /home/airflow/.local/lib/python3.12/site-packages/airflow/example_dags/tutorial_dag.py for tasks to queue
[2025-06-20T15:20:25.610+0000] {logging_mixin.py:188} INFO - [2025-06-20T15:20:25.610+0000] {dagbag.py:540} INFO - Filling up the DagBag from /home/airflow/.local/lib/python3.12/site-packages/airflow/example_dags/tutorial_dag.py
[2025-06-20T15:20:25.615+0000] {processor.py:840} INFO - DAG(s) 'tutorial_dag' retrieved from /home/airflow/.local/lib/python3.12/site-packages/airflow/example_dags/tutorial_dag.py
[2025-06-20T15:20:25.635+0000] {logging_mixin.py:188} INFO - [2025-06-20T15:20:25.635+0000] {dag.py:3096} INFO - Sync 1 DAGs
[2025-06-20T15:20:25.647+0000] {logging_mixin.py:188} INFO - [2025-06-20T15:20:25.647+0000] {dag.py:3954} INFO - Setting next_dagrun for tutorial_dag to None, run_after=None
[2025-06-20T15:20:25.662+0000] {processor.py:183} INFO - Processing /home/airflow/.local/lib/python3.12/site-packages/airflow/example_dags/tutorial_dag.py took 0.061 seconds
[2025-06-20T15:20:55.929+0000] {processor.py:161} INFO - Started process (PID=5426) to work on /home/airflow/.local/lib/python3.12/site-packages/airflow/example_dags/tutorial_dag.py
[2025-06-20T15:20:55.930+0000] {processor.py:830} INFO - Processing file /home/airflow/.local/lib/python3.12/site-packages/airflow/example_dags/tutorial_dag.py for tasks to queue
[2025-06-20T15:20:55.932+0000] {logging_mixin.py:188} INFO - [2025-06-20T15:20:55.932+0000] {dagbag.py:540} INFO - Filling up the DagBag from /home/airflow/.local/lib/python3.12/site-packages/airflow/example_dags/tutorial_dag.py
[2025-06-20T15:20:55.938+0000] {processor.py:840} INFO - DAG(s) 'tutorial_dag' retrieved from /home/airflow/.local/lib/python3.12/site-packages/airflow/example_dags/tutorial_dag.py
[2025-06-20T15:20:55.957+0000] {logging_mixin.py:188} INFO - [2025-06-20T15:20:55.957+0000] {dag.py:3096} INFO - Sync 1 DAGs
[2025-06-20T15:20:55.969+0000] {logging_mixin.py:188} INFO - [2025-06-20T15:20:55.969+0000] {dag.py:3954} INFO - Setting next_dagrun for tutorial_dag to None, run_after=None
[2025-06-20T15:20:55.985+0000] {processor.py:183} INFO - Processing /home/airflow/.local/lib/python3.12/site-packages/airflow/example_dags/tutorial_dag.py took 0.063 seconds
[2025-06-20T15:21:26.250+0000] {processor.py:161} INFO - Started process (PID=5485) to work on /home/airflow/.local/lib/python3.12/site-packages/airflow/example_dags/tutorial_dag.py
[2025-06-20T15:21:26.251+0000] {processor.py:830} INFO - Processing file /home/airflow/.local/lib/python3.12/site-packages/airflow/example_dags/tutorial_dag.py for tasks to queue
[2025-06-20T15:21:26.253+0000] {logging_mixin.py:188} INFO - [2025-06-20T15:21:26.253+0000] {dagbag.py:540} INFO - Filling up the DagBag from /home/airflow/.local/lib/python3.12/site-packages/airflow/example_dags/tutorial_dag.py
[2025-06-20T15:21:26.261+0000] {processor.py:840} INFO - DAG(s) 'tutorial_dag' retrieved from /home/airflow/.local/lib/python3.12/site-packages/airflow/example_dags/tutorial_dag.py
[2025-06-20T15:21:26.285+0000] {logging_mixin.py:188} INFO - [2025-06-20T15:21:26.285+0000] {dag.py:3096} INFO - Sync 1 DAGs
[2025-06-20T15:21:26.298+0000] {logging_mixin.py:188} INFO - [2025-06-20T15:21:26.298+0000] {dag.py:3954} INFO - Setting next_dagrun for tutorial_dag to None, run_after=None
[2025-06-20T15:21:26.315+0000] {processor.py:183} INFO - Processing /home/airflow/.local/lib/python3.12/site-packages/airflow/example_dags/tutorial_dag.py took 0.072 seconds
[2025-06-20T15:21:56.471+0000] {processor.py:161} INFO - Started process (PID=5544) to work on /home/airflow/.local/lib/python3.12/site-packages/airflow/example_dags/tutorial_dag.py
[2025-06-20T15:21:56.472+0000] {processor.py:830} INFO - Processing file /home/airflow/.local/lib/python3.12/site-packages/airflow/example_dags/tutorial_dag.py for tasks to queue
[2025-06-20T15:21:56.474+0000] {logging_mixin.py:188} INFO - [2025-06-20T15:21:56.473+0000] {dagbag.py:540} INFO - Filling up the DagBag from /home/airflow/.local/lib/python3.12/site-packages/airflow/example_dags/tutorial_dag.py
[2025-06-20T15:21:56.479+0000] {processor.py:840} INFO - DAG(s) 'tutorial_dag' retrieved from /home/airflow/.local/lib/python3.12/site-packages/airflow/example_dags/tutorial_dag.py
[2025-06-20T15:21:56.499+0000] {logging_mixin.py:188} INFO - [2025-06-20T15:21:56.499+0000] {dag.py:3096} INFO - Sync 1 DAGs
[2025-06-20T15:21:56.511+0000] {logging_mixin.py:188} INFO - [2025-06-20T15:21:56.511+0000] {dag.py:3954} INFO - Setting next_dagrun for tutorial_dag to None, run_after=None
[2025-06-20T15:21:56.527+0000] {processor.py:183} INFO - Processing /home/airflow/.local/lib/python3.12/site-packages/airflow/example_dags/tutorial_dag.py took 0.063 seconds
[2025-06-20T15:22:26.919+0000] {processor.py:161} INFO - Started process (PID=5603) to work on /home/airflow/.local/lib/python3.12/site-packages/airflow/example_dags/tutorial_dag.py
[2025-06-20T15:22:26.920+0000] {processor.py:830} INFO - Processing file /home/airflow/.local/lib/python3.12/site-packages/airflow/example_dags/tutorial_dag.py for tasks to queue
[2025-06-20T15:22:26.922+0000] {logging_mixin.py:188} INFO - [2025-06-20T15:22:26.921+0000] {dagbag.py:540} INFO - Filling up the DagBag from /home/airflow/.local/lib/python3.12/site-packages/airflow/example_dags/tutorial_dag.py
[2025-06-20T15:22:26.927+0000] {processor.py:840} INFO - DAG(s) 'tutorial_dag' retrieved from /home/airflow/.local/lib/python3.12/site-packages/airflow/example_dags/tutorial_dag.py
[2025-06-20T15:22:26.945+0000] {logging_mixin.py:188} INFO - [2025-06-20T15:22:26.945+0000] {dag.py:3096} INFO - Sync 1 DAGs
[2025-06-20T15:22:26.957+0000] {logging_mixin.py:188} INFO - [2025-06-20T15:22:26.957+0000] {dag.py:3954} INFO - Setting next_dagrun for tutorial_dag to None, run_after=None
[2025-06-20T15:22:26.972+0000] {processor.py:183} INFO - Processing /home/airflow/.local/lib/python3.12/site-packages/airflow/example_dags/tutorial_dag.py took 0.059 seconds
[2025-06-20T15:22:57.685+0000] {processor.py:161} INFO - Started process (PID=5660) to work on /home/airflow/.local/lib/python3.12/site-packages/airflow/example_dags/tutorial_dag.py
[2025-06-20T15:22:57.686+0000] {processor.py:830} INFO - Processing file /home/airflow/.local/lib/python3.12/site-packages/airflow/example_dags/tutorial_dag.py for tasks to queue
[2025-06-20T15:22:57.687+0000] {logging_mixin.py:188} INFO - [2025-06-20T15:22:57.687+0000] {dagbag.py:540} INFO - Filling up the DagBag from /home/airflow/.local/lib/python3.12/site-packages/airflow/example_dags/tutorial_dag.py
[2025-06-20T15:22:57.693+0000] {processor.py:840} INFO - DAG(s) 'tutorial_dag' retrieved from /home/airflow/.local/lib/python3.12/site-packages/airflow/example_dags/tutorial_dag.py
[2025-06-20T15:22:57.713+0000] {logging_mixin.py:188} INFO - [2025-06-20T15:22:57.712+0000] {dag.py:3096} INFO - Sync 1 DAGs
[2025-06-20T15:22:57.725+0000] {logging_mixin.py:188} INFO - [2025-06-20T15:22:57.724+0000] {dag.py:3954} INFO - Setting next_dagrun for tutorial_dag to None, run_after=None
[2025-06-20T15:22:57.740+0000] {processor.py:183} INFO - Processing /home/airflow/.local/lib/python3.12/site-packages/airflow/example_dags/tutorial_dag.py took 0.063 seconds
[2025-06-20T15:23:27.837+0000] {processor.py:161} INFO - Started process (PID=5719) to work on /home/airflow/.local/lib/python3.12/site-packages/airflow/example_dags/tutorial_dag.py
[2025-06-20T15:23:27.838+0000] {processor.py:830} INFO - Processing file /home/airflow/.local/lib/python3.12/site-packages/airflow/example_dags/tutorial_dag.py for tasks to queue
[2025-06-20T15:23:27.840+0000] {logging_mixin.py:188} INFO - [2025-06-20T15:23:27.840+0000] {dagbag.py:540} INFO - Filling up the DagBag from /home/airflow/.local/lib/python3.12/site-packages/airflow/example_dags/tutorial_dag.py
[2025-06-20T15:23:27.845+0000] {processor.py:840} INFO - DAG(s) 'tutorial_dag' retrieved from /home/airflow/.local/lib/python3.12/site-packages/airflow/example_dags/tutorial_dag.py
[2025-06-20T15:23:27.864+0000] {logging_mixin.py:188} INFO - [2025-06-20T15:23:27.864+0000] {dag.py:3096} INFO - Sync 1 DAGs
[2025-06-20T15:23:27.876+0000] {logging_mixin.py:188} INFO - [2025-06-20T15:23:27.876+0000] {dag.py:3954} INFO - Setting next_dagrun for tutorial_dag to None, run_after=None
[2025-06-20T15:23:27.892+0000] {processor.py:183} INFO - Processing /home/airflow/.local/lib/python3.12/site-packages/airflow/example_dags/tutorial_dag.py took 0.061 seconds
[2025-06-20T15:23:58.159+0000] {processor.py:161} INFO - Started process (PID=5778) to work on /home/airflow/.local/lib/python3.12/site-packages/airflow/example_dags/tutorial_dag.py
[2025-06-20T15:23:58.160+0000] {processor.py:830} INFO - Processing file /home/airflow/.local/lib/python3.12/site-packages/airflow/example_dags/tutorial_dag.py for tasks to queue
[2025-06-20T15:23:58.162+0000] {logging_mixin.py:188} INFO - [2025-06-20T15:23:58.162+0000] {dagbag.py:540} INFO - Filling up the DagBag from /home/airflow/.local/lib/python3.12/site-packages/airflow/example_dags/tutorial_dag.py
[2025-06-20T15:23:58.168+0000] {processor.py:840} INFO - DAG(s) 'tutorial_dag' retrieved from /home/airflow/.local/lib/python3.12/site-packages/airflow/example_dags/tutorial_dag.py
[2025-06-20T15:23:58.188+0000] {logging_mixin.py:188} INFO - [2025-06-20T15:23:58.188+0000] {dag.py:3096} INFO - Sync 1 DAGs
[2025-06-20T15:23:58.200+0000] {logging_mixin.py:188} INFO - [2025-06-20T15:23:58.200+0000] {dag.py:3954} INFO - Setting next_dagrun for tutorial_dag to None, run_after=None
[2025-06-20T15:23:58.216+0000] {processor.py:183} INFO - Processing /home/airflow/.local/lib/python3.12/site-packages/airflow/example_dags/tutorial_dag.py took 0.063 seconds
[2025-06-20T15:24:28.413+0000] {processor.py:161} INFO - Started process (PID=5837) to work on /home/airflow/.local/lib/python3.12/site-packages/airflow/example_dags/tutorial_dag.py
[2025-06-20T15:24:28.414+0000] {processor.py:830} INFO - Processing file /home/airflow/.local/lib/python3.12/site-packages/airflow/example_dags/tutorial_dag.py for tasks to queue
[2025-06-20T15:24:28.416+0000] {logging_mixin.py:188} INFO - [2025-06-20T15:24:28.415+0000] {dagbag.py:540} INFO - Filling up the DagBag from /home/airflow/.local/lib/python3.12/site-packages/airflow/example_dags/tutorial_dag.py
[2025-06-20T15:24:28.421+0000] {processor.py:840} INFO - DAG(s) 'tutorial_dag' retrieved from /home/airflow/.local/lib/python3.12/site-packages/airflow/example_dags/tutorial_dag.py
[2025-06-20T15:24:28.440+0000] {logging_mixin.py:188} INFO - [2025-06-20T15:24:28.440+0000] {dag.py:3096} INFO - Sync 1 DAGs
[2025-06-20T15:24:28.452+0000] {logging_mixin.py:188} INFO - [2025-06-20T15:24:28.452+0000] {dag.py:3954} INFO - Setting next_dagrun for tutorial_dag to None, run_after=None
[2025-06-20T15:24:28.467+0000] {processor.py:183} INFO - Processing /home/airflow/.local/lib/python3.12/site-packages/airflow/example_dags/tutorial_dag.py took 0.061 seconds
[2025-06-20T15:24:58.668+0000] {processor.py:161} INFO - Started process (PID=5896) to work on /home/airflow/.local/lib/python3.12/site-packages/airflow/example_dags/tutorial_dag.py
[2025-06-20T15:24:58.669+0000] {processor.py:830} INFO - Processing file /home/airflow/.local/lib/python3.12/site-packages/airflow/example_dags/tutorial_dag.py for tasks to queue
[2025-06-20T15:24:58.671+0000] {logging_mixin.py:188} INFO - [2025-06-20T15:24:58.671+0000] {dagbag.py:540} INFO - Filling up the DagBag from /home/airflow/.local/lib/python3.12/site-packages/airflow/example_dags/tutorial_dag.py
[2025-06-20T15:24:58.677+0000] {processor.py:840} INFO - DAG(s) 'tutorial_dag' retrieved from /home/airflow/.local/lib/python3.12/site-packages/airflow/example_dags/tutorial_dag.py
[2025-06-20T15:24:58.697+0000] {logging_mixin.py:188} INFO - [2025-06-20T15:24:58.697+0000] {dag.py:3096} INFO - Sync 1 DAGs
[2025-06-20T15:24:58.710+0000] {logging_mixin.py:188} INFO - [2025-06-20T15:24:58.710+0000] {dag.py:3954} INFO - Setting next_dagrun for tutorial_dag to None, run_after=None
[2025-06-20T15:24:58.726+0000] {processor.py:183} INFO - Processing /home/airflow/.local/lib/python3.12/site-packages/airflow/example_dags/tutorial_dag.py took 0.065 seconds
[2025-06-20T15:25:29.105+0000] {processor.py:161} INFO - Started process (PID=5955) to work on /home/airflow/.local/lib/python3.12/site-packages/airflow/example_dags/tutorial_dag.py
[2025-06-20T15:25:29.106+0000] {processor.py:830} INFO - Processing file /home/airflow/.local/lib/python3.12/site-packages/airflow/example_dags/tutorial_dag.py for tasks to queue
[2025-06-20T15:25:29.108+0000] {logging_mixin.py:188} INFO - [2025-06-20T15:25:29.108+0000] {dagbag.py:540} INFO - Filling up the DagBag from /home/airflow/.local/lib/python3.12/site-packages/airflow/example_dags/tutorial_dag.py
[2025-06-20T15:25:29.113+0000] {processor.py:840} INFO - DAG(s) 'tutorial_dag' retrieved from /home/airflow/.local/lib/python3.12/site-packages/airflow/example_dags/tutorial_dag.py
[2025-06-20T15:25:29.133+0000] {logging_mixin.py:188} INFO - [2025-06-20T15:25:29.132+0000] {dag.py:3096} INFO - Sync 1 DAGs
[2025-06-20T15:25:29.145+0000] {logging_mixin.py:188} INFO - [2025-06-20T15:25:29.144+0000] {dag.py:3954} INFO - Setting next_dagrun for tutorial_dag to None, run_after=None
[2025-06-20T15:25:29.161+0000] {processor.py:183} INFO - Processing /home/airflow/.local/lib/python3.12/site-packages/airflow/example_dags/tutorial_dag.py took 0.062 seconds
[2025-06-20T15:25:59.326+0000] {processor.py:161} INFO - Started process (PID=6014) to work on /home/airflow/.local/lib/python3.12/site-packages/airflow/example_dags/tutorial_dag.py
[2025-06-20T15:25:59.327+0000] {processor.py:830} INFO - Processing file /home/airflow/.local/lib/python3.12/site-packages/airflow/example_dags/tutorial_dag.py for tasks to queue
[2025-06-20T15:25:59.329+0000] {logging_mixin.py:188} INFO - [2025-06-20T15:25:59.328+0000] {dagbag.py:540} INFO - Filling up the DagBag from /home/airflow/.local/lib/python3.12/site-packages/airflow/example_dags/tutorial_dag.py
[2025-06-20T15:25:59.334+0000] {processor.py:840} INFO - DAG(s) 'tutorial_dag' retrieved from /home/airflow/.local/lib/python3.12/site-packages/airflow/example_dags/tutorial_dag.py
[2025-06-20T15:25:59.353+0000] {logging_mixin.py:188} INFO - [2025-06-20T15:25:59.353+0000] {dag.py:3096} INFO - Sync 1 DAGs
[2025-06-20T15:25:59.365+0000] {logging_mixin.py:188} INFO - [2025-06-20T15:25:59.364+0000] {dag.py:3954} INFO - Setting next_dagrun for tutorial_dag to None, run_after=None
[2025-06-20T15:25:59.380+0000] {processor.py:183} INFO - Processing /home/airflow/.local/lib/python3.12/site-packages/airflow/example_dags/tutorial_dag.py took 0.061 seconds
[2025-06-20T15:26:29.644+0000] {processor.py:161} INFO - Started process (PID=6073) to work on /home/airflow/.local/lib/python3.12/site-packages/airflow/example_dags/tutorial_dag.py
[2025-06-20T15:26:29.645+0000] {processor.py:830} INFO - Processing file /home/airflow/.local/lib/python3.12/site-packages/airflow/example_dags/tutorial_dag.py for tasks to queue
[2025-06-20T15:26:29.647+0000] {logging_mixin.py:188} INFO - [2025-06-20T15:26:29.646+0000] {dagbag.py:540} INFO - Filling up the DagBag from /home/airflow/.local/lib/python3.12/site-packages/airflow/example_dags/tutorial_dag.py
[2025-06-20T15:26:29.652+0000] {processor.py:840} INFO - DAG(s) 'tutorial_dag' retrieved from /home/airflow/.local/lib/python3.12/site-packages/airflow/example_dags/tutorial_dag.py
[2025-06-20T15:26:29.671+0000] {logging_mixin.py:188} INFO - [2025-06-20T15:26:29.671+0000] {dag.py:3096} INFO - Sync 1 DAGs
[2025-06-20T15:26:29.684+0000] {logging_mixin.py:188} INFO - [2025-06-20T15:26:29.684+0000] {dag.py:3954} INFO - Setting next_dagrun for tutorial_dag to None, run_after=None
[2025-06-20T15:26:29.699+0000] {processor.py:183} INFO - Processing /home/airflow/.local/lib/python3.12/site-packages/airflow/example_dags/tutorial_dag.py took 0.062 seconds
[2025-06-20T15:27:00.409+0000] {processor.py:161} INFO - Started process (PID=6131) to work on /home/airflow/.local/lib/python3.12/site-packages/airflow/example_dags/tutorial_dag.py
[2025-06-20T15:27:00.410+0000] {processor.py:830} INFO - Processing file /home/airflow/.local/lib/python3.12/site-packages/airflow/example_dags/tutorial_dag.py for tasks to queue
[2025-06-20T15:27:00.412+0000] {logging_mixin.py:188} INFO - [2025-06-20T15:27:00.412+0000] {dagbag.py:540} INFO - Filling up the DagBag from /home/airflow/.local/lib/python3.12/site-packages/airflow/example_dags/tutorial_dag.py
[2025-06-20T15:27:00.417+0000] {processor.py:840} INFO - DAG(s) 'tutorial_dag' retrieved from /home/airflow/.local/lib/python3.12/site-packages/airflow/example_dags/tutorial_dag.py
[2025-06-20T15:27:00.436+0000] {logging_mixin.py:188} INFO - [2025-06-20T15:27:00.436+0000] {dag.py:3096} INFO - Sync 1 DAGs
[2025-06-20T15:27:00.448+0000] {logging_mixin.py:188} INFO - [2025-06-20T15:27:00.448+0000] {dag.py:3954} INFO - Setting next_dagrun for tutorial_dag to None, run_after=None
[2025-06-20T15:27:00.463+0000] {processor.py:183} INFO - Processing /home/airflow/.local/lib/python3.12/site-packages/airflow/example_dags/tutorial_dag.py took 0.060 seconds
[2025-06-20T15:27:30.589+0000] {processor.py:161} INFO - Started process (PID=6190) to work on /home/airflow/.local/lib/python3.12/site-packages/airflow/example_dags/tutorial_dag.py
[2025-06-20T15:27:30.590+0000] {processor.py:830} INFO - Processing file /home/airflow/.local/lib/python3.12/site-packages/airflow/example_dags/tutorial_dag.py for tasks to queue
[2025-06-20T15:27:30.592+0000] {logging_mixin.py:188} INFO - [2025-06-20T15:27:30.592+0000] {dagbag.py:540} INFO - Filling up the DagBag from /home/airflow/.local/lib/python3.12/site-packages/airflow/example_dags/tutorial_dag.py
[2025-06-20T15:27:30.597+0000] {processor.py:840} INFO - DAG(s) 'tutorial_dag' retrieved from /home/airflow/.local/lib/python3.12/site-packages/airflow/example_dags/tutorial_dag.py
[2025-06-20T15:27:30.616+0000] {logging_mixin.py:188} INFO - [2025-06-20T15:27:30.616+0000] {dag.py:3096} INFO - Sync 1 DAGs
[2025-06-20T15:27:30.627+0000] {logging_mixin.py:188} INFO - [2025-06-20T15:27:30.627+0000] {dag.py:3954} INFO - Setting next_dagrun for tutorial_dag to None, run_after=None
[2025-06-20T15:27:30.643+0000] {processor.py:183} INFO - Processing /home/airflow/.local/lib/python3.12/site-packages/airflow/example_dags/tutorial_dag.py took 0.060 seconds
[2025-06-20T15:28:00.969+0000] {processor.py:161} INFO - Started process (PID=6249) to work on /home/airflow/.local/lib/python3.12/site-packages/airflow/example_dags/tutorial_dag.py
[2025-06-20T15:28:00.970+0000] {processor.py:830} INFO - Processing file /home/airflow/.local/lib/python3.12/site-packages/airflow/example_dags/tutorial_dag.py for tasks to queue
[2025-06-20T15:28:00.972+0000] {logging_mixin.py:188} INFO - [2025-06-20T15:28:00.972+0000] {dagbag.py:540} INFO - Filling up the DagBag from /home/airflow/.local/lib/python3.12/site-packages/airflow/example_dags/tutorial_dag.py
[2025-06-20T15:28:00.977+0000] {processor.py:840} INFO - DAG(s) 'tutorial_dag' retrieved from /home/airflow/.local/lib/python3.12/site-packages/airflow/example_dags/tutorial_dag.py
[2025-06-20T15:28:00.997+0000] {logging_mixin.py:188} INFO - [2025-06-20T15:28:00.997+0000] {dag.py:3096} INFO - Sync 1 DAGs
[2025-06-20T15:28:01.009+0000] {logging_mixin.py:188} INFO - [2025-06-20T15:28:01.009+0000] {dag.py:3954} INFO - Setting next_dagrun for tutorial_dag to None, run_after=None
[2025-06-20T15:28:01.024+0000] {processor.py:183} INFO - Processing /home/airflow/.local/lib/python3.12/site-packages/airflow/example_dags/tutorial_dag.py took 0.062 seconds
[2025-06-20T15:28:31.341+0000] {processor.py:161} INFO - Started process (PID=6308) to work on /home/airflow/.local/lib/python3.12/site-packages/airflow/example_dags/tutorial_dag.py
[2025-06-20T15:28:31.342+0000] {processor.py:830} INFO - Processing file /home/airflow/.local/lib/python3.12/site-packages/airflow/example_dags/tutorial_dag.py for tasks to queue
[2025-06-20T15:28:31.344+0000] {logging_mixin.py:188} INFO - [2025-06-20T15:28:31.343+0000] {dagbag.py:540} INFO - Filling up the DagBag from /home/airflow/.local/lib/python3.12/site-packages/airflow/example_dags/tutorial_dag.py
[2025-06-20T15:28:31.349+0000] {processor.py:840} INFO - DAG(s) 'tutorial_dag' retrieved from /home/airflow/.local/lib/python3.12/site-packages/airflow/example_dags/tutorial_dag.py
[2025-06-20T15:28:31.369+0000] {logging_mixin.py:188} INFO - [2025-06-20T15:28:31.368+0000] {dag.py:3096} INFO - Sync 1 DAGs
[2025-06-20T15:28:31.380+0000] {logging_mixin.py:188} INFO - [2025-06-20T15:28:31.380+0000] {dag.py:3954} INFO - Setting next_dagrun for tutorial_dag to None, run_after=None
[2025-06-20T15:28:31.397+0000] {processor.py:183} INFO - Processing /home/airflow/.local/lib/python3.12/site-packages/airflow/example_dags/tutorial_dag.py took 0.062 seconds
[2025-06-20T15:29:01.993+0000] {processor.py:161} INFO - Started process (PID=6367) to work on /home/airflow/.local/lib/python3.12/site-packages/airflow/example_dags/tutorial_dag.py
[2025-06-20T15:29:01.994+0000] {processor.py:830} INFO - Processing file /home/airflow/.local/lib/python3.12/site-packages/airflow/example_dags/tutorial_dag.py for tasks to queue
[2025-06-20T15:29:01.996+0000] {logging_mixin.py:188} INFO - [2025-06-20T15:29:01.995+0000] {dagbag.py:540} INFO - Filling up the DagBag from /home/airflow/.local/lib/python3.12/site-packages/airflow/example_dags/tutorial_dag.py
[2025-06-20T15:29:02.001+0000] {processor.py:840} INFO - DAG(s) 'tutorial_dag' retrieved from /home/airflow/.local/lib/python3.12/site-packages/airflow/example_dags/tutorial_dag.py
[2025-06-20T15:29:02.022+0000] {logging_mixin.py:188} INFO - [2025-06-20T15:29:02.022+0000] {dag.py:3096} INFO - Sync 1 DAGs
[2025-06-20T15:29:02.034+0000] {logging_mixin.py:188} INFO - [2025-06-20T15:29:02.033+0000] {dag.py:3954} INFO - Setting next_dagrun for tutorial_dag to None, run_after=None
[2025-06-20T15:29:02.049+0000] {processor.py:183} INFO - Processing /home/airflow/.local/lib/python3.12/site-packages/airflow/example_dags/tutorial_dag.py took 0.063 seconds
[2025-06-20T15:29:32.264+0000] {processor.py:161} INFO - Started process (PID=6426) to work on /home/airflow/.local/lib/python3.12/site-packages/airflow/example_dags/tutorial_dag.py
[2025-06-20T15:29:32.265+0000] {processor.py:830} INFO - Processing file /home/airflow/.local/lib/python3.12/site-packages/airflow/example_dags/tutorial_dag.py for tasks to queue
[2025-06-20T15:29:32.267+0000] {logging_mixin.py:188} INFO - [2025-06-20T15:29:32.267+0000] {dagbag.py:540} INFO - Filling up the DagBag from /home/airflow/.local/lib/python3.12/site-packages/airflow/example_dags/tutorial_dag.py
[2025-06-20T15:29:32.273+0000] {processor.py:840} INFO - DAG(s) 'tutorial_dag' retrieved from /home/airflow/.local/lib/python3.12/site-packages/airflow/example_dags/tutorial_dag.py
[2025-06-20T15:29:32.293+0000] {logging_mixin.py:188} INFO - [2025-06-20T15:29:32.292+0000] {dag.py:3096} INFO - Sync 1 DAGs
[2025-06-20T15:29:32.304+0000] {logging_mixin.py:188} INFO - [2025-06-20T15:29:32.304+0000] {dag.py:3954} INFO - Setting next_dagrun for tutorial_dag to None, run_after=None
[2025-06-20T15:29:32.320+0000] {processor.py:183} INFO - Processing /home/airflow/.local/lib/python3.12/site-packages/airflow/example_dags/tutorial_dag.py took 0.062 seconds
[2025-06-20T15:30:03.383+0000] {processor.py:161} INFO - Started process (PID=6485) to work on /home/airflow/.local/lib/python3.12/site-packages/airflow/example_dags/tutorial_dag.py
[2025-06-20T15:30:03.384+0000] {processor.py:830} INFO - Processing file /home/airflow/.local/lib/python3.12/site-packages/airflow/example_dags/tutorial_dag.py for tasks to queue
[2025-06-20T15:30:03.386+0000] {logging_mixin.py:188} INFO - [2025-06-20T15:30:03.386+0000] {dagbag.py:540} INFO - Filling up the DagBag from /home/airflow/.local/lib/python3.12/site-packages/airflow/example_dags/tutorial_dag.py
[2025-06-20T15:30:03.393+0000] {processor.py:840} INFO - DAG(s) 'tutorial_dag' retrieved from /home/airflow/.local/lib/python3.12/site-packages/airflow/example_dags/tutorial_dag.py
[2025-06-20T15:30:03.414+0000] {logging_mixin.py:188} INFO - [2025-06-20T15:30:03.414+0000] {dag.py:3096} INFO - Sync 1 DAGs
[2025-06-20T15:30:03.546+0000] {logging_mixin.py:188} INFO - [2025-06-20T15:30:03.546+0000] {dag.py:3954} INFO - Setting next_dagrun for tutorial_dag to None, run_after=None
[2025-06-20T15:30:03.561+0000] {processor.py:183} INFO - Processing /home/airflow/.local/lib/python3.12/site-packages/airflow/example_dags/tutorial_dag.py took 0.184 seconds
[2025-06-20T15:30:33.730+0000] {processor.py:161} INFO - Started process (PID=6544) to work on /home/airflow/.local/lib/python3.12/site-packages/airflow/example_dags/tutorial_dag.py
[2025-06-20T15:30:33.731+0000] {processor.py:830} INFO - Processing file /home/airflow/.local/lib/python3.12/site-packages/airflow/example_dags/tutorial_dag.py for tasks to queue
[2025-06-20T15:30:33.733+0000] {logging_mixin.py:188} INFO - [2025-06-20T15:30:33.732+0000] {dagbag.py:540} INFO - Filling up the DagBag from /home/airflow/.local/lib/python3.12/site-packages/airflow/example_dags/tutorial_dag.py
[2025-06-20T15:30:33.738+0000] {processor.py:840} INFO - DAG(s) 'tutorial_dag' retrieved from /home/airflow/.local/lib/python3.12/site-packages/airflow/example_dags/tutorial_dag.py
[2025-06-20T15:30:33.757+0000] {logging_mixin.py:188} INFO - [2025-06-20T15:30:33.757+0000] {dag.py:3096} INFO - Sync 1 DAGs
[2025-06-20T15:30:33.769+0000] {logging_mixin.py:188} INFO - [2025-06-20T15:30:33.769+0000] {dag.py:3954} INFO - Setting next_dagrun for tutorial_dag to None, run_after=None
[2025-06-20T15:30:33.901+0000] {processor.py:183} INFO - Processing /home/airflow/.local/lib/python3.12/site-packages/airflow/example_dags/tutorial_dag.py took 0.177 seconds
[2025-06-20T15:31:04.051+0000] {processor.py:161} INFO - Started process (PID=6603) to work on /home/airflow/.local/lib/python3.12/site-packages/airflow/example_dags/tutorial_dag.py
[2025-06-20T15:31:04.052+0000] {processor.py:830} INFO - Processing file /home/airflow/.local/lib/python3.12/site-packages/airflow/example_dags/tutorial_dag.py for tasks to queue
[2025-06-20T15:31:04.054+0000] {logging_mixin.py:188} INFO - [2025-06-20T15:31:04.053+0000] {dagbag.py:540} INFO - Filling up the DagBag from /home/airflow/.local/lib/python3.12/site-packages/airflow/example_dags/tutorial_dag.py
[2025-06-20T15:31:04.059+0000] {processor.py:840} INFO - DAG(s) 'tutorial_dag' retrieved from /home/airflow/.local/lib/python3.12/site-packages/airflow/example_dags/tutorial_dag.py
[2025-06-20T15:31:04.080+0000] {logging_mixin.py:188} INFO - [2025-06-20T15:31:04.079+0000] {dag.py:3096} INFO - Sync 1 DAGs
[2025-06-20T15:31:04.092+0000] {logging_mixin.py:188} INFO - [2025-06-20T15:31:04.092+0000] {dag.py:3954} INFO - Setting next_dagrun for tutorial_dag to None, run_after=None
[2025-06-20T15:31:04.108+0000] {processor.py:183} INFO - Processing /home/airflow/.local/lib/python3.12/site-packages/airflow/example_dags/tutorial_dag.py took 0.063 seconds
[2025-06-20T15:31:34.608+0000] {processor.py:161} INFO - Started process (PID=6661) to work on /home/airflow/.local/lib/python3.12/site-packages/airflow/example_dags/tutorial_dag.py
[2025-06-20T15:31:34.609+0000] {processor.py:830} INFO - Processing file /home/airflow/.local/lib/python3.12/site-packages/airflow/example_dags/tutorial_dag.py for tasks to queue
[2025-06-20T15:31:34.611+0000] {logging_mixin.py:188} INFO - [2025-06-20T15:31:34.611+0000] {dagbag.py:540} INFO - Filling up the DagBag from /home/airflow/.local/lib/python3.12/site-packages/airflow/example_dags/tutorial_dag.py
[2025-06-20T15:31:34.616+0000] {processor.py:840} INFO - DAG(s) 'tutorial_dag' retrieved from /home/airflow/.local/lib/python3.12/site-packages/airflow/example_dags/tutorial_dag.py
[2025-06-20T15:31:34.636+0000] {logging_mixin.py:188} INFO - [2025-06-20T15:31:34.636+0000] {dag.py:3096} INFO - Sync 1 DAGs
[2025-06-20T15:31:34.648+0000] {logging_mixin.py:188} INFO - [2025-06-20T15:31:34.648+0000] {dag.py:3954} INFO - Setting next_dagrun for tutorial_dag to None, run_after=None
[2025-06-20T15:31:34.664+0000] {processor.py:183} INFO - Processing /home/airflow/.local/lib/python3.12/site-packages/airflow/example_dags/tutorial_dag.py took 0.062 seconds
[2025-06-20T15:32:05.689+0000] {processor.py:161} INFO - Started process (PID=6721) to work on /home/airflow/.local/lib/python3.12/site-packages/airflow/example_dags/tutorial_dag.py
[2025-06-20T15:32:05.689+0000] {processor.py:830} INFO - Processing file /home/airflow/.local/lib/python3.12/site-packages/airflow/example_dags/tutorial_dag.py for tasks to queue
[2025-06-20T15:32:05.691+0000] {logging_mixin.py:188} INFO - [2025-06-20T15:32:05.691+0000] {dagbag.py:540} INFO - Filling up the DagBag from /home/airflow/.local/lib/python3.12/site-packages/airflow/example_dags/tutorial_dag.py
[2025-06-20T15:32:05.697+0000] {processor.py:840} INFO - DAG(s) 'tutorial_dag' retrieved from /home/airflow/.local/lib/python3.12/site-packages/airflow/example_dags/tutorial_dag.py
[2025-06-20T15:32:05.716+0000] {logging_mixin.py:188} INFO - [2025-06-20T15:32:05.715+0000] {dag.py:3096} INFO - Sync 1 DAGs
[2025-06-20T15:32:05.728+0000] {logging_mixin.py:188} INFO - [2025-06-20T15:32:05.728+0000] {dag.py:3954} INFO - Setting next_dagrun for tutorial_dag to None, run_after=None
[2025-06-20T15:32:05.744+0000] {processor.py:183} INFO - Processing /home/airflow/.local/lib/python3.12/site-packages/airflow/example_dags/tutorial_dag.py took 0.061 seconds
[2025-06-20T15:32:36.363+0000] {processor.py:161} INFO - Started process (PID=6780) to work on /home/airflow/.local/lib/python3.12/site-packages/airflow/example_dags/tutorial_dag.py
[2025-06-20T15:32:36.364+0000] {processor.py:830} INFO - Processing file /home/airflow/.local/lib/python3.12/site-packages/airflow/example_dags/tutorial_dag.py for tasks to queue
[2025-06-20T15:32:36.366+0000] {logging_mixin.py:188} INFO - [2025-06-20T15:32:36.366+0000] {dagbag.py:540} INFO - Filling up the DagBag from /home/airflow/.local/lib/python3.12/site-packages/airflow/example_dags/tutorial_dag.py
[2025-06-20T15:32:36.372+0000] {processor.py:840} INFO - DAG(s) 'tutorial_dag' retrieved from /home/airflow/.local/lib/python3.12/site-packages/airflow/example_dags/tutorial_dag.py
[2025-06-20T15:32:36.392+0000] {logging_mixin.py:188} INFO - [2025-06-20T15:32:36.392+0000] {dag.py:3096} INFO - Sync 1 DAGs
[2025-06-20T15:32:36.405+0000] {logging_mixin.py:188} INFO - [2025-06-20T15:32:36.405+0000] {dag.py:3954} INFO - Setting next_dagrun for tutorial_dag to None, run_after=None
[2025-06-20T15:32:36.423+0000] {processor.py:183} INFO - Processing /home/airflow/.local/lib/python3.12/site-packages/airflow/example_dags/tutorial_dag.py took 0.066 seconds
[2025-06-20T15:33:07.002+0000] {processor.py:161} INFO - Started process (PID=6839) to work on /home/airflow/.local/lib/python3.12/site-packages/airflow/example_dags/tutorial_dag.py
[2025-06-20T15:33:07.003+0000] {processor.py:830} INFO - Processing file /home/airflow/.local/lib/python3.12/site-packages/airflow/example_dags/tutorial_dag.py for tasks to queue
[2025-06-20T15:33:07.005+0000] {logging_mixin.py:188} INFO - [2025-06-20T15:33:07.005+0000] {dagbag.py:540} INFO - Filling up the DagBag from /home/airflow/.local/lib/python3.12/site-packages/airflow/example_dags/tutorial_dag.py
[2025-06-20T15:33:07.011+0000] {processor.py:840} INFO - DAG(s) 'tutorial_dag' retrieved from /home/airflow/.local/lib/python3.12/site-packages/airflow/example_dags/tutorial_dag.py
[2025-06-20T15:33:07.031+0000] {logging_mixin.py:188} INFO - [2025-06-20T15:33:07.031+0000] {dag.py:3096} INFO - Sync 1 DAGs
[2025-06-20T15:33:07.043+0000] {logging_mixin.py:188} INFO - [2025-06-20T15:33:07.043+0000] {dag.py:3954} INFO - Setting next_dagrun for tutorial_dag to None, run_after=None
[2025-06-20T15:33:07.059+0000] {processor.py:183} INFO - Processing /home/airflow/.local/lib/python3.12/site-packages/airflow/example_dags/tutorial_dag.py took 0.063 seconds
[2025-06-20T15:33:37.748+0000] {processor.py:161} INFO - Started process (PID=6898) to work on /home/airflow/.local/lib/python3.12/site-packages/airflow/example_dags/tutorial_dag.py
[2025-06-20T15:33:37.749+0000] {processor.py:830} INFO - Processing file /home/airflow/.local/lib/python3.12/site-packages/airflow/example_dags/tutorial_dag.py for tasks to queue
[2025-06-20T15:33:37.751+0000] {logging_mixin.py:188} INFO - [2025-06-20T15:33:37.751+0000] {dagbag.py:540} INFO - Filling up the DagBag from /home/airflow/.local/lib/python3.12/site-packages/airflow/example_dags/tutorial_dag.py
[2025-06-20T15:33:37.757+0000] {processor.py:840} INFO - DAG(s) 'tutorial_dag' retrieved from /home/airflow/.local/lib/python3.12/site-packages/airflow/example_dags/tutorial_dag.py
[2025-06-20T15:33:37.776+0000] {logging_mixin.py:188} INFO - [2025-06-20T15:33:37.775+0000] {dag.py:3096} INFO - Sync 1 DAGs
[2025-06-20T15:33:37.788+0000] {logging_mixin.py:188} INFO - [2025-06-20T15:33:37.788+0000] {dag.py:3954} INFO - Setting next_dagrun for tutorial_dag to None, run_after=None
[2025-06-20T15:33:37.804+0000] {processor.py:183} INFO - Processing /home/airflow/.local/lib/python3.12/site-packages/airflow/example_dags/tutorial_dag.py took 0.062 seconds
[2025-06-20T15:34:08.634+0000] {processor.py:161} INFO - Started process (PID=6957) to work on /home/airflow/.local/lib/python3.12/site-packages/airflow/example_dags/tutorial_dag.py
[2025-06-20T15:34:08.635+0000] {processor.py:830} INFO - Processing file /home/airflow/.local/lib/python3.12/site-packages/airflow/example_dags/tutorial_dag.py for tasks to queue
[2025-06-20T15:34:08.636+0000] {logging_mixin.py:188} INFO - [2025-06-20T15:34:08.636+0000] {dagbag.py:540} INFO - Filling up the DagBag from /home/airflow/.local/lib/python3.12/site-packages/airflow/example_dags/tutorial_dag.py
[2025-06-20T15:34:08.642+0000] {processor.py:840} INFO - DAG(s) 'tutorial_dag' retrieved from /home/airflow/.local/lib/python3.12/site-packages/airflow/example_dags/tutorial_dag.py
[2025-06-20T15:34:08.661+0000] {logging_mixin.py:188} INFO - [2025-06-20T15:34:08.661+0000] {dag.py:3096} INFO - Sync 1 DAGs
[2025-06-20T15:34:08.673+0000] {logging_mixin.py:188} INFO - [2025-06-20T15:34:08.672+0000] {dag.py:3954} INFO - Setting next_dagrun for tutorial_dag to None, run_after=None
[2025-06-20T15:34:08.688+0000] {processor.py:183} INFO - Processing /home/airflow/.local/lib/python3.12/site-packages/airflow/example_dags/tutorial_dag.py took 0.061 seconds
[2025-06-20T15:34:39.221+0000] {processor.py:161} INFO - Started process (PID=7016) to work on /home/airflow/.local/lib/python3.12/site-packages/airflow/example_dags/tutorial_dag.py
[2025-06-20T15:34:39.222+0000] {processor.py:830} INFO - Processing file /home/airflow/.local/lib/python3.12/site-packages/airflow/example_dags/tutorial_dag.py for tasks to queue
[2025-06-20T15:34:39.224+0000] {logging_mixin.py:188} INFO - [2025-06-20T15:34:39.224+0000] {dagbag.py:540} INFO - Filling up the DagBag from /home/airflow/.local/lib/python3.12/site-packages/airflow/example_dags/tutorial_dag.py
[2025-06-20T15:34:39.232+0000] {processor.py:840} INFO - DAG(s) 'tutorial_dag' retrieved from /home/airflow/.local/lib/python3.12/site-packages/airflow/example_dags/tutorial_dag.py
[2025-06-20T15:34:39.253+0000] {logging_mixin.py:188} INFO - [2025-06-20T15:34:39.252+0000] {dag.py:3096} INFO - Sync 1 DAGs
[2025-06-20T15:34:39.266+0000] {logging_mixin.py:188} INFO - [2025-06-20T15:34:39.266+0000] {dag.py:3954} INFO - Setting next_dagrun for tutorial_dag to None, run_after=None
[2025-06-20T15:34:39.284+0000] {processor.py:183} INFO - Processing /home/airflow/.local/lib/python3.12/site-packages/airflow/example_dags/tutorial_dag.py took 0.069 seconds
[2025-06-20T15:35:09.371+0000] {processor.py:161} INFO - Started process (PID=7075) to work on /home/airflow/.local/lib/python3.12/site-packages/airflow/example_dags/tutorial_dag.py
[2025-06-20T15:35:09.372+0000] {processor.py:830} INFO - Processing file /home/airflow/.local/lib/python3.12/site-packages/airflow/example_dags/tutorial_dag.py for tasks to queue
[2025-06-20T15:35:09.374+0000] {logging_mixin.py:188} INFO - [2025-06-20T15:35:09.374+0000] {dagbag.py:540} INFO - Filling up the DagBag from /home/airflow/.local/lib/python3.12/site-packages/airflow/example_dags/tutorial_dag.py
[2025-06-20T15:35:09.379+0000] {processor.py:840} INFO - DAG(s) 'tutorial_dag' retrieved from /home/airflow/.local/lib/python3.12/site-packages/airflow/example_dags/tutorial_dag.py
[2025-06-20T15:35:09.399+0000] {logging_mixin.py:188} INFO - [2025-06-20T15:35:09.398+0000] {dag.py:3096} INFO - Sync 1 DAGs
[2025-06-20T15:35:09.411+0000] {logging_mixin.py:188} INFO - [2025-06-20T15:35:09.411+0000] {dag.py:3954} INFO - Setting next_dagrun for tutorial_dag to None, run_after=None
[2025-06-20T15:35:09.426+0000] {processor.py:183} INFO - Processing /home/airflow/.local/lib/python3.12/site-packages/airflow/example_dags/tutorial_dag.py took 0.061 seconds
[2025-06-20T15:35:39.465+0000] {processor.py:161} INFO - Started process (PID=7133) to work on /home/airflow/.local/lib/python3.12/site-packages/airflow/example_dags/tutorial_dag.py
[2025-06-20T15:35:39.466+0000] {processor.py:830} INFO - Processing file /home/airflow/.local/lib/python3.12/site-packages/airflow/example_dags/tutorial_dag.py for tasks to queue
[2025-06-20T15:35:39.468+0000] {logging_mixin.py:188} INFO - [2025-06-20T15:35:39.468+0000] {dagbag.py:540} INFO - Filling up the DagBag from /home/airflow/.local/lib/python3.12/site-packages/airflow/example_dags/tutorial_dag.py
[2025-06-20T15:35:39.473+0000] {processor.py:840} INFO - DAG(s) 'tutorial_dag' retrieved from /home/airflow/.local/lib/python3.12/site-packages/airflow/example_dags/tutorial_dag.py
[2025-06-20T15:35:39.492+0000] {logging_mixin.py:188} INFO - [2025-06-20T15:35:39.492+0000] {dag.py:3096} INFO - Sync 1 DAGs
[2025-06-20T15:35:39.504+0000] {logging_mixin.py:188} INFO - [2025-06-20T15:35:39.504+0000] {dag.py:3954} INFO - Setting next_dagrun for tutorial_dag to None, run_after=None
[2025-06-20T15:35:39.519+0000] {processor.py:183} INFO - Processing /home/airflow/.local/lib/python3.12/site-packages/airflow/example_dags/tutorial_dag.py took 0.060 seconds
[2025-06-20T15:36:09.813+0000] {processor.py:161} INFO - Started process (PID=7192) to work on /home/airflow/.local/lib/python3.12/site-packages/airflow/example_dags/tutorial_dag.py
[2025-06-20T15:36:09.814+0000] {processor.py:830} INFO - Processing file /home/airflow/.local/lib/python3.12/site-packages/airflow/example_dags/tutorial_dag.py for tasks to queue
[2025-06-20T15:36:09.816+0000] {logging_mixin.py:188} INFO - [2025-06-20T15:36:09.816+0000] {dagbag.py:540} INFO - Filling up the DagBag from /home/airflow/.local/lib/python3.12/site-packages/airflow/example_dags/tutorial_dag.py
[2025-06-20T15:36:09.821+0000] {processor.py:840} INFO - DAG(s) 'tutorial_dag' retrieved from /home/airflow/.local/lib/python3.12/site-packages/airflow/example_dags/tutorial_dag.py
[2025-06-20T15:36:09.840+0000] {logging_mixin.py:188} INFO - [2025-06-20T15:36:09.840+0000] {dag.py:3096} INFO - Sync 1 DAGs
[2025-06-20T15:36:09.852+0000] {logging_mixin.py:188} INFO - [2025-06-20T15:36:09.852+0000] {dag.py:3954} INFO - Setting next_dagrun for tutorial_dag to None, run_after=None
[2025-06-20T15:36:09.867+0000] {processor.py:183} INFO - Processing /home/airflow/.local/lib/python3.12/site-packages/airflow/example_dags/tutorial_dag.py took 0.060 seconds
[2025-06-20T15:36:40.124+0000] {processor.py:161} INFO - Started process (PID=7251) to work on /home/airflow/.local/lib/python3.12/site-packages/airflow/example_dags/tutorial_dag.py
[2025-06-20T15:36:40.125+0000] {processor.py:830} INFO - Processing file /home/airflow/.local/lib/python3.12/site-packages/airflow/example_dags/tutorial_dag.py for tasks to queue
[2025-06-20T15:36:40.127+0000] {logging_mixin.py:188} INFO - [2025-06-20T15:36:40.127+0000] {dagbag.py:540} INFO - Filling up the DagBag from /home/airflow/.local/lib/python3.12/site-packages/airflow/example_dags/tutorial_dag.py
[2025-06-20T15:36:40.132+0000] {processor.py:840} INFO - DAG(s) 'tutorial_dag' retrieved from /home/airflow/.local/lib/python3.12/site-packages/airflow/example_dags/tutorial_dag.py
[2025-06-20T15:36:40.151+0000] {logging_mixin.py:188} INFO - [2025-06-20T15:36:40.151+0000] {dag.py:3096} INFO - Sync 1 DAGs
[2025-06-20T15:36:40.163+0000] {logging_mixin.py:188} INFO - [2025-06-20T15:36:40.163+0000] {dag.py:3954} INFO - Setting next_dagrun for tutorial_dag to None, run_after=None
[2025-06-20T15:36:40.179+0000] {processor.py:183} INFO - Processing /home/airflow/.local/lib/python3.12/site-packages/airflow/example_dags/tutorial_dag.py took 0.061 seconds
[2025-06-20T15:37:10.308+0000] {processor.py:161} INFO - Started process (PID=7310) to work on /home/airflow/.local/lib/python3.12/site-packages/airflow/example_dags/tutorial_dag.py
[2025-06-20T15:37:10.309+0000] {processor.py:830} INFO - Processing file /home/airflow/.local/lib/python3.12/site-packages/airflow/example_dags/tutorial_dag.py for tasks to queue
[2025-06-20T15:37:10.311+0000] {logging_mixin.py:188} INFO - [2025-06-20T15:37:10.311+0000] {dagbag.py:540} INFO - Filling up the DagBag from /home/airflow/.local/lib/python3.12/site-packages/airflow/example_dags/tutorial_dag.py
[2025-06-20T15:37:10.317+0000] {processor.py:840} INFO - DAG(s) 'tutorial_dag' retrieved from /home/airflow/.local/lib/python3.12/site-packages/airflow/example_dags/tutorial_dag.py
[2025-06-20T15:37:10.337+0000] {logging_mixin.py:188} INFO - [2025-06-20T15:37:10.337+0000] {dag.py:3096} INFO - Sync 1 DAGs
[2025-06-20T15:37:10.350+0000] {logging_mixin.py:188} INFO - [2025-06-20T15:37:10.350+0000] {dag.py:3954} INFO - Setting next_dagrun for tutorial_dag to None, run_after=None
[2025-06-20T15:37:10.366+0000] {processor.py:183} INFO - Processing /home/airflow/.local/lib/python3.12/site-packages/airflow/example_dags/tutorial_dag.py took 0.064 seconds
[2025-06-20T15:37:40.514+0000] {processor.py:161} INFO - Started process (PID=7369) to work on /home/airflow/.local/lib/python3.12/site-packages/airflow/example_dags/tutorial_dag.py
[2025-06-20T15:37:40.514+0000] {processor.py:830} INFO - Processing file /home/airflow/.local/lib/python3.12/site-packages/airflow/example_dags/tutorial_dag.py for tasks to queue
[2025-06-20T15:37:40.516+0000] {logging_mixin.py:188} INFO - [2025-06-20T15:37:40.516+0000] {dagbag.py:540} INFO - Filling up the DagBag from /home/airflow/.local/lib/python3.12/site-packages/airflow/example_dags/tutorial_dag.py
[2025-06-20T15:37:40.522+0000] {processor.py:840} INFO - DAG(s) 'tutorial_dag' retrieved from /home/airflow/.local/lib/python3.12/site-packages/airflow/example_dags/tutorial_dag.py
[2025-06-20T15:37:40.541+0000] {logging_mixin.py:188} INFO - [2025-06-20T15:37:40.541+0000] {dag.py:3096} INFO - Sync 1 DAGs
[2025-06-20T15:37:40.553+0000] {logging_mixin.py:188} INFO - [2025-06-20T15:37:40.553+0000] {dag.py:3954} INFO - Setting next_dagrun for tutorial_dag to None, run_after=None
[2025-06-20T15:37:40.569+0000] {processor.py:183} INFO - Processing /home/airflow/.local/lib/python3.12/site-packages/airflow/example_dags/tutorial_dag.py took 0.062 seconds
[2025-06-20T15:38:10.948+0000] {processor.py:161} INFO - Started process (PID=7429) to work on /home/airflow/.local/lib/python3.12/site-packages/airflow/example_dags/tutorial_dag.py
[2025-06-20T15:38:10.949+0000] {processor.py:830} INFO - Processing file /home/airflow/.local/lib/python3.12/site-packages/airflow/example_dags/tutorial_dag.py for tasks to queue
[2025-06-20T15:38:10.951+0000] {logging_mixin.py:188} INFO - [2025-06-20T15:38:10.950+0000] {dagbag.py:540} INFO - Filling up the DagBag from /home/airflow/.local/lib/python3.12/site-packages/airflow/example_dags/tutorial_dag.py
[2025-06-20T15:38:10.956+0000] {processor.py:840} INFO - DAG(s) 'tutorial_dag' retrieved from /home/airflow/.local/lib/python3.12/site-packages/airflow/example_dags/tutorial_dag.py
[2025-06-20T15:38:10.975+0000] {logging_mixin.py:188} INFO - [2025-06-20T15:38:10.975+0000] {dag.py:3096} INFO - Sync 1 DAGs
[2025-06-20T15:38:10.987+0000] {logging_mixin.py:188} INFO - [2025-06-20T15:38:10.987+0000] {dag.py:3954} INFO - Setting next_dagrun for tutorial_dag to None, run_after=None
[2025-06-20T15:38:11.003+0000] {processor.py:183} INFO - Processing /home/airflow/.local/lib/python3.12/site-packages/airflow/example_dags/tutorial_dag.py took 0.061 seconds
[2025-06-20T15:38:41.547+0000] {processor.py:161} INFO - Started process (PID=7488) to work on /home/airflow/.local/lib/python3.12/site-packages/airflow/example_dags/tutorial_dag.py
[2025-06-20T15:38:41.548+0000] {processor.py:830} INFO - Processing file /home/airflow/.local/lib/python3.12/site-packages/airflow/example_dags/tutorial_dag.py for tasks to queue
[2025-06-20T15:38:41.550+0000] {logging_mixin.py:188} INFO - [2025-06-20T15:38:41.550+0000] {dagbag.py:540} INFO - Filling up the DagBag from /home/airflow/.local/lib/python3.12/site-packages/airflow/example_dags/tutorial_dag.py
[2025-06-20T15:38:41.555+0000] {processor.py:840} INFO - DAG(s) 'tutorial_dag' retrieved from /home/airflow/.local/lib/python3.12/site-packages/airflow/example_dags/tutorial_dag.py
[2025-06-20T15:38:41.574+0000] {logging_mixin.py:188} INFO - [2025-06-20T15:38:41.574+0000] {dag.py:3096} INFO - Sync 1 DAGs
[2025-06-20T15:38:41.588+0000] {logging_mixin.py:188} INFO - [2025-06-20T15:38:41.587+0000] {dag.py:3954} INFO - Setting next_dagrun for tutorial_dag to None, run_after=None
[2025-06-20T15:38:41.604+0000] {processor.py:183} INFO - Processing /home/airflow/.local/lib/python3.12/site-packages/airflow/example_dags/tutorial_dag.py took 0.063 seconds
[2025-06-20T15:39:12.249+0000] {processor.py:161} INFO - Started process (PID=7547) to work on /home/airflow/.local/lib/python3.12/site-packages/airflow/example_dags/tutorial_dag.py
[2025-06-20T15:39:12.250+0000] {processor.py:830} INFO - Processing file /home/airflow/.local/lib/python3.12/site-packages/airflow/example_dags/tutorial_dag.py for tasks to queue
[2025-06-20T15:39:12.252+0000] {logging_mixin.py:188} INFO - [2025-06-20T15:39:12.252+0000] {dagbag.py:540} INFO - Filling up the DagBag from /home/airflow/.local/lib/python3.12/site-packages/airflow/example_dags/tutorial_dag.py
[2025-06-20T15:39:12.258+0000] {processor.py:840} INFO - DAG(s) 'tutorial_dag' retrieved from /home/airflow/.local/lib/python3.12/site-packages/airflow/example_dags/tutorial_dag.py
[2025-06-20T15:39:12.278+0000] {logging_mixin.py:188} INFO - [2025-06-20T15:39:12.278+0000] {dag.py:3096} INFO - Sync 1 DAGs
[2025-06-20T15:39:12.291+0000] {logging_mixin.py:188} INFO - [2025-06-20T15:39:12.290+0000] {dag.py:3954} INFO - Setting next_dagrun for tutorial_dag to None, run_after=None
[2025-06-20T15:39:12.306+0000] {processor.py:183} INFO - Processing /home/airflow/.local/lib/python3.12/site-packages/airflow/example_dags/tutorial_dag.py took 0.063 seconds
[2025-06-20T15:39:42.904+0000] {processor.py:161} INFO - Started process (PID=7606) to work on /home/airflow/.local/lib/python3.12/site-packages/airflow/example_dags/tutorial_dag.py
[2025-06-20T15:39:42.905+0000] {processor.py:830} INFO - Processing file /home/airflow/.local/lib/python3.12/site-packages/airflow/example_dags/tutorial_dag.py for tasks to queue
[2025-06-20T15:39:42.907+0000] {logging_mixin.py:188} INFO - [2025-06-20T15:39:42.907+0000] {dagbag.py:540} INFO - Filling up the DagBag from /home/airflow/.local/lib/python3.12/site-packages/airflow/example_dags/tutorial_dag.py
[2025-06-20T15:39:42.913+0000] {processor.py:840} INFO - DAG(s) 'tutorial_dag' retrieved from /home/airflow/.local/lib/python3.12/site-packages/airflow/example_dags/tutorial_dag.py
[2025-06-20T15:39:42.933+0000] {logging_mixin.py:188} INFO - [2025-06-20T15:39:42.932+0000] {dag.py:3096} INFO - Sync 1 DAGs
[2025-06-20T15:39:42.946+0000] {logging_mixin.py:188} INFO - [2025-06-20T15:39:42.946+0000] {dag.py:3954} INFO - Setting next_dagrun for tutorial_dag to None, run_after=None
[2025-06-20T15:39:42.962+0000] {processor.py:183} INFO - Processing /home/airflow/.local/lib/python3.12/site-packages/airflow/example_dags/tutorial_dag.py took 0.064 seconds
[2025-06-20T15:40:13.513+0000] {processor.py:161} INFO - Started process (PID=7665) to work on /home/airflow/.local/lib/python3.12/site-packages/airflow/example_dags/tutorial_dag.py
[2025-06-20T15:40:13.514+0000] {processor.py:830} INFO - Processing file /home/airflow/.local/lib/python3.12/site-packages/airflow/example_dags/tutorial_dag.py for tasks to queue
[2025-06-20T15:40:13.516+0000] {logging_mixin.py:188} INFO - [2025-06-20T15:40:13.516+0000] {dagbag.py:540} INFO - Filling up the DagBag from /home/airflow/.local/lib/python3.12/site-packages/airflow/example_dags/tutorial_dag.py
[2025-06-20T15:40:13.522+0000] {processor.py:840} INFO - DAG(s) 'tutorial_dag' retrieved from /home/airflow/.local/lib/python3.12/site-packages/airflow/example_dags/tutorial_dag.py
[2025-06-20T15:40:13.542+0000] {logging_mixin.py:188} INFO - [2025-06-20T15:40:13.542+0000] {dag.py:3096} INFO - Sync 1 DAGs
[2025-06-20T15:40:13.554+0000] {logging_mixin.py:188} INFO - [2025-06-20T15:40:13.554+0000] {dag.py:3954} INFO - Setting next_dagrun for tutorial_dag to None, run_after=None
[2025-06-20T15:40:13.570+0000] {processor.py:183} INFO - Processing /home/airflow/.local/lib/python3.12/site-packages/airflow/example_dags/tutorial_dag.py took 0.064 seconds
[2025-06-20T15:40:44.224+0000] {processor.py:161} INFO - Started process (PID=7724) to work on /home/airflow/.local/lib/python3.12/site-packages/airflow/example_dags/tutorial_dag.py
[2025-06-20T15:40:44.225+0000] {processor.py:830} INFO - Processing file /home/airflow/.local/lib/python3.12/site-packages/airflow/example_dags/tutorial_dag.py for tasks to queue
[2025-06-20T15:40:44.226+0000] {logging_mixin.py:188} INFO - [2025-06-20T15:40:44.226+0000] {dagbag.py:540} INFO - Filling up the DagBag from /home/airflow/.local/lib/python3.12/site-packages/airflow/example_dags/tutorial_dag.py
[2025-06-20T15:40:44.232+0000] {processor.py:840} INFO - DAG(s) 'tutorial_dag' retrieved from /home/airflow/.local/lib/python3.12/site-packages/airflow/example_dags/tutorial_dag.py
[2025-06-20T15:40:44.251+0000] {logging_mixin.py:188} INFO - [2025-06-20T15:40:44.251+0000] {dag.py:3096} INFO - Sync 1 DAGs
[2025-06-20T15:40:44.263+0000] {logging_mixin.py:188} INFO - [2025-06-20T15:40:44.263+0000] {dag.py:3954} INFO - Setting next_dagrun for tutorial_dag to None, run_after=None
[2025-06-20T15:40:44.279+0000] {processor.py:183} INFO - Processing /home/airflow/.local/lib/python3.12/site-packages/airflow/example_dags/tutorial_dag.py took 0.061 seconds
[2025-06-20T15:41:14.795+0000] {processor.py:161} INFO - Started process (PID=7783) to work on /home/airflow/.local/lib/python3.12/site-packages/airflow/example_dags/tutorial_dag.py
[2025-06-20T15:41:14.795+0000] {processor.py:830} INFO - Processing file /home/airflow/.local/lib/python3.12/site-packages/airflow/example_dags/tutorial_dag.py for tasks to queue
[2025-06-20T15:41:14.797+0000] {logging_mixin.py:188} INFO - [2025-06-20T15:41:14.797+0000] {dagbag.py:540} INFO - Filling up the DagBag from /home/airflow/.local/lib/python3.12/site-packages/airflow/example_dags/tutorial_dag.py
[2025-06-20T15:41:14.803+0000] {processor.py:840} INFO - DAG(s) 'tutorial_dag' retrieved from /home/airflow/.local/lib/python3.12/site-packages/airflow/example_dags/tutorial_dag.py
[2025-06-20T15:41:14.821+0000] {logging_mixin.py:188} INFO - [2025-06-20T15:41:14.821+0000] {dag.py:3096} INFO - Sync 1 DAGs
[2025-06-20T15:41:14.833+0000] {logging_mixin.py:188} INFO - [2025-06-20T15:41:14.833+0000] {dag.py:3954} INFO - Setting next_dagrun for tutorial_dag to None, run_after=None
[2025-06-20T15:41:14.849+0000] {processor.py:183} INFO - Processing /home/airflow/.local/lib/python3.12/site-packages/airflow/example_dags/tutorial_dag.py took 0.061 seconds
[2025-06-20T15:41:45.304+0000] {processor.py:161} INFO - Started process (PID=7842) to work on /home/airflow/.local/lib/python3.12/site-packages/airflow/example_dags/tutorial_dag.py
[2025-06-20T15:41:45.305+0000] {processor.py:830} INFO - Processing file /home/airflow/.local/lib/python3.12/site-packages/airflow/example_dags/tutorial_dag.py for tasks to queue
[2025-06-20T15:41:45.306+0000] {logging_mixin.py:188} INFO - [2025-06-20T15:41:45.306+0000] {dagbag.py:540} INFO - Filling up the DagBag from /home/airflow/.local/lib/python3.12/site-packages/airflow/example_dags/tutorial_dag.py
[2025-06-20T15:41:45.312+0000] {processor.py:840} INFO - DAG(s) 'tutorial_dag' retrieved from /home/airflow/.local/lib/python3.12/site-packages/airflow/example_dags/tutorial_dag.py
[2025-06-20T15:41:45.333+0000] {logging_mixin.py:188} INFO - [2025-06-20T15:41:45.333+0000] {dag.py:3096} INFO - Sync 1 DAGs
[2025-06-20T15:41:45.345+0000] {logging_mixin.py:188} INFO - [2025-06-20T15:41:45.345+0000] {dag.py:3954} INFO - Setting next_dagrun for tutorial_dag to None, run_after=None
[2025-06-20T15:41:45.361+0000] {processor.py:183} INFO - Processing /home/airflow/.local/lib/python3.12/site-packages/airflow/example_dags/tutorial_dag.py took 0.064 seconds
[2025-06-20T15:42:16.045+0000] {processor.py:161} INFO - Started process (PID=7901) to work on /home/airflow/.local/lib/python3.12/site-packages/airflow/example_dags/tutorial_dag.py
[2025-06-20T15:42:16.046+0000] {processor.py:830} INFO - Processing file /home/airflow/.local/lib/python3.12/site-packages/airflow/example_dags/tutorial_dag.py for tasks to queue
[2025-06-20T15:42:16.049+0000] {logging_mixin.py:188} INFO - [2025-06-20T15:42:16.048+0000] {dagbag.py:540} INFO - Filling up the DagBag from /home/airflow/.local/lib/python3.12/site-packages/airflow/example_dags/tutorial_dag.py
[2025-06-20T15:42:16.055+0000] {processor.py:840} INFO - DAG(s) 'tutorial_dag' retrieved from /home/airflow/.local/lib/python3.12/site-packages/airflow/example_dags/tutorial_dag.py
[2025-06-20T15:42:16.076+0000] {logging_mixin.py:188} INFO - [2025-06-20T15:42:16.076+0000] {dag.py:3096} INFO - Sync 1 DAGs
[2025-06-20T15:42:16.088+0000] {logging_mixin.py:188} INFO - [2025-06-20T15:42:16.088+0000] {dag.py:3954} INFO - Setting next_dagrun for tutorial_dag to None, run_after=None
[2025-06-20T15:42:16.104+0000] {processor.py:183} INFO - Processing /home/airflow/.local/lib/python3.12/site-packages/airflow/example_dags/tutorial_dag.py took 0.065 seconds
[2025-06-20T15:42:46.694+0000] {processor.py:161} INFO - Started process (PID=7960) to work on /home/airflow/.local/lib/python3.12/site-packages/airflow/example_dags/tutorial_dag.py
[2025-06-20T15:42:46.695+0000] {processor.py:830} INFO - Processing file /home/airflow/.local/lib/python3.12/site-packages/airflow/example_dags/tutorial_dag.py for tasks to queue
[2025-06-20T15:42:46.697+0000] {logging_mixin.py:188} INFO - [2025-06-20T15:42:46.697+0000] {dagbag.py:540} INFO - Filling up the DagBag from /home/airflow/.local/lib/python3.12/site-packages/airflow/example_dags/tutorial_dag.py
[2025-06-20T15:42:46.702+0000] {processor.py:840} INFO - DAG(s) 'tutorial_dag' retrieved from /home/airflow/.local/lib/python3.12/site-packages/airflow/example_dags/tutorial_dag.py
[2025-06-20T15:42:46.722+0000] {logging_mixin.py:188} INFO - [2025-06-20T15:42:46.722+0000] {dag.py:3096} INFO - Sync 1 DAGs
[2025-06-20T15:42:46.734+0000] {logging_mixin.py:188} INFO - [2025-06-20T15:42:46.734+0000] {dag.py:3954} INFO - Setting next_dagrun for tutorial_dag to None, run_after=None
[2025-06-20T15:42:46.750+0000] {processor.py:183} INFO - Processing /home/airflow/.local/lib/python3.12/site-packages/airflow/example_dags/tutorial_dag.py took 0.063 seconds
[2025-06-20T15:43:17.481+0000] {processor.py:161} INFO - Started process (PID=8019) to work on /home/airflow/.local/lib/python3.12/site-packages/airflow/example_dags/tutorial_dag.py
[2025-06-20T15:43:17.482+0000] {processor.py:830} INFO - Processing file /home/airflow/.local/lib/python3.12/site-packages/airflow/example_dags/tutorial_dag.py for tasks to queue
[2025-06-20T15:43:17.484+0000] {logging_mixin.py:188} INFO - [2025-06-20T15:43:17.483+0000] {dagbag.py:540} INFO - Filling up the DagBag from /home/airflow/.local/lib/python3.12/site-packages/airflow/example_dags/tutorial_dag.py
[2025-06-20T15:43:17.489+0000] {processor.py:840} INFO - DAG(s) 'tutorial_dag' retrieved from /home/airflow/.local/lib/python3.12/site-packages/airflow/example_dags/tutorial_dag.py
[2025-06-20T15:43:17.508+0000] {logging_mixin.py:188} INFO - [2025-06-20T15:43:17.508+0000] {dag.py:3096} INFO - Sync 1 DAGs
[2025-06-20T15:43:17.520+0000] {logging_mixin.py:188} INFO - [2025-06-20T15:43:17.520+0000] {dag.py:3954} INFO - Setting next_dagrun for tutorial_dag to None, run_after=None
[2025-06-20T15:43:17.536+0000] {processor.py:183} INFO - Processing /home/airflow/.local/lib/python3.12/site-packages/airflow/example_dags/tutorial_dag.py took 0.061 seconds
[2025-06-20T15:43:48.001+0000] {processor.py:161} INFO - Started process (PID=8078) to work on /home/airflow/.local/lib/python3.12/site-packages/airflow/example_dags/tutorial_dag.py
[2025-06-20T15:43:48.002+0000] {processor.py:830} INFO - Processing file /home/airflow/.local/lib/python3.12/site-packages/airflow/example_dags/tutorial_dag.py for tasks to queue
[2025-06-20T15:43:48.004+0000] {logging_mixin.py:188} INFO - [2025-06-20T15:43:48.004+0000] {dagbag.py:540} INFO - Filling up the DagBag from /home/airflow/.local/lib/python3.12/site-packages/airflow/example_dags/tutorial_dag.py
[2025-06-20T15:43:48.009+0000] {processor.py:840} INFO - DAG(s) 'tutorial_dag' retrieved from /home/airflow/.local/lib/python3.12/site-packages/airflow/example_dags/tutorial_dag.py
[2025-06-20T15:43:48.029+0000] {logging_mixin.py:188} INFO - [2025-06-20T15:43:48.029+0000] {dag.py:3096} INFO - Sync 1 DAGs
[2025-06-20T15:43:48.042+0000] {logging_mixin.py:188} INFO - [2025-06-20T15:43:48.042+0000] {dag.py:3954} INFO - Setting next_dagrun for tutorial_dag to None, run_after=None
[2025-06-20T15:43:48.058+0000] {processor.py:183} INFO - Processing /home/airflow/.local/lib/python3.12/site-packages/airflow/example_dags/tutorial_dag.py took 0.063 seconds
[2025-06-20T15:44:18.748+0000] {processor.py:161} INFO - Started process (PID=8137) to work on /home/airflow/.local/lib/python3.12/site-packages/airflow/example_dags/tutorial_dag.py
[2025-06-20T15:44:18.749+0000] {processor.py:830} INFO - Processing file /home/airflow/.local/lib/python3.12/site-packages/airflow/example_dags/tutorial_dag.py for tasks to queue
[2025-06-20T15:44:18.751+0000] {logging_mixin.py:188} INFO - [2025-06-20T15:44:18.751+0000] {dagbag.py:540} INFO - Filling up the DagBag from /home/airflow/.local/lib/python3.12/site-packages/airflow/example_dags/tutorial_dag.py
[2025-06-20T15:44:18.756+0000] {processor.py:840} INFO - DAG(s) 'tutorial_dag' retrieved from /home/airflow/.local/lib/python3.12/site-packages/airflow/example_dags/tutorial_dag.py
[2025-06-20T15:44:18.775+0000] {logging_mixin.py:188} INFO - [2025-06-20T15:44:18.775+0000] {dag.py:3096} INFO - Sync 1 DAGs
[2025-06-20T15:44:18.787+0000] {logging_mixin.py:188} INFO - [2025-06-20T15:44:18.786+0000] {dag.py:3954} INFO - Setting next_dagrun for tutorial_dag to None, run_after=None
[2025-06-20T15:44:18.802+0000] {processor.py:183} INFO - Processing /home/airflow/.local/lib/python3.12/site-packages/airflow/example_dags/tutorial_dag.py took 0.060 seconds
[2025-06-20T15:44:49.408+0000] {processor.py:161} INFO - Started process (PID=8196) to work on /home/airflow/.local/lib/python3.12/site-packages/airflow/example_dags/tutorial_dag.py
[2025-06-20T15:44:49.409+0000] {processor.py:830} INFO - Processing file /home/airflow/.local/lib/python3.12/site-packages/airflow/example_dags/tutorial_dag.py for tasks to queue
[2025-06-20T15:44:49.411+0000] {logging_mixin.py:188} INFO - [2025-06-20T15:44:49.411+0000] {dagbag.py:540} INFO - Filling up the DagBag from /home/airflow/.local/lib/python3.12/site-packages/airflow/example_dags/tutorial_dag.py
[2025-06-20T15:44:49.417+0000] {processor.py:840} INFO - DAG(s) 'tutorial_dag' retrieved from /home/airflow/.local/lib/python3.12/site-packages/airflow/example_dags/tutorial_dag.py
[2025-06-20T15:44:49.437+0000] {logging_mixin.py:188} INFO - [2025-06-20T15:44:49.437+0000] {dag.py:3096} INFO - Sync 1 DAGs
[2025-06-20T15:44:49.449+0000] {logging_mixin.py:188} INFO - [2025-06-20T15:44:49.449+0000] {dag.py:3954} INFO - Setting next_dagrun for tutorial_dag to None, run_after=None
[2025-06-20T15:44:49.466+0000] {processor.py:183} INFO - Processing /home/airflow/.local/lib/python3.12/site-packages/airflow/example_dags/tutorial_dag.py took 0.064 seconds
[2025-06-20T15:45:20.243+0000] {processor.py:161} INFO - Started process (PID=8255) to work on /home/airflow/.local/lib/python3.12/site-packages/airflow/example_dags/tutorial_dag.py
[2025-06-20T15:45:20.244+0000] {processor.py:830} INFO - Processing file /home/airflow/.local/lib/python3.12/site-packages/airflow/example_dags/tutorial_dag.py for tasks to queue
[2025-06-20T15:45:20.246+0000] {logging_mixin.py:188} INFO - [2025-06-20T15:45:20.246+0000] {dagbag.py:540} INFO - Filling up the DagBag from /home/airflow/.local/lib/python3.12/site-packages/airflow/example_dags/tutorial_dag.py
[2025-06-20T15:45:20.252+0000] {processor.py:840} INFO - DAG(s) 'tutorial_dag' retrieved from /home/airflow/.local/lib/python3.12/site-packages/airflow/example_dags/tutorial_dag.py
[2025-06-20T15:45:20.273+0000] {logging_mixin.py:188} INFO - [2025-06-20T15:45:20.273+0000] {dag.py:3096} INFO - Sync 1 DAGs
[2025-06-20T15:45:20.286+0000] {logging_mixin.py:188} INFO - [2025-06-20T15:45:20.286+0000] {dag.py:3954} INFO - Setting next_dagrun for tutorial_dag to None, run_after=None
[2025-06-20T15:45:20.303+0000] {processor.py:183} INFO - Processing /home/airflow/.local/lib/python3.12/site-packages/airflow/example_dags/tutorial_dag.py took 0.066 seconds
[2025-06-20T15:45:50.377+0000] {processor.py:161} INFO - Started process (PID=8314) to work on /home/airflow/.local/lib/python3.12/site-packages/airflow/example_dags/tutorial_dag.py
[2025-06-20T15:45:50.378+0000] {processor.py:830} INFO - Processing file /home/airflow/.local/lib/python3.12/site-packages/airflow/example_dags/tutorial_dag.py for tasks to queue
[2025-06-20T15:45:50.380+0000] {logging_mixin.py:188} INFO - [2025-06-20T15:45:50.380+0000] {dagbag.py:540} INFO - Filling up the DagBag from /home/airflow/.local/lib/python3.12/site-packages/airflow/example_dags/tutorial_dag.py
[2025-06-20T15:45:50.385+0000] {processor.py:840} INFO - DAG(s) 'tutorial_dag' retrieved from /home/airflow/.local/lib/python3.12/site-packages/airflow/example_dags/tutorial_dag.py
[2025-06-20T15:45:50.404+0000] {logging_mixin.py:188} INFO - [2025-06-20T15:45:50.404+0000] {dag.py:3096} INFO - Sync 1 DAGs
[2025-06-20T15:45:50.416+0000] {logging_mixin.py:188} INFO - [2025-06-20T15:45:50.416+0000] {dag.py:3954} INFO - Setting next_dagrun for tutorial_dag to None, run_after=None
[2025-06-20T15:45:50.432+0000] {processor.py:183} INFO - Processing /home/airflow/.local/lib/python3.12/site-packages/airflow/example_dags/tutorial_dag.py took 0.061 seconds
[2025-06-20T15:46:20.643+0000] {processor.py:161} INFO - Started process (PID=8372) to work on /home/airflow/.local/lib/python3.12/site-packages/airflow/example_dags/tutorial_dag.py
[2025-06-20T15:46:20.644+0000] {processor.py:830} INFO - Processing file /home/airflow/.local/lib/python3.12/site-packages/airflow/example_dags/tutorial_dag.py for tasks to queue
[2025-06-20T15:46:20.646+0000] {logging_mixin.py:188} INFO - [2025-06-20T15:46:20.645+0000] {dagbag.py:540} INFO - Filling up the DagBag from /home/airflow/.local/lib/python3.12/site-packages/airflow/example_dags/tutorial_dag.py
[2025-06-20T15:46:20.651+0000] {processor.py:840} INFO - DAG(s) 'tutorial_dag' retrieved from /home/airflow/.local/lib/python3.12/site-packages/airflow/example_dags/tutorial_dag.py
[2025-06-20T15:46:20.670+0000] {logging_mixin.py:188} INFO - [2025-06-20T15:46:20.670+0000] {dag.py:3096} INFO - Sync 1 DAGs
[2025-06-20T15:46:20.682+0000] {logging_mixin.py:188} INFO - [2025-06-20T15:46:20.682+0000] {dag.py:3954} INFO - Setting next_dagrun for tutorial_dag to None, run_after=None
[2025-06-20T15:46:20.697+0000] {processor.py:183} INFO - Processing /home/airflow/.local/lib/python3.12/site-packages/airflow/example_dags/tutorial_dag.py took 0.061 seconds
[2025-06-20T15:46:51.362+0000] {processor.py:161} INFO - Started process (PID=8432) to work on /home/airflow/.local/lib/python3.12/site-packages/airflow/example_dags/tutorial_dag.py
[2025-06-20T15:46:51.363+0000] {processor.py:830} INFO - Processing file /home/airflow/.local/lib/python3.12/site-packages/airflow/example_dags/tutorial_dag.py for tasks to queue
[2025-06-20T15:46:51.365+0000] {logging_mixin.py:188} INFO - [2025-06-20T15:46:51.365+0000] {dagbag.py:540} INFO - Filling up the DagBag from /home/airflow/.local/lib/python3.12/site-packages/airflow/example_dags/tutorial_dag.py
[2025-06-20T15:46:51.370+0000] {processor.py:840} INFO - DAG(s) 'tutorial_dag' retrieved from /home/airflow/.local/lib/python3.12/site-packages/airflow/example_dags/tutorial_dag.py
[2025-06-20T15:46:51.390+0000] {logging_mixin.py:188} INFO - [2025-06-20T15:46:51.389+0000] {dag.py:3096} INFO - Sync 1 DAGs
[2025-06-20T15:46:51.402+0000] {logging_mixin.py:188} INFO - [2025-06-20T15:46:51.401+0000] {dag.py:3954} INFO - Setting next_dagrun for tutorial_dag to None, run_after=None
[2025-06-20T15:46:51.417+0000] {processor.py:183} INFO - Processing /home/airflow/.local/lib/python3.12/site-packages/airflow/example_dags/tutorial_dag.py took 0.061 seconds
[2025-06-20T15:47:21.977+0000] {processor.py:161} INFO - Started process (PID=8491) to work on /home/airflow/.local/lib/python3.12/site-packages/airflow/example_dags/tutorial_dag.py
[2025-06-20T15:47:21.978+0000] {processor.py:830} INFO - Processing file /home/airflow/.local/lib/python3.12/site-packages/airflow/example_dags/tutorial_dag.py for tasks to queue
[2025-06-20T15:47:21.979+0000] {logging_mixin.py:188} INFO - [2025-06-20T15:47:21.979+0000] {dagbag.py:540} INFO - Filling up the DagBag from /home/airflow/.local/lib/python3.12/site-packages/airflow/example_dags/tutorial_dag.py
[2025-06-20T15:47:21.985+0000] {processor.py:840} INFO - DAG(s) 'tutorial_dag' retrieved from /home/airflow/.local/lib/python3.12/site-packages/airflow/example_dags/tutorial_dag.py
[2025-06-20T15:47:22.005+0000] {logging_mixin.py:188} INFO - [2025-06-20T15:47:22.004+0000] {dag.py:3096} INFO - Sync 1 DAGs
[2025-06-20T15:47:22.017+0000] {logging_mixin.py:188} INFO - [2025-06-20T15:47:22.016+0000] {dag.py:3954} INFO - Setting next_dagrun for tutorial_dag to None, run_after=None
[2025-06-20T15:47:22.033+0000] {processor.py:183} INFO - Processing /home/airflow/.local/lib/python3.12/site-packages/airflow/example_dags/tutorial_dag.py took 0.062 seconds
[2025-06-20T15:47:52.603+0000] {processor.py:161} INFO - Started process (PID=8550) to work on /home/airflow/.local/lib/python3.12/site-packages/airflow/example_dags/tutorial_dag.py
[2025-06-20T15:47:52.604+0000] {processor.py:830} INFO - Processing file /home/airflow/.local/lib/python3.12/site-packages/airflow/example_dags/tutorial_dag.py for tasks to queue
[2025-06-20T15:47:52.606+0000] {logging_mixin.py:188} INFO - [2025-06-20T15:47:52.606+0000] {dagbag.py:540} INFO - Filling up the DagBag from /home/airflow/.local/lib/python3.12/site-packages/airflow/example_dags/tutorial_dag.py
[2025-06-20T15:47:52.612+0000] {processor.py:840} INFO - DAG(s) 'tutorial_dag' retrieved from /home/airflow/.local/lib/python3.12/site-packages/airflow/example_dags/tutorial_dag.py
[2025-06-20T15:47:52.631+0000] {logging_mixin.py:188} INFO - [2025-06-20T15:47:52.631+0000] {dag.py:3096} INFO - Sync 1 DAGs
[2025-06-20T15:47:52.643+0000] {logging_mixin.py:188} INFO - [2025-06-20T15:47:52.643+0000] {dag.py:3954} INFO - Setting next_dagrun for tutorial_dag to None, run_after=None
[2025-06-20T15:47:52.659+0000] {processor.py:183} INFO - Processing /home/airflow/.local/lib/python3.12/site-packages/airflow/example_dags/tutorial_dag.py took 0.062 seconds
[2025-06-20T15:48:23.314+0000] {processor.py:161} INFO - Started process (PID=8609) to work on /home/airflow/.local/lib/python3.12/site-packages/airflow/example_dags/tutorial_dag.py
[2025-06-20T15:48:23.315+0000] {processor.py:830} INFO - Processing file /home/airflow/.local/lib/python3.12/site-packages/airflow/example_dags/tutorial_dag.py for tasks to queue
[2025-06-20T15:48:23.317+0000] {logging_mixin.py:188} INFO - [2025-06-20T15:48:23.316+0000] {dagbag.py:540} INFO - Filling up the DagBag from /home/airflow/.local/lib/python3.12/site-packages/airflow/example_dags/tutorial_dag.py
[2025-06-20T15:48:23.322+0000] {processor.py:840} INFO - DAG(s) 'tutorial_dag' retrieved from /home/airflow/.local/lib/python3.12/site-packages/airflow/example_dags/tutorial_dag.py
[2025-06-20T15:48:23.342+0000] {logging_mixin.py:188} INFO - [2025-06-20T15:48:23.342+0000] {dag.py:3096} INFO - Sync 1 DAGs
[2025-06-20T15:48:23.356+0000] {logging_mixin.py:188} INFO - [2025-06-20T15:48:23.356+0000] {dag.py:3954} INFO - Setting next_dagrun for tutorial_dag to None, run_after=None
[2025-06-20T15:48:23.373+0000] {processor.py:183} INFO - Processing /home/airflow/.local/lib/python3.12/site-packages/airflow/example_dags/tutorial_dag.py took 0.066 seconds
[2025-06-20T15:48:54.175+0000] {processor.py:161} INFO - Started process (PID=8668) to work on /home/airflow/.local/lib/python3.12/site-packages/airflow/example_dags/tutorial_dag.py
[2025-06-20T15:48:54.176+0000] {processor.py:830} INFO - Processing file /home/airflow/.local/lib/python3.12/site-packages/airflow/example_dags/tutorial_dag.py for tasks to queue
[2025-06-20T15:48:54.178+0000] {logging_mixin.py:188} INFO - [2025-06-20T15:48:54.178+0000] {dagbag.py:540} INFO - Filling up the DagBag from /home/airflow/.local/lib/python3.12/site-packages/airflow/example_dags/tutorial_dag.py
[2025-06-20T15:48:54.186+0000] {processor.py:840} INFO - DAG(s) 'tutorial_dag' retrieved from /home/airflow/.local/lib/python3.12/site-packages/airflow/example_dags/tutorial_dag.py
[2025-06-20T15:48:54.207+0000] {logging_mixin.py:188} INFO - [2025-06-20T15:48:54.206+0000] {dag.py:3096} INFO - Sync 1 DAGs
[2025-06-20T15:48:54.218+0000] {logging_mixin.py:188} INFO - [2025-06-20T15:48:54.218+0000] {dag.py:3954} INFO - Setting next_dagrun for tutorial_dag to None, run_after=None
[2025-06-20T15:48:54.234+0000] {processor.py:183} INFO - Processing /home/airflow/.local/lib/python3.12/site-packages/airflow/example_dags/tutorial_dag.py took 0.067 seconds
[2025-06-20T15:49:24.829+0000] {processor.py:161} INFO - Started process (PID=8727) to work on /home/airflow/.local/lib/python3.12/site-packages/airflow/example_dags/tutorial_dag.py
[2025-06-20T15:49:24.830+0000] {processor.py:830} INFO - Processing file /home/airflow/.local/lib/python3.12/site-packages/airflow/example_dags/tutorial_dag.py for tasks to queue
[2025-06-20T15:49:24.832+0000] {logging_mixin.py:188} INFO - [2025-06-20T15:49:24.832+0000] {dagbag.py:540} INFO - Filling up the DagBag from /home/airflow/.local/lib/python3.12/site-packages/airflow/example_dags/tutorial_dag.py
[2025-06-20T15:49:24.838+0000] {processor.py:840} INFO - DAG(s) 'tutorial_dag' retrieved from /home/airflow/.local/lib/python3.12/site-packages/airflow/example_dags/tutorial_dag.py
[2025-06-20T15:49:24.858+0000] {logging_mixin.py:188} INFO - [2025-06-20T15:49:24.858+0000] {dag.py:3096} INFO - Sync 1 DAGs
[2025-06-20T15:49:24.870+0000] {logging_mixin.py:188} INFO - [2025-06-20T15:49:24.870+0000] {dag.py:3954} INFO - Setting next_dagrun for tutorial_dag to None, run_after=None
[2025-06-20T15:49:24.886+0000] {processor.py:183} INFO - Processing /home/airflow/.local/lib/python3.12/site-packages/airflow/example_dags/tutorial_dag.py took 0.064 seconds
[2025-06-20T15:49:55.564+0000] {processor.py:161} INFO - Started process (PID=8786) to work on /home/airflow/.local/lib/python3.12/site-packages/airflow/example_dags/tutorial_dag.py
[2025-06-20T15:49:55.565+0000] {processor.py:830} INFO - Processing file /home/airflow/.local/lib/python3.12/site-packages/airflow/example_dags/tutorial_dag.py for tasks to queue
[2025-06-20T15:49:55.567+0000] {logging_mixin.py:188} INFO - [2025-06-20T15:49:55.567+0000] {dagbag.py:540} INFO - Filling up the DagBag from /home/airflow/.local/lib/python3.12/site-packages/airflow/example_dags/tutorial_dag.py
[2025-06-20T15:49:55.573+0000] {processor.py:840} INFO - DAG(s) 'tutorial_dag' retrieved from /home/airflow/.local/lib/python3.12/site-packages/airflow/example_dags/tutorial_dag.py
[2025-06-20T15:49:55.593+0000] {logging_mixin.py:188} INFO - [2025-06-20T15:49:55.593+0000] {dag.py:3096} INFO - Sync 1 DAGs
[2025-06-20T15:49:55.605+0000] {logging_mixin.py:188} INFO - [2025-06-20T15:49:55.605+0000] {dag.py:3954} INFO - Setting next_dagrun for tutorial_dag to None, run_after=None
[2025-06-20T15:49:55.621+0000] {processor.py:183} INFO - Processing /home/airflow/.local/lib/python3.12/site-packages/airflow/example_dags/tutorial_dag.py took 0.063 seconds
[2025-06-20T15:50:26.219+0000] {processor.py:161} INFO - Started process (PID=8845) to work on /home/airflow/.local/lib/python3.12/site-packages/airflow/example_dags/tutorial_dag.py
[2025-06-20T15:50:26.220+0000] {processor.py:830} INFO - Processing file /home/airflow/.local/lib/python3.12/site-packages/airflow/example_dags/tutorial_dag.py for tasks to queue
[2025-06-20T15:50:26.222+0000] {logging_mixin.py:188} INFO - [2025-06-20T15:50:26.222+0000] {dagbag.py:540} INFO - Filling up the DagBag from /home/airflow/.local/lib/python3.12/site-packages/airflow/example_dags/tutorial_dag.py
[2025-06-20T15:50:26.227+0000] {processor.py:840} INFO - DAG(s) 'tutorial_dag' retrieved from /home/airflow/.local/lib/python3.12/site-packages/airflow/example_dags/tutorial_dag.py
[2025-06-20T15:50:26.246+0000] {logging_mixin.py:188} INFO - [2025-06-20T15:50:26.246+0000] {dag.py:3096} INFO - Sync 1 DAGs
[2025-06-20T15:50:26.259+0000] {logging_mixin.py:188} INFO - [2025-06-20T15:50:26.259+0000] {dag.py:3954} INFO - Setting next_dagrun for tutorial_dag to None, run_after=None
[2025-06-20T15:50:26.276+0000] {processor.py:183} INFO - Processing /home/airflow/.local/lib/python3.12/site-packages/airflow/example_dags/tutorial_dag.py took 0.063 seconds
[2025-06-20T15:50:56.959+0000] {processor.py:161} INFO - Started process (PID=8904) to work on /home/airflow/.local/lib/python3.12/site-packages/airflow/example_dags/tutorial_dag.py
[2025-06-20T15:50:56.960+0000] {processor.py:830} INFO - Processing file /home/airflow/.local/lib/python3.12/site-packages/airflow/example_dags/tutorial_dag.py for tasks to queue
[2025-06-20T15:50:56.962+0000] {logging_mixin.py:188} INFO - [2025-06-20T15:50:56.962+0000] {dagbag.py:540} INFO - Filling up the DagBag from /home/airflow/.local/lib/python3.12/site-packages/airflow/example_dags/tutorial_dag.py
[2025-06-20T15:50:56.968+0000] {processor.py:840} INFO - DAG(s) 'tutorial_dag' retrieved from /home/airflow/.local/lib/python3.12/site-packages/airflow/example_dags/tutorial_dag.py
[2025-06-20T15:50:56.987+0000] {logging_mixin.py:188} INFO - [2025-06-20T15:50:56.987+0000] {dag.py:3096} INFO - Sync 1 DAGs
[2025-06-20T15:50:56.999+0000] {logging_mixin.py:188} INFO - [2025-06-20T15:50:56.999+0000] {dag.py:3954} INFO - Setting next_dagrun for tutorial_dag to None, run_after=None
[2025-06-20T15:50:57.014+0000] {processor.py:183} INFO - Processing /home/airflow/.local/lib/python3.12/site-packages/airflow/example_dags/tutorial_dag.py took 0.061 seconds
[2025-06-20T15:51:27.638+0000] {processor.py:161} INFO - Started process (PID=8963) to work on /home/airflow/.local/lib/python3.12/site-packages/airflow/example_dags/tutorial_dag.py
[2025-06-20T15:51:27.639+0000] {processor.py:830} INFO - Processing file /home/airflow/.local/lib/python3.12/site-packages/airflow/example_dags/tutorial_dag.py for tasks to queue
[2025-06-20T15:51:27.641+0000] {logging_mixin.py:188} INFO - [2025-06-20T15:51:27.641+0000] {dagbag.py:540} INFO - Filling up the DagBag from /home/airflow/.local/lib/python3.12/site-packages/airflow/example_dags/tutorial_dag.py
[2025-06-20T15:51:27.647+0000] {processor.py:840} INFO - DAG(s) 'tutorial_dag' retrieved from /home/airflow/.local/lib/python3.12/site-packages/airflow/example_dags/tutorial_dag.py
[2025-06-20T15:51:27.667+0000] {logging_mixin.py:188} INFO - [2025-06-20T15:51:27.667+0000] {dag.py:3096} INFO - Sync 1 DAGs
[2025-06-20T15:51:27.679+0000] {logging_mixin.py:188} INFO - [2025-06-20T15:51:27.679+0000] {dag.py:3954} INFO - Setting next_dagrun for tutorial_dag to None, run_after=None
[2025-06-20T15:51:27.695+0000] {processor.py:183} INFO - Processing /home/airflow/.local/lib/python3.12/site-packages/airflow/example_dags/tutorial_dag.py took 0.063 seconds
[2025-06-20T15:51:58.227+0000] {processor.py:161} INFO - Started process (PID=9022) to work on /home/airflow/.local/lib/python3.12/site-packages/airflow/example_dags/tutorial_dag.py
[2025-06-20T15:51:58.228+0000] {processor.py:830} INFO - Processing file /home/airflow/.local/lib/python3.12/site-packages/airflow/example_dags/tutorial_dag.py for tasks to queue
[2025-06-20T15:51:58.230+0000] {logging_mixin.py:188} INFO - [2025-06-20T15:51:58.230+0000] {dagbag.py:540} INFO - Filling up the DagBag from /home/airflow/.local/lib/python3.12/site-packages/airflow/example_dags/tutorial_dag.py
[2025-06-20T15:51:58.237+0000] {processor.py:840} INFO - DAG(s) 'tutorial_dag' retrieved from /home/airflow/.local/lib/python3.12/site-packages/airflow/example_dags/tutorial_dag.py
[2025-06-20T15:51:58.262+0000] {logging_mixin.py:188} INFO - [2025-06-20T15:51:58.262+0000] {dag.py:3096} INFO - Sync 1 DAGs
[2025-06-20T15:51:58.277+0000] {logging_mixin.py:188} INFO - [2025-06-20T15:51:58.277+0000] {dag.py:3954} INFO - Setting next_dagrun for tutorial_dag to None, run_after=None
[2025-06-20T15:51:58.296+0000] {processor.py:183} INFO - Processing /home/airflow/.local/lib/python3.12/site-packages/airflow/example_dags/tutorial_dag.py took 0.076 seconds
[2025-06-20T15:52:28.898+0000] {processor.py:161} INFO - Started process (PID=9081) to work on /home/airflow/.local/lib/python3.12/site-packages/airflow/example_dags/tutorial_dag.py
[2025-06-20T15:52:28.899+0000] {processor.py:830} INFO - Processing file /home/airflow/.local/lib/python3.12/site-packages/airflow/example_dags/tutorial_dag.py for tasks to queue
[2025-06-20T15:52:28.902+0000] {logging_mixin.py:188} INFO - [2025-06-20T15:52:28.901+0000] {dagbag.py:540} INFO - Filling up the DagBag from /home/airflow/.local/lib/python3.12/site-packages/airflow/example_dags/tutorial_dag.py
[2025-06-20T15:52:28.907+0000] {processor.py:840} INFO - DAG(s) 'tutorial_dag' retrieved from /home/airflow/.local/lib/python3.12/site-packages/airflow/example_dags/tutorial_dag.py
[2025-06-20T15:52:28.928+0000] {logging_mixin.py:188} INFO - [2025-06-20T15:52:28.928+0000] {dag.py:3096} INFO - Sync 1 DAGs
[2025-06-20T15:52:28.941+0000] {logging_mixin.py:188} INFO - [2025-06-20T15:52:28.941+0000] {dag.py:3954} INFO - Setting next_dagrun for tutorial_dag to None, run_after=None
[2025-06-20T15:52:28.956+0000] {processor.py:183} INFO - Processing /home/airflow/.local/lib/python3.12/site-packages/airflow/example_dags/tutorial_dag.py took 0.067 seconds
[2025-06-20T15:52:59.088+0000] {processor.py:161} INFO - Started process (PID=9140) to work on /home/airflow/.local/lib/python3.12/site-packages/airflow/example_dags/tutorial_dag.py
[2025-06-20T15:52:59.089+0000] {processor.py:830} INFO - Processing file /home/airflow/.local/lib/python3.12/site-packages/airflow/example_dags/tutorial_dag.py for tasks to queue
[2025-06-20T15:52:59.091+0000] {logging_mixin.py:188} INFO - [2025-06-20T15:52:59.091+0000] {dagbag.py:540} INFO - Filling up the DagBag from /home/airflow/.local/lib/python3.12/site-packages/airflow/example_dags/tutorial_dag.py
[2025-06-20T15:52:59.096+0000] {processor.py:840} INFO - DAG(s) 'tutorial_dag' retrieved from /home/airflow/.local/lib/python3.12/site-packages/airflow/example_dags/tutorial_dag.py
[2025-06-20T15:52:59.116+0000] {logging_mixin.py:188} INFO - [2025-06-20T15:52:59.116+0000] {dag.py:3096} INFO - Sync 1 DAGs
[2025-06-20T15:52:59.129+0000] {logging_mixin.py:188} INFO - [2025-06-20T15:52:59.129+0000] {dag.py:3954} INFO - Setting next_dagrun for tutorial_dag to None, run_after=None
[2025-06-20T15:52:59.146+0000] {processor.py:183} INFO - Processing /home/airflow/.local/lib/python3.12/site-packages/airflow/example_dags/tutorial_dag.py took 0.064 seconds
[2025-06-20T15:53:29.298+0000] {processor.py:161} INFO - Started process (PID=9199) to work on /home/airflow/.local/lib/python3.12/site-packages/airflow/example_dags/tutorial_dag.py
[2025-06-20T15:53:29.299+0000] {processor.py:830} INFO - Processing file /home/airflow/.local/lib/python3.12/site-packages/airflow/example_dags/tutorial_dag.py for tasks to queue
[2025-06-20T15:53:29.301+0000] {logging_mixin.py:188} INFO - [2025-06-20T15:53:29.301+0000] {dagbag.py:540} INFO - Filling up the DagBag from /home/airflow/.local/lib/python3.12/site-packages/airflow/example_dags/tutorial_dag.py
[2025-06-20T15:53:29.307+0000] {processor.py:840} INFO - DAG(s) 'tutorial_dag' retrieved from /home/airflow/.local/lib/python3.12/site-packages/airflow/example_dags/tutorial_dag.py
[2025-06-20T15:53:29.327+0000] {logging_mixin.py:188} INFO - [2025-06-20T15:53:29.326+0000] {dag.py:3096} INFO - Sync 1 DAGs
[2025-06-20T15:53:29.339+0000] {logging_mixin.py:188} INFO - [2025-06-20T15:53:29.339+0000] {dag.py:3954} INFO - Setting next_dagrun for tutorial_dag to None, run_after=None
[2025-06-20T15:53:29.355+0000] {processor.py:183} INFO - Processing /home/airflow/.local/lib/python3.12/site-packages/airflow/example_dags/tutorial_dag.py took 0.063 seconds
[2025-06-20T15:53:59.482+0000] {processor.py:161} INFO - Started process (PID=9258) to work on /home/airflow/.local/lib/python3.12/site-packages/airflow/example_dags/tutorial_dag.py
[2025-06-20T15:53:59.483+0000] {processor.py:830} INFO - Processing file /home/airflow/.local/lib/python3.12/site-packages/airflow/example_dags/tutorial_dag.py for tasks to queue
[2025-06-20T15:53:59.486+0000] {logging_mixin.py:188} INFO - [2025-06-20T15:53:59.485+0000] {dagbag.py:540} INFO - Filling up the DagBag from /home/airflow/.local/lib/python3.12/site-packages/airflow/example_dags/tutorial_dag.py
[2025-06-20T15:53:59.493+0000] {processor.py:840} INFO - DAG(s) 'tutorial_dag' retrieved from /home/airflow/.local/lib/python3.12/site-packages/airflow/example_dags/tutorial_dag.py
[2025-06-20T15:53:59.516+0000] {logging_mixin.py:188} INFO - [2025-06-20T15:53:59.516+0000] {dag.py:3096} INFO - Sync 1 DAGs
[2025-06-20T15:53:59.535+0000] {logging_mixin.py:188} INFO - [2025-06-20T15:53:59.535+0000] {dag.py:3954} INFO - Setting next_dagrun for tutorial_dag to None, run_after=None
[2025-06-20T15:53:59.556+0000] {processor.py:183} INFO - Processing /home/airflow/.local/lib/python3.12/site-packages/airflow/example_dags/tutorial_dag.py took 0.080 seconds
[2025-06-20T15:54:29.872+0000] {processor.py:161} INFO - Started process (PID=9322) to work on /home/airflow/.local/lib/python3.12/site-packages/airflow/example_dags/tutorial_dag.py
[2025-06-20T15:54:29.873+0000] {processor.py:830} INFO - Processing file /home/airflow/.local/lib/python3.12/site-packages/airflow/example_dags/tutorial_dag.py for tasks to queue
[2025-06-20T15:54:29.875+0000] {logging_mixin.py:188} INFO - [2025-06-20T15:54:29.875+0000] {dagbag.py:540} INFO - Filling up the DagBag from /home/airflow/.local/lib/python3.12/site-packages/airflow/example_dags/tutorial_dag.py
[2025-06-20T15:54:29.881+0000] {processor.py:840} INFO - DAG(s) 'tutorial_dag' retrieved from /home/airflow/.local/lib/python3.12/site-packages/airflow/example_dags/tutorial_dag.py
[2025-06-20T15:54:29.900+0000] {logging_mixin.py:188} INFO - [2025-06-20T15:54:29.900+0000] {dag.py:3096} INFO - Sync 1 DAGs
[2025-06-20T15:54:29.912+0000] {logging_mixin.py:188} INFO - [2025-06-20T15:54:29.912+0000] {dag.py:3954} INFO - Setting next_dagrun for tutorial_dag to None, run_after=None
[2025-06-20T15:54:29.928+0000] {processor.py:183} INFO - Processing /home/airflow/.local/lib/python3.12/site-packages/airflow/example_dags/tutorial_dag.py took 0.063 seconds
[2025-06-20T15:55:00.469+0000] {processor.py:161} INFO - Started process (PID=9382) to work on /home/airflow/.local/lib/python3.12/site-packages/airflow/example_dags/tutorial_dag.py
[2025-06-20T15:55:00.470+0000] {processor.py:830} INFO - Processing file /home/airflow/.local/lib/python3.12/site-packages/airflow/example_dags/tutorial_dag.py for tasks to queue
[2025-06-20T15:55:00.472+0000] {logging_mixin.py:188} INFO - [2025-06-20T15:55:00.471+0000] {dagbag.py:540} INFO - Filling up the DagBag from /home/airflow/.local/lib/python3.12/site-packages/airflow/example_dags/tutorial_dag.py
[2025-06-20T15:55:00.477+0000] {processor.py:840} INFO - DAG(s) 'tutorial_dag' retrieved from /home/airflow/.local/lib/python3.12/site-packages/airflow/example_dags/tutorial_dag.py
[2025-06-20T15:55:00.497+0000] {logging_mixin.py:188} INFO - [2025-06-20T15:55:00.496+0000] {dag.py:3096} INFO - Sync 1 DAGs
[2025-06-20T15:55:00.510+0000] {logging_mixin.py:188} INFO - [2025-06-20T15:55:00.510+0000] {dag.py:3954} INFO - Setting next_dagrun for tutorial_dag to None, run_after=None
[2025-06-20T15:55:00.526+0000] {processor.py:183} INFO - Processing /home/airflow/.local/lib/python3.12/site-packages/airflow/example_dags/tutorial_dag.py took 0.063 seconds
[2025-06-20T15:55:30.732+0000] {processor.py:161} INFO - Started process (PID=9441) to work on /home/airflow/.local/lib/python3.12/site-packages/airflow/example_dags/tutorial_dag.py
[2025-06-20T15:55:30.733+0000] {processor.py:830} INFO - Processing file /home/airflow/.local/lib/python3.12/site-packages/airflow/example_dags/tutorial_dag.py for tasks to queue
[2025-06-20T15:55:30.735+0000] {logging_mixin.py:188} INFO - [2025-06-20T15:55:30.734+0000] {dagbag.py:540} INFO - Filling up the DagBag from /home/airflow/.local/lib/python3.12/site-packages/airflow/example_dags/tutorial_dag.py
[2025-06-20T15:55:30.740+0000] {processor.py:840} INFO - DAG(s) 'tutorial_dag' retrieved from /home/airflow/.local/lib/python3.12/site-packages/airflow/example_dags/tutorial_dag.py
[2025-06-20T15:55:30.759+0000] {logging_mixin.py:188} INFO - [2025-06-20T15:55:30.759+0000] {dag.py:3096} INFO - Sync 1 DAGs
[2025-06-20T15:55:30.771+0000] {logging_mixin.py:188} INFO - [2025-06-20T15:55:30.771+0000] {dag.py:3954} INFO - Setting next_dagrun for tutorial_dag to None, run_after=None
[2025-06-20T15:55:30.786+0000] {processor.py:183} INFO - Processing /home/airflow/.local/lib/python3.12/site-packages/airflow/example_dags/tutorial_dag.py took 0.061 seconds
[2025-06-20T15:56:01.252+0000] {processor.py:161} INFO - Started process (PID=9500) to work on /home/airflow/.local/lib/python3.12/site-packages/airflow/example_dags/tutorial_dag.py
[2025-06-20T15:56:01.252+0000] {processor.py:830} INFO - Processing file /home/airflow/.local/lib/python3.12/site-packages/airflow/example_dags/tutorial_dag.py for tasks to queue
[2025-06-20T15:56:01.254+0000] {logging_mixin.py:188} INFO - [2025-06-20T15:56:01.254+0000] {dagbag.py:540} INFO - Filling up the DagBag from /home/airflow/.local/lib/python3.12/site-packages/airflow/example_dags/tutorial_dag.py
[2025-06-20T15:56:01.260+0000] {processor.py:840} INFO - DAG(s) 'tutorial_dag' retrieved from /home/airflow/.local/lib/python3.12/site-packages/airflow/example_dags/tutorial_dag.py
[2025-06-20T15:56:01.278+0000] {logging_mixin.py:188} INFO - [2025-06-20T15:56:01.278+0000] {dag.py:3096} INFO - Sync 1 DAGs
[2025-06-20T15:56:01.290+0000] {logging_mixin.py:188} INFO - [2025-06-20T15:56:01.290+0000] {dag.py:3954} INFO - Setting next_dagrun for tutorial_dag to None, run_after=None
[2025-06-20T15:56:01.305+0000] {processor.py:183} INFO - Processing /home/airflow/.local/lib/python3.12/site-packages/airflow/example_dags/tutorial_dag.py took 0.060 seconds
[2025-06-20T15:56:31.446+0000] {processor.py:161} INFO - Started process (PID=9559) to work on /home/airflow/.local/lib/python3.12/site-packages/airflow/example_dags/tutorial_dag.py
[2025-06-20T15:56:31.447+0000] {processor.py:830} INFO - Processing file /home/airflow/.local/lib/python3.12/site-packages/airflow/example_dags/tutorial_dag.py for tasks to queue
[2025-06-20T15:56:31.450+0000] {logging_mixin.py:188} INFO - [2025-06-20T15:56:31.449+0000] {dagbag.py:540} INFO - Filling up the DagBag from /home/airflow/.local/lib/python3.12/site-packages/airflow/example_dags/tutorial_dag.py
[2025-06-20T15:56:31.457+0000] {processor.py:840} INFO - DAG(s) 'tutorial_dag' retrieved from /home/airflow/.local/lib/python3.12/site-packages/airflow/example_dags/tutorial_dag.py
[2025-06-20T15:56:31.484+0000] {logging_mixin.py:188} INFO - [2025-06-20T15:56:31.484+0000] {dag.py:3096} INFO - Sync 1 DAGs
[2025-06-20T15:56:31.497+0000] {logging_mixin.py:188} INFO - [2025-06-20T15:56:31.497+0000] {dag.py:3954} INFO - Setting next_dagrun for tutorial_dag to None, run_after=None
[2025-06-20T15:56:31.515+0000] {processor.py:183} INFO - Processing /home/airflow/.local/lib/python3.12/site-packages/airflow/example_dags/tutorial_dag.py took 0.076 seconds
[2025-06-20T15:57:01.615+0000] {processor.py:161} INFO - Started process (PID=9618) to work on /home/airflow/.local/lib/python3.12/site-packages/airflow/example_dags/tutorial_dag.py
[2025-06-20T15:57:01.616+0000] {processor.py:830} INFO - Processing file /home/airflow/.local/lib/python3.12/site-packages/airflow/example_dags/tutorial_dag.py for tasks to queue
[2025-06-20T15:57:01.618+0000] {logging_mixin.py:188} INFO - [2025-06-20T15:57:01.618+0000] {dagbag.py:540} INFO - Filling up the DagBag from /home/airflow/.local/lib/python3.12/site-packages/airflow/example_dags/tutorial_dag.py
[2025-06-20T15:57:01.625+0000] {processor.py:840} INFO - DAG(s) 'tutorial_dag' retrieved from /home/airflow/.local/lib/python3.12/site-packages/airflow/example_dags/tutorial_dag.py
[2025-06-20T15:57:01.646+0000] {logging_mixin.py:188} INFO - [2025-06-20T15:57:01.646+0000] {dag.py:3096} INFO - Sync 1 DAGs
[2025-06-20T15:57:01.660+0000] {logging_mixin.py:188} INFO - [2025-06-20T15:57:01.660+0000] {dag.py:3954} INFO - Setting next_dagrun for tutorial_dag to None, run_after=None
[2025-06-20T15:57:01.676+0000] {processor.py:183} INFO - Processing /home/airflow/.local/lib/python3.12/site-packages/airflow/example_dags/tutorial_dag.py took 0.068 seconds
[2025-06-20T15:57:31.964+0000] {processor.py:161} INFO - Started process (PID=9677) to work on /home/airflow/.local/lib/python3.12/site-packages/airflow/example_dags/tutorial_dag.py
[2025-06-20T15:57:31.965+0000] {processor.py:830} INFO - Processing file /home/airflow/.local/lib/python3.12/site-packages/airflow/example_dags/tutorial_dag.py for tasks to queue
[2025-06-20T15:57:31.967+0000] {logging_mixin.py:188} INFO - [2025-06-20T15:57:31.967+0000] {dagbag.py:540} INFO - Filling up the DagBag from /home/airflow/.local/lib/python3.12/site-packages/airflow/example_dags/tutorial_dag.py
[2025-06-20T15:57:31.974+0000] {processor.py:840} INFO - DAG(s) 'tutorial_dag' retrieved from /home/airflow/.local/lib/python3.12/site-packages/airflow/example_dags/tutorial_dag.py
[2025-06-20T15:57:31.994+0000] {logging_mixin.py:188} INFO - [2025-06-20T15:57:31.994+0000] {dag.py:3096} INFO - Sync 1 DAGs
[2025-06-20T15:57:32.007+0000] {logging_mixin.py:188} INFO - [2025-06-20T15:57:32.006+0000] {dag.py:3954} INFO - Setting next_dagrun for tutorial_dag to None, run_after=None
[2025-06-20T15:57:32.024+0000] {processor.py:183} INFO - Processing /home/airflow/.local/lib/python3.12/site-packages/airflow/example_dags/tutorial_dag.py took 0.066 seconds
[2025-06-20T15:58:02.252+0000] {processor.py:161} INFO - Started process (PID=9736) to work on /home/airflow/.local/lib/python3.12/site-packages/airflow/example_dags/tutorial_dag.py
[2025-06-20T15:58:02.253+0000] {processor.py:830} INFO - Processing file /home/airflow/.local/lib/python3.12/site-packages/airflow/example_dags/tutorial_dag.py for tasks to queue
[2025-06-20T15:58:02.255+0000] {logging_mixin.py:188} INFO - [2025-06-20T15:58:02.255+0000] {dagbag.py:540} INFO - Filling up the DagBag from /home/airflow/.local/lib/python3.12/site-packages/airflow/example_dags/tutorial_dag.py
[2025-06-20T15:58:02.260+0000] {processor.py:840} INFO - DAG(s) 'tutorial_dag' retrieved from /home/airflow/.local/lib/python3.12/site-packages/airflow/example_dags/tutorial_dag.py
[2025-06-20T15:58:02.280+0000] {logging_mixin.py:188} INFO - [2025-06-20T15:58:02.280+0000] {dag.py:3096} INFO - Sync 1 DAGs
[2025-06-20T15:58:02.294+0000] {logging_mixin.py:188} INFO - [2025-06-20T15:58:02.293+0000] {dag.py:3954} INFO - Setting next_dagrun for tutorial_dag to None, run_after=None
[2025-06-20T15:58:02.311+0000] {processor.py:183} INFO - Processing /home/airflow/.local/lib/python3.12/site-packages/airflow/example_dags/tutorial_dag.py took 0.065 seconds
[2025-06-20T15:58:32.509+0000] {processor.py:161} INFO - Started process (PID=9795) to work on /home/airflow/.local/lib/python3.12/site-packages/airflow/example_dags/tutorial_dag.py
[2025-06-20T15:58:32.510+0000] {processor.py:830} INFO - Processing file /home/airflow/.local/lib/python3.12/site-packages/airflow/example_dags/tutorial_dag.py for tasks to queue
[2025-06-20T15:58:32.512+0000] {logging_mixin.py:188} INFO - [2025-06-20T15:58:32.512+0000] {dagbag.py:540} INFO - Filling up the DagBag from /home/airflow/.local/lib/python3.12/site-packages/airflow/example_dags/tutorial_dag.py
[2025-06-20T15:58:32.518+0000] {processor.py:840} INFO - DAG(s) 'tutorial_dag' retrieved from /home/airflow/.local/lib/python3.12/site-packages/airflow/example_dags/tutorial_dag.py
[2025-06-20T15:58:32.538+0000] {logging_mixin.py:188} INFO - [2025-06-20T15:58:32.538+0000] {dag.py:3096} INFO - Sync 1 DAGs
[2025-06-20T15:58:32.550+0000] {logging_mixin.py:188} INFO - [2025-06-20T15:58:32.550+0000] {dag.py:3954} INFO - Setting next_dagrun for tutorial_dag to None, run_after=None
[2025-06-20T15:58:32.566+0000] {processor.py:183} INFO - Processing /home/airflow/.local/lib/python3.12/site-packages/airflow/example_dags/tutorial_dag.py took 0.063 seconds
[2025-06-20T15:59:02.886+0000] {processor.py:161} INFO - Started process (PID=9854) to work on /home/airflow/.local/lib/python3.12/site-packages/airflow/example_dags/tutorial_dag.py
[2025-06-20T15:59:02.887+0000] {processor.py:830} INFO - Processing file /home/airflow/.local/lib/python3.12/site-packages/airflow/example_dags/tutorial_dag.py for tasks to queue
[2025-06-20T15:59:02.889+0000] {logging_mixin.py:188} INFO - [2025-06-20T15:59:02.889+0000] {dagbag.py:540} INFO - Filling up the DagBag from /home/airflow/.local/lib/python3.12/site-packages/airflow/example_dags/tutorial_dag.py
[2025-06-20T15:59:02.895+0000] {processor.py:840} INFO - DAG(s) 'tutorial_dag' retrieved from /home/airflow/.local/lib/python3.12/site-packages/airflow/example_dags/tutorial_dag.py
[2025-06-20T15:59:02.918+0000] {logging_mixin.py:188} INFO - [2025-06-20T15:59:02.917+0000] {dag.py:3096} INFO - Sync 1 DAGs
[2025-06-20T15:59:02.931+0000] {logging_mixin.py:188} INFO - [2025-06-20T15:59:02.930+0000] {dag.py:3954} INFO - Setting next_dagrun for tutorial_dag to None, run_after=None
[2025-06-20T15:59:02.947+0000] {processor.py:183} INFO - Processing /home/airflow/.local/lib/python3.12/site-packages/airflow/example_dags/tutorial_dag.py took 0.067 seconds
[2025-06-20T15:59:33.085+0000] {processor.py:161} INFO - Started process (PID=9913) to work on /home/airflow/.local/lib/python3.12/site-packages/airflow/example_dags/tutorial_dag.py
[2025-06-20T15:59:33.086+0000] {processor.py:830} INFO - Processing file /home/airflow/.local/lib/python3.12/site-packages/airflow/example_dags/tutorial_dag.py for tasks to queue
[2025-06-20T15:59:33.088+0000] {logging_mixin.py:188} INFO - [2025-06-20T15:59:33.087+0000] {dagbag.py:540} INFO - Filling up the DagBag from /home/airflow/.local/lib/python3.12/site-packages/airflow/example_dags/tutorial_dag.py
[2025-06-20T15:59:33.093+0000] {processor.py:840} INFO - DAG(s) 'tutorial_dag' retrieved from /home/airflow/.local/lib/python3.12/site-packages/airflow/example_dags/tutorial_dag.py
[2025-06-20T15:59:33.105+0000] {logging_mixin.py:188} INFO - [2025-06-20T15:59:33.105+0000] {dag.py:3096} INFO - Sync 1 DAGs
[2025-06-20T15:59:33.118+0000] {logging_mixin.py:188} INFO - [2025-06-20T15:59:33.118+0000] {dag.py:3954} INFO - Setting next_dagrun for tutorial_dag to None, run_after=None
[2025-06-20T15:59:33.133+0000] {processor.py:183} INFO - Processing /home/airflow/.local/lib/python3.12/site-packages/airflow/example_dags/tutorial_dag.py took 0.055 seconds
[2025-06-20T16:00:22.435+0000] {processor.py:161} INFO - Started process (PID=69) to work on /home/airflow/.local/lib/python3.12/site-packages/airflow/example_dags/tutorial_dag.py
[2025-06-20T16:00:22.437+0000] {processor.py:830} INFO - Processing file /home/airflow/.local/lib/python3.12/site-packages/airflow/example_dags/tutorial_dag.py for tasks to queue
[2025-06-20T16:00:22.441+0000] {logging_mixin.py:188} INFO - [2025-06-20T16:00:22.441+0000] {dagbag.py:540} INFO - Filling up the DagBag from /home/airflow/.local/lib/python3.12/site-packages/airflow/example_dags/tutorial_dag.py
[2025-06-20T16:00:22.453+0000] {processor.py:840} INFO - DAG(s) 'tutorial_dag' retrieved from /home/airflow/.local/lib/python3.12/site-packages/airflow/example_dags/tutorial_dag.py
[2025-06-20T16:00:22.473+0000] {logging_mixin.py:188} INFO - [2025-06-20T16:00:22.473+0000] {dag.py:3096} INFO - Sync 1 DAGs
[2025-06-20T16:00:22.493+0000] {logging_mixin.py:188} INFO - [2025-06-20T16:00:22.492+0000] {dag.py:3954} INFO - Setting next_dagrun for tutorial_dag to None, run_after=None
[2025-06-20T16:00:22.516+0000] {processor.py:183} INFO - Processing /home/airflow/.local/lib/python3.12/site-packages/airflow/example_dags/tutorial_dag.py took 0.093 seconds
[2025-06-20T16:00:53.008+0000] {processor.py:161} INFO - Started process (PID=128) to work on /home/airflow/.local/lib/python3.12/site-packages/airflow/example_dags/tutorial_dag.py
[2025-06-20T16:00:53.009+0000] {processor.py:830} INFO - Processing file /home/airflow/.local/lib/python3.12/site-packages/airflow/example_dags/tutorial_dag.py for tasks to queue
[2025-06-20T16:00:53.011+0000] {logging_mixin.py:188} INFO - [2025-06-20T16:00:53.010+0000] {dagbag.py:540} INFO - Filling up the DagBag from /home/airflow/.local/lib/python3.12/site-packages/airflow/example_dags/tutorial_dag.py
[2025-06-20T16:00:53.016+0000] {processor.py:840} INFO - DAG(s) 'tutorial_dag' retrieved from /home/airflow/.local/lib/python3.12/site-packages/airflow/example_dags/tutorial_dag.py
[2025-06-20T16:00:53.118+0000] {logging_mixin.py:188} INFO - [2025-06-20T16:00:53.118+0000] {dag.py:3096} INFO - Sync 1 DAGs
[2025-06-20T16:00:53.128+0000] {logging_mixin.py:188} INFO - [2025-06-20T16:00:53.127+0000] {dag.py:3954} INFO - Setting next_dagrun for tutorial_dag to None, run_after=None
[2025-06-20T16:00:53.143+0000] {processor.py:183} INFO - Processing /home/airflow/.local/lib/python3.12/site-packages/airflow/example_dags/tutorial_dag.py took 0.142 seconds
[2025-06-20T16:01:23.973+0000] {processor.py:161} INFO - Started process (PID=187) to work on /home/airflow/.local/lib/python3.12/site-packages/airflow/example_dags/tutorial_dag.py
[2025-06-20T16:01:23.974+0000] {processor.py:830} INFO - Processing file /home/airflow/.local/lib/python3.12/site-packages/airflow/example_dags/tutorial_dag.py for tasks to queue
[2025-06-20T16:01:23.976+0000] {logging_mixin.py:188} INFO - [2025-06-20T16:01:23.975+0000] {dagbag.py:540} INFO - Filling up the DagBag from /home/airflow/.local/lib/python3.12/site-packages/airflow/example_dags/tutorial_dag.py
[2025-06-20T16:01:23.981+0000] {processor.py:840} INFO - DAG(s) 'tutorial_dag' retrieved from /home/airflow/.local/lib/python3.12/site-packages/airflow/example_dags/tutorial_dag.py
[2025-06-20T16:01:24.002+0000] {logging_mixin.py:188} INFO - [2025-06-20T16:01:24.002+0000] {dag.py:3096} INFO - Sync 1 DAGs
[2025-06-20T16:01:24.017+0000] {logging_mixin.py:188} INFO - [2025-06-20T16:01:24.016+0000] {dag.py:3954} INFO - Setting next_dagrun for tutorial_dag to None, run_after=None
[2025-06-20T16:01:24.033+0000] {processor.py:183} INFO - Processing /home/airflow/.local/lib/python3.12/site-packages/airflow/example_dags/tutorial_dag.py took 0.066 seconds
[2025-06-20T16:01:54.115+0000] {processor.py:161} INFO - Started process (PID=246) to work on /home/airflow/.local/lib/python3.12/site-packages/airflow/example_dags/tutorial_dag.py
[2025-06-20T16:01:54.115+0000] {processor.py:830} INFO - Processing file /home/airflow/.local/lib/python3.12/site-packages/airflow/example_dags/tutorial_dag.py for tasks to queue
[2025-06-20T16:01:54.117+0000] {logging_mixin.py:188} INFO - [2025-06-20T16:01:54.117+0000] {dagbag.py:540} INFO - Filling up the DagBag from /home/airflow/.local/lib/python3.12/site-packages/airflow/example_dags/tutorial_dag.py
[2025-06-20T16:01:54.122+0000] {processor.py:840} INFO - DAG(s) 'tutorial_dag' retrieved from /home/airflow/.local/lib/python3.12/site-packages/airflow/example_dags/tutorial_dag.py
[2025-06-20T16:01:54.141+0000] {logging_mixin.py:188} INFO - [2025-06-20T16:01:54.141+0000] {dag.py:3096} INFO - Sync 1 DAGs
[2025-06-20T16:01:54.153+0000] {logging_mixin.py:188} INFO - [2025-06-20T16:01:54.153+0000] {dag.py:3954} INFO - Setting next_dagrun for tutorial_dag to None, run_after=None
[2025-06-20T16:01:54.169+0000] {processor.py:183} INFO - Processing /home/airflow/.local/lib/python3.12/site-packages/airflow/example_dags/tutorial_dag.py took 0.060 seconds
[2025-06-20T16:02:24.334+0000] {processor.py:161} INFO - Started process (PID=305) to work on /home/airflow/.local/lib/python3.12/site-packages/airflow/example_dags/tutorial_dag.py
[2025-06-20T16:02:24.335+0000] {processor.py:830} INFO - Processing file /home/airflow/.local/lib/python3.12/site-packages/airflow/example_dags/tutorial_dag.py for tasks to queue
[2025-06-20T16:02:24.338+0000] {logging_mixin.py:188} INFO - [2025-06-20T16:02:24.337+0000] {dagbag.py:540} INFO - Filling up the DagBag from /home/airflow/.local/lib/python3.12/site-packages/airflow/example_dags/tutorial_dag.py
[2025-06-20T16:02:24.344+0000] {processor.py:840} INFO - DAG(s) 'tutorial_dag' retrieved from /home/airflow/.local/lib/python3.12/site-packages/airflow/example_dags/tutorial_dag.py
[2025-06-20T16:02:24.365+0000] {logging_mixin.py:188} INFO - [2025-06-20T16:02:24.364+0000] {dag.py:3096} INFO - Sync 1 DAGs
[2025-06-20T16:02:24.377+0000] {logging_mixin.py:188} INFO - [2025-06-20T16:02:24.377+0000] {dag.py:3954} INFO - Setting next_dagrun for tutorial_dag to None, run_after=None
[2025-06-20T16:02:24.392+0000] {processor.py:183} INFO - Processing /home/airflow/.local/lib/python3.12/site-packages/airflow/example_dags/tutorial_dag.py took 0.066 seconds
[2025-06-20T16:02:54.536+0000] {processor.py:161} INFO - Started process (PID=364) to work on /home/airflow/.local/lib/python3.12/site-packages/airflow/example_dags/tutorial_dag.py
[2025-06-20T16:02:54.538+0000] {processor.py:830} INFO - Processing file /home/airflow/.local/lib/python3.12/site-packages/airflow/example_dags/tutorial_dag.py for tasks to queue
[2025-06-20T16:02:54.540+0000] {logging_mixin.py:188} INFO - [2025-06-20T16:02:54.540+0000] {dagbag.py:540} INFO - Filling up the DagBag from /home/airflow/.local/lib/python3.12/site-packages/airflow/example_dags/tutorial_dag.py
[2025-06-20T16:02:54.546+0000] {processor.py:840} INFO - DAG(s) 'tutorial_dag' retrieved from /home/airflow/.local/lib/python3.12/site-packages/airflow/example_dags/tutorial_dag.py
[2025-06-20T16:02:54.569+0000] {logging_mixin.py:188} INFO - [2025-06-20T16:02:54.569+0000] {dag.py:3096} INFO - Sync 1 DAGs
[2025-06-20T16:02:54.582+0000] {logging_mixin.py:188} INFO - [2025-06-20T16:02:54.582+0000] {dag.py:3954} INFO - Setting next_dagrun for tutorial_dag to None, run_after=None
[2025-06-20T16:02:54.599+0000] {processor.py:183} INFO - Processing /home/airflow/.local/lib/python3.12/site-packages/airflow/example_dags/tutorial_dag.py took 0.070 seconds
[2025-06-20T16:03:24.755+0000] {processor.py:161} INFO - Started process (PID=423) to work on /home/airflow/.local/lib/python3.12/site-packages/airflow/example_dags/tutorial_dag.py
[2025-06-20T16:03:24.756+0000] {processor.py:830} INFO - Processing file /home/airflow/.local/lib/python3.12/site-packages/airflow/example_dags/tutorial_dag.py for tasks to queue
[2025-06-20T16:03:24.758+0000] {logging_mixin.py:188} INFO - [2025-06-20T16:03:24.757+0000] {dagbag.py:540} INFO - Filling up the DagBag from /home/airflow/.local/lib/python3.12/site-packages/airflow/example_dags/tutorial_dag.py
[2025-06-20T16:03:24.763+0000] {processor.py:840} INFO - DAG(s) 'tutorial_dag' retrieved from /home/airflow/.local/lib/python3.12/site-packages/airflow/example_dags/tutorial_dag.py
[2025-06-20T16:03:24.782+0000] {logging_mixin.py:188} INFO - [2025-06-20T16:03:24.782+0000] {dag.py:3096} INFO - Sync 1 DAGs
[2025-06-20T16:03:24.793+0000] {logging_mixin.py:188} INFO - [2025-06-20T16:03:24.793+0000] {dag.py:3954} INFO - Setting next_dagrun for tutorial_dag to None, run_after=None
[2025-06-20T16:03:24.809+0000] {processor.py:183} INFO - Processing /home/airflow/.local/lib/python3.12/site-packages/airflow/example_dags/tutorial_dag.py took 0.060 seconds
[2025-06-20T16:03:54.964+0000] {processor.py:161} INFO - Started process (PID=482) to work on /home/airflow/.local/lib/python3.12/site-packages/airflow/example_dags/tutorial_dag.py
[2025-06-20T16:03:54.965+0000] {processor.py:830} INFO - Processing file /home/airflow/.local/lib/python3.12/site-packages/airflow/example_dags/tutorial_dag.py for tasks to queue
[2025-06-20T16:03:54.967+0000] {logging_mixin.py:188} INFO - [2025-06-20T16:03:54.966+0000] {dagbag.py:540} INFO - Filling up the DagBag from /home/airflow/.local/lib/python3.12/site-packages/airflow/example_dags/tutorial_dag.py
[2025-06-20T16:03:54.972+0000] {processor.py:840} INFO - DAG(s) 'tutorial_dag' retrieved from /home/airflow/.local/lib/python3.12/site-packages/airflow/example_dags/tutorial_dag.py
[2025-06-20T16:03:54.992+0000] {logging_mixin.py:188} INFO - [2025-06-20T16:03:54.992+0000] {dag.py:3096} INFO - Sync 1 DAGs
[2025-06-20T16:03:55.004+0000] {logging_mixin.py:188} INFO - [2025-06-20T16:03:55.004+0000] {dag.py:3954} INFO - Setting next_dagrun for tutorial_dag to None, run_after=None
[2025-06-20T16:03:55.020+0000] {processor.py:183} INFO - Processing /home/airflow/.local/lib/python3.12/site-packages/airflow/example_dags/tutorial_dag.py took 0.064 seconds
[2025-06-20T16:04:25.248+0000] {processor.py:161} INFO - Started process (PID=547) to work on /home/airflow/.local/lib/python3.12/site-packages/airflow/example_dags/tutorial_dag.py
[2025-06-20T16:04:25.249+0000] {processor.py:830} INFO - Processing file /home/airflow/.local/lib/python3.12/site-packages/airflow/example_dags/tutorial_dag.py for tasks to queue
[2025-06-20T16:04:25.251+0000] {logging_mixin.py:188} INFO - [2025-06-20T16:04:25.250+0000] {dagbag.py:540} INFO - Filling up the DagBag from /home/airflow/.local/lib/python3.12/site-packages/airflow/example_dags/tutorial_dag.py
[2025-06-20T16:04:25.256+0000] {processor.py:840} INFO - DAG(s) 'tutorial_dag' retrieved from /home/airflow/.local/lib/python3.12/site-packages/airflow/example_dags/tutorial_dag.py
[2025-06-20T16:04:25.276+0000] {logging_mixin.py:188} INFO - [2025-06-20T16:04:25.275+0000] {dag.py:3096} INFO - Sync 1 DAGs
[2025-06-20T16:04:25.287+0000] {logging_mixin.py:188} INFO - [2025-06-20T16:04:25.287+0000] {dag.py:3954} INFO - Setting next_dagrun for tutorial_dag to None, run_after=None
[2025-06-20T16:04:25.303+0000] {processor.py:183} INFO - Processing /home/airflow/.local/lib/python3.12/site-packages/airflow/example_dags/tutorial_dag.py took 0.061 seconds
[2025-06-20T16:04:55.458+0000] {processor.py:161} INFO - Started process (PID=606) to work on /home/airflow/.local/lib/python3.12/site-packages/airflow/example_dags/tutorial_dag.py
[2025-06-20T16:04:55.459+0000] {processor.py:830} INFO - Processing file /home/airflow/.local/lib/python3.12/site-packages/airflow/example_dags/tutorial_dag.py for tasks to queue
[2025-06-20T16:04:55.460+0000] {logging_mixin.py:188} INFO - [2025-06-20T16:04:55.460+0000] {dagbag.py:540} INFO - Filling up the DagBag from /home/airflow/.local/lib/python3.12/site-packages/airflow/example_dags/tutorial_dag.py
[2025-06-20T16:04:55.465+0000] {processor.py:840} INFO - DAG(s) 'tutorial_dag' retrieved from /home/airflow/.local/lib/python3.12/site-packages/airflow/example_dags/tutorial_dag.py
[2025-06-20T16:04:55.485+0000] {logging_mixin.py:188} INFO - [2025-06-20T16:04:55.484+0000] {dag.py:3096} INFO - Sync 1 DAGs
[2025-06-20T16:04:55.497+0000] {logging_mixin.py:188} INFO - [2025-06-20T16:04:55.496+0000] {dag.py:3954} INFO - Setting next_dagrun for tutorial_dag to None, run_after=None
[2025-06-20T16:04:55.512+0000] {processor.py:183} INFO - Processing /home/airflow/.local/lib/python3.12/site-packages/airflow/example_dags/tutorial_dag.py took 0.061 seconds
[2025-06-20T16:05:25.838+0000] {processor.py:161} INFO - Started process (PID=665) to work on /home/airflow/.local/lib/python3.12/site-packages/airflow/example_dags/tutorial_dag.py
[2025-06-20T16:05:25.838+0000] {processor.py:830} INFO - Processing file /home/airflow/.local/lib/python3.12/site-packages/airflow/example_dags/tutorial_dag.py for tasks to queue
[2025-06-20T16:05:25.840+0000] {logging_mixin.py:188} INFO - [2025-06-20T16:05:25.840+0000] {dagbag.py:540} INFO - Filling up the DagBag from /home/airflow/.local/lib/python3.12/site-packages/airflow/example_dags/tutorial_dag.py
[2025-06-20T16:05:25.846+0000] {processor.py:840} INFO - DAG(s) 'tutorial_dag' retrieved from /home/airflow/.local/lib/python3.12/site-packages/airflow/example_dags/tutorial_dag.py
[2025-06-20T16:05:25.865+0000] {logging_mixin.py:188} INFO - [2025-06-20T16:05:25.865+0000] {dag.py:3096} INFO - Sync 1 DAGs
[2025-06-20T16:05:25.877+0000] {logging_mixin.py:188} INFO - [2025-06-20T16:05:25.876+0000] {dag.py:3954} INFO - Setting next_dagrun for tutorial_dag to None, run_after=None
[2025-06-20T16:05:25.892+0000] {processor.py:183} INFO - Processing /home/airflow/.local/lib/python3.12/site-packages/airflow/example_dags/tutorial_dag.py took 0.061 seconds
[2025-06-20T16:05:56.212+0000] {processor.py:161} INFO - Started process (PID=724) to work on /home/airflow/.local/lib/python3.12/site-packages/airflow/example_dags/tutorial_dag.py
[2025-06-20T16:05:56.213+0000] {processor.py:830} INFO - Processing file /home/airflow/.local/lib/python3.12/site-packages/airflow/example_dags/tutorial_dag.py for tasks to queue
[2025-06-20T16:05:56.215+0000] {logging_mixin.py:188} INFO - [2025-06-20T16:05:56.215+0000] {dagbag.py:540} INFO - Filling up the DagBag from /home/airflow/.local/lib/python3.12/site-packages/airflow/example_dags/tutorial_dag.py
[2025-06-20T16:05:56.221+0000] {processor.py:840} INFO - DAG(s) 'tutorial_dag' retrieved from /home/airflow/.local/lib/python3.12/site-packages/airflow/example_dags/tutorial_dag.py
[2025-06-20T16:05:56.243+0000] {logging_mixin.py:188} INFO - [2025-06-20T16:05:56.242+0000] {dag.py:3096} INFO - Sync 1 DAGs
[2025-06-20T16:05:56.255+0000] {logging_mixin.py:188} INFO - [2025-06-20T16:05:56.255+0000] {dag.py:3954} INFO - Setting next_dagrun for tutorial_dag to None, run_after=None
[2025-06-20T16:05:56.272+0000] {processor.py:183} INFO - Processing /home/airflow/.local/lib/python3.12/site-packages/airflow/example_dags/tutorial_dag.py took 0.066 seconds
[2025-06-20T16:06:26.493+0000] {processor.py:161} INFO - Started process (PID=783) to work on /home/airflow/.local/lib/python3.12/site-packages/airflow/example_dags/tutorial_dag.py
[2025-06-20T16:06:26.494+0000] {processor.py:830} INFO - Processing file /home/airflow/.local/lib/python3.12/site-packages/airflow/example_dags/tutorial_dag.py for tasks to queue
[2025-06-20T16:06:26.495+0000] {logging_mixin.py:188} INFO - [2025-06-20T16:06:26.495+0000] {dagbag.py:540} INFO - Filling up the DagBag from /home/airflow/.local/lib/python3.12/site-packages/airflow/example_dags/tutorial_dag.py
[2025-06-20T16:06:26.500+0000] {processor.py:840} INFO - DAG(s) 'tutorial_dag' retrieved from /home/airflow/.local/lib/python3.12/site-packages/airflow/example_dags/tutorial_dag.py
[2025-06-20T16:06:26.520+0000] {logging_mixin.py:188} INFO - [2025-06-20T16:06:26.520+0000] {dag.py:3096} INFO - Sync 1 DAGs
[2025-06-20T16:06:26.532+0000] {logging_mixin.py:188} INFO - [2025-06-20T16:06:26.532+0000] {dag.py:3954} INFO - Setting next_dagrun for tutorial_dag to None, run_after=None
[2025-06-20T16:06:26.547+0000] {processor.py:183} INFO - Processing /home/airflow/.local/lib/python3.12/site-packages/airflow/example_dags/tutorial_dag.py took 0.061 seconds
[2025-06-20T16:06:56.835+0000] {processor.py:161} INFO - Started process (PID=842) to work on /home/airflow/.local/lib/python3.12/site-packages/airflow/example_dags/tutorial_dag.py
[2025-06-20T16:06:56.836+0000] {processor.py:830} INFO - Processing file /home/airflow/.local/lib/python3.12/site-packages/airflow/example_dags/tutorial_dag.py for tasks to queue
[2025-06-20T16:06:56.837+0000] {logging_mixin.py:188} INFO - [2025-06-20T16:06:56.837+0000] {dagbag.py:540} INFO - Filling up the DagBag from /home/airflow/.local/lib/python3.12/site-packages/airflow/example_dags/tutorial_dag.py
[2025-06-20T16:06:56.842+0000] {processor.py:840} INFO - DAG(s) 'tutorial_dag' retrieved from /home/airflow/.local/lib/python3.12/site-packages/airflow/example_dags/tutorial_dag.py
[2025-06-20T16:06:56.862+0000] {logging_mixin.py:188} INFO - [2025-06-20T16:06:56.862+0000] {dag.py:3096} INFO - Sync 1 DAGs
[2025-06-20T16:06:56.874+0000] {logging_mixin.py:188} INFO - [2025-06-20T16:06:56.873+0000] {dag.py:3954} INFO - Setting next_dagrun for tutorial_dag to None, run_after=None
[2025-06-20T16:06:56.889+0000] {processor.py:183} INFO - Processing /home/airflow/.local/lib/python3.12/site-packages/airflow/example_dags/tutorial_dag.py took 0.060 seconds
[2025-06-20T16:07:27.165+0000] {processor.py:161} INFO - Started process (PID=901) to work on /home/airflow/.local/lib/python3.12/site-packages/airflow/example_dags/tutorial_dag.py
[2025-06-20T16:07:27.166+0000] {processor.py:830} INFO - Processing file /home/airflow/.local/lib/python3.12/site-packages/airflow/example_dags/tutorial_dag.py for tasks to queue
[2025-06-20T16:07:27.168+0000] {logging_mixin.py:188} INFO - [2025-06-20T16:07:27.168+0000] {dagbag.py:540} INFO - Filling up the DagBag from /home/airflow/.local/lib/python3.12/site-packages/airflow/example_dags/tutorial_dag.py
[2025-06-20T16:07:27.174+0000] {processor.py:840} INFO - DAG(s) 'tutorial_dag' retrieved from /home/airflow/.local/lib/python3.12/site-packages/airflow/example_dags/tutorial_dag.py
[2025-06-20T16:07:27.194+0000] {logging_mixin.py:188} INFO - [2025-06-20T16:07:27.194+0000] {dag.py:3096} INFO - Sync 1 DAGs
[2025-06-20T16:07:27.206+0000] {logging_mixin.py:188} INFO - [2025-06-20T16:07:27.206+0000] {dag.py:3954} INFO - Setting next_dagrun for tutorial_dag to None, run_after=None
[2025-06-20T16:07:27.222+0000] {processor.py:183} INFO - Processing /home/airflow/.local/lib/python3.12/site-packages/airflow/example_dags/tutorial_dag.py took 0.062 seconds
[2025-06-20T16:07:57.421+0000] {processor.py:161} INFO - Started process (PID=960) to work on /home/airflow/.local/lib/python3.12/site-packages/airflow/example_dags/tutorial_dag.py
[2025-06-20T16:07:57.422+0000] {processor.py:830} INFO - Processing file /home/airflow/.local/lib/python3.12/site-packages/airflow/example_dags/tutorial_dag.py for tasks to queue
[2025-06-20T16:07:57.423+0000] {logging_mixin.py:188} INFO - [2025-06-20T16:07:57.423+0000] {dagbag.py:540} INFO - Filling up the DagBag from /home/airflow/.local/lib/python3.12/site-packages/airflow/example_dags/tutorial_dag.py
[2025-06-20T16:07:57.429+0000] {processor.py:840} INFO - DAG(s) 'tutorial_dag' retrieved from /home/airflow/.local/lib/python3.12/site-packages/airflow/example_dags/tutorial_dag.py
[2025-06-20T16:07:57.448+0000] {logging_mixin.py:188} INFO - [2025-06-20T16:07:57.448+0000] {dag.py:3096} INFO - Sync 1 DAGs
[2025-06-20T16:07:57.460+0000] {logging_mixin.py:188} INFO - [2025-06-20T16:07:57.460+0000] {dag.py:3954} INFO - Setting next_dagrun for tutorial_dag to None, run_after=None
[2025-06-20T16:07:57.475+0000] {processor.py:183} INFO - Processing /home/airflow/.local/lib/python3.12/site-packages/airflow/example_dags/tutorial_dag.py took 0.061 seconds
[2025-06-20T16:08:27.730+0000] {processor.py:161} INFO - Started process (PID=1019) to work on /home/airflow/.local/lib/python3.12/site-packages/airflow/example_dags/tutorial_dag.py
[2025-06-20T16:08:27.731+0000] {processor.py:830} INFO - Processing file /home/airflow/.local/lib/python3.12/site-packages/airflow/example_dags/tutorial_dag.py for tasks to queue
[2025-06-20T16:08:27.733+0000] {logging_mixin.py:188} INFO - [2025-06-20T16:08:27.732+0000] {dagbag.py:540} INFO - Filling up the DagBag from /home/airflow/.local/lib/python3.12/site-packages/airflow/example_dags/tutorial_dag.py
[2025-06-20T16:08:27.738+0000] {processor.py:840} INFO - DAG(s) 'tutorial_dag' retrieved from /home/airflow/.local/lib/python3.12/site-packages/airflow/example_dags/tutorial_dag.py
[2025-06-20T16:08:27.757+0000] {logging_mixin.py:188} INFO - [2025-06-20T16:08:27.757+0000] {dag.py:3096} INFO - Sync 1 DAGs
[2025-06-20T16:08:27.769+0000] {logging_mixin.py:188} INFO - [2025-06-20T16:08:27.769+0000] {dag.py:3954} INFO - Setting next_dagrun for tutorial_dag to None, run_after=None
[2025-06-20T16:08:27.784+0000] {processor.py:183} INFO - Processing /home/airflow/.local/lib/python3.12/site-packages/airflow/example_dags/tutorial_dag.py took 0.060 seconds
[2025-06-20T16:08:57.961+0000] {processor.py:161} INFO - Started process (PID=1078) to work on /home/airflow/.local/lib/python3.12/site-packages/airflow/example_dags/tutorial_dag.py
[2025-06-20T16:08:57.962+0000] {processor.py:830} INFO - Processing file /home/airflow/.local/lib/python3.12/site-packages/airflow/example_dags/tutorial_dag.py for tasks to queue
[2025-06-20T16:08:57.964+0000] {logging_mixin.py:188} INFO - [2025-06-20T16:08:57.964+0000] {dagbag.py:540} INFO - Filling up the DagBag from /home/airflow/.local/lib/python3.12/site-packages/airflow/example_dags/tutorial_dag.py
[2025-06-20T16:08:57.970+0000] {processor.py:840} INFO - DAG(s) 'tutorial_dag' retrieved from /home/airflow/.local/lib/python3.12/site-packages/airflow/example_dags/tutorial_dag.py
[2025-06-20T16:08:57.988+0000] {logging_mixin.py:188} INFO - [2025-06-20T16:08:57.988+0000] {dag.py:3096} INFO - Sync 1 DAGs
[2025-06-20T16:08:58.000+0000] {logging_mixin.py:188} INFO - [2025-06-20T16:08:58.000+0000] {dag.py:3954} INFO - Setting next_dagrun for tutorial_dag to None, run_after=None
[2025-06-20T16:08:58.015+0000] {processor.py:183} INFO - Processing /home/airflow/.local/lib/python3.12/site-packages/airflow/example_dags/tutorial_dag.py took 0.060 seconds
[2025-06-20T16:09:28.377+0000] {processor.py:161} INFO - Started process (PID=1138) to work on /home/airflow/.local/lib/python3.12/site-packages/airflow/example_dags/tutorial_dag.py
[2025-06-20T16:09:28.378+0000] {processor.py:830} INFO - Processing file /home/airflow/.local/lib/python3.12/site-packages/airflow/example_dags/tutorial_dag.py for tasks to queue
[2025-06-20T16:09:28.380+0000] {logging_mixin.py:188} INFO - [2025-06-20T16:09:28.379+0000] {dagbag.py:540} INFO - Filling up the DagBag from /home/airflow/.local/lib/python3.12/site-packages/airflow/example_dags/tutorial_dag.py
[2025-06-20T16:09:28.385+0000] {processor.py:840} INFO - DAG(s) 'tutorial_dag' retrieved from /home/airflow/.local/lib/python3.12/site-packages/airflow/example_dags/tutorial_dag.py
[2025-06-20T16:09:28.407+0000] {logging_mixin.py:188} INFO - [2025-06-20T16:09:28.406+0000] {dag.py:3096} INFO - Sync 1 DAGs
[2025-06-20T16:09:28.420+0000] {logging_mixin.py:188} INFO - [2025-06-20T16:09:28.420+0000] {dag.py:3954} INFO - Setting next_dagrun for tutorial_dag to None, run_after=None
[2025-06-20T16:09:28.437+0000] {processor.py:183} INFO - Processing /home/airflow/.local/lib/python3.12/site-packages/airflow/example_dags/tutorial_dag.py took 0.067 seconds
[2025-06-20T16:09:58.690+0000] {processor.py:161} INFO - Started process (PID=1197) to work on /home/airflow/.local/lib/python3.12/site-packages/airflow/example_dags/tutorial_dag.py
[2025-06-20T16:09:58.691+0000] {processor.py:830} INFO - Processing file /home/airflow/.local/lib/python3.12/site-packages/airflow/example_dags/tutorial_dag.py for tasks to queue
[2025-06-20T16:09:58.693+0000] {logging_mixin.py:188} INFO - [2025-06-20T16:09:58.693+0000] {dagbag.py:540} INFO - Filling up the DagBag from /home/airflow/.local/lib/python3.12/site-packages/airflow/example_dags/tutorial_dag.py
[2025-06-20T16:09:58.699+0000] {processor.py:840} INFO - DAG(s) 'tutorial_dag' retrieved from /home/airflow/.local/lib/python3.12/site-packages/airflow/example_dags/tutorial_dag.py
[2025-06-20T16:09:58.720+0000] {logging_mixin.py:188} INFO - [2025-06-20T16:09:58.719+0000] {dag.py:3096} INFO - Sync 1 DAGs
[2025-06-20T16:09:58.732+0000] {logging_mixin.py:188} INFO - [2025-06-20T16:09:58.731+0000] {dag.py:3954} INFO - Setting next_dagrun for tutorial_dag to None, run_after=None
[2025-06-20T16:09:58.748+0000] {processor.py:183} INFO - Processing /home/airflow/.local/lib/python3.12/site-packages/airflow/example_dags/tutorial_dag.py took 0.064 seconds
[2025-06-20T16:10:29.244+0000] {processor.py:161} INFO - Started process (PID=1256) to work on /home/airflow/.local/lib/python3.12/site-packages/airflow/example_dags/tutorial_dag.py
[2025-06-20T16:10:29.245+0000] {processor.py:830} INFO - Processing file /home/airflow/.local/lib/python3.12/site-packages/airflow/example_dags/tutorial_dag.py for tasks to queue
[2025-06-20T16:10:29.247+0000] {logging_mixin.py:188} INFO - [2025-06-20T16:10:29.247+0000] {dagbag.py:540} INFO - Filling up the DagBag from /home/airflow/.local/lib/python3.12/site-packages/airflow/example_dags/tutorial_dag.py
[2025-06-20T16:10:29.252+0000] {processor.py:840} INFO - DAG(s) 'tutorial_dag' retrieved from /home/airflow/.local/lib/python3.12/site-packages/airflow/example_dags/tutorial_dag.py
[2025-06-20T16:10:29.272+0000] {logging_mixin.py:188} INFO - [2025-06-20T16:10:29.271+0000] {dag.py:3096} INFO - Sync 1 DAGs
[2025-06-20T16:10:29.283+0000] {logging_mixin.py:188} INFO - [2025-06-20T16:10:29.283+0000] {dag.py:3954} INFO - Setting next_dagrun for tutorial_dag to None, run_after=None
[2025-06-20T16:10:29.299+0000] {processor.py:183} INFO - Processing /home/airflow/.local/lib/python3.12/site-packages/airflow/example_dags/tutorial_dag.py took 0.060 seconds
[2025-06-20T16:10:59.511+0000] {processor.py:161} INFO - Started process (PID=1315) to work on /home/airflow/.local/lib/python3.12/site-packages/airflow/example_dags/tutorial_dag.py
[2025-06-20T16:10:59.512+0000] {processor.py:830} INFO - Processing file /home/airflow/.local/lib/python3.12/site-packages/airflow/example_dags/tutorial_dag.py for tasks to queue
[2025-06-20T16:10:59.514+0000] {logging_mixin.py:188} INFO - [2025-06-20T16:10:59.514+0000] {dagbag.py:540} INFO - Filling up the DagBag from /home/airflow/.local/lib/python3.12/site-packages/airflow/example_dags/tutorial_dag.py
[2025-06-20T16:10:59.519+0000] {processor.py:840} INFO - DAG(s) 'tutorial_dag' retrieved from /home/airflow/.local/lib/python3.12/site-packages/airflow/example_dags/tutorial_dag.py
[2025-06-20T16:10:59.539+0000] {logging_mixin.py:188} INFO - [2025-06-20T16:10:59.539+0000] {dag.py:3096} INFO - Sync 1 DAGs
[2025-06-20T16:10:59.551+0000] {logging_mixin.py:188} INFO - [2025-06-20T16:10:59.551+0000] {dag.py:3954} INFO - Setting next_dagrun for tutorial_dag to None, run_after=None
[2025-06-20T16:10:59.566+0000] {processor.py:183} INFO - Processing /home/airflow/.local/lib/python3.12/site-packages/airflow/example_dags/tutorial_dag.py took 0.062 seconds
[2025-06-20T16:11:30.021+0000] {processor.py:161} INFO - Started process (PID=1374) to work on /home/airflow/.local/lib/python3.12/site-packages/airflow/example_dags/tutorial_dag.py
[2025-06-20T16:11:30.022+0000] {processor.py:830} INFO - Processing file /home/airflow/.local/lib/python3.12/site-packages/airflow/example_dags/tutorial_dag.py for tasks to queue
[2025-06-20T16:11:30.024+0000] {logging_mixin.py:188} INFO - [2025-06-20T16:11:30.023+0000] {dagbag.py:540} INFO - Filling up the DagBag from /home/airflow/.local/lib/python3.12/site-packages/airflow/example_dags/tutorial_dag.py
[2025-06-20T16:11:30.029+0000] {processor.py:840} INFO - DAG(s) 'tutorial_dag' retrieved from /home/airflow/.local/lib/python3.12/site-packages/airflow/example_dags/tutorial_dag.py
[2025-06-20T16:11:30.048+0000] {logging_mixin.py:188} INFO - [2025-06-20T16:11:30.048+0000] {dag.py:3096} INFO - Sync 1 DAGs
[2025-06-20T16:11:30.059+0000] {logging_mixin.py:188} INFO - [2025-06-20T16:11:30.059+0000] {dag.py:3954} INFO - Setting next_dagrun for tutorial_dag to None, run_after=None
[2025-06-20T16:11:30.075+0000] {processor.py:183} INFO - Processing /home/airflow/.local/lib/python3.12/site-packages/airflow/example_dags/tutorial_dag.py took 0.060 seconds
[2025-06-20T16:12:00.376+0000] {processor.py:161} INFO - Started process (PID=1433) to work on /home/airflow/.local/lib/python3.12/site-packages/airflow/example_dags/tutorial_dag.py
[2025-06-20T16:12:00.377+0000] {processor.py:830} INFO - Processing file /home/airflow/.local/lib/python3.12/site-packages/airflow/example_dags/tutorial_dag.py for tasks to queue
[2025-06-20T16:12:00.378+0000] {logging_mixin.py:188} INFO - [2025-06-20T16:12:00.378+0000] {dagbag.py:540} INFO - Filling up the DagBag from /home/airflow/.local/lib/python3.12/site-packages/airflow/example_dags/tutorial_dag.py
[2025-06-20T16:12:00.384+0000] {processor.py:840} INFO - DAG(s) 'tutorial_dag' retrieved from /home/airflow/.local/lib/python3.12/site-packages/airflow/example_dags/tutorial_dag.py
[2025-06-20T16:12:00.404+0000] {logging_mixin.py:188} INFO - [2025-06-20T16:12:00.403+0000] {dag.py:3096} INFO - Sync 1 DAGs
[2025-06-20T16:12:00.416+0000] {logging_mixin.py:188} INFO - [2025-06-20T16:12:00.415+0000] {dag.py:3954} INFO - Setting next_dagrun for tutorial_dag to None, run_after=None
[2025-06-20T16:12:00.432+0000] {processor.py:183} INFO - Processing /home/airflow/.local/lib/python3.12/site-packages/airflow/example_dags/tutorial_dag.py took 0.063 seconds
[2025-06-20T16:12:30.587+0000] {processor.py:161} INFO - Started process (PID=1492) to work on /home/airflow/.local/lib/python3.12/site-packages/airflow/example_dags/tutorial_dag.py
[2025-06-20T16:12:30.588+0000] {processor.py:830} INFO - Processing file /home/airflow/.local/lib/python3.12/site-packages/airflow/example_dags/tutorial_dag.py for tasks to queue
[2025-06-20T16:12:30.589+0000] {logging_mixin.py:188} INFO - [2025-06-20T16:12:30.589+0000] {dagbag.py:540} INFO - Filling up the DagBag from /home/airflow/.local/lib/python3.12/site-packages/airflow/example_dags/tutorial_dag.py
[2025-06-20T16:12:30.595+0000] {processor.py:840} INFO - DAG(s) 'tutorial_dag' retrieved from /home/airflow/.local/lib/python3.12/site-packages/airflow/example_dags/tutorial_dag.py
[2025-06-20T16:12:30.614+0000] {logging_mixin.py:188} INFO - [2025-06-20T16:12:30.614+0000] {dag.py:3096} INFO - Sync 1 DAGs
[2025-06-20T16:12:30.626+0000] {logging_mixin.py:188} INFO - [2025-06-20T16:12:30.625+0000] {dag.py:3954} INFO - Setting next_dagrun for tutorial_dag to None, run_after=None
[2025-06-20T16:12:30.641+0000] {processor.py:183} INFO - Processing /home/airflow/.local/lib/python3.12/site-packages/airflow/example_dags/tutorial_dag.py took 0.060 seconds
[2025-06-20T16:13:01.677+0000] {processor.py:161} INFO - Started process (PID=1551) to work on /home/airflow/.local/lib/python3.12/site-packages/airflow/example_dags/tutorial_dag.py
[2025-06-20T16:13:01.678+0000] {processor.py:830} INFO - Processing file /home/airflow/.local/lib/python3.12/site-packages/airflow/example_dags/tutorial_dag.py for tasks to queue
[2025-06-20T16:13:01.680+0000] {logging_mixin.py:188} INFO - [2025-06-20T16:13:01.680+0000] {dagbag.py:540} INFO - Filling up the DagBag from /home/airflow/.local/lib/python3.12/site-packages/airflow/example_dags/tutorial_dag.py
[2025-06-20T16:13:01.685+0000] {processor.py:840} INFO - DAG(s) 'tutorial_dag' retrieved from /home/airflow/.local/lib/python3.12/site-packages/airflow/example_dags/tutorial_dag.py
[2025-06-20T16:13:01.705+0000] {logging_mixin.py:188} INFO - [2025-06-20T16:13:01.705+0000] {dag.py:3096} INFO - Sync 1 DAGs
[2025-06-20T16:13:01.717+0000] {logging_mixin.py:188} INFO - [2025-06-20T16:13:01.716+0000] {dag.py:3954} INFO - Setting next_dagrun for tutorial_dag to None, run_after=None
[2025-06-20T16:13:01.732+0000] {processor.py:183} INFO - Processing /home/airflow/.local/lib/python3.12/site-packages/airflow/example_dags/tutorial_dag.py took 0.060 seconds
[2025-06-20T16:13:32.110+0000] {processor.py:161} INFO - Started process (PID=1610) to work on /home/airflow/.local/lib/python3.12/site-packages/airflow/example_dags/tutorial_dag.py
[2025-06-20T16:13:32.111+0000] {processor.py:830} INFO - Processing file /home/airflow/.local/lib/python3.12/site-packages/airflow/example_dags/tutorial_dag.py for tasks to queue
[2025-06-20T16:13:32.113+0000] {logging_mixin.py:188} INFO - [2025-06-20T16:13:32.113+0000] {dagbag.py:540} INFO - Filling up the DagBag from /home/airflow/.local/lib/python3.12/site-packages/airflow/example_dags/tutorial_dag.py
[2025-06-20T16:13:32.118+0000] {processor.py:840} INFO - DAG(s) 'tutorial_dag' retrieved from /home/airflow/.local/lib/python3.12/site-packages/airflow/example_dags/tutorial_dag.py
[2025-06-20T16:13:32.137+0000] {logging_mixin.py:188} INFO - [2025-06-20T16:13:32.137+0000] {dag.py:3096} INFO - Sync 1 DAGs
[2025-06-20T16:13:32.148+0000] {logging_mixin.py:188} INFO - [2025-06-20T16:13:32.148+0000] {dag.py:3954} INFO - Setting next_dagrun for tutorial_dag to None, run_after=None
[2025-06-20T16:13:32.164+0000] {processor.py:183} INFO - Processing /home/airflow/.local/lib/python3.12/site-packages/airflow/example_dags/tutorial_dag.py took 0.059 seconds
[2025-06-20T16:14:02.438+0000] {processor.py:161} INFO - Started process (PID=1669) to work on /home/airflow/.local/lib/python3.12/site-packages/airflow/example_dags/tutorial_dag.py
[2025-06-20T16:14:02.438+0000] {processor.py:830} INFO - Processing file /home/airflow/.local/lib/python3.12/site-packages/airflow/example_dags/tutorial_dag.py for tasks to queue
[2025-06-20T16:14:02.440+0000] {logging_mixin.py:188} INFO - [2025-06-20T16:14:02.440+0000] {dagbag.py:540} INFO - Filling up the DagBag from /home/airflow/.local/lib/python3.12/site-packages/airflow/example_dags/tutorial_dag.py
[2025-06-20T16:14:02.445+0000] {processor.py:840} INFO - DAG(s) 'tutorial_dag' retrieved from /home/airflow/.local/lib/python3.12/site-packages/airflow/example_dags/tutorial_dag.py
[2025-06-20T16:14:02.464+0000] {logging_mixin.py:188} INFO - [2025-06-20T16:14:02.464+0000] {dag.py:3096} INFO - Sync 1 DAGs
[2025-06-20T16:14:02.477+0000] {logging_mixin.py:188} INFO - [2025-06-20T16:14:02.477+0000] {dag.py:3954} INFO - Setting next_dagrun for tutorial_dag to None, run_after=None
[2025-06-20T16:14:02.493+0000] {processor.py:183} INFO - Processing /home/airflow/.local/lib/python3.12/site-packages/airflow/example_dags/tutorial_dag.py took 0.062 seconds
[2025-06-20T16:14:32.831+0000] {processor.py:161} INFO - Started process (PID=1728) to work on /home/airflow/.local/lib/python3.12/site-packages/airflow/example_dags/tutorial_dag.py
[2025-06-20T16:14:32.832+0000] {processor.py:830} INFO - Processing file /home/airflow/.local/lib/python3.12/site-packages/airflow/example_dags/tutorial_dag.py for tasks to queue
[2025-06-20T16:14:32.834+0000] {logging_mixin.py:188} INFO - [2025-06-20T16:14:32.834+0000] {dagbag.py:540} INFO - Filling up the DagBag from /home/airflow/.local/lib/python3.12/site-packages/airflow/example_dags/tutorial_dag.py
[2025-06-20T16:14:32.841+0000] {processor.py:840} INFO - DAG(s) 'tutorial_dag' retrieved from /home/airflow/.local/lib/python3.12/site-packages/airflow/example_dags/tutorial_dag.py
[2025-06-20T16:14:32.861+0000] {logging_mixin.py:188} INFO - [2025-06-20T16:14:32.861+0000] {dag.py:3096} INFO - Sync 1 DAGs
[2025-06-20T16:14:32.873+0000] {logging_mixin.py:188} INFO - [2025-06-20T16:14:32.873+0000] {dag.py:3954} INFO - Setting next_dagrun for tutorial_dag to None, run_after=None
[2025-06-20T16:14:32.889+0000] {processor.py:183} INFO - Processing /home/airflow/.local/lib/python3.12/site-packages/airflow/example_dags/tutorial_dag.py took 0.064 seconds
[2025-06-20T16:15:03.176+0000] {processor.py:161} INFO - Started process (PID=1787) to work on /home/airflow/.local/lib/python3.12/site-packages/airflow/example_dags/tutorial_dag.py
[2025-06-20T16:15:03.177+0000] {processor.py:830} INFO - Processing file /home/airflow/.local/lib/python3.12/site-packages/airflow/example_dags/tutorial_dag.py for tasks to queue
[2025-06-20T16:15:03.179+0000] {logging_mixin.py:188} INFO - [2025-06-20T16:15:03.179+0000] {dagbag.py:540} INFO - Filling up the DagBag from /home/airflow/.local/lib/python3.12/site-packages/airflow/example_dags/tutorial_dag.py
[2025-06-20T16:15:03.184+0000] {processor.py:840} INFO - DAG(s) 'tutorial_dag' retrieved from /home/airflow/.local/lib/python3.12/site-packages/airflow/example_dags/tutorial_dag.py
[2025-06-20T16:15:03.204+0000] {logging_mixin.py:188} INFO - [2025-06-20T16:15:03.204+0000] {dag.py:3096} INFO - Sync 1 DAGs
[2025-06-20T16:15:03.216+0000] {logging_mixin.py:188} INFO - [2025-06-20T16:15:03.216+0000] {dag.py:3954} INFO - Setting next_dagrun for tutorial_dag to None, run_after=None
[2025-06-20T16:15:03.232+0000] {processor.py:183} INFO - Processing /home/airflow/.local/lib/python3.12/site-packages/airflow/example_dags/tutorial_dag.py took 0.062 seconds
[2025-06-20T16:15:33.405+0000] {processor.py:161} INFO - Started process (PID=1846) to work on /home/airflow/.local/lib/python3.12/site-packages/airflow/example_dags/tutorial_dag.py
[2025-06-20T16:15:33.406+0000] {processor.py:830} INFO - Processing file /home/airflow/.local/lib/python3.12/site-packages/airflow/example_dags/tutorial_dag.py for tasks to queue
[2025-06-20T16:15:33.408+0000] {logging_mixin.py:188} INFO - [2025-06-20T16:15:33.407+0000] {dagbag.py:540} INFO - Filling up the DagBag from /home/airflow/.local/lib/python3.12/site-packages/airflow/example_dags/tutorial_dag.py
[2025-06-20T16:15:33.413+0000] {processor.py:840} INFO - DAG(s) 'tutorial_dag' retrieved from /home/airflow/.local/lib/python3.12/site-packages/airflow/example_dags/tutorial_dag.py
[2025-06-20T16:15:33.432+0000] {logging_mixin.py:188} INFO - [2025-06-20T16:15:33.432+0000] {dag.py:3096} INFO - Sync 1 DAGs
[2025-06-20T16:15:33.444+0000] {logging_mixin.py:188} INFO - [2025-06-20T16:15:33.444+0000] {dag.py:3954} INFO - Setting next_dagrun for tutorial_dag to None, run_after=None
[2025-06-20T16:15:33.460+0000] {processor.py:183} INFO - Processing /home/airflow/.local/lib/python3.12/site-packages/airflow/example_dags/tutorial_dag.py took 0.061 seconds
[2025-06-20T16:16:04.045+0000] {processor.py:161} INFO - Started process (PID=1905) to work on /home/airflow/.local/lib/python3.12/site-packages/airflow/example_dags/tutorial_dag.py
[2025-06-20T16:16:04.046+0000] {processor.py:830} INFO - Processing file /home/airflow/.local/lib/python3.12/site-packages/airflow/example_dags/tutorial_dag.py for tasks to queue
[2025-06-20T16:16:04.048+0000] {logging_mixin.py:188} INFO - [2025-06-20T16:16:04.048+0000] {dagbag.py:540} INFO - Filling up the DagBag from /home/airflow/.local/lib/python3.12/site-packages/airflow/example_dags/tutorial_dag.py
[2025-06-20T16:16:04.053+0000] {processor.py:840} INFO - DAG(s) 'tutorial_dag' retrieved from /home/airflow/.local/lib/python3.12/site-packages/airflow/example_dags/tutorial_dag.py
[2025-06-20T16:16:04.073+0000] {logging_mixin.py:188} INFO - [2025-06-20T16:16:04.072+0000] {dag.py:3096} INFO - Sync 1 DAGs
[2025-06-20T16:16:04.084+0000] {logging_mixin.py:188} INFO - [2025-06-20T16:16:04.084+0000] {dag.py:3954} INFO - Setting next_dagrun for tutorial_dag to None, run_after=None
[2025-06-20T16:16:04.100+0000] {processor.py:183} INFO - Processing /home/airflow/.local/lib/python3.12/site-packages/airflow/example_dags/tutorial_dag.py took 0.061 seconds
[2025-06-20T16:16:34.379+0000] {processor.py:161} INFO - Started process (PID=1964) to work on /home/airflow/.local/lib/python3.12/site-packages/airflow/example_dags/tutorial_dag.py
[2025-06-20T16:16:34.380+0000] {processor.py:830} INFO - Processing file /home/airflow/.local/lib/python3.12/site-packages/airflow/example_dags/tutorial_dag.py for tasks to queue
[2025-06-20T16:16:34.382+0000] {logging_mixin.py:188} INFO - [2025-06-20T16:16:34.381+0000] {dagbag.py:540} INFO - Filling up the DagBag from /home/airflow/.local/lib/python3.12/site-packages/airflow/example_dags/tutorial_dag.py
[2025-06-20T16:16:34.387+0000] {processor.py:840} INFO - DAG(s) 'tutorial_dag' retrieved from /home/airflow/.local/lib/python3.12/site-packages/airflow/example_dags/tutorial_dag.py
[2025-06-20T16:16:34.406+0000] {logging_mixin.py:188} INFO - [2025-06-20T16:16:34.406+0000] {dag.py:3096} INFO - Sync 1 DAGs
[2025-06-20T16:16:34.417+0000] {logging_mixin.py:188} INFO - [2025-06-20T16:16:34.417+0000] {dag.py:3954} INFO - Setting next_dagrun for tutorial_dag to None, run_after=None
[2025-06-20T16:16:34.432+0000] {processor.py:183} INFO - Processing /home/airflow/.local/lib/python3.12/site-packages/airflow/example_dags/tutorial_dag.py took 0.060 seconds
[2025-06-20T16:17:04.876+0000] {processor.py:161} INFO - Started process (PID=2024) to work on /home/airflow/.local/lib/python3.12/site-packages/airflow/example_dags/tutorial_dag.py
[2025-06-20T16:17:04.877+0000] {processor.py:830} INFO - Processing file /home/airflow/.local/lib/python3.12/site-packages/airflow/example_dags/tutorial_dag.py for tasks to queue
[2025-06-20T16:17:04.879+0000] {logging_mixin.py:188} INFO - [2025-06-20T16:17:04.878+0000] {dagbag.py:540} INFO - Filling up the DagBag from /home/airflow/.local/lib/python3.12/site-packages/airflow/example_dags/tutorial_dag.py
[2025-06-20T16:17:04.884+0000] {processor.py:840} INFO - DAG(s) 'tutorial_dag' retrieved from /home/airflow/.local/lib/python3.12/site-packages/airflow/example_dags/tutorial_dag.py
[2025-06-20T16:17:04.903+0000] {logging_mixin.py:188} INFO - [2025-06-20T16:17:04.903+0000] {dag.py:3096} INFO - Sync 1 DAGs
[2025-06-20T16:17:04.915+0000] {logging_mixin.py:188} INFO - [2025-06-20T16:17:04.915+0000] {dag.py:3954} INFO - Setting next_dagrun for tutorial_dag to None, run_after=None
[2025-06-20T16:17:04.930+0000] {processor.py:183} INFO - Processing /home/airflow/.local/lib/python3.12/site-packages/airflow/example_dags/tutorial_dag.py took 0.060 seconds
[2025-06-20T16:17:35.682+0000] {processor.py:161} INFO - Started process (PID=2081) to work on /home/airflow/.local/lib/python3.12/site-packages/airflow/example_dags/tutorial_dag.py
[2025-06-20T16:17:35.683+0000] {processor.py:830} INFO - Processing file /home/airflow/.local/lib/python3.12/site-packages/airflow/example_dags/tutorial_dag.py for tasks to queue
[2025-06-20T16:17:35.685+0000] {logging_mixin.py:188} INFO - [2025-06-20T16:17:35.685+0000] {dagbag.py:540} INFO - Filling up the DagBag from /home/airflow/.local/lib/python3.12/site-packages/airflow/example_dags/tutorial_dag.py
[2025-06-20T16:17:35.691+0000] {processor.py:840} INFO - DAG(s) 'tutorial_dag' retrieved from /home/airflow/.local/lib/python3.12/site-packages/airflow/example_dags/tutorial_dag.py
[2025-06-20T16:17:35.711+0000] {logging_mixin.py:188} INFO - [2025-06-20T16:17:35.710+0000] {dag.py:3096} INFO - Sync 1 DAGs
[2025-06-20T16:17:35.722+0000] {logging_mixin.py:188} INFO - [2025-06-20T16:17:35.722+0000] {dag.py:3954} INFO - Setting next_dagrun for tutorial_dag to None, run_after=None
[2025-06-20T16:17:35.738+0000] {processor.py:183} INFO - Processing /home/airflow/.local/lib/python3.12/site-packages/airflow/example_dags/tutorial_dag.py took 0.062 seconds
[2025-06-20T16:18:06.161+0000] {processor.py:161} INFO - Started process (PID=2140) to work on /home/airflow/.local/lib/python3.12/site-packages/airflow/example_dags/tutorial_dag.py
[2025-06-20T16:18:06.162+0000] {processor.py:830} INFO - Processing file /home/airflow/.local/lib/python3.12/site-packages/airflow/example_dags/tutorial_dag.py for tasks to queue
[2025-06-20T16:18:06.164+0000] {logging_mixin.py:188} INFO - [2025-06-20T16:18:06.163+0000] {dagbag.py:540} INFO - Filling up the DagBag from /home/airflow/.local/lib/python3.12/site-packages/airflow/example_dags/tutorial_dag.py
[2025-06-20T16:18:06.169+0000] {processor.py:840} INFO - DAG(s) 'tutorial_dag' retrieved from /home/airflow/.local/lib/python3.12/site-packages/airflow/example_dags/tutorial_dag.py
[2025-06-20T16:18:06.191+0000] {logging_mixin.py:188} INFO - [2025-06-20T16:18:06.191+0000] {dag.py:3096} INFO - Sync 1 DAGs
[2025-06-20T16:18:06.206+0000] {logging_mixin.py:188} INFO - [2025-06-20T16:18:06.206+0000] {dag.py:3954} INFO - Setting next_dagrun for tutorial_dag to None, run_after=None
[2025-06-20T16:18:06.222+0000] {processor.py:183} INFO - Processing /home/airflow/.local/lib/python3.12/site-packages/airflow/example_dags/tutorial_dag.py took 0.067 seconds
[2025-06-20T16:18:37.178+0000] {processor.py:161} INFO - Started process (PID=2199) to work on /home/airflow/.local/lib/python3.12/site-packages/airflow/example_dags/tutorial_dag.py
[2025-06-20T16:18:37.179+0000] {processor.py:830} INFO - Processing file /home/airflow/.local/lib/python3.12/site-packages/airflow/example_dags/tutorial_dag.py for tasks to queue
[2025-06-20T16:18:37.181+0000] {logging_mixin.py:188} INFO - [2025-06-20T16:18:37.181+0000] {dagbag.py:540} INFO - Filling up the DagBag from /home/airflow/.local/lib/python3.12/site-packages/airflow/example_dags/tutorial_dag.py
[2025-06-20T16:18:37.187+0000] {processor.py:840} INFO - DAG(s) 'tutorial_dag' retrieved from /home/airflow/.local/lib/python3.12/site-packages/airflow/example_dags/tutorial_dag.py
[2025-06-20T16:18:37.206+0000] {logging_mixin.py:188} INFO - [2025-06-20T16:18:37.206+0000] {dag.py:3096} INFO - Sync 1 DAGs
[2025-06-20T16:18:37.220+0000] {logging_mixin.py:188} INFO - [2025-06-20T16:18:37.220+0000] {dag.py:3954} INFO - Setting next_dagrun for tutorial_dag to None, run_after=None
[2025-06-20T16:18:37.238+0000] {processor.py:183} INFO - Processing /home/airflow/.local/lib/python3.12/site-packages/airflow/example_dags/tutorial_dag.py took 0.065 seconds
[2025-06-20T16:19:07.823+0000] {processor.py:161} INFO - Started process (PID=2258) to work on /home/airflow/.local/lib/python3.12/site-packages/airflow/example_dags/tutorial_dag.py
[2025-06-20T16:19:07.824+0000] {processor.py:830} INFO - Processing file /home/airflow/.local/lib/python3.12/site-packages/airflow/example_dags/tutorial_dag.py for tasks to queue
[2025-06-20T16:19:07.826+0000] {logging_mixin.py:188} INFO - [2025-06-20T16:19:07.826+0000] {dagbag.py:540} INFO - Filling up the DagBag from /home/airflow/.local/lib/python3.12/site-packages/airflow/example_dags/tutorial_dag.py
[2025-06-20T16:19:07.831+0000] {processor.py:840} INFO - DAG(s) 'tutorial_dag' retrieved from /home/airflow/.local/lib/python3.12/site-packages/airflow/example_dags/tutorial_dag.py
[2025-06-20T16:19:07.850+0000] {logging_mixin.py:188} INFO - [2025-06-20T16:19:07.850+0000] {dag.py:3096} INFO - Sync 1 DAGs
[2025-06-20T16:19:07.862+0000] {logging_mixin.py:188} INFO - [2025-06-20T16:19:07.862+0000] {dag.py:3954} INFO - Setting next_dagrun for tutorial_dag to None, run_after=None
[2025-06-20T16:19:07.877+0000] {processor.py:183} INFO - Processing /home/airflow/.local/lib/python3.12/site-packages/airflow/example_dags/tutorial_dag.py took 0.060 seconds
[2025-06-20T16:19:38.292+0000] {processor.py:161} INFO - Started process (PID=2317) to work on /home/airflow/.local/lib/python3.12/site-packages/airflow/example_dags/tutorial_dag.py
[2025-06-20T16:19:38.293+0000] {processor.py:830} INFO - Processing file /home/airflow/.local/lib/python3.12/site-packages/airflow/example_dags/tutorial_dag.py for tasks to queue
[2025-06-20T16:19:38.295+0000] {logging_mixin.py:188} INFO - [2025-06-20T16:19:38.295+0000] {dagbag.py:540} INFO - Filling up the DagBag from /home/airflow/.local/lib/python3.12/site-packages/airflow/example_dags/tutorial_dag.py
[2025-06-20T16:19:38.302+0000] {processor.py:840} INFO - DAG(s) 'tutorial_dag' retrieved from /home/airflow/.local/lib/python3.12/site-packages/airflow/example_dags/tutorial_dag.py
[2025-06-20T16:19:38.323+0000] {logging_mixin.py:188} INFO - [2025-06-20T16:19:38.323+0000] {dag.py:3096} INFO - Sync 1 DAGs
[2025-06-20T16:19:38.461+0000] {logging_mixin.py:188} INFO - [2025-06-20T16:19:38.461+0000] {dag.py:3954} INFO - Setting next_dagrun for tutorial_dag to None, run_after=None
[2025-06-20T16:19:38.476+0000] {processor.py:183} INFO - Processing /home/airflow/.local/lib/python3.12/site-packages/airflow/example_dags/tutorial_dag.py took 0.190 seconds
[2025-06-20T16:20:08.745+0000] {processor.py:161} INFO - Started process (PID=2376) to work on /home/airflow/.local/lib/python3.12/site-packages/airflow/example_dags/tutorial_dag.py
[2025-06-20T16:20:08.746+0000] {processor.py:830} INFO - Processing file /home/airflow/.local/lib/python3.12/site-packages/airflow/example_dags/tutorial_dag.py for tasks to queue
[2025-06-20T16:20:08.748+0000] {logging_mixin.py:188} INFO - [2025-06-20T16:20:08.747+0000] {dagbag.py:540} INFO - Filling up the DagBag from /home/airflow/.local/lib/python3.12/site-packages/airflow/example_dags/tutorial_dag.py
[2025-06-20T16:20:08.754+0000] {processor.py:840} INFO - DAG(s) 'tutorial_dag' retrieved from /home/airflow/.local/lib/python3.12/site-packages/airflow/example_dags/tutorial_dag.py
[2025-06-20T16:20:08.776+0000] {logging_mixin.py:188} INFO - [2025-06-20T16:20:08.775+0000] {dag.py:3096} INFO - Sync 1 DAGs
[2025-06-20T16:20:08.791+0000] {logging_mixin.py:188} INFO - [2025-06-20T16:20:08.791+0000] {dag.py:3954} INFO - Setting next_dagrun for tutorial_dag to None, run_after=None
[2025-06-20T16:20:08.811+0000] {processor.py:183} INFO - Processing /home/airflow/.local/lib/python3.12/site-packages/airflow/example_dags/tutorial_dag.py took 0.073 seconds
[2025-06-20T16:20:39.408+0000] {processor.py:161} INFO - Started process (PID=2435) to work on /home/airflow/.local/lib/python3.12/site-packages/airflow/example_dags/tutorial_dag.py
[2025-06-20T16:20:39.409+0000] {processor.py:830} INFO - Processing file /home/airflow/.local/lib/python3.12/site-packages/airflow/example_dags/tutorial_dag.py for tasks to queue
[2025-06-20T16:20:39.411+0000] {logging_mixin.py:188} INFO - [2025-06-20T16:20:39.410+0000] {dagbag.py:540} INFO - Filling up the DagBag from /home/airflow/.local/lib/python3.12/site-packages/airflow/example_dags/tutorial_dag.py
[2025-06-20T16:20:39.416+0000] {processor.py:840} INFO - DAG(s) 'tutorial_dag' retrieved from /home/airflow/.local/lib/python3.12/site-packages/airflow/example_dags/tutorial_dag.py
[2025-06-20T16:20:39.437+0000] {logging_mixin.py:188} INFO - [2025-06-20T16:20:39.437+0000] {dag.py:3096} INFO - Sync 1 DAGs
[2025-06-20T16:20:39.450+0000] {logging_mixin.py:188} INFO - [2025-06-20T16:20:39.450+0000] {dag.py:3954} INFO - Setting next_dagrun for tutorial_dag to None, run_after=None
[2025-06-20T16:20:39.466+0000] {processor.py:183} INFO - Processing /home/airflow/.local/lib/python3.12/site-packages/airflow/example_dags/tutorial_dag.py took 0.065 seconds
[2025-06-20T16:21:09.615+0000] {processor.py:161} INFO - Started process (PID=2494) to work on /home/airflow/.local/lib/python3.12/site-packages/airflow/example_dags/tutorial_dag.py
[2025-06-20T16:21:09.616+0000] {processor.py:830} INFO - Processing file /home/airflow/.local/lib/python3.12/site-packages/airflow/example_dags/tutorial_dag.py for tasks to queue
[2025-06-20T16:21:09.618+0000] {logging_mixin.py:188} INFO - [2025-06-20T16:21:09.618+0000] {dagbag.py:540} INFO - Filling up the DagBag from /home/airflow/.local/lib/python3.12/site-packages/airflow/example_dags/tutorial_dag.py
[2025-06-20T16:21:09.624+0000] {processor.py:840} INFO - DAG(s) 'tutorial_dag' retrieved from /home/airflow/.local/lib/python3.12/site-packages/airflow/example_dags/tutorial_dag.py
[2025-06-20T16:21:09.644+0000] {logging_mixin.py:188} INFO - [2025-06-20T16:21:09.643+0000] {dag.py:3096} INFO - Sync 1 DAGs
[2025-06-20T16:21:09.656+0000] {logging_mixin.py:188} INFO - [2025-06-20T16:21:09.656+0000] {dag.py:3954} INFO - Setting next_dagrun for tutorial_dag to None, run_after=None
[2025-06-20T16:21:09.671+0000] {processor.py:183} INFO - Processing /home/airflow/.local/lib/python3.12/site-packages/airflow/example_dags/tutorial_dag.py took 0.064 seconds
[2025-06-20T16:21:39.854+0000] {processor.py:161} INFO - Started process (PID=2554) to work on /home/airflow/.local/lib/python3.12/site-packages/airflow/example_dags/tutorial_dag.py
[2025-06-20T16:21:39.855+0000] {processor.py:830} INFO - Processing file /home/airflow/.local/lib/python3.12/site-packages/airflow/example_dags/tutorial_dag.py for tasks to queue
[2025-06-20T16:21:39.857+0000] {logging_mixin.py:188} INFO - [2025-06-20T16:21:39.856+0000] {dagbag.py:540} INFO - Filling up the DagBag from /home/airflow/.local/lib/python3.12/site-packages/airflow/example_dags/tutorial_dag.py
[2025-06-20T16:21:39.863+0000] {processor.py:840} INFO - DAG(s) 'tutorial_dag' retrieved from /home/airflow/.local/lib/python3.12/site-packages/airflow/example_dags/tutorial_dag.py
[2025-06-20T16:21:39.883+0000] {logging_mixin.py:188} INFO - [2025-06-20T16:21:39.883+0000] {dag.py:3096} INFO - Sync 1 DAGs
[2025-06-20T16:21:39.895+0000] {logging_mixin.py:188} INFO - [2025-06-20T16:21:39.895+0000] {dag.py:3954} INFO - Setting next_dagrun for tutorial_dag to None, run_after=None
[2025-06-20T16:21:39.913+0000] {processor.py:183} INFO - Processing /home/airflow/.local/lib/python3.12/site-packages/airflow/example_dags/tutorial_dag.py took 0.065 seconds
[2025-06-20T16:22:10.031+0000] {processor.py:161} INFO - Started process (PID=2613) to work on /home/airflow/.local/lib/python3.12/site-packages/airflow/example_dags/tutorial_dag.py
[2025-06-20T16:22:10.032+0000] {processor.py:830} INFO - Processing file /home/airflow/.local/lib/python3.12/site-packages/airflow/example_dags/tutorial_dag.py for tasks to queue
[2025-06-20T16:22:10.034+0000] {logging_mixin.py:188} INFO - [2025-06-20T16:22:10.034+0000] {dagbag.py:540} INFO - Filling up the DagBag from /home/airflow/.local/lib/python3.12/site-packages/airflow/example_dags/tutorial_dag.py
[2025-06-20T16:22:10.040+0000] {processor.py:840} INFO - DAG(s) 'tutorial_dag' retrieved from /home/airflow/.local/lib/python3.12/site-packages/airflow/example_dags/tutorial_dag.py
[2025-06-20T16:22:10.059+0000] {logging_mixin.py:188} INFO - [2025-06-20T16:22:10.059+0000] {dag.py:3096} INFO - Sync 1 DAGs
[2025-06-20T16:22:10.071+0000] {logging_mixin.py:188} INFO - [2025-06-20T16:22:10.071+0000] {dag.py:3954} INFO - Setting next_dagrun for tutorial_dag to None, run_after=None
[2025-06-20T16:22:10.089+0000] {processor.py:183} INFO - Processing /home/airflow/.local/lib/python3.12/site-packages/airflow/example_dags/tutorial_dag.py took 0.064 seconds
[2025-06-20T16:22:40.237+0000] {processor.py:161} INFO - Started process (PID=2672) to work on /home/airflow/.local/lib/python3.12/site-packages/airflow/example_dags/tutorial_dag.py
[2025-06-20T16:22:40.238+0000] {processor.py:830} INFO - Processing file /home/airflow/.local/lib/python3.12/site-packages/airflow/example_dags/tutorial_dag.py for tasks to queue
[2025-06-20T16:22:40.240+0000] {logging_mixin.py:188} INFO - [2025-06-20T16:22:40.240+0000] {dagbag.py:540} INFO - Filling up the DagBag from /home/airflow/.local/lib/python3.12/site-packages/airflow/example_dags/tutorial_dag.py
[2025-06-20T16:22:40.246+0000] {processor.py:840} INFO - DAG(s) 'tutorial_dag' retrieved from /home/airflow/.local/lib/python3.12/site-packages/airflow/example_dags/tutorial_dag.py
[2025-06-20T16:22:40.265+0000] {logging_mixin.py:188} INFO - [2025-06-20T16:22:40.265+0000] {dag.py:3096} INFO - Sync 1 DAGs
[2025-06-20T16:22:40.277+0000] {logging_mixin.py:188} INFO - [2025-06-20T16:22:40.277+0000] {dag.py:3954} INFO - Setting next_dagrun for tutorial_dag to None, run_after=None
[2025-06-20T16:22:40.292+0000] {processor.py:183} INFO - Processing /home/airflow/.local/lib/python3.12/site-packages/airflow/example_dags/tutorial_dag.py took 0.061 seconds
[2025-06-20T16:23:10.415+0000] {processor.py:161} INFO - Started process (PID=2731) to work on /home/airflow/.local/lib/python3.12/site-packages/airflow/example_dags/tutorial_dag.py
[2025-06-20T16:23:10.416+0000] {processor.py:830} INFO - Processing file /home/airflow/.local/lib/python3.12/site-packages/airflow/example_dags/tutorial_dag.py for tasks to queue
[2025-06-20T16:23:10.418+0000] {logging_mixin.py:188} INFO - [2025-06-20T16:23:10.418+0000] {dagbag.py:540} INFO - Filling up the DagBag from /home/airflow/.local/lib/python3.12/site-packages/airflow/example_dags/tutorial_dag.py
[2025-06-20T16:23:10.423+0000] {processor.py:840} INFO - DAG(s) 'tutorial_dag' retrieved from /home/airflow/.local/lib/python3.12/site-packages/airflow/example_dags/tutorial_dag.py
[2025-06-20T16:23:10.443+0000] {logging_mixin.py:188} INFO - [2025-06-20T16:23:10.443+0000] {dag.py:3096} INFO - Sync 1 DAGs
[2025-06-20T16:23:10.455+0000] {logging_mixin.py:188} INFO - [2025-06-20T16:23:10.455+0000] {dag.py:3954} INFO - Setting next_dagrun for tutorial_dag to None, run_after=None
[2025-06-20T16:23:10.471+0000] {processor.py:183} INFO - Processing /home/airflow/.local/lib/python3.12/site-packages/airflow/example_dags/tutorial_dag.py took 0.062 seconds
[2025-06-20T16:24:24.328+0000] {processor.py:161} INFO - Started process (PID=69) to work on /home/airflow/.local/lib/python3.12/site-packages/airflow/example_dags/tutorial_dag.py
[2025-06-20T16:24:24.329+0000] {processor.py:830} INFO - Processing file /home/airflow/.local/lib/python3.12/site-packages/airflow/example_dags/tutorial_dag.py for tasks to queue
[2025-06-20T16:24:24.332+0000] {logging_mixin.py:188} INFO - [2025-06-20T16:24:24.332+0000] {dagbag.py:540} INFO - Filling up the DagBag from /home/airflow/.local/lib/python3.12/site-packages/airflow/example_dags/tutorial_dag.py
[2025-06-20T16:24:24.340+0000] {processor.py:840} INFO - DAG(s) 'tutorial_dag' retrieved from /home/airflow/.local/lib/python3.12/site-packages/airflow/example_dags/tutorial_dag.py
[2025-06-20T16:24:24.359+0000] {logging_mixin.py:188} INFO - [2025-06-20T16:24:24.358+0000] {dag.py:3096} INFO - Sync 1 DAGs
[2025-06-20T16:24:24.380+0000] {logging_mixin.py:188} INFO - [2025-06-20T16:24:24.380+0000] {dag.py:3954} INFO - Setting next_dagrun for tutorial_dag to None, run_after=None
[2025-06-20T16:24:24.397+0000] {processor.py:183} INFO - Processing /home/airflow/.local/lib/python3.12/site-packages/airflow/example_dags/tutorial_dag.py took 0.077 seconds
[2025-06-20T16:24:55.301+0000] {processor.py:161} INFO - Started process (PID=128) to work on /home/airflow/.local/lib/python3.12/site-packages/airflow/example_dags/tutorial_dag.py
[2025-06-20T16:24:55.302+0000] {processor.py:830} INFO - Processing file /home/airflow/.local/lib/python3.12/site-packages/airflow/example_dags/tutorial_dag.py for tasks to queue
[2025-06-20T16:24:55.304+0000] {logging_mixin.py:188} INFO - [2025-06-20T16:24:55.304+0000] {dagbag.py:540} INFO - Filling up the DagBag from /home/airflow/.local/lib/python3.12/site-packages/airflow/example_dags/tutorial_dag.py
[2025-06-20T16:24:55.310+0000] {processor.py:840} INFO - DAG(s) 'tutorial_dag' retrieved from /home/airflow/.local/lib/python3.12/site-packages/airflow/example_dags/tutorial_dag.py
[2025-06-20T16:24:55.423+0000] {logging_mixin.py:188} INFO - [2025-06-20T16:24:55.423+0000] {dag.py:3096} INFO - Sync 1 DAGs
[2025-06-20T16:24:55.433+0000] {logging_mixin.py:188} INFO - [2025-06-20T16:24:55.432+0000] {dag.py:3954} INFO - Setting next_dagrun for tutorial_dag to None, run_after=None
[2025-06-20T16:24:55.448+0000] {processor.py:183} INFO - Processing /home/airflow/.local/lib/python3.12/site-packages/airflow/example_dags/tutorial_dag.py took 0.153 seconds
[2025-06-20T16:25:26.454+0000] {processor.py:161} INFO - Started process (PID=187) to work on /home/airflow/.local/lib/python3.12/site-packages/airflow/example_dags/tutorial_dag.py
[2025-06-20T16:25:26.455+0000] {processor.py:830} INFO - Processing file /home/airflow/.local/lib/python3.12/site-packages/airflow/example_dags/tutorial_dag.py for tasks to queue
[2025-06-20T16:25:26.457+0000] {logging_mixin.py:188} INFO - [2025-06-20T16:25:26.456+0000] {dagbag.py:540} INFO - Filling up the DagBag from /home/airflow/.local/lib/python3.12/site-packages/airflow/example_dags/tutorial_dag.py
[2025-06-20T16:25:26.462+0000] {processor.py:840} INFO - DAG(s) 'tutorial_dag' retrieved from /home/airflow/.local/lib/python3.12/site-packages/airflow/example_dags/tutorial_dag.py
[2025-06-20T16:25:26.482+0000] {logging_mixin.py:188} INFO - [2025-06-20T16:25:26.482+0000] {dag.py:3096} INFO - Sync 1 DAGs
[2025-06-20T16:25:26.494+0000] {logging_mixin.py:188} INFO - [2025-06-20T16:25:26.494+0000] {dag.py:3954} INFO - Setting next_dagrun for tutorial_dag to None, run_after=None
[2025-06-20T16:25:26.510+0000] {processor.py:183} INFO - Processing /home/airflow/.local/lib/python3.12/site-packages/airflow/example_dags/tutorial_dag.py took 0.062 seconds
[2025-06-20T16:25:56.701+0000] {processor.py:161} INFO - Started process (PID=246) to work on /home/airflow/.local/lib/python3.12/site-packages/airflow/example_dags/tutorial_dag.py
[2025-06-20T16:25:56.702+0000] {processor.py:830} INFO - Processing file /home/airflow/.local/lib/python3.12/site-packages/airflow/example_dags/tutorial_dag.py for tasks to queue
[2025-06-20T16:25:56.704+0000] {logging_mixin.py:188} INFO - [2025-06-20T16:25:56.703+0000] {dagbag.py:540} INFO - Filling up the DagBag from /home/airflow/.local/lib/python3.12/site-packages/airflow/example_dags/tutorial_dag.py
[2025-06-20T16:25:56.709+0000] {processor.py:840} INFO - DAG(s) 'tutorial_dag' retrieved from /home/airflow/.local/lib/python3.12/site-packages/airflow/example_dags/tutorial_dag.py
[2025-06-20T16:25:56.728+0000] {logging_mixin.py:188} INFO - [2025-06-20T16:25:56.728+0000] {dag.py:3096} INFO - Sync 1 DAGs
[2025-06-20T16:25:56.740+0000] {logging_mixin.py:188} INFO - [2025-06-20T16:25:56.740+0000] {dag.py:3954} INFO - Setting next_dagrun for tutorial_dag to None, run_after=None
[2025-06-20T16:25:56.756+0000] {processor.py:183} INFO - Processing /home/airflow/.local/lib/python3.12/site-packages/airflow/example_dags/tutorial_dag.py took 0.062 seconds
[2025-06-20T16:26:26.888+0000] {processor.py:161} INFO - Started process (PID=305) to work on /home/airflow/.local/lib/python3.12/site-packages/airflow/example_dags/tutorial_dag.py
[2025-06-20T16:26:26.889+0000] {processor.py:830} INFO - Processing file /home/airflow/.local/lib/python3.12/site-packages/airflow/example_dags/tutorial_dag.py for tasks to queue
[2025-06-20T16:26:26.891+0000] {logging_mixin.py:188} INFO - [2025-06-20T16:26:26.890+0000] {dagbag.py:540} INFO - Filling up the DagBag from /home/airflow/.local/lib/python3.12/site-packages/airflow/example_dags/tutorial_dag.py
[2025-06-20T16:26:26.896+0000] {processor.py:840} INFO - DAG(s) 'tutorial_dag' retrieved from /home/airflow/.local/lib/python3.12/site-packages/airflow/example_dags/tutorial_dag.py
[2025-06-20T16:26:26.915+0000] {logging_mixin.py:188} INFO - [2025-06-20T16:26:26.915+0000] {dag.py:3096} INFO - Sync 1 DAGs
[2025-06-20T16:26:26.927+0000] {logging_mixin.py:188} INFO - [2025-06-20T16:26:26.927+0000] {dag.py:3954} INFO - Setting next_dagrun for tutorial_dag to None, run_after=None
[2025-06-20T16:26:26.944+0000] {processor.py:183} INFO - Processing /home/airflow/.local/lib/python3.12/site-packages/airflow/example_dags/tutorial_dag.py took 0.063 seconds
[2025-06-20T16:26:57.229+0000] {processor.py:161} INFO - Started process (PID=370) to work on /home/airflow/.local/lib/python3.12/site-packages/airflow/example_dags/tutorial_dag.py
[2025-06-20T16:26:57.230+0000] {processor.py:830} INFO - Processing file /home/airflow/.local/lib/python3.12/site-packages/airflow/example_dags/tutorial_dag.py for tasks to queue
[2025-06-20T16:26:57.232+0000] {logging_mixin.py:188} INFO - [2025-06-20T16:26:57.231+0000] {dagbag.py:540} INFO - Filling up the DagBag from /home/airflow/.local/lib/python3.12/site-packages/airflow/example_dags/tutorial_dag.py
[2025-06-20T16:26:57.237+0000] {processor.py:840} INFO - DAG(s) 'tutorial_dag' retrieved from /home/airflow/.local/lib/python3.12/site-packages/airflow/example_dags/tutorial_dag.py
[2025-06-20T16:26:57.257+0000] {logging_mixin.py:188} INFO - [2025-06-20T16:26:57.257+0000] {dag.py:3096} INFO - Sync 1 DAGs
[2025-06-20T16:26:57.269+0000] {logging_mixin.py:188} INFO - [2025-06-20T16:26:57.269+0000] {dag.py:3954} INFO - Setting next_dagrun for tutorial_dag to None, run_after=None
[2025-06-20T16:26:57.284+0000] {processor.py:183} INFO - Processing /home/airflow/.local/lib/python3.12/site-packages/airflow/example_dags/tutorial_dag.py took 0.062 seconds
[2025-06-20T16:27:27.442+0000] {processor.py:161} INFO - Started process (PID=429) to work on /home/airflow/.local/lib/python3.12/site-packages/airflow/example_dags/tutorial_dag.py
[2025-06-20T16:27:27.443+0000] {processor.py:830} INFO - Processing file /home/airflow/.local/lib/python3.12/site-packages/airflow/example_dags/tutorial_dag.py for tasks to queue
[2025-06-20T16:27:27.445+0000] {logging_mixin.py:188} INFO - [2025-06-20T16:27:27.444+0000] {dagbag.py:540} INFO - Filling up the DagBag from /home/airflow/.local/lib/python3.12/site-packages/airflow/example_dags/tutorial_dag.py
[2025-06-20T16:27:27.450+0000] {processor.py:840} INFO - DAG(s) 'tutorial_dag' retrieved from /home/airflow/.local/lib/python3.12/site-packages/airflow/example_dags/tutorial_dag.py
[2025-06-20T16:27:27.471+0000] {logging_mixin.py:188} INFO - [2025-06-20T16:27:27.470+0000] {dag.py:3096} INFO - Sync 1 DAGs
[2025-06-20T16:27:27.484+0000] {logging_mixin.py:188} INFO - [2025-06-20T16:27:27.484+0000] {dag.py:3954} INFO - Setting next_dagrun for tutorial_dag to None, run_after=None
[2025-06-20T16:27:27.502+0000] {processor.py:183} INFO - Processing /home/airflow/.local/lib/python3.12/site-packages/airflow/example_dags/tutorial_dag.py took 0.066 seconds
[2025-06-20T16:27:57.549+0000] {processor.py:161} INFO - Started process (PID=488) to work on /home/airflow/.local/lib/python3.12/site-packages/airflow/example_dags/tutorial_dag.py
[2025-06-20T16:27:57.550+0000] {processor.py:830} INFO - Processing file /home/airflow/.local/lib/python3.12/site-packages/airflow/example_dags/tutorial_dag.py for tasks to queue
[2025-06-20T16:27:57.552+0000] {logging_mixin.py:188} INFO - [2025-06-20T16:27:57.552+0000] {dagbag.py:540} INFO - Filling up the DagBag from /home/airflow/.local/lib/python3.12/site-packages/airflow/example_dags/tutorial_dag.py
[2025-06-20T16:27:57.557+0000] {processor.py:840} INFO - DAG(s) 'tutorial_dag' retrieved from /home/airflow/.local/lib/python3.12/site-packages/airflow/example_dags/tutorial_dag.py
[2025-06-20T16:27:57.577+0000] {logging_mixin.py:188} INFO - [2025-06-20T16:27:57.577+0000] {dag.py:3096} INFO - Sync 1 DAGs
[2025-06-20T16:27:57.589+0000] {logging_mixin.py:188} INFO - [2025-06-20T16:27:57.589+0000] {dag.py:3954} INFO - Setting next_dagrun for tutorial_dag to None, run_after=None
[2025-06-20T16:27:57.605+0000] {processor.py:183} INFO - Processing /home/airflow/.local/lib/python3.12/site-packages/airflow/example_dags/tutorial_dag.py took 0.061 seconds
[2025-06-20T16:28:27.842+0000] {processor.py:161} INFO - Started process (PID=547) to work on /home/airflow/.local/lib/python3.12/site-packages/airflow/example_dags/tutorial_dag.py
[2025-06-20T16:28:27.843+0000] {processor.py:830} INFO - Processing file /home/airflow/.local/lib/python3.12/site-packages/airflow/example_dags/tutorial_dag.py for tasks to queue
[2025-06-20T16:28:27.845+0000] {logging_mixin.py:188} INFO - [2025-06-20T16:28:27.845+0000] {dagbag.py:540} INFO - Filling up the DagBag from /home/airflow/.local/lib/python3.12/site-packages/airflow/example_dags/tutorial_dag.py
[2025-06-20T16:28:27.850+0000] {processor.py:840} INFO - DAG(s) 'tutorial_dag' retrieved from /home/airflow/.local/lib/python3.12/site-packages/airflow/example_dags/tutorial_dag.py
[2025-06-20T16:28:27.870+0000] {logging_mixin.py:188} INFO - [2025-06-20T16:28:27.870+0000] {dag.py:3096} INFO - Sync 1 DAGs
[2025-06-20T16:28:27.882+0000] {logging_mixin.py:188} INFO - [2025-06-20T16:28:27.882+0000] {dag.py:3954} INFO - Setting next_dagrun for tutorial_dag to None, run_after=None
[2025-06-20T16:28:27.897+0000] {processor.py:183} INFO - Processing /home/airflow/.local/lib/python3.12/site-packages/airflow/example_dags/tutorial_dag.py took 0.061 seconds
[2025-06-20T16:28:58.873+0000] {processor.py:161} INFO - Started process (PID=606) to work on /home/airflow/.local/lib/python3.12/site-packages/airflow/example_dags/tutorial_dag.py
[2025-06-20T16:28:58.874+0000] {processor.py:830} INFO - Processing file /home/airflow/.local/lib/python3.12/site-packages/airflow/example_dags/tutorial_dag.py for tasks to queue
[2025-06-20T16:28:58.876+0000] {logging_mixin.py:188} INFO - [2025-06-20T16:28:58.876+0000] {dagbag.py:540} INFO - Filling up the DagBag from /home/airflow/.local/lib/python3.12/site-packages/airflow/example_dags/tutorial_dag.py
[2025-06-20T16:28:58.882+0000] {processor.py:840} INFO - DAG(s) 'tutorial_dag' retrieved from /home/airflow/.local/lib/python3.12/site-packages/airflow/example_dags/tutorial_dag.py
[2025-06-20T16:28:58.903+0000] {logging_mixin.py:188} INFO - [2025-06-20T16:28:58.903+0000] {dag.py:3096} INFO - Sync 1 DAGs
[2025-06-20T16:28:58.917+0000] {logging_mixin.py:188} INFO - [2025-06-20T16:28:58.917+0000] {dag.py:3954} INFO - Setting next_dagrun for tutorial_dag to None, run_after=None
[2025-06-20T16:28:58.935+0000] {processor.py:183} INFO - Processing /home/airflow/.local/lib/python3.12/site-packages/airflow/example_dags/tutorial_dag.py took 0.069 seconds
[2025-06-20T16:29:29.074+0000] {processor.py:161} INFO - Started process (PID=665) to work on /home/airflow/.local/lib/python3.12/site-packages/airflow/example_dags/tutorial_dag.py
[2025-06-20T16:29:29.075+0000] {processor.py:830} INFO - Processing file /home/airflow/.local/lib/python3.12/site-packages/airflow/example_dags/tutorial_dag.py for tasks to queue
[2025-06-20T16:29:29.077+0000] {logging_mixin.py:188} INFO - [2025-06-20T16:29:29.077+0000] {dagbag.py:540} INFO - Filling up the DagBag from /home/airflow/.local/lib/python3.12/site-packages/airflow/example_dags/tutorial_dag.py
[2025-06-20T16:29:29.082+0000] {processor.py:840} INFO - DAG(s) 'tutorial_dag' retrieved from /home/airflow/.local/lib/python3.12/site-packages/airflow/example_dags/tutorial_dag.py
[2025-06-20T16:29:29.102+0000] {logging_mixin.py:188} INFO - [2025-06-20T16:29:29.102+0000] {dag.py:3096} INFO - Sync 1 DAGs
[2025-06-20T16:29:29.114+0000] {logging_mixin.py:188} INFO - [2025-06-20T16:29:29.114+0000] {dag.py:3954} INFO - Setting next_dagrun for tutorial_dag to None, run_after=None
[2025-06-20T16:29:29.129+0000] {processor.py:183} INFO - Processing /home/airflow/.local/lib/python3.12/site-packages/airflow/example_dags/tutorial_dag.py took 0.061 seconds
[2025-06-20T16:29:59.431+0000] {processor.py:161} INFO - Started process (PID=724) to work on /home/airflow/.local/lib/python3.12/site-packages/airflow/example_dags/tutorial_dag.py
[2025-06-20T16:29:59.432+0000] {processor.py:830} INFO - Processing file /home/airflow/.local/lib/python3.12/site-packages/airflow/example_dags/tutorial_dag.py for tasks to queue
[2025-06-20T16:29:59.434+0000] {logging_mixin.py:188} INFO - [2025-06-20T16:29:59.434+0000] {dagbag.py:540} INFO - Filling up the DagBag from /home/airflow/.local/lib/python3.12/site-packages/airflow/example_dags/tutorial_dag.py
[2025-06-20T16:29:59.440+0000] {processor.py:840} INFO - DAG(s) 'tutorial_dag' retrieved from /home/airflow/.local/lib/python3.12/site-packages/airflow/example_dags/tutorial_dag.py
[2025-06-20T16:29:59.462+0000] {logging_mixin.py:188} INFO - [2025-06-20T16:29:59.462+0000] {dag.py:3096} INFO - Sync 1 DAGs
[2025-06-20T16:29:59.475+0000] {logging_mixin.py:188} INFO - [2025-06-20T16:29:59.474+0000] {dag.py:3954} INFO - Setting next_dagrun for tutorial_dag to None, run_after=None
[2025-06-20T16:29:59.492+0000] {processor.py:183} INFO - Processing /home/airflow/.local/lib/python3.12/site-packages/airflow/example_dags/tutorial_dag.py took 0.068 seconds
[2025-06-20T16:30:29.637+0000] {processor.py:161} INFO - Started process (PID=783) to work on /home/airflow/.local/lib/python3.12/site-packages/airflow/example_dags/tutorial_dag.py
[2025-06-20T16:30:29.637+0000] {processor.py:830} INFO - Processing file /home/airflow/.local/lib/python3.12/site-packages/airflow/example_dags/tutorial_dag.py for tasks to queue
[2025-06-20T16:30:29.640+0000] {logging_mixin.py:188} INFO - [2025-06-20T16:30:29.639+0000] {dagbag.py:540} INFO - Filling up the DagBag from /home/airflow/.local/lib/python3.12/site-packages/airflow/example_dags/tutorial_dag.py
[2025-06-20T16:30:29.645+0000] {processor.py:840} INFO - DAG(s) 'tutorial_dag' retrieved from /home/airflow/.local/lib/python3.12/site-packages/airflow/example_dags/tutorial_dag.py
[2025-06-20T16:30:29.665+0000] {logging_mixin.py:188} INFO - [2025-06-20T16:30:29.665+0000] {dag.py:3096} INFO - Sync 1 DAGs
[2025-06-20T16:30:29.677+0000] {logging_mixin.py:188} INFO - [2025-06-20T16:30:29.677+0000] {dag.py:3954} INFO - Setting next_dagrun for tutorial_dag to None, run_after=None
[2025-06-20T16:30:29.693+0000] {processor.py:183} INFO - Processing /home/airflow/.local/lib/python3.12/site-packages/airflow/example_dags/tutorial_dag.py took 0.064 seconds
[2025-06-20T16:31:00.017+0000] {processor.py:161} INFO - Started process (PID=842) to work on /home/airflow/.local/lib/python3.12/site-packages/airflow/example_dags/tutorial_dag.py
[2025-06-20T16:31:00.018+0000] {processor.py:830} INFO - Processing file /home/airflow/.local/lib/python3.12/site-packages/airflow/example_dags/tutorial_dag.py for tasks to queue
[2025-06-20T16:31:00.020+0000] {logging_mixin.py:188} INFO - [2025-06-20T16:31:00.020+0000] {dagbag.py:540} INFO - Filling up the DagBag from /home/airflow/.local/lib/python3.12/site-packages/airflow/example_dags/tutorial_dag.py
[2025-06-20T16:31:00.025+0000] {processor.py:840} INFO - DAG(s) 'tutorial_dag' retrieved from /home/airflow/.local/lib/python3.12/site-packages/airflow/example_dags/tutorial_dag.py
[2025-06-20T16:31:00.045+0000] {logging_mixin.py:188} INFO - [2025-06-20T16:31:00.045+0000] {dag.py:3096} INFO - Sync 1 DAGs
[2025-06-20T16:31:00.057+0000] {logging_mixin.py:188} INFO - [2025-06-20T16:31:00.057+0000] {dag.py:3954} INFO - Setting next_dagrun for tutorial_dag to None, run_after=None
[2025-06-20T16:31:00.073+0000] {processor.py:183} INFO - Processing /home/airflow/.local/lib/python3.12/site-packages/airflow/example_dags/tutorial_dag.py took 0.062 seconds
[2025-06-20T16:31:30.471+0000] {processor.py:161} INFO - Started process (PID=901) to work on /home/airflow/.local/lib/python3.12/site-packages/airflow/example_dags/tutorial_dag.py
[2025-06-20T16:31:30.472+0000] {processor.py:830} INFO - Processing file /home/airflow/.local/lib/python3.12/site-packages/airflow/example_dags/tutorial_dag.py for tasks to queue
[2025-06-20T16:31:30.473+0000] {logging_mixin.py:188} INFO - [2025-06-20T16:31:30.473+0000] {dagbag.py:540} INFO - Filling up the DagBag from /home/airflow/.local/lib/python3.12/site-packages/airflow/example_dags/tutorial_dag.py
[2025-06-20T16:31:30.479+0000] {processor.py:840} INFO - DAG(s) 'tutorial_dag' retrieved from /home/airflow/.local/lib/python3.12/site-packages/airflow/example_dags/tutorial_dag.py
[2025-06-20T16:31:30.499+0000] {logging_mixin.py:188} INFO - [2025-06-20T16:31:30.498+0000] {dag.py:3096} INFO - Sync 1 DAGs
[2025-06-20T16:31:30.514+0000] {logging_mixin.py:188} INFO - [2025-06-20T16:31:30.514+0000] {dag.py:3954} INFO - Setting next_dagrun for tutorial_dag to None, run_after=None
[2025-06-20T16:31:30.531+0000] {processor.py:183} INFO - Processing /home/airflow/.local/lib/python3.12/site-packages/airflow/example_dags/tutorial_dag.py took 0.067 seconds
[2025-06-20T16:32:00.775+0000] {processor.py:161} INFO - Started process (PID=960) to work on /home/airflow/.local/lib/python3.12/site-packages/airflow/example_dags/tutorial_dag.py
[2025-06-20T16:32:00.776+0000] {processor.py:830} INFO - Processing file /home/airflow/.local/lib/python3.12/site-packages/airflow/example_dags/tutorial_dag.py for tasks to queue
[2025-06-20T16:32:00.778+0000] {logging_mixin.py:188} INFO - [2025-06-20T16:32:00.778+0000] {dagbag.py:540} INFO - Filling up the DagBag from /home/airflow/.local/lib/python3.12/site-packages/airflow/example_dags/tutorial_dag.py
[2025-06-20T16:32:00.783+0000] {processor.py:840} INFO - DAG(s) 'tutorial_dag' retrieved from /home/airflow/.local/lib/python3.12/site-packages/airflow/example_dags/tutorial_dag.py
[2025-06-20T16:32:00.803+0000] {logging_mixin.py:188} INFO - [2025-06-20T16:32:00.803+0000] {dag.py:3096} INFO - Sync 1 DAGs
[2025-06-20T16:32:00.816+0000] {logging_mixin.py:188} INFO - [2025-06-20T16:32:00.816+0000] {dag.py:3954} INFO - Setting next_dagrun for tutorial_dag to None, run_after=None
[2025-06-20T16:32:00.832+0000] {processor.py:183} INFO - Processing /home/airflow/.local/lib/python3.12/site-packages/airflow/example_dags/tutorial_dag.py took 0.063 seconds
[2025-06-20T16:32:31.060+0000] {processor.py:161} INFO - Started process (PID=1019) to work on /home/airflow/.local/lib/python3.12/site-packages/airflow/example_dags/tutorial_dag.py
[2025-06-20T16:32:31.061+0000] {processor.py:830} INFO - Processing file /home/airflow/.local/lib/python3.12/site-packages/airflow/example_dags/tutorial_dag.py for tasks to queue
[2025-06-20T16:32:31.063+0000] {logging_mixin.py:188} INFO - [2025-06-20T16:32:31.063+0000] {dagbag.py:540} INFO - Filling up the DagBag from /home/airflow/.local/lib/python3.12/site-packages/airflow/example_dags/tutorial_dag.py
[2025-06-20T16:32:31.068+0000] {processor.py:840} INFO - DAG(s) 'tutorial_dag' retrieved from /home/airflow/.local/lib/python3.12/site-packages/airflow/example_dags/tutorial_dag.py
[2025-06-20T16:32:31.089+0000] {logging_mixin.py:188} INFO - [2025-06-20T16:32:31.089+0000] {dag.py:3096} INFO - Sync 1 DAGs
[2025-06-20T16:32:31.101+0000] {logging_mixin.py:188} INFO - [2025-06-20T16:32:31.101+0000] {dag.py:3954} INFO - Setting next_dagrun for tutorial_dag to None, run_after=None
[2025-06-20T16:32:31.117+0000] {processor.py:183} INFO - Processing /home/airflow/.local/lib/python3.12/site-packages/airflow/example_dags/tutorial_dag.py took 0.064 seconds
[2025-06-20T16:33:01.256+0000] {processor.py:161} INFO - Started process (PID=1078) to work on /home/airflow/.local/lib/python3.12/site-packages/airflow/example_dags/tutorial_dag.py
[2025-06-20T16:33:01.257+0000] {processor.py:830} INFO - Processing file /home/airflow/.local/lib/python3.12/site-packages/airflow/example_dags/tutorial_dag.py for tasks to queue
[2025-06-20T16:33:01.259+0000] {logging_mixin.py:188} INFO - [2025-06-20T16:33:01.259+0000] {dagbag.py:540} INFO - Filling up the DagBag from /home/airflow/.local/lib/python3.12/site-packages/airflow/example_dags/tutorial_dag.py
[2025-06-20T16:33:01.265+0000] {processor.py:840} INFO - DAG(s) 'tutorial_dag' retrieved from /home/airflow/.local/lib/python3.12/site-packages/airflow/example_dags/tutorial_dag.py
[2025-06-20T16:33:01.285+0000] {logging_mixin.py:188} INFO - [2025-06-20T16:33:01.285+0000] {dag.py:3096} INFO - Sync 1 DAGs
[2025-06-20T16:33:01.297+0000] {logging_mixin.py:188} INFO - [2025-06-20T16:33:01.297+0000] {dag.py:3954} INFO - Setting next_dagrun for tutorial_dag to None, run_after=None
[2025-06-20T16:33:01.313+0000] {processor.py:183} INFO - Processing /home/airflow/.local/lib/python3.12/site-packages/airflow/example_dags/tutorial_dag.py took 0.064 seconds
[2025-06-20T16:33:31.711+0000] {processor.py:161} INFO - Started process (PID=1137) to work on /home/airflow/.local/lib/python3.12/site-packages/airflow/example_dags/tutorial_dag.py
[2025-06-20T16:33:31.712+0000] {processor.py:830} INFO - Processing file /home/airflow/.local/lib/python3.12/site-packages/airflow/example_dags/tutorial_dag.py for tasks to queue
[2025-06-20T16:33:31.714+0000] {logging_mixin.py:188} INFO - [2025-06-20T16:33:31.714+0000] {dagbag.py:540} INFO - Filling up the DagBag from /home/airflow/.local/lib/python3.12/site-packages/airflow/example_dags/tutorial_dag.py
[2025-06-20T16:33:31.720+0000] {processor.py:840} INFO - DAG(s) 'tutorial_dag' retrieved from /home/airflow/.local/lib/python3.12/site-packages/airflow/example_dags/tutorial_dag.py
[2025-06-20T16:33:31.740+0000] {logging_mixin.py:188} INFO - [2025-06-20T16:33:31.740+0000] {dag.py:3096} INFO - Sync 1 DAGs
[2025-06-20T16:33:31.752+0000] {logging_mixin.py:188} INFO - [2025-06-20T16:33:31.751+0000] {dag.py:3954} INFO - Setting next_dagrun for tutorial_dag to None, run_after=None
[2025-06-20T16:33:31.768+0000] {processor.py:183} INFO - Processing /home/airflow/.local/lib/python3.12/site-packages/airflow/example_dags/tutorial_dag.py took 0.064 seconds
[2025-06-20T16:34:01.953+0000] {processor.py:161} INFO - Started process (PID=1196) to work on /home/airflow/.local/lib/python3.12/site-packages/airflow/example_dags/tutorial_dag.py
[2025-06-20T16:34:01.954+0000] {processor.py:830} INFO - Processing file /home/airflow/.local/lib/python3.12/site-packages/airflow/example_dags/tutorial_dag.py for tasks to queue
[2025-06-20T16:34:01.956+0000] {logging_mixin.py:188} INFO - [2025-06-20T16:34:01.955+0000] {dagbag.py:540} INFO - Filling up the DagBag from /home/airflow/.local/lib/python3.12/site-packages/airflow/example_dags/tutorial_dag.py
[2025-06-20T16:34:01.961+0000] {processor.py:840} INFO - DAG(s) 'tutorial_dag' retrieved from /home/airflow/.local/lib/python3.12/site-packages/airflow/example_dags/tutorial_dag.py
[2025-06-20T16:34:01.980+0000] {logging_mixin.py:188} INFO - [2025-06-20T16:34:01.980+0000] {dag.py:3096} INFO - Sync 1 DAGs
[2025-06-20T16:34:01.992+0000] {logging_mixin.py:188} INFO - [2025-06-20T16:34:01.991+0000] {dag.py:3954} INFO - Setting next_dagrun for tutorial_dag to None, run_after=None
[2025-06-20T16:34:02.007+0000] {processor.py:183} INFO - Processing /home/airflow/.local/lib/python3.12/site-packages/airflow/example_dags/tutorial_dag.py took 0.060 seconds
[2025-06-20T16:34:32.399+0000] {processor.py:161} INFO - Started process (PID=1255) to work on /home/airflow/.local/lib/python3.12/site-packages/airflow/example_dags/tutorial_dag.py
[2025-06-20T16:34:32.400+0000] {processor.py:830} INFO - Processing file /home/airflow/.local/lib/python3.12/site-packages/airflow/example_dags/tutorial_dag.py for tasks to queue
[2025-06-20T16:34:32.402+0000] {logging_mixin.py:188} INFO - [2025-06-20T16:34:32.401+0000] {dagbag.py:540} INFO - Filling up the DagBag from /home/airflow/.local/lib/python3.12/site-packages/airflow/example_dags/tutorial_dag.py
[2025-06-20T16:34:32.408+0000] {processor.py:840} INFO - DAG(s) 'tutorial_dag' retrieved from /home/airflow/.local/lib/python3.12/site-packages/airflow/example_dags/tutorial_dag.py
[2025-06-20T16:34:32.428+0000] {logging_mixin.py:188} INFO - [2025-06-20T16:34:32.428+0000] {dag.py:3096} INFO - Sync 1 DAGs
[2025-06-20T16:34:32.440+0000] {logging_mixin.py:188} INFO - [2025-06-20T16:34:32.440+0000] {dag.py:3954} INFO - Setting next_dagrun for tutorial_dag to None, run_after=None
[2025-06-20T16:34:32.458+0000] {processor.py:183} INFO - Processing /home/airflow/.local/lib/python3.12/site-packages/airflow/example_dags/tutorial_dag.py took 0.068 seconds
[2025-06-20T16:35:02.752+0000] {processor.py:161} INFO - Started process (PID=1314) to work on /home/airflow/.local/lib/python3.12/site-packages/airflow/example_dags/tutorial_dag.py
[2025-06-20T16:35:02.753+0000] {processor.py:830} INFO - Processing file /home/airflow/.local/lib/python3.12/site-packages/airflow/example_dags/tutorial_dag.py for tasks to queue
[2025-06-20T16:35:02.755+0000] {logging_mixin.py:188} INFO - [2025-06-20T16:35:02.755+0000] {dagbag.py:540} INFO - Filling up the DagBag from /home/airflow/.local/lib/python3.12/site-packages/airflow/example_dags/tutorial_dag.py
[2025-06-20T16:35:02.760+0000] {processor.py:840} INFO - DAG(s) 'tutorial_dag' retrieved from /home/airflow/.local/lib/python3.12/site-packages/airflow/example_dags/tutorial_dag.py
[2025-06-20T16:35:02.780+0000] {logging_mixin.py:188} INFO - [2025-06-20T16:35:02.779+0000] {dag.py:3096} INFO - Sync 1 DAGs
[2025-06-20T16:35:02.791+0000] {logging_mixin.py:188} INFO - [2025-06-20T16:35:02.791+0000] {dag.py:3954} INFO - Setting next_dagrun for tutorial_dag to None, run_after=None
[2025-06-20T16:35:02.807+0000] {processor.py:183} INFO - Processing /home/airflow/.local/lib/python3.12/site-packages/airflow/example_dags/tutorial_dag.py took 0.061 seconds
[2025-06-20T16:35:33.076+0000] {processor.py:161} INFO - Started process (PID=1373) to work on /home/airflow/.local/lib/python3.12/site-packages/airflow/example_dags/tutorial_dag.py
[2025-06-20T16:35:33.077+0000] {processor.py:830} INFO - Processing file /home/airflow/.local/lib/python3.12/site-packages/airflow/example_dags/tutorial_dag.py for tasks to queue
[2025-06-20T16:35:33.079+0000] {logging_mixin.py:188} INFO - [2025-06-20T16:35:33.079+0000] {dagbag.py:540} INFO - Filling up the DagBag from /home/airflow/.local/lib/python3.12/site-packages/airflow/example_dags/tutorial_dag.py
[2025-06-20T16:35:33.084+0000] {processor.py:840} INFO - DAG(s) 'tutorial_dag' retrieved from /home/airflow/.local/lib/python3.12/site-packages/airflow/example_dags/tutorial_dag.py
[2025-06-20T16:35:33.104+0000] {logging_mixin.py:188} INFO - [2025-06-20T16:35:33.104+0000] {dag.py:3096} INFO - Sync 1 DAGs
[2025-06-20T16:35:33.117+0000] {logging_mixin.py:188} INFO - [2025-06-20T16:35:33.116+0000] {dag.py:3954} INFO - Setting next_dagrun for tutorial_dag to None, run_after=None
[2025-06-20T16:35:33.133+0000] {processor.py:183} INFO - Processing /home/airflow/.local/lib/python3.12/site-packages/airflow/example_dags/tutorial_dag.py took 0.063 seconds
[2025-06-20T16:36:03.209+0000] {processor.py:161} INFO - Started process (PID=1432) to work on /home/airflow/.local/lib/python3.12/site-packages/airflow/example_dags/tutorial_dag.py
[2025-06-20T16:36:03.210+0000] {processor.py:830} INFO - Processing file /home/airflow/.local/lib/python3.12/site-packages/airflow/example_dags/tutorial_dag.py for tasks to queue
[2025-06-20T16:36:03.212+0000] {logging_mixin.py:188} INFO - [2025-06-20T16:36:03.212+0000] {dagbag.py:540} INFO - Filling up the DagBag from /home/airflow/.local/lib/python3.12/site-packages/airflow/example_dags/tutorial_dag.py
[2025-06-20T16:36:03.219+0000] {processor.py:840} INFO - DAG(s) 'tutorial_dag' retrieved from /home/airflow/.local/lib/python3.12/site-packages/airflow/example_dags/tutorial_dag.py
[2025-06-20T16:36:03.239+0000] {logging_mixin.py:188} INFO - [2025-06-20T16:36:03.239+0000] {dag.py:3096} INFO - Sync 1 DAGs
[2025-06-20T16:36:03.251+0000] {logging_mixin.py:188} INFO - [2025-06-20T16:36:03.251+0000] {dag.py:3954} INFO - Setting next_dagrun for tutorial_dag to None, run_after=None
[2025-06-20T16:36:03.266+0000] {processor.py:183} INFO - Processing /home/airflow/.local/lib/python3.12/site-packages/airflow/example_dags/tutorial_dag.py took 0.063 seconds
[2025-06-20T16:36:33.620+0000] {processor.py:161} INFO - Started process (PID=1491) to work on /home/airflow/.local/lib/python3.12/site-packages/airflow/example_dags/tutorial_dag.py
[2025-06-20T16:36:33.621+0000] {processor.py:830} INFO - Processing file /home/airflow/.local/lib/python3.12/site-packages/airflow/example_dags/tutorial_dag.py for tasks to queue
[2025-06-20T16:36:33.623+0000] {logging_mixin.py:188} INFO - [2025-06-20T16:36:33.622+0000] {dagbag.py:540} INFO - Filling up the DagBag from /home/airflow/.local/lib/python3.12/site-packages/airflow/example_dags/tutorial_dag.py
[2025-06-20T16:36:33.628+0000] {processor.py:840} INFO - DAG(s) 'tutorial_dag' retrieved from /home/airflow/.local/lib/python3.12/site-packages/airflow/example_dags/tutorial_dag.py
[2025-06-20T16:36:33.647+0000] {logging_mixin.py:188} INFO - [2025-06-20T16:36:33.647+0000] {dag.py:3096} INFO - Sync 1 DAGs
[2025-06-20T16:36:33.658+0000] {logging_mixin.py:188} INFO - [2025-06-20T16:36:33.658+0000] {dag.py:3954} INFO - Setting next_dagrun for tutorial_dag to None, run_after=None
[2025-06-20T16:36:33.674+0000] {processor.py:183} INFO - Processing /home/airflow/.local/lib/python3.12/site-packages/airflow/example_dags/tutorial_dag.py took 0.060 seconds
[2025-06-20T16:37:04.007+0000] {processor.py:161} INFO - Started process (PID=1550) to work on /home/airflow/.local/lib/python3.12/site-packages/airflow/example_dags/tutorial_dag.py
[2025-06-20T16:37:04.008+0000] {processor.py:830} INFO - Processing file /home/airflow/.local/lib/python3.12/site-packages/airflow/example_dags/tutorial_dag.py for tasks to queue
[2025-06-20T16:37:04.010+0000] {logging_mixin.py:188} INFO - [2025-06-20T16:37:04.010+0000] {dagbag.py:540} INFO - Filling up the DagBag from /home/airflow/.local/lib/python3.12/site-packages/airflow/example_dags/tutorial_dag.py
[2025-06-20T16:37:04.015+0000] {processor.py:840} INFO - DAG(s) 'tutorial_dag' retrieved from /home/airflow/.local/lib/python3.12/site-packages/airflow/example_dags/tutorial_dag.py
[2025-06-20T16:37:04.035+0000] {logging_mixin.py:188} INFO - [2025-06-20T16:37:04.035+0000] {dag.py:3096} INFO - Sync 1 DAGs
[2025-06-20T16:37:04.049+0000] {logging_mixin.py:188} INFO - [2025-06-20T16:37:04.049+0000] {dag.py:3954} INFO - Setting next_dagrun for tutorial_dag to None, run_after=None
[2025-06-20T16:37:04.065+0000] {processor.py:183} INFO - Processing /home/airflow/.local/lib/python3.12/site-packages/airflow/example_dags/tutorial_dag.py took 0.064 seconds
[2025-06-20T16:37:34.308+0000] {processor.py:161} INFO - Started process (PID=1609) to work on /home/airflow/.local/lib/python3.12/site-packages/airflow/example_dags/tutorial_dag.py
[2025-06-20T16:37:34.309+0000] {processor.py:830} INFO - Processing file /home/airflow/.local/lib/python3.12/site-packages/airflow/example_dags/tutorial_dag.py for tasks to queue
[2025-06-20T16:37:34.311+0000] {logging_mixin.py:188} INFO - [2025-06-20T16:37:34.311+0000] {dagbag.py:540} INFO - Filling up the DagBag from /home/airflow/.local/lib/python3.12/site-packages/airflow/example_dags/tutorial_dag.py
[2025-06-20T16:37:34.316+0000] {processor.py:840} INFO - DAG(s) 'tutorial_dag' retrieved from /home/airflow/.local/lib/python3.12/site-packages/airflow/example_dags/tutorial_dag.py
[2025-06-20T16:37:34.336+0000] {logging_mixin.py:188} INFO - [2025-06-20T16:37:34.336+0000] {dag.py:3096} INFO - Sync 1 DAGs
[2025-06-20T16:37:34.348+0000] {logging_mixin.py:188} INFO - [2025-06-20T16:37:34.347+0000] {dag.py:3954} INFO - Setting next_dagrun for tutorial_dag to None, run_after=None
[2025-06-20T16:37:34.363+0000] {processor.py:183} INFO - Processing /home/airflow/.local/lib/python3.12/site-packages/airflow/example_dags/tutorial_dag.py took 0.061 seconds
[2025-06-20T16:38:04.660+0000] {processor.py:161} INFO - Started process (PID=1668) to work on /home/airflow/.local/lib/python3.12/site-packages/airflow/example_dags/tutorial_dag.py
[2025-06-20T16:38:04.661+0000] {processor.py:830} INFO - Processing file /home/airflow/.local/lib/python3.12/site-packages/airflow/example_dags/tutorial_dag.py for tasks to queue
[2025-06-20T16:38:04.663+0000] {logging_mixin.py:188} INFO - [2025-06-20T16:38:04.663+0000] {dagbag.py:540} INFO - Filling up the DagBag from /home/airflow/.local/lib/python3.12/site-packages/airflow/example_dags/tutorial_dag.py
[2025-06-20T16:38:04.670+0000] {processor.py:840} INFO - DAG(s) 'tutorial_dag' retrieved from /home/airflow/.local/lib/python3.12/site-packages/airflow/example_dags/tutorial_dag.py
[2025-06-20T16:38:04.701+0000] {logging_mixin.py:188} INFO - [2025-06-20T16:38:04.700+0000] {dag.py:3096} INFO - Sync 1 DAGs
[2025-06-20T16:38:04.716+0000] {logging_mixin.py:188} INFO - [2025-06-20T16:38:04.715+0000] {dag.py:3954} INFO - Setting next_dagrun for tutorial_dag to None, run_after=None
[2025-06-20T16:38:04.732+0000] {processor.py:183} INFO - Processing /home/airflow/.local/lib/python3.12/site-packages/airflow/example_dags/tutorial_dag.py took 0.083 seconds
[2025-06-20T16:38:34.947+0000] {processor.py:161} INFO - Started process (PID=1727) to work on /home/airflow/.local/lib/python3.12/site-packages/airflow/example_dags/tutorial_dag.py
[2025-06-20T16:38:34.948+0000] {processor.py:830} INFO - Processing file /home/airflow/.local/lib/python3.12/site-packages/airflow/example_dags/tutorial_dag.py for tasks to queue
[2025-06-20T16:38:34.950+0000] {logging_mixin.py:188} INFO - [2025-06-20T16:38:34.950+0000] {dagbag.py:540} INFO - Filling up the DagBag from /home/airflow/.local/lib/python3.12/site-packages/airflow/example_dags/tutorial_dag.py
[2025-06-20T16:38:34.955+0000] {processor.py:840} INFO - DAG(s) 'tutorial_dag' retrieved from /home/airflow/.local/lib/python3.12/site-packages/airflow/example_dags/tutorial_dag.py
[2025-06-20T16:38:34.975+0000] {logging_mixin.py:188} INFO - [2025-06-20T16:38:34.975+0000] {dag.py:3096} INFO - Sync 1 DAGs
[2025-06-20T16:38:34.988+0000] {logging_mixin.py:188} INFO - [2025-06-20T16:38:34.987+0000] {dag.py:3954} INFO - Setting next_dagrun for tutorial_dag to None, run_after=None
[2025-06-20T16:38:35.003+0000] {processor.py:183} INFO - Processing /home/airflow/.local/lib/python3.12/site-packages/airflow/example_dags/tutorial_dag.py took 0.063 seconds
[2025-06-20T16:39:05.435+0000] {processor.py:161} INFO - Started process (PID=1786) to work on /home/airflow/.local/lib/python3.12/site-packages/airflow/example_dags/tutorial_dag.py
[2025-06-20T16:39:05.436+0000] {processor.py:830} INFO - Processing file /home/airflow/.local/lib/python3.12/site-packages/airflow/example_dags/tutorial_dag.py for tasks to queue
[2025-06-20T16:39:05.438+0000] {logging_mixin.py:188} INFO - [2025-06-20T16:39:05.438+0000] {dagbag.py:540} INFO - Filling up the DagBag from /home/airflow/.local/lib/python3.12/site-packages/airflow/example_dags/tutorial_dag.py
[2025-06-20T16:39:05.443+0000] {processor.py:840} INFO - DAG(s) 'tutorial_dag' retrieved from /home/airflow/.local/lib/python3.12/site-packages/airflow/example_dags/tutorial_dag.py
[2025-06-20T16:39:05.464+0000] {logging_mixin.py:188} INFO - [2025-06-20T16:39:05.464+0000] {dag.py:3096} INFO - Sync 1 DAGs
[2025-06-20T16:39:05.477+0000] {logging_mixin.py:188} INFO - [2025-06-20T16:39:05.476+0000] {dag.py:3954} INFO - Setting next_dagrun for tutorial_dag to None, run_after=None
[2025-06-20T16:39:05.494+0000] {processor.py:183} INFO - Processing /home/airflow/.local/lib/python3.12/site-packages/airflow/example_dags/tutorial_dag.py took 0.066 seconds
[2025-06-20T16:39:35.693+0000] {processor.py:161} INFO - Started process (PID=1845) to work on /home/airflow/.local/lib/python3.12/site-packages/airflow/example_dags/tutorial_dag.py
[2025-06-20T16:39:35.694+0000] {processor.py:830} INFO - Processing file /home/airflow/.local/lib/python3.12/site-packages/airflow/example_dags/tutorial_dag.py for tasks to queue
[2025-06-20T16:39:35.696+0000] {logging_mixin.py:188} INFO - [2025-06-20T16:39:35.695+0000] {dagbag.py:540} INFO - Filling up the DagBag from /home/airflow/.local/lib/python3.12/site-packages/airflow/example_dags/tutorial_dag.py
[2025-06-20T16:39:35.701+0000] {processor.py:840} INFO - DAG(s) 'tutorial_dag' retrieved from /home/airflow/.local/lib/python3.12/site-packages/airflow/example_dags/tutorial_dag.py
[2025-06-20T16:39:35.722+0000] {logging_mixin.py:188} INFO - [2025-06-20T16:39:35.722+0000] {dag.py:3096} INFO - Sync 1 DAGs
[2025-06-20T16:39:35.735+0000] {logging_mixin.py:188} INFO - [2025-06-20T16:39:35.735+0000] {dag.py:3954} INFO - Setting next_dagrun for tutorial_dag to None, run_after=None
[2025-06-20T16:39:35.751+0000] {processor.py:183} INFO - Processing /home/airflow/.local/lib/python3.12/site-packages/airflow/example_dags/tutorial_dag.py took 0.064 seconds
[2025-06-20T16:40:06.075+0000] {processor.py:161} INFO - Started process (PID=1904) to work on /home/airflow/.local/lib/python3.12/site-packages/airflow/example_dags/tutorial_dag.py
[2025-06-20T16:40:06.076+0000] {processor.py:830} INFO - Processing file /home/airflow/.local/lib/python3.12/site-packages/airflow/example_dags/tutorial_dag.py for tasks to queue
[2025-06-20T16:40:06.078+0000] {logging_mixin.py:188} INFO - [2025-06-20T16:40:06.077+0000] {dagbag.py:540} INFO - Filling up the DagBag from /home/airflow/.local/lib/python3.12/site-packages/airflow/example_dags/tutorial_dag.py
[2025-06-20T16:40:06.084+0000] {processor.py:840} INFO - DAG(s) 'tutorial_dag' retrieved from /home/airflow/.local/lib/python3.12/site-packages/airflow/example_dags/tutorial_dag.py
[2025-06-20T16:40:06.104+0000] {logging_mixin.py:188} INFO - [2025-06-20T16:40:06.104+0000] {dag.py:3096} INFO - Sync 1 DAGs
[2025-06-20T16:40:06.117+0000] {logging_mixin.py:188} INFO - [2025-06-20T16:40:06.117+0000] {dag.py:3954} INFO - Setting next_dagrun for tutorial_dag to None, run_after=None
[2025-06-20T16:40:06.133+0000] {processor.py:183} INFO - Processing /home/airflow/.local/lib/python3.12/site-packages/airflow/example_dags/tutorial_dag.py took 0.065 seconds
[2025-06-20T16:40:36.690+0000] {processor.py:161} INFO - Started process (PID=1961) to work on /home/airflow/.local/lib/python3.12/site-packages/airflow/example_dags/tutorial_dag.py
[2025-06-20T16:40:36.691+0000] {processor.py:830} INFO - Processing file /home/airflow/.local/lib/python3.12/site-packages/airflow/example_dags/tutorial_dag.py for tasks to queue
[2025-06-20T16:40:36.693+0000] {logging_mixin.py:188} INFO - [2025-06-20T16:40:36.692+0000] {dagbag.py:540} INFO - Filling up the DagBag from /home/airflow/.local/lib/python3.12/site-packages/airflow/example_dags/tutorial_dag.py
[2025-06-20T16:40:36.698+0000] {processor.py:840} INFO - DAG(s) 'tutorial_dag' retrieved from /home/airflow/.local/lib/python3.12/site-packages/airflow/example_dags/tutorial_dag.py
[2025-06-20T16:40:36.717+0000] {logging_mixin.py:188} INFO - [2025-06-20T16:40:36.717+0000] {dag.py:3096} INFO - Sync 1 DAGs
[2025-06-20T16:40:36.732+0000] {logging_mixin.py:188} INFO - [2025-06-20T16:40:36.732+0000] {dag.py:3954} INFO - Setting next_dagrun for tutorial_dag to None, run_after=None
[2025-06-20T16:40:36.748+0000] {processor.py:183} INFO - Processing /home/airflow/.local/lib/python3.12/site-packages/airflow/example_dags/tutorial_dag.py took 0.064 seconds
[2025-06-20T16:41:07.661+0000] {processor.py:161} INFO - Started process (PID=2020) to work on /home/airflow/.local/lib/python3.12/site-packages/airflow/example_dags/tutorial_dag.py
[2025-06-20T16:41:07.662+0000] {processor.py:830} INFO - Processing file /home/airflow/.local/lib/python3.12/site-packages/airflow/example_dags/tutorial_dag.py for tasks to queue
[2025-06-20T16:41:07.664+0000] {logging_mixin.py:188} INFO - [2025-06-20T16:41:07.664+0000] {dagbag.py:540} INFO - Filling up the DagBag from /home/airflow/.local/lib/python3.12/site-packages/airflow/example_dags/tutorial_dag.py
[2025-06-20T16:41:07.670+0000] {processor.py:840} INFO - DAG(s) 'tutorial_dag' retrieved from /home/airflow/.local/lib/python3.12/site-packages/airflow/example_dags/tutorial_dag.py
[2025-06-20T16:41:07.692+0000] {logging_mixin.py:188} INFO - [2025-06-20T16:41:07.692+0000] {dag.py:3096} INFO - Sync 1 DAGs
[2025-06-20T16:41:07.705+0000] {logging_mixin.py:188} INFO - [2025-06-20T16:41:07.705+0000] {dag.py:3954} INFO - Setting next_dagrun for tutorial_dag to None, run_after=None
[2025-06-20T16:41:07.723+0000] {processor.py:183} INFO - Processing /home/airflow/.local/lib/python3.12/site-packages/airflow/example_dags/tutorial_dag.py took 0.067 seconds
[2025-06-20T16:41:38.634+0000] {processor.py:161} INFO - Started process (PID=2079) to work on /home/airflow/.local/lib/python3.12/site-packages/airflow/example_dags/tutorial_dag.py
[2025-06-20T16:41:38.634+0000] {processor.py:830} INFO - Processing file /home/airflow/.local/lib/python3.12/site-packages/airflow/example_dags/tutorial_dag.py for tasks to queue
[2025-06-20T16:41:38.636+0000] {logging_mixin.py:188} INFO - [2025-06-20T16:41:38.636+0000] {dagbag.py:540} INFO - Filling up the DagBag from /home/airflow/.local/lib/python3.12/site-packages/airflow/example_dags/tutorial_dag.py
[2025-06-20T16:41:38.642+0000] {processor.py:840} INFO - DAG(s) 'tutorial_dag' retrieved from /home/airflow/.local/lib/python3.12/site-packages/airflow/example_dags/tutorial_dag.py
[2025-06-20T16:41:38.661+0000] {logging_mixin.py:188} INFO - [2025-06-20T16:41:38.661+0000] {dag.py:3096} INFO - Sync 1 DAGs
[2025-06-20T16:41:38.673+0000] {logging_mixin.py:188} INFO - [2025-06-20T16:41:38.673+0000] {dag.py:3954} INFO - Setting next_dagrun for tutorial_dag to None, run_after=None
[2025-06-20T16:41:38.689+0000] {processor.py:183} INFO - Processing /home/airflow/.local/lib/python3.12/site-packages/airflow/example_dags/tutorial_dag.py took 0.061 seconds
[2025-06-20T16:42:09.619+0000] {processor.py:161} INFO - Started process (PID=2138) to work on /home/airflow/.local/lib/python3.12/site-packages/airflow/example_dags/tutorial_dag.py
[2025-06-20T16:42:09.620+0000] {processor.py:830} INFO - Processing file /home/airflow/.local/lib/python3.12/site-packages/airflow/example_dags/tutorial_dag.py for tasks to queue
[2025-06-20T16:42:09.622+0000] {logging_mixin.py:188} INFO - [2025-06-20T16:42:09.622+0000] {dagbag.py:540} INFO - Filling up the DagBag from /home/airflow/.local/lib/python3.12/site-packages/airflow/example_dags/tutorial_dag.py
[2025-06-20T16:42:09.627+0000] {processor.py:840} INFO - DAG(s) 'tutorial_dag' retrieved from /home/airflow/.local/lib/python3.12/site-packages/airflow/example_dags/tutorial_dag.py
[2025-06-20T16:42:09.648+0000] {logging_mixin.py:188} INFO - [2025-06-20T16:42:09.648+0000] {dag.py:3096} INFO - Sync 1 DAGs
[2025-06-20T16:42:09.660+0000] {logging_mixin.py:188} INFO - [2025-06-20T16:42:09.659+0000] {dag.py:3954} INFO - Setting next_dagrun for tutorial_dag to None, run_after=None
[2025-06-20T16:42:09.676+0000] {processor.py:183} INFO - Processing /home/airflow/.local/lib/python3.12/site-packages/airflow/example_dags/tutorial_dag.py took 0.063 seconds
[2025-06-20T16:42:39.995+0000] {processor.py:161} INFO - Started process (PID=2197) to work on /home/airflow/.local/lib/python3.12/site-packages/airflow/example_dags/tutorial_dag.py
[2025-06-20T16:42:39.996+0000] {processor.py:830} INFO - Processing file /home/airflow/.local/lib/python3.12/site-packages/airflow/example_dags/tutorial_dag.py for tasks to queue
[2025-06-20T16:42:39.998+0000] {logging_mixin.py:188} INFO - [2025-06-20T16:42:39.998+0000] {dagbag.py:540} INFO - Filling up the DagBag from /home/airflow/.local/lib/python3.12/site-packages/airflow/example_dags/tutorial_dag.py
[2025-06-20T16:42:40.004+0000] {processor.py:840} INFO - DAG(s) 'tutorial_dag' retrieved from /home/airflow/.local/lib/python3.12/site-packages/airflow/example_dags/tutorial_dag.py
[2025-06-20T16:42:40.025+0000] {logging_mixin.py:188} INFO - [2025-06-20T16:42:40.025+0000] {dag.py:3096} INFO - Sync 1 DAGs
[2025-06-20T16:42:40.039+0000] {logging_mixin.py:188} INFO - [2025-06-20T16:42:40.039+0000] {dag.py:3954} INFO - Setting next_dagrun for tutorial_dag to None, run_after=None
[2025-06-20T16:42:40.056+0000] {processor.py:183} INFO - Processing /home/airflow/.local/lib/python3.12/site-packages/airflow/example_dags/tutorial_dag.py took 0.067 seconds
[2025-06-20T16:43:10.185+0000] {processor.py:161} INFO - Started process (PID=2256) to work on /home/airflow/.local/lib/python3.12/site-packages/airflow/example_dags/tutorial_dag.py
[2025-06-20T16:43:10.186+0000] {processor.py:830} INFO - Processing file /home/airflow/.local/lib/python3.12/site-packages/airflow/example_dags/tutorial_dag.py for tasks to queue
[2025-06-20T16:43:10.188+0000] {logging_mixin.py:188} INFO - [2025-06-20T16:43:10.187+0000] {dagbag.py:540} INFO - Filling up the DagBag from /home/airflow/.local/lib/python3.12/site-packages/airflow/example_dags/tutorial_dag.py
[2025-06-20T16:43:10.193+0000] {processor.py:840} INFO - DAG(s) 'tutorial_dag' retrieved from /home/airflow/.local/lib/python3.12/site-packages/airflow/example_dags/tutorial_dag.py
[2025-06-20T16:43:10.212+0000] {logging_mixin.py:188} INFO - [2025-06-20T16:43:10.212+0000] {dag.py:3096} INFO - Sync 1 DAGs
[2025-06-20T16:43:10.224+0000] {logging_mixin.py:188} INFO - [2025-06-20T16:43:10.224+0000] {dag.py:3954} INFO - Setting next_dagrun for tutorial_dag to None, run_after=None
[2025-06-20T16:43:10.240+0000] {processor.py:183} INFO - Processing /home/airflow/.local/lib/python3.12/site-packages/airflow/example_dags/tutorial_dag.py took 0.062 seconds
[2025-06-20T16:44:11.926+0000] {processor.py:161} INFO - Started process (PID=69) to work on /home/airflow/.local/lib/python3.12/site-packages/airflow/example_dags/tutorial_dag.py
[2025-06-20T16:44:11.927+0000] {processor.py:830} INFO - Processing file /home/airflow/.local/lib/python3.12/site-packages/airflow/example_dags/tutorial_dag.py for tasks to queue
[2025-06-20T16:44:11.930+0000] {logging_mixin.py:188} INFO - [2025-06-20T16:44:11.929+0000] {dagbag.py:540} INFO - Filling up the DagBag from /home/airflow/.local/lib/python3.12/site-packages/airflow/example_dags/tutorial_dag.py
[2025-06-20T16:44:11.935+0000] {processor.py:840} INFO - DAG(s) 'tutorial_dag' retrieved from /home/airflow/.local/lib/python3.12/site-packages/airflow/example_dags/tutorial_dag.py
[2025-06-20T16:44:12.059+0000] {logging_mixin.py:188} INFO - [2025-06-20T16:44:12.059+0000] {override.py:1829} INFO - Created Permission View: can delete on DAG:tutorial_dag
[2025-06-20T16:44:12.068+0000] {logging_mixin.py:188} INFO - [2025-06-20T16:44:12.067+0000] {override.py:1829} INFO - Created Permission View: can read on DAG:tutorial_dag
[2025-06-20T16:44:12.073+0000] {logging_mixin.py:188} INFO - [2025-06-20T16:44:12.073+0000] {override.py:1829} INFO - Created Permission View: can edit on DAG:tutorial_dag
[2025-06-20T16:44:12.074+0000] {logging_mixin.py:188} INFO - [2025-06-20T16:44:12.073+0000] {dag.py:3096} INFO - Sync 1 DAGs
[2025-06-20T16:44:12.084+0000] {logging_mixin.py:188} INFO - [2025-06-20T16:44:12.084+0000] {dag.py:3118} INFO - Creating ORM DAG for tutorial_dag
[2025-06-20T16:44:12.084+0000] {logging_mixin.py:188} INFO - [2025-06-20T16:44:12.084+0000] {dag.py:3954} INFO - Setting next_dagrun for tutorial_dag to None, run_after=None
[2025-06-20T16:44:12.098+0000] {processor.py:183} INFO - Processing /home/airflow/.local/lib/python3.12/site-packages/airflow/example_dags/tutorial_dag.py took 0.178 seconds
[2025-06-20T16:44:42.245+0000] {processor.py:161} INFO - Started process (PID=128) to work on /home/airflow/.local/lib/python3.12/site-packages/airflow/example_dags/tutorial_dag.py
[2025-06-20T16:44:42.246+0000] {processor.py:830} INFO - Processing file /home/airflow/.local/lib/python3.12/site-packages/airflow/example_dags/tutorial_dag.py for tasks to queue
[2025-06-20T16:44:42.248+0000] {logging_mixin.py:188} INFO - [2025-06-20T16:44:42.248+0000] {dagbag.py:540} INFO - Filling up the DagBag from /home/airflow/.local/lib/python3.12/site-packages/airflow/example_dags/tutorial_dag.py
[2025-06-20T16:44:42.253+0000] {processor.py:840} INFO - DAG(s) 'tutorial_dag' retrieved from /home/airflow/.local/lib/python3.12/site-packages/airflow/example_dags/tutorial_dag.py
[2025-06-20T16:44:42.273+0000] {logging_mixin.py:188} INFO - [2025-06-20T16:44:42.273+0000] {dag.py:3096} INFO - Sync 1 DAGs
[2025-06-20T16:44:42.284+0000] {logging_mixin.py:188} INFO - [2025-06-20T16:44:42.284+0000] {dag.py:3954} INFO - Setting next_dagrun for tutorial_dag to None, run_after=None
[2025-06-20T16:44:42.300+0000] {processor.py:183} INFO - Processing /home/airflow/.local/lib/python3.12/site-packages/airflow/example_dags/tutorial_dag.py took 0.061 seconds
[2025-06-20T16:45:12.814+0000] {processor.py:161} INFO - Started process (PID=187) to work on /home/airflow/.local/lib/python3.12/site-packages/airflow/example_dags/tutorial_dag.py
[2025-06-20T16:45:12.815+0000] {processor.py:830} INFO - Processing file /home/airflow/.local/lib/python3.12/site-packages/airflow/example_dags/tutorial_dag.py for tasks to queue
[2025-06-20T16:45:12.817+0000] {logging_mixin.py:188} INFO - [2025-06-20T16:45:12.817+0000] {dagbag.py:540} INFO - Filling up the DagBag from /home/airflow/.local/lib/python3.12/site-packages/airflow/example_dags/tutorial_dag.py
[2025-06-20T16:45:12.823+0000] {processor.py:840} INFO - DAG(s) 'tutorial_dag' retrieved from /home/airflow/.local/lib/python3.12/site-packages/airflow/example_dags/tutorial_dag.py
[2025-06-20T16:45:12.843+0000] {logging_mixin.py:188} INFO - [2025-06-20T16:45:12.843+0000] {dag.py:3096} INFO - Sync 1 DAGs
[2025-06-20T16:45:12.855+0000] {logging_mixin.py:188} INFO - [2025-06-20T16:45:12.855+0000] {dag.py:3954} INFO - Setting next_dagrun for tutorial_dag to None, run_after=None
[2025-06-20T16:45:12.870+0000] {processor.py:183} INFO - Processing /home/airflow/.local/lib/python3.12/site-packages/airflow/example_dags/tutorial_dag.py took 0.062 seconds
[2025-06-20T16:45:43.243+0000] {processor.py:161} INFO - Started process (PID=252) to work on /home/airflow/.local/lib/python3.12/site-packages/airflow/example_dags/tutorial_dag.py
[2025-06-20T16:45:43.244+0000] {processor.py:830} INFO - Processing file /home/airflow/.local/lib/python3.12/site-packages/airflow/example_dags/tutorial_dag.py for tasks to queue
[2025-06-20T16:45:43.246+0000] {logging_mixin.py:188} INFO - [2025-06-20T16:45:43.245+0000] {dagbag.py:540} INFO - Filling up the DagBag from /home/airflow/.local/lib/python3.12/site-packages/airflow/example_dags/tutorial_dag.py
[2025-06-20T16:45:43.251+0000] {processor.py:840} INFO - DAG(s) 'tutorial_dag' retrieved from /home/airflow/.local/lib/python3.12/site-packages/airflow/example_dags/tutorial_dag.py
[2025-06-20T16:45:43.271+0000] {logging_mixin.py:188} INFO - [2025-06-20T16:45:43.270+0000] {dag.py:3096} INFO - Sync 1 DAGs
[2025-06-20T16:45:43.283+0000] {logging_mixin.py:188} INFO - [2025-06-20T16:45:43.283+0000] {dag.py:3954} INFO - Setting next_dagrun for tutorial_dag to None, run_after=None
[2025-06-20T16:45:43.298+0000] {processor.py:183} INFO - Processing /home/airflow/.local/lib/python3.12/site-packages/airflow/example_dags/tutorial_dag.py took 0.062 seconds
[2025-06-20T16:46:13.709+0000] {processor.py:161} INFO - Started process (PID=311) to work on /home/airflow/.local/lib/python3.12/site-packages/airflow/example_dags/tutorial_dag.py
[2025-06-20T16:46:13.710+0000] {processor.py:830} INFO - Processing file /home/airflow/.local/lib/python3.12/site-packages/airflow/example_dags/tutorial_dag.py for tasks to queue
[2025-06-20T16:46:13.712+0000] {logging_mixin.py:188} INFO - [2025-06-20T16:46:13.712+0000] {dagbag.py:540} INFO - Filling up the DagBag from /home/airflow/.local/lib/python3.12/site-packages/airflow/example_dags/tutorial_dag.py
[2025-06-20T16:46:13.718+0000] {processor.py:840} INFO - DAG(s) 'tutorial_dag' retrieved from /home/airflow/.local/lib/python3.12/site-packages/airflow/example_dags/tutorial_dag.py
[2025-06-20T16:46:13.737+0000] {logging_mixin.py:188} INFO - [2025-06-20T16:46:13.737+0000] {dag.py:3096} INFO - Sync 1 DAGs
[2025-06-20T16:46:13.749+0000] {logging_mixin.py:188} INFO - [2025-06-20T16:46:13.748+0000] {dag.py:3954} INFO - Setting next_dagrun for tutorial_dag to None, run_after=None
[2025-06-20T16:46:13.763+0000] {processor.py:183} INFO - Processing /home/airflow/.local/lib/python3.12/site-packages/airflow/example_dags/tutorial_dag.py took 0.060 seconds
[2025-06-20T16:46:43.939+0000] {processor.py:161} INFO - Started process (PID=370) to work on /home/airflow/.local/lib/python3.12/site-packages/airflow/example_dags/tutorial_dag.py
[2025-06-20T16:46:43.940+0000] {processor.py:830} INFO - Processing file /home/airflow/.local/lib/python3.12/site-packages/airflow/example_dags/tutorial_dag.py for tasks to queue
[2025-06-20T16:46:43.942+0000] {logging_mixin.py:188} INFO - [2025-06-20T16:46:43.942+0000] {dagbag.py:540} INFO - Filling up the DagBag from /home/airflow/.local/lib/python3.12/site-packages/airflow/example_dags/tutorial_dag.py
[2025-06-20T16:46:43.947+0000] {processor.py:840} INFO - DAG(s) 'tutorial_dag' retrieved from /home/airflow/.local/lib/python3.12/site-packages/airflow/example_dags/tutorial_dag.py
[2025-06-20T16:46:43.967+0000] {logging_mixin.py:188} INFO - [2025-06-20T16:46:43.967+0000] {dag.py:3096} INFO - Sync 1 DAGs
[2025-06-20T16:46:43.979+0000] {logging_mixin.py:188} INFO - [2025-06-20T16:46:43.979+0000] {dag.py:3954} INFO - Setting next_dagrun for tutorial_dag to None, run_after=None
[2025-06-20T16:46:43.995+0000] {processor.py:183} INFO - Processing /home/airflow/.local/lib/python3.12/site-packages/airflow/example_dags/tutorial_dag.py took 0.062 seconds
[2025-06-20T16:47:14.318+0000] {processor.py:161} INFO - Started process (PID=429) to work on /home/airflow/.local/lib/python3.12/site-packages/airflow/example_dags/tutorial_dag.py
[2025-06-20T16:47:14.319+0000] {processor.py:830} INFO - Processing file /home/airflow/.local/lib/python3.12/site-packages/airflow/example_dags/tutorial_dag.py for tasks to queue
[2025-06-20T16:47:14.321+0000] {logging_mixin.py:188} INFO - [2025-06-20T16:47:14.321+0000] {dagbag.py:540} INFO - Filling up the DagBag from /home/airflow/.local/lib/python3.12/site-packages/airflow/example_dags/tutorial_dag.py
[2025-06-20T16:47:14.326+0000] {processor.py:840} INFO - DAG(s) 'tutorial_dag' retrieved from /home/airflow/.local/lib/python3.12/site-packages/airflow/example_dags/tutorial_dag.py
[2025-06-20T16:47:14.346+0000] {logging_mixin.py:188} INFO - [2025-06-20T16:47:14.346+0000] {dag.py:3096} INFO - Sync 1 DAGs
[2025-06-20T16:47:14.358+0000] {logging_mixin.py:188} INFO - [2025-06-20T16:47:14.358+0000] {dag.py:3954} INFO - Setting next_dagrun for tutorial_dag to None, run_after=None
[2025-06-20T16:47:14.374+0000] {processor.py:183} INFO - Processing /home/airflow/.local/lib/python3.12/site-packages/airflow/example_dags/tutorial_dag.py took 0.062 seconds
[2025-06-20T16:47:44.678+0000] {processor.py:161} INFO - Started process (PID=488) to work on /home/airflow/.local/lib/python3.12/site-packages/airflow/example_dags/tutorial_dag.py
[2025-06-20T16:47:44.679+0000] {processor.py:830} INFO - Processing file /home/airflow/.local/lib/python3.12/site-packages/airflow/example_dags/tutorial_dag.py for tasks to queue
[2025-06-20T16:47:44.681+0000] {logging_mixin.py:188} INFO - [2025-06-20T16:47:44.681+0000] {dagbag.py:540} INFO - Filling up the DagBag from /home/airflow/.local/lib/python3.12/site-packages/airflow/example_dags/tutorial_dag.py
[2025-06-20T16:47:44.686+0000] {processor.py:840} INFO - DAG(s) 'tutorial_dag' retrieved from /home/airflow/.local/lib/python3.12/site-packages/airflow/example_dags/tutorial_dag.py
[2025-06-20T16:47:44.705+0000] {logging_mixin.py:188} INFO - [2025-06-20T16:47:44.705+0000] {dag.py:3096} INFO - Sync 1 DAGs
[2025-06-20T16:47:44.717+0000] {logging_mixin.py:188} INFO - [2025-06-20T16:47:44.717+0000] {dag.py:3954} INFO - Setting next_dagrun for tutorial_dag to None, run_after=None
[2025-06-20T16:47:44.732+0000] {processor.py:183} INFO - Processing /home/airflow/.local/lib/python3.12/site-packages/airflow/example_dags/tutorial_dag.py took 0.060 seconds
[2025-06-20T16:48:15.087+0000] {processor.py:161} INFO - Started process (PID=547) to work on /home/airflow/.local/lib/python3.12/site-packages/airflow/example_dags/tutorial_dag.py
[2025-06-20T16:48:15.087+0000] {processor.py:830} INFO - Processing file /home/airflow/.local/lib/python3.12/site-packages/airflow/example_dags/tutorial_dag.py for tasks to queue
[2025-06-20T16:48:15.089+0000] {logging_mixin.py:188} INFO - [2025-06-20T16:48:15.089+0000] {dagbag.py:540} INFO - Filling up the DagBag from /home/airflow/.local/lib/python3.12/site-packages/airflow/example_dags/tutorial_dag.py
[2025-06-20T16:48:15.095+0000] {processor.py:840} INFO - DAG(s) 'tutorial_dag' retrieved from /home/airflow/.local/lib/python3.12/site-packages/airflow/example_dags/tutorial_dag.py
[2025-06-20T16:48:15.114+0000] {logging_mixin.py:188} INFO - [2025-06-20T16:48:15.114+0000] {dag.py:3096} INFO - Sync 1 DAGs
[2025-06-20T16:48:15.126+0000] {logging_mixin.py:188} INFO - [2025-06-20T16:48:15.126+0000] {dag.py:3954} INFO - Setting next_dagrun for tutorial_dag to None, run_after=None
[2025-06-20T16:48:15.141+0000] {processor.py:183} INFO - Processing /home/airflow/.local/lib/python3.12/site-packages/airflow/example_dags/tutorial_dag.py took 0.061 seconds
[2025-06-20T16:48:45.436+0000] {processor.py:161} INFO - Started process (PID=606) to work on /home/airflow/.local/lib/python3.12/site-packages/airflow/example_dags/tutorial_dag.py
[2025-06-20T16:48:45.437+0000] {processor.py:830} INFO - Processing file /home/airflow/.local/lib/python3.12/site-packages/airflow/example_dags/tutorial_dag.py for tasks to queue
[2025-06-20T16:48:45.439+0000] {logging_mixin.py:188} INFO - [2025-06-20T16:48:45.439+0000] {dagbag.py:540} INFO - Filling up the DagBag from /home/airflow/.local/lib/python3.12/site-packages/airflow/example_dags/tutorial_dag.py
[2025-06-20T16:48:45.444+0000] {processor.py:840} INFO - DAG(s) 'tutorial_dag' retrieved from /home/airflow/.local/lib/python3.12/site-packages/airflow/example_dags/tutorial_dag.py
[2025-06-20T16:48:45.464+0000] {logging_mixin.py:188} INFO - [2025-06-20T16:48:45.464+0000] {dag.py:3096} INFO - Sync 1 DAGs
[2025-06-20T16:48:45.476+0000] {logging_mixin.py:188} INFO - [2025-06-20T16:48:45.476+0000] {dag.py:3954} INFO - Setting next_dagrun for tutorial_dag to None, run_after=None
[2025-06-20T16:48:45.491+0000] {processor.py:183} INFO - Processing /home/airflow/.local/lib/python3.12/site-packages/airflow/example_dags/tutorial_dag.py took 0.062 seconds
[2025-06-20T16:49:15.869+0000] {processor.py:161} INFO - Started process (PID=665) to work on /home/airflow/.local/lib/python3.12/site-packages/airflow/example_dags/tutorial_dag.py
[2025-06-20T16:49:15.870+0000] {processor.py:830} INFO - Processing file /home/airflow/.local/lib/python3.12/site-packages/airflow/example_dags/tutorial_dag.py for tasks to queue
[2025-06-20T16:49:15.872+0000] {logging_mixin.py:188} INFO - [2025-06-20T16:49:15.872+0000] {dagbag.py:540} INFO - Filling up the DagBag from /home/airflow/.local/lib/python3.12/site-packages/airflow/example_dags/tutorial_dag.py
[2025-06-20T16:49:15.878+0000] {processor.py:840} INFO - DAG(s) 'tutorial_dag' retrieved from /home/airflow/.local/lib/python3.12/site-packages/airflow/example_dags/tutorial_dag.py
[2025-06-20T16:49:15.899+0000] {logging_mixin.py:188} INFO - [2025-06-20T16:49:15.899+0000] {dag.py:3096} INFO - Sync 1 DAGs
[2025-06-20T16:49:15.911+0000] {logging_mixin.py:188} INFO - [2025-06-20T16:49:15.911+0000] {dag.py:3954} INFO - Setting next_dagrun for tutorial_dag to None, run_after=None
[2025-06-20T16:49:15.927+0000] {processor.py:183} INFO - Processing /home/airflow/.local/lib/python3.12/site-packages/airflow/example_dags/tutorial_dag.py took 0.066 seconds
[2025-06-20T16:49:46.218+0000] {processor.py:161} INFO - Started process (PID=724) to work on /home/airflow/.local/lib/python3.12/site-packages/airflow/example_dags/tutorial_dag.py
[2025-06-20T16:49:46.218+0000] {processor.py:830} INFO - Processing file /home/airflow/.local/lib/python3.12/site-packages/airflow/example_dags/tutorial_dag.py for tasks to queue
[2025-06-20T16:49:46.220+0000] {logging_mixin.py:188} INFO - [2025-06-20T16:49:46.220+0000] {dagbag.py:540} INFO - Filling up the DagBag from /home/airflow/.local/lib/python3.12/site-packages/airflow/example_dags/tutorial_dag.py
[2025-06-20T16:49:46.225+0000] {processor.py:840} INFO - DAG(s) 'tutorial_dag' retrieved from /home/airflow/.local/lib/python3.12/site-packages/airflow/example_dags/tutorial_dag.py
[2025-06-20T16:49:46.244+0000] {logging_mixin.py:188} INFO - [2025-06-20T16:49:46.244+0000] {dag.py:3096} INFO - Sync 1 DAGs
[2025-06-20T16:49:46.256+0000] {logging_mixin.py:188} INFO - [2025-06-20T16:49:46.256+0000] {dag.py:3954} INFO - Setting next_dagrun for tutorial_dag to None, run_after=None
[2025-06-20T16:49:46.271+0000] {processor.py:183} INFO - Processing /home/airflow/.local/lib/python3.12/site-packages/airflow/example_dags/tutorial_dag.py took 0.060 seconds
[2025-06-20T16:50:16.545+0000] {processor.py:161} INFO - Started process (PID=783) to work on /home/airflow/.local/lib/python3.12/site-packages/airflow/example_dags/tutorial_dag.py
[2025-06-20T16:50:16.546+0000] {processor.py:830} INFO - Processing file /home/airflow/.local/lib/python3.12/site-packages/airflow/example_dags/tutorial_dag.py for tasks to queue
[2025-06-20T16:50:16.548+0000] {logging_mixin.py:188} INFO - [2025-06-20T16:50:16.548+0000] {dagbag.py:540} INFO - Filling up the DagBag from /home/airflow/.local/lib/python3.12/site-packages/airflow/example_dags/tutorial_dag.py
[2025-06-20T16:50:16.553+0000] {processor.py:840} INFO - DAG(s) 'tutorial_dag' retrieved from /home/airflow/.local/lib/python3.12/site-packages/airflow/example_dags/tutorial_dag.py
[2025-06-20T16:50:16.574+0000] {logging_mixin.py:188} INFO - [2025-06-20T16:50:16.574+0000] {dag.py:3096} INFO - Sync 1 DAGs
[2025-06-20T16:50:16.586+0000] {logging_mixin.py:188} INFO - [2025-06-20T16:50:16.586+0000] {dag.py:3954} INFO - Setting next_dagrun for tutorial_dag to None, run_after=None
[2025-06-20T16:50:16.602+0000] {processor.py:183} INFO - Processing /home/airflow/.local/lib/python3.12/site-packages/airflow/example_dags/tutorial_dag.py took 0.063 seconds
[2025-06-20T16:50:47.024+0000] {processor.py:161} INFO - Started process (PID=842) to work on /home/airflow/.local/lib/python3.12/site-packages/airflow/example_dags/tutorial_dag.py
[2025-06-20T16:50:47.025+0000] {processor.py:830} INFO - Processing file /home/airflow/.local/lib/python3.12/site-packages/airflow/example_dags/tutorial_dag.py for tasks to queue
[2025-06-20T16:50:47.027+0000] {logging_mixin.py:188} INFO - [2025-06-20T16:50:47.027+0000] {dagbag.py:540} INFO - Filling up the DagBag from /home/airflow/.local/lib/python3.12/site-packages/airflow/example_dags/tutorial_dag.py
[2025-06-20T16:50:47.032+0000] {processor.py:840} INFO - DAG(s) 'tutorial_dag' retrieved from /home/airflow/.local/lib/python3.12/site-packages/airflow/example_dags/tutorial_dag.py
[2025-06-20T16:50:47.053+0000] {logging_mixin.py:188} INFO - [2025-06-20T16:50:47.053+0000] {dag.py:3096} INFO - Sync 1 DAGs
[2025-06-20T16:50:47.066+0000] {logging_mixin.py:188} INFO - [2025-06-20T16:50:47.066+0000] {dag.py:3954} INFO - Setting next_dagrun for tutorial_dag to None, run_after=None
[2025-06-20T16:50:47.082+0000] {processor.py:183} INFO - Processing /home/airflow/.local/lib/python3.12/site-packages/airflow/example_dags/tutorial_dag.py took 0.064 seconds
