[2025-06-20T14:34:48.903+0000] {processor.py:161} INFO - Started process (PID=109) to work on /home/airflow/.local/lib/python3.12/site-packages/airflow/example_dags/subdags/subdag.py
[2025-06-20T14:34:48.904+0000] {processor.py:830} INFO - Processing file /home/airflow/.local/lib/python3.12/site-packages/airflow/example_dags/subdags/subdag.py for tasks to queue
[2025-06-20T14:34:48.906+0000] {logging_mixin.py:188} INFO - [2025-06-20T14:34:48.906+0000] {dagbag.py:540} INFO - Filling up the DagBag from /home/airflow/.local/lib/python3.12/site-packages/airflow/example_dags/subdags/subdag.py
[2025-06-20T14:34:48.908+0000] {processor.py:842} WARNING - No viable dags retrieved from /home/airflow/.local/lib/python3.12/site-packages/airflow/example_dags/subdags/subdag.py
[2025-06-20T14:34:48.922+0000] {processor.py:183} INFO - Processing /home/airflow/.local/lib/python3.12/site-packages/airflow/example_dags/subdags/subdag.py took 0.024 seconds
[2025-06-20T14:35:20.793+0000] {processor.py:161} INFO - Started process (PID=167) to work on /home/airflow/.local/lib/python3.12/site-packages/airflow/example_dags/subdags/subdag.py
[2025-06-20T14:35:20.794+0000] {processor.py:830} INFO - Processing file /home/airflow/.local/lib/python3.12/site-packages/airflow/example_dags/subdags/subdag.py for tasks to queue
[2025-06-20T14:35:20.795+0000] {logging_mixin.py:188} INFO - [2025-06-20T14:35:20.795+0000] {dagbag.py:540} INFO - Filling up the DagBag from /home/airflow/.local/lib/python3.12/site-packages/airflow/example_dags/subdags/subdag.py
[2025-06-20T14:35:20.797+0000] {processor.py:842} WARNING - No viable dags retrieved from /home/airflow/.local/lib/python3.12/site-packages/airflow/example_dags/subdags/subdag.py
[2025-06-20T14:35:20.810+0000] {processor.py:183} INFO - Processing /home/airflow/.local/lib/python3.12/site-packages/airflow/example_dags/subdags/subdag.py took 0.023 seconds
[2025-06-20T14:35:51.071+0000] {processor.py:161} INFO - Started process (PID=225) to work on /home/airflow/.local/lib/python3.12/site-packages/airflow/example_dags/subdags/subdag.py
[2025-06-20T14:35:51.071+0000] {processor.py:830} INFO - Processing file /home/airflow/.local/lib/python3.12/site-packages/airflow/example_dags/subdags/subdag.py for tasks to queue
[2025-06-20T14:35:51.073+0000] {logging_mixin.py:188} INFO - [2025-06-20T14:35:51.073+0000] {dagbag.py:540} INFO - Filling up the DagBag from /home/airflow/.local/lib/python3.12/site-packages/airflow/example_dags/subdags/subdag.py
[2025-06-20T14:35:51.075+0000] {processor.py:842} WARNING - No viable dags retrieved from /home/airflow/.local/lib/python3.12/site-packages/airflow/example_dags/subdags/subdag.py
[2025-06-20T14:35:51.088+0000] {processor.py:183} INFO - Processing /home/airflow/.local/lib/python3.12/site-packages/airflow/example_dags/subdags/subdag.py took 0.024 seconds
[2025-06-20T14:36:22.120+0000] {processor.py:161} INFO - Started process (PID=283) to work on /home/airflow/.local/lib/python3.12/site-packages/airflow/example_dags/subdags/subdag.py
[2025-06-20T14:36:22.121+0000] {processor.py:830} INFO - Processing file /home/airflow/.local/lib/python3.12/site-packages/airflow/example_dags/subdags/subdag.py for tasks to queue
[2025-06-20T14:36:22.123+0000] {logging_mixin.py:188} INFO - [2025-06-20T14:36:22.123+0000] {dagbag.py:540} INFO - Filling up the DagBag from /home/airflow/.local/lib/python3.12/site-packages/airflow/example_dags/subdags/subdag.py
[2025-06-20T14:36:22.125+0000] {processor.py:842} WARNING - No viable dags retrieved from /home/airflow/.local/lib/python3.12/site-packages/airflow/example_dags/subdags/subdag.py
[2025-06-20T14:36:22.139+0000] {processor.py:183} INFO - Processing /home/airflow/.local/lib/python3.12/site-packages/airflow/example_dags/subdags/subdag.py took 0.025 seconds
[2025-06-20T14:36:52.714+0000] {processor.py:161} INFO - Started process (PID=341) to work on /home/airflow/.local/lib/python3.12/site-packages/airflow/example_dags/subdags/subdag.py
[2025-06-20T14:36:52.715+0000] {processor.py:830} INFO - Processing file /home/airflow/.local/lib/python3.12/site-packages/airflow/example_dags/subdags/subdag.py for tasks to queue
[2025-06-20T14:36:52.717+0000] {logging_mixin.py:188} INFO - [2025-06-20T14:36:52.716+0000] {dagbag.py:540} INFO - Filling up the DagBag from /home/airflow/.local/lib/python3.12/site-packages/airflow/example_dags/subdags/subdag.py
[2025-06-20T14:36:52.719+0000] {processor.py:842} WARNING - No viable dags retrieved from /home/airflow/.local/lib/python3.12/site-packages/airflow/example_dags/subdags/subdag.py
[2025-06-20T14:36:52.731+0000] {processor.py:183} INFO - Processing /home/airflow/.local/lib/python3.12/site-packages/airflow/example_dags/subdags/subdag.py took 0.023 seconds
[2025-06-20T14:37:23.136+0000] {processor.py:161} INFO - Started process (PID=414) to work on /home/airflow/.local/lib/python3.12/site-packages/airflow/example_dags/subdags/subdag.py
[2025-06-20T14:37:23.137+0000] {processor.py:830} INFO - Processing file /home/airflow/.local/lib/python3.12/site-packages/airflow/example_dags/subdags/subdag.py for tasks to queue
[2025-06-20T14:37:23.139+0000] {logging_mixin.py:188} INFO - [2025-06-20T14:37:23.139+0000] {dagbag.py:540} INFO - Filling up the DagBag from /home/airflow/.local/lib/python3.12/site-packages/airflow/example_dags/subdags/subdag.py
[2025-06-20T14:37:23.141+0000] {processor.py:842} WARNING - No viable dags retrieved from /home/airflow/.local/lib/python3.12/site-packages/airflow/example_dags/subdags/subdag.py
[2025-06-20T14:37:23.154+0000] {processor.py:183} INFO - Processing /home/airflow/.local/lib/python3.12/site-packages/airflow/example_dags/subdags/subdag.py took 0.025 seconds
[2025-06-20T14:37:53.746+0000] {processor.py:161} INFO - Started process (PID=473) to work on /home/airflow/.local/lib/python3.12/site-packages/airflow/example_dags/subdags/subdag.py
[2025-06-20T14:37:53.747+0000] {processor.py:830} INFO - Processing file /home/airflow/.local/lib/python3.12/site-packages/airflow/example_dags/subdags/subdag.py for tasks to queue
[2025-06-20T14:37:53.748+0000] {logging_mixin.py:188} INFO - [2025-06-20T14:37:53.748+0000] {dagbag.py:540} INFO - Filling up the DagBag from /home/airflow/.local/lib/python3.12/site-packages/airflow/example_dags/subdags/subdag.py
[2025-06-20T14:37:53.751+0000] {processor.py:842} WARNING - No viable dags retrieved from /home/airflow/.local/lib/python3.12/site-packages/airflow/example_dags/subdags/subdag.py
[2025-06-20T14:37:53.764+0000] {processor.py:183} INFO - Processing /home/airflow/.local/lib/python3.12/site-packages/airflow/example_dags/subdags/subdag.py took 0.024 seconds
[2025-06-20T14:38:24.330+0000] {processor.py:161} INFO - Started process (PID=531) to work on /home/airflow/.local/lib/python3.12/site-packages/airflow/example_dags/subdags/subdag.py
[2025-06-20T14:38:24.331+0000] {processor.py:830} INFO - Processing file /home/airflow/.local/lib/python3.12/site-packages/airflow/example_dags/subdags/subdag.py for tasks to queue
[2025-06-20T14:38:24.334+0000] {logging_mixin.py:188} INFO - [2025-06-20T14:38:24.333+0000] {dagbag.py:540} INFO - Filling up the DagBag from /home/airflow/.local/lib/python3.12/site-packages/airflow/example_dags/subdags/subdag.py
[2025-06-20T14:38:24.336+0000] {processor.py:842} WARNING - No viable dags retrieved from /home/airflow/.local/lib/python3.12/site-packages/airflow/example_dags/subdags/subdag.py
[2025-06-20T14:38:24.349+0000] {processor.py:183} INFO - Processing /home/airflow/.local/lib/python3.12/site-packages/airflow/example_dags/subdags/subdag.py took 0.025 seconds
[2025-06-20T14:38:55.166+0000] {processor.py:161} INFO - Started process (PID=589) to work on /home/airflow/.local/lib/python3.12/site-packages/airflow/example_dags/subdags/subdag.py
[2025-06-20T14:38:55.167+0000] {processor.py:830} INFO - Processing file /home/airflow/.local/lib/python3.12/site-packages/airflow/example_dags/subdags/subdag.py for tasks to queue
[2025-06-20T14:38:55.169+0000] {logging_mixin.py:188} INFO - [2025-06-20T14:38:55.168+0000] {dagbag.py:540} INFO - Filling up the DagBag from /home/airflow/.local/lib/python3.12/site-packages/airflow/example_dags/subdags/subdag.py
[2025-06-20T14:38:55.171+0000] {processor.py:842} WARNING - No viable dags retrieved from /home/airflow/.local/lib/python3.12/site-packages/airflow/example_dags/subdags/subdag.py
[2025-06-20T14:38:55.184+0000] {processor.py:183} INFO - Processing /home/airflow/.local/lib/python3.12/site-packages/airflow/example_dags/subdags/subdag.py took 0.024 seconds
[2025-06-20T14:39:25.401+0000] {processor.py:161} INFO - Started process (PID=647) to work on /home/airflow/.local/lib/python3.12/site-packages/airflow/example_dags/subdags/subdag.py
[2025-06-20T14:39:25.402+0000] {processor.py:830} INFO - Processing file /home/airflow/.local/lib/python3.12/site-packages/airflow/example_dags/subdags/subdag.py for tasks to queue
[2025-06-20T14:39:25.404+0000] {logging_mixin.py:188} INFO - [2025-06-20T14:39:25.404+0000] {dagbag.py:540} INFO - Filling up the DagBag from /home/airflow/.local/lib/python3.12/site-packages/airflow/example_dags/subdags/subdag.py
[2025-06-20T14:39:25.406+0000] {processor.py:842} WARNING - No viable dags retrieved from /home/airflow/.local/lib/python3.12/site-packages/airflow/example_dags/subdags/subdag.py
[2025-06-20T14:39:25.420+0000] {processor.py:183} INFO - Processing /home/airflow/.local/lib/python3.12/site-packages/airflow/example_dags/subdags/subdag.py took 0.025 seconds
[2025-06-20T14:39:55.770+0000] {processor.py:161} INFO - Started process (PID=705) to work on /home/airflow/.local/lib/python3.12/site-packages/airflow/example_dags/subdags/subdag.py
[2025-06-20T14:39:55.771+0000] {processor.py:830} INFO - Processing file /home/airflow/.local/lib/python3.12/site-packages/airflow/example_dags/subdags/subdag.py for tasks to queue
[2025-06-20T14:39:55.773+0000] {logging_mixin.py:188} INFO - [2025-06-20T14:39:55.772+0000] {dagbag.py:540} INFO - Filling up the DagBag from /home/airflow/.local/lib/python3.12/site-packages/airflow/example_dags/subdags/subdag.py
[2025-06-20T14:39:55.775+0000] {processor.py:842} WARNING - No viable dags retrieved from /home/airflow/.local/lib/python3.12/site-packages/airflow/example_dags/subdags/subdag.py
[2025-06-20T14:39:55.789+0000] {processor.py:183} INFO - Processing /home/airflow/.local/lib/python3.12/site-packages/airflow/example_dags/subdags/subdag.py took 0.025 seconds
[2025-06-20T14:40:26.022+0000] {processor.py:161} INFO - Started process (PID=763) to work on /home/airflow/.local/lib/python3.12/site-packages/airflow/example_dags/subdags/subdag.py
[2025-06-20T14:40:26.023+0000] {processor.py:830} INFO - Processing file /home/airflow/.local/lib/python3.12/site-packages/airflow/example_dags/subdags/subdag.py for tasks to queue
[2025-06-20T14:40:26.024+0000] {logging_mixin.py:188} INFO - [2025-06-20T14:40:26.024+0000] {dagbag.py:540} INFO - Filling up the DagBag from /home/airflow/.local/lib/python3.12/site-packages/airflow/example_dags/subdags/subdag.py
[2025-06-20T14:40:26.027+0000] {processor.py:842} WARNING - No viable dags retrieved from /home/airflow/.local/lib/python3.12/site-packages/airflow/example_dags/subdags/subdag.py
[2025-06-20T14:40:26.039+0000] {processor.py:183} INFO - Processing /home/airflow/.local/lib/python3.12/site-packages/airflow/example_dags/subdags/subdag.py took 0.024 seconds
[2025-06-20T14:40:56.240+0000] {processor.py:161} INFO - Started process (PID=821) to work on /home/airflow/.local/lib/python3.12/site-packages/airflow/example_dags/subdags/subdag.py
[2025-06-20T14:40:56.241+0000] {processor.py:830} INFO - Processing file /home/airflow/.local/lib/python3.12/site-packages/airflow/example_dags/subdags/subdag.py for tasks to queue
[2025-06-20T14:40:56.243+0000] {logging_mixin.py:188} INFO - [2025-06-20T14:40:56.242+0000] {dagbag.py:540} INFO - Filling up the DagBag from /home/airflow/.local/lib/python3.12/site-packages/airflow/example_dags/subdags/subdag.py
[2025-06-20T14:40:56.245+0000] {processor.py:842} WARNING - No viable dags retrieved from /home/airflow/.local/lib/python3.12/site-packages/airflow/example_dags/subdags/subdag.py
[2025-06-20T14:40:56.258+0000] {processor.py:183} INFO - Processing /home/airflow/.local/lib/python3.12/site-packages/airflow/example_dags/subdags/subdag.py took 0.024 seconds
[2025-06-20T14:41:26.883+0000] {processor.py:161} INFO - Started process (PID=879) to work on /home/airflow/.local/lib/python3.12/site-packages/airflow/example_dags/subdags/subdag.py
[2025-06-20T14:41:26.884+0000] {processor.py:830} INFO - Processing file /home/airflow/.local/lib/python3.12/site-packages/airflow/example_dags/subdags/subdag.py for tasks to queue
[2025-06-20T14:41:26.886+0000] {logging_mixin.py:188} INFO - [2025-06-20T14:41:26.885+0000] {dagbag.py:540} INFO - Filling up the DagBag from /home/airflow/.local/lib/python3.12/site-packages/airflow/example_dags/subdags/subdag.py
[2025-06-20T14:41:26.888+0000] {processor.py:842} WARNING - No viable dags retrieved from /home/airflow/.local/lib/python3.12/site-packages/airflow/example_dags/subdags/subdag.py
[2025-06-20T14:41:26.904+0000] {processor.py:183} INFO - Processing /home/airflow/.local/lib/python3.12/site-packages/airflow/example_dags/subdags/subdag.py took 0.028 seconds
[2025-06-20T14:41:58.002+0000] {processor.py:161} INFO - Started process (PID=937) to work on /home/airflow/.local/lib/python3.12/site-packages/airflow/example_dags/subdags/subdag.py
[2025-06-20T14:41:58.003+0000] {processor.py:830} INFO - Processing file /home/airflow/.local/lib/python3.12/site-packages/airflow/example_dags/subdags/subdag.py for tasks to queue
[2025-06-20T14:41:58.005+0000] {logging_mixin.py:188} INFO - [2025-06-20T14:41:58.004+0000] {dagbag.py:540} INFO - Filling up the DagBag from /home/airflow/.local/lib/python3.12/site-packages/airflow/example_dags/subdags/subdag.py
[2025-06-20T14:41:58.007+0000] {processor.py:842} WARNING - No viable dags retrieved from /home/airflow/.local/lib/python3.12/site-packages/airflow/example_dags/subdags/subdag.py
[2025-06-20T14:41:58.020+0000] {processor.py:183} INFO - Processing /home/airflow/.local/lib/python3.12/site-packages/airflow/example_dags/subdags/subdag.py took 0.024 seconds
[2025-06-20T14:42:28.439+0000] {processor.py:161} INFO - Started process (PID=995) to work on /home/airflow/.local/lib/python3.12/site-packages/airflow/example_dags/subdags/subdag.py
[2025-06-20T14:42:28.440+0000] {processor.py:830} INFO - Processing file /home/airflow/.local/lib/python3.12/site-packages/airflow/example_dags/subdags/subdag.py for tasks to queue
[2025-06-20T14:42:28.442+0000] {logging_mixin.py:188} INFO - [2025-06-20T14:42:28.441+0000] {dagbag.py:540} INFO - Filling up the DagBag from /home/airflow/.local/lib/python3.12/site-packages/airflow/example_dags/subdags/subdag.py
[2025-06-20T14:42:28.444+0000] {processor.py:842} WARNING - No viable dags retrieved from /home/airflow/.local/lib/python3.12/site-packages/airflow/example_dags/subdags/subdag.py
[2025-06-20T14:42:28.457+0000] {processor.py:183} INFO - Processing /home/airflow/.local/lib/python3.12/site-packages/airflow/example_dags/subdags/subdag.py took 0.025 seconds
[2025-06-20T14:42:58.869+0000] {processor.py:161} INFO - Started process (PID=1053) to work on /home/airflow/.local/lib/python3.12/site-packages/airflow/example_dags/subdags/subdag.py
[2025-06-20T14:42:58.870+0000] {processor.py:830} INFO - Processing file /home/airflow/.local/lib/python3.12/site-packages/airflow/example_dags/subdags/subdag.py for tasks to queue
[2025-06-20T14:42:58.872+0000] {logging_mixin.py:188} INFO - [2025-06-20T14:42:58.871+0000] {dagbag.py:540} INFO - Filling up the DagBag from /home/airflow/.local/lib/python3.12/site-packages/airflow/example_dags/subdags/subdag.py
[2025-06-20T14:42:58.874+0000] {processor.py:842} WARNING - No viable dags retrieved from /home/airflow/.local/lib/python3.12/site-packages/airflow/example_dags/subdags/subdag.py
[2025-06-20T14:42:58.887+0000] {processor.py:183} INFO - Processing /home/airflow/.local/lib/python3.12/site-packages/airflow/example_dags/subdags/subdag.py took 0.024 seconds
[2025-06-20T14:43:29.568+0000] {processor.py:161} INFO - Started process (PID=1111) to work on /home/airflow/.local/lib/python3.12/site-packages/airflow/example_dags/subdags/subdag.py
[2025-06-20T14:43:29.569+0000] {processor.py:830} INFO - Processing file /home/airflow/.local/lib/python3.12/site-packages/airflow/example_dags/subdags/subdag.py for tasks to queue
[2025-06-20T14:43:29.570+0000] {logging_mixin.py:188} INFO - [2025-06-20T14:43:29.570+0000] {dagbag.py:540} INFO - Filling up the DagBag from /home/airflow/.local/lib/python3.12/site-packages/airflow/example_dags/subdags/subdag.py
[2025-06-20T14:43:29.573+0000] {processor.py:842} WARNING - No viable dags retrieved from /home/airflow/.local/lib/python3.12/site-packages/airflow/example_dags/subdags/subdag.py
[2025-06-20T14:43:29.586+0000] {processor.py:183} INFO - Processing /home/airflow/.local/lib/python3.12/site-packages/airflow/example_dags/subdags/subdag.py took 0.024 seconds
[2025-06-20T14:44:00.674+0000] {processor.py:161} INFO - Started process (PID=1169) to work on /home/airflow/.local/lib/python3.12/site-packages/airflow/example_dags/subdags/subdag.py
[2025-06-20T14:44:00.675+0000] {processor.py:830} INFO - Processing file /home/airflow/.local/lib/python3.12/site-packages/airflow/example_dags/subdags/subdag.py for tasks to queue
[2025-06-20T14:44:00.677+0000] {logging_mixin.py:188} INFO - [2025-06-20T14:44:00.677+0000] {dagbag.py:540} INFO - Filling up the DagBag from /home/airflow/.local/lib/python3.12/site-packages/airflow/example_dags/subdags/subdag.py
[2025-06-20T14:44:00.679+0000] {processor.py:842} WARNING - No viable dags retrieved from /home/airflow/.local/lib/python3.12/site-packages/airflow/example_dags/subdags/subdag.py
[2025-06-20T14:44:00.692+0000] {processor.py:183} INFO - Processing /home/airflow/.local/lib/python3.12/site-packages/airflow/example_dags/subdags/subdag.py took 0.024 seconds
[2025-06-20T14:44:31.043+0000] {processor.py:161} INFO - Started process (PID=1226) to work on /home/airflow/.local/lib/python3.12/site-packages/airflow/example_dags/subdags/subdag.py
[2025-06-20T14:44:31.044+0000] {processor.py:830} INFO - Processing file /home/airflow/.local/lib/python3.12/site-packages/airflow/example_dags/subdags/subdag.py for tasks to queue
[2025-06-20T14:44:31.046+0000] {logging_mixin.py:188} INFO - [2025-06-20T14:44:31.046+0000] {dagbag.py:540} INFO - Filling up the DagBag from /home/airflow/.local/lib/python3.12/site-packages/airflow/example_dags/subdags/subdag.py
[2025-06-20T14:44:31.048+0000] {processor.py:842} WARNING - No viable dags retrieved from /home/airflow/.local/lib/python3.12/site-packages/airflow/example_dags/subdags/subdag.py
[2025-06-20T14:44:31.062+0000] {processor.py:183} INFO - Processing /home/airflow/.local/lib/python3.12/site-packages/airflow/example_dags/subdags/subdag.py took 0.025 seconds
[2025-06-20T14:45:01.662+0000] {processor.py:161} INFO - Started process (PID=1285) to work on /home/airflow/.local/lib/python3.12/site-packages/airflow/example_dags/subdags/subdag.py
[2025-06-20T14:45:01.662+0000] {processor.py:830} INFO - Processing file /home/airflow/.local/lib/python3.12/site-packages/airflow/example_dags/subdags/subdag.py for tasks to queue
[2025-06-20T14:45:01.664+0000] {logging_mixin.py:188} INFO - [2025-06-20T14:45:01.664+0000] {dagbag.py:540} INFO - Filling up the DagBag from /home/airflow/.local/lib/python3.12/site-packages/airflow/example_dags/subdags/subdag.py
[2025-06-20T14:45:01.666+0000] {processor.py:842} WARNING - No viable dags retrieved from /home/airflow/.local/lib/python3.12/site-packages/airflow/example_dags/subdags/subdag.py
[2025-06-20T14:45:01.679+0000] {processor.py:183} INFO - Processing /home/airflow/.local/lib/python3.12/site-packages/airflow/example_dags/subdags/subdag.py took 0.024 seconds
[2025-06-20T14:45:32.168+0000] {processor.py:161} INFO - Started process (PID=1342) to work on /home/airflow/.local/lib/python3.12/site-packages/airflow/example_dags/subdags/subdag.py
[2025-06-20T14:45:32.169+0000] {processor.py:830} INFO - Processing file /home/airflow/.local/lib/python3.12/site-packages/airflow/example_dags/subdags/subdag.py for tasks to queue
[2025-06-20T14:45:32.171+0000] {logging_mixin.py:188} INFO - [2025-06-20T14:45:32.171+0000] {dagbag.py:540} INFO - Filling up the DagBag from /home/airflow/.local/lib/python3.12/site-packages/airflow/example_dags/subdags/subdag.py
[2025-06-20T14:45:32.173+0000] {processor.py:842} WARNING - No viable dags retrieved from /home/airflow/.local/lib/python3.12/site-packages/airflow/example_dags/subdags/subdag.py
[2025-06-20T14:45:32.187+0000] {processor.py:183} INFO - Processing /home/airflow/.local/lib/python3.12/site-packages/airflow/example_dags/subdags/subdag.py took 0.025 seconds
[2025-06-20T14:46:02.396+0000] {processor.py:161} INFO - Started process (PID=1400) to work on /home/airflow/.local/lib/python3.12/site-packages/airflow/example_dags/subdags/subdag.py
[2025-06-20T14:46:02.397+0000] {processor.py:830} INFO - Processing file /home/airflow/.local/lib/python3.12/site-packages/airflow/example_dags/subdags/subdag.py for tasks to queue
[2025-06-20T14:46:02.399+0000] {logging_mixin.py:188} INFO - [2025-06-20T14:46:02.398+0000] {dagbag.py:540} INFO - Filling up the DagBag from /home/airflow/.local/lib/python3.12/site-packages/airflow/example_dags/subdags/subdag.py
[2025-06-20T14:46:02.401+0000] {processor.py:842} WARNING - No viable dags retrieved from /home/airflow/.local/lib/python3.12/site-packages/airflow/example_dags/subdags/subdag.py
[2025-06-20T14:46:02.415+0000] {processor.py:183} INFO - Processing /home/airflow/.local/lib/python3.12/site-packages/airflow/example_dags/subdags/subdag.py took 0.028 seconds
[2025-06-20T14:46:32.698+0000] {processor.py:161} INFO - Started process (PID=1458) to work on /home/airflow/.local/lib/python3.12/site-packages/airflow/example_dags/subdags/subdag.py
[2025-06-20T14:46:32.699+0000] {processor.py:830} INFO - Processing file /home/airflow/.local/lib/python3.12/site-packages/airflow/example_dags/subdags/subdag.py for tasks to queue
[2025-06-20T14:46:32.701+0000] {logging_mixin.py:188} INFO - [2025-06-20T14:46:32.701+0000] {dagbag.py:540} INFO - Filling up the DagBag from /home/airflow/.local/lib/python3.12/site-packages/airflow/example_dags/subdags/subdag.py
[2025-06-20T14:46:32.703+0000] {processor.py:842} WARNING - No viable dags retrieved from /home/airflow/.local/lib/python3.12/site-packages/airflow/example_dags/subdags/subdag.py
[2025-06-20T14:46:32.716+0000] {processor.py:183} INFO - Processing /home/airflow/.local/lib/python3.12/site-packages/airflow/example_dags/subdags/subdag.py took 0.024 seconds
[2025-06-20T14:47:02.866+0000] {processor.py:161} INFO - Started process (PID=1515) to work on /home/airflow/.local/lib/python3.12/site-packages/airflow/example_dags/subdags/subdag.py
[2025-06-20T14:47:02.867+0000] {processor.py:830} INFO - Processing file /home/airflow/.local/lib/python3.12/site-packages/airflow/example_dags/subdags/subdag.py for tasks to queue
[2025-06-20T14:47:02.870+0000] {logging_mixin.py:188} INFO - [2025-06-20T14:47:02.870+0000] {dagbag.py:540} INFO - Filling up the DagBag from /home/airflow/.local/lib/python3.12/site-packages/airflow/example_dags/subdags/subdag.py
[2025-06-20T14:47:02.872+0000] {processor.py:842} WARNING - No viable dags retrieved from /home/airflow/.local/lib/python3.12/site-packages/airflow/example_dags/subdags/subdag.py
[2025-06-20T14:47:02.886+0000] {processor.py:183} INFO - Processing /home/airflow/.local/lib/python3.12/site-packages/airflow/example_dags/subdags/subdag.py took 0.026 seconds
[2025-06-20T14:47:32.982+0000] {processor.py:161} INFO - Started process (PID=1573) to work on /home/airflow/.local/lib/python3.12/site-packages/airflow/example_dags/subdags/subdag.py
[2025-06-20T14:47:32.983+0000] {processor.py:830} INFO - Processing file /home/airflow/.local/lib/python3.12/site-packages/airflow/example_dags/subdags/subdag.py for tasks to queue
[2025-06-20T14:47:32.986+0000] {logging_mixin.py:188} INFO - [2025-06-20T14:47:32.986+0000] {dagbag.py:540} INFO - Filling up the DagBag from /home/airflow/.local/lib/python3.12/site-packages/airflow/example_dags/subdags/subdag.py
[2025-06-20T14:47:32.988+0000] {processor.py:842} WARNING - No viable dags retrieved from /home/airflow/.local/lib/python3.12/site-packages/airflow/example_dags/subdags/subdag.py
[2025-06-20T14:47:33.001+0000] {processor.py:183} INFO - Processing /home/airflow/.local/lib/python3.12/site-packages/airflow/example_dags/subdags/subdag.py took 0.025 seconds
[2025-06-20T14:48:03.421+0000] {processor.py:161} INFO - Started process (PID=1630) to work on /home/airflow/.local/lib/python3.12/site-packages/airflow/example_dags/subdags/subdag.py
[2025-06-20T14:48:03.422+0000] {processor.py:830} INFO - Processing file /home/airflow/.local/lib/python3.12/site-packages/airflow/example_dags/subdags/subdag.py for tasks to queue
[2025-06-20T14:48:03.425+0000] {logging_mixin.py:188} INFO - [2025-06-20T14:48:03.424+0000] {dagbag.py:540} INFO - Filling up the DagBag from /home/airflow/.local/lib/python3.12/site-packages/airflow/example_dags/subdags/subdag.py
[2025-06-20T14:48:03.427+0000] {processor.py:842} WARNING - No viable dags retrieved from /home/airflow/.local/lib/python3.12/site-packages/airflow/example_dags/subdags/subdag.py
[2025-06-20T14:48:03.442+0000] {processor.py:183} INFO - Processing /home/airflow/.local/lib/python3.12/site-packages/airflow/example_dags/subdags/subdag.py took 0.027 seconds
[2025-06-20T14:48:33.663+0000] {processor.py:161} INFO - Started process (PID=1689) to work on /home/airflow/.local/lib/python3.12/site-packages/airflow/example_dags/subdags/subdag.py
[2025-06-20T14:48:33.664+0000] {processor.py:830} INFO - Processing file /home/airflow/.local/lib/python3.12/site-packages/airflow/example_dags/subdags/subdag.py for tasks to queue
[2025-06-20T14:48:33.666+0000] {logging_mixin.py:188} INFO - [2025-06-20T14:48:33.665+0000] {dagbag.py:540} INFO - Filling up the DagBag from /home/airflow/.local/lib/python3.12/site-packages/airflow/example_dags/subdags/subdag.py
[2025-06-20T14:48:33.668+0000] {processor.py:842} WARNING - No viable dags retrieved from /home/airflow/.local/lib/python3.12/site-packages/airflow/example_dags/subdags/subdag.py
[2025-06-20T14:48:33.681+0000] {processor.py:183} INFO - Processing /home/airflow/.local/lib/python3.12/site-packages/airflow/example_dags/subdags/subdag.py took 0.025 seconds
[2025-06-20T14:49:03.965+0000] {processor.py:161} INFO - Started process (PID=1747) to work on /home/airflow/.local/lib/python3.12/site-packages/airflow/example_dags/subdags/subdag.py
[2025-06-20T14:49:03.966+0000] {processor.py:830} INFO - Processing file /home/airflow/.local/lib/python3.12/site-packages/airflow/example_dags/subdags/subdag.py for tasks to queue
[2025-06-20T14:49:03.968+0000] {logging_mixin.py:188} INFO - [2025-06-20T14:49:03.968+0000] {dagbag.py:540} INFO - Filling up the DagBag from /home/airflow/.local/lib/python3.12/site-packages/airflow/example_dags/subdags/subdag.py
[2025-06-20T14:49:03.970+0000] {processor.py:842} WARNING - No viable dags retrieved from /home/airflow/.local/lib/python3.12/site-packages/airflow/example_dags/subdags/subdag.py
[2025-06-20T14:49:03.983+0000] {processor.py:183} INFO - Processing /home/airflow/.local/lib/python3.12/site-packages/airflow/example_dags/subdags/subdag.py took 0.024 seconds
[2025-06-20T14:49:34.377+0000] {processor.py:161} INFO - Started process (PID=1806) to work on /home/airflow/.local/lib/python3.12/site-packages/airflow/example_dags/subdags/subdag.py
[2025-06-20T14:49:34.378+0000] {processor.py:830} INFO - Processing file /home/airflow/.local/lib/python3.12/site-packages/airflow/example_dags/subdags/subdag.py for tasks to queue
[2025-06-20T14:49:34.380+0000] {logging_mixin.py:188} INFO - [2025-06-20T14:49:34.380+0000] {dagbag.py:540} INFO - Filling up the DagBag from /home/airflow/.local/lib/python3.12/site-packages/airflow/example_dags/subdags/subdag.py
[2025-06-20T14:49:34.382+0000] {processor.py:842} WARNING - No viable dags retrieved from /home/airflow/.local/lib/python3.12/site-packages/airflow/example_dags/subdags/subdag.py
[2025-06-20T14:49:34.396+0000] {processor.py:183} INFO - Processing /home/airflow/.local/lib/python3.12/site-packages/airflow/example_dags/subdags/subdag.py took 0.025 seconds
[2025-06-20T14:50:04.454+0000] {processor.py:161} INFO - Started process (PID=1863) to work on /home/airflow/.local/lib/python3.12/site-packages/airflow/example_dags/subdags/subdag.py
[2025-06-20T14:50:04.455+0000] {processor.py:830} INFO - Processing file /home/airflow/.local/lib/python3.12/site-packages/airflow/example_dags/subdags/subdag.py for tasks to queue
[2025-06-20T14:50:04.457+0000] {logging_mixin.py:188} INFO - [2025-06-20T14:50:04.457+0000] {dagbag.py:540} INFO - Filling up the DagBag from /home/airflow/.local/lib/python3.12/site-packages/airflow/example_dags/subdags/subdag.py
[2025-06-20T14:50:04.459+0000] {processor.py:842} WARNING - No viable dags retrieved from /home/airflow/.local/lib/python3.12/site-packages/airflow/example_dags/subdags/subdag.py
[2025-06-20T14:50:04.473+0000] {processor.py:183} INFO - Processing /home/airflow/.local/lib/python3.12/site-packages/airflow/example_dags/subdags/subdag.py took 0.025 seconds
[2025-06-20T14:50:35.642+0000] {processor.py:161} INFO - Started process (PID=1922) to work on /home/airflow/.local/lib/python3.12/site-packages/airflow/example_dags/subdags/subdag.py
[2025-06-20T14:50:35.643+0000] {processor.py:830} INFO - Processing file /home/airflow/.local/lib/python3.12/site-packages/airflow/example_dags/subdags/subdag.py for tasks to queue
[2025-06-20T14:50:35.645+0000] {logging_mixin.py:188} INFO - [2025-06-20T14:50:35.645+0000] {dagbag.py:540} INFO - Filling up the DagBag from /home/airflow/.local/lib/python3.12/site-packages/airflow/example_dags/subdags/subdag.py
[2025-06-20T14:50:35.647+0000] {processor.py:842} WARNING - No viable dags retrieved from /home/airflow/.local/lib/python3.12/site-packages/airflow/example_dags/subdags/subdag.py
[2025-06-20T14:50:35.661+0000] {processor.py:183} INFO - Processing /home/airflow/.local/lib/python3.12/site-packages/airflow/example_dags/subdags/subdag.py took 0.025 seconds
[2025-06-20T14:51:05.844+0000] {processor.py:161} INFO - Started process (PID=1980) to work on /home/airflow/.local/lib/python3.12/site-packages/airflow/example_dags/subdags/subdag.py
[2025-06-20T14:51:05.845+0000] {processor.py:830} INFO - Processing file /home/airflow/.local/lib/python3.12/site-packages/airflow/example_dags/subdags/subdag.py for tasks to queue
[2025-06-20T14:51:05.847+0000] {logging_mixin.py:188} INFO - [2025-06-20T14:51:05.846+0000] {dagbag.py:540} INFO - Filling up the DagBag from /home/airflow/.local/lib/python3.12/site-packages/airflow/example_dags/subdags/subdag.py
[2025-06-20T14:51:05.849+0000] {processor.py:842} WARNING - No viable dags retrieved from /home/airflow/.local/lib/python3.12/site-packages/airflow/example_dags/subdags/subdag.py
[2025-06-20T14:51:05.862+0000] {processor.py:183} INFO - Processing /home/airflow/.local/lib/python3.12/site-packages/airflow/example_dags/subdags/subdag.py took 0.025 seconds
[2025-06-20T14:51:35.999+0000] {processor.py:161} INFO - Started process (PID=2038) to work on /home/airflow/.local/lib/python3.12/site-packages/airflow/example_dags/subdags/subdag.py
[2025-06-20T14:51:36.000+0000] {processor.py:830} INFO - Processing file /home/airflow/.local/lib/python3.12/site-packages/airflow/example_dags/subdags/subdag.py for tasks to queue
[2025-06-20T14:51:36.002+0000] {logging_mixin.py:188} INFO - [2025-06-20T14:51:36.001+0000] {dagbag.py:540} INFO - Filling up the DagBag from /home/airflow/.local/lib/python3.12/site-packages/airflow/example_dags/subdags/subdag.py
[2025-06-20T14:51:36.004+0000] {processor.py:842} WARNING - No viable dags retrieved from /home/airflow/.local/lib/python3.12/site-packages/airflow/example_dags/subdags/subdag.py
[2025-06-20T14:51:36.017+0000] {processor.py:183} INFO - Processing /home/airflow/.local/lib/python3.12/site-packages/airflow/example_dags/subdags/subdag.py took 0.024 seconds
[2025-06-20T14:52:06.185+0000] {processor.py:161} INFO - Started process (PID=2096) to work on /home/airflow/.local/lib/python3.12/site-packages/airflow/example_dags/subdags/subdag.py
[2025-06-20T14:52:06.186+0000] {processor.py:830} INFO - Processing file /home/airflow/.local/lib/python3.12/site-packages/airflow/example_dags/subdags/subdag.py for tasks to queue
[2025-06-20T14:52:06.187+0000] {logging_mixin.py:188} INFO - [2025-06-20T14:52:06.187+0000] {dagbag.py:540} INFO - Filling up the DagBag from /home/airflow/.local/lib/python3.12/site-packages/airflow/example_dags/subdags/subdag.py
[2025-06-20T14:52:06.190+0000] {processor.py:842} WARNING - No viable dags retrieved from /home/airflow/.local/lib/python3.12/site-packages/airflow/example_dags/subdags/subdag.py
[2025-06-20T14:52:06.204+0000] {processor.py:183} INFO - Processing /home/airflow/.local/lib/python3.12/site-packages/airflow/example_dags/subdags/subdag.py took 0.026 seconds
[2025-06-20T14:52:37.281+0000] {processor.py:161} INFO - Started process (PID=2154) to work on /home/airflow/.local/lib/python3.12/site-packages/airflow/example_dags/subdags/subdag.py
[2025-06-20T14:52:37.282+0000] {processor.py:830} INFO - Processing file /home/airflow/.local/lib/python3.12/site-packages/airflow/example_dags/subdags/subdag.py for tasks to queue
[2025-06-20T14:52:37.284+0000] {logging_mixin.py:188} INFO - [2025-06-20T14:52:37.284+0000] {dagbag.py:540} INFO - Filling up the DagBag from /home/airflow/.local/lib/python3.12/site-packages/airflow/example_dags/subdags/subdag.py
[2025-06-20T14:52:37.288+0000] {processor.py:842} WARNING - No viable dags retrieved from /home/airflow/.local/lib/python3.12/site-packages/airflow/example_dags/subdags/subdag.py
[2025-06-20T14:52:37.301+0000] {processor.py:183} INFO - Processing /home/airflow/.local/lib/python3.12/site-packages/airflow/example_dags/subdags/subdag.py took 0.026 seconds
[2025-06-20T14:53:07.430+0000] {processor.py:161} INFO - Started process (PID=2212) to work on /home/airflow/.local/lib/python3.12/site-packages/airflow/example_dags/subdags/subdag.py
[2025-06-20T14:53:07.431+0000] {processor.py:830} INFO - Processing file /home/airflow/.local/lib/python3.12/site-packages/airflow/example_dags/subdags/subdag.py for tasks to queue
[2025-06-20T14:53:07.433+0000] {logging_mixin.py:188} INFO - [2025-06-20T14:53:07.432+0000] {dagbag.py:540} INFO - Filling up the DagBag from /home/airflow/.local/lib/python3.12/site-packages/airflow/example_dags/subdags/subdag.py
[2025-06-20T14:53:07.435+0000] {processor.py:842} WARNING - No viable dags retrieved from /home/airflow/.local/lib/python3.12/site-packages/airflow/example_dags/subdags/subdag.py
[2025-06-20T14:53:07.448+0000] {processor.py:183} INFO - Processing /home/airflow/.local/lib/python3.12/site-packages/airflow/example_dags/subdags/subdag.py took 0.024 seconds
[2025-06-20T14:53:37.825+0000] {processor.py:161} INFO - Started process (PID=2270) to work on /home/airflow/.local/lib/python3.12/site-packages/airflow/example_dags/subdags/subdag.py
[2025-06-20T14:53:37.826+0000] {processor.py:830} INFO - Processing file /home/airflow/.local/lib/python3.12/site-packages/airflow/example_dags/subdags/subdag.py for tasks to queue
[2025-06-20T14:53:37.828+0000] {logging_mixin.py:188} INFO - [2025-06-20T14:53:37.827+0000] {dagbag.py:540} INFO - Filling up the DagBag from /home/airflow/.local/lib/python3.12/site-packages/airflow/example_dags/subdags/subdag.py
[2025-06-20T14:53:37.830+0000] {processor.py:842} WARNING - No viable dags retrieved from /home/airflow/.local/lib/python3.12/site-packages/airflow/example_dags/subdags/subdag.py
[2025-06-20T14:53:37.842+0000] {processor.py:183} INFO - Processing /home/airflow/.local/lib/python3.12/site-packages/airflow/example_dags/subdags/subdag.py took 0.023 seconds
[2025-06-20T14:54:08.670+0000] {processor.py:161} INFO - Started process (PID=2328) to work on /home/airflow/.local/lib/python3.12/site-packages/airflow/example_dags/subdags/subdag.py
[2025-06-20T14:54:08.671+0000] {processor.py:830} INFO - Processing file /home/airflow/.local/lib/python3.12/site-packages/airflow/example_dags/subdags/subdag.py for tasks to queue
[2025-06-20T14:54:08.673+0000] {logging_mixin.py:188} INFO - [2025-06-20T14:54:08.672+0000] {dagbag.py:540} INFO - Filling up the DagBag from /home/airflow/.local/lib/python3.12/site-packages/airflow/example_dags/subdags/subdag.py
[2025-06-20T14:54:08.675+0000] {processor.py:842} WARNING - No viable dags retrieved from /home/airflow/.local/lib/python3.12/site-packages/airflow/example_dags/subdags/subdag.py
[2025-06-20T14:54:08.688+0000] {processor.py:183} INFO - Processing /home/airflow/.local/lib/python3.12/site-packages/airflow/example_dags/subdags/subdag.py took 0.025 seconds
[2025-06-20T14:54:39.724+0000] {processor.py:161} INFO - Started process (PID=2386) to work on /home/airflow/.local/lib/python3.12/site-packages/airflow/example_dags/subdags/subdag.py
[2025-06-20T14:54:39.725+0000] {processor.py:830} INFO - Processing file /home/airflow/.local/lib/python3.12/site-packages/airflow/example_dags/subdags/subdag.py for tasks to queue
[2025-06-20T14:54:39.727+0000] {logging_mixin.py:188} INFO - [2025-06-20T14:54:39.726+0000] {dagbag.py:540} INFO - Filling up the DagBag from /home/airflow/.local/lib/python3.12/site-packages/airflow/example_dags/subdags/subdag.py
[2025-06-20T14:54:39.729+0000] {processor.py:842} WARNING - No viable dags retrieved from /home/airflow/.local/lib/python3.12/site-packages/airflow/example_dags/subdags/subdag.py
[2025-06-20T14:54:39.742+0000] {processor.py:183} INFO - Processing /home/airflow/.local/lib/python3.12/site-packages/airflow/example_dags/subdags/subdag.py took 0.024 seconds
[2025-06-20T14:55:09.944+0000] {processor.py:161} INFO - Started process (PID=2445) to work on /home/airflow/.local/lib/python3.12/site-packages/airflow/example_dags/subdags/subdag.py
[2025-06-20T14:55:09.945+0000] {processor.py:830} INFO - Processing file /home/airflow/.local/lib/python3.12/site-packages/airflow/example_dags/subdags/subdag.py for tasks to queue
[2025-06-20T14:55:09.947+0000] {logging_mixin.py:188} INFO - [2025-06-20T14:55:09.946+0000] {dagbag.py:540} INFO - Filling up the DagBag from /home/airflow/.local/lib/python3.12/site-packages/airflow/example_dags/subdags/subdag.py
[2025-06-20T14:55:09.949+0000] {processor.py:842} WARNING - No viable dags retrieved from /home/airflow/.local/lib/python3.12/site-packages/airflow/example_dags/subdags/subdag.py
[2025-06-20T14:55:09.962+0000] {processor.py:183} INFO - Processing /home/airflow/.local/lib/python3.12/site-packages/airflow/example_dags/subdags/subdag.py took 0.025 seconds
[2025-06-20T14:55:40.105+0000] {processor.py:161} INFO - Started process (PID=2504) to work on /home/airflow/.local/lib/python3.12/site-packages/airflow/example_dags/subdags/subdag.py
[2025-06-20T14:55:40.106+0000] {processor.py:830} INFO - Processing file /home/airflow/.local/lib/python3.12/site-packages/airflow/example_dags/subdags/subdag.py for tasks to queue
[2025-06-20T14:55:40.108+0000] {logging_mixin.py:188} INFO - [2025-06-20T14:55:40.108+0000] {dagbag.py:540} INFO - Filling up the DagBag from /home/airflow/.local/lib/python3.12/site-packages/airflow/example_dags/subdags/subdag.py
[2025-06-20T14:55:40.110+0000] {processor.py:842} WARNING - No viable dags retrieved from /home/airflow/.local/lib/python3.12/site-packages/airflow/example_dags/subdags/subdag.py
[2025-06-20T14:55:40.124+0000] {processor.py:183} INFO - Processing /home/airflow/.local/lib/python3.12/site-packages/airflow/example_dags/subdags/subdag.py took 0.025 seconds
[2025-06-20T14:56:10.484+0000] {processor.py:161} INFO - Started process (PID=2563) to work on /home/airflow/.local/lib/python3.12/site-packages/airflow/example_dags/subdags/subdag.py
[2025-06-20T14:56:10.485+0000] {processor.py:830} INFO - Processing file /home/airflow/.local/lib/python3.12/site-packages/airflow/example_dags/subdags/subdag.py for tasks to queue
[2025-06-20T14:56:10.486+0000] {logging_mixin.py:188} INFO - [2025-06-20T14:56:10.486+0000] {dagbag.py:540} INFO - Filling up the DagBag from /home/airflow/.local/lib/python3.12/site-packages/airflow/example_dags/subdags/subdag.py
[2025-06-20T14:56:10.489+0000] {processor.py:842} WARNING - No viable dags retrieved from /home/airflow/.local/lib/python3.12/site-packages/airflow/example_dags/subdags/subdag.py
[2025-06-20T14:56:10.503+0000] {processor.py:183} INFO - Processing /home/airflow/.local/lib/python3.12/site-packages/airflow/example_dags/subdags/subdag.py took 0.025 seconds
[2025-06-20T14:56:40.672+0000] {processor.py:161} INFO - Started process (PID=2622) to work on /home/airflow/.local/lib/python3.12/site-packages/airflow/example_dags/subdags/subdag.py
[2025-06-20T14:56:40.673+0000] {processor.py:830} INFO - Processing file /home/airflow/.local/lib/python3.12/site-packages/airflow/example_dags/subdags/subdag.py for tasks to queue
[2025-06-20T14:56:40.675+0000] {logging_mixin.py:188} INFO - [2025-06-20T14:56:40.675+0000] {dagbag.py:540} INFO - Filling up the DagBag from /home/airflow/.local/lib/python3.12/site-packages/airflow/example_dags/subdags/subdag.py
[2025-06-20T14:56:40.677+0000] {processor.py:842} WARNING - No viable dags retrieved from /home/airflow/.local/lib/python3.12/site-packages/airflow/example_dags/subdags/subdag.py
[2025-06-20T14:56:40.690+0000] {processor.py:183} INFO - Processing /home/airflow/.local/lib/python3.12/site-packages/airflow/example_dags/subdags/subdag.py took 0.024 seconds
[2025-06-20T14:57:10.918+0000] {processor.py:161} INFO - Started process (PID=2681) to work on /home/airflow/.local/lib/python3.12/site-packages/airflow/example_dags/subdags/subdag.py
[2025-06-20T14:57:10.919+0000] {processor.py:830} INFO - Processing file /home/airflow/.local/lib/python3.12/site-packages/airflow/example_dags/subdags/subdag.py for tasks to queue
[2025-06-20T14:57:10.920+0000] {logging_mixin.py:188} INFO - [2025-06-20T14:57:10.920+0000] {dagbag.py:540} INFO - Filling up the DagBag from /home/airflow/.local/lib/python3.12/site-packages/airflow/example_dags/subdags/subdag.py
[2025-06-20T14:57:10.922+0000] {processor.py:842} WARNING - No viable dags retrieved from /home/airflow/.local/lib/python3.12/site-packages/airflow/example_dags/subdags/subdag.py
[2025-06-20T14:57:10.936+0000] {processor.py:183} INFO - Processing /home/airflow/.local/lib/python3.12/site-packages/airflow/example_dags/subdags/subdag.py took 0.024 seconds
[2025-06-20T14:57:41.219+0000] {processor.py:161} INFO - Started process (PID=2740) to work on /home/airflow/.local/lib/python3.12/site-packages/airflow/example_dags/subdags/subdag.py
[2025-06-20T14:57:41.219+0000] {processor.py:830} INFO - Processing file /home/airflow/.local/lib/python3.12/site-packages/airflow/example_dags/subdags/subdag.py for tasks to queue
[2025-06-20T14:57:41.221+0000] {logging_mixin.py:188} INFO - [2025-06-20T14:57:41.221+0000] {dagbag.py:540} INFO - Filling up the DagBag from /home/airflow/.local/lib/python3.12/site-packages/airflow/example_dags/subdags/subdag.py
[2025-06-20T14:57:41.223+0000] {processor.py:842} WARNING - No viable dags retrieved from /home/airflow/.local/lib/python3.12/site-packages/airflow/example_dags/subdags/subdag.py
[2025-06-20T14:57:41.236+0000] {processor.py:183} INFO - Processing /home/airflow/.local/lib/python3.12/site-packages/airflow/example_dags/subdags/subdag.py took 0.023 seconds
[2025-06-20T14:58:11.418+0000] {processor.py:161} INFO - Started process (PID=2799) to work on /home/airflow/.local/lib/python3.12/site-packages/airflow/example_dags/subdags/subdag.py
[2025-06-20T14:58:11.419+0000] {processor.py:830} INFO - Processing file /home/airflow/.local/lib/python3.12/site-packages/airflow/example_dags/subdags/subdag.py for tasks to queue
[2025-06-20T14:58:11.421+0000] {logging_mixin.py:188} INFO - [2025-06-20T14:58:11.420+0000] {dagbag.py:540} INFO - Filling up the DagBag from /home/airflow/.local/lib/python3.12/site-packages/airflow/example_dags/subdags/subdag.py
[2025-06-20T14:58:11.423+0000] {processor.py:842} WARNING - No viable dags retrieved from /home/airflow/.local/lib/python3.12/site-packages/airflow/example_dags/subdags/subdag.py
[2025-06-20T14:58:11.435+0000] {processor.py:183} INFO - Processing /home/airflow/.local/lib/python3.12/site-packages/airflow/example_dags/subdags/subdag.py took 0.023 seconds
[2025-06-20T14:58:41.574+0000] {processor.py:161} INFO - Started process (PID=2858) to work on /home/airflow/.local/lib/python3.12/site-packages/airflow/example_dags/subdags/subdag.py
[2025-06-20T14:58:41.575+0000] {processor.py:830} INFO - Processing file /home/airflow/.local/lib/python3.12/site-packages/airflow/example_dags/subdags/subdag.py for tasks to queue
[2025-06-20T14:58:41.577+0000] {logging_mixin.py:188} INFO - [2025-06-20T14:58:41.577+0000] {dagbag.py:540} INFO - Filling up the DagBag from /home/airflow/.local/lib/python3.12/site-packages/airflow/example_dags/subdags/subdag.py
[2025-06-20T14:58:41.579+0000] {processor.py:842} WARNING - No viable dags retrieved from /home/airflow/.local/lib/python3.12/site-packages/airflow/example_dags/subdags/subdag.py
[2025-06-20T14:58:41.592+0000] {processor.py:183} INFO - Processing /home/airflow/.local/lib/python3.12/site-packages/airflow/example_dags/subdags/subdag.py took 0.023 seconds
[2025-06-20T14:59:11.803+0000] {processor.py:161} INFO - Started process (PID=2917) to work on /home/airflow/.local/lib/python3.12/site-packages/airflow/example_dags/subdags/subdag.py
[2025-06-20T14:59:11.804+0000] {processor.py:830} INFO - Processing file /home/airflow/.local/lib/python3.12/site-packages/airflow/example_dags/subdags/subdag.py for tasks to queue
[2025-06-20T14:59:11.806+0000] {logging_mixin.py:188} INFO - [2025-06-20T14:59:11.805+0000] {dagbag.py:540} INFO - Filling up the DagBag from /home/airflow/.local/lib/python3.12/site-packages/airflow/example_dags/subdags/subdag.py
[2025-06-20T14:59:11.808+0000] {processor.py:842} WARNING - No viable dags retrieved from /home/airflow/.local/lib/python3.12/site-packages/airflow/example_dags/subdags/subdag.py
[2025-06-20T14:59:11.821+0000] {processor.py:183} INFO - Processing /home/airflow/.local/lib/python3.12/site-packages/airflow/example_dags/subdags/subdag.py took 0.024 seconds
[2025-06-20T14:59:42.282+0000] {processor.py:161} INFO - Started process (PID=2976) to work on /home/airflow/.local/lib/python3.12/site-packages/airflow/example_dags/subdags/subdag.py
[2025-06-20T14:59:42.282+0000] {processor.py:830} INFO - Processing file /home/airflow/.local/lib/python3.12/site-packages/airflow/example_dags/subdags/subdag.py for tasks to queue
[2025-06-20T14:59:42.284+0000] {logging_mixin.py:188} INFO - [2025-06-20T14:59:42.284+0000] {dagbag.py:540} INFO - Filling up the DagBag from /home/airflow/.local/lib/python3.12/site-packages/airflow/example_dags/subdags/subdag.py
[2025-06-20T14:59:42.286+0000] {processor.py:842} WARNING - No viable dags retrieved from /home/airflow/.local/lib/python3.12/site-packages/airflow/example_dags/subdags/subdag.py
[2025-06-20T14:59:42.300+0000] {processor.py:183} INFO - Processing /home/airflow/.local/lib/python3.12/site-packages/airflow/example_dags/subdags/subdag.py took 0.024 seconds
[2025-06-20T15:00:12.752+0000] {processor.py:161} INFO - Started process (PID=3035) to work on /home/airflow/.local/lib/python3.12/site-packages/airflow/example_dags/subdags/subdag.py
[2025-06-20T15:00:12.753+0000] {processor.py:830} INFO - Processing file /home/airflow/.local/lib/python3.12/site-packages/airflow/example_dags/subdags/subdag.py for tasks to queue
[2025-06-20T15:00:12.755+0000] {logging_mixin.py:188} INFO - [2025-06-20T15:00:12.754+0000] {dagbag.py:540} INFO - Filling up the DagBag from /home/airflow/.local/lib/python3.12/site-packages/airflow/example_dags/subdags/subdag.py
[2025-06-20T15:00:12.757+0000] {processor.py:842} WARNING - No viable dags retrieved from /home/airflow/.local/lib/python3.12/site-packages/airflow/example_dags/subdags/subdag.py
[2025-06-20T15:00:12.772+0000] {processor.py:183} INFO - Processing /home/airflow/.local/lib/python3.12/site-packages/airflow/example_dags/subdags/subdag.py took 0.027 seconds
[2025-06-20T15:00:43.050+0000] {processor.py:161} INFO - Started process (PID=3093) to work on /home/airflow/.local/lib/python3.12/site-packages/airflow/example_dags/subdags/subdag.py
[2025-06-20T15:00:43.051+0000] {processor.py:830} INFO - Processing file /home/airflow/.local/lib/python3.12/site-packages/airflow/example_dags/subdags/subdag.py for tasks to queue
[2025-06-20T15:00:43.053+0000] {logging_mixin.py:188} INFO - [2025-06-20T15:00:43.052+0000] {dagbag.py:540} INFO - Filling up the DagBag from /home/airflow/.local/lib/python3.12/site-packages/airflow/example_dags/subdags/subdag.py
[2025-06-20T15:00:43.055+0000] {processor.py:842} WARNING - No viable dags retrieved from /home/airflow/.local/lib/python3.12/site-packages/airflow/example_dags/subdags/subdag.py
[2025-06-20T15:00:43.068+0000] {processor.py:183} INFO - Processing /home/airflow/.local/lib/python3.12/site-packages/airflow/example_dags/subdags/subdag.py took 0.026 seconds
[2025-06-20T15:01:13.272+0000] {processor.py:161} INFO - Started process (PID=3152) to work on /home/airflow/.local/lib/python3.12/site-packages/airflow/example_dags/subdags/subdag.py
[2025-06-20T15:01:13.273+0000] {processor.py:830} INFO - Processing file /home/airflow/.local/lib/python3.12/site-packages/airflow/example_dags/subdags/subdag.py for tasks to queue
[2025-06-20T15:01:13.275+0000] {logging_mixin.py:188} INFO - [2025-06-20T15:01:13.275+0000] {dagbag.py:540} INFO - Filling up the DagBag from /home/airflow/.local/lib/python3.12/site-packages/airflow/example_dags/subdags/subdag.py
[2025-06-20T15:01:13.277+0000] {processor.py:842} WARNING - No viable dags retrieved from /home/airflow/.local/lib/python3.12/site-packages/airflow/example_dags/subdags/subdag.py
[2025-06-20T15:01:13.291+0000] {processor.py:183} INFO - Processing /home/airflow/.local/lib/python3.12/site-packages/airflow/example_dags/subdags/subdag.py took 0.025 seconds
[2025-06-20T15:01:44.005+0000] {processor.py:161} INFO - Started process (PID=3212) to work on /home/airflow/.local/lib/python3.12/site-packages/airflow/example_dags/subdags/subdag.py
[2025-06-20T15:01:44.006+0000] {processor.py:830} INFO - Processing file /home/airflow/.local/lib/python3.12/site-packages/airflow/example_dags/subdags/subdag.py for tasks to queue
[2025-06-20T15:01:44.008+0000] {logging_mixin.py:188} INFO - [2025-06-20T15:01:44.008+0000] {dagbag.py:540} INFO - Filling up the DagBag from /home/airflow/.local/lib/python3.12/site-packages/airflow/example_dags/subdags/subdag.py
[2025-06-20T15:01:44.010+0000] {processor.py:842} WARNING - No viable dags retrieved from /home/airflow/.local/lib/python3.12/site-packages/airflow/example_dags/subdags/subdag.py
[2025-06-20T15:01:44.024+0000] {processor.py:183} INFO - Processing /home/airflow/.local/lib/python3.12/site-packages/airflow/example_dags/subdags/subdag.py took 0.026 seconds
[2025-06-20T15:02:14.726+0000] {processor.py:161} INFO - Started process (PID=3271) to work on /home/airflow/.local/lib/python3.12/site-packages/airflow/example_dags/subdags/subdag.py
[2025-06-20T15:02:14.727+0000] {processor.py:830} INFO - Processing file /home/airflow/.local/lib/python3.12/site-packages/airflow/example_dags/subdags/subdag.py for tasks to queue
[2025-06-20T15:02:14.729+0000] {logging_mixin.py:188} INFO - [2025-06-20T15:02:14.728+0000] {dagbag.py:540} INFO - Filling up the DagBag from /home/airflow/.local/lib/python3.12/site-packages/airflow/example_dags/subdags/subdag.py
[2025-06-20T15:02:14.731+0000] {processor.py:842} WARNING - No viable dags retrieved from /home/airflow/.local/lib/python3.12/site-packages/airflow/example_dags/subdags/subdag.py
[2025-06-20T15:02:14.744+0000] {processor.py:183} INFO - Processing /home/airflow/.local/lib/python3.12/site-packages/airflow/example_dags/subdags/subdag.py took 0.024 seconds
[2025-06-20T15:02:45.447+0000] {processor.py:161} INFO - Started process (PID=3330) to work on /home/airflow/.local/lib/python3.12/site-packages/airflow/example_dags/subdags/subdag.py
[2025-06-20T15:02:45.448+0000] {processor.py:830} INFO - Processing file /home/airflow/.local/lib/python3.12/site-packages/airflow/example_dags/subdags/subdag.py for tasks to queue
[2025-06-20T15:02:45.450+0000] {logging_mixin.py:188} INFO - [2025-06-20T15:02:45.449+0000] {dagbag.py:540} INFO - Filling up the DagBag from /home/airflow/.local/lib/python3.12/site-packages/airflow/example_dags/subdags/subdag.py
[2025-06-20T15:02:45.452+0000] {processor.py:842} WARNING - No viable dags retrieved from /home/airflow/.local/lib/python3.12/site-packages/airflow/example_dags/subdags/subdag.py
[2025-06-20T15:02:45.466+0000] {processor.py:183} INFO - Processing /home/airflow/.local/lib/python3.12/site-packages/airflow/example_dags/subdags/subdag.py took 0.026 seconds
[2025-06-20T15:03:16.126+0000] {processor.py:161} INFO - Started process (PID=3389) to work on /home/airflow/.local/lib/python3.12/site-packages/airflow/example_dags/subdags/subdag.py
[2025-06-20T15:03:16.128+0000] {processor.py:830} INFO - Processing file /home/airflow/.local/lib/python3.12/site-packages/airflow/example_dags/subdags/subdag.py for tasks to queue
[2025-06-20T15:03:16.130+0000] {logging_mixin.py:188} INFO - [2025-06-20T15:03:16.129+0000] {dagbag.py:540} INFO - Filling up the DagBag from /home/airflow/.local/lib/python3.12/site-packages/airflow/example_dags/subdags/subdag.py
[2025-06-20T15:03:16.132+0000] {processor.py:842} WARNING - No viable dags retrieved from /home/airflow/.local/lib/python3.12/site-packages/airflow/example_dags/subdags/subdag.py
[2025-06-20T15:03:16.145+0000] {processor.py:183} INFO - Processing /home/airflow/.local/lib/python3.12/site-packages/airflow/example_dags/subdags/subdag.py took 0.026 seconds
[2025-06-20T15:03:46.579+0000] {processor.py:161} INFO - Started process (PID=3448) to work on /home/airflow/.local/lib/python3.12/site-packages/airflow/example_dags/subdags/subdag.py
[2025-06-20T15:03:46.580+0000] {processor.py:830} INFO - Processing file /home/airflow/.local/lib/python3.12/site-packages/airflow/example_dags/subdags/subdag.py for tasks to queue
[2025-06-20T15:03:46.581+0000] {logging_mixin.py:188} INFO - [2025-06-20T15:03:46.581+0000] {dagbag.py:540} INFO - Filling up the DagBag from /home/airflow/.local/lib/python3.12/site-packages/airflow/example_dags/subdags/subdag.py
[2025-06-20T15:03:46.583+0000] {processor.py:842} WARNING - No viable dags retrieved from /home/airflow/.local/lib/python3.12/site-packages/airflow/example_dags/subdags/subdag.py
[2025-06-20T15:03:46.596+0000] {processor.py:183} INFO - Processing /home/airflow/.local/lib/python3.12/site-packages/airflow/example_dags/subdags/subdag.py took 0.023 seconds
[2025-06-20T15:04:17.323+0000] {processor.py:161} INFO - Started process (PID=3505) to work on /home/airflow/.local/lib/python3.12/site-packages/airflow/example_dags/subdags/subdag.py
[2025-06-20T15:04:17.324+0000] {processor.py:830} INFO - Processing file /home/airflow/.local/lib/python3.12/site-packages/airflow/example_dags/subdags/subdag.py for tasks to queue
[2025-06-20T15:04:17.326+0000] {logging_mixin.py:188} INFO - [2025-06-20T15:04:17.326+0000] {dagbag.py:540} INFO - Filling up the DagBag from /home/airflow/.local/lib/python3.12/site-packages/airflow/example_dags/subdags/subdag.py
[2025-06-20T15:04:17.328+0000] {processor.py:842} WARNING - No viable dags retrieved from /home/airflow/.local/lib/python3.12/site-packages/airflow/example_dags/subdags/subdag.py
[2025-06-20T15:04:17.342+0000] {processor.py:183} INFO - Processing /home/airflow/.local/lib/python3.12/site-packages/airflow/example_dags/subdags/subdag.py took 0.025 seconds
[2025-06-20T15:04:48.171+0000] {processor.py:161} INFO - Started process (PID=3564) to work on /home/airflow/.local/lib/python3.12/site-packages/airflow/example_dags/subdags/subdag.py
[2025-06-20T15:04:48.172+0000] {processor.py:830} INFO - Processing file /home/airflow/.local/lib/python3.12/site-packages/airflow/example_dags/subdags/subdag.py for tasks to queue
[2025-06-20T15:04:48.174+0000] {logging_mixin.py:188} INFO - [2025-06-20T15:04:48.174+0000] {dagbag.py:540} INFO - Filling up the DagBag from /home/airflow/.local/lib/python3.12/site-packages/airflow/example_dags/subdags/subdag.py
[2025-06-20T15:04:48.176+0000] {processor.py:842} WARNING - No viable dags retrieved from /home/airflow/.local/lib/python3.12/site-packages/airflow/example_dags/subdags/subdag.py
[2025-06-20T15:04:48.189+0000] {processor.py:183} INFO - Processing /home/airflow/.local/lib/python3.12/site-packages/airflow/example_dags/subdags/subdag.py took 0.024 seconds
[2025-06-20T15:05:18.438+0000] {processor.py:161} INFO - Started process (PID=3623) to work on /home/airflow/.local/lib/python3.12/site-packages/airflow/example_dags/subdags/subdag.py
[2025-06-20T15:05:18.439+0000] {processor.py:830} INFO - Processing file /home/airflow/.local/lib/python3.12/site-packages/airflow/example_dags/subdags/subdag.py for tasks to queue
[2025-06-20T15:05:18.441+0000] {logging_mixin.py:188} INFO - [2025-06-20T15:05:18.440+0000] {dagbag.py:540} INFO - Filling up the DagBag from /home/airflow/.local/lib/python3.12/site-packages/airflow/example_dags/subdags/subdag.py
[2025-06-20T15:05:18.443+0000] {processor.py:842} WARNING - No viable dags retrieved from /home/airflow/.local/lib/python3.12/site-packages/airflow/example_dags/subdags/subdag.py
[2025-06-20T15:05:18.456+0000] {processor.py:183} INFO - Processing /home/airflow/.local/lib/python3.12/site-packages/airflow/example_dags/subdags/subdag.py took 0.024 seconds
[2025-06-20T15:05:48.735+0000] {processor.py:161} INFO - Started process (PID=3682) to work on /home/airflow/.local/lib/python3.12/site-packages/airflow/example_dags/subdags/subdag.py
[2025-06-20T15:05:48.736+0000] {processor.py:830} INFO - Processing file /home/airflow/.local/lib/python3.12/site-packages/airflow/example_dags/subdags/subdag.py for tasks to queue
[2025-06-20T15:05:48.738+0000] {logging_mixin.py:188} INFO - [2025-06-20T15:05:48.737+0000] {dagbag.py:540} INFO - Filling up the DagBag from /home/airflow/.local/lib/python3.12/site-packages/airflow/example_dags/subdags/subdag.py
[2025-06-20T15:05:48.740+0000] {processor.py:842} WARNING - No viable dags retrieved from /home/airflow/.local/lib/python3.12/site-packages/airflow/example_dags/subdags/subdag.py
[2025-06-20T15:05:48.753+0000] {processor.py:183} INFO - Processing /home/airflow/.local/lib/python3.12/site-packages/airflow/example_dags/subdags/subdag.py took 0.024 seconds
[2025-06-20T15:06:19.054+0000] {processor.py:161} INFO - Started process (PID=3741) to work on /home/airflow/.local/lib/python3.12/site-packages/airflow/example_dags/subdags/subdag.py
[2025-06-20T15:06:19.055+0000] {processor.py:830} INFO - Processing file /home/airflow/.local/lib/python3.12/site-packages/airflow/example_dags/subdags/subdag.py for tasks to queue
[2025-06-20T15:06:19.057+0000] {logging_mixin.py:188} INFO - [2025-06-20T15:06:19.057+0000] {dagbag.py:540} INFO - Filling up the DagBag from /home/airflow/.local/lib/python3.12/site-packages/airflow/example_dags/subdags/subdag.py
[2025-06-20T15:06:19.060+0000] {processor.py:842} WARNING - No viable dags retrieved from /home/airflow/.local/lib/python3.12/site-packages/airflow/example_dags/subdags/subdag.py
[2025-06-20T15:06:19.075+0000] {processor.py:183} INFO - Processing /home/airflow/.local/lib/python3.12/site-packages/airflow/example_dags/subdags/subdag.py took 0.028 seconds
[2025-06-20T15:06:49.287+0000] {processor.py:161} INFO - Started process (PID=3800) to work on /home/airflow/.local/lib/python3.12/site-packages/airflow/example_dags/subdags/subdag.py
[2025-06-20T15:06:49.288+0000] {processor.py:830} INFO - Processing file /home/airflow/.local/lib/python3.12/site-packages/airflow/example_dags/subdags/subdag.py for tasks to queue
[2025-06-20T15:06:49.290+0000] {logging_mixin.py:188} INFO - [2025-06-20T15:06:49.290+0000] {dagbag.py:540} INFO - Filling up the DagBag from /home/airflow/.local/lib/python3.12/site-packages/airflow/example_dags/subdags/subdag.py
[2025-06-20T15:06:49.292+0000] {processor.py:842} WARNING - No viable dags retrieved from /home/airflow/.local/lib/python3.12/site-packages/airflow/example_dags/subdags/subdag.py
[2025-06-20T15:06:49.305+0000] {processor.py:183} INFO - Processing /home/airflow/.local/lib/python3.12/site-packages/airflow/example_dags/subdags/subdag.py took 0.024 seconds
[2025-06-20T15:07:19.553+0000] {processor.py:161} INFO - Started process (PID=3859) to work on /home/airflow/.local/lib/python3.12/site-packages/airflow/example_dags/subdags/subdag.py
[2025-06-20T15:07:19.554+0000] {processor.py:830} INFO - Processing file /home/airflow/.local/lib/python3.12/site-packages/airflow/example_dags/subdags/subdag.py for tasks to queue
[2025-06-20T15:07:19.556+0000] {logging_mixin.py:188} INFO - [2025-06-20T15:07:19.556+0000] {dagbag.py:540} INFO - Filling up the DagBag from /home/airflow/.local/lib/python3.12/site-packages/airflow/example_dags/subdags/subdag.py
[2025-06-20T15:07:19.558+0000] {processor.py:842} WARNING - No viable dags retrieved from /home/airflow/.local/lib/python3.12/site-packages/airflow/example_dags/subdags/subdag.py
[2025-06-20T15:07:19.572+0000] {processor.py:183} INFO - Processing /home/airflow/.local/lib/python3.12/site-packages/airflow/example_dags/subdags/subdag.py took 0.025 seconds
[2025-06-20T15:07:49.804+0000] {processor.py:161} INFO - Started process (PID=3918) to work on /home/airflow/.local/lib/python3.12/site-packages/airflow/example_dags/subdags/subdag.py
[2025-06-20T15:07:49.805+0000] {processor.py:830} INFO - Processing file /home/airflow/.local/lib/python3.12/site-packages/airflow/example_dags/subdags/subdag.py for tasks to queue
[2025-06-20T15:07:49.807+0000] {logging_mixin.py:188} INFO - [2025-06-20T15:07:49.806+0000] {dagbag.py:540} INFO - Filling up the DagBag from /home/airflow/.local/lib/python3.12/site-packages/airflow/example_dags/subdags/subdag.py
[2025-06-20T15:07:49.809+0000] {processor.py:842} WARNING - No viable dags retrieved from /home/airflow/.local/lib/python3.12/site-packages/airflow/example_dags/subdags/subdag.py
[2025-06-20T15:07:49.822+0000] {processor.py:183} INFO - Processing /home/airflow/.local/lib/python3.12/site-packages/airflow/example_dags/subdags/subdag.py took 0.024 seconds
[2025-06-20T15:08:20.184+0000] {processor.py:161} INFO - Started process (PID=3977) to work on /home/airflow/.local/lib/python3.12/site-packages/airflow/example_dags/subdags/subdag.py
[2025-06-20T15:08:20.185+0000] {processor.py:830} INFO - Processing file /home/airflow/.local/lib/python3.12/site-packages/airflow/example_dags/subdags/subdag.py for tasks to queue
[2025-06-20T15:08:20.187+0000] {logging_mixin.py:188} INFO - [2025-06-20T15:08:20.186+0000] {dagbag.py:540} INFO - Filling up the DagBag from /home/airflow/.local/lib/python3.12/site-packages/airflow/example_dags/subdags/subdag.py
[2025-06-20T15:08:20.189+0000] {processor.py:842} WARNING - No viable dags retrieved from /home/airflow/.local/lib/python3.12/site-packages/airflow/example_dags/subdags/subdag.py
[2025-06-20T15:08:20.202+0000] {processor.py:183} INFO - Processing /home/airflow/.local/lib/python3.12/site-packages/airflow/example_dags/subdags/subdag.py took 0.025 seconds
[2025-06-20T15:08:51.152+0000] {processor.py:161} INFO - Started process (PID=4036) to work on /home/airflow/.local/lib/python3.12/site-packages/airflow/example_dags/subdags/subdag.py
[2025-06-20T15:08:51.153+0000] {processor.py:830} INFO - Processing file /home/airflow/.local/lib/python3.12/site-packages/airflow/example_dags/subdags/subdag.py for tasks to queue
[2025-06-20T15:08:51.155+0000] {logging_mixin.py:188} INFO - [2025-06-20T15:08:51.154+0000] {dagbag.py:540} INFO - Filling up the DagBag from /home/airflow/.local/lib/python3.12/site-packages/airflow/example_dags/subdags/subdag.py
[2025-06-20T15:08:51.157+0000] {processor.py:842} WARNING - No viable dags retrieved from /home/airflow/.local/lib/python3.12/site-packages/airflow/example_dags/subdags/subdag.py
[2025-06-20T15:08:51.171+0000] {processor.py:183} INFO - Processing /home/airflow/.local/lib/python3.12/site-packages/airflow/example_dags/subdags/subdag.py took 0.025 seconds
[2025-06-20T15:09:21.298+0000] {processor.py:161} INFO - Started process (PID=4095) to work on /home/airflow/.local/lib/python3.12/site-packages/airflow/example_dags/subdags/subdag.py
[2025-06-20T15:09:21.299+0000] {processor.py:830} INFO - Processing file /home/airflow/.local/lib/python3.12/site-packages/airflow/example_dags/subdags/subdag.py for tasks to queue
[2025-06-20T15:09:21.301+0000] {logging_mixin.py:188} INFO - [2025-06-20T15:09:21.301+0000] {dagbag.py:540} INFO - Filling up the DagBag from /home/airflow/.local/lib/python3.12/site-packages/airflow/example_dags/subdags/subdag.py
[2025-06-20T15:09:21.303+0000] {processor.py:842} WARNING - No viable dags retrieved from /home/airflow/.local/lib/python3.12/site-packages/airflow/example_dags/subdags/subdag.py
[2025-06-20T15:09:21.316+0000] {processor.py:183} INFO - Processing /home/airflow/.local/lib/python3.12/site-packages/airflow/example_dags/subdags/subdag.py took 0.024 seconds
[2025-06-20T15:09:51.541+0000] {processor.py:161} INFO - Started process (PID=4154) to work on /home/airflow/.local/lib/python3.12/site-packages/airflow/example_dags/subdags/subdag.py
[2025-06-20T15:09:51.542+0000] {processor.py:830} INFO - Processing file /home/airflow/.local/lib/python3.12/site-packages/airflow/example_dags/subdags/subdag.py for tasks to queue
[2025-06-20T15:09:51.544+0000] {logging_mixin.py:188} INFO - [2025-06-20T15:09:51.544+0000] {dagbag.py:540} INFO - Filling up the DagBag from /home/airflow/.local/lib/python3.12/site-packages/airflow/example_dags/subdags/subdag.py
[2025-06-20T15:09:51.546+0000] {processor.py:842} WARNING - No viable dags retrieved from /home/airflow/.local/lib/python3.12/site-packages/airflow/example_dags/subdags/subdag.py
[2025-06-20T15:09:51.560+0000] {processor.py:183} INFO - Processing /home/airflow/.local/lib/python3.12/site-packages/airflow/example_dags/subdags/subdag.py took 0.025 seconds
[2025-06-20T15:10:21.716+0000] {processor.py:161} INFO - Started process (PID=4213) to work on /home/airflow/.local/lib/python3.12/site-packages/airflow/example_dags/subdags/subdag.py
[2025-06-20T15:10:21.717+0000] {processor.py:830} INFO - Processing file /home/airflow/.local/lib/python3.12/site-packages/airflow/example_dags/subdags/subdag.py for tasks to queue
[2025-06-20T15:10:21.719+0000] {logging_mixin.py:188} INFO - [2025-06-20T15:10:21.719+0000] {dagbag.py:540} INFO - Filling up the DagBag from /home/airflow/.local/lib/python3.12/site-packages/airflow/example_dags/subdags/subdag.py
[2025-06-20T15:10:21.721+0000] {processor.py:842} WARNING - No viable dags retrieved from /home/airflow/.local/lib/python3.12/site-packages/airflow/example_dags/subdags/subdag.py
[2025-06-20T15:10:21.734+0000] {processor.py:183} INFO - Processing /home/airflow/.local/lib/python3.12/site-packages/airflow/example_dags/subdags/subdag.py took 0.024 seconds
[2025-06-20T15:10:52.550+0000] {processor.py:161} INFO - Started process (PID=4272) to work on /home/airflow/.local/lib/python3.12/site-packages/airflow/example_dags/subdags/subdag.py
[2025-06-20T15:10:52.551+0000] {processor.py:830} INFO - Processing file /home/airflow/.local/lib/python3.12/site-packages/airflow/example_dags/subdags/subdag.py for tasks to queue
[2025-06-20T15:10:52.553+0000] {logging_mixin.py:188} INFO - [2025-06-20T15:10:52.553+0000] {dagbag.py:540} INFO - Filling up the DagBag from /home/airflow/.local/lib/python3.12/site-packages/airflow/example_dags/subdags/subdag.py
[2025-06-20T15:10:52.555+0000] {processor.py:842} WARNING - No viable dags retrieved from /home/airflow/.local/lib/python3.12/site-packages/airflow/example_dags/subdags/subdag.py
[2025-06-20T15:10:52.570+0000] {processor.py:183} INFO - Processing /home/airflow/.local/lib/python3.12/site-packages/airflow/example_dags/subdags/subdag.py took 0.026 seconds
[2025-06-20T15:11:23.387+0000] {processor.py:161} INFO - Started process (PID=4331) to work on /home/airflow/.local/lib/python3.12/site-packages/airflow/example_dags/subdags/subdag.py
[2025-06-20T15:11:23.388+0000] {processor.py:830} INFO - Processing file /home/airflow/.local/lib/python3.12/site-packages/airflow/example_dags/subdags/subdag.py for tasks to queue
[2025-06-20T15:11:23.390+0000] {logging_mixin.py:188} INFO - [2025-06-20T15:11:23.390+0000] {dagbag.py:540} INFO - Filling up the DagBag from /home/airflow/.local/lib/python3.12/site-packages/airflow/example_dags/subdags/subdag.py
[2025-06-20T15:11:23.393+0000] {processor.py:842} WARNING - No viable dags retrieved from /home/airflow/.local/lib/python3.12/site-packages/airflow/example_dags/subdags/subdag.py
[2025-06-20T15:11:23.406+0000] {processor.py:183} INFO - Processing /home/airflow/.local/lib/python3.12/site-packages/airflow/example_dags/subdags/subdag.py took 0.025 seconds
[2025-06-20T15:11:53.739+0000] {processor.py:161} INFO - Started process (PID=4390) to work on /home/airflow/.local/lib/python3.12/site-packages/airflow/example_dags/subdags/subdag.py
[2025-06-20T15:11:53.740+0000] {processor.py:830} INFO - Processing file /home/airflow/.local/lib/python3.12/site-packages/airflow/example_dags/subdags/subdag.py for tasks to queue
[2025-06-20T15:11:53.742+0000] {logging_mixin.py:188} INFO - [2025-06-20T15:11:53.742+0000] {dagbag.py:540} INFO - Filling up the DagBag from /home/airflow/.local/lib/python3.12/site-packages/airflow/example_dags/subdags/subdag.py
[2025-06-20T15:11:53.744+0000] {processor.py:842} WARNING - No viable dags retrieved from /home/airflow/.local/lib/python3.12/site-packages/airflow/example_dags/subdags/subdag.py
[2025-06-20T15:11:53.758+0000] {processor.py:183} INFO - Processing /home/airflow/.local/lib/python3.12/site-packages/airflow/example_dags/subdags/subdag.py took 0.026 seconds
[2025-06-20T15:12:23.886+0000] {processor.py:161} INFO - Started process (PID=4455) to work on /home/airflow/.local/lib/python3.12/site-packages/airflow/example_dags/subdags/subdag.py
[2025-06-20T15:12:23.887+0000] {processor.py:830} INFO - Processing file /home/airflow/.local/lib/python3.12/site-packages/airflow/example_dags/subdags/subdag.py for tasks to queue
[2025-06-20T15:12:23.889+0000] {logging_mixin.py:188} INFO - [2025-06-20T15:12:23.888+0000] {dagbag.py:540} INFO - Filling up the DagBag from /home/airflow/.local/lib/python3.12/site-packages/airflow/example_dags/subdags/subdag.py
[2025-06-20T15:12:23.891+0000] {processor.py:842} WARNING - No viable dags retrieved from /home/airflow/.local/lib/python3.12/site-packages/airflow/example_dags/subdags/subdag.py
[2025-06-20T15:12:23.904+0000] {processor.py:183} INFO - Processing /home/airflow/.local/lib/python3.12/site-packages/airflow/example_dags/subdags/subdag.py took 0.024 seconds
[2025-06-20T15:12:54.741+0000] {processor.py:161} INFO - Started process (PID=4514) to work on /home/airflow/.local/lib/python3.12/site-packages/airflow/example_dags/subdags/subdag.py
[2025-06-20T15:12:54.742+0000] {processor.py:830} INFO - Processing file /home/airflow/.local/lib/python3.12/site-packages/airflow/example_dags/subdags/subdag.py for tasks to queue
[2025-06-20T15:12:54.743+0000] {logging_mixin.py:188} INFO - [2025-06-20T15:12:54.743+0000] {dagbag.py:540} INFO - Filling up the DagBag from /home/airflow/.local/lib/python3.12/site-packages/airflow/example_dags/subdags/subdag.py
[2025-06-20T15:12:54.745+0000] {processor.py:842} WARNING - No viable dags retrieved from /home/airflow/.local/lib/python3.12/site-packages/airflow/example_dags/subdags/subdag.py
[2025-06-20T15:12:54.758+0000] {processor.py:183} INFO - Processing /home/airflow/.local/lib/python3.12/site-packages/airflow/example_dags/subdags/subdag.py took 0.024 seconds
[2025-06-20T15:13:24.909+0000] {processor.py:161} INFO - Started process (PID=4573) to work on /home/airflow/.local/lib/python3.12/site-packages/airflow/example_dags/subdags/subdag.py
[2025-06-20T15:13:24.910+0000] {processor.py:830} INFO - Processing file /home/airflow/.local/lib/python3.12/site-packages/airflow/example_dags/subdags/subdag.py for tasks to queue
[2025-06-20T15:13:24.912+0000] {logging_mixin.py:188} INFO - [2025-06-20T15:13:24.912+0000] {dagbag.py:540} INFO - Filling up the DagBag from /home/airflow/.local/lib/python3.12/site-packages/airflow/example_dags/subdags/subdag.py
[2025-06-20T15:13:24.914+0000] {processor.py:842} WARNING - No viable dags retrieved from /home/airflow/.local/lib/python3.12/site-packages/airflow/example_dags/subdags/subdag.py
[2025-06-20T15:13:24.927+0000] {processor.py:183} INFO - Processing /home/airflow/.local/lib/python3.12/site-packages/airflow/example_dags/subdags/subdag.py took 0.024 seconds
[2025-06-20T15:13:55.173+0000] {processor.py:161} INFO - Started process (PID=4632) to work on /home/airflow/.local/lib/python3.12/site-packages/airflow/example_dags/subdags/subdag.py
[2025-06-20T15:13:55.174+0000] {processor.py:830} INFO - Processing file /home/airflow/.local/lib/python3.12/site-packages/airflow/example_dags/subdags/subdag.py for tasks to queue
[2025-06-20T15:13:55.176+0000] {logging_mixin.py:188} INFO - [2025-06-20T15:13:55.176+0000] {dagbag.py:540} INFO - Filling up the DagBag from /home/airflow/.local/lib/python3.12/site-packages/airflow/example_dags/subdags/subdag.py
[2025-06-20T15:13:55.178+0000] {processor.py:842} WARNING - No viable dags retrieved from /home/airflow/.local/lib/python3.12/site-packages/airflow/example_dags/subdags/subdag.py
[2025-06-20T15:13:55.192+0000] {processor.py:183} INFO - Processing /home/airflow/.local/lib/python3.12/site-packages/airflow/example_dags/subdags/subdag.py took 0.025 seconds
[2025-06-20T15:14:25.443+0000] {processor.py:161} INFO - Started process (PID=4691) to work on /home/airflow/.local/lib/python3.12/site-packages/airflow/example_dags/subdags/subdag.py
[2025-06-20T15:14:25.444+0000] {processor.py:830} INFO - Processing file /home/airflow/.local/lib/python3.12/site-packages/airflow/example_dags/subdags/subdag.py for tasks to queue
[2025-06-20T15:14:25.446+0000] {logging_mixin.py:188} INFO - [2025-06-20T15:14:25.445+0000] {dagbag.py:540} INFO - Filling up the DagBag from /home/airflow/.local/lib/python3.12/site-packages/airflow/example_dags/subdags/subdag.py
[2025-06-20T15:14:25.448+0000] {processor.py:842} WARNING - No viable dags retrieved from /home/airflow/.local/lib/python3.12/site-packages/airflow/example_dags/subdags/subdag.py
[2025-06-20T15:14:25.460+0000] {processor.py:183} INFO - Processing /home/airflow/.local/lib/python3.12/site-packages/airflow/example_dags/subdags/subdag.py took 0.023 seconds
[2025-06-20T15:14:55.785+0000] {processor.py:161} INFO - Started process (PID=4750) to work on /home/airflow/.local/lib/python3.12/site-packages/airflow/example_dags/subdags/subdag.py
[2025-06-20T15:14:55.786+0000] {processor.py:830} INFO - Processing file /home/airflow/.local/lib/python3.12/site-packages/airflow/example_dags/subdags/subdag.py for tasks to queue
[2025-06-20T15:14:55.789+0000] {logging_mixin.py:188} INFO - [2025-06-20T15:14:55.788+0000] {dagbag.py:540} INFO - Filling up the DagBag from /home/airflow/.local/lib/python3.12/site-packages/airflow/example_dags/subdags/subdag.py
[2025-06-20T15:14:55.792+0000] {processor.py:842} WARNING - No viable dags retrieved from /home/airflow/.local/lib/python3.12/site-packages/airflow/example_dags/subdags/subdag.py
[2025-06-20T15:14:55.811+0000] {processor.py:183} INFO - Processing /home/airflow/.local/lib/python3.12/site-packages/airflow/example_dags/subdags/subdag.py took 0.035 seconds
[2025-06-20T15:15:26.040+0000] {processor.py:161} INFO - Started process (PID=4809) to work on /home/airflow/.local/lib/python3.12/site-packages/airflow/example_dags/subdags/subdag.py
[2025-06-20T15:15:26.041+0000] {processor.py:830} INFO - Processing file /home/airflow/.local/lib/python3.12/site-packages/airflow/example_dags/subdags/subdag.py for tasks to queue
[2025-06-20T15:15:26.042+0000] {logging_mixin.py:188} INFO - [2025-06-20T15:15:26.042+0000] {dagbag.py:540} INFO - Filling up the DagBag from /home/airflow/.local/lib/python3.12/site-packages/airflow/example_dags/subdags/subdag.py
[2025-06-20T15:15:26.044+0000] {processor.py:842} WARNING - No viable dags retrieved from /home/airflow/.local/lib/python3.12/site-packages/airflow/example_dags/subdags/subdag.py
[2025-06-20T15:15:26.058+0000] {processor.py:183} INFO - Processing /home/airflow/.local/lib/python3.12/site-packages/airflow/example_dags/subdags/subdag.py took 0.025 seconds
[2025-06-20T15:15:56.602+0000] {processor.py:161} INFO - Started process (PID=4868) to work on /home/airflow/.local/lib/python3.12/site-packages/airflow/example_dags/subdags/subdag.py
[2025-06-20T15:15:56.603+0000] {processor.py:830} INFO - Processing file /home/airflow/.local/lib/python3.12/site-packages/airflow/example_dags/subdags/subdag.py for tasks to queue
[2025-06-20T15:15:56.605+0000] {logging_mixin.py:188} INFO - [2025-06-20T15:15:56.605+0000] {dagbag.py:540} INFO - Filling up the DagBag from /home/airflow/.local/lib/python3.12/site-packages/airflow/example_dags/subdags/subdag.py
[2025-06-20T15:15:56.607+0000] {processor.py:842} WARNING - No viable dags retrieved from /home/airflow/.local/lib/python3.12/site-packages/airflow/example_dags/subdags/subdag.py
[2025-06-20T15:15:56.620+0000] {processor.py:183} INFO - Processing /home/airflow/.local/lib/python3.12/site-packages/airflow/example_dags/subdags/subdag.py took 0.024 seconds
[2025-06-20T15:16:27.402+0000] {processor.py:161} INFO - Started process (PID=4927) to work on /home/airflow/.local/lib/python3.12/site-packages/airflow/example_dags/subdags/subdag.py
[2025-06-20T15:16:27.403+0000] {processor.py:830} INFO - Processing file /home/airflow/.local/lib/python3.12/site-packages/airflow/example_dags/subdags/subdag.py for tasks to queue
[2025-06-20T15:16:27.405+0000] {logging_mixin.py:188} INFO - [2025-06-20T15:16:27.405+0000] {dagbag.py:540} INFO - Filling up the DagBag from /home/airflow/.local/lib/python3.12/site-packages/airflow/example_dags/subdags/subdag.py
[2025-06-20T15:16:27.407+0000] {processor.py:842} WARNING - No viable dags retrieved from /home/airflow/.local/lib/python3.12/site-packages/airflow/example_dags/subdags/subdag.py
[2025-06-20T15:16:27.420+0000] {processor.py:183} INFO - Processing /home/airflow/.local/lib/python3.12/site-packages/airflow/example_dags/subdags/subdag.py took 0.025 seconds
[2025-06-20T15:16:58.338+0000] {processor.py:161} INFO - Started process (PID=4986) to work on /home/airflow/.local/lib/python3.12/site-packages/airflow/example_dags/subdags/subdag.py
[2025-06-20T15:16:58.339+0000] {processor.py:830} INFO - Processing file /home/airflow/.local/lib/python3.12/site-packages/airflow/example_dags/subdags/subdag.py for tasks to queue
[2025-06-20T15:16:58.341+0000] {logging_mixin.py:188} INFO - [2025-06-20T15:16:58.341+0000] {dagbag.py:540} INFO - Filling up the DagBag from /home/airflow/.local/lib/python3.12/site-packages/airflow/example_dags/subdags/subdag.py
[2025-06-20T15:16:58.344+0000] {processor.py:842} WARNING - No viable dags retrieved from /home/airflow/.local/lib/python3.12/site-packages/airflow/example_dags/subdags/subdag.py
[2025-06-20T15:16:58.357+0000] {processor.py:183} INFO - Processing /home/airflow/.local/lib/python3.12/site-packages/airflow/example_dags/subdags/subdag.py took 0.026 seconds
[2025-06-20T15:17:28.570+0000] {processor.py:161} INFO - Started process (PID=5045) to work on /home/airflow/.local/lib/python3.12/site-packages/airflow/example_dags/subdags/subdag.py
[2025-06-20T15:17:28.571+0000] {processor.py:830} INFO - Processing file /home/airflow/.local/lib/python3.12/site-packages/airflow/example_dags/subdags/subdag.py for tasks to queue
[2025-06-20T15:17:28.573+0000] {logging_mixin.py:188} INFO - [2025-06-20T15:17:28.573+0000] {dagbag.py:540} INFO - Filling up the DagBag from /home/airflow/.local/lib/python3.12/site-packages/airflow/example_dags/subdags/subdag.py
[2025-06-20T15:17:28.575+0000] {processor.py:842} WARNING - No viable dags retrieved from /home/airflow/.local/lib/python3.12/site-packages/airflow/example_dags/subdags/subdag.py
[2025-06-20T15:17:28.589+0000] {processor.py:183} INFO - Processing /home/airflow/.local/lib/python3.12/site-packages/airflow/example_dags/subdags/subdag.py took 0.025 seconds
[2025-06-20T15:17:58.825+0000] {processor.py:161} INFO - Started process (PID=5104) to work on /home/airflow/.local/lib/python3.12/site-packages/airflow/example_dags/subdags/subdag.py
[2025-06-20T15:17:58.826+0000] {processor.py:830} INFO - Processing file /home/airflow/.local/lib/python3.12/site-packages/airflow/example_dags/subdags/subdag.py for tasks to queue
[2025-06-20T15:17:58.828+0000] {logging_mixin.py:188} INFO - [2025-06-20T15:17:58.828+0000] {dagbag.py:540} INFO - Filling up the DagBag from /home/airflow/.local/lib/python3.12/site-packages/airflow/example_dags/subdags/subdag.py
[2025-06-20T15:17:58.830+0000] {processor.py:842} WARNING - No viable dags retrieved from /home/airflow/.local/lib/python3.12/site-packages/airflow/example_dags/subdags/subdag.py
[2025-06-20T15:17:58.843+0000] {processor.py:183} INFO - Processing /home/airflow/.local/lib/python3.12/site-packages/airflow/example_dags/subdags/subdag.py took 0.026 seconds
[2025-06-20T15:18:29.609+0000] {processor.py:161} INFO - Started process (PID=5164) to work on /home/airflow/.local/lib/python3.12/site-packages/airflow/example_dags/subdags/subdag.py
[2025-06-20T15:18:29.610+0000] {processor.py:830} INFO - Processing file /home/airflow/.local/lib/python3.12/site-packages/airflow/example_dags/subdags/subdag.py for tasks to queue
[2025-06-20T15:18:29.612+0000] {logging_mixin.py:188} INFO - [2025-06-20T15:18:29.612+0000] {dagbag.py:540} INFO - Filling up the DagBag from /home/airflow/.local/lib/python3.12/site-packages/airflow/example_dags/subdags/subdag.py
[2025-06-20T15:18:29.614+0000] {processor.py:842} WARNING - No viable dags retrieved from /home/airflow/.local/lib/python3.12/site-packages/airflow/example_dags/subdags/subdag.py
[2025-06-20T15:18:29.628+0000] {processor.py:183} INFO - Processing /home/airflow/.local/lib/python3.12/site-packages/airflow/example_dags/subdags/subdag.py took 0.026 seconds
[2025-06-20T15:18:59.835+0000] {processor.py:161} INFO - Started process (PID=5223) to work on /home/airflow/.local/lib/python3.12/site-packages/airflow/example_dags/subdags/subdag.py
[2025-06-20T15:18:59.836+0000] {processor.py:830} INFO - Processing file /home/airflow/.local/lib/python3.12/site-packages/airflow/example_dags/subdags/subdag.py for tasks to queue
[2025-06-20T15:18:59.838+0000] {logging_mixin.py:188} INFO - [2025-06-20T15:18:59.837+0000] {dagbag.py:540} INFO - Filling up the DagBag from /home/airflow/.local/lib/python3.12/site-packages/airflow/example_dags/subdags/subdag.py
[2025-06-20T15:18:59.840+0000] {processor.py:842} WARNING - No viable dags retrieved from /home/airflow/.local/lib/python3.12/site-packages/airflow/example_dags/subdags/subdag.py
[2025-06-20T15:18:59.853+0000] {processor.py:183} INFO - Processing /home/airflow/.local/lib/python3.12/site-packages/airflow/example_dags/subdags/subdag.py took 0.025 seconds
[2025-06-20T15:19:30.107+0000] {processor.py:161} INFO - Started process (PID=5282) to work on /home/airflow/.local/lib/python3.12/site-packages/airflow/example_dags/subdags/subdag.py
[2025-06-20T15:19:30.108+0000] {processor.py:830} INFO - Processing file /home/airflow/.local/lib/python3.12/site-packages/airflow/example_dags/subdags/subdag.py for tasks to queue
[2025-06-20T15:19:30.109+0000] {logging_mixin.py:188} INFO - [2025-06-20T15:19:30.109+0000] {dagbag.py:540} INFO - Filling up the DagBag from /home/airflow/.local/lib/python3.12/site-packages/airflow/example_dags/subdags/subdag.py
[2025-06-20T15:19:30.112+0000] {processor.py:842} WARNING - No viable dags retrieved from /home/airflow/.local/lib/python3.12/site-packages/airflow/example_dags/subdags/subdag.py
[2025-06-20T15:19:30.125+0000] {processor.py:183} INFO - Processing /home/airflow/.local/lib/python3.12/site-packages/airflow/example_dags/subdags/subdag.py took 0.025 seconds
[2025-06-20T15:20:00.322+0000] {processor.py:161} INFO - Started process (PID=5341) to work on /home/airflow/.local/lib/python3.12/site-packages/airflow/example_dags/subdags/subdag.py
[2025-06-20T15:20:00.322+0000] {processor.py:830} INFO - Processing file /home/airflow/.local/lib/python3.12/site-packages/airflow/example_dags/subdags/subdag.py for tasks to queue
[2025-06-20T15:20:00.324+0000] {logging_mixin.py:188} INFO - [2025-06-20T15:20:00.324+0000] {dagbag.py:540} INFO - Filling up the DagBag from /home/airflow/.local/lib/python3.12/site-packages/airflow/example_dags/subdags/subdag.py
[2025-06-20T15:20:00.326+0000] {processor.py:842} WARNING - No viable dags retrieved from /home/airflow/.local/lib/python3.12/site-packages/airflow/example_dags/subdags/subdag.py
[2025-06-20T15:20:00.340+0000] {processor.py:183} INFO - Processing /home/airflow/.local/lib/python3.12/site-packages/airflow/example_dags/subdags/subdag.py took 0.024 seconds
[2025-06-20T15:20:30.557+0000] {processor.py:161} INFO - Started process (PID=5399) to work on /home/airflow/.local/lib/python3.12/site-packages/airflow/example_dags/subdags/subdag.py
[2025-06-20T15:20:30.558+0000] {processor.py:830} INFO - Processing file /home/airflow/.local/lib/python3.12/site-packages/airflow/example_dags/subdags/subdag.py for tasks to queue
[2025-06-20T15:20:30.560+0000] {logging_mixin.py:188} INFO - [2025-06-20T15:20:30.560+0000] {dagbag.py:540} INFO - Filling up the DagBag from /home/airflow/.local/lib/python3.12/site-packages/airflow/example_dags/subdags/subdag.py
[2025-06-20T15:20:30.562+0000] {processor.py:842} WARNING - No viable dags retrieved from /home/airflow/.local/lib/python3.12/site-packages/airflow/example_dags/subdags/subdag.py
[2025-06-20T15:20:30.577+0000] {processor.py:183} INFO - Processing /home/airflow/.local/lib/python3.12/site-packages/airflow/example_dags/subdags/subdag.py took 0.026 seconds
[2025-06-20T15:21:00.871+0000] {processor.py:161} INFO - Started process (PID=5459) to work on /home/airflow/.local/lib/python3.12/site-packages/airflow/example_dags/subdags/subdag.py
[2025-06-20T15:21:00.872+0000] {processor.py:830} INFO - Processing file /home/airflow/.local/lib/python3.12/site-packages/airflow/example_dags/subdags/subdag.py for tasks to queue
[2025-06-20T15:21:00.874+0000] {logging_mixin.py:188} INFO - [2025-06-20T15:21:00.873+0000] {dagbag.py:540} INFO - Filling up the DagBag from /home/airflow/.local/lib/python3.12/site-packages/airflow/example_dags/subdags/subdag.py
[2025-06-20T15:21:00.876+0000] {processor.py:842} WARNING - No viable dags retrieved from /home/airflow/.local/lib/python3.12/site-packages/airflow/example_dags/subdags/subdag.py
[2025-06-20T15:21:00.889+0000] {processor.py:183} INFO - Processing /home/airflow/.local/lib/python3.12/site-packages/airflow/example_dags/subdags/subdag.py took 0.025 seconds
[2025-06-20T15:21:31.162+0000] {processor.py:161} INFO - Started process (PID=5518) to work on /home/airflow/.local/lib/python3.12/site-packages/airflow/example_dags/subdags/subdag.py
[2025-06-20T15:21:31.163+0000] {processor.py:830} INFO - Processing file /home/airflow/.local/lib/python3.12/site-packages/airflow/example_dags/subdags/subdag.py for tasks to queue
[2025-06-20T15:21:31.165+0000] {logging_mixin.py:188} INFO - [2025-06-20T15:21:31.165+0000] {dagbag.py:540} INFO - Filling up the DagBag from /home/airflow/.local/lib/python3.12/site-packages/airflow/example_dags/subdags/subdag.py
[2025-06-20T15:21:31.167+0000] {processor.py:842} WARNING - No viable dags retrieved from /home/airflow/.local/lib/python3.12/site-packages/airflow/example_dags/subdags/subdag.py
[2025-06-20T15:21:31.181+0000] {processor.py:183} INFO - Processing /home/airflow/.local/lib/python3.12/site-packages/airflow/example_dags/subdags/subdag.py took 0.025 seconds
[2025-06-20T15:22:01.554+0000] {processor.py:161} INFO - Started process (PID=5577) to work on /home/airflow/.local/lib/python3.12/site-packages/airflow/example_dags/subdags/subdag.py
[2025-06-20T15:22:01.555+0000] {processor.py:830} INFO - Processing file /home/airflow/.local/lib/python3.12/site-packages/airflow/example_dags/subdags/subdag.py for tasks to queue
[2025-06-20T15:22:01.557+0000] {logging_mixin.py:188} INFO - [2025-06-20T15:22:01.557+0000] {dagbag.py:540} INFO - Filling up the DagBag from /home/airflow/.local/lib/python3.12/site-packages/airflow/example_dags/subdags/subdag.py
[2025-06-20T15:22:01.559+0000] {processor.py:842} WARNING - No viable dags retrieved from /home/airflow/.local/lib/python3.12/site-packages/airflow/example_dags/subdags/subdag.py
[2025-06-20T15:22:01.572+0000] {processor.py:183} INFO - Processing /home/airflow/.local/lib/python3.12/site-packages/airflow/example_dags/subdags/subdag.py took 0.026 seconds
[2025-06-20T15:22:31.828+0000] {processor.py:161} INFO - Started process (PID=5636) to work on /home/airflow/.local/lib/python3.12/site-packages/airflow/example_dags/subdags/subdag.py
[2025-06-20T15:22:31.829+0000] {processor.py:830} INFO - Processing file /home/airflow/.local/lib/python3.12/site-packages/airflow/example_dags/subdags/subdag.py for tasks to queue
[2025-06-20T15:22:31.831+0000] {logging_mixin.py:188} INFO - [2025-06-20T15:22:31.831+0000] {dagbag.py:540} INFO - Filling up the DagBag from /home/airflow/.local/lib/python3.12/site-packages/airflow/example_dags/subdags/subdag.py
[2025-06-20T15:22:31.833+0000] {processor.py:842} WARNING - No viable dags retrieved from /home/airflow/.local/lib/python3.12/site-packages/airflow/example_dags/subdags/subdag.py
[2025-06-20T15:22:31.848+0000] {processor.py:183} INFO - Processing /home/airflow/.local/lib/python3.12/site-packages/airflow/example_dags/subdags/subdag.py took 0.027 seconds
[2025-06-20T15:23:02.020+0000] {processor.py:161} INFO - Started process (PID=5694) to work on /home/airflow/.local/lib/python3.12/site-packages/airflow/example_dags/subdags/subdag.py
[2025-06-20T15:23:02.021+0000] {processor.py:830} INFO - Processing file /home/airflow/.local/lib/python3.12/site-packages/airflow/example_dags/subdags/subdag.py for tasks to queue
[2025-06-20T15:23:02.023+0000] {logging_mixin.py:188} INFO - [2025-06-20T15:23:02.023+0000] {dagbag.py:540} INFO - Filling up the DagBag from /home/airflow/.local/lib/python3.12/site-packages/airflow/example_dags/subdags/subdag.py
[2025-06-20T15:23:02.025+0000] {processor.py:842} WARNING - No viable dags retrieved from /home/airflow/.local/lib/python3.12/site-packages/airflow/example_dags/subdags/subdag.py
[2025-06-20T15:23:02.038+0000] {processor.py:183} INFO - Processing /home/airflow/.local/lib/python3.12/site-packages/airflow/example_dags/subdags/subdag.py took 0.023 seconds
[2025-06-20T15:23:32.393+0000] {processor.py:161} INFO - Started process (PID=5753) to work on /home/airflow/.local/lib/python3.12/site-packages/airflow/example_dags/subdags/subdag.py
[2025-06-20T15:23:32.394+0000] {processor.py:830} INFO - Processing file /home/airflow/.local/lib/python3.12/site-packages/airflow/example_dags/subdags/subdag.py for tasks to queue
[2025-06-20T15:23:32.396+0000] {logging_mixin.py:188} INFO - [2025-06-20T15:23:32.396+0000] {dagbag.py:540} INFO - Filling up the DagBag from /home/airflow/.local/lib/python3.12/site-packages/airflow/example_dags/subdags/subdag.py
[2025-06-20T15:23:32.398+0000] {processor.py:842} WARNING - No viable dags retrieved from /home/airflow/.local/lib/python3.12/site-packages/airflow/example_dags/subdags/subdag.py
[2025-06-20T15:23:32.411+0000] {processor.py:183} INFO - Processing /home/airflow/.local/lib/python3.12/site-packages/airflow/example_dags/subdags/subdag.py took 0.024 seconds
[2025-06-20T15:24:02.583+0000] {processor.py:161} INFO - Started process (PID=5812) to work on /home/airflow/.local/lib/python3.12/site-packages/airflow/example_dags/subdags/subdag.py
[2025-06-20T15:24:02.584+0000] {processor.py:830} INFO - Processing file /home/airflow/.local/lib/python3.12/site-packages/airflow/example_dags/subdags/subdag.py for tasks to queue
[2025-06-20T15:24:02.586+0000] {logging_mixin.py:188} INFO - [2025-06-20T15:24:02.585+0000] {dagbag.py:540} INFO - Filling up the DagBag from /home/airflow/.local/lib/python3.12/site-packages/airflow/example_dags/subdags/subdag.py
[2025-06-20T15:24:02.588+0000] {processor.py:842} WARNING - No viable dags retrieved from /home/airflow/.local/lib/python3.12/site-packages/airflow/example_dags/subdags/subdag.py
[2025-06-20T15:24:02.600+0000] {processor.py:183} INFO - Processing /home/airflow/.local/lib/python3.12/site-packages/airflow/example_dags/subdags/subdag.py took 0.024 seconds
[2025-06-20T15:24:33.400+0000] {processor.py:161} INFO - Started process (PID=5872) to work on /home/airflow/.local/lib/python3.12/site-packages/airflow/example_dags/subdags/subdag.py
[2025-06-20T15:24:33.401+0000] {processor.py:830} INFO - Processing file /home/airflow/.local/lib/python3.12/site-packages/airflow/example_dags/subdags/subdag.py for tasks to queue
[2025-06-20T15:24:33.403+0000] {logging_mixin.py:188} INFO - [2025-06-20T15:24:33.402+0000] {dagbag.py:540} INFO - Filling up the DagBag from /home/airflow/.local/lib/python3.12/site-packages/airflow/example_dags/subdags/subdag.py
[2025-06-20T15:24:33.405+0000] {processor.py:842} WARNING - No viable dags retrieved from /home/airflow/.local/lib/python3.12/site-packages/airflow/example_dags/subdags/subdag.py
[2025-06-20T15:24:33.417+0000] {processor.py:183} INFO - Processing /home/airflow/.local/lib/python3.12/site-packages/airflow/example_dags/subdags/subdag.py took 0.023 seconds
[2025-06-20T15:25:03.819+0000] {processor.py:161} INFO - Started process (PID=5931) to work on /home/airflow/.local/lib/python3.12/site-packages/airflow/example_dags/subdags/subdag.py
[2025-06-20T15:25:03.821+0000] {processor.py:830} INFO - Processing file /home/airflow/.local/lib/python3.12/site-packages/airflow/example_dags/subdags/subdag.py for tasks to queue
[2025-06-20T15:25:03.823+0000] {logging_mixin.py:188} INFO - [2025-06-20T15:25:03.822+0000] {dagbag.py:540} INFO - Filling up the DagBag from /home/airflow/.local/lib/python3.12/site-packages/airflow/example_dags/subdags/subdag.py
[2025-06-20T15:25:03.825+0000] {processor.py:842} WARNING - No viable dags retrieved from /home/airflow/.local/lib/python3.12/site-packages/airflow/example_dags/subdags/subdag.py
[2025-06-20T15:25:03.839+0000] {processor.py:183} INFO - Processing /home/airflow/.local/lib/python3.12/site-packages/airflow/example_dags/subdags/subdag.py took 0.028 seconds
[2025-06-20T15:25:34.142+0000] {processor.py:161} INFO - Started process (PID=5988) to work on /home/airflow/.local/lib/python3.12/site-packages/airflow/example_dags/subdags/subdag.py
[2025-06-20T15:25:34.143+0000] {processor.py:830} INFO - Processing file /home/airflow/.local/lib/python3.12/site-packages/airflow/example_dags/subdags/subdag.py for tasks to queue
[2025-06-20T15:25:34.145+0000] {logging_mixin.py:188} INFO - [2025-06-20T15:25:34.144+0000] {dagbag.py:540} INFO - Filling up the DagBag from /home/airflow/.local/lib/python3.12/site-packages/airflow/example_dags/subdags/subdag.py
[2025-06-20T15:25:34.147+0000] {processor.py:842} WARNING - No viable dags retrieved from /home/airflow/.local/lib/python3.12/site-packages/airflow/example_dags/subdags/subdag.py
[2025-06-20T15:25:34.160+0000] {processor.py:183} INFO - Processing /home/airflow/.local/lib/python3.12/site-packages/airflow/example_dags/subdags/subdag.py took 0.024 seconds
[2025-06-20T15:26:04.911+0000] {processor.py:161} INFO - Started process (PID=6047) to work on /home/airflow/.local/lib/python3.12/site-packages/airflow/example_dags/subdags/subdag.py
[2025-06-20T15:26:04.912+0000] {processor.py:830} INFO - Processing file /home/airflow/.local/lib/python3.12/site-packages/airflow/example_dags/subdags/subdag.py for tasks to queue
[2025-06-20T15:26:04.914+0000] {logging_mixin.py:188} INFO - [2025-06-20T15:26:04.914+0000] {dagbag.py:540} INFO - Filling up the DagBag from /home/airflow/.local/lib/python3.12/site-packages/airflow/example_dags/subdags/subdag.py
[2025-06-20T15:26:04.916+0000] {processor.py:842} WARNING - No viable dags retrieved from /home/airflow/.local/lib/python3.12/site-packages/airflow/example_dags/subdags/subdag.py
[2025-06-20T15:26:04.930+0000] {processor.py:183} INFO - Processing /home/airflow/.local/lib/python3.12/site-packages/airflow/example_dags/subdags/subdag.py took 0.025 seconds
[2025-06-20T15:26:35.218+0000] {processor.py:161} INFO - Started process (PID=6106) to work on /home/airflow/.local/lib/python3.12/site-packages/airflow/example_dags/subdags/subdag.py
[2025-06-20T15:26:35.219+0000] {processor.py:830} INFO - Processing file /home/airflow/.local/lib/python3.12/site-packages/airflow/example_dags/subdags/subdag.py for tasks to queue
[2025-06-20T15:26:35.220+0000] {logging_mixin.py:188} INFO - [2025-06-20T15:26:35.220+0000] {dagbag.py:540} INFO - Filling up the DagBag from /home/airflow/.local/lib/python3.12/site-packages/airflow/example_dags/subdags/subdag.py
[2025-06-20T15:26:35.222+0000] {processor.py:842} WARNING - No viable dags retrieved from /home/airflow/.local/lib/python3.12/site-packages/airflow/example_dags/subdags/subdag.py
[2025-06-20T15:26:35.235+0000] {processor.py:183} INFO - Processing /home/airflow/.local/lib/python3.12/site-packages/airflow/example_dags/subdags/subdag.py took 0.023 seconds
[2025-06-20T15:27:05.396+0000] {processor.py:161} INFO - Started process (PID=6165) to work on /home/airflow/.local/lib/python3.12/site-packages/airflow/example_dags/subdags/subdag.py
[2025-06-20T15:27:05.397+0000] {processor.py:830} INFO - Processing file /home/airflow/.local/lib/python3.12/site-packages/airflow/example_dags/subdags/subdag.py for tasks to queue
[2025-06-20T15:27:05.399+0000] {logging_mixin.py:188} INFO - [2025-06-20T15:27:05.399+0000] {dagbag.py:540} INFO - Filling up the DagBag from /home/airflow/.local/lib/python3.12/site-packages/airflow/example_dags/subdags/subdag.py
[2025-06-20T15:27:05.402+0000] {processor.py:842} WARNING - No viable dags retrieved from /home/airflow/.local/lib/python3.12/site-packages/airflow/example_dags/subdags/subdag.py
[2025-06-20T15:27:05.415+0000] {processor.py:183} INFO - Processing /home/airflow/.local/lib/python3.12/site-packages/airflow/example_dags/subdags/subdag.py took 0.026 seconds
[2025-06-20T15:27:35.615+0000] {processor.py:161} INFO - Started process (PID=6224) to work on /home/airflow/.local/lib/python3.12/site-packages/airflow/example_dags/subdags/subdag.py
[2025-06-20T15:27:35.616+0000] {processor.py:830} INFO - Processing file /home/airflow/.local/lib/python3.12/site-packages/airflow/example_dags/subdags/subdag.py for tasks to queue
[2025-06-20T15:27:35.618+0000] {logging_mixin.py:188} INFO - [2025-06-20T15:27:35.617+0000] {dagbag.py:540} INFO - Filling up the DagBag from /home/airflow/.local/lib/python3.12/site-packages/airflow/example_dags/subdags/subdag.py
[2025-06-20T15:27:35.620+0000] {processor.py:842} WARNING - No viable dags retrieved from /home/airflow/.local/lib/python3.12/site-packages/airflow/example_dags/subdags/subdag.py
[2025-06-20T15:27:35.633+0000] {processor.py:183} INFO - Processing /home/airflow/.local/lib/python3.12/site-packages/airflow/example_dags/subdags/subdag.py took 0.025 seconds
[2025-06-20T15:28:06.077+0000] {processor.py:161} INFO - Started process (PID=6283) to work on /home/airflow/.local/lib/python3.12/site-packages/airflow/example_dags/subdags/subdag.py
[2025-06-20T15:28:06.078+0000] {processor.py:830} INFO - Processing file /home/airflow/.local/lib/python3.12/site-packages/airflow/example_dags/subdags/subdag.py for tasks to queue
[2025-06-20T15:28:06.080+0000] {logging_mixin.py:188} INFO - [2025-06-20T15:28:06.079+0000] {dagbag.py:540} INFO - Filling up the DagBag from /home/airflow/.local/lib/python3.12/site-packages/airflow/example_dags/subdags/subdag.py
[2025-06-20T15:28:06.082+0000] {processor.py:842} WARNING - No viable dags retrieved from /home/airflow/.local/lib/python3.12/site-packages/airflow/example_dags/subdags/subdag.py
[2025-06-20T15:28:06.095+0000] {processor.py:183} INFO - Processing /home/airflow/.local/lib/python3.12/site-packages/airflow/example_dags/subdags/subdag.py took 0.024 seconds
[2025-06-20T15:28:37.065+0000] {processor.py:161} INFO - Started process (PID=6342) to work on /home/airflow/.local/lib/python3.12/site-packages/airflow/example_dags/subdags/subdag.py
[2025-06-20T15:28:37.066+0000] {processor.py:830} INFO - Processing file /home/airflow/.local/lib/python3.12/site-packages/airflow/example_dags/subdags/subdag.py for tasks to queue
[2025-06-20T15:28:37.068+0000] {logging_mixin.py:188} INFO - [2025-06-20T15:28:37.068+0000] {dagbag.py:540} INFO - Filling up the DagBag from /home/airflow/.local/lib/python3.12/site-packages/airflow/example_dags/subdags/subdag.py
[2025-06-20T15:28:37.070+0000] {processor.py:842} WARNING - No viable dags retrieved from /home/airflow/.local/lib/python3.12/site-packages/airflow/example_dags/subdags/subdag.py
[2025-06-20T15:28:37.084+0000] {processor.py:183} INFO - Processing /home/airflow/.local/lib/python3.12/site-packages/airflow/example_dags/subdags/subdag.py took 0.025 seconds
[2025-06-20T15:29:07.372+0000] {processor.py:161} INFO - Started process (PID=6400) to work on /home/airflow/.local/lib/python3.12/site-packages/airflow/example_dags/subdags/subdag.py
[2025-06-20T15:29:07.373+0000] {processor.py:830} INFO - Processing file /home/airflow/.local/lib/python3.12/site-packages/airflow/example_dags/subdags/subdag.py for tasks to queue
[2025-06-20T15:29:07.374+0000] {logging_mixin.py:188} INFO - [2025-06-20T15:29:07.374+0000] {dagbag.py:540} INFO - Filling up the DagBag from /home/airflow/.local/lib/python3.12/site-packages/airflow/example_dags/subdags/subdag.py
[2025-06-20T15:29:07.376+0000] {processor.py:842} WARNING - No viable dags retrieved from /home/airflow/.local/lib/python3.12/site-packages/airflow/example_dags/subdags/subdag.py
[2025-06-20T15:29:07.390+0000] {processor.py:183} INFO - Processing /home/airflow/.local/lib/python3.12/site-packages/airflow/example_dags/subdags/subdag.py took 0.024 seconds
[2025-06-20T15:29:38.429+0000] {processor.py:161} INFO - Started process (PID=6460) to work on /home/airflow/.local/lib/python3.12/site-packages/airflow/example_dags/subdags/subdag.py
[2025-06-20T15:29:38.430+0000] {processor.py:830} INFO - Processing file /home/airflow/.local/lib/python3.12/site-packages/airflow/example_dags/subdags/subdag.py for tasks to queue
[2025-06-20T15:29:38.432+0000] {logging_mixin.py:188} INFO - [2025-06-20T15:29:38.431+0000] {dagbag.py:540} INFO - Filling up the DagBag from /home/airflow/.local/lib/python3.12/site-packages/airflow/example_dags/subdags/subdag.py
[2025-06-20T15:29:38.434+0000] {processor.py:842} WARNING - No viable dags retrieved from /home/airflow/.local/lib/python3.12/site-packages/airflow/example_dags/subdags/subdag.py
[2025-06-20T15:29:38.447+0000] {processor.py:183} INFO - Processing /home/airflow/.local/lib/python3.12/site-packages/airflow/example_dags/subdags/subdag.py took 0.024 seconds
[2025-06-20T15:30:09.451+0000] {processor.py:161} INFO - Started process (PID=6519) to work on /home/airflow/.local/lib/python3.12/site-packages/airflow/example_dags/subdags/subdag.py
[2025-06-20T15:30:09.452+0000] {processor.py:830} INFO - Processing file /home/airflow/.local/lib/python3.12/site-packages/airflow/example_dags/subdags/subdag.py for tasks to queue
[2025-06-20T15:30:09.455+0000] {logging_mixin.py:188} INFO - [2025-06-20T15:30:09.454+0000] {dagbag.py:540} INFO - Filling up the DagBag from /home/airflow/.local/lib/python3.12/site-packages/airflow/example_dags/subdags/subdag.py
[2025-06-20T15:30:09.457+0000] {processor.py:842} WARNING - No viable dags retrieved from /home/airflow/.local/lib/python3.12/site-packages/airflow/example_dags/subdags/subdag.py
[2025-06-20T15:30:09.472+0000] {processor.py:183} INFO - Processing /home/airflow/.local/lib/python3.12/site-packages/airflow/example_dags/subdags/subdag.py took 0.028 seconds
[2025-06-20T15:30:39.988+0000] {processor.py:161} INFO - Started process (PID=6578) to work on /home/airflow/.local/lib/python3.12/site-packages/airflow/example_dags/subdags/subdag.py
[2025-06-20T15:30:39.989+0000] {processor.py:830} INFO - Processing file /home/airflow/.local/lib/python3.12/site-packages/airflow/example_dags/subdags/subdag.py for tasks to queue
[2025-06-20T15:30:39.991+0000] {logging_mixin.py:188} INFO - [2025-06-20T15:30:39.991+0000] {dagbag.py:540} INFO - Filling up the DagBag from /home/airflow/.local/lib/python3.12/site-packages/airflow/example_dags/subdags/subdag.py
[2025-06-20T15:30:39.993+0000] {processor.py:842} WARNING - No viable dags retrieved from /home/airflow/.local/lib/python3.12/site-packages/airflow/example_dags/subdags/subdag.py
[2025-06-20T15:30:40.006+0000] {processor.py:183} INFO - Processing /home/airflow/.local/lib/python3.12/site-packages/airflow/example_dags/subdags/subdag.py took 0.024 seconds
[2025-06-20T15:31:11.475+0000] {processor.py:161} INFO - Started process (PID=6637) to work on /home/airflow/.local/lib/python3.12/site-packages/airflow/example_dags/subdags/subdag.py
[2025-06-20T15:31:11.476+0000] {processor.py:830} INFO - Processing file /home/airflow/.local/lib/python3.12/site-packages/airflow/example_dags/subdags/subdag.py for tasks to queue
[2025-06-20T15:31:11.478+0000] {logging_mixin.py:188} INFO - [2025-06-20T15:31:11.478+0000] {dagbag.py:540} INFO - Filling up the DagBag from /home/airflow/.local/lib/python3.12/site-packages/airflow/example_dags/subdags/subdag.py
[2025-06-20T15:31:11.480+0000] {processor.py:842} WARNING - No viable dags retrieved from /home/airflow/.local/lib/python3.12/site-packages/airflow/example_dags/subdags/subdag.py
[2025-06-20T15:31:11.493+0000] {processor.py:183} INFO - Processing /home/airflow/.local/lib/python3.12/site-packages/airflow/example_dags/subdags/subdag.py took 0.024 seconds
[2025-06-20T15:31:41.757+0000] {processor.py:161} INFO - Started process (PID=6695) to work on /home/airflow/.local/lib/python3.12/site-packages/airflow/example_dags/subdags/subdag.py
[2025-06-20T15:31:41.758+0000] {processor.py:830} INFO - Processing file /home/airflow/.local/lib/python3.12/site-packages/airflow/example_dags/subdags/subdag.py for tasks to queue
[2025-06-20T15:31:41.759+0000] {logging_mixin.py:188} INFO - [2025-06-20T15:31:41.759+0000] {dagbag.py:540} INFO - Filling up the DagBag from /home/airflow/.local/lib/python3.12/site-packages/airflow/example_dags/subdags/subdag.py
[2025-06-20T15:31:41.761+0000] {processor.py:842} WARNING - No viable dags retrieved from /home/airflow/.local/lib/python3.12/site-packages/airflow/example_dags/subdags/subdag.py
[2025-06-20T15:31:41.774+0000] {processor.py:183} INFO - Processing /home/airflow/.local/lib/python3.12/site-packages/airflow/example_dags/subdags/subdag.py took 0.024 seconds
[2025-06-20T15:32:12.550+0000] {processor.py:161} INFO - Started process (PID=6755) to work on /home/airflow/.local/lib/python3.12/site-packages/airflow/example_dags/subdags/subdag.py
[2025-06-20T15:32:12.551+0000] {processor.py:830} INFO - Processing file /home/airflow/.local/lib/python3.12/site-packages/airflow/example_dags/subdags/subdag.py for tasks to queue
[2025-06-20T15:32:12.553+0000] {logging_mixin.py:188} INFO - [2025-06-20T15:32:12.553+0000] {dagbag.py:540} INFO - Filling up the DagBag from /home/airflow/.local/lib/python3.12/site-packages/airflow/example_dags/subdags/subdag.py
[2025-06-20T15:32:12.556+0000] {processor.py:842} WARNING - No viable dags retrieved from /home/airflow/.local/lib/python3.12/site-packages/airflow/example_dags/subdags/subdag.py
[2025-06-20T15:32:12.570+0000] {processor.py:183} INFO - Processing /home/airflow/.local/lib/python3.12/site-packages/airflow/example_dags/subdags/subdag.py took 0.028 seconds
[2025-06-20T15:32:43.223+0000] {processor.py:161} INFO - Started process (PID=6814) to work on /home/airflow/.local/lib/python3.12/site-packages/airflow/example_dags/subdags/subdag.py
[2025-06-20T15:32:43.224+0000] {processor.py:830} INFO - Processing file /home/airflow/.local/lib/python3.12/site-packages/airflow/example_dags/subdags/subdag.py for tasks to queue
[2025-06-20T15:32:43.226+0000] {logging_mixin.py:188} INFO - [2025-06-20T15:32:43.225+0000] {dagbag.py:540} INFO - Filling up the DagBag from /home/airflow/.local/lib/python3.12/site-packages/airflow/example_dags/subdags/subdag.py
[2025-06-20T15:32:43.228+0000] {processor.py:842} WARNING - No viable dags retrieved from /home/airflow/.local/lib/python3.12/site-packages/airflow/example_dags/subdags/subdag.py
[2025-06-20T15:32:43.241+0000] {processor.py:183} INFO - Processing /home/airflow/.local/lib/python3.12/site-packages/airflow/example_dags/subdags/subdag.py took 0.024 seconds
[2025-06-20T15:33:13.966+0000] {processor.py:161} INFO - Started process (PID=6873) to work on /home/airflow/.local/lib/python3.12/site-packages/airflow/example_dags/subdags/subdag.py
[2025-06-20T15:33:13.967+0000] {processor.py:830} INFO - Processing file /home/airflow/.local/lib/python3.12/site-packages/airflow/example_dags/subdags/subdag.py for tasks to queue
[2025-06-20T15:33:13.969+0000] {logging_mixin.py:188} INFO - [2025-06-20T15:33:13.969+0000] {dagbag.py:540} INFO - Filling up the DagBag from /home/airflow/.local/lib/python3.12/site-packages/airflow/example_dags/subdags/subdag.py
[2025-06-20T15:33:13.971+0000] {processor.py:842} WARNING - No viable dags retrieved from /home/airflow/.local/lib/python3.12/site-packages/airflow/example_dags/subdags/subdag.py
[2025-06-20T15:33:13.985+0000] {processor.py:183} INFO - Processing /home/airflow/.local/lib/python3.12/site-packages/airflow/example_dags/subdags/subdag.py took 0.025 seconds
[2025-06-20T15:33:44.668+0000] {processor.py:161} INFO - Started process (PID=6932) to work on /home/airflow/.local/lib/python3.12/site-packages/airflow/example_dags/subdags/subdag.py
[2025-06-20T15:33:44.669+0000] {processor.py:830} INFO - Processing file /home/airflow/.local/lib/python3.12/site-packages/airflow/example_dags/subdags/subdag.py for tasks to queue
[2025-06-20T15:33:44.671+0000] {logging_mixin.py:188} INFO - [2025-06-20T15:33:44.670+0000] {dagbag.py:540} INFO - Filling up the DagBag from /home/airflow/.local/lib/python3.12/site-packages/airflow/example_dags/subdags/subdag.py
[2025-06-20T15:33:44.673+0000] {processor.py:842} WARNING - No viable dags retrieved from /home/airflow/.local/lib/python3.12/site-packages/airflow/example_dags/subdags/subdag.py
[2025-06-20T15:33:44.686+0000] {processor.py:183} INFO - Processing /home/airflow/.local/lib/python3.12/site-packages/airflow/example_dags/subdags/subdag.py took 0.025 seconds
[2025-06-20T15:34:15.434+0000] {processor.py:161} INFO - Started process (PID=6991) to work on /home/airflow/.local/lib/python3.12/site-packages/airflow/example_dags/subdags/subdag.py
[2025-06-20T15:34:15.435+0000] {processor.py:830} INFO - Processing file /home/airflow/.local/lib/python3.12/site-packages/airflow/example_dags/subdags/subdag.py for tasks to queue
[2025-06-20T15:34:15.437+0000] {logging_mixin.py:188} INFO - [2025-06-20T15:34:15.437+0000] {dagbag.py:540} INFO - Filling up the DagBag from /home/airflow/.local/lib/python3.12/site-packages/airflow/example_dags/subdags/subdag.py
[2025-06-20T15:34:15.439+0000] {processor.py:842} WARNING - No viable dags retrieved from /home/airflow/.local/lib/python3.12/site-packages/airflow/example_dags/subdags/subdag.py
[2025-06-20T15:34:15.452+0000] {processor.py:183} INFO - Processing /home/airflow/.local/lib/python3.12/site-packages/airflow/example_dags/subdags/subdag.py took 0.024 seconds
[2025-06-20T15:34:46.248+0000] {processor.py:161} INFO - Started process (PID=7050) to work on /home/airflow/.local/lib/python3.12/site-packages/airflow/example_dags/subdags/subdag.py
[2025-06-20T15:34:46.249+0000] {processor.py:830} INFO - Processing file /home/airflow/.local/lib/python3.12/site-packages/airflow/example_dags/subdags/subdag.py for tasks to queue
[2025-06-20T15:34:46.251+0000] {logging_mixin.py:188} INFO - [2025-06-20T15:34:46.251+0000] {dagbag.py:540} INFO - Filling up the DagBag from /home/airflow/.local/lib/python3.12/site-packages/airflow/example_dags/subdags/subdag.py
[2025-06-20T15:34:46.253+0000] {processor.py:842} WARNING - No viable dags retrieved from /home/airflow/.local/lib/python3.12/site-packages/airflow/example_dags/subdags/subdag.py
[2025-06-20T15:34:46.266+0000] {processor.py:183} INFO - Processing /home/airflow/.local/lib/python3.12/site-packages/airflow/example_dags/subdags/subdag.py took 0.024 seconds
[2025-06-20T15:35:16.436+0000] {processor.py:161} INFO - Started process (PID=7109) to work on /home/airflow/.local/lib/python3.12/site-packages/airflow/example_dags/subdags/subdag.py
[2025-06-20T15:35:16.437+0000] {processor.py:830} INFO - Processing file /home/airflow/.local/lib/python3.12/site-packages/airflow/example_dags/subdags/subdag.py for tasks to queue
[2025-06-20T15:35:16.439+0000] {logging_mixin.py:188} INFO - [2025-06-20T15:35:16.439+0000] {dagbag.py:540} INFO - Filling up the DagBag from /home/airflow/.local/lib/python3.12/site-packages/airflow/example_dags/subdags/subdag.py
[2025-06-20T15:35:16.442+0000] {processor.py:842} WARNING - No viable dags retrieved from /home/airflow/.local/lib/python3.12/site-packages/airflow/example_dags/subdags/subdag.py
[2025-06-20T15:35:16.456+0000] {processor.py:183} INFO - Processing /home/airflow/.local/lib/python3.12/site-packages/airflow/example_dags/subdags/subdag.py took 0.027 seconds
[2025-06-20T15:35:46.667+0000] {processor.py:161} INFO - Started process (PID=7168) to work on /home/airflow/.local/lib/python3.12/site-packages/airflow/example_dags/subdags/subdag.py
[2025-06-20T15:35:46.668+0000] {processor.py:830} INFO - Processing file /home/airflow/.local/lib/python3.12/site-packages/airflow/example_dags/subdags/subdag.py for tasks to queue
[2025-06-20T15:35:46.670+0000] {logging_mixin.py:188} INFO - [2025-06-20T15:35:46.670+0000] {dagbag.py:540} INFO - Filling up the DagBag from /home/airflow/.local/lib/python3.12/site-packages/airflow/example_dags/subdags/subdag.py
[2025-06-20T15:35:46.673+0000] {processor.py:842} WARNING - No viable dags retrieved from /home/airflow/.local/lib/python3.12/site-packages/airflow/example_dags/subdags/subdag.py
[2025-06-20T15:35:46.688+0000] {processor.py:183} INFO - Processing /home/airflow/.local/lib/python3.12/site-packages/airflow/example_dags/subdags/subdag.py took 0.028 seconds
[2025-06-20T15:36:17.039+0000] {processor.py:161} INFO - Started process (PID=7227) to work on /home/airflow/.local/lib/python3.12/site-packages/airflow/example_dags/subdags/subdag.py
[2025-06-20T15:36:17.039+0000] {processor.py:830} INFO - Processing file /home/airflow/.local/lib/python3.12/site-packages/airflow/example_dags/subdags/subdag.py for tasks to queue
[2025-06-20T15:36:17.041+0000] {logging_mixin.py:188} INFO - [2025-06-20T15:36:17.041+0000] {dagbag.py:540} INFO - Filling up the DagBag from /home/airflow/.local/lib/python3.12/site-packages/airflow/example_dags/subdags/subdag.py
[2025-06-20T15:36:17.044+0000] {processor.py:842} WARNING - No viable dags retrieved from /home/airflow/.local/lib/python3.12/site-packages/airflow/example_dags/subdags/subdag.py
[2025-06-20T15:36:17.056+0000] {processor.py:183} INFO - Processing /home/airflow/.local/lib/python3.12/site-packages/airflow/example_dags/subdags/subdag.py took 0.024 seconds
[2025-06-20T15:36:48.140+0000] {processor.py:161} INFO - Started process (PID=7286) to work on /home/airflow/.local/lib/python3.12/site-packages/airflow/example_dags/subdags/subdag.py
[2025-06-20T15:36:48.141+0000] {processor.py:830} INFO - Processing file /home/airflow/.local/lib/python3.12/site-packages/airflow/example_dags/subdags/subdag.py for tasks to queue
[2025-06-20T15:36:48.142+0000] {logging_mixin.py:188} INFO - [2025-06-20T15:36:48.142+0000] {dagbag.py:540} INFO - Filling up the DagBag from /home/airflow/.local/lib/python3.12/site-packages/airflow/example_dags/subdags/subdag.py
[2025-06-20T15:36:48.144+0000] {processor.py:842} WARNING - No viable dags retrieved from /home/airflow/.local/lib/python3.12/site-packages/airflow/example_dags/subdags/subdag.py
[2025-06-20T15:36:48.158+0000] {processor.py:183} INFO - Processing /home/airflow/.local/lib/python3.12/site-packages/airflow/example_dags/subdags/subdag.py took 0.024 seconds
[2025-06-20T15:37:18.336+0000] {processor.py:161} INFO - Started process (PID=7345) to work on /home/airflow/.local/lib/python3.12/site-packages/airflow/example_dags/subdags/subdag.py
[2025-06-20T15:37:18.337+0000] {processor.py:830} INFO - Processing file /home/airflow/.local/lib/python3.12/site-packages/airflow/example_dags/subdags/subdag.py for tasks to queue
[2025-06-20T15:37:18.339+0000] {logging_mixin.py:188} INFO - [2025-06-20T15:37:18.339+0000] {dagbag.py:540} INFO - Filling up the DagBag from /home/airflow/.local/lib/python3.12/site-packages/airflow/example_dags/subdags/subdag.py
[2025-06-20T15:37:18.341+0000] {processor.py:842} WARNING - No viable dags retrieved from /home/airflow/.local/lib/python3.12/site-packages/airflow/example_dags/subdags/subdag.py
[2025-06-20T15:37:18.356+0000] {processor.py:183} INFO - Processing /home/airflow/.local/lib/python3.12/site-packages/airflow/example_dags/subdags/subdag.py took 0.026 seconds
[2025-06-20T15:37:48.672+0000] {processor.py:161} INFO - Started process (PID=7403) to work on /home/airflow/.local/lib/python3.12/site-packages/airflow/example_dags/subdags/subdag.py
[2025-06-20T15:37:48.673+0000] {processor.py:830} INFO - Processing file /home/airflow/.local/lib/python3.12/site-packages/airflow/example_dags/subdags/subdag.py for tasks to queue
[2025-06-20T15:37:48.675+0000] {logging_mixin.py:188} INFO - [2025-06-20T15:37:48.675+0000] {dagbag.py:540} INFO - Filling up the DagBag from /home/airflow/.local/lib/python3.12/site-packages/airflow/example_dags/subdags/subdag.py
[2025-06-20T15:37:48.678+0000] {processor.py:842} WARNING - No viable dags retrieved from /home/airflow/.local/lib/python3.12/site-packages/airflow/example_dags/subdags/subdag.py
[2025-06-20T15:37:48.690+0000] {processor.py:183} INFO - Processing /home/airflow/.local/lib/python3.12/site-packages/airflow/example_dags/subdags/subdag.py took 0.024 seconds
[2025-06-20T15:38:19.772+0000] {processor.py:161} INFO - Started process (PID=7463) to work on /home/airflow/.local/lib/python3.12/site-packages/airflow/example_dags/subdags/subdag.py
[2025-06-20T15:38:19.773+0000] {processor.py:830} INFO - Processing file /home/airflow/.local/lib/python3.12/site-packages/airflow/example_dags/subdags/subdag.py for tasks to queue
[2025-06-20T15:38:19.775+0000] {logging_mixin.py:188} INFO - [2025-06-20T15:38:19.775+0000] {dagbag.py:540} INFO - Filling up the DagBag from /home/airflow/.local/lib/python3.12/site-packages/airflow/example_dags/subdags/subdag.py
[2025-06-20T15:38:19.777+0000] {processor.py:842} WARNING - No viable dags retrieved from /home/airflow/.local/lib/python3.12/site-packages/airflow/example_dags/subdags/subdag.py
[2025-06-20T15:38:19.789+0000] {processor.py:183} INFO - Processing /home/airflow/.local/lib/python3.12/site-packages/airflow/example_dags/subdags/subdag.py took 0.023 seconds
[2025-06-20T15:38:50.456+0000] {processor.py:161} INFO - Started process (PID=7522) to work on /home/airflow/.local/lib/python3.12/site-packages/airflow/example_dags/subdags/subdag.py
[2025-06-20T15:38:50.457+0000] {processor.py:830} INFO - Processing file /home/airflow/.local/lib/python3.12/site-packages/airflow/example_dags/subdags/subdag.py for tasks to queue
[2025-06-20T15:38:50.459+0000] {logging_mixin.py:188} INFO - [2025-06-20T15:38:50.458+0000] {dagbag.py:540} INFO - Filling up the DagBag from /home/airflow/.local/lib/python3.12/site-packages/airflow/example_dags/subdags/subdag.py
[2025-06-20T15:38:50.461+0000] {processor.py:842} WARNING - No viable dags retrieved from /home/airflow/.local/lib/python3.12/site-packages/airflow/example_dags/subdags/subdag.py
[2025-06-20T15:38:50.473+0000] {processor.py:183} INFO - Processing /home/airflow/.local/lib/python3.12/site-packages/airflow/example_dags/subdags/subdag.py took 0.023 seconds
[2025-06-20T15:39:21.134+0000] {processor.py:161} INFO - Started process (PID=7581) to work on /home/airflow/.local/lib/python3.12/site-packages/airflow/example_dags/subdags/subdag.py
[2025-06-20T15:39:21.135+0000] {processor.py:830} INFO - Processing file /home/airflow/.local/lib/python3.12/site-packages/airflow/example_dags/subdags/subdag.py for tasks to queue
[2025-06-20T15:39:21.137+0000] {logging_mixin.py:188} INFO - [2025-06-20T15:39:21.136+0000] {dagbag.py:540} INFO - Filling up the DagBag from /home/airflow/.local/lib/python3.12/site-packages/airflow/example_dags/subdags/subdag.py
[2025-06-20T15:39:21.139+0000] {processor.py:842} WARNING - No viable dags retrieved from /home/airflow/.local/lib/python3.12/site-packages/airflow/example_dags/subdags/subdag.py
[2025-06-20T15:39:21.151+0000] {processor.py:183} INFO - Processing /home/airflow/.local/lib/python3.12/site-packages/airflow/example_dags/subdags/subdag.py took 0.023 seconds
[2025-06-20T15:39:51.709+0000] {processor.py:161} INFO - Started process (PID=7640) to work on /home/airflow/.local/lib/python3.12/site-packages/airflow/example_dags/subdags/subdag.py
[2025-06-20T15:39:51.710+0000] {processor.py:830} INFO - Processing file /home/airflow/.local/lib/python3.12/site-packages/airflow/example_dags/subdags/subdag.py for tasks to queue
[2025-06-20T15:39:51.712+0000] {logging_mixin.py:188} INFO - [2025-06-20T15:39:51.712+0000] {dagbag.py:540} INFO - Filling up the DagBag from /home/airflow/.local/lib/python3.12/site-packages/airflow/example_dags/subdags/subdag.py
[2025-06-20T15:39:51.714+0000] {processor.py:842} WARNING - No viable dags retrieved from /home/airflow/.local/lib/python3.12/site-packages/airflow/example_dags/subdags/subdag.py
[2025-06-20T15:39:51.726+0000] {processor.py:183} INFO - Processing /home/airflow/.local/lib/python3.12/site-packages/airflow/example_dags/subdags/subdag.py took 0.023 seconds
[2025-06-20T15:40:22.456+0000] {processor.py:161} INFO - Started process (PID=7699) to work on /home/airflow/.local/lib/python3.12/site-packages/airflow/example_dags/subdags/subdag.py
[2025-06-20T15:40:22.457+0000] {processor.py:830} INFO - Processing file /home/airflow/.local/lib/python3.12/site-packages/airflow/example_dags/subdags/subdag.py for tasks to queue
[2025-06-20T15:40:22.459+0000] {logging_mixin.py:188} INFO - [2025-06-20T15:40:22.459+0000] {dagbag.py:540} INFO - Filling up the DagBag from /home/airflow/.local/lib/python3.12/site-packages/airflow/example_dags/subdags/subdag.py
[2025-06-20T15:40:22.461+0000] {processor.py:842} WARNING - No viable dags retrieved from /home/airflow/.local/lib/python3.12/site-packages/airflow/example_dags/subdags/subdag.py
[2025-06-20T15:40:22.474+0000] {processor.py:183} INFO - Processing /home/airflow/.local/lib/python3.12/site-packages/airflow/example_dags/subdags/subdag.py took 0.023 seconds
[2025-06-20T15:40:52.970+0000] {processor.py:161} INFO - Started process (PID=7758) to work on /home/airflow/.local/lib/python3.12/site-packages/airflow/example_dags/subdags/subdag.py
[2025-06-20T15:40:52.971+0000] {processor.py:830} INFO - Processing file /home/airflow/.local/lib/python3.12/site-packages/airflow/example_dags/subdags/subdag.py for tasks to queue
[2025-06-20T15:40:52.973+0000] {logging_mixin.py:188} INFO - [2025-06-20T15:40:52.972+0000] {dagbag.py:540} INFO - Filling up the DagBag from /home/airflow/.local/lib/python3.12/site-packages/airflow/example_dags/subdags/subdag.py
[2025-06-20T15:40:52.975+0000] {processor.py:842} WARNING - No viable dags retrieved from /home/airflow/.local/lib/python3.12/site-packages/airflow/example_dags/subdags/subdag.py
[2025-06-20T15:40:52.987+0000] {processor.py:183} INFO - Processing /home/airflow/.local/lib/python3.12/site-packages/airflow/example_dags/subdags/subdag.py took 0.023 seconds
[2025-06-20T15:41:23.558+0000] {processor.py:161} INFO - Started process (PID=7817) to work on /home/airflow/.local/lib/python3.12/site-packages/airflow/example_dags/subdags/subdag.py
[2025-06-20T15:41:23.559+0000] {processor.py:830} INFO - Processing file /home/airflow/.local/lib/python3.12/site-packages/airflow/example_dags/subdags/subdag.py for tasks to queue
[2025-06-20T15:41:23.561+0000] {logging_mixin.py:188} INFO - [2025-06-20T15:41:23.560+0000] {dagbag.py:540} INFO - Filling up the DagBag from /home/airflow/.local/lib/python3.12/site-packages/airflow/example_dags/subdags/subdag.py
[2025-06-20T15:41:23.563+0000] {processor.py:842} WARNING - No viable dags retrieved from /home/airflow/.local/lib/python3.12/site-packages/airflow/example_dags/subdags/subdag.py
[2025-06-20T15:41:23.575+0000] {processor.py:183} INFO - Processing /home/airflow/.local/lib/python3.12/site-packages/airflow/example_dags/subdags/subdag.py took 0.023 seconds
[2025-06-20T15:41:54.263+0000] {processor.py:161} INFO - Started process (PID=7876) to work on /home/airflow/.local/lib/python3.12/site-packages/airflow/example_dags/subdags/subdag.py
[2025-06-20T15:41:54.264+0000] {processor.py:830} INFO - Processing file /home/airflow/.local/lib/python3.12/site-packages/airflow/example_dags/subdags/subdag.py for tasks to queue
[2025-06-20T15:41:54.266+0000] {logging_mixin.py:188} INFO - [2025-06-20T15:41:54.266+0000] {dagbag.py:540} INFO - Filling up the DagBag from /home/airflow/.local/lib/python3.12/site-packages/airflow/example_dags/subdags/subdag.py
[2025-06-20T15:41:54.268+0000] {processor.py:842} WARNING - No viable dags retrieved from /home/airflow/.local/lib/python3.12/site-packages/airflow/example_dags/subdags/subdag.py
[2025-06-20T15:41:54.280+0000] {processor.py:183} INFO - Processing /home/airflow/.local/lib/python3.12/site-packages/airflow/example_dags/subdags/subdag.py took 0.024 seconds
[2025-06-20T15:42:24.872+0000] {processor.py:161} INFO - Started process (PID=7935) to work on /home/airflow/.local/lib/python3.12/site-packages/airflow/example_dags/subdags/subdag.py
[2025-06-20T15:42:24.873+0000] {processor.py:830} INFO - Processing file /home/airflow/.local/lib/python3.12/site-packages/airflow/example_dags/subdags/subdag.py for tasks to queue
[2025-06-20T15:42:24.875+0000] {logging_mixin.py:188} INFO - [2025-06-20T15:42:24.874+0000] {dagbag.py:540} INFO - Filling up the DagBag from /home/airflow/.local/lib/python3.12/site-packages/airflow/example_dags/subdags/subdag.py
[2025-06-20T15:42:24.878+0000] {processor.py:842} WARNING - No viable dags retrieved from /home/airflow/.local/lib/python3.12/site-packages/airflow/example_dags/subdags/subdag.py
[2025-06-20T15:42:24.892+0000] {processor.py:183} INFO - Processing /home/airflow/.local/lib/python3.12/site-packages/airflow/example_dags/subdags/subdag.py took 0.026 seconds
[2025-06-20T15:42:55.626+0000] {processor.py:161} INFO - Started process (PID=7994) to work on /home/airflow/.local/lib/python3.12/site-packages/airflow/example_dags/subdags/subdag.py
[2025-06-20T15:42:55.627+0000] {processor.py:830} INFO - Processing file /home/airflow/.local/lib/python3.12/site-packages/airflow/example_dags/subdags/subdag.py for tasks to queue
[2025-06-20T15:42:55.629+0000] {logging_mixin.py:188} INFO - [2025-06-20T15:42:55.629+0000] {dagbag.py:540} INFO - Filling up the DagBag from /home/airflow/.local/lib/python3.12/site-packages/airflow/example_dags/subdags/subdag.py
[2025-06-20T15:42:55.632+0000] {processor.py:842} WARNING - No viable dags retrieved from /home/airflow/.local/lib/python3.12/site-packages/airflow/example_dags/subdags/subdag.py
[2025-06-20T15:42:55.645+0000] {processor.py:183} INFO - Processing /home/airflow/.local/lib/python3.12/site-packages/airflow/example_dags/subdags/subdag.py took 0.025 seconds
[2025-06-20T15:43:26.269+0000] {processor.py:161} INFO - Started process (PID=8053) to work on /home/airflow/.local/lib/python3.12/site-packages/airflow/example_dags/subdags/subdag.py
[2025-06-20T15:43:26.270+0000] {processor.py:830} INFO - Processing file /home/airflow/.local/lib/python3.12/site-packages/airflow/example_dags/subdags/subdag.py for tasks to queue
[2025-06-20T15:43:26.272+0000] {logging_mixin.py:188} INFO - [2025-06-20T15:43:26.271+0000] {dagbag.py:540} INFO - Filling up the DagBag from /home/airflow/.local/lib/python3.12/site-packages/airflow/example_dags/subdags/subdag.py
[2025-06-20T15:43:26.274+0000] {processor.py:842} WARNING - No viable dags retrieved from /home/airflow/.local/lib/python3.12/site-packages/airflow/example_dags/subdags/subdag.py
[2025-06-20T15:43:26.286+0000] {processor.py:183} INFO - Processing /home/airflow/.local/lib/python3.12/site-packages/airflow/example_dags/subdags/subdag.py took 0.023 seconds
[2025-06-20T15:43:56.918+0000] {processor.py:161} INFO - Started process (PID=8112) to work on /home/airflow/.local/lib/python3.12/site-packages/airflow/example_dags/subdags/subdag.py
[2025-06-20T15:43:56.918+0000] {processor.py:830} INFO - Processing file /home/airflow/.local/lib/python3.12/site-packages/airflow/example_dags/subdags/subdag.py for tasks to queue
[2025-06-20T15:43:56.920+0000] {logging_mixin.py:188} INFO - [2025-06-20T15:43:56.920+0000] {dagbag.py:540} INFO - Filling up the DagBag from /home/airflow/.local/lib/python3.12/site-packages/airflow/example_dags/subdags/subdag.py
[2025-06-20T15:43:56.923+0000] {processor.py:842} WARNING - No viable dags retrieved from /home/airflow/.local/lib/python3.12/site-packages/airflow/example_dags/subdags/subdag.py
[2025-06-20T15:43:56.935+0000] {processor.py:183} INFO - Processing /home/airflow/.local/lib/python3.12/site-packages/airflow/example_dags/subdags/subdag.py took 0.023 seconds
[2025-06-20T15:44:27.635+0000] {processor.py:161} INFO - Started process (PID=8171) to work on /home/airflow/.local/lib/python3.12/site-packages/airflow/example_dags/subdags/subdag.py
[2025-06-20T15:44:27.636+0000] {processor.py:830} INFO - Processing file /home/airflow/.local/lib/python3.12/site-packages/airflow/example_dags/subdags/subdag.py for tasks to queue
[2025-06-20T15:44:27.638+0000] {logging_mixin.py:188} INFO - [2025-06-20T15:44:27.637+0000] {dagbag.py:540} INFO - Filling up the DagBag from /home/airflow/.local/lib/python3.12/site-packages/airflow/example_dags/subdags/subdag.py
[2025-06-20T15:44:27.640+0000] {processor.py:842} WARNING - No viable dags retrieved from /home/airflow/.local/lib/python3.12/site-packages/airflow/example_dags/subdags/subdag.py
[2025-06-20T15:44:27.656+0000] {processor.py:183} INFO - Processing /home/airflow/.local/lib/python3.12/site-packages/airflow/example_dags/subdags/subdag.py took 0.027 seconds
[2025-06-20T15:44:58.394+0000] {processor.py:161} INFO - Started process (PID=8230) to work on /home/airflow/.local/lib/python3.12/site-packages/airflow/example_dags/subdags/subdag.py
[2025-06-20T15:44:58.395+0000] {processor.py:830} INFO - Processing file /home/airflow/.local/lib/python3.12/site-packages/airflow/example_dags/subdags/subdag.py for tasks to queue
[2025-06-20T15:44:58.397+0000] {logging_mixin.py:188} INFO - [2025-06-20T15:44:58.397+0000] {dagbag.py:540} INFO - Filling up the DagBag from /home/airflow/.local/lib/python3.12/site-packages/airflow/example_dags/subdags/subdag.py
[2025-06-20T15:44:58.399+0000] {processor.py:842} WARNING - No viable dags retrieved from /home/airflow/.local/lib/python3.12/site-packages/airflow/example_dags/subdags/subdag.py
[2025-06-20T15:44:58.412+0000] {processor.py:183} INFO - Processing /home/airflow/.local/lib/python3.12/site-packages/airflow/example_dags/subdags/subdag.py took 0.023 seconds
[2025-06-20T15:45:29.206+0000] {processor.py:161} INFO - Started process (PID=8295) to work on /home/airflow/.local/lib/python3.12/site-packages/airflow/example_dags/subdags/subdag.py
[2025-06-20T15:45:29.212+0000] {processor.py:830} INFO - Processing file /home/airflow/.local/lib/python3.12/site-packages/airflow/example_dags/subdags/subdag.py for tasks to queue
[2025-06-20T15:45:29.215+0000] {logging_mixin.py:188} INFO - [2025-06-20T15:45:29.214+0000] {dagbag.py:540} INFO - Filling up the DagBag from /home/airflow/.local/lib/python3.12/site-packages/airflow/example_dags/subdags/subdag.py
[2025-06-20T15:45:29.217+0000] {processor.py:842} WARNING - No viable dags retrieved from /home/airflow/.local/lib/python3.12/site-packages/airflow/example_dags/subdags/subdag.py
[2025-06-20T15:45:29.231+0000] {processor.py:183} INFO - Processing /home/airflow/.local/lib/python3.12/site-packages/airflow/example_dags/subdags/subdag.py took 0.032 seconds
[2025-06-20T15:45:59.596+0000] {processor.py:161} INFO - Started process (PID=8354) to work on /home/airflow/.local/lib/python3.12/site-packages/airflow/example_dags/subdags/subdag.py
[2025-06-20T15:45:59.597+0000] {processor.py:830} INFO - Processing file /home/airflow/.local/lib/python3.12/site-packages/airflow/example_dags/subdags/subdag.py for tasks to queue
[2025-06-20T15:45:59.598+0000] {logging_mixin.py:188} INFO - [2025-06-20T15:45:59.598+0000] {dagbag.py:540} INFO - Filling up the DagBag from /home/airflow/.local/lib/python3.12/site-packages/airflow/example_dags/subdags/subdag.py
[2025-06-20T15:45:59.600+0000] {processor.py:842} WARNING - No viable dags retrieved from /home/airflow/.local/lib/python3.12/site-packages/airflow/example_dags/subdags/subdag.py
[2025-06-20T15:45:59.613+0000] {processor.py:183} INFO - Processing /home/airflow/.local/lib/python3.12/site-packages/airflow/example_dags/subdags/subdag.py took 0.023 seconds
[2025-06-20T15:46:30.589+0000] {processor.py:161} INFO - Started process (PID=8413) to work on /home/airflow/.local/lib/python3.12/site-packages/airflow/example_dags/subdags/subdag.py
[2025-06-20T15:46:30.590+0000] {processor.py:830} INFO - Processing file /home/airflow/.local/lib/python3.12/site-packages/airflow/example_dags/subdags/subdag.py for tasks to queue
[2025-06-20T15:46:30.592+0000] {logging_mixin.py:188} INFO - [2025-06-20T15:46:30.592+0000] {dagbag.py:540} INFO - Filling up the DagBag from /home/airflow/.local/lib/python3.12/site-packages/airflow/example_dags/subdags/subdag.py
[2025-06-20T15:46:30.594+0000] {processor.py:842} WARNING - No viable dags retrieved from /home/airflow/.local/lib/python3.12/site-packages/airflow/example_dags/subdags/subdag.py
[2025-06-20T15:46:30.607+0000] {processor.py:183} INFO - Processing /home/airflow/.local/lib/python3.12/site-packages/airflow/example_dags/subdags/subdag.py took 0.023 seconds
[2025-06-20T15:47:01.137+0000] {processor.py:161} INFO - Started process (PID=8472) to work on /home/airflow/.local/lib/python3.12/site-packages/airflow/example_dags/subdags/subdag.py
[2025-06-20T15:47:01.137+0000] {processor.py:830} INFO - Processing file /home/airflow/.local/lib/python3.12/site-packages/airflow/example_dags/subdags/subdag.py for tasks to queue
[2025-06-20T15:47:01.139+0000] {logging_mixin.py:188} INFO - [2025-06-20T15:47:01.139+0000] {dagbag.py:540} INFO - Filling up the DagBag from /home/airflow/.local/lib/python3.12/site-packages/airflow/example_dags/subdags/subdag.py
[2025-06-20T15:47:01.141+0000] {processor.py:842} WARNING - No viable dags retrieved from /home/airflow/.local/lib/python3.12/site-packages/airflow/example_dags/subdags/subdag.py
[2025-06-20T15:47:01.154+0000] {processor.py:183} INFO - Processing /home/airflow/.local/lib/python3.12/site-packages/airflow/example_dags/subdags/subdag.py took 0.023 seconds
[2025-06-20T15:47:31.854+0000] {processor.py:161} INFO - Started process (PID=8531) to work on /home/airflow/.local/lib/python3.12/site-packages/airflow/example_dags/subdags/subdag.py
[2025-06-20T15:47:31.855+0000] {processor.py:830} INFO - Processing file /home/airflow/.local/lib/python3.12/site-packages/airflow/example_dags/subdags/subdag.py for tasks to queue
[2025-06-20T15:47:31.857+0000] {logging_mixin.py:188} INFO - [2025-06-20T15:47:31.856+0000] {dagbag.py:540} INFO - Filling up the DagBag from /home/airflow/.local/lib/python3.12/site-packages/airflow/example_dags/subdags/subdag.py
[2025-06-20T15:47:31.859+0000] {processor.py:842} WARNING - No viable dags retrieved from /home/airflow/.local/lib/python3.12/site-packages/airflow/example_dags/subdags/subdag.py
[2025-06-20T15:47:31.871+0000] {processor.py:183} INFO - Processing /home/airflow/.local/lib/python3.12/site-packages/airflow/example_dags/subdags/subdag.py took 0.023 seconds
[2025-06-20T15:48:02.562+0000] {processor.py:161} INFO - Started process (PID=8590) to work on /home/airflow/.local/lib/python3.12/site-packages/airflow/example_dags/subdags/subdag.py
[2025-06-20T15:48:02.563+0000] {processor.py:830} INFO - Processing file /home/airflow/.local/lib/python3.12/site-packages/airflow/example_dags/subdags/subdag.py for tasks to queue
[2025-06-20T15:48:02.565+0000] {logging_mixin.py:188} INFO - [2025-06-20T15:48:02.565+0000] {dagbag.py:540} INFO - Filling up the DagBag from /home/airflow/.local/lib/python3.12/site-packages/airflow/example_dags/subdags/subdag.py
[2025-06-20T15:48:02.567+0000] {processor.py:842} WARNING - No viable dags retrieved from /home/airflow/.local/lib/python3.12/site-packages/airflow/example_dags/subdags/subdag.py
[2025-06-20T15:48:02.579+0000] {processor.py:183} INFO - Processing /home/airflow/.local/lib/python3.12/site-packages/airflow/example_dags/subdags/subdag.py took 0.022 seconds
[2025-06-20T15:48:33.316+0000] {processor.py:161} INFO - Started process (PID=8649) to work on /home/airflow/.local/lib/python3.12/site-packages/airflow/example_dags/subdags/subdag.py
[2025-06-20T15:48:33.317+0000] {processor.py:830} INFO - Processing file /home/airflow/.local/lib/python3.12/site-packages/airflow/example_dags/subdags/subdag.py for tasks to queue
[2025-06-20T15:48:33.319+0000] {logging_mixin.py:188} INFO - [2025-06-20T15:48:33.318+0000] {dagbag.py:540} INFO - Filling up the DagBag from /home/airflow/.local/lib/python3.12/site-packages/airflow/example_dags/subdags/subdag.py
[2025-06-20T15:48:33.321+0000] {processor.py:842} WARNING - No viable dags retrieved from /home/airflow/.local/lib/python3.12/site-packages/airflow/example_dags/subdags/subdag.py
[2025-06-20T15:48:33.333+0000] {processor.py:183} INFO - Processing /home/airflow/.local/lib/python3.12/site-packages/airflow/example_dags/subdags/subdag.py took 0.023 seconds
[2025-06-20T15:49:04.048+0000] {processor.py:161} INFO - Started process (PID=8708) to work on /home/airflow/.local/lib/python3.12/site-packages/airflow/example_dags/subdags/subdag.py
[2025-06-20T15:49:04.049+0000] {processor.py:830} INFO - Processing file /home/airflow/.local/lib/python3.12/site-packages/airflow/example_dags/subdags/subdag.py for tasks to queue
[2025-06-20T15:49:04.050+0000] {logging_mixin.py:188} INFO - [2025-06-20T15:49:04.050+0000] {dagbag.py:540} INFO - Filling up the DagBag from /home/airflow/.local/lib/python3.12/site-packages/airflow/example_dags/subdags/subdag.py
[2025-06-20T15:49:04.053+0000] {processor.py:842} WARNING - No viable dags retrieved from /home/airflow/.local/lib/python3.12/site-packages/airflow/example_dags/subdags/subdag.py
[2025-06-20T15:49:04.065+0000] {processor.py:183} INFO - Processing /home/airflow/.local/lib/python3.12/site-packages/airflow/example_dags/subdags/subdag.py took 0.023 seconds
[2025-06-20T15:49:34.757+0000] {processor.py:161} INFO - Started process (PID=8767) to work on /home/airflow/.local/lib/python3.12/site-packages/airflow/example_dags/subdags/subdag.py
[2025-06-20T15:49:34.758+0000] {processor.py:830} INFO - Processing file /home/airflow/.local/lib/python3.12/site-packages/airflow/example_dags/subdags/subdag.py for tasks to queue
[2025-06-20T15:49:34.760+0000] {logging_mixin.py:188} INFO - [2025-06-20T15:49:34.760+0000] {dagbag.py:540} INFO - Filling up the DagBag from /home/airflow/.local/lib/python3.12/site-packages/airflow/example_dags/subdags/subdag.py
[2025-06-20T15:49:34.762+0000] {processor.py:842} WARNING - No viable dags retrieved from /home/airflow/.local/lib/python3.12/site-packages/airflow/example_dags/subdags/subdag.py
[2025-06-20T15:49:34.775+0000] {processor.py:183} INFO - Processing /home/airflow/.local/lib/python3.12/site-packages/airflow/example_dags/subdags/subdag.py took 0.025 seconds
[2025-06-20T15:50:05.441+0000] {processor.py:161} INFO - Started process (PID=8826) to work on /home/airflow/.local/lib/python3.12/site-packages/airflow/example_dags/subdags/subdag.py
[2025-06-20T15:50:05.442+0000] {processor.py:830} INFO - Processing file /home/airflow/.local/lib/python3.12/site-packages/airflow/example_dags/subdags/subdag.py for tasks to queue
[2025-06-20T15:50:05.444+0000] {logging_mixin.py:188} INFO - [2025-06-20T15:50:05.444+0000] {dagbag.py:540} INFO - Filling up the DagBag from /home/airflow/.local/lib/python3.12/site-packages/airflow/example_dags/subdags/subdag.py
[2025-06-20T15:50:05.446+0000] {processor.py:842} WARNING - No viable dags retrieved from /home/airflow/.local/lib/python3.12/site-packages/airflow/example_dags/subdags/subdag.py
[2025-06-20T15:50:05.460+0000] {processor.py:183} INFO - Processing /home/airflow/.local/lib/python3.12/site-packages/airflow/example_dags/subdags/subdag.py took 0.025 seconds
[2025-06-20T15:50:36.131+0000] {processor.py:161} INFO - Started process (PID=8885) to work on /home/airflow/.local/lib/python3.12/site-packages/airflow/example_dags/subdags/subdag.py
[2025-06-20T15:50:36.132+0000] {processor.py:830} INFO - Processing file /home/airflow/.local/lib/python3.12/site-packages/airflow/example_dags/subdags/subdag.py for tasks to queue
[2025-06-20T15:50:36.134+0000] {logging_mixin.py:188} INFO - [2025-06-20T15:50:36.134+0000] {dagbag.py:540} INFO - Filling up the DagBag from /home/airflow/.local/lib/python3.12/site-packages/airflow/example_dags/subdags/subdag.py
[2025-06-20T15:50:36.136+0000] {processor.py:842} WARNING - No viable dags retrieved from /home/airflow/.local/lib/python3.12/site-packages/airflow/example_dags/subdags/subdag.py
[2025-06-20T15:50:36.149+0000] {processor.py:183} INFO - Processing /home/airflow/.local/lib/python3.12/site-packages/airflow/example_dags/subdags/subdag.py took 0.023 seconds
[2025-06-20T15:51:06.862+0000] {processor.py:161} INFO - Started process (PID=8944) to work on /home/airflow/.local/lib/python3.12/site-packages/airflow/example_dags/subdags/subdag.py
[2025-06-20T15:51:06.863+0000] {processor.py:830} INFO - Processing file /home/airflow/.local/lib/python3.12/site-packages/airflow/example_dags/subdags/subdag.py for tasks to queue
[2025-06-20T15:51:06.864+0000] {logging_mixin.py:188} INFO - [2025-06-20T15:51:06.864+0000] {dagbag.py:540} INFO - Filling up the DagBag from /home/airflow/.local/lib/python3.12/site-packages/airflow/example_dags/subdags/subdag.py
[2025-06-20T15:51:06.866+0000] {processor.py:842} WARNING - No viable dags retrieved from /home/airflow/.local/lib/python3.12/site-packages/airflow/example_dags/subdags/subdag.py
[2025-06-20T15:51:06.879+0000] {processor.py:183} INFO - Processing /home/airflow/.local/lib/python3.12/site-packages/airflow/example_dags/subdags/subdag.py took 0.023 seconds
[2025-06-20T15:51:37.447+0000] {processor.py:161} INFO - Started process (PID=9003) to work on /home/airflow/.local/lib/python3.12/site-packages/airflow/example_dags/subdags/subdag.py
[2025-06-20T15:51:37.448+0000] {processor.py:830} INFO - Processing file /home/airflow/.local/lib/python3.12/site-packages/airflow/example_dags/subdags/subdag.py for tasks to queue
[2025-06-20T15:51:37.451+0000] {logging_mixin.py:188} INFO - [2025-06-20T15:51:37.451+0000] {dagbag.py:540} INFO - Filling up the DagBag from /home/airflow/.local/lib/python3.12/site-packages/airflow/example_dags/subdags/subdag.py
[2025-06-20T15:51:37.454+0000] {processor.py:842} WARNING - No viable dags retrieved from /home/airflow/.local/lib/python3.12/site-packages/airflow/example_dags/subdags/subdag.py
[2025-06-20T15:51:37.473+0000] {processor.py:183} INFO - Processing /home/airflow/.local/lib/python3.12/site-packages/airflow/example_dags/subdags/subdag.py took 0.032 seconds
[2025-06-20T15:52:08.004+0000] {processor.py:161} INFO - Started process (PID=9062) to work on /home/airflow/.local/lib/python3.12/site-packages/airflow/example_dags/subdags/subdag.py
[2025-06-20T15:52:08.005+0000] {processor.py:830} INFO - Processing file /home/airflow/.local/lib/python3.12/site-packages/airflow/example_dags/subdags/subdag.py for tasks to queue
[2025-06-20T15:52:08.007+0000] {logging_mixin.py:188} INFO - [2025-06-20T15:52:08.006+0000] {dagbag.py:540} INFO - Filling up the DagBag from /home/airflow/.local/lib/python3.12/site-packages/airflow/example_dags/subdags/subdag.py
[2025-06-20T15:52:08.009+0000] {processor.py:842} WARNING - No viable dags retrieved from /home/airflow/.local/lib/python3.12/site-packages/airflow/example_dags/subdags/subdag.py
[2025-06-20T15:52:08.022+0000] {processor.py:183} INFO - Processing /home/airflow/.local/lib/python3.12/site-packages/airflow/example_dags/subdags/subdag.py took 0.024 seconds
[2025-06-20T15:52:38.863+0000] {processor.py:161} INFO - Started process (PID=9121) to work on /home/airflow/.local/lib/python3.12/site-packages/airflow/example_dags/subdags/subdag.py
[2025-06-20T15:52:38.864+0000] {processor.py:830} INFO - Processing file /home/airflow/.local/lib/python3.12/site-packages/airflow/example_dags/subdags/subdag.py for tasks to queue
[2025-06-20T15:52:38.866+0000] {logging_mixin.py:188} INFO - [2025-06-20T15:52:38.865+0000] {dagbag.py:540} INFO - Filling up the DagBag from /home/airflow/.local/lib/python3.12/site-packages/airflow/example_dags/subdags/subdag.py
[2025-06-20T15:52:38.868+0000] {processor.py:842} WARNING - No viable dags retrieved from /home/airflow/.local/lib/python3.12/site-packages/airflow/example_dags/subdags/subdag.py
[2025-06-20T15:52:38.881+0000] {processor.py:183} INFO - Processing /home/airflow/.local/lib/python3.12/site-packages/airflow/example_dags/subdags/subdag.py took 0.025 seconds
[2025-06-20T15:53:09.304+0000] {processor.py:161} INFO - Started process (PID=9180) to work on /home/airflow/.local/lib/python3.12/site-packages/airflow/example_dags/subdags/subdag.py
[2025-06-20T15:53:09.305+0000] {processor.py:830} INFO - Processing file /home/airflow/.local/lib/python3.12/site-packages/airflow/example_dags/subdags/subdag.py for tasks to queue
[2025-06-20T15:53:09.307+0000] {logging_mixin.py:188} INFO - [2025-06-20T15:53:09.307+0000] {dagbag.py:540} INFO - Filling up the DagBag from /home/airflow/.local/lib/python3.12/site-packages/airflow/example_dags/subdags/subdag.py
[2025-06-20T15:53:09.310+0000] {processor.py:842} WARNING - No viable dags retrieved from /home/airflow/.local/lib/python3.12/site-packages/airflow/example_dags/subdags/subdag.py
[2025-06-20T15:53:09.323+0000] {processor.py:183} INFO - Processing /home/airflow/.local/lib/python3.12/site-packages/airflow/example_dags/subdags/subdag.py took 0.024 seconds
[2025-06-20T15:53:40.312+0000] {processor.py:161} INFO - Started process (PID=9239) to work on /home/airflow/.local/lib/python3.12/site-packages/airflow/example_dags/subdags/subdag.py
[2025-06-20T15:53:40.313+0000] {processor.py:830} INFO - Processing file /home/airflow/.local/lib/python3.12/site-packages/airflow/example_dags/subdags/subdag.py for tasks to queue
[2025-06-20T15:53:40.315+0000] {logging_mixin.py:188} INFO - [2025-06-20T15:53:40.314+0000] {dagbag.py:540} INFO - Filling up the DagBag from /home/airflow/.local/lib/python3.12/site-packages/airflow/example_dags/subdags/subdag.py
[2025-06-20T15:53:40.317+0000] {processor.py:842} WARNING - No viable dags retrieved from /home/airflow/.local/lib/python3.12/site-packages/airflow/example_dags/subdags/subdag.py
[2025-06-20T15:53:40.329+0000] {processor.py:183} INFO - Processing /home/airflow/.local/lib/python3.12/site-packages/airflow/example_dags/subdags/subdag.py took 0.023 seconds
[2025-06-20T15:54:10.595+0000] {processor.py:161} INFO - Started process (PID=9298) to work on /home/airflow/.local/lib/python3.12/site-packages/airflow/example_dags/subdags/subdag.py
[2025-06-20T15:54:10.596+0000] {processor.py:830} INFO - Processing file /home/airflow/.local/lib/python3.12/site-packages/airflow/example_dags/subdags/subdag.py for tasks to queue
[2025-06-20T15:54:10.598+0000] {logging_mixin.py:188} INFO - [2025-06-20T15:54:10.598+0000] {dagbag.py:540} INFO - Filling up the DagBag from /home/airflow/.local/lib/python3.12/site-packages/airflow/example_dags/subdags/subdag.py
[2025-06-20T15:54:10.601+0000] {processor.py:842} WARNING - No viable dags retrieved from /home/airflow/.local/lib/python3.12/site-packages/airflow/example_dags/subdags/subdag.py
[2025-06-20T15:54:10.617+0000] {processor.py:183} INFO - Processing /home/airflow/.local/lib/python3.12/site-packages/airflow/example_dags/subdags/subdag.py took 0.029 seconds
[2025-06-20T15:54:40.720+0000] {processor.py:161} INFO - Started process (PID=9357) to work on /home/airflow/.local/lib/python3.12/site-packages/airflow/example_dags/subdags/subdag.py
[2025-06-20T15:54:40.721+0000] {processor.py:830} INFO - Processing file /home/airflow/.local/lib/python3.12/site-packages/airflow/example_dags/subdags/subdag.py for tasks to queue
[2025-06-20T15:54:40.723+0000] {logging_mixin.py:188} INFO - [2025-06-20T15:54:40.723+0000] {dagbag.py:540} INFO - Filling up the DagBag from /home/airflow/.local/lib/python3.12/site-packages/airflow/example_dags/subdags/subdag.py
[2025-06-20T15:54:40.725+0000] {processor.py:842} WARNING - No viable dags retrieved from /home/airflow/.local/lib/python3.12/site-packages/airflow/example_dags/subdags/subdag.py
[2025-06-20T15:54:40.737+0000] {processor.py:183} INFO - Processing /home/airflow/.local/lib/python3.12/site-packages/airflow/example_dags/subdags/subdag.py took 0.023 seconds
[2025-06-20T15:55:11.512+0000] {processor.py:161} INFO - Started process (PID=9416) to work on /home/airflow/.local/lib/python3.12/site-packages/airflow/example_dags/subdags/subdag.py
[2025-06-20T15:55:11.513+0000] {processor.py:830} INFO - Processing file /home/airflow/.local/lib/python3.12/site-packages/airflow/example_dags/subdags/subdag.py for tasks to queue
[2025-06-20T15:55:11.515+0000] {logging_mixin.py:188} INFO - [2025-06-20T15:55:11.515+0000] {dagbag.py:540} INFO - Filling up the DagBag from /home/airflow/.local/lib/python3.12/site-packages/airflow/example_dags/subdags/subdag.py
[2025-06-20T15:55:11.518+0000] {processor.py:842} WARNING - No viable dags retrieved from /home/airflow/.local/lib/python3.12/site-packages/airflow/example_dags/subdags/subdag.py
[2025-06-20T15:55:11.534+0000] {processor.py:183} INFO - Processing /home/airflow/.local/lib/python3.12/site-packages/airflow/example_dags/subdags/subdag.py took 0.030 seconds
[2025-06-20T15:55:41.959+0000] {processor.py:161} INFO - Started process (PID=9475) to work on /home/airflow/.local/lib/python3.12/site-packages/airflow/example_dags/subdags/subdag.py
[2025-06-20T15:55:41.960+0000] {processor.py:830} INFO - Processing file /home/airflow/.local/lib/python3.12/site-packages/airflow/example_dags/subdags/subdag.py for tasks to queue
[2025-06-20T15:55:41.962+0000] {logging_mixin.py:188} INFO - [2025-06-20T15:55:41.962+0000] {dagbag.py:540} INFO - Filling up the DagBag from /home/airflow/.local/lib/python3.12/site-packages/airflow/example_dags/subdags/subdag.py
[2025-06-20T15:55:41.964+0000] {processor.py:842} WARNING - No viable dags retrieved from /home/airflow/.local/lib/python3.12/site-packages/airflow/example_dags/subdags/subdag.py
[2025-06-20T15:55:41.978+0000] {processor.py:183} INFO - Processing /home/airflow/.local/lib/python3.12/site-packages/airflow/example_dags/subdags/subdag.py took 0.026 seconds
[2025-06-20T15:56:12.131+0000] {processor.py:161} INFO - Started process (PID=9534) to work on /home/airflow/.local/lib/python3.12/site-packages/airflow/example_dags/subdags/subdag.py
[2025-06-20T15:56:12.132+0000] {processor.py:830} INFO - Processing file /home/airflow/.local/lib/python3.12/site-packages/airflow/example_dags/subdags/subdag.py for tasks to queue
[2025-06-20T15:56:12.134+0000] {logging_mixin.py:188} INFO - [2025-06-20T15:56:12.133+0000] {dagbag.py:540} INFO - Filling up the DagBag from /home/airflow/.local/lib/python3.12/site-packages/airflow/example_dags/subdags/subdag.py
[2025-06-20T15:56:12.136+0000] {processor.py:842} WARNING - No viable dags retrieved from /home/airflow/.local/lib/python3.12/site-packages/airflow/example_dags/subdags/subdag.py
[2025-06-20T15:56:12.150+0000] {processor.py:183} INFO - Processing /home/airflow/.local/lib/python3.12/site-packages/airflow/example_dags/subdags/subdag.py took 0.026 seconds
[2025-06-20T15:56:42.405+0000] {processor.py:161} INFO - Started process (PID=9593) to work on /home/airflow/.local/lib/python3.12/site-packages/airflow/example_dags/subdags/subdag.py
[2025-06-20T15:56:42.406+0000] {processor.py:830} INFO - Processing file /home/airflow/.local/lib/python3.12/site-packages/airflow/example_dags/subdags/subdag.py for tasks to queue
[2025-06-20T15:56:42.408+0000] {logging_mixin.py:188} INFO - [2025-06-20T15:56:42.407+0000] {dagbag.py:540} INFO - Filling up the DagBag from /home/airflow/.local/lib/python3.12/site-packages/airflow/example_dags/subdags/subdag.py
[2025-06-20T15:56:42.410+0000] {processor.py:842} WARNING - No viable dags retrieved from /home/airflow/.local/lib/python3.12/site-packages/airflow/example_dags/subdags/subdag.py
[2025-06-20T15:56:42.422+0000] {processor.py:183} INFO - Processing /home/airflow/.local/lib/python3.12/site-packages/airflow/example_dags/subdags/subdag.py took 0.023 seconds
[2025-06-20T15:57:12.687+0000] {processor.py:161} INFO - Started process (PID=9652) to work on /home/airflow/.local/lib/python3.12/site-packages/airflow/example_dags/subdags/subdag.py
[2025-06-20T15:57:12.688+0000] {processor.py:830} INFO - Processing file /home/airflow/.local/lib/python3.12/site-packages/airflow/example_dags/subdags/subdag.py for tasks to queue
[2025-06-20T15:57:12.690+0000] {logging_mixin.py:188} INFO - [2025-06-20T15:57:12.689+0000] {dagbag.py:540} INFO - Filling up the DagBag from /home/airflow/.local/lib/python3.12/site-packages/airflow/example_dags/subdags/subdag.py
[2025-06-20T15:57:12.692+0000] {processor.py:842} WARNING - No viable dags retrieved from /home/airflow/.local/lib/python3.12/site-packages/airflow/example_dags/subdags/subdag.py
[2025-06-20T15:57:12.704+0000] {processor.py:183} INFO - Processing /home/airflow/.local/lib/python3.12/site-packages/airflow/example_dags/subdags/subdag.py took 0.023 seconds
[2025-06-20T15:57:42.947+0000] {processor.py:161} INFO - Started process (PID=9711) to work on /home/airflow/.local/lib/python3.12/site-packages/airflow/example_dags/subdags/subdag.py
[2025-06-20T15:57:42.948+0000] {processor.py:830} INFO - Processing file /home/airflow/.local/lib/python3.12/site-packages/airflow/example_dags/subdags/subdag.py for tasks to queue
[2025-06-20T15:57:42.950+0000] {logging_mixin.py:188} INFO - [2025-06-20T15:57:42.949+0000] {dagbag.py:540} INFO - Filling up the DagBag from /home/airflow/.local/lib/python3.12/site-packages/airflow/example_dags/subdags/subdag.py
[2025-06-20T15:57:42.952+0000] {processor.py:842} WARNING - No viable dags retrieved from /home/airflow/.local/lib/python3.12/site-packages/airflow/example_dags/subdags/subdag.py
[2025-06-20T15:57:42.964+0000] {processor.py:183} INFO - Processing /home/airflow/.local/lib/python3.12/site-packages/airflow/example_dags/subdags/subdag.py took 0.023 seconds
[2025-06-20T15:58:13.333+0000] {processor.py:161} INFO - Started process (PID=9770) to work on /home/airflow/.local/lib/python3.12/site-packages/airflow/example_dags/subdags/subdag.py
[2025-06-20T15:58:13.334+0000] {processor.py:830} INFO - Processing file /home/airflow/.local/lib/python3.12/site-packages/airflow/example_dags/subdags/subdag.py for tasks to queue
[2025-06-20T15:58:13.336+0000] {logging_mixin.py:188} INFO - [2025-06-20T15:58:13.336+0000] {dagbag.py:540} INFO - Filling up the DagBag from /home/airflow/.local/lib/python3.12/site-packages/airflow/example_dags/subdags/subdag.py
[2025-06-20T15:58:13.338+0000] {processor.py:842} WARNING - No viable dags retrieved from /home/airflow/.local/lib/python3.12/site-packages/airflow/example_dags/subdags/subdag.py
[2025-06-20T15:58:13.352+0000] {processor.py:183} INFO - Processing /home/airflow/.local/lib/python3.12/site-packages/airflow/example_dags/subdags/subdag.py took 0.025 seconds
[2025-06-20T15:58:43.477+0000] {processor.py:161} INFO - Started process (PID=9829) to work on /home/airflow/.local/lib/python3.12/site-packages/airflow/example_dags/subdags/subdag.py
[2025-06-20T15:58:43.478+0000] {processor.py:830} INFO - Processing file /home/airflow/.local/lib/python3.12/site-packages/airflow/example_dags/subdags/subdag.py for tasks to queue
[2025-06-20T15:58:43.480+0000] {logging_mixin.py:188} INFO - [2025-06-20T15:58:43.480+0000] {dagbag.py:540} INFO - Filling up the DagBag from /home/airflow/.local/lib/python3.12/site-packages/airflow/example_dags/subdags/subdag.py
[2025-06-20T15:58:43.482+0000] {processor.py:842} WARNING - No viable dags retrieved from /home/airflow/.local/lib/python3.12/site-packages/airflow/example_dags/subdags/subdag.py
[2025-06-20T15:58:43.496+0000] {processor.py:183} INFO - Processing /home/airflow/.local/lib/python3.12/site-packages/airflow/example_dags/subdags/subdag.py took 0.025 seconds
[2025-06-20T15:59:13.769+0000] {processor.py:161} INFO - Started process (PID=9887) to work on /home/airflow/.local/lib/python3.12/site-packages/airflow/example_dags/subdags/subdag.py
[2025-06-20T15:59:13.769+0000] {processor.py:830} INFO - Processing file /home/airflow/.local/lib/python3.12/site-packages/airflow/example_dags/subdags/subdag.py for tasks to queue
[2025-06-20T15:59:13.771+0000] {logging_mixin.py:188} INFO - [2025-06-20T15:59:13.771+0000] {dagbag.py:540} INFO - Filling up the DagBag from /home/airflow/.local/lib/python3.12/site-packages/airflow/example_dags/subdags/subdag.py
[2025-06-20T15:59:13.773+0000] {processor.py:842} WARNING - No viable dags retrieved from /home/airflow/.local/lib/python3.12/site-packages/airflow/example_dags/subdags/subdag.py
[2025-06-20T15:59:13.786+0000] {processor.py:183} INFO - Processing /home/airflow/.local/lib/python3.12/site-packages/airflow/example_dags/subdags/subdag.py took 0.023 seconds
[2025-06-20T16:00:25.086+0000] {processor.py:161} INFO - Started process (PID=109) to work on /home/airflow/.local/lib/python3.12/site-packages/airflow/example_dags/subdags/subdag.py
[2025-06-20T16:00:25.087+0000] {processor.py:830} INFO - Processing file /home/airflow/.local/lib/python3.12/site-packages/airflow/example_dags/subdags/subdag.py for tasks to queue
[2025-06-20T16:00:25.090+0000] {logging_mixin.py:188} INFO - [2025-06-20T16:00:25.089+0000] {dagbag.py:540} INFO - Filling up the DagBag from /home/airflow/.local/lib/python3.12/site-packages/airflow/example_dags/subdags/subdag.py
[2025-06-20T16:00:25.092+0000] {processor.py:842} WARNING - No viable dags retrieved from /home/airflow/.local/lib/python3.12/site-packages/airflow/example_dags/subdags/subdag.py
[2025-06-20T16:00:25.108+0000] {processor.py:183} INFO - Processing /home/airflow/.local/lib/python3.12/site-packages/airflow/example_dags/subdags/subdag.py took 0.028 seconds
[2025-06-20T16:00:56.209+0000] {processor.py:161} INFO - Started process (PID=168) to work on /home/airflow/.local/lib/python3.12/site-packages/airflow/example_dags/subdags/subdag.py
[2025-06-20T16:00:56.210+0000] {processor.py:830} INFO - Processing file /home/airflow/.local/lib/python3.12/site-packages/airflow/example_dags/subdags/subdag.py for tasks to queue
[2025-06-20T16:00:56.212+0000] {logging_mixin.py:188} INFO - [2025-06-20T16:00:56.212+0000] {dagbag.py:540} INFO - Filling up the DagBag from /home/airflow/.local/lib/python3.12/site-packages/airflow/example_dags/subdags/subdag.py
[2025-06-20T16:00:56.214+0000] {processor.py:842} WARNING - No viable dags retrieved from /home/airflow/.local/lib/python3.12/site-packages/airflow/example_dags/subdags/subdag.py
[2025-06-20T16:00:56.227+0000] {processor.py:183} INFO - Processing /home/airflow/.local/lib/python3.12/site-packages/airflow/example_dags/subdags/subdag.py took 0.024 seconds
[2025-06-20T16:01:27.081+0000] {processor.py:161} INFO - Started process (PID=227) to work on /home/airflow/.local/lib/python3.12/site-packages/airflow/example_dags/subdags/subdag.py
[2025-06-20T16:01:27.082+0000] {processor.py:830} INFO - Processing file /home/airflow/.local/lib/python3.12/site-packages/airflow/example_dags/subdags/subdag.py for tasks to queue
[2025-06-20T16:01:27.083+0000] {logging_mixin.py:188} INFO - [2025-06-20T16:01:27.083+0000] {dagbag.py:540} INFO - Filling up the DagBag from /home/airflow/.local/lib/python3.12/site-packages/airflow/example_dags/subdags/subdag.py
[2025-06-20T16:01:27.085+0000] {processor.py:842} WARNING - No viable dags retrieved from /home/airflow/.local/lib/python3.12/site-packages/airflow/example_dags/subdags/subdag.py
[2025-06-20T16:01:27.099+0000] {processor.py:183} INFO - Processing /home/airflow/.local/lib/python3.12/site-packages/airflow/example_dags/subdags/subdag.py took 0.025 seconds
[2025-06-20T16:01:57.295+0000] {processor.py:161} INFO - Started process (PID=286) to work on /home/airflow/.local/lib/python3.12/site-packages/airflow/example_dags/subdags/subdag.py
[2025-06-20T16:01:57.296+0000] {processor.py:830} INFO - Processing file /home/airflow/.local/lib/python3.12/site-packages/airflow/example_dags/subdags/subdag.py for tasks to queue
[2025-06-20T16:01:57.298+0000] {logging_mixin.py:188} INFO - [2025-06-20T16:01:57.297+0000] {dagbag.py:540} INFO - Filling up the DagBag from /home/airflow/.local/lib/python3.12/site-packages/airflow/example_dags/subdags/subdag.py
[2025-06-20T16:01:57.300+0000] {processor.py:842} WARNING - No viable dags retrieved from /home/airflow/.local/lib/python3.12/site-packages/airflow/example_dags/subdags/subdag.py
[2025-06-20T16:01:57.313+0000] {processor.py:183} INFO - Processing /home/airflow/.local/lib/python3.12/site-packages/airflow/example_dags/subdags/subdag.py took 0.025 seconds
[2025-06-20T16:02:27.548+0000] {processor.py:161} INFO - Started process (PID=345) to work on /home/airflow/.local/lib/python3.12/site-packages/airflow/example_dags/subdags/subdag.py
[2025-06-20T16:02:27.549+0000] {processor.py:830} INFO - Processing file /home/airflow/.local/lib/python3.12/site-packages/airflow/example_dags/subdags/subdag.py for tasks to queue
[2025-06-20T16:02:27.551+0000] {logging_mixin.py:188} INFO - [2025-06-20T16:02:27.550+0000] {dagbag.py:540} INFO - Filling up the DagBag from /home/airflow/.local/lib/python3.12/site-packages/airflow/example_dags/subdags/subdag.py
[2025-06-20T16:02:27.553+0000] {processor.py:842} WARNING - No viable dags retrieved from /home/airflow/.local/lib/python3.12/site-packages/airflow/example_dags/subdags/subdag.py
[2025-06-20T16:02:27.567+0000] {processor.py:183} INFO - Processing /home/airflow/.local/lib/python3.12/site-packages/airflow/example_dags/subdags/subdag.py took 0.026 seconds
[2025-06-20T16:02:57.747+0000] {processor.py:161} INFO - Started process (PID=404) to work on /home/airflow/.local/lib/python3.12/site-packages/airflow/example_dags/subdags/subdag.py
[2025-06-20T16:02:57.747+0000] {processor.py:830} INFO - Processing file /home/airflow/.local/lib/python3.12/site-packages/airflow/example_dags/subdags/subdag.py for tasks to queue
[2025-06-20T16:02:57.749+0000] {logging_mixin.py:188} INFO - [2025-06-20T16:02:57.749+0000] {dagbag.py:540} INFO - Filling up the DagBag from /home/airflow/.local/lib/python3.12/site-packages/airflow/example_dags/subdags/subdag.py
[2025-06-20T16:02:57.751+0000] {processor.py:842} WARNING - No viable dags retrieved from /home/airflow/.local/lib/python3.12/site-packages/airflow/example_dags/subdags/subdag.py
[2025-06-20T16:02:57.765+0000] {processor.py:183} INFO - Processing /home/airflow/.local/lib/python3.12/site-packages/airflow/example_dags/subdags/subdag.py took 0.024 seconds
[2025-06-20T16:03:27.983+0000] {processor.py:161} INFO - Started process (PID=463) to work on /home/airflow/.local/lib/python3.12/site-packages/airflow/example_dags/subdags/subdag.py
[2025-06-20T16:03:27.984+0000] {processor.py:830} INFO - Processing file /home/airflow/.local/lib/python3.12/site-packages/airflow/example_dags/subdags/subdag.py for tasks to queue
[2025-06-20T16:03:27.986+0000] {logging_mixin.py:188} INFO - [2025-06-20T16:03:27.985+0000] {dagbag.py:540} INFO - Filling up the DagBag from /home/airflow/.local/lib/python3.12/site-packages/airflow/example_dags/subdags/subdag.py
[2025-06-20T16:03:27.988+0000] {processor.py:842} WARNING - No viable dags retrieved from /home/airflow/.local/lib/python3.12/site-packages/airflow/example_dags/subdags/subdag.py
[2025-06-20T16:03:28.002+0000] {processor.py:183} INFO - Processing /home/airflow/.local/lib/python3.12/site-packages/airflow/example_dags/subdags/subdag.py took 0.025 seconds
[2025-06-20T16:03:58.270+0000] {processor.py:161} INFO - Started process (PID=522) to work on /home/airflow/.local/lib/python3.12/site-packages/airflow/example_dags/subdags/subdag.py
[2025-06-20T16:03:58.271+0000] {processor.py:830} INFO - Processing file /home/airflow/.local/lib/python3.12/site-packages/airflow/example_dags/subdags/subdag.py for tasks to queue
[2025-06-20T16:03:58.273+0000] {logging_mixin.py:188} INFO - [2025-06-20T16:03:58.273+0000] {dagbag.py:540} INFO - Filling up the DagBag from /home/airflow/.local/lib/python3.12/site-packages/airflow/example_dags/subdags/subdag.py
[2025-06-20T16:03:58.275+0000] {processor.py:842} WARNING - No viable dags retrieved from /home/airflow/.local/lib/python3.12/site-packages/airflow/example_dags/subdags/subdag.py
[2025-06-20T16:03:58.288+0000] {processor.py:183} INFO - Processing /home/airflow/.local/lib/python3.12/site-packages/airflow/example_dags/subdags/subdag.py took 0.024 seconds
[2025-06-20T16:04:28.522+0000] {processor.py:161} INFO - Started process (PID=581) to work on /home/airflow/.local/lib/python3.12/site-packages/airflow/example_dags/subdags/subdag.py
[2025-06-20T16:04:28.523+0000] {processor.py:830} INFO - Processing file /home/airflow/.local/lib/python3.12/site-packages/airflow/example_dags/subdags/subdag.py for tasks to queue
[2025-06-20T16:04:28.525+0000] {logging_mixin.py:188} INFO - [2025-06-20T16:04:28.524+0000] {dagbag.py:540} INFO - Filling up the DagBag from /home/airflow/.local/lib/python3.12/site-packages/airflow/example_dags/subdags/subdag.py
[2025-06-20T16:04:28.527+0000] {processor.py:842} WARNING - No viable dags retrieved from /home/airflow/.local/lib/python3.12/site-packages/airflow/example_dags/subdags/subdag.py
[2025-06-20T16:04:28.539+0000] {processor.py:183} INFO - Processing /home/airflow/.local/lib/python3.12/site-packages/airflow/example_dags/subdags/subdag.py took 0.023 seconds
[2025-06-20T16:04:59.395+0000] {processor.py:161} INFO - Started process (PID=640) to work on /home/airflow/.local/lib/python3.12/site-packages/airflow/example_dags/subdags/subdag.py
[2025-06-20T16:04:59.396+0000] {processor.py:830} INFO - Processing file /home/airflow/.local/lib/python3.12/site-packages/airflow/example_dags/subdags/subdag.py for tasks to queue
[2025-06-20T16:04:59.398+0000] {logging_mixin.py:188} INFO - [2025-06-20T16:04:59.397+0000] {dagbag.py:540} INFO - Filling up the DagBag from /home/airflow/.local/lib/python3.12/site-packages/airflow/example_dags/subdags/subdag.py
[2025-06-20T16:04:59.400+0000] {processor.py:842} WARNING - No viable dags retrieved from /home/airflow/.local/lib/python3.12/site-packages/airflow/example_dags/subdags/subdag.py
[2025-06-20T16:04:59.413+0000] {processor.py:183} INFO - Processing /home/airflow/.local/lib/python3.12/site-packages/airflow/example_dags/subdags/subdag.py took 0.025 seconds
[2025-06-20T16:05:29.660+0000] {processor.py:161} INFO - Started process (PID=699) to work on /home/airflow/.local/lib/python3.12/site-packages/airflow/example_dags/subdags/subdag.py
[2025-06-20T16:05:29.661+0000] {processor.py:830} INFO - Processing file /home/airflow/.local/lib/python3.12/site-packages/airflow/example_dags/subdags/subdag.py for tasks to queue
[2025-06-20T16:05:29.663+0000] {logging_mixin.py:188} INFO - [2025-06-20T16:05:29.662+0000] {dagbag.py:540} INFO - Filling up the DagBag from /home/airflow/.local/lib/python3.12/site-packages/airflow/example_dags/subdags/subdag.py
[2025-06-20T16:05:29.665+0000] {processor.py:842} WARNING - No viable dags retrieved from /home/airflow/.local/lib/python3.12/site-packages/airflow/example_dags/subdags/subdag.py
[2025-06-20T16:05:29.678+0000] {processor.py:183} INFO - Processing /home/airflow/.local/lib/python3.12/site-packages/airflow/example_dags/subdags/subdag.py took 0.024 seconds
[2025-06-20T16:06:00.023+0000] {processor.py:161} INFO - Started process (PID=758) to work on /home/airflow/.local/lib/python3.12/site-packages/airflow/example_dags/subdags/subdag.py
[2025-06-20T16:06:00.024+0000] {processor.py:830} INFO - Processing file /home/airflow/.local/lib/python3.12/site-packages/airflow/example_dags/subdags/subdag.py for tasks to queue
[2025-06-20T16:06:00.026+0000] {logging_mixin.py:188} INFO - [2025-06-20T16:06:00.026+0000] {dagbag.py:540} INFO - Filling up the DagBag from /home/airflow/.local/lib/python3.12/site-packages/airflow/example_dags/subdags/subdag.py
[2025-06-20T16:06:00.028+0000] {processor.py:842} WARNING - No viable dags retrieved from /home/airflow/.local/lib/python3.12/site-packages/airflow/example_dags/subdags/subdag.py
[2025-06-20T16:06:00.041+0000] {processor.py:183} INFO - Processing /home/airflow/.local/lib/python3.12/site-packages/airflow/example_dags/subdags/subdag.py took 0.024 seconds
[2025-06-20T16:06:30.512+0000] {processor.py:161} INFO - Started process (PID=817) to work on /home/airflow/.local/lib/python3.12/site-packages/airflow/example_dags/subdags/subdag.py
[2025-06-20T16:06:30.513+0000] {processor.py:830} INFO - Processing file /home/airflow/.local/lib/python3.12/site-packages/airflow/example_dags/subdags/subdag.py for tasks to queue
[2025-06-20T16:06:30.515+0000] {logging_mixin.py:188} INFO - [2025-06-20T16:06:30.515+0000] {dagbag.py:540} INFO - Filling up the DagBag from /home/airflow/.local/lib/python3.12/site-packages/airflow/example_dags/subdags/subdag.py
[2025-06-20T16:06:30.518+0000] {processor.py:842} WARNING - No viable dags retrieved from /home/airflow/.local/lib/python3.12/site-packages/airflow/example_dags/subdags/subdag.py
[2025-06-20T16:06:30.531+0000] {processor.py:183} INFO - Processing /home/airflow/.local/lib/python3.12/site-packages/airflow/example_dags/subdags/subdag.py took 0.027 seconds
[2025-06-20T16:07:00.703+0000] {processor.py:161} INFO - Started process (PID=876) to work on /home/airflow/.local/lib/python3.12/site-packages/airflow/example_dags/subdags/subdag.py
[2025-06-20T16:07:00.704+0000] {processor.py:830} INFO - Processing file /home/airflow/.local/lib/python3.12/site-packages/airflow/example_dags/subdags/subdag.py for tasks to queue
[2025-06-20T16:07:00.706+0000] {logging_mixin.py:188} INFO - [2025-06-20T16:07:00.706+0000] {dagbag.py:540} INFO - Filling up the DagBag from /home/airflow/.local/lib/python3.12/site-packages/airflow/example_dags/subdags/subdag.py
[2025-06-20T16:07:00.708+0000] {processor.py:842} WARNING - No viable dags retrieved from /home/airflow/.local/lib/python3.12/site-packages/airflow/example_dags/subdags/subdag.py
[2025-06-20T16:07:00.721+0000] {processor.py:183} INFO - Processing /home/airflow/.local/lib/python3.12/site-packages/airflow/example_dags/subdags/subdag.py took 0.024 seconds
[2025-06-20T16:07:31.012+0000] {processor.py:161} INFO - Started process (PID=935) to work on /home/airflow/.local/lib/python3.12/site-packages/airflow/example_dags/subdags/subdag.py
[2025-06-20T16:07:31.012+0000] {processor.py:830} INFO - Processing file /home/airflow/.local/lib/python3.12/site-packages/airflow/example_dags/subdags/subdag.py for tasks to queue
[2025-06-20T16:07:31.014+0000] {logging_mixin.py:188} INFO - [2025-06-20T16:07:31.014+0000] {dagbag.py:540} INFO - Filling up the DagBag from /home/airflow/.local/lib/python3.12/site-packages/airflow/example_dags/subdags/subdag.py
[2025-06-20T16:07:31.016+0000] {processor.py:842} WARNING - No viable dags retrieved from /home/airflow/.local/lib/python3.12/site-packages/airflow/example_dags/subdags/subdag.py
[2025-06-20T16:07:31.029+0000] {processor.py:183} INFO - Processing /home/airflow/.local/lib/python3.12/site-packages/airflow/example_dags/subdags/subdag.py took 0.024 seconds
[2025-06-20T16:08:01.276+0000] {processor.py:161} INFO - Started process (PID=994) to work on /home/airflow/.local/lib/python3.12/site-packages/airflow/example_dags/subdags/subdag.py
[2025-06-20T16:08:01.276+0000] {processor.py:830} INFO - Processing file /home/airflow/.local/lib/python3.12/site-packages/airflow/example_dags/subdags/subdag.py for tasks to queue
[2025-06-20T16:08:01.278+0000] {logging_mixin.py:188} INFO - [2025-06-20T16:08:01.278+0000] {dagbag.py:540} INFO - Filling up the DagBag from /home/airflow/.local/lib/python3.12/site-packages/airflow/example_dags/subdags/subdag.py
[2025-06-20T16:08:01.281+0000] {processor.py:842} WARNING - No viable dags retrieved from /home/airflow/.local/lib/python3.12/site-packages/airflow/example_dags/subdags/subdag.py
[2025-06-20T16:08:01.294+0000] {processor.py:183} INFO - Processing /home/airflow/.local/lib/python3.12/site-packages/airflow/example_dags/subdags/subdag.py took 0.024 seconds
[2025-06-20T16:08:31.647+0000] {processor.py:161} INFO - Started process (PID=1053) to work on /home/airflow/.local/lib/python3.12/site-packages/airflow/example_dags/subdags/subdag.py
[2025-06-20T16:08:31.648+0000] {processor.py:830} INFO - Processing file /home/airflow/.local/lib/python3.12/site-packages/airflow/example_dags/subdags/subdag.py for tasks to queue
[2025-06-20T16:08:31.650+0000] {logging_mixin.py:188} INFO - [2025-06-20T16:08:31.649+0000] {dagbag.py:540} INFO - Filling up the DagBag from /home/airflow/.local/lib/python3.12/site-packages/airflow/example_dags/subdags/subdag.py
[2025-06-20T16:08:31.652+0000] {processor.py:842} WARNING - No viable dags retrieved from /home/airflow/.local/lib/python3.12/site-packages/airflow/example_dags/subdags/subdag.py
[2025-06-20T16:08:31.665+0000] {processor.py:183} INFO - Processing /home/airflow/.local/lib/python3.12/site-packages/airflow/example_dags/subdags/subdag.py took 0.024 seconds
[2025-06-20T16:09:01.879+0000] {processor.py:161} INFO - Started process (PID=1111) to work on /home/airflow/.local/lib/python3.12/site-packages/airflow/example_dags/subdags/subdag.py
[2025-06-20T16:09:01.880+0000] {processor.py:830} INFO - Processing file /home/airflow/.local/lib/python3.12/site-packages/airflow/example_dags/subdags/subdag.py for tasks to queue
[2025-06-20T16:09:01.882+0000] {logging_mixin.py:188} INFO - [2025-06-20T16:09:01.881+0000] {dagbag.py:540} INFO - Filling up the DagBag from /home/airflow/.local/lib/python3.12/site-packages/airflow/example_dags/subdags/subdag.py
[2025-06-20T16:09:01.884+0000] {processor.py:842} WARNING - No viable dags retrieved from /home/airflow/.local/lib/python3.12/site-packages/airflow/example_dags/subdags/subdag.py
[2025-06-20T16:09:01.897+0000] {processor.py:183} INFO - Processing /home/airflow/.local/lib/python3.12/site-packages/airflow/example_dags/subdags/subdag.py took 0.024 seconds
[2025-06-20T16:09:32.356+0000] {processor.py:161} INFO - Started process (PID=1172) to work on /home/airflow/.local/lib/python3.12/site-packages/airflow/example_dags/subdags/subdag.py
[2025-06-20T16:09:32.357+0000] {processor.py:830} INFO - Processing file /home/airflow/.local/lib/python3.12/site-packages/airflow/example_dags/subdags/subdag.py for tasks to queue
[2025-06-20T16:09:32.359+0000] {logging_mixin.py:188} INFO - [2025-06-20T16:09:32.359+0000] {dagbag.py:540} INFO - Filling up the DagBag from /home/airflow/.local/lib/python3.12/site-packages/airflow/example_dags/subdags/subdag.py
[2025-06-20T16:09:32.361+0000] {processor.py:842} WARNING - No viable dags retrieved from /home/airflow/.local/lib/python3.12/site-packages/airflow/example_dags/subdags/subdag.py
[2025-06-20T16:09:32.374+0000] {processor.py:183} INFO - Processing /home/airflow/.local/lib/python3.12/site-packages/airflow/example_dags/subdags/subdag.py took 0.024 seconds
[2025-06-20T16:10:02.798+0000] {processor.py:161} INFO - Started process (PID=1231) to work on /home/airflow/.local/lib/python3.12/site-packages/airflow/example_dags/subdags/subdag.py
[2025-06-20T16:10:02.799+0000] {processor.py:830} INFO - Processing file /home/airflow/.local/lib/python3.12/site-packages/airflow/example_dags/subdags/subdag.py for tasks to queue
[2025-06-20T16:10:02.801+0000] {logging_mixin.py:188} INFO - [2025-06-20T16:10:02.800+0000] {dagbag.py:540} INFO - Filling up the DagBag from /home/airflow/.local/lib/python3.12/site-packages/airflow/example_dags/subdags/subdag.py
[2025-06-20T16:10:02.803+0000] {processor.py:842} WARNING - No viable dags retrieved from /home/airflow/.local/lib/python3.12/site-packages/airflow/example_dags/subdags/subdag.py
[2025-06-20T16:10:02.816+0000] {processor.py:183} INFO - Processing /home/airflow/.local/lib/python3.12/site-packages/airflow/example_dags/subdags/subdag.py took 0.024 seconds
[2025-06-20T16:10:33.082+0000] {processor.py:161} INFO - Started process (PID=1290) to work on /home/airflow/.local/lib/python3.12/site-packages/airflow/example_dags/subdags/subdag.py
[2025-06-20T16:10:33.083+0000] {processor.py:830} INFO - Processing file /home/airflow/.local/lib/python3.12/site-packages/airflow/example_dags/subdags/subdag.py for tasks to queue
[2025-06-20T16:10:33.084+0000] {logging_mixin.py:188} INFO - [2025-06-20T16:10:33.084+0000] {dagbag.py:540} INFO - Filling up the DagBag from /home/airflow/.local/lib/python3.12/site-packages/airflow/example_dags/subdags/subdag.py
[2025-06-20T16:10:33.087+0000] {processor.py:842} WARNING - No viable dags retrieved from /home/airflow/.local/lib/python3.12/site-packages/airflow/example_dags/subdags/subdag.py
[2025-06-20T16:10:33.101+0000] {processor.py:183} INFO - Processing /home/airflow/.local/lib/python3.12/site-packages/airflow/example_dags/subdags/subdag.py took 0.025 seconds
[2025-06-20T16:11:03.617+0000] {processor.py:161} INFO - Started process (PID=1349) to work on /home/airflow/.local/lib/python3.12/site-packages/airflow/example_dags/subdags/subdag.py
[2025-06-20T16:11:03.618+0000] {processor.py:830} INFO - Processing file /home/airflow/.local/lib/python3.12/site-packages/airflow/example_dags/subdags/subdag.py for tasks to queue
[2025-06-20T16:11:03.620+0000] {logging_mixin.py:188} INFO - [2025-06-20T16:11:03.619+0000] {dagbag.py:540} INFO - Filling up the DagBag from /home/airflow/.local/lib/python3.12/site-packages/airflow/example_dags/subdags/subdag.py
[2025-06-20T16:11:03.622+0000] {processor.py:842} WARNING - No viable dags retrieved from /home/airflow/.local/lib/python3.12/site-packages/airflow/example_dags/subdags/subdag.py
[2025-06-20T16:11:03.635+0000] {processor.py:183} INFO - Processing /home/airflow/.local/lib/python3.12/site-packages/airflow/example_dags/subdags/subdag.py took 0.024 seconds
[2025-06-20T16:11:33.956+0000] {processor.py:161} INFO - Started process (PID=1408) to work on /home/airflow/.local/lib/python3.12/site-packages/airflow/example_dags/subdags/subdag.py
[2025-06-20T16:11:33.956+0000] {processor.py:830} INFO - Processing file /home/airflow/.local/lib/python3.12/site-packages/airflow/example_dags/subdags/subdag.py for tasks to queue
[2025-06-20T16:11:33.958+0000] {logging_mixin.py:188} INFO - [2025-06-20T16:11:33.958+0000] {dagbag.py:540} INFO - Filling up the DagBag from /home/airflow/.local/lib/python3.12/site-packages/airflow/example_dags/subdags/subdag.py
[2025-06-20T16:11:33.960+0000] {processor.py:842} WARNING - No viable dags retrieved from /home/airflow/.local/lib/python3.12/site-packages/airflow/example_dags/subdags/subdag.py
[2025-06-20T16:11:33.973+0000] {processor.py:183} INFO - Processing /home/airflow/.local/lib/python3.12/site-packages/airflow/example_dags/subdags/subdag.py took 0.024 seconds
[2025-06-20T16:12:04.500+0000] {processor.py:161} INFO - Started process (PID=1467) to work on /home/airflow/.local/lib/python3.12/site-packages/airflow/example_dags/subdags/subdag.py
[2025-06-20T16:12:04.501+0000] {processor.py:830} INFO - Processing file /home/airflow/.local/lib/python3.12/site-packages/airflow/example_dags/subdags/subdag.py for tasks to queue
[2025-06-20T16:12:04.503+0000] {logging_mixin.py:188} INFO - [2025-06-20T16:12:04.503+0000] {dagbag.py:540} INFO - Filling up the DagBag from /home/airflow/.local/lib/python3.12/site-packages/airflow/example_dags/subdags/subdag.py
[2025-06-20T16:12:04.505+0000] {processor.py:842} WARNING - No viable dags retrieved from /home/airflow/.local/lib/python3.12/site-packages/airflow/example_dags/subdags/subdag.py
[2025-06-20T16:12:04.518+0000] {processor.py:183} INFO - Processing /home/airflow/.local/lib/python3.12/site-packages/airflow/example_dags/subdags/subdag.py took 0.024 seconds
[2025-06-20T16:12:34.659+0000] {processor.py:161} INFO - Started process (PID=1526) to work on /home/airflow/.local/lib/python3.12/site-packages/airflow/example_dags/subdags/subdag.py
[2025-06-20T16:12:34.660+0000] {processor.py:830} INFO - Processing file /home/airflow/.local/lib/python3.12/site-packages/airflow/example_dags/subdags/subdag.py for tasks to queue
[2025-06-20T16:12:34.662+0000] {logging_mixin.py:188} INFO - [2025-06-20T16:12:34.661+0000] {dagbag.py:540} INFO - Filling up the DagBag from /home/airflow/.local/lib/python3.12/site-packages/airflow/example_dags/subdags/subdag.py
[2025-06-20T16:12:34.664+0000] {processor.py:842} WARNING - No viable dags retrieved from /home/airflow/.local/lib/python3.12/site-packages/airflow/example_dags/subdags/subdag.py
[2025-06-20T16:12:34.677+0000] {processor.py:183} INFO - Processing /home/airflow/.local/lib/python3.12/site-packages/airflow/example_dags/subdags/subdag.py took 0.024 seconds
[2025-06-20T16:13:05.684+0000] {processor.py:161} INFO - Started process (PID=1585) to work on /home/airflow/.local/lib/python3.12/site-packages/airflow/example_dags/subdags/subdag.py
[2025-06-20T16:13:05.685+0000] {processor.py:830} INFO - Processing file /home/airflow/.local/lib/python3.12/site-packages/airflow/example_dags/subdags/subdag.py for tasks to queue
[2025-06-20T16:13:05.687+0000] {logging_mixin.py:188} INFO - [2025-06-20T16:13:05.687+0000] {dagbag.py:540} INFO - Filling up the DagBag from /home/airflow/.local/lib/python3.12/site-packages/airflow/example_dags/subdags/subdag.py
[2025-06-20T16:13:05.689+0000] {processor.py:842} WARNING - No viable dags retrieved from /home/airflow/.local/lib/python3.12/site-packages/airflow/example_dags/subdags/subdag.py
[2025-06-20T16:13:05.704+0000] {processor.py:183} INFO - Processing /home/airflow/.local/lib/python3.12/site-packages/airflow/example_dags/subdags/subdag.py took 0.027 seconds
[2025-06-20T16:13:35.999+0000] {processor.py:161} INFO - Started process (PID=1644) to work on /home/airflow/.local/lib/python3.12/site-packages/airflow/example_dags/subdags/subdag.py
[2025-06-20T16:13:36.000+0000] {processor.py:830} INFO - Processing file /home/airflow/.local/lib/python3.12/site-packages/airflow/example_dags/subdags/subdag.py for tasks to queue
[2025-06-20T16:13:36.001+0000] {logging_mixin.py:188} INFO - [2025-06-20T16:13:36.001+0000] {dagbag.py:540} INFO - Filling up the DagBag from /home/airflow/.local/lib/python3.12/site-packages/airflow/example_dags/subdags/subdag.py
[2025-06-20T16:13:36.004+0000] {processor.py:842} WARNING - No viable dags retrieved from /home/airflow/.local/lib/python3.12/site-packages/airflow/example_dags/subdags/subdag.py
[2025-06-20T16:13:36.017+0000] {processor.py:183} INFO - Processing /home/airflow/.local/lib/python3.12/site-packages/airflow/example_dags/subdags/subdag.py took 0.024 seconds
[2025-06-20T16:14:06.335+0000] {processor.py:161} INFO - Started process (PID=1703) to work on /home/airflow/.local/lib/python3.12/site-packages/airflow/example_dags/subdags/subdag.py
[2025-06-20T16:14:06.336+0000] {processor.py:830} INFO - Processing file /home/airflow/.local/lib/python3.12/site-packages/airflow/example_dags/subdags/subdag.py for tasks to queue
[2025-06-20T16:14:06.338+0000] {logging_mixin.py:188} INFO - [2025-06-20T16:14:06.337+0000] {dagbag.py:540} INFO - Filling up the DagBag from /home/airflow/.local/lib/python3.12/site-packages/airflow/example_dags/subdags/subdag.py
[2025-06-20T16:14:06.340+0000] {processor.py:842} WARNING - No viable dags retrieved from /home/airflow/.local/lib/python3.12/site-packages/airflow/example_dags/subdags/subdag.py
[2025-06-20T16:14:06.353+0000] {processor.py:183} INFO - Processing /home/airflow/.local/lib/python3.12/site-packages/airflow/example_dags/subdags/subdag.py took 0.025 seconds
[2025-06-20T16:14:36.642+0000] {processor.py:161} INFO - Started process (PID=1762) to work on /home/airflow/.local/lib/python3.12/site-packages/airflow/example_dags/subdags/subdag.py
[2025-06-20T16:14:36.643+0000] {processor.py:830} INFO - Processing file /home/airflow/.local/lib/python3.12/site-packages/airflow/example_dags/subdags/subdag.py for tasks to queue
[2025-06-20T16:14:36.645+0000] {logging_mixin.py:188} INFO - [2025-06-20T16:14:36.645+0000] {dagbag.py:540} INFO - Filling up the DagBag from /home/airflow/.local/lib/python3.12/site-packages/airflow/example_dags/subdags/subdag.py
[2025-06-20T16:14:36.647+0000] {processor.py:842} WARNING - No viable dags retrieved from /home/airflow/.local/lib/python3.12/site-packages/airflow/example_dags/subdags/subdag.py
[2025-06-20T16:14:36.661+0000] {processor.py:183} INFO - Processing /home/airflow/.local/lib/python3.12/site-packages/airflow/example_dags/subdags/subdag.py took 0.025 seconds
[2025-06-20T16:15:06.931+0000] {processor.py:161} INFO - Started process (PID=1820) to work on /home/airflow/.local/lib/python3.12/site-packages/airflow/example_dags/subdags/subdag.py
[2025-06-20T16:15:06.932+0000] {processor.py:830} INFO - Processing file /home/airflow/.local/lib/python3.12/site-packages/airflow/example_dags/subdags/subdag.py for tasks to queue
[2025-06-20T16:15:06.934+0000] {logging_mixin.py:188} INFO - [2025-06-20T16:15:06.934+0000] {dagbag.py:540} INFO - Filling up the DagBag from /home/airflow/.local/lib/python3.12/site-packages/airflow/example_dags/subdags/subdag.py
[2025-06-20T16:15:06.936+0000] {processor.py:842} WARNING - No viable dags retrieved from /home/airflow/.local/lib/python3.12/site-packages/airflow/example_dags/subdags/subdag.py
[2025-06-20T16:15:06.949+0000] {processor.py:183} INFO - Processing /home/airflow/.local/lib/python3.12/site-packages/airflow/example_dags/subdags/subdag.py took 0.025 seconds
[2025-06-20T16:15:37.133+0000] {processor.py:161} INFO - Started process (PID=1879) to work on /home/airflow/.local/lib/python3.12/site-packages/airflow/example_dags/subdags/subdag.py
[2025-06-20T16:15:37.134+0000] {processor.py:830} INFO - Processing file /home/airflow/.local/lib/python3.12/site-packages/airflow/example_dags/subdags/subdag.py for tasks to queue
[2025-06-20T16:15:37.136+0000] {logging_mixin.py:188} INFO - [2025-06-20T16:15:37.136+0000] {dagbag.py:540} INFO - Filling up the DagBag from /home/airflow/.local/lib/python3.12/site-packages/airflow/example_dags/subdags/subdag.py
[2025-06-20T16:15:37.138+0000] {processor.py:842} WARNING - No viable dags retrieved from /home/airflow/.local/lib/python3.12/site-packages/airflow/example_dags/subdags/subdag.py
[2025-06-20T16:15:37.151+0000] {processor.py:183} INFO - Processing /home/airflow/.local/lib/python3.12/site-packages/airflow/example_dags/subdags/subdag.py took 0.024 seconds
[2025-06-20T16:16:07.898+0000] {processor.py:161} INFO - Started process (PID=1938) to work on /home/airflow/.local/lib/python3.12/site-packages/airflow/example_dags/subdags/subdag.py
[2025-06-20T16:16:07.899+0000] {processor.py:830} INFO - Processing file /home/airflow/.local/lib/python3.12/site-packages/airflow/example_dags/subdags/subdag.py for tasks to queue
[2025-06-20T16:16:07.901+0000] {logging_mixin.py:188} INFO - [2025-06-20T16:16:07.900+0000] {dagbag.py:540} INFO - Filling up the DagBag from /home/airflow/.local/lib/python3.12/site-packages/airflow/example_dags/subdags/subdag.py
[2025-06-20T16:16:07.903+0000] {processor.py:842} WARNING - No viable dags retrieved from /home/airflow/.local/lib/python3.12/site-packages/airflow/example_dags/subdags/subdag.py
[2025-06-20T16:16:07.916+0000] {processor.py:183} INFO - Processing /home/airflow/.local/lib/python3.12/site-packages/airflow/example_dags/subdags/subdag.py took 0.024 seconds
[2025-06-20T16:16:38.243+0000] {processor.py:161} INFO - Started process (PID=1997) to work on /home/airflow/.local/lib/python3.12/site-packages/airflow/example_dags/subdags/subdag.py
[2025-06-20T16:16:38.244+0000] {processor.py:830} INFO - Processing file /home/airflow/.local/lib/python3.12/site-packages/airflow/example_dags/subdags/subdag.py for tasks to queue
[2025-06-20T16:16:38.246+0000] {logging_mixin.py:188} INFO - [2025-06-20T16:16:38.246+0000] {dagbag.py:540} INFO - Filling up the DagBag from /home/airflow/.local/lib/python3.12/site-packages/airflow/example_dags/subdags/subdag.py
[2025-06-20T16:16:38.249+0000] {processor.py:842} WARNING - No viable dags retrieved from /home/airflow/.local/lib/python3.12/site-packages/airflow/example_dags/subdags/subdag.py
[2025-06-20T16:16:38.263+0000] {processor.py:183} INFO - Processing /home/airflow/.local/lib/python3.12/site-packages/airflow/example_dags/subdags/subdag.py took 0.026 seconds
[2025-06-20T16:17:08.735+0000] {processor.py:161} INFO - Started process (PID=2057) to work on /home/airflow/.local/lib/python3.12/site-packages/airflow/example_dags/subdags/subdag.py
[2025-06-20T16:17:08.736+0000] {processor.py:830} INFO - Processing file /home/airflow/.local/lib/python3.12/site-packages/airflow/example_dags/subdags/subdag.py for tasks to queue
[2025-06-20T16:17:08.738+0000] {logging_mixin.py:188} INFO - [2025-06-20T16:17:08.738+0000] {dagbag.py:540} INFO - Filling up the DagBag from /home/airflow/.local/lib/python3.12/site-packages/airflow/example_dags/subdags/subdag.py
[2025-06-20T16:17:08.740+0000] {processor.py:842} WARNING - No viable dags retrieved from /home/airflow/.local/lib/python3.12/site-packages/airflow/example_dags/subdags/subdag.py
[2025-06-20T16:17:08.755+0000] {processor.py:183} INFO - Processing /home/airflow/.local/lib/python3.12/site-packages/airflow/example_dags/subdags/subdag.py took 0.029 seconds
[2025-06-20T16:17:38.877+0000] {processor.py:161} INFO - Started process (PID=2116) to work on /home/airflow/.local/lib/python3.12/site-packages/airflow/example_dags/subdags/subdag.py
[2025-06-20T16:17:38.878+0000] {processor.py:830} INFO - Processing file /home/airflow/.local/lib/python3.12/site-packages/airflow/example_dags/subdags/subdag.py for tasks to queue
[2025-06-20T16:17:38.880+0000] {logging_mixin.py:188} INFO - [2025-06-20T16:17:38.880+0000] {dagbag.py:540} INFO - Filling up the DagBag from /home/airflow/.local/lib/python3.12/site-packages/airflow/example_dags/subdags/subdag.py
[2025-06-20T16:17:38.884+0000] {processor.py:842} WARNING - No viable dags retrieved from /home/airflow/.local/lib/python3.12/site-packages/airflow/example_dags/subdags/subdag.py
[2025-06-20T16:17:38.898+0000] {processor.py:183} INFO - Processing /home/airflow/.local/lib/python3.12/site-packages/airflow/example_dags/subdags/subdag.py took 0.027 seconds
[2025-06-20T16:18:08.986+0000] {processor.py:161} INFO - Started process (PID=2174) to work on /home/airflow/.local/lib/python3.12/site-packages/airflow/example_dags/subdags/subdag.py
[2025-06-20T16:18:08.987+0000] {processor.py:830} INFO - Processing file /home/airflow/.local/lib/python3.12/site-packages/airflow/example_dags/subdags/subdag.py for tasks to queue
[2025-06-20T16:18:08.989+0000] {logging_mixin.py:188} INFO - [2025-06-20T16:18:08.988+0000] {dagbag.py:540} INFO - Filling up the DagBag from /home/airflow/.local/lib/python3.12/site-packages/airflow/example_dags/subdags/subdag.py
[2025-06-20T16:18:08.991+0000] {processor.py:842} WARNING - No viable dags retrieved from /home/airflow/.local/lib/python3.12/site-packages/airflow/example_dags/subdags/subdag.py
[2025-06-20T16:18:09.005+0000] {processor.py:183} INFO - Processing /home/airflow/.local/lib/python3.12/site-packages/airflow/example_dags/subdags/subdag.py took 0.025 seconds
[2025-06-20T16:18:39.812+0000] {processor.py:161} INFO - Started process (PID=2234) to work on /home/airflow/.local/lib/python3.12/site-packages/airflow/example_dags/subdags/subdag.py
[2025-06-20T16:18:39.814+0000] {processor.py:830} INFO - Processing file /home/airflow/.local/lib/python3.12/site-packages/airflow/example_dags/subdags/subdag.py for tasks to queue
[2025-06-20T16:18:39.816+0000] {logging_mixin.py:188} INFO - [2025-06-20T16:18:39.815+0000] {dagbag.py:540} INFO - Filling up the DagBag from /home/airflow/.local/lib/python3.12/site-packages/airflow/example_dags/subdags/subdag.py
[2025-06-20T16:18:39.818+0000] {processor.py:842} WARNING - No viable dags retrieved from /home/airflow/.local/lib/python3.12/site-packages/airflow/example_dags/subdags/subdag.py
[2025-06-20T16:18:39.833+0000] {processor.py:183} INFO - Processing /home/airflow/.local/lib/python3.12/site-packages/airflow/example_dags/subdags/subdag.py took 0.027 seconds
[2025-06-20T16:19:10.071+0000] {processor.py:161} INFO - Started process (PID=2293) to work on /home/airflow/.local/lib/python3.12/site-packages/airflow/example_dags/subdags/subdag.py
[2025-06-20T16:19:10.072+0000] {processor.py:830} INFO - Processing file /home/airflow/.local/lib/python3.12/site-packages/airflow/example_dags/subdags/subdag.py for tasks to queue
[2025-06-20T16:19:10.074+0000] {logging_mixin.py:188} INFO - [2025-06-20T16:19:10.074+0000] {dagbag.py:540} INFO - Filling up the DagBag from /home/airflow/.local/lib/python3.12/site-packages/airflow/example_dags/subdags/subdag.py
[2025-06-20T16:19:10.076+0000] {processor.py:842} WARNING - No viable dags retrieved from /home/airflow/.local/lib/python3.12/site-packages/airflow/example_dags/subdags/subdag.py
[2025-06-20T16:19:10.090+0000] {processor.py:183} INFO - Processing /home/airflow/.local/lib/python3.12/site-packages/airflow/example_dags/subdags/subdag.py took 0.025 seconds
[2025-06-20T16:19:40.760+0000] {processor.py:161} INFO - Started process (PID=2350) to work on /home/airflow/.local/lib/python3.12/site-packages/airflow/example_dags/subdags/subdag.py
[2025-06-20T16:19:40.761+0000] {processor.py:830} INFO - Processing file /home/airflow/.local/lib/python3.12/site-packages/airflow/example_dags/subdags/subdag.py for tasks to queue
[2025-06-20T16:19:40.763+0000] {logging_mixin.py:188} INFO - [2025-06-20T16:19:40.763+0000] {dagbag.py:540} INFO - Filling up the DagBag from /home/airflow/.local/lib/python3.12/site-packages/airflow/example_dags/subdags/subdag.py
[2025-06-20T16:19:40.765+0000] {processor.py:842} WARNING - No viable dags retrieved from /home/airflow/.local/lib/python3.12/site-packages/airflow/example_dags/subdags/subdag.py
[2025-06-20T16:19:40.779+0000] {processor.py:183} INFO - Processing /home/airflow/.local/lib/python3.12/site-packages/airflow/example_dags/subdags/subdag.py took 0.025 seconds
[2025-06-20T16:20:12.674+0000] {processor.py:161} INFO - Started process (PID=2409) to work on /home/airflow/.local/lib/python3.12/site-packages/airflow/example_dags/subdags/subdag.py
[2025-06-20T16:20:12.675+0000] {processor.py:830} INFO - Processing file /home/airflow/.local/lib/python3.12/site-packages/airflow/example_dags/subdags/subdag.py for tasks to queue
[2025-06-20T16:20:12.677+0000] {logging_mixin.py:188} INFO - [2025-06-20T16:20:12.677+0000] {dagbag.py:540} INFO - Filling up the DagBag from /home/airflow/.local/lib/python3.12/site-packages/airflow/example_dags/subdags/subdag.py
[2025-06-20T16:20:12.679+0000] {processor.py:842} WARNING - No viable dags retrieved from /home/airflow/.local/lib/python3.12/site-packages/airflow/example_dags/subdags/subdag.py
[2025-06-20T16:20:12.693+0000] {processor.py:183} INFO - Processing /home/airflow/.local/lib/python3.12/site-packages/airflow/example_dags/subdags/subdag.py took 0.026 seconds
[2025-06-20T16:20:43.234+0000] {processor.py:161} INFO - Started process (PID=2468) to work on /home/airflow/.local/lib/python3.12/site-packages/airflow/example_dags/subdags/subdag.py
[2025-06-20T16:20:43.235+0000] {processor.py:830} INFO - Processing file /home/airflow/.local/lib/python3.12/site-packages/airflow/example_dags/subdags/subdag.py for tasks to queue
[2025-06-20T16:20:43.237+0000] {logging_mixin.py:188} INFO - [2025-06-20T16:20:43.237+0000] {dagbag.py:540} INFO - Filling up the DagBag from /home/airflow/.local/lib/python3.12/site-packages/airflow/example_dags/subdags/subdag.py
[2025-06-20T16:20:43.239+0000] {processor.py:842} WARNING - No viable dags retrieved from /home/airflow/.local/lib/python3.12/site-packages/airflow/example_dags/subdags/subdag.py
[2025-06-20T16:20:43.253+0000] {processor.py:183} INFO - Processing /home/airflow/.local/lib/python3.12/site-packages/airflow/example_dags/subdags/subdag.py took 0.025 seconds
[2025-06-20T16:21:13.477+0000] {processor.py:161} INFO - Started process (PID=2527) to work on /home/airflow/.local/lib/python3.12/site-packages/airflow/example_dags/subdags/subdag.py
[2025-06-20T16:21:13.478+0000] {processor.py:830} INFO - Processing file /home/airflow/.local/lib/python3.12/site-packages/airflow/example_dags/subdags/subdag.py for tasks to queue
[2025-06-20T16:21:13.480+0000] {logging_mixin.py:188} INFO - [2025-06-20T16:21:13.480+0000] {dagbag.py:540} INFO - Filling up the DagBag from /home/airflow/.local/lib/python3.12/site-packages/airflow/example_dags/subdags/subdag.py
[2025-06-20T16:21:13.482+0000] {processor.py:842} WARNING - No viable dags retrieved from /home/airflow/.local/lib/python3.12/site-packages/airflow/example_dags/subdags/subdag.py
[2025-06-20T16:21:13.495+0000] {processor.py:183} INFO - Processing /home/airflow/.local/lib/python3.12/site-packages/airflow/example_dags/subdags/subdag.py took 0.024 seconds
[2025-06-20T16:21:43.737+0000] {processor.py:161} INFO - Started process (PID=2587) to work on /home/airflow/.local/lib/python3.12/site-packages/airflow/example_dags/subdags/subdag.py
[2025-06-20T16:21:43.738+0000] {processor.py:830} INFO - Processing file /home/airflow/.local/lib/python3.12/site-packages/airflow/example_dags/subdags/subdag.py for tasks to queue
[2025-06-20T16:21:43.740+0000] {logging_mixin.py:188} INFO - [2025-06-20T16:21:43.739+0000] {dagbag.py:540} INFO - Filling up the DagBag from /home/airflow/.local/lib/python3.12/site-packages/airflow/example_dags/subdags/subdag.py
[2025-06-20T16:21:43.742+0000] {processor.py:842} WARNING - No viable dags retrieved from /home/airflow/.local/lib/python3.12/site-packages/airflow/example_dags/subdags/subdag.py
[2025-06-20T16:21:43.755+0000] {processor.py:183} INFO - Processing /home/airflow/.local/lib/python3.12/site-packages/airflow/example_dags/subdags/subdag.py took 0.024 seconds
[2025-06-20T16:22:14.042+0000] {processor.py:161} INFO - Started process (PID=2646) to work on /home/airflow/.local/lib/python3.12/site-packages/airflow/example_dags/subdags/subdag.py
[2025-06-20T16:22:14.043+0000] {processor.py:830} INFO - Processing file /home/airflow/.local/lib/python3.12/site-packages/airflow/example_dags/subdags/subdag.py for tasks to queue
[2025-06-20T16:22:14.045+0000] {logging_mixin.py:188} INFO - [2025-06-20T16:22:14.045+0000] {dagbag.py:540} INFO - Filling up the DagBag from /home/airflow/.local/lib/python3.12/site-packages/airflow/example_dags/subdags/subdag.py
[2025-06-20T16:22:14.047+0000] {processor.py:842} WARNING - No viable dags retrieved from /home/airflow/.local/lib/python3.12/site-packages/airflow/example_dags/subdags/subdag.py
[2025-06-20T16:22:14.060+0000] {processor.py:183} INFO - Processing /home/airflow/.local/lib/python3.12/site-packages/airflow/example_dags/subdags/subdag.py took 0.024 seconds
[2025-06-20T16:22:44.283+0000] {processor.py:161} INFO - Started process (PID=2705) to work on /home/airflow/.local/lib/python3.12/site-packages/airflow/example_dags/subdags/subdag.py
[2025-06-20T16:22:44.284+0000] {processor.py:830} INFO - Processing file /home/airflow/.local/lib/python3.12/site-packages/airflow/example_dags/subdags/subdag.py for tasks to queue
[2025-06-20T16:22:44.285+0000] {logging_mixin.py:188} INFO - [2025-06-20T16:22:44.285+0000] {dagbag.py:540} INFO - Filling up the DagBag from /home/airflow/.local/lib/python3.12/site-packages/airflow/example_dags/subdags/subdag.py
[2025-06-20T16:22:44.288+0000] {processor.py:842} WARNING - No viable dags retrieved from /home/airflow/.local/lib/python3.12/site-packages/airflow/example_dags/subdags/subdag.py
[2025-06-20T16:22:44.301+0000] {processor.py:183} INFO - Processing /home/airflow/.local/lib/python3.12/site-packages/airflow/example_dags/subdags/subdag.py took 0.025 seconds
[2025-06-20T16:23:14.471+0000] {processor.py:161} INFO - Started process (PID=2764) to work on /home/airflow/.local/lib/python3.12/site-packages/airflow/example_dags/subdags/subdag.py
[2025-06-20T16:23:14.472+0000] {processor.py:830} INFO - Processing file /home/airflow/.local/lib/python3.12/site-packages/airflow/example_dags/subdags/subdag.py for tasks to queue
[2025-06-20T16:23:14.473+0000] {logging_mixin.py:188} INFO - [2025-06-20T16:23:14.473+0000] {dagbag.py:540} INFO - Filling up the DagBag from /home/airflow/.local/lib/python3.12/site-packages/airflow/example_dags/subdags/subdag.py
[2025-06-20T16:23:14.475+0000] {processor.py:842} WARNING - No viable dags retrieved from /home/airflow/.local/lib/python3.12/site-packages/airflow/example_dags/subdags/subdag.py
[2025-06-20T16:23:14.488+0000] {processor.py:183} INFO - Processing /home/airflow/.local/lib/python3.12/site-packages/airflow/example_dags/subdags/subdag.py took 0.023 seconds
[2025-06-20T16:24:26.637+0000] {processor.py:161} INFO - Started process (PID=109) to work on /home/airflow/.local/lib/python3.12/site-packages/airflow/example_dags/subdags/subdag.py
[2025-06-20T16:24:26.639+0000] {processor.py:830} INFO - Processing file /home/airflow/.local/lib/python3.12/site-packages/airflow/example_dags/subdags/subdag.py for tasks to queue
[2025-06-20T16:24:26.641+0000] {logging_mixin.py:188} INFO - [2025-06-20T16:24:26.641+0000] {dagbag.py:540} INFO - Filling up the DagBag from /home/airflow/.local/lib/python3.12/site-packages/airflow/example_dags/subdags/subdag.py
[2025-06-20T16:24:26.645+0000] {processor.py:842} WARNING - No viable dags retrieved from /home/airflow/.local/lib/python3.12/site-packages/airflow/example_dags/subdags/subdag.py
[2025-06-20T16:24:26.666+0000] {processor.py:183} INFO - Processing /home/airflow/.local/lib/python3.12/site-packages/airflow/example_dags/subdags/subdag.py took 0.037 seconds
[2025-06-20T16:24:58.750+0000] {processor.py:161} INFO - Started process (PID=168) to work on /home/airflow/.local/lib/python3.12/site-packages/airflow/example_dags/subdags/subdag.py
[2025-06-20T16:24:58.751+0000] {processor.py:830} INFO - Processing file /home/airflow/.local/lib/python3.12/site-packages/airflow/example_dags/subdags/subdag.py for tasks to queue
[2025-06-20T16:24:58.753+0000] {logging_mixin.py:188} INFO - [2025-06-20T16:24:58.752+0000] {dagbag.py:540} INFO - Filling up the DagBag from /home/airflow/.local/lib/python3.12/site-packages/airflow/example_dags/subdags/subdag.py
[2025-06-20T16:24:58.755+0000] {processor.py:842} WARNING - No viable dags retrieved from /home/airflow/.local/lib/python3.12/site-packages/airflow/example_dags/subdags/subdag.py
[2025-06-20T16:24:58.768+0000] {processor.py:183} INFO - Processing /home/airflow/.local/lib/python3.12/site-packages/airflow/example_dags/subdags/subdag.py took 0.024 seconds
[2025-06-20T16:25:28.912+0000] {processor.py:161} INFO - Started process (PID=227) to work on /home/airflow/.local/lib/python3.12/site-packages/airflow/example_dags/subdags/subdag.py
[2025-06-20T16:25:28.913+0000] {processor.py:830} INFO - Processing file /home/airflow/.local/lib/python3.12/site-packages/airflow/example_dags/subdags/subdag.py for tasks to queue
[2025-06-20T16:25:28.915+0000] {logging_mixin.py:188} INFO - [2025-06-20T16:25:28.914+0000] {dagbag.py:540} INFO - Filling up the DagBag from /home/airflow/.local/lib/python3.12/site-packages/airflow/example_dags/subdags/subdag.py
[2025-06-20T16:25:28.917+0000] {processor.py:842} WARNING - No viable dags retrieved from /home/airflow/.local/lib/python3.12/site-packages/airflow/example_dags/subdags/subdag.py
[2025-06-20T16:25:28.931+0000] {processor.py:183} INFO - Processing /home/airflow/.local/lib/python3.12/site-packages/airflow/example_dags/subdags/subdag.py took 0.025 seconds
[2025-06-20T16:25:59.906+0000] {processor.py:161} INFO - Started process (PID=286) to work on /home/airflow/.local/lib/python3.12/site-packages/airflow/example_dags/subdags/subdag.py
[2025-06-20T16:25:59.907+0000] {processor.py:830} INFO - Processing file /home/airflow/.local/lib/python3.12/site-packages/airflow/example_dags/subdags/subdag.py for tasks to queue
[2025-06-20T16:25:59.908+0000] {logging_mixin.py:188} INFO - [2025-06-20T16:25:59.908+0000] {dagbag.py:540} INFO - Filling up the DagBag from /home/airflow/.local/lib/python3.12/site-packages/airflow/example_dags/subdags/subdag.py
[2025-06-20T16:25:59.911+0000] {processor.py:842} WARNING - No viable dags retrieved from /home/airflow/.local/lib/python3.12/site-packages/airflow/example_dags/subdags/subdag.py
[2025-06-20T16:25:59.923+0000] {processor.py:183} INFO - Processing /home/airflow/.local/lib/python3.12/site-packages/airflow/example_dags/subdags/subdag.py took 0.023 seconds
[2025-06-20T16:26:30.070+0000] {processor.py:161} INFO - Started process (PID=345) to work on /home/airflow/.local/lib/python3.12/site-packages/airflow/example_dags/subdags/subdag.py
[2025-06-20T16:26:30.070+0000] {processor.py:830} INFO - Processing file /home/airflow/.local/lib/python3.12/site-packages/airflow/example_dags/subdags/subdag.py for tasks to queue
[2025-06-20T16:26:30.072+0000] {logging_mixin.py:188} INFO - [2025-06-20T16:26:30.072+0000] {dagbag.py:540} INFO - Filling up the DagBag from /home/airflow/.local/lib/python3.12/site-packages/airflow/example_dags/subdags/subdag.py
[2025-06-20T16:26:30.075+0000] {processor.py:842} WARNING - No viable dags retrieved from /home/airflow/.local/lib/python3.12/site-packages/airflow/example_dags/subdags/subdag.py
[2025-06-20T16:26:30.087+0000] {processor.py:183} INFO - Processing /home/airflow/.local/lib/python3.12/site-packages/airflow/example_dags/subdags/subdag.py took 0.024 seconds
[2025-06-20T16:27:00.252+0000] {processor.py:161} INFO - Started process (PID=404) to work on /home/airflow/.local/lib/python3.12/site-packages/airflow/example_dags/subdags/subdag.py
[2025-06-20T16:27:00.253+0000] {processor.py:830} INFO - Processing file /home/airflow/.local/lib/python3.12/site-packages/airflow/example_dags/subdags/subdag.py for tasks to queue
[2025-06-20T16:27:00.255+0000] {logging_mixin.py:188} INFO - [2025-06-20T16:27:00.255+0000] {dagbag.py:540} INFO - Filling up the DagBag from /home/airflow/.local/lib/python3.12/site-packages/airflow/example_dags/subdags/subdag.py
[2025-06-20T16:27:00.258+0000] {processor.py:842} WARNING - No viable dags retrieved from /home/airflow/.local/lib/python3.12/site-packages/airflow/example_dags/subdags/subdag.py
[2025-06-20T16:27:00.271+0000] {processor.py:183} INFO - Processing /home/airflow/.local/lib/python3.12/site-packages/airflow/example_dags/subdags/subdag.py took 0.025 seconds
[2025-06-20T16:27:30.497+0000] {processor.py:161} INFO - Started process (PID=463) to work on /home/airflow/.local/lib/python3.12/site-packages/airflow/example_dags/subdags/subdag.py
[2025-06-20T16:27:30.498+0000] {processor.py:830} INFO - Processing file /home/airflow/.local/lib/python3.12/site-packages/airflow/example_dags/subdags/subdag.py for tasks to queue
[2025-06-20T16:27:30.500+0000] {logging_mixin.py:188} INFO - [2025-06-20T16:27:30.499+0000] {dagbag.py:540} INFO - Filling up the DagBag from /home/airflow/.local/lib/python3.12/site-packages/airflow/example_dags/subdags/subdag.py
[2025-06-20T16:27:30.502+0000] {processor.py:842} WARNING - No viable dags retrieved from /home/airflow/.local/lib/python3.12/site-packages/airflow/example_dags/subdags/subdag.py
[2025-06-20T16:27:30.515+0000] {processor.py:183} INFO - Processing /home/airflow/.local/lib/python3.12/site-packages/airflow/example_dags/subdags/subdag.py took 0.024 seconds
[2025-06-20T16:28:00.690+0000] {processor.py:161} INFO - Started process (PID=522) to work on /home/airflow/.local/lib/python3.12/site-packages/airflow/example_dags/subdags/subdag.py
[2025-06-20T16:28:00.690+0000] {processor.py:830} INFO - Processing file /home/airflow/.local/lib/python3.12/site-packages/airflow/example_dags/subdags/subdag.py for tasks to queue
[2025-06-20T16:28:00.692+0000] {logging_mixin.py:188} INFO - [2025-06-20T16:28:00.692+0000] {dagbag.py:540} INFO - Filling up the DagBag from /home/airflow/.local/lib/python3.12/site-packages/airflow/example_dags/subdags/subdag.py
[2025-06-20T16:28:00.694+0000] {processor.py:842} WARNING - No viable dags retrieved from /home/airflow/.local/lib/python3.12/site-packages/airflow/example_dags/subdags/subdag.py
[2025-06-20T16:28:00.706+0000] {processor.py:183} INFO - Processing /home/airflow/.local/lib/python3.12/site-packages/airflow/example_dags/subdags/subdag.py took 0.023 seconds
[2025-06-20T16:28:30.919+0000] {processor.py:161} INFO - Started process (PID=581) to work on /home/airflow/.local/lib/python3.12/site-packages/airflow/example_dags/subdags/subdag.py
[2025-06-20T16:28:30.920+0000] {processor.py:830} INFO - Processing file /home/airflow/.local/lib/python3.12/site-packages/airflow/example_dags/subdags/subdag.py for tasks to queue
[2025-06-20T16:28:30.922+0000] {logging_mixin.py:188} INFO - [2025-06-20T16:28:30.921+0000] {dagbag.py:540} INFO - Filling up the DagBag from /home/airflow/.local/lib/python3.12/site-packages/airflow/example_dags/subdags/subdag.py
[2025-06-20T16:28:30.924+0000] {processor.py:842} WARNING - No viable dags retrieved from /home/airflow/.local/lib/python3.12/site-packages/airflow/example_dags/subdags/subdag.py
[2025-06-20T16:28:30.937+0000] {processor.py:183} INFO - Processing /home/airflow/.local/lib/python3.12/site-packages/airflow/example_dags/subdags/subdag.py took 0.024 seconds
[2025-06-20T16:29:01.661+0000] {processor.py:161} INFO - Started process (PID=640) to work on /home/airflow/.local/lib/python3.12/site-packages/airflow/example_dags/subdags/subdag.py
[2025-06-20T16:29:01.662+0000] {processor.py:830} INFO - Processing file /home/airflow/.local/lib/python3.12/site-packages/airflow/example_dags/subdags/subdag.py for tasks to queue
[2025-06-20T16:29:01.663+0000] {logging_mixin.py:188} INFO - [2025-06-20T16:29:01.663+0000] {dagbag.py:540} INFO - Filling up the DagBag from /home/airflow/.local/lib/python3.12/site-packages/airflow/example_dags/subdags/subdag.py
[2025-06-20T16:29:01.666+0000] {processor.py:842} WARNING - No viable dags retrieved from /home/airflow/.local/lib/python3.12/site-packages/airflow/example_dags/subdags/subdag.py
[2025-06-20T16:29:01.678+0000] {processor.py:183} INFO - Processing /home/airflow/.local/lib/python3.12/site-packages/airflow/example_dags/subdags/subdag.py took 0.024 seconds
[2025-06-20T16:29:31.968+0000] {processor.py:161} INFO - Started process (PID=699) to work on /home/airflow/.local/lib/python3.12/site-packages/airflow/example_dags/subdags/subdag.py
[2025-06-20T16:29:31.968+0000] {processor.py:830} INFO - Processing file /home/airflow/.local/lib/python3.12/site-packages/airflow/example_dags/subdags/subdag.py for tasks to queue
[2025-06-20T16:29:31.970+0000] {logging_mixin.py:188} INFO - [2025-06-20T16:29:31.970+0000] {dagbag.py:540} INFO - Filling up the DagBag from /home/airflow/.local/lib/python3.12/site-packages/airflow/example_dags/subdags/subdag.py
[2025-06-20T16:29:31.972+0000] {processor.py:842} WARNING - No viable dags retrieved from /home/airflow/.local/lib/python3.12/site-packages/airflow/example_dags/subdags/subdag.py
[2025-06-20T16:29:31.986+0000] {processor.py:183} INFO - Processing /home/airflow/.local/lib/python3.12/site-packages/airflow/example_dags/subdags/subdag.py took 0.024 seconds
[2025-06-20T16:30:02.256+0000] {processor.py:161} INFO - Started process (PID=758) to work on /home/airflow/.local/lib/python3.12/site-packages/airflow/example_dags/subdags/subdag.py
[2025-06-20T16:30:02.257+0000] {processor.py:830} INFO - Processing file /home/airflow/.local/lib/python3.12/site-packages/airflow/example_dags/subdags/subdag.py for tasks to queue
[2025-06-20T16:30:02.259+0000] {logging_mixin.py:188} INFO - [2025-06-20T16:30:02.259+0000] {dagbag.py:540} INFO - Filling up the DagBag from /home/airflow/.local/lib/python3.12/site-packages/airflow/example_dags/subdags/subdag.py
[2025-06-20T16:30:02.261+0000] {processor.py:842} WARNING - No viable dags retrieved from /home/airflow/.local/lib/python3.12/site-packages/airflow/example_dags/subdags/subdag.py
[2025-06-20T16:30:02.273+0000] {processor.py:183} INFO - Processing /home/airflow/.local/lib/python3.12/site-packages/airflow/example_dags/subdags/subdag.py took 0.023 seconds
[2025-06-20T16:30:32.586+0000] {processor.py:161} INFO - Started process (PID=817) to work on /home/airflow/.local/lib/python3.12/site-packages/airflow/example_dags/subdags/subdag.py
[2025-06-20T16:30:32.587+0000] {processor.py:830} INFO - Processing file /home/airflow/.local/lib/python3.12/site-packages/airflow/example_dags/subdags/subdag.py for tasks to queue
[2025-06-20T16:30:32.589+0000] {logging_mixin.py:188} INFO - [2025-06-20T16:30:32.588+0000] {dagbag.py:540} INFO - Filling up the DagBag from /home/airflow/.local/lib/python3.12/site-packages/airflow/example_dags/subdags/subdag.py
[2025-06-20T16:30:32.591+0000] {processor.py:842} WARNING - No viable dags retrieved from /home/airflow/.local/lib/python3.12/site-packages/airflow/example_dags/subdags/subdag.py
[2025-06-20T16:30:32.604+0000] {processor.py:183} INFO - Processing /home/airflow/.local/lib/python3.12/site-packages/airflow/example_dags/subdags/subdag.py took 0.025 seconds
[2025-06-20T16:31:02.937+0000] {processor.py:161} INFO - Started process (PID=876) to work on /home/airflow/.local/lib/python3.12/site-packages/airflow/example_dags/subdags/subdag.py
[2025-06-20T16:31:02.938+0000] {processor.py:830} INFO - Processing file /home/airflow/.local/lib/python3.12/site-packages/airflow/example_dags/subdags/subdag.py for tasks to queue
[2025-06-20T16:31:02.940+0000] {logging_mixin.py:188} INFO - [2025-06-20T16:31:02.939+0000] {dagbag.py:540} INFO - Filling up the DagBag from /home/airflow/.local/lib/python3.12/site-packages/airflow/example_dags/subdags/subdag.py
[2025-06-20T16:31:02.942+0000] {processor.py:842} WARNING - No viable dags retrieved from /home/airflow/.local/lib/python3.12/site-packages/airflow/example_dags/subdags/subdag.py
[2025-06-20T16:31:02.954+0000] {processor.py:183} INFO - Processing /home/airflow/.local/lib/python3.12/site-packages/airflow/example_dags/subdags/subdag.py took 0.024 seconds
[2025-06-20T16:31:33.381+0000] {processor.py:161} INFO - Started process (PID=935) to work on /home/airflow/.local/lib/python3.12/site-packages/airflow/example_dags/subdags/subdag.py
[2025-06-20T16:31:33.382+0000] {processor.py:830} INFO - Processing file /home/airflow/.local/lib/python3.12/site-packages/airflow/example_dags/subdags/subdag.py for tasks to queue
[2025-06-20T16:31:33.383+0000] {logging_mixin.py:188} INFO - [2025-06-20T16:31:33.383+0000] {dagbag.py:540} INFO - Filling up the DagBag from /home/airflow/.local/lib/python3.12/site-packages/airflow/example_dags/subdags/subdag.py
[2025-06-20T16:31:33.386+0000] {processor.py:842} WARNING - No viable dags retrieved from /home/airflow/.local/lib/python3.12/site-packages/airflow/example_dags/subdags/subdag.py
[2025-06-20T16:31:33.398+0000] {processor.py:183} INFO - Processing /home/airflow/.local/lib/python3.12/site-packages/airflow/example_dags/subdags/subdag.py took 0.023 seconds
[2025-06-20T16:32:03.648+0000] {processor.py:161} INFO - Started process (PID=994) to work on /home/airflow/.local/lib/python3.12/site-packages/airflow/example_dags/subdags/subdag.py
[2025-06-20T16:32:03.649+0000] {processor.py:830} INFO - Processing file /home/airflow/.local/lib/python3.12/site-packages/airflow/example_dags/subdags/subdag.py for tasks to queue
[2025-06-20T16:32:03.651+0000] {logging_mixin.py:188} INFO - [2025-06-20T16:32:03.651+0000] {dagbag.py:540} INFO - Filling up the DagBag from /home/airflow/.local/lib/python3.12/site-packages/airflow/example_dags/subdags/subdag.py
[2025-06-20T16:32:03.653+0000] {processor.py:842} WARNING - No viable dags retrieved from /home/airflow/.local/lib/python3.12/site-packages/airflow/example_dags/subdags/subdag.py
[2025-06-20T16:32:03.666+0000] {processor.py:183} INFO - Processing /home/airflow/.local/lib/python3.12/site-packages/airflow/example_dags/subdags/subdag.py took 0.024 seconds
[2025-06-20T16:32:33.757+0000] {processor.py:161} INFO - Started process (PID=1053) to work on /home/airflow/.local/lib/python3.12/site-packages/airflow/example_dags/subdags/subdag.py
[2025-06-20T16:32:33.758+0000] {processor.py:830} INFO - Processing file /home/airflow/.local/lib/python3.12/site-packages/airflow/example_dags/subdags/subdag.py for tasks to queue
[2025-06-20T16:32:33.759+0000] {logging_mixin.py:188} INFO - [2025-06-20T16:32:33.759+0000] {dagbag.py:540} INFO - Filling up the DagBag from /home/airflow/.local/lib/python3.12/site-packages/airflow/example_dags/subdags/subdag.py
[2025-06-20T16:32:33.762+0000] {processor.py:842} WARNING - No viable dags retrieved from /home/airflow/.local/lib/python3.12/site-packages/airflow/example_dags/subdags/subdag.py
[2025-06-20T16:32:33.775+0000] {processor.py:183} INFO - Processing /home/airflow/.local/lib/python3.12/site-packages/airflow/example_dags/subdags/subdag.py took 0.024 seconds
[2025-06-20T16:33:04.254+0000] {processor.py:161} INFO - Started process (PID=1112) to work on /home/airflow/.local/lib/python3.12/site-packages/airflow/example_dags/subdags/subdag.py
[2025-06-20T16:33:04.255+0000] {processor.py:830} INFO - Processing file /home/airflow/.local/lib/python3.12/site-packages/airflow/example_dags/subdags/subdag.py for tasks to queue
[2025-06-20T16:33:04.257+0000] {logging_mixin.py:188} INFO - [2025-06-20T16:33:04.256+0000] {dagbag.py:540} INFO - Filling up the DagBag from /home/airflow/.local/lib/python3.12/site-packages/airflow/example_dags/subdags/subdag.py
[2025-06-20T16:33:04.259+0000] {processor.py:842} WARNING - No viable dags retrieved from /home/airflow/.local/lib/python3.12/site-packages/airflow/example_dags/subdags/subdag.py
[2025-06-20T16:33:04.273+0000] {processor.py:183} INFO - Processing /home/airflow/.local/lib/python3.12/site-packages/airflow/example_dags/subdags/subdag.py took 0.026 seconds
[2025-06-20T16:33:34.623+0000] {processor.py:161} INFO - Started process (PID=1171) to work on /home/airflow/.local/lib/python3.12/site-packages/airflow/example_dags/subdags/subdag.py
[2025-06-20T16:33:34.624+0000] {processor.py:830} INFO - Processing file /home/airflow/.local/lib/python3.12/site-packages/airflow/example_dags/subdags/subdag.py for tasks to queue
[2025-06-20T16:33:34.625+0000] {logging_mixin.py:188} INFO - [2025-06-20T16:33:34.625+0000] {dagbag.py:540} INFO - Filling up the DagBag from /home/airflow/.local/lib/python3.12/site-packages/airflow/example_dags/subdags/subdag.py
[2025-06-20T16:33:34.628+0000] {processor.py:842} WARNING - No viable dags retrieved from /home/airflow/.local/lib/python3.12/site-packages/airflow/example_dags/subdags/subdag.py
[2025-06-20T16:33:34.640+0000] {processor.py:183} INFO - Processing /home/airflow/.local/lib/python3.12/site-packages/airflow/example_dags/subdags/subdag.py took 0.024 seconds
[2025-06-20T16:34:05.013+0000] {processor.py:161} INFO - Started process (PID=1230) to work on /home/airflow/.local/lib/python3.12/site-packages/airflow/example_dags/subdags/subdag.py
[2025-06-20T16:34:05.014+0000] {processor.py:830} INFO - Processing file /home/airflow/.local/lib/python3.12/site-packages/airflow/example_dags/subdags/subdag.py for tasks to queue
[2025-06-20T16:34:05.016+0000] {logging_mixin.py:188} INFO - [2025-06-20T16:34:05.016+0000] {dagbag.py:540} INFO - Filling up the DagBag from /home/airflow/.local/lib/python3.12/site-packages/airflow/example_dags/subdags/subdag.py
[2025-06-20T16:34:05.018+0000] {processor.py:842} WARNING - No viable dags retrieved from /home/airflow/.local/lib/python3.12/site-packages/airflow/example_dags/subdags/subdag.py
[2025-06-20T16:34:05.031+0000] {processor.py:183} INFO - Processing /home/airflow/.local/lib/python3.12/site-packages/airflow/example_dags/subdags/subdag.py took 0.024 seconds
[2025-06-20T16:34:35.252+0000] {processor.py:161} INFO - Started process (PID=1289) to work on /home/airflow/.local/lib/python3.12/site-packages/airflow/example_dags/subdags/subdag.py
[2025-06-20T16:34:35.253+0000] {processor.py:830} INFO - Processing file /home/airflow/.local/lib/python3.12/site-packages/airflow/example_dags/subdags/subdag.py for tasks to queue
[2025-06-20T16:34:35.255+0000] {logging_mixin.py:188} INFO - [2025-06-20T16:34:35.254+0000] {dagbag.py:540} INFO - Filling up the DagBag from /home/airflow/.local/lib/python3.12/site-packages/airflow/example_dags/subdags/subdag.py
[2025-06-20T16:34:35.257+0000] {processor.py:842} WARNING - No viable dags retrieved from /home/airflow/.local/lib/python3.12/site-packages/airflow/example_dags/subdags/subdag.py
[2025-06-20T16:34:35.269+0000] {processor.py:183} INFO - Processing /home/airflow/.local/lib/python3.12/site-packages/airflow/example_dags/subdags/subdag.py took 0.023 seconds
[2025-06-20T16:35:05.737+0000] {processor.py:161} INFO - Started process (PID=1348) to work on /home/airflow/.local/lib/python3.12/site-packages/airflow/example_dags/subdags/subdag.py
[2025-06-20T16:35:05.738+0000] {processor.py:830} INFO - Processing file /home/airflow/.local/lib/python3.12/site-packages/airflow/example_dags/subdags/subdag.py for tasks to queue
[2025-06-20T16:35:05.740+0000] {logging_mixin.py:188} INFO - [2025-06-20T16:35:05.740+0000] {dagbag.py:540} INFO - Filling up the DagBag from /home/airflow/.local/lib/python3.12/site-packages/airflow/example_dags/subdags/subdag.py
[2025-06-20T16:35:05.742+0000] {processor.py:842} WARNING - No viable dags retrieved from /home/airflow/.local/lib/python3.12/site-packages/airflow/example_dags/subdags/subdag.py
[2025-06-20T16:35:05.755+0000] {processor.py:183} INFO - Processing /home/airflow/.local/lib/python3.12/site-packages/airflow/example_dags/subdags/subdag.py took 0.023 seconds
[2025-06-20T16:35:35.891+0000] {processor.py:161} INFO - Started process (PID=1407) to work on /home/airflow/.local/lib/python3.12/site-packages/airflow/example_dags/subdags/subdag.py
[2025-06-20T16:35:35.892+0000] {processor.py:830} INFO - Processing file /home/airflow/.local/lib/python3.12/site-packages/airflow/example_dags/subdags/subdag.py for tasks to queue
[2025-06-20T16:35:35.894+0000] {logging_mixin.py:188} INFO - [2025-06-20T16:35:35.894+0000] {dagbag.py:540} INFO - Filling up the DagBag from /home/airflow/.local/lib/python3.12/site-packages/airflow/example_dags/subdags/subdag.py
[2025-06-20T16:35:35.896+0000] {processor.py:842} WARNING - No viable dags retrieved from /home/airflow/.local/lib/python3.12/site-packages/airflow/example_dags/subdags/subdag.py
[2025-06-20T16:35:35.908+0000] {processor.py:183} INFO - Processing /home/airflow/.local/lib/python3.12/site-packages/airflow/example_dags/subdags/subdag.py took 0.023 seconds
[2025-06-20T16:36:06.323+0000] {processor.py:161} INFO - Started process (PID=1466) to work on /home/airflow/.local/lib/python3.12/site-packages/airflow/example_dags/subdags/subdag.py
[2025-06-20T16:36:06.323+0000] {processor.py:830} INFO - Processing file /home/airflow/.local/lib/python3.12/site-packages/airflow/example_dags/subdags/subdag.py for tasks to queue
[2025-06-20T16:36:06.325+0000] {logging_mixin.py:188} INFO - [2025-06-20T16:36:06.325+0000] {dagbag.py:540} INFO - Filling up the DagBag from /home/airflow/.local/lib/python3.12/site-packages/airflow/example_dags/subdags/subdag.py
[2025-06-20T16:36:06.328+0000] {processor.py:842} WARNING - No viable dags retrieved from /home/airflow/.local/lib/python3.12/site-packages/airflow/example_dags/subdags/subdag.py
[2025-06-20T16:36:06.340+0000] {processor.py:183} INFO - Processing /home/airflow/.local/lib/python3.12/site-packages/airflow/example_dags/subdags/subdag.py took 0.023 seconds
[2025-06-20T16:36:36.555+0000] {processor.py:161} INFO - Started process (PID=1525) to work on /home/airflow/.local/lib/python3.12/site-packages/airflow/example_dags/subdags/subdag.py
[2025-06-20T16:36:36.556+0000] {processor.py:830} INFO - Processing file /home/airflow/.local/lib/python3.12/site-packages/airflow/example_dags/subdags/subdag.py for tasks to queue
[2025-06-20T16:36:36.558+0000] {logging_mixin.py:188} INFO - [2025-06-20T16:36:36.558+0000] {dagbag.py:540} INFO - Filling up the DagBag from /home/airflow/.local/lib/python3.12/site-packages/airflow/example_dags/subdags/subdag.py
[2025-06-20T16:36:36.560+0000] {processor.py:842} WARNING - No viable dags retrieved from /home/airflow/.local/lib/python3.12/site-packages/airflow/example_dags/subdags/subdag.py
[2025-06-20T16:36:36.574+0000] {processor.py:183} INFO - Processing /home/airflow/.local/lib/python3.12/site-packages/airflow/example_dags/subdags/subdag.py took 0.025 seconds
[2025-06-20T16:37:06.967+0000] {processor.py:161} INFO - Started process (PID=1584) to work on /home/airflow/.local/lib/python3.12/site-packages/airflow/example_dags/subdags/subdag.py
[2025-06-20T16:37:06.968+0000] {processor.py:830} INFO - Processing file /home/airflow/.local/lib/python3.12/site-packages/airflow/example_dags/subdags/subdag.py for tasks to queue
[2025-06-20T16:37:06.970+0000] {logging_mixin.py:188} INFO - [2025-06-20T16:37:06.970+0000] {dagbag.py:540} INFO - Filling up the DagBag from /home/airflow/.local/lib/python3.12/site-packages/airflow/example_dags/subdags/subdag.py
[2025-06-20T16:37:06.972+0000] {processor.py:842} WARNING - No viable dags retrieved from /home/airflow/.local/lib/python3.12/site-packages/airflow/example_dags/subdags/subdag.py
[2025-06-20T16:37:06.985+0000] {processor.py:183} INFO - Processing /home/airflow/.local/lib/python3.12/site-packages/airflow/example_dags/subdags/subdag.py took 0.024 seconds
[2025-06-20T16:37:37.294+0000] {processor.py:161} INFO - Started process (PID=1643) to work on /home/airflow/.local/lib/python3.12/site-packages/airflow/example_dags/subdags/subdag.py
[2025-06-20T16:37:37.295+0000] {processor.py:830} INFO - Processing file /home/airflow/.local/lib/python3.12/site-packages/airflow/example_dags/subdags/subdag.py for tasks to queue
[2025-06-20T16:37:37.297+0000] {logging_mixin.py:188} INFO - [2025-06-20T16:37:37.297+0000] {dagbag.py:540} INFO - Filling up the DagBag from /home/airflow/.local/lib/python3.12/site-packages/airflow/example_dags/subdags/subdag.py
[2025-06-20T16:37:37.299+0000] {processor.py:842} WARNING - No viable dags retrieved from /home/airflow/.local/lib/python3.12/site-packages/airflow/example_dags/subdags/subdag.py
[2025-06-20T16:37:37.312+0000] {processor.py:183} INFO - Processing /home/airflow/.local/lib/python3.12/site-packages/airflow/example_dags/subdags/subdag.py took 0.024 seconds
[2025-06-20T16:38:07.503+0000] {processor.py:161} INFO - Started process (PID=1702) to work on /home/airflow/.local/lib/python3.12/site-packages/airflow/example_dags/subdags/subdag.py
[2025-06-20T16:38:07.504+0000] {processor.py:830} INFO - Processing file /home/airflow/.local/lib/python3.12/site-packages/airflow/example_dags/subdags/subdag.py for tasks to queue
[2025-06-20T16:38:07.506+0000] {logging_mixin.py:188} INFO - [2025-06-20T16:38:07.505+0000] {dagbag.py:540} INFO - Filling up the DagBag from /home/airflow/.local/lib/python3.12/site-packages/airflow/example_dags/subdags/subdag.py
[2025-06-20T16:38:07.508+0000] {processor.py:842} WARNING - No viable dags retrieved from /home/airflow/.local/lib/python3.12/site-packages/airflow/example_dags/subdags/subdag.py
[2025-06-20T16:38:07.520+0000] {processor.py:183} INFO - Processing /home/airflow/.local/lib/python3.12/site-packages/airflow/example_dags/subdags/subdag.py took 0.023 seconds
[2025-06-20T16:38:38.104+0000] {processor.py:161} INFO - Started process (PID=1761) to work on /home/airflow/.local/lib/python3.12/site-packages/airflow/example_dags/subdags/subdag.py
[2025-06-20T16:38:38.105+0000] {processor.py:830} INFO - Processing file /home/airflow/.local/lib/python3.12/site-packages/airflow/example_dags/subdags/subdag.py for tasks to queue
[2025-06-20T16:38:38.107+0000] {logging_mixin.py:188} INFO - [2025-06-20T16:38:38.106+0000] {dagbag.py:540} INFO - Filling up the DagBag from /home/airflow/.local/lib/python3.12/site-packages/airflow/example_dags/subdags/subdag.py
[2025-06-20T16:38:38.109+0000] {processor.py:842} WARNING - No viable dags retrieved from /home/airflow/.local/lib/python3.12/site-packages/airflow/example_dags/subdags/subdag.py
[2025-06-20T16:38:38.121+0000] {processor.py:183} INFO - Processing /home/airflow/.local/lib/python3.12/site-packages/airflow/example_dags/subdags/subdag.py took 0.023 seconds
[2025-06-20T16:39:08.233+0000] {processor.py:161} INFO - Started process (PID=1820) to work on /home/airflow/.local/lib/python3.12/site-packages/airflow/example_dags/subdags/subdag.py
[2025-06-20T16:39:08.234+0000] {processor.py:830} INFO - Processing file /home/airflow/.local/lib/python3.12/site-packages/airflow/example_dags/subdags/subdag.py for tasks to queue
[2025-06-20T16:39:08.235+0000] {logging_mixin.py:188} INFO - [2025-06-20T16:39:08.235+0000] {dagbag.py:540} INFO - Filling up the DagBag from /home/airflow/.local/lib/python3.12/site-packages/airflow/example_dags/subdags/subdag.py
[2025-06-20T16:39:08.237+0000] {processor.py:842} WARNING - No viable dags retrieved from /home/airflow/.local/lib/python3.12/site-packages/airflow/example_dags/subdags/subdag.py
[2025-06-20T16:39:08.251+0000] {processor.py:183} INFO - Processing /home/airflow/.local/lib/python3.12/site-packages/airflow/example_dags/subdags/subdag.py took 0.025 seconds
[2025-06-20T16:39:38.375+0000] {processor.py:161} INFO - Started process (PID=1878) to work on /home/airflow/.local/lib/python3.12/site-packages/airflow/example_dags/subdags/subdag.py
[2025-06-20T16:39:38.376+0000] {processor.py:830} INFO - Processing file /home/airflow/.local/lib/python3.12/site-packages/airflow/example_dags/subdags/subdag.py for tasks to queue
[2025-06-20T16:39:38.378+0000] {logging_mixin.py:188} INFO - [2025-06-20T16:39:38.377+0000] {dagbag.py:540} INFO - Filling up the DagBag from /home/airflow/.local/lib/python3.12/site-packages/airflow/example_dags/subdags/subdag.py
[2025-06-20T16:39:38.380+0000] {processor.py:842} WARNING - No viable dags retrieved from /home/airflow/.local/lib/python3.12/site-packages/airflow/example_dags/subdags/subdag.py
[2025-06-20T16:39:38.395+0000] {processor.py:183} INFO - Processing /home/airflow/.local/lib/python3.12/site-packages/airflow/example_dags/subdags/subdag.py took 0.027 seconds
[2025-06-20T16:40:08.761+0000] {processor.py:161} INFO - Started process (PID=1937) to work on /home/airflow/.local/lib/python3.12/site-packages/airflow/example_dags/subdags/subdag.py
[2025-06-20T16:40:08.762+0000] {processor.py:830} INFO - Processing file /home/airflow/.local/lib/python3.12/site-packages/airflow/example_dags/subdags/subdag.py for tasks to queue
[2025-06-20T16:40:08.765+0000] {logging_mixin.py:188} INFO - [2025-06-20T16:40:08.764+0000] {dagbag.py:540} INFO - Filling up the DagBag from /home/airflow/.local/lib/python3.12/site-packages/airflow/example_dags/subdags/subdag.py
[2025-06-20T16:40:08.767+0000] {processor.py:842} WARNING - No viable dags retrieved from /home/airflow/.local/lib/python3.12/site-packages/airflow/example_dags/subdags/subdag.py
[2025-06-20T16:40:08.779+0000] {processor.py:183} INFO - Processing /home/airflow/.local/lib/python3.12/site-packages/airflow/example_dags/subdags/subdag.py took 0.024 seconds
[2025-06-20T16:40:39.738+0000] {processor.py:161} INFO - Started process (PID=1997) to work on /home/airflow/.local/lib/python3.12/site-packages/airflow/example_dags/subdags/subdag.py
[2025-06-20T16:40:39.739+0000] {processor.py:830} INFO - Processing file /home/airflow/.local/lib/python3.12/site-packages/airflow/example_dags/subdags/subdag.py for tasks to queue
[2025-06-20T16:40:39.741+0000] {logging_mixin.py:188} INFO - [2025-06-20T16:40:39.740+0000] {dagbag.py:540} INFO - Filling up the DagBag from /home/airflow/.local/lib/python3.12/site-packages/airflow/example_dags/subdags/subdag.py
[2025-06-20T16:40:39.743+0000] {processor.py:842} WARNING - No viable dags retrieved from /home/airflow/.local/lib/python3.12/site-packages/airflow/example_dags/subdags/subdag.py
[2025-06-20T16:40:39.757+0000] {processor.py:183} INFO - Processing /home/airflow/.local/lib/python3.12/site-packages/airflow/example_dags/subdags/subdag.py took 0.025 seconds
[2025-06-20T16:41:10.702+0000] {processor.py:161} INFO - Started process (PID=2056) to work on /home/airflow/.local/lib/python3.12/site-packages/airflow/example_dags/subdags/subdag.py
[2025-06-20T16:41:10.703+0000] {processor.py:830} INFO - Processing file /home/airflow/.local/lib/python3.12/site-packages/airflow/example_dags/subdags/subdag.py for tasks to queue
[2025-06-20T16:41:10.706+0000] {logging_mixin.py:188} INFO - [2025-06-20T16:41:10.705+0000] {dagbag.py:540} INFO - Filling up the DagBag from /home/airflow/.local/lib/python3.12/site-packages/airflow/example_dags/subdags/subdag.py
[2025-06-20T16:41:10.708+0000] {processor.py:842} WARNING - No viable dags retrieved from /home/airflow/.local/lib/python3.12/site-packages/airflow/example_dags/subdags/subdag.py
[2025-06-20T16:41:10.723+0000] {processor.py:183} INFO - Processing /home/airflow/.local/lib/python3.12/site-packages/airflow/example_dags/subdags/subdag.py took 0.027 seconds
[2025-06-20T16:41:41.693+0000] {processor.py:161} INFO - Started process (PID=2115) to work on /home/airflow/.local/lib/python3.12/site-packages/airflow/example_dags/subdags/subdag.py
[2025-06-20T16:41:41.694+0000] {processor.py:830} INFO - Processing file /home/airflow/.local/lib/python3.12/site-packages/airflow/example_dags/subdags/subdag.py for tasks to queue
[2025-06-20T16:41:41.696+0000] {logging_mixin.py:188} INFO - [2025-06-20T16:41:41.696+0000] {dagbag.py:540} INFO - Filling up the DagBag from /home/airflow/.local/lib/python3.12/site-packages/airflow/example_dags/subdags/subdag.py
[2025-06-20T16:41:41.699+0000] {processor.py:842} WARNING - No viable dags retrieved from /home/airflow/.local/lib/python3.12/site-packages/airflow/example_dags/subdags/subdag.py
[2025-06-20T16:41:41.713+0000] {processor.py:183} INFO - Processing /home/airflow/.local/lib/python3.12/site-packages/airflow/example_dags/subdags/subdag.py took 0.025 seconds
[2025-06-20T16:42:11.785+0000] {processor.py:161} INFO - Started process (PID=2173) to work on /home/airflow/.local/lib/python3.12/site-packages/airflow/example_dags/subdags/subdag.py
[2025-06-20T16:42:11.786+0000] {processor.py:830} INFO - Processing file /home/airflow/.local/lib/python3.12/site-packages/airflow/example_dags/subdags/subdag.py for tasks to queue
[2025-06-20T16:42:11.788+0000] {logging_mixin.py:188} INFO - [2025-06-20T16:42:11.787+0000] {dagbag.py:540} INFO - Filling up the DagBag from /home/airflow/.local/lib/python3.12/site-packages/airflow/example_dags/subdags/subdag.py
[2025-06-20T16:42:11.790+0000] {processor.py:842} WARNING - No viable dags retrieved from /home/airflow/.local/lib/python3.12/site-packages/airflow/example_dags/subdags/subdag.py
[2025-06-20T16:42:11.803+0000] {processor.py:183} INFO - Processing /home/airflow/.local/lib/python3.12/site-packages/airflow/example_dags/subdags/subdag.py took 0.024 seconds
[2025-06-20T16:42:42.088+0000] {processor.py:161} INFO - Started process (PID=2230) to work on /home/airflow/.local/lib/python3.12/site-packages/airflow/example_dags/subdags/subdag.py
[2025-06-20T16:42:42.089+0000] {processor.py:830} INFO - Processing file /home/airflow/.local/lib/python3.12/site-packages/airflow/example_dags/subdags/subdag.py for tasks to queue
[2025-06-20T16:42:42.090+0000] {logging_mixin.py:188} INFO - [2025-06-20T16:42:42.090+0000] {dagbag.py:540} INFO - Filling up the DagBag from /home/airflow/.local/lib/python3.12/site-packages/airflow/example_dags/subdags/subdag.py
[2025-06-20T16:42:42.093+0000] {processor.py:842} WARNING - No viable dags retrieved from /home/airflow/.local/lib/python3.12/site-packages/airflow/example_dags/subdags/subdag.py
[2025-06-20T16:42:42.106+0000] {processor.py:183} INFO - Processing /home/airflow/.local/lib/python3.12/site-packages/airflow/example_dags/subdags/subdag.py took 0.025 seconds
[2025-06-20T16:43:12.692+0000] {processor.py:161} INFO - Started process (PID=2289) to work on /home/airflow/.local/lib/python3.12/site-packages/airflow/example_dags/subdags/subdag.py
[2025-06-20T16:43:12.693+0000] {processor.py:830} INFO - Processing file /home/airflow/.local/lib/python3.12/site-packages/airflow/example_dags/subdags/subdag.py for tasks to queue
[2025-06-20T16:43:12.695+0000] {logging_mixin.py:188} INFO - [2025-06-20T16:43:12.694+0000] {dagbag.py:540} INFO - Filling up the DagBag from /home/airflow/.local/lib/python3.12/site-packages/airflow/example_dags/subdags/subdag.py
[2025-06-20T16:43:12.697+0000] {processor.py:842} WARNING - No viable dags retrieved from /home/airflow/.local/lib/python3.12/site-packages/airflow/example_dags/subdags/subdag.py
[2025-06-20T16:43:12.712+0000] {processor.py:183} INFO - Processing /home/airflow/.local/lib/python3.12/site-packages/airflow/example_dags/subdags/subdag.py took 0.027 seconds
[2025-06-20T16:44:16.210+0000] {processor.py:161} INFO - Started process (PID=109) to work on /home/airflow/.local/lib/python3.12/site-packages/airflow/example_dags/subdags/subdag.py
[2025-06-20T16:44:16.211+0000] {processor.py:830} INFO - Processing file /home/airflow/.local/lib/python3.12/site-packages/airflow/example_dags/subdags/subdag.py for tasks to queue
[2025-06-20T16:44:16.213+0000] {logging_mixin.py:188} INFO - [2025-06-20T16:44:16.213+0000] {dagbag.py:540} INFO - Filling up the DagBag from /home/airflow/.local/lib/python3.12/site-packages/airflow/example_dags/subdags/subdag.py
[2025-06-20T16:44:16.216+0000] {processor.py:842} WARNING - No viable dags retrieved from /home/airflow/.local/lib/python3.12/site-packages/airflow/example_dags/subdags/subdag.py
[2025-06-20T16:44:16.231+0000] {processor.py:183} INFO - Processing /home/airflow/.local/lib/python3.12/site-packages/airflow/example_dags/subdags/subdag.py took 0.027 seconds
[2025-06-20T16:44:46.269+0000] {processor.py:161} INFO - Started process (PID=167) to work on /home/airflow/.local/lib/python3.12/site-packages/airflow/example_dags/subdags/subdag.py
[2025-06-20T16:44:46.270+0000] {processor.py:830} INFO - Processing file /home/airflow/.local/lib/python3.12/site-packages/airflow/example_dags/subdags/subdag.py for tasks to queue
[2025-06-20T16:44:46.272+0000] {logging_mixin.py:188} INFO - [2025-06-20T16:44:46.271+0000] {dagbag.py:540} INFO - Filling up the DagBag from /home/airflow/.local/lib/python3.12/site-packages/airflow/example_dags/subdags/subdag.py
[2025-06-20T16:44:46.274+0000] {processor.py:842} WARNING - No viable dags retrieved from /home/airflow/.local/lib/python3.12/site-packages/airflow/example_dags/subdags/subdag.py
[2025-06-20T16:44:46.287+0000] {processor.py:183} INFO - Processing /home/airflow/.local/lib/python3.12/site-packages/airflow/example_dags/subdags/subdag.py took 0.024 seconds
[2025-06-20T16:45:16.705+0000] {processor.py:161} INFO - Started process (PID=225) to work on /home/airflow/.local/lib/python3.12/site-packages/airflow/example_dags/subdags/subdag.py
[2025-06-20T16:45:16.706+0000] {processor.py:830} INFO - Processing file /home/airflow/.local/lib/python3.12/site-packages/airflow/example_dags/subdags/subdag.py for tasks to queue
[2025-06-20T16:45:16.708+0000] {logging_mixin.py:188} INFO - [2025-06-20T16:45:16.707+0000] {dagbag.py:540} INFO - Filling up the DagBag from /home/airflow/.local/lib/python3.12/site-packages/airflow/example_dags/subdags/subdag.py
[2025-06-20T16:45:16.710+0000] {processor.py:842} WARNING - No viable dags retrieved from /home/airflow/.local/lib/python3.12/site-packages/airflow/example_dags/subdags/subdag.py
[2025-06-20T16:45:16.724+0000] {processor.py:183} INFO - Processing /home/airflow/.local/lib/python3.12/site-packages/airflow/example_dags/subdags/subdag.py took 0.025 seconds
[2025-06-20T16:45:47.142+0000] {processor.py:161} INFO - Started process (PID=284) to work on /home/airflow/.local/lib/python3.12/site-packages/airflow/example_dags/subdags/subdag.py
[2025-06-20T16:45:47.143+0000] {processor.py:830} INFO - Processing file /home/airflow/.local/lib/python3.12/site-packages/airflow/example_dags/subdags/subdag.py for tasks to queue
[2025-06-20T16:45:47.145+0000] {logging_mixin.py:188} INFO - [2025-06-20T16:45:47.145+0000] {dagbag.py:540} INFO - Filling up the DagBag from /home/airflow/.local/lib/python3.12/site-packages/airflow/example_dags/subdags/subdag.py
[2025-06-20T16:45:47.147+0000] {processor.py:842} WARNING - No viable dags retrieved from /home/airflow/.local/lib/python3.12/site-packages/airflow/example_dags/subdags/subdag.py
[2025-06-20T16:45:47.160+0000] {processor.py:183} INFO - Processing /home/airflow/.local/lib/python3.12/site-packages/airflow/example_dags/subdags/subdag.py took 0.024 seconds
[2025-06-20T16:46:17.469+0000] {processor.py:161} INFO - Started process (PID=343) to work on /home/airflow/.local/lib/python3.12/site-packages/airflow/example_dags/subdags/subdag.py
[2025-06-20T16:46:17.470+0000] {processor.py:830} INFO - Processing file /home/airflow/.local/lib/python3.12/site-packages/airflow/example_dags/subdags/subdag.py for tasks to queue
[2025-06-20T16:46:17.471+0000] {logging_mixin.py:188} INFO - [2025-06-20T16:46:17.471+0000] {dagbag.py:540} INFO - Filling up the DagBag from /home/airflow/.local/lib/python3.12/site-packages/airflow/example_dags/subdags/subdag.py
[2025-06-20T16:46:17.474+0000] {processor.py:842} WARNING - No viable dags retrieved from /home/airflow/.local/lib/python3.12/site-packages/airflow/example_dags/subdags/subdag.py
[2025-06-20T16:46:17.486+0000] {processor.py:183} INFO - Processing /home/airflow/.local/lib/python3.12/site-packages/airflow/example_dags/subdags/subdag.py took 0.023 seconds
[2025-06-20T16:46:47.731+0000] {processor.py:161} INFO - Started process (PID=402) to work on /home/airflow/.local/lib/python3.12/site-packages/airflow/example_dags/subdags/subdag.py
[2025-06-20T16:46:47.732+0000] {processor.py:830} INFO - Processing file /home/airflow/.local/lib/python3.12/site-packages/airflow/example_dags/subdags/subdag.py for tasks to queue
[2025-06-20T16:46:47.734+0000] {logging_mixin.py:188} INFO - [2025-06-20T16:46:47.734+0000] {dagbag.py:540} INFO - Filling up the DagBag from /home/airflow/.local/lib/python3.12/site-packages/airflow/example_dags/subdags/subdag.py
[2025-06-20T16:46:47.736+0000] {processor.py:842} WARNING - No viable dags retrieved from /home/airflow/.local/lib/python3.12/site-packages/airflow/example_dags/subdags/subdag.py
[2025-06-20T16:46:47.749+0000] {processor.py:183} INFO - Processing /home/airflow/.local/lib/python3.12/site-packages/airflow/example_dags/subdags/subdag.py took 0.027 seconds
[2025-06-20T16:47:18.237+0000] {processor.py:161} INFO - Started process (PID=463) to work on /home/airflow/.local/lib/python3.12/site-packages/airflow/example_dags/subdags/subdag.py
[2025-06-20T16:47:18.238+0000] {processor.py:830} INFO - Processing file /home/airflow/.local/lib/python3.12/site-packages/airflow/example_dags/subdags/subdag.py for tasks to queue
[2025-06-20T16:47:18.239+0000] {logging_mixin.py:188} INFO - [2025-06-20T16:47:18.239+0000] {dagbag.py:540} INFO - Filling up the DagBag from /home/airflow/.local/lib/python3.12/site-packages/airflow/example_dags/subdags/subdag.py
[2025-06-20T16:47:18.241+0000] {processor.py:842} WARNING - No viable dags retrieved from /home/airflow/.local/lib/python3.12/site-packages/airflow/example_dags/subdags/subdag.py
[2025-06-20T16:47:18.254+0000] {processor.py:183} INFO - Processing /home/airflow/.local/lib/python3.12/site-packages/airflow/example_dags/subdags/subdag.py took 0.023 seconds
[2025-06-20T16:47:48.583+0000] {processor.py:161} INFO - Started process (PID=522) to work on /home/airflow/.local/lib/python3.12/site-packages/airflow/example_dags/subdags/subdag.py
[2025-06-20T16:47:48.584+0000] {processor.py:830} INFO - Processing file /home/airflow/.local/lib/python3.12/site-packages/airflow/example_dags/subdags/subdag.py for tasks to queue
[2025-06-20T16:47:48.585+0000] {logging_mixin.py:188} INFO - [2025-06-20T16:47:48.585+0000] {dagbag.py:540} INFO - Filling up the DagBag from /home/airflow/.local/lib/python3.12/site-packages/airflow/example_dags/subdags/subdag.py
[2025-06-20T16:47:48.588+0000] {processor.py:842} WARNING - No viable dags retrieved from /home/airflow/.local/lib/python3.12/site-packages/airflow/example_dags/subdags/subdag.py
[2025-06-20T16:47:48.600+0000] {processor.py:183} INFO - Processing /home/airflow/.local/lib/python3.12/site-packages/airflow/example_dags/subdags/subdag.py took 0.023 seconds
[2025-06-20T16:48:18.965+0000] {processor.py:161} INFO - Started process (PID=581) to work on /home/airflow/.local/lib/python3.12/site-packages/airflow/example_dags/subdags/subdag.py
[2025-06-20T16:48:18.966+0000] {processor.py:830} INFO - Processing file /home/airflow/.local/lib/python3.12/site-packages/airflow/example_dags/subdags/subdag.py for tasks to queue
[2025-06-20T16:48:18.968+0000] {logging_mixin.py:188} INFO - [2025-06-20T16:48:18.968+0000] {dagbag.py:540} INFO - Filling up the DagBag from /home/airflow/.local/lib/python3.12/site-packages/airflow/example_dags/subdags/subdag.py
[2025-06-20T16:48:18.970+0000] {processor.py:842} WARNING - No viable dags retrieved from /home/airflow/.local/lib/python3.12/site-packages/airflow/example_dags/subdags/subdag.py
[2025-06-20T16:48:18.983+0000] {processor.py:183} INFO - Processing /home/airflow/.local/lib/python3.12/site-packages/airflow/example_dags/subdags/subdag.py took 0.025 seconds
[2025-06-20T16:48:49.295+0000] {processor.py:161} INFO - Started process (PID=640) to work on /home/airflow/.local/lib/python3.12/site-packages/airflow/example_dags/subdags/subdag.py
[2025-06-20T16:48:49.296+0000] {processor.py:830} INFO - Processing file /home/airflow/.local/lib/python3.12/site-packages/airflow/example_dags/subdags/subdag.py for tasks to queue
[2025-06-20T16:48:49.298+0000] {logging_mixin.py:188} INFO - [2025-06-20T16:48:49.298+0000] {dagbag.py:540} INFO - Filling up the DagBag from /home/airflow/.local/lib/python3.12/site-packages/airflow/example_dags/subdags/subdag.py
[2025-06-20T16:48:49.300+0000] {processor.py:842} WARNING - No viable dags retrieved from /home/airflow/.local/lib/python3.12/site-packages/airflow/example_dags/subdags/subdag.py
[2025-06-20T16:48:49.313+0000] {processor.py:183} INFO - Processing /home/airflow/.local/lib/python3.12/site-packages/airflow/example_dags/subdags/subdag.py took 0.024 seconds
[2025-06-20T16:49:19.744+0000] {processor.py:161} INFO - Started process (PID=699) to work on /home/airflow/.local/lib/python3.12/site-packages/airflow/example_dags/subdags/subdag.py
[2025-06-20T16:49:19.745+0000] {processor.py:830} INFO - Processing file /home/airflow/.local/lib/python3.12/site-packages/airflow/example_dags/subdags/subdag.py for tasks to queue
[2025-06-20T16:49:19.746+0000] {logging_mixin.py:188} INFO - [2025-06-20T16:49:19.746+0000] {dagbag.py:540} INFO - Filling up the DagBag from /home/airflow/.local/lib/python3.12/site-packages/airflow/example_dags/subdags/subdag.py
[2025-06-20T16:49:19.749+0000] {processor.py:842} WARNING - No viable dags retrieved from /home/airflow/.local/lib/python3.12/site-packages/airflow/example_dags/subdags/subdag.py
[2025-06-20T16:49:19.762+0000] {processor.py:183} INFO - Processing /home/airflow/.local/lib/python3.12/site-packages/airflow/example_dags/subdags/subdag.py took 0.024 seconds
[2025-06-20T16:49:50.071+0000] {processor.py:161} INFO - Started process (PID=758) to work on /home/airflow/.local/lib/python3.12/site-packages/airflow/example_dags/subdags/subdag.py
[2025-06-20T16:49:50.072+0000] {processor.py:830} INFO - Processing file /home/airflow/.local/lib/python3.12/site-packages/airflow/example_dags/subdags/subdag.py for tasks to queue
[2025-06-20T16:49:50.074+0000] {logging_mixin.py:188} INFO - [2025-06-20T16:49:50.074+0000] {dagbag.py:540} INFO - Filling up the DagBag from /home/airflow/.local/lib/python3.12/site-packages/airflow/example_dags/subdags/subdag.py
[2025-06-20T16:49:50.076+0000] {processor.py:842} WARNING - No viable dags retrieved from /home/airflow/.local/lib/python3.12/site-packages/airflow/example_dags/subdags/subdag.py
[2025-06-20T16:49:50.089+0000] {processor.py:183} INFO - Processing /home/airflow/.local/lib/python3.12/site-packages/airflow/example_dags/subdags/subdag.py took 0.024 seconds
[2025-06-20T16:50:20.563+0000] {processor.py:161} INFO - Started process (PID=817) to work on /home/airflow/.local/lib/python3.12/site-packages/airflow/example_dags/subdags/subdag.py
[2025-06-20T16:50:20.564+0000] {processor.py:830} INFO - Processing file /home/airflow/.local/lib/python3.12/site-packages/airflow/example_dags/subdags/subdag.py for tasks to queue
[2025-06-20T16:50:20.566+0000] {logging_mixin.py:188} INFO - [2025-06-20T16:50:20.566+0000] {dagbag.py:540} INFO - Filling up the DagBag from /home/airflow/.local/lib/python3.12/site-packages/airflow/example_dags/subdags/subdag.py
[2025-06-20T16:50:20.568+0000] {processor.py:842} WARNING - No viable dags retrieved from /home/airflow/.local/lib/python3.12/site-packages/airflow/example_dags/subdags/subdag.py
[2025-06-20T16:50:20.581+0000] {processor.py:183} INFO - Processing /home/airflow/.local/lib/python3.12/site-packages/airflow/example_dags/subdags/subdag.py took 0.024 seconds
[2025-06-20T16:50:50.947+0000] {processor.py:161} INFO - Started process (PID=876) to work on /home/airflow/.local/lib/python3.12/site-packages/airflow/example_dags/subdags/subdag.py
[2025-06-20T16:50:50.948+0000] {processor.py:830} INFO - Processing file /home/airflow/.local/lib/python3.12/site-packages/airflow/example_dags/subdags/subdag.py for tasks to queue
[2025-06-20T16:50:50.949+0000] {logging_mixin.py:188} INFO - [2025-06-20T16:50:50.949+0000] {dagbag.py:540} INFO - Filling up the DagBag from /home/airflow/.local/lib/python3.12/site-packages/airflow/example_dags/subdags/subdag.py
[2025-06-20T16:50:50.952+0000] {processor.py:842} WARNING - No viable dags retrieved from /home/airflow/.local/lib/python3.12/site-packages/airflow/example_dags/subdags/subdag.py
[2025-06-20T16:50:50.965+0000] {processor.py:183} INFO - Processing /home/airflow/.local/lib/python3.12/site-packages/airflow/example_dags/subdags/subdag.py took 0.025 seconds
