[2025-06-20T14:34:48.961+0000] {processor.py:161} INFO - Started process (PID=111) to work on /home/airflow/.local/lib/python3.12/site-packages/airflow/example_dags/plugins/event_listener.py
[2025-06-20T14:34:48.962+0000] {processor.py:830} INFO - Processing file /home/airflow/.local/lib/python3.12/site-packages/airflow/example_dags/plugins/event_listener.py for tasks to queue
[2025-06-20T14:34:48.965+0000] {logging_mixin.py:188} INFO - [2025-06-20T14:34:48.964+0000] {dagbag.py:540} INFO - Filling up the DagBag from /home/airflow/.local/lib/python3.12/site-packages/airflow/example_dags/plugins/event_listener.py
[2025-06-20T14:34:48.967+0000] {processor.py:842} WARNING - No viable dags retrieved from /home/airflow/.local/lib/python3.12/site-packages/airflow/example_dags/plugins/event_listener.py
[2025-06-20T14:34:48.982+0000] {processor.py:183} INFO - Processing /home/airflow/.local/lib/python3.12/site-packages/airflow/example_dags/plugins/event_listener.py took 0.028 seconds
[2025-06-20T14:35:20.841+0000] {processor.py:161} INFO - Started process (PID=169) to work on /home/airflow/.local/lib/python3.12/site-packages/airflow/example_dags/plugins/event_listener.py
[2025-06-20T14:35:20.841+0000] {processor.py:830} INFO - Processing file /home/airflow/.local/lib/python3.12/site-packages/airflow/example_dags/plugins/event_listener.py for tasks to queue
[2025-06-20T14:35:20.843+0000] {logging_mixin.py:188} INFO - [2025-06-20T14:35:20.843+0000] {dagbag.py:540} INFO - Filling up the DagBag from /home/airflow/.local/lib/python3.12/site-packages/airflow/example_dags/plugins/event_listener.py
[2025-06-20T14:35:20.845+0000] {processor.py:842} WARNING - No viable dags retrieved from /home/airflow/.local/lib/python3.12/site-packages/airflow/example_dags/plugins/event_listener.py
[2025-06-20T14:35:20.858+0000] {processor.py:183} INFO - Processing /home/airflow/.local/lib/python3.12/site-packages/airflow/example_dags/plugins/event_listener.py took 0.023 seconds
[2025-06-20T14:35:51.130+0000] {processor.py:161} INFO - Started process (PID=227) to work on /home/airflow/.local/lib/python3.12/site-packages/airflow/example_dags/plugins/event_listener.py
[2025-06-20T14:35:51.131+0000] {processor.py:830} INFO - Processing file /home/airflow/.local/lib/python3.12/site-packages/airflow/example_dags/plugins/event_listener.py for tasks to queue
[2025-06-20T14:35:51.133+0000] {logging_mixin.py:188} INFO - [2025-06-20T14:35:51.133+0000] {dagbag.py:540} INFO - Filling up the DagBag from /home/airflow/.local/lib/python3.12/site-packages/airflow/example_dags/plugins/event_listener.py
[2025-06-20T14:35:51.135+0000] {processor.py:842} WARNING - No viable dags retrieved from /home/airflow/.local/lib/python3.12/site-packages/airflow/example_dags/plugins/event_listener.py
[2025-06-20T14:35:51.148+0000] {processor.py:183} INFO - Processing /home/airflow/.local/lib/python3.12/site-packages/airflow/example_dags/plugins/event_listener.py took 0.023 seconds
[2025-06-20T14:36:22.230+0000] {processor.py:161} INFO - Started process (PID=285) to work on /home/airflow/.local/lib/python3.12/site-packages/airflow/example_dags/plugins/event_listener.py
[2025-06-20T14:36:22.231+0000] {processor.py:830} INFO - Processing file /home/airflow/.local/lib/python3.12/site-packages/airflow/example_dags/plugins/event_listener.py for tasks to queue
[2025-06-20T14:36:22.233+0000] {logging_mixin.py:188} INFO - [2025-06-20T14:36:22.233+0000] {dagbag.py:540} INFO - Filling up the DagBag from /home/airflow/.local/lib/python3.12/site-packages/airflow/example_dags/plugins/event_listener.py
[2025-06-20T14:36:22.235+0000] {processor.py:842} WARNING - No viable dags retrieved from /home/airflow/.local/lib/python3.12/site-packages/airflow/example_dags/plugins/event_listener.py
[2025-06-20T14:36:22.249+0000] {processor.py:183} INFO - Processing /home/airflow/.local/lib/python3.12/site-packages/airflow/example_dags/plugins/event_listener.py took 0.026 seconds
[2025-06-20T14:36:52.784+0000] {processor.py:161} INFO - Started process (PID=343) to work on /home/airflow/.local/lib/python3.12/site-packages/airflow/example_dags/plugins/event_listener.py
[2025-06-20T14:36:52.785+0000] {processor.py:830} INFO - Processing file /home/airflow/.local/lib/python3.12/site-packages/airflow/example_dags/plugins/event_listener.py for tasks to queue
[2025-06-20T14:36:52.787+0000] {logging_mixin.py:188} INFO - [2025-06-20T14:36:52.787+0000] {dagbag.py:540} INFO - Filling up the DagBag from /home/airflow/.local/lib/python3.12/site-packages/airflow/example_dags/plugins/event_listener.py
[2025-06-20T14:36:52.789+0000] {processor.py:842} WARNING - No viable dags retrieved from /home/airflow/.local/lib/python3.12/site-packages/airflow/example_dags/plugins/event_listener.py
[2025-06-20T14:36:52.802+0000] {processor.py:183} INFO - Processing /home/airflow/.local/lib/python3.12/site-packages/airflow/example_dags/plugins/event_listener.py took 0.023 seconds
[2025-06-20T14:37:23.290+0000] {processor.py:161} INFO - Started process (PID=417) to work on /home/airflow/.local/lib/python3.12/site-packages/airflow/example_dags/plugins/event_listener.py
[2025-06-20T14:37:23.291+0000] {processor.py:830} INFO - Processing file /home/airflow/.local/lib/python3.12/site-packages/airflow/example_dags/plugins/event_listener.py for tasks to queue
[2025-06-20T14:37:23.293+0000] {logging_mixin.py:188} INFO - [2025-06-20T14:37:23.293+0000] {dagbag.py:540} INFO - Filling up the DagBag from /home/airflow/.local/lib/python3.12/site-packages/airflow/example_dags/plugins/event_listener.py
[2025-06-20T14:37:23.295+0000] {processor.py:842} WARNING - No viable dags retrieved from /home/airflow/.local/lib/python3.12/site-packages/airflow/example_dags/plugins/event_listener.py
[2025-06-20T14:37:23.308+0000] {processor.py:183} INFO - Processing /home/airflow/.local/lib/python3.12/site-packages/airflow/example_dags/plugins/event_listener.py took 0.023 seconds
[2025-06-20T14:37:53.805+0000] {processor.py:161} INFO - Started process (PID=475) to work on /home/airflow/.local/lib/python3.12/site-packages/airflow/example_dags/plugins/event_listener.py
[2025-06-20T14:37:53.806+0000] {processor.py:830} INFO - Processing file /home/airflow/.local/lib/python3.12/site-packages/airflow/example_dags/plugins/event_listener.py for tasks to queue
[2025-06-20T14:37:53.808+0000] {logging_mixin.py:188} INFO - [2025-06-20T14:37:53.808+0000] {dagbag.py:540} INFO - Filling up the DagBag from /home/airflow/.local/lib/python3.12/site-packages/airflow/example_dags/plugins/event_listener.py
[2025-06-20T14:37:53.810+0000] {processor.py:842} WARNING - No viable dags retrieved from /home/airflow/.local/lib/python3.12/site-packages/airflow/example_dags/plugins/event_listener.py
[2025-06-20T14:37:53.823+0000] {processor.py:183} INFO - Processing /home/airflow/.local/lib/python3.12/site-packages/airflow/example_dags/plugins/event_listener.py took 0.024 seconds
[2025-06-20T14:38:24.407+0000] {processor.py:161} INFO - Started process (PID=533) to work on /home/airflow/.local/lib/python3.12/site-packages/airflow/example_dags/plugins/event_listener.py
[2025-06-20T14:38:24.407+0000] {processor.py:830} INFO - Processing file /home/airflow/.local/lib/python3.12/site-packages/airflow/example_dags/plugins/event_listener.py for tasks to queue
[2025-06-20T14:38:24.409+0000] {logging_mixin.py:188} INFO - [2025-06-20T14:38:24.409+0000] {dagbag.py:540} INFO - Filling up the DagBag from /home/airflow/.local/lib/python3.12/site-packages/airflow/example_dags/plugins/event_listener.py
[2025-06-20T14:38:24.411+0000] {processor.py:842} WARNING - No viable dags retrieved from /home/airflow/.local/lib/python3.12/site-packages/airflow/example_dags/plugins/event_listener.py
[2025-06-20T14:38:24.423+0000] {processor.py:183} INFO - Processing /home/airflow/.local/lib/python3.12/site-packages/airflow/example_dags/plugins/event_listener.py took 0.023 seconds
[2025-06-20T14:38:55.240+0000] {processor.py:161} INFO - Started process (PID=591) to work on /home/airflow/.local/lib/python3.12/site-packages/airflow/example_dags/plugins/event_listener.py
[2025-06-20T14:38:55.241+0000] {processor.py:830} INFO - Processing file /home/airflow/.local/lib/python3.12/site-packages/airflow/example_dags/plugins/event_listener.py for tasks to queue
[2025-06-20T14:38:55.243+0000] {logging_mixin.py:188} INFO - [2025-06-20T14:38:55.243+0000] {dagbag.py:540} INFO - Filling up the DagBag from /home/airflow/.local/lib/python3.12/site-packages/airflow/example_dags/plugins/event_listener.py
[2025-06-20T14:38:55.246+0000] {processor.py:842} WARNING - No viable dags retrieved from /home/airflow/.local/lib/python3.12/site-packages/airflow/example_dags/plugins/event_listener.py
[2025-06-20T14:38:55.258+0000] {processor.py:183} INFO - Processing /home/airflow/.local/lib/python3.12/site-packages/airflow/example_dags/plugins/event_listener.py took 0.024 seconds
[2025-06-20T14:39:25.506+0000] {processor.py:161} INFO - Started process (PID=649) to work on /home/airflow/.local/lib/python3.12/site-packages/airflow/example_dags/plugins/event_listener.py
[2025-06-20T14:39:25.507+0000] {processor.py:830} INFO - Processing file /home/airflow/.local/lib/python3.12/site-packages/airflow/example_dags/plugins/event_listener.py for tasks to queue
[2025-06-20T14:39:25.509+0000] {logging_mixin.py:188} INFO - [2025-06-20T14:39:25.509+0000] {dagbag.py:540} INFO - Filling up the DagBag from /home/airflow/.local/lib/python3.12/site-packages/airflow/example_dags/plugins/event_listener.py
[2025-06-20T14:39:25.511+0000] {processor.py:842} WARNING - No viable dags retrieved from /home/airflow/.local/lib/python3.12/site-packages/airflow/example_dags/plugins/event_listener.py
[2025-06-20T14:39:25.525+0000] {processor.py:183} INFO - Processing /home/airflow/.local/lib/python3.12/site-packages/airflow/example_dags/plugins/event_listener.py took 0.027 seconds
[2025-06-20T14:39:55.835+0000] {processor.py:161} INFO - Started process (PID=707) to work on /home/airflow/.local/lib/python3.12/site-packages/airflow/example_dags/plugins/event_listener.py
[2025-06-20T14:39:55.836+0000] {processor.py:830} INFO - Processing file /home/airflow/.local/lib/python3.12/site-packages/airflow/example_dags/plugins/event_listener.py for tasks to queue
[2025-06-20T14:39:55.838+0000] {logging_mixin.py:188} INFO - [2025-06-20T14:39:55.838+0000] {dagbag.py:540} INFO - Filling up the DagBag from /home/airflow/.local/lib/python3.12/site-packages/airflow/example_dags/plugins/event_listener.py
[2025-06-20T14:39:55.840+0000] {processor.py:842} WARNING - No viable dags retrieved from /home/airflow/.local/lib/python3.12/site-packages/airflow/example_dags/plugins/event_listener.py
[2025-06-20T14:39:55.853+0000] {processor.py:183} INFO - Processing /home/airflow/.local/lib/python3.12/site-packages/airflow/example_dags/plugins/event_listener.py took 0.024 seconds
[2025-06-20T14:40:26.124+0000] {processor.py:161} INFO - Started process (PID=765) to work on /home/airflow/.local/lib/python3.12/site-packages/airflow/example_dags/plugins/event_listener.py
[2025-06-20T14:40:26.124+0000] {processor.py:830} INFO - Processing file /home/airflow/.local/lib/python3.12/site-packages/airflow/example_dags/plugins/event_listener.py for tasks to queue
[2025-06-20T14:40:26.126+0000] {logging_mixin.py:188} INFO - [2025-06-20T14:40:26.126+0000] {dagbag.py:540} INFO - Filling up the DagBag from /home/airflow/.local/lib/python3.12/site-packages/airflow/example_dags/plugins/event_listener.py
[2025-06-20T14:40:26.128+0000] {processor.py:842} WARNING - No viable dags retrieved from /home/airflow/.local/lib/python3.12/site-packages/airflow/example_dags/plugins/event_listener.py
[2025-06-20T14:40:26.141+0000] {processor.py:183} INFO - Processing /home/airflow/.local/lib/python3.12/site-packages/airflow/example_dags/plugins/event_listener.py took 0.023 seconds
[2025-06-20T14:40:56.301+0000] {processor.py:161} INFO - Started process (PID=823) to work on /home/airflow/.local/lib/python3.12/site-packages/airflow/example_dags/plugins/event_listener.py
[2025-06-20T14:40:56.301+0000] {processor.py:830} INFO - Processing file /home/airflow/.local/lib/python3.12/site-packages/airflow/example_dags/plugins/event_listener.py for tasks to queue
[2025-06-20T14:40:56.303+0000] {logging_mixin.py:188} INFO - [2025-06-20T14:40:56.303+0000] {dagbag.py:540} INFO - Filling up the DagBag from /home/airflow/.local/lib/python3.12/site-packages/airflow/example_dags/plugins/event_listener.py
[2025-06-20T14:40:56.305+0000] {processor.py:842} WARNING - No viable dags retrieved from /home/airflow/.local/lib/python3.12/site-packages/airflow/example_dags/plugins/event_listener.py
[2025-06-20T14:40:56.321+0000] {processor.py:183} INFO - Processing /home/airflow/.local/lib/python3.12/site-packages/airflow/example_dags/plugins/event_listener.py took 0.027 seconds
[2025-06-20T14:41:26.995+0000] {processor.py:161} INFO - Started process (PID=881) to work on /home/airflow/.local/lib/python3.12/site-packages/airflow/example_dags/plugins/event_listener.py
[2025-06-20T14:41:26.996+0000] {processor.py:830} INFO - Processing file /home/airflow/.local/lib/python3.12/site-packages/airflow/example_dags/plugins/event_listener.py for tasks to queue
[2025-06-20T14:41:26.997+0000] {logging_mixin.py:188} INFO - [2025-06-20T14:41:26.997+0000] {dagbag.py:540} INFO - Filling up the DagBag from /home/airflow/.local/lib/python3.12/site-packages/airflow/example_dags/plugins/event_listener.py
[2025-06-20T14:41:27.000+0000] {processor.py:842} WARNING - No viable dags retrieved from /home/airflow/.local/lib/python3.12/site-packages/airflow/example_dags/plugins/event_listener.py
[2025-06-20T14:41:27.014+0000] {processor.py:183} INFO - Processing /home/airflow/.local/lib/python3.12/site-packages/airflow/example_dags/plugins/event_listener.py took 0.026 seconds
[2025-06-20T14:41:58.103+0000] {processor.py:161} INFO - Started process (PID=939) to work on /home/airflow/.local/lib/python3.12/site-packages/airflow/example_dags/plugins/event_listener.py
[2025-06-20T14:41:58.104+0000] {processor.py:830} INFO - Processing file /home/airflow/.local/lib/python3.12/site-packages/airflow/example_dags/plugins/event_listener.py for tasks to queue
[2025-06-20T14:41:58.106+0000] {logging_mixin.py:188} INFO - [2025-06-20T14:41:58.106+0000] {dagbag.py:540} INFO - Filling up the DagBag from /home/airflow/.local/lib/python3.12/site-packages/airflow/example_dags/plugins/event_listener.py
[2025-06-20T14:41:58.108+0000] {processor.py:842} WARNING - No viable dags retrieved from /home/airflow/.local/lib/python3.12/site-packages/airflow/example_dags/plugins/event_listener.py
[2025-06-20T14:41:58.121+0000] {processor.py:183} INFO - Processing /home/airflow/.local/lib/python3.12/site-packages/airflow/example_dags/plugins/event_listener.py took 0.023 seconds
[2025-06-20T14:42:28.551+0000] {processor.py:161} INFO - Started process (PID=997) to work on /home/airflow/.local/lib/python3.12/site-packages/airflow/example_dags/plugins/event_listener.py
[2025-06-20T14:42:28.552+0000] {processor.py:830} INFO - Processing file /home/airflow/.local/lib/python3.12/site-packages/airflow/example_dags/plugins/event_listener.py for tasks to queue
[2025-06-20T14:42:28.553+0000] {logging_mixin.py:188} INFO - [2025-06-20T14:42:28.553+0000] {dagbag.py:540} INFO - Filling up the DagBag from /home/airflow/.local/lib/python3.12/site-packages/airflow/example_dags/plugins/event_listener.py
[2025-06-20T14:42:28.555+0000] {processor.py:842} WARNING - No viable dags retrieved from /home/airflow/.local/lib/python3.12/site-packages/airflow/example_dags/plugins/event_listener.py
[2025-06-20T14:42:28.569+0000] {processor.py:183} INFO - Processing /home/airflow/.local/lib/python3.12/site-packages/airflow/example_dags/plugins/event_listener.py took 0.024 seconds
[2025-06-20T14:42:58.922+0000] {processor.py:161} INFO - Started process (PID=1055) to work on /home/airflow/.local/lib/python3.12/site-packages/airflow/example_dags/plugins/event_listener.py
[2025-06-20T14:42:58.923+0000] {processor.py:830} INFO - Processing file /home/airflow/.local/lib/python3.12/site-packages/airflow/example_dags/plugins/event_listener.py for tasks to queue
[2025-06-20T14:42:58.925+0000] {logging_mixin.py:188} INFO - [2025-06-20T14:42:58.925+0000] {dagbag.py:540} INFO - Filling up the DagBag from /home/airflow/.local/lib/python3.12/site-packages/airflow/example_dags/plugins/event_listener.py
[2025-06-20T14:42:58.927+0000] {processor.py:842} WARNING - No viable dags retrieved from /home/airflow/.local/lib/python3.12/site-packages/airflow/example_dags/plugins/event_listener.py
[2025-06-20T14:42:58.940+0000] {processor.py:183} INFO - Processing /home/airflow/.local/lib/python3.12/site-packages/airflow/example_dags/plugins/event_listener.py took 0.023 seconds
[2025-06-20T14:43:29.674+0000] {processor.py:161} INFO - Started process (PID=1113) to work on /home/airflow/.local/lib/python3.12/site-packages/airflow/example_dags/plugins/event_listener.py
[2025-06-20T14:43:29.675+0000] {processor.py:830} INFO - Processing file /home/airflow/.local/lib/python3.12/site-packages/airflow/example_dags/plugins/event_listener.py for tasks to queue
[2025-06-20T14:43:29.677+0000] {logging_mixin.py:188} INFO - [2025-06-20T14:43:29.676+0000] {dagbag.py:540} INFO - Filling up the DagBag from /home/airflow/.local/lib/python3.12/site-packages/airflow/example_dags/plugins/event_listener.py
[2025-06-20T14:43:29.679+0000] {processor.py:842} WARNING - No viable dags retrieved from /home/airflow/.local/lib/python3.12/site-packages/airflow/example_dags/plugins/event_listener.py
[2025-06-20T14:43:29.692+0000] {processor.py:183} INFO - Processing /home/airflow/.local/lib/python3.12/site-packages/airflow/example_dags/plugins/event_listener.py took 0.024 seconds
[2025-06-20T14:44:00.770+0000] {processor.py:161} INFO - Started process (PID=1171) to work on /home/airflow/.local/lib/python3.12/site-packages/airflow/example_dags/plugins/event_listener.py
[2025-06-20T14:44:00.771+0000] {processor.py:830} INFO - Processing file /home/airflow/.local/lib/python3.12/site-packages/airflow/example_dags/plugins/event_listener.py for tasks to queue
[2025-06-20T14:44:00.773+0000] {logging_mixin.py:188} INFO - [2025-06-20T14:44:00.773+0000] {dagbag.py:540} INFO - Filling up the DagBag from /home/airflow/.local/lib/python3.12/site-packages/airflow/example_dags/plugins/event_listener.py
[2025-06-20T14:44:00.775+0000] {processor.py:842} WARNING - No viable dags retrieved from /home/airflow/.local/lib/python3.12/site-packages/airflow/example_dags/plugins/event_listener.py
[2025-06-20T14:44:00.789+0000] {processor.py:183} INFO - Processing /home/airflow/.local/lib/python3.12/site-packages/airflow/example_dags/plugins/event_listener.py took 0.025 seconds
[2025-06-20T14:44:31.117+0000] {processor.py:161} INFO - Started process (PID=1229) to work on /home/airflow/.local/lib/python3.12/site-packages/airflow/example_dags/plugins/event_listener.py
[2025-06-20T14:44:31.118+0000] {processor.py:830} INFO - Processing file /home/airflow/.local/lib/python3.12/site-packages/airflow/example_dags/plugins/event_listener.py for tasks to queue
[2025-06-20T14:44:31.121+0000] {logging_mixin.py:188} INFO - [2025-06-20T14:44:31.120+0000] {dagbag.py:540} INFO - Filling up the DagBag from /home/airflow/.local/lib/python3.12/site-packages/airflow/example_dags/plugins/event_listener.py
[2025-06-20T14:44:31.123+0000] {processor.py:842} WARNING - No viable dags retrieved from /home/airflow/.local/lib/python3.12/site-packages/airflow/example_dags/plugins/event_listener.py
[2025-06-20T14:44:31.137+0000] {processor.py:183} INFO - Processing /home/airflow/.local/lib/python3.12/site-packages/airflow/example_dags/plugins/event_listener.py took 0.026 seconds
[2025-06-20T14:45:01.729+0000] {processor.py:161} INFO - Started process (PID=1287) to work on /home/airflow/.local/lib/python3.12/site-packages/airflow/example_dags/plugins/event_listener.py
[2025-06-20T14:45:01.730+0000] {processor.py:830} INFO - Processing file /home/airflow/.local/lib/python3.12/site-packages/airflow/example_dags/plugins/event_listener.py for tasks to queue
[2025-06-20T14:45:01.732+0000] {logging_mixin.py:188} INFO - [2025-06-20T14:45:01.732+0000] {dagbag.py:540} INFO - Filling up the DagBag from /home/airflow/.local/lib/python3.12/site-packages/airflow/example_dags/plugins/event_listener.py
[2025-06-20T14:45:01.734+0000] {processor.py:842} WARNING - No viable dags retrieved from /home/airflow/.local/lib/python3.12/site-packages/airflow/example_dags/plugins/event_listener.py
[2025-06-20T14:45:01.746+0000] {processor.py:183} INFO - Processing /home/airflow/.local/lib/python3.12/site-packages/airflow/example_dags/plugins/event_listener.py took 0.023 seconds
[2025-06-20T14:45:32.292+0000] {processor.py:161} INFO - Started process (PID=1345) to work on /home/airflow/.local/lib/python3.12/site-packages/airflow/example_dags/plugins/event_listener.py
[2025-06-20T14:45:32.293+0000] {processor.py:830} INFO - Processing file /home/airflow/.local/lib/python3.12/site-packages/airflow/example_dags/plugins/event_listener.py for tasks to queue
[2025-06-20T14:45:32.295+0000] {logging_mixin.py:188} INFO - [2025-06-20T14:45:32.294+0000] {dagbag.py:540} INFO - Filling up the DagBag from /home/airflow/.local/lib/python3.12/site-packages/airflow/example_dags/plugins/event_listener.py
[2025-06-20T14:45:32.297+0000] {processor.py:842} WARNING - No viable dags retrieved from /home/airflow/.local/lib/python3.12/site-packages/airflow/example_dags/plugins/event_listener.py
[2025-06-20T14:45:32.310+0000] {processor.py:183} INFO - Processing /home/airflow/.local/lib/python3.12/site-packages/airflow/example_dags/plugins/event_listener.py took 0.024 seconds
[2025-06-20T14:46:02.501+0000] {processor.py:161} INFO - Started process (PID=1403) to work on /home/airflow/.local/lib/python3.12/site-packages/airflow/example_dags/plugins/event_listener.py
[2025-06-20T14:46:02.502+0000] {processor.py:830} INFO - Processing file /home/airflow/.local/lib/python3.12/site-packages/airflow/example_dags/plugins/event_listener.py for tasks to queue
[2025-06-20T14:46:02.504+0000] {logging_mixin.py:188} INFO - [2025-06-20T14:46:02.504+0000] {dagbag.py:540} INFO - Filling up the DagBag from /home/airflow/.local/lib/python3.12/site-packages/airflow/example_dags/plugins/event_listener.py
[2025-06-20T14:46:02.506+0000] {processor.py:842} WARNING - No viable dags retrieved from /home/airflow/.local/lib/python3.12/site-packages/airflow/example_dags/plugins/event_listener.py
[2025-06-20T14:46:02.520+0000] {processor.py:183} INFO - Processing /home/airflow/.local/lib/python3.12/site-packages/airflow/example_dags/plugins/event_listener.py took 0.025 seconds
[2025-06-20T14:46:32.814+0000] {processor.py:161} INFO - Started process (PID=1461) to work on /home/airflow/.local/lib/python3.12/site-packages/airflow/example_dags/plugins/event_listener.py
[2025-06-20T14:46:32.815+0000] {processor.py:830} INFO - Processing file /home/airflow/.local/lib/python3.12/site-packages/airflow/example_dags/plugins/event_listener.py for tasks to queue
[2025-06-20T14:46:32.817+0000] {logging_mixin.py:188} INFO - [2025-06-20T14:46:32.816+0000] {dagbag.py:540} INFO - Filling up the DagBag from /home/airflow/.local/lib/python3.12/site-packages/airflow/example_dags/plugins/event_listener.py
[2025-06-20T14:46:32.819+0000] {processor.py:842} WARNING - No viable dags retrieved from /home/airflow/.local/lib/python3.12/site-packages/airflow/example_dags/plugins/event_listener.py
[2025-06-20T14:46:32.831+0000] {processor.py:183} INFO - Processing /home/airflow/.local/lib/python3.12/site-packages/airflow/example_dags/plugins/event_listener.py took 0.024 seconds
[2025-06-20T14:47:03.100+0000] {processor.py:161} INFO - Started process (PID=1519) to work on /home/airflow/.local/lib/python3.12/site-packages/airflow/example_dags/plugins/event_listener.py
[2025-06-20T14:47:03.101+0000] {processor.py:830} INFO - Processing file /home/airflow/.local/lib/python3.12/site-packages/airflow/example_dags/plugins/event_listener.py for tasks to queue
[2025-06-20T14:47:03.103+0000] {logging_mixin.py:188} INFO - [2025-06-20T14:47:03.103+0000] {dagbag.py:540} INFO - Filling up the DagBag from /home/airflow/.local/lib/python3.12/site-packages/airflow/example_dags/plugins/event_listener.py
[2025-06-20T14:47:03.105+0000] {processor.py:842} WARNING - No viable dags retrieved from /home/airflow/.local/lib/python3.12/site-packages/airflow/example_dags/plugins/event_listener.py
[2025-06-20T14:47:03.119+0000] {processor.py:183} INFO - Processing /home/airflow/.local/lib/python3.12/site-packages/airflow/example_dags/plugins/event_listener.py took 0.025 seconds
[2025-06-20T14:47:33.369+0000] {processor.py:161} INFO - Started process (PID=1577) to work on /home/airflow/.local/lib/python3.12/site-packages/airflow/example_dags/plugins/event_listener.py
[2025-06-20T14:47:33.370+0000] {processor.py:830} INFO - Processing file /home/airflow/.local/lib/python3.12/site-packages/airflow/example_dags/plugins/event_listener.py for tasks to queue
[2025-06-20T14:47:33.372+0000] {logging_mixin.py:188} INFO - [2025-06-20T14:47:33.371+0000] {dagbag.py:540} INFO - Filling up the DagBag from /home/airflow/.local/lib/python3.12/site-packages/airflow/example_dags/plugins/event_listener.py
[2025-06-20T14:47:33.374+0000] {processor.py:842} WARNING - No viable dags retrieved from /home/airflow/.local/lib/python3.12/site-packages/airflow/example_dags/plugins/event_listener.py
[2025-06-20T14:47:33.387+0000] {processor.py:183} INFO - Processing /home/airflow/.local/lib/python3.12/site-packages/airflow/example_dags/plugins/event_listener.py took 0.024 seconds
[2025-06-20T14:48:03.761+0000] {processor.py:161} INFO - Started process (PID=1635) to work on /home/airflow/.local/lib/python3.12/site-packages/airflow/example_dags/plugins/event_listener.py
[2025-06-20T14:48:03.762+0000] {processor.py:830} INFO - Processing file /home/airflow/.local/lib/python3.12/site-packages/airflow/example_dags/plugins/event_listener.py for tasks to queue
[2025-06-20T14:48:03.764+0000] {logging_mixin.py:188} INFO - [2025-06-20T14:48:03.764+0000] {dagbag.py:540} INFO - Filling up the DagBag from /home/airflow/.local/lib/python3.12/site-packages/airflow/example_dags/plugins/event_listener.py
[2025-06-20T14:48:03.766+0000] {processor.py:842} WARNING - No viable dags retrieved from /home/airflow/.local/lib/python3.12/site-packages/airflow/example_dags/plugins/event_listener.py
[2025-06-20T14:48:03.779+0000] {processor.py:183} INFO - Processing /home/airflow/.local/lib/python3.12/site-packages/airflow/example_dags/plugins/event_listener.py took 0.023 seconds
[2025-06-20T14:48:33.940+0000] {processor.py:161} INFO - Started process (PID=1693) to work on /home/airflow/.local/lib/python3.12/site-packages/airflow/example_dags/plugins/event_listener.py
[2025-06-20T14:48:33.941+0000] {processor.py:830} INFO - Processing file /home/airflow/.local/lib/python3.12/site-packages/airflow/example_dags/plugins/event_listener.py for tasks to queue
[2025-06-20T14:48:33.943+0000] {logging_mixin.py:188} INFO - [2025-06-20T14:48:33.943+0000] {dagbag.py:540} INFO - Filling up the DagBag from /home/airflow/.local/lib/python3.12/site-packages/airflow/example_dags/plugins/event_listener.py
[2025-06-20T14:48:33.945+0000] {processor.py:842} WARNING - No viable dags retrieved from /home/airflow/.local/lib/python3.12/site-packages/airflow/example_dags/plugins/event_listener.py
[2025-06-20T14:48:33.958+0000] {processor.py:183} INFO - Processing /home/airflow/.local/lib/python3.12/site-packages/airflow/example_dags/plugins/event_listener.py took 0.024 seconds
[2025-06-20T14:49:04.065+0000] {processor.py:161} INFO - Started process (PID=1750) to work on /home/airflow/.local/lib/python3.12/site-packages/airflow/example_dags/plugins/event_listener.py
[2025-06-20T14:49:04.066+0000] {processor.py:830} INFO - Processing file /home/airflow/.local/lib/python3.12/site-packages/airflow/example_dags/plugins/event_listener.py for tasks to queue
[2025-06-20T14:49:04.068+0000] {logging_mixin.py:188} INFO - [2025-06-20T14:49:04.068+0000] {dagbag.py:540} INFO - Filling up the DagBag from /home/airflow/.local/lib/python3.12/site-packages/airflow/example_dags/plugins/event_listener.py
[2025-06-20T14:49:04.070+0000] {processor.py:842} WARNING - No viable dags retrieved from /home/airflow/.local/lib/python3.12/site-packages/airflow/example_dags/plugins/event_listener.py
[2025-06-20T14:49:04.083+0000] {processor.py:183} INFO - Processing /home/airflow/.local/lib/python3.12/site-packages/airflow/example_dags/plugins/event_listener.py took 0.024 seconds
[2025-06-20T14:49:34.452+0000] {processor.py:161} INFO - Started process (PID=1808) to work on /home/airflow/.local/lib/python3.12/site-packages/airflow/example_dags/plugins/event_listener.py
[2025-06-20T14:49:34.453+0000] {processor.py:830} INFO - Processing file /home/airflow/.local/lib/python3.12/site-packages/airflow/example_dags/plugins/event_listener.py for tasks to queue
[2025-06-20T14:49:34.455+0000] {logging_mixin.py:188} INFO - [2025-06-20T14:49:34.455+0000] {dagbag.py:540} INFO - Filling up the DagBag from /home/airflow/.local/lib/python3.12/site-packages/airflow/example_dags/plugins/event_listener.py
[2025-06-20T14:49:34.457+0000] {processor.py:842} WARNING - No viable dags retrieved from /home/airflow/.local/lib/python3.12/site-packages/airflow/example_dags/plugins/event_listener.py
[2025-06-20T14:49:34.469+0000] {processor.py:183} INFO - Processing /home/airflow/.local/lib/python3.12/site-packages/airflow/example_dags/plugins/event_listener.py took 0.024 seconds
[2025-06-20T14:50:04.608+0000] {processor.py:161} INFO - Started process (PID=1866) to work on /home/airflow/.local/lib/python3.12/site-packages/airflow/example_dags/plugins/event_listener.py
[2025-06-20T14:50:04.609+0000] {processor.py:830} INFO - Processing file /home/airflow/.local/lib/python3.12/site-packages/airflow/example_dags/plugins/event_listener.py for tasks to queue
[2025-06-20T14:50:04.611+0000] {logging_mixin.py:188} INFO - [2025-06-20T14:50:04.611+0000] {dagbag.py:540} INFO - Filling up the DagBag from /home/airflow/.local/lib/python3.12/site-packages/airflow/example_dags/plugins/event_listener.py
[2025-06-20T14:50:04.613+0000] {processor.py:842} WARNING - No viable dags retrieved from /home/airflow/.local/lib/python3.12/site-packages/airflow/example_dags/plugins/event_listener.py
[2025-06-20T14:50:04.626+0000] {processor.py:183} INFO - Processing /home/airflow/.local/lib/python3.12/site-packages/airflow/example_dags/plugins/event_listener.py took 0.024 seconds
[2025-06-20T14:50:35.698+0000] {processor.py:161} INFO - Started process (PID=1924) to work on /home/airflow/.local/lib/python3.12/site-packages/airflow/example_dags/plugins/event_listener.py
[2025-06-20T14:50:35.698+0000] {processor.py:830} INFO - Processing file /home/airflow/.local/lib/python3.12/site-packages/airflow/example_dags/plugins/event_listener.py for tasks to queue
[2025-06-20T14:50:35.700+0000] {logging_mixin.py:188} INFO - [2025-06-20T14:50:35.700+0000] {dagbag.py:540} INFO - Filling up the DagBag from /home/airflow/.local/lib/python3.12/site-packages/airflow/example_dags/plugins/event_listener.py
[2025-06-20T14:50:35.702+0000] {processor.py:842} WARNING - No viable dags retrieved from /home/airflow/.local/lib/python3.12/site-packages/airflow/example_dags/plugins/event_listener.py
[2025-06-20T14:50:35.716+0000] {processor.py:183} INFO - Processing /home/airflow/.local/lib/python3.12/site-packages/airflow/example_dags/plugins/event_listener.py took 0.025 seconds
[2025-06-20T14:51:05.924+0000] {processor.py:161} INFO - Started process (PID=1982) to work on /home/airflow/.local/lib/python3.12/site-packages/airflow/example_dags/plugins/event_listener.py
[2025-06-20T14:51:05.924+0000] {processor.py:830} INFO - Processing file /home/airflow/.local/lib/python3.12/site-packages/airflow/example_dags/plugins/event_listener.py for tasks to queue
[2025-06-20T14:51:05.926+0000] {logging_mixin.py:188} INFO - [2025-06-20T14:51:05.926+0000] {dagbag.py:540} INFO - Filling up the DagBag from /home/airflow/.local/lib/python3.12/site-packages/airflow/example_dags/plugins/event_listener.py
[2025-06-20T14:51:05.929+0000] {processor.py:842} WARNING - No viable dags retrieved from /home/airflow/.local/lib/python3.12/site-packages/airflow/example_dags/plugins/event_listener.py
[2025-06-20T14:51:05.941+0000] {processor.py:183} INFO - Processing /home/airflow/.local/lib/python3.12/site-packages/airflow/example_dags/plugins/event_listener.py took 0.024 seconds
[2025-06-20T14:51:36.075+0000] {processor.py:161} INFO - Started process (PID=2040) to work on /home/airflow/.local/lib/python3.12/site-packages/airflow/example_dags/plugins/event_listener.py
[2025-06-20T14:51:36.076+0000] {processor.py:830} INFO - Processing file /home/airflow/.local/lib/python3.12/site-packages/airflow/example_dags/plugins/event_listener.py for tasks to queue
[2025-06-20T14:51:36.078+0000] {logging_mixin.py:188} INFO - [2025-06-20T14:51:36.078+0000] {dagbag.py:540} INFO - Filling up the DagBag from /home/airflow/.local/lib/python3.12/site-packages/airflow/example_dags/plugins/event_listener.py
[2025-06-20T14:51:36.081+0000] {processor.py:842} WARNING - No viable dags retrieved from /home/airflow/.local/lib/python3.12/site-packages/airflow/example_dags/plugins/event_listener.py
[2025-06-20T14:51:36.094+0000] {processor.py:183} INFO - Processing /home/airflow/.local/lib/python3.12/site-packages/airflow/example_dags/plugins/event_listener.py took 0.025 seconds
[2025-06-20T14:52:06.299+0000] {processor.py:161} INFO - Started process (PID=2098) to work on /home/airflow/.local/lib/python3.12/site-packages/airflow/example_dags/plugins/event_listener.py
[2025-06-20T14:52:06.300+0000] {processor.py:830} INFO - Processing file /home/airflow/.local/lib/python3.12/site-packages/airflow/example_dags/plugins/event_listener.py for tasks to queue
[2025-06-20T14:52:06.302+0000] {logging_mixin.py:188} INFO - [2025-06-20T14:52:06.301+0000] {dagbag.py:540} INFO - Filling up the DagBag from /home/airflow/.local/lib/python3.12/site-packages/airflow/example_dags/plugins/event_listener.py
[2025-06-20T14:52:06.304+0000] {processor.py:842} WARNING - No viable dags retrieved from /home/airflow/.local/lib/python3.12/site-packages/airflow/example_dags/plugins/event_listener.py
[2025-06-20T14:52:06.317+0000] {processor.py:183} INFO - Processing /home/airflow/.local/lib/python3.12/site-packages/airflow/example_dags/plugins/event_listener.py took 0.025 seconds
[2025-06-20T14:52:37.359+0000] {processor.py:161} INFO - Started process (PID=2156) to work on /home/airflow/.local/lib/python3.12/site-packages/airflow/example_dags/plugins/event_listener.py
[2025-06-20T14:52:37.360+0000] {processor.py:830} INFO - Processing file /home/airflow/.local/lib/python3.12/site-packages/airflow/example_dags/plugins/event_listener.py for tasks to queue
[2025-06-20T14:52:37.362+0000] {logging_mixin.py:188} INFO - [2025-06-20T14:52:37.361+0000] {dagbag.py:540} INFO - Filling up the DagBag from /home/airflow/.local/lib/python3.12/site-packages/airflow/example_dags/plugins/event_listener.py
[2025-06-20T14:52:37.364+0000] {processor.py:842} WARNING - No viable dags retrieved from /home/airflow/.local/lib/python3.12/site-packages/airflow/example_dags/plugins/event_listener.py
[2025-06-20T14:52:37.376+0000] {processor.py:183} INFO - Processing /home/airflow/.local/lib/python3.12/site-packages/airflow/example_dags/plugins/event_listener.py took 0.024 seconds
[2025-06-20T14:53:07.516+0000] {processor.py:161} INFO - Started process (PID=2214) to work on /home/airflow/.local/lib/python3.12/site-packages/airflow/example_dags/plugins/event_listener.py
[2025-06-20T14:53:07.517+0000] {processor.py:830} INFO - Processing file /home/airflow/.local/lib/python3.12/site-packages/airflow/example_dags/plugins/event_listener.py for tasks to queue
[2025-06-20T14:53:07.519+0000] {logging_mixin.py:188} INFO - [2025-06-20T14:53:07.519+0000] {dagbag.py:540} INFO - Filling up the DagBag from /home/airflow/.local/lib/python3.12/site-packages/airflow/example_dags/plugins/event_listener.py
[2025-06-20T14:53:07.521+0000] {processor.py:842} WARNING - No viable dags retrieved from /home/airflow/.local/lib/python3.12/site-packages/airflow/example_dags/plugins/event_listener.py
[2025-06-20T14:53:07.535+0000] {processor.py:183} INFO - Processing /home/airflow/.local/lib/python3.12/site-packages/airflow/example_dags/plugins/event_listener.py took 0.025 seconds
[2025-06-20T14:53:37.874+0000] {processor.py:161} INFO - Started process (PID=2272) to work on /home/airflow/.local/lib/python3.12/site-packages/airflow/example_dags/plugins/event_listener.py
[2025-06-20T14:53:37.875+0000] {processor.py:830} INFO - Processing file /home/airflow/.local/lib/python3.12/site-packages/airflow/example_dags/plugins/event_listener.py for tasks to queue
[2025-06-20T14:53:37.877+0000] {logging_mixin.py:188} INFO - [2025-06-20T14:53:37.877+0000] {dagbag.py:540} INFO - Filling up the DagBag from /home/airflow/.local/lib/python3.12/site-packages/airflow/example_dags/plugins/event_listener.py
[2025-06-20T14:53:37.879+0000] {processor.py:842} WARNING - No viable dags retrieved from /home/airflow/.local/lib/python3.12/site-packages/airflow/example_dags/plugins/event_listener.py
[2025-06-20T14:53:37.891+0000] {processor.py:183} INFO - Processing /home/airflow/.local/lib/python3.12/site-packages/airflow/example_dags/plugins/event_listener.py took 0.023 seconds
[2025-06-20T14:54:08.729+0000] {processor.py:161} INFO - Started process (PID=2330) to work on /home/airflow/.local/lib/python3.12/site-packages/airflow/example_dags/plugins/event_listener.py
[2025-06-20T14:54:08.730+0000] {processor.py:830} INFO - Processing file /home/airflow/.local/lib/python3.12/site-packages/airflow/example_dags/plugins/event_listener.py for tasks to queue
[2025-06-20T14:54:08.732+0000] {logging_mixin.py:188} INFO - [2025-06-20T14:54:08.731+0000] {dagbag.py:540} INFO - Filling up the DagBag from /home/airflow/.local/lib/python3.12/site-packages/airflow/example_dags/plugins/event_listener.py
[2025-06-20T14:54:08.734+0000] {processor.py:842} WARNING - No viable dags retrieved from /home/airflow/.local/lib/python3.12/site-packages/airflow/example_dags/plugins/event_listener.py
[2025-06-20T14:54:08.747+0000] {processor.py:183} INFO - Processing /home/airflow/.local/lib/python3.12/site-packages/airflow/example_dags/plugins/event_listener.py took 0.024 seconds
[2025-06-20T14:54:39.797+0000] {processor.py:161} INFO - Started process (PID=2388) to work on /home/airflow/.local/lib/python3.12/site-packages/airflow/example_dags/plugins/event_listener.py
[2025-06-20T14:54:39.798+0000] {processor.py:830} INFO - Processing file /home/airflow/.local/lib/python3.12/site-packages/airflow/example_dags/plugins/event_listener.py for tasks to queue
[2025-06-20T14:54:39.800+0000] {logging_mixin.py:188} INFO - [2025-06-20T14:54:39.799+0000] {dagbag.py:540} INFO - Filling up the DagBag from /home/airflow/.local/lib/python3.12/site-packages/airflow/example_dags/plugins/event_listener.py
[2025-06-20T14:54:39.802+0000] {processor.py:842} WARNING - No viable dags retrieved from /home/airflow/.local/lib/python3.12/site-packages/airflow/example_dags/plugins/event_listener.py
[2025-06-20T14:54:39.814+0000] {processor.py:183} INFO - Processing /home/airflow/.local/lib/python3.12/site-packages/airflow/example_dags/plugins/event_listener.py took 0.023 seconds
[2025-06-20T14:55:10.047+0000] {processor.py:161} INFO - Started process (PID=2447) to work on /home/airflow/.local/lib/python3.12/site-packages/airflow/example_dags/plugins/event_listener.py
[2025-06-20T14:55:10.048+0000] {processor.py:830} INFO - Processing file /home/airflow/.local/lib/python3.12/site-packages/airflow/example_dags/plugins/event_listener.py for tasks to queue
[2025-06-20T14:55:10.049+0000] {logging_mixin.py:188} INFO - [2025-06-20T14:55:10.049+0000] {dagbag.py:540} INFO - Filling up the DagBag from /home/airflow/.local/lib/python3.12/site-packages/airflow/example_dags/plugins/event_listener.py
[2025-06-20T14:55:10.052+0000] {processor.py:842} WARNING - No viable dags retrieved from /home/airflow/.local/lib/python3.12/site-packages/airflow/example_dags/plugins/event_listener.py
[2025-06-20T14:55:10.064+0000] {processor.py:183} INFO - Processing /home/airflow/.local/lib/python3.12/site-packages/airflow/example_dags/plugins/event_listener.py took 0.024 seconds
[2025-06-20T14:55:40.224+0000] {processor.py:161} INFO - Started process (PID=2506) to work on /home/airflow/.local/lib/python3.12/site-packages/airflow/example_dags/plugins/event_listener.py
[2025-06-20T14:55:40.224+0000] {processor.py:830} INFO - Processing file /home/airflow/.local/lib/python3.12/site-packages/airflow/example_dags/plugins/event_listener.py for tasks to queue
[2025-06-20T14:55:40.226+0000] {logging_mixin.py:188} INFO - [2025-06-20T14:55:40.226+0000] {dagbag.py:540} INFO - Filling up the DagBag from /home/airflow/.local/lib/python3.12/site-packages/airflow/example_dags/plugins/event_listener.py
[2025-06-20T14:55:40.229+0000] {processor.py:842} WARNING - No viable dags retrieved from /home/airflow/.local/lib/python3.12/site-packages/airflow/example_dags/plugins/event_listener.py
[2025-06-20T14:55:40.245+0000] {processor.py:183} INFO - Processing /home/airflow/.local/lib/python3.12/site-packages/airflow/example_dags/plugins/event_listener.py took 0.028 seconds
[2025-06-20T14:56:10.538+0000] {processor.py:161} INFO - Started process (PID=2565) to work on /home/airflow/.local/lib/python3.12/site-packages/airflow/example_dags/plugins/event_listener.py
[2025-06-20T14:56:10.539+0000] {processor.py:830} INFO - Processing file /home/airflow/.local/lib/python3.12/site-packages/airflow/example_dags/plugins/event_listener.py for tasks to queue
[2025-06-20T14:56:10.541+0000] {logging_mixin.py:188} INFO - [2025-06-20T14:56:10.541+0000] {dagbag.py:540} INFO - Filling up the DagBag from /home/airflow/.local/lib/python3.12/site-packages/airflow/example_dags/plugins/event_listener.py
[2025-06-20T14:56:10.543+0000] {processor.py:842} WARNING - No viable dags retrieved from /home/airflow/.local/lib/python3.12/site-packages/airflow/example_dags/plugins/event_listener.py
[2025-06-20T14:56:10.557+0000] {processor.py:183} INFO - Processing /home/airflow/.local/lib/python3.12/site-packages/airflow/example_dags/plugins/event_listener.py took 0.024 seconds
[2025-06-20T14:56:40.750+0000] {processor.py:161} INFO - Started process (PID=2624) to work on /home/airflow/.local/lib/python3.12/site-packages/airflow/example_dags/plugins/event_listener.py
[2025-06-20T14:56:40.751+0000] {processor.py:830} INFO - Processing file /home/airflow/.local/lib/python3.12/site-packages/airflow/example_dags/plugins/event_listener.py for tasks to queue
[2025-06-20T14:56:40.753+0000] {logging_mixin.py:188} INFO - [2025-06-20T14:56:40.753+0000] {dagbag.py:540} INFO - Filling up the DagBag from /home/airflow/.local/lib/python3.12/site-packages/airflow/example_dags/plugins/event_listener.py
[2025-06-20T14:56:40.755+0000] {processor.py:842} WARNING - No viable dags retrieved from /home/airflow/.local/lib/python3.12/site-packages/airflow/example_dags/plugins/event_listener.py
[2025-06-20T14:56:40.767+0000] {processor.py:183} INFO - Processing /home/airflow/.local/lib/python3.12/site-packages/airflow/example_dags/plugins/event_listener.py took 0.024 seconds
[2025-06-20T14:57:10.983+0000] {processor.py:161} INFO - Started process (PID=2683) to work on /home/airflow/.local/lib/python3.12/site-packages/airflow/example_dags/plugins/event_listener.py
[2025-06-20T14:57:10.983+0000] {processor.py:830} INFO - Processing file /home/airflow/.local/lib/python3.12/site-packages/airflow/example_dags/plugins/event_listener.py for tasks to queue
[2025-06-20T14:57:10.985+0000] {logging_mixin.py:188} INFO - [2025-06-20T14:57:10.985+0000] {dagbag.py:540} INFO - Filling up the DagBag from /home/airflow/.local/lib/python3.12/site-packages/airflow/example_dags/plugins/event_listener.py
[2025-06-20T14:57:10.987+0000] {processor.py:842} WARNING - No viable dags retrieved from /home/airflow/.local/lib/python3.12/site-packages/airflow/example_dags/plugins/event_listener.py
[2025-06-20T14:57:11.001+0000] {processor.py:183} INFO - Processing /home/airflow/.local/lib/python3.12/site-packages/airflow/example_dags/plugins/event_listener.py took 0.024 seconds
[2025-06-20T14:57:41.266+0000] {processor.py:161} INFO - Started process (PID=2742) to work on /home/airflow/.local/lib/python3.12/site-packages/airflow/example_dags/plugins/event_listener.py
[2025-06-20T14:57:41.267+0000] {processor.py:830} INFO - Processing file /home/airflow/.local/lib/python3.12/site-packages/airflow/example_dags/plugins/event_listener.py for tasks to queue
[2025-06-20T14:57:41.269+0000] {logging_mixin.py:188} INFO - [2025-06-20T14:57:41.269+0000] {dagbag.py:540} INFO - Filling up the DagBag from /home/airflow/.local/lib/python3.12/site-packages/airflow/example_dags/plugins/event_listener.py
[2025-06-20T14:57:41.271+0000] {processor.py:842} WARNING - No viable dags retrieved from /home/airflow/.local/lib/python3.12/site-packages/airflow/example_dags/plugins/event_listener.py
[2025-06-20T14:57:41.283+0000] {processor.py:183} INFO - Processing /home/airflow/.local/lib/python3.12/site-packages/airflow/example_dags/plugins/event_listener.py took 0.023 seconds
[2025-06-20T14:58:11.467+0000] {processor.py:161} INFO - Started process (PID=2801) to work on /home/airflow/.local/lib/python3.12/site-packages/airflow/example_dags/plugins/event_listener.py
[2025-06-20T14:58:11.468+0000] {processor.py:830} INFO - Processing file /home/airflow/.local/lib/python3.12/site-packages/airflow/example_dags/plugins/event_listener.py for tasks to queue
[2025-06-20T14:58:11.470+0000] {logging_mixin.py:188} INFO - [2025-06-20T14:58:11.469+0000] {dagbag.py:540} INFO - Filling up the DagBag from /home/airflow/.local/lib/python3.12/site-packages/airflow/example_dags/plugins/event_listener.py
[2025-06-20T14:58:11.472+0000] {processor.py:842} WARNING - No viable dags retrieved from /home/airflow/.local/lib/python3.12/site-packages/airflow/example_dags/plugins/event_listener.py
[2025-06-20T14:58:11.484+0000] {processor.py:183} INFO - Processing /home/airflow/.local/lib/python3.12/site-packages/airflow/example_dags/plugins/event_listener.py took 0.023 seconds
[2025-06-20T14:58:41.622+0000] {processor.py:161} INFO - Started process (PID=2860) to work on /home/airflow/.local/lib/python3.12/site-packages/airflow/example_dags/plugins/event_listener.py
[2025-06-20T14:58:41.623+0000] {processor.py:830} INFO - Processing file /home/airflow/.local/lib/python3.12/site-packages/airflow/example_dags/plugins/event_listener.py for tasks to queue
[2025-06-20T14:58:41.625+0000] {logging_mixin.py:188} INFO - [2025-06-20T14:58:41.625+0000] {dagbag.py:540} INFO - Filling up the DagBag from /home/airflow/.local/lib/python3.12/site-packages/airflow/example_dags/plugins/event_listener.py
[2025-06-20T14:58:41.627+0000] {processor.py:842} WARNING - No viable dags retrieved from /home/airflow/.local/lib/python3.12/site-packages/airflow/example_dags/plugins/event_listener.py
[2025-06-20T14:58:41.639+0000] {processor.py:183} INFO - Processing /home/airflow/.local/lib/python3.12/site-packages/airflow/example_dags/plugins/event_listener.py took 0.022 seconds
[2025-06-20T14:59:11.873+0000] {processor.py:161} INFO - Started process (PID=2919) to work on /home/airflow/.local/lib/python3.12/site-packages/airflow/example_dags/plugins/event_listener.py
[2025-06-20T14:59:11.874+0000] {processor.py:830} INFO - Processing file /home/airflow/.local/lib/python3.12/site-packages/airflow/example_dags/plugins/event_listener.py for tasks to queue
[2025-06-20T14:59:11.876+0000] {logging_mixin.py:188} INFO - [2025-06-20T14:59:11.876+0000] {dagbag.py:540} INFO - Filling up the DagBag from /home/airflow/.local/lib/python3.12/site-packages/airflow/example_dags/plugins/event_listener.py
[2025-06-20T14:59:11.878+0000] {processor.py:842} WARNING - No viable dags retrieved from /home/airflow/.local/lib/python3.12/site-packages/airflow/example_dags/plugins/event_listener.py
[2025-06-20T14:59:11.891+0000] {processor.py:183} INFO - Processing /home/airflow/.local/lib/python3.12/site-packages/airflow/example_dags/plugins/event_listener.py took 0.024 seconds
[2025-06-20T14:59:42.385+0000] {processor.py:161} INFO - Started process (PID=2978) to work on /home/airflow/.local/lib/python3.12/site-packages/airflow/example_dags/plugins/event_listener.py
[2025-06-20T14:59:42.386+0000] {processor.py:830} INFO - Processing file /home/airflow/.local/lib/python3.12/site-packages/airflow/example_dags/plugins/event_listener.py for tasks to queue
[2025-06-20T14:59:42.388+0000] {logging_mixin.py:188} INFO - [2025-06-20T14:59:42.388+0000] {dagbag.py:540} INFO - Filling up the DagBag from /home/airflow/.local/lib/python3.12/site-packages/airflow/example_dags/plugins/event_listener.py
[2025-06-20T14:59:42.390+0000] {processor.py:842} WARNING - No viable dags retrieved from /home/airflow/.local/lib/python3.12/site-packages/airflow/example_dags/plugins/event_listener.py
[2025-06-20T14:59:42.404+0000] {processor.py:183} INFO - Processing /home/airflow/.local/lib/python3.12/site-packages/airflow/example_dags/plugins/event_listener.py took 0.025 seconds
[2025-06-20T15:00:12.844+0000] {processor.py:161} INFO - Started process (PID=3037) to work on /home/airflow/.local/lib/python3.12/site-packages/airflow/example_dags/plugins/event_listener.py
[2025-06-20T15:00:12.845+0000] {processor.py:830} INFO - Processing file /home/airflow/.local/lib/python3.12/site-packages/airflow/example_dags/plugins/event_listener.py for tasks to queue
[2025-06-20T15:00:12.847+0000] {logging_mixin.py:188} INFO - [2025-06-20T15:00:12.846+0000] {dagbag.py:540} INFO - Filling up the DagBag from /home/airflow/.local/lib/python3.12/site-packages/airflow/example_dags/plugins/event_listener.py
[2025-06-20T15:00:12.849+0000] {processor.py:842} WARNING - No viable dags retrieved from /home/airflow/.local/lib/python3.12/site-packages/airflow/example_dags/plugins/event_listener.py
[2025-06-20T15:00:12.862+0000] {processor.py:183} INFO - Processing /home/airflow/.local/lib/python3.12/site-packages/airflow/example_dags/plugins/event_listener.py took 0.024 seconds
[2025-06-20T15:00:43.162+0000] {processor.py:161} INFO - Started process (PID=3096) to work on /home/airflow/.local/lib/python3.12/site-packages/airflow/example_dags/plugins/event_listener.py
[2025-06-20T15:00:43.163+0000] {processor.py:830} INFO - Processing file /home/airflow/.local/lib/python3.12/site-packages/airflow/example_dags/plugins/event_listener.py for tasks to queue
[2025-06-20T15:00:43.166+0000] {logging_mixin.py:188} INFO - [2025-06-20T15:00:43.165+0000] {dagbag.py:540} INFO - Filling up the DagBag from /home/airflow/.local/lib/python3.12/site-packages/airflow/example_dags/plugins/event_listener.py
[2025-06-20T15:00:43.169+0000] {processor.py:842} WARNING - No viable dags retrieved from /home/airflow/.local/lib/python3.12/site-packages/airflow/example_dags/plugins/event_listener.py
[2025-06-20T15:00:43.186+0000] {processor.py:183} INFO - Processing /home/airflow/.local/lib/python3.12/site-packages/airflow/example_dags/plugins/event_listener.py took 0.031 seconds
[2025-06-20T15:01:13.378+0000] {processor.py:161} INFO - Started process (PID=3155) to work on /home/airflow/.local/lib/python3.12/site-packages/airflow/example_dags/plugins/event_listener.py
[2025-06-20T15:01:13.380+0000] {processor.py:830} INFO - Processing file /home/airflow/.local/lib/python3.12/site-packages/airflow/example_dags/plugins/event_listener.py for tasks to queue
[2025-06-20T15:01:13.382+0000] {logging_mixin.py:188} INFO - [2025-06-20T15:01:13.381+0000] {dagbag.py:540} INFO - Filling up the DagBag from /home/airflow/.local/lib/python3.12/site-packages/airflow/example_dags/plugins/event_listener.py
[2025-06-20T15:01:13.384+0000] {processor.py:842} WARNING - No viable dags retrieved from /home/airflow/.local/lib/python3.12/site-packages/airflow/example_dags/plugins/event_listener.py
[2025-06-20T15:01:13.399+0000] {processor.py:183} INFO - Processing /home/airflow/.local/lib/python3.12/site-packages/airflow/example_dags/plugins/event_listener.py took 0.027 seconds
[2025-06-20T15:01:44.081+0000] {processor.py:161} INFO - Started process (PID=3214) to work on /home/airflow/.local/lib/python3.12/site-packages/airflow/example_dags/plugins/event_listener.py
[2025-06-20T15:01:44.082+0000] {processor.py:830} INFO - Processing file /home/airflow/.local/lib/python3.12/site-packages/airflow/example_dags/plugins/event_listener.py for tasks to queue
[2025-06-20T15:01:44.084+0000] {logging_mixin.py:188} INFO - [2025-06-20T15:01:44.084+0000] {dagbag.py:540} INFO - Filling up the DagBag from /home/airflow/.local/lib/python3.12/site-packages/airflow/example_dags/plugins/event_listener.py
[2025-06-20T15:01:44.086+0000] {processor.py:842} WARNING - No viable dags retrieved from /home/airflow/.local/lib/python3.12/site-packages/airflow/example_dags/plugins/event_listener.py
[2025-06-20T15:01:44.099+0000] {processor.py:183} INFO - Processing /home/airflow/.local/lib/python3.12/site-packages/airflow/example_dags/plugins/event_listener.py took 0.024 seconds
[2025-06-20T15:02:14.801+0000] {processor.py:161} INFO - Started process (PID=3273) to work on /home/airflow/.local/lib/python3.12/site-packages/airflow/example_dags/plugins/event_listener.py
[2025-06-20T15:02:14.802+0000] {processor.py:830} INFO - Processing file /home/airflow/.local/lib/python3.12/site-packages/airflow/example_dags/plugins/event_listener.py for tasks to queue
[2025-06-20T15:02:14.804+0000] {logging_mixin.py:188} INFO - [2025-06-20T15:02:14.804+0000] {dagbag.py:540} INFO - Filling up the DagBag from /home/airflow/.local/lib/python3.12/site-packages/airflow/example_dags/plugins/event_listener.py
[2025-06-20T15:02:14.806+0000] {processor.py:842} WARNING - No viable dags retrieved from /home/airflow/.local/lib/python3.12/site-packages/airflow/example_dags/plugins/event_listener.py
[2025-06-20T15:02:14.818+0000] {processor.py:183} INFO - Processing /home/airflow/.local/lib/python3.12/site-packages/airflow/example_dags/plugins/event_listener.py took 0.023 seconds
[2025-06-20T15:02:45.523+0000] {processor.py:161} INFO - Started process (PID=3332) to work on /home/airflow/.local/lib/python3.12/site-packages/airflow/example_dags/plugins/event_listener.py
[2025-06-20T15:02:45.524+0000] {processor.py:830} INFO - Processing file /home/airflow/.local/lib/python3.12/site-packages/airflow/example_dags/plugins/event_listener.py for tasks to queue
[2025-06-20T15:02:45.526+0000] {logging_mixin.py:188} INFO - [2025-06-20T15:02:45.526+0000] {dagbag.py:540} INFO - Filling up the DagBag from /home/airflow/.local/lib/python3.12/site-packages/airflow/example_dags/plugins/event_listener.py
[2025-06-20T15:02:45.528+0000] {processor.py:842} WARNING - No viable dags retrieved from /home/airflow/.local/lib/python3.12/site-packages/airflow/example_dags/plugins/event_listener.py
[2025-06-20T15:02:45.541+0000] {processor.py:183} INFO - Processing /home/airflow/.local/lib/python3.12/site-packages/airflow/example_dags/plugins/event_listener.py took 0.024 seconds
[2025-06-20T15:03:16.194+0000] {processor.py:161} INFO - Started process (PID=3391) to work on /home/airflow/.local/lib/python3.12/site-packages/airflow/example_dags/plugins/event_listener.py
[2025-06-20T15:03:16.195+0000] {processor.py:830} INFO - Processing file /home/airflow/.local/lib/python3.12/site-packages/airflow/example_dags/plugins/event_listener.py for tasks to queue
[2025-06-20T15:03:16.197+0000] {logging_mixin.py:188} INFO - [2025-06-20T15:03:16.196+0000] {dagbag.py:540} INFO - Filling up the DagBag from /home/airflow/.local/lib/python3.12/site-packages/airflow/example_dags/plugins/event_listener.py
[2025-06-20T15:03:16.199+0000] {processor.py:842} WARNING - No viable dags retrieved from /home/airflow/.local/lib/python3.12/site-packages/airflow/example_dags/plugins/event_listener.py
[2025-06-20T15:03:16.212+0000] {processor.py:183} INFO - Processing /home/airflow/.local/lib/python3.12/site-packages/airflow/example_dags/plugins/event_listener.py took 0.024 seconds
[2025-06-20T15:03:46.653+0000] {processor.py:161} INFO - Started process (PID=3450) to work on /home/airflow/.local/lib/python3.12/site-packages/airflow/example_dags/plugins/event_listener.py
[2025-06-20T15:03:46.654+0000] {processor.py:830} INFO - Processing file /home/airflow/.local/lib/python3.12/site-packages/airflow/example_dags/plugins/event_listener.py for tasks to queue
[2025-06-20T15:03:46.656+0000] {logging_mixin.py:188} INFO - [2025-06-20T15:03:46.655+0000] {dagbag.py:540} INFO - Filling up the DagBag from /home/airflow/.local/lib/python3.12/site-packages/airflow/example_dags/plugins/event_listener.py
[2025-06-20T15:03:46.658+0000] {processor.py:842} WARNING - No viable dags retrieved from /home/airflow/.local/lib/python3.12/site-packages/airflow/example_dags/plugins/event_listener.py
[2025-06-20T15:03:46.670+0000] {processor.py:183} INFO - Processing /home/airflow/.local/lib/python3.12/site-packages/airflow/example_dags/plugins/event_listener.py took 0.024 seconds
[2025-06-20T15:04:17.398+0000] {processor.py:161} INFO - Started process (PID=3507) to work on /home/airflow/.local/lib/python3.12/site-packages/airflow/example_dags/plugins/event_listener.py
[2025-06-20T15:04:17.399+0000] {processor.py:830} INFO - Processing file /home/airflow/.local/lib/python3.12/site-packages/airflow/example_dags/plugins/event_listener.py for tasks to queue
[2025-06-20T15:04:17.401+0000] {logging_mixin.py:188} INFO - [2025-06-20T15:04:17.401+0000] {dagbag.py:540} INFO - Filling up the DagBag from /home/airflow/.local/lib/python3.12/site-packages/airflow/example_dags/plugins/event_listener.py
[2025-06-20T15:04:17.404+0000] {processor.py:842} WARNING - No viable dags retrieved from /home/airflow/.local/lib/python3.12/site-packages/airflow/example_dags/plugins/event_listener.py
[2025-06-20T15:04:17.422+0000] {processor.py:183} INFO - Processing /home/airflow/.local/lib/python3.12/site-packages/airflow/example_dags/plugins/event_listener.py took 0.030 seconds
[2025-06-20T15:04:48.244+0000] {processor.py:161} INFO - Started process (PID=3566) to work on /home/airflow/.local/lib/python3.12/site-packages/airflow/example_dags/plugins/event_listener.py
[2025-06-20T15:04:48.245+0000] {processor.py:830} INFO - Processing file /home/airflow/.local/lib/python3.12/site-packages/airflow/example_dags/plugins/event_listener.py for tasks to queue
[2025-06-20T15:04:48.247+0000] {logging_mixin.py:188} INFO - [2025-06-20T15:04:48.246+0000] {dagbag.py:540} INFO - Filling up the DagBag from /home/airflow/.local/lib/python3.12/site-packages/airflow/example_dags/plugins/event_listener.py
[2025-06-20T15:04:48.249+0000] {processor.py:842} WARNING - No viable dags retrieved from /home/airflow/.local/lib/python3.12/site-packages/airflow/example_dags/plugins/event_listener.py
[2025-06-20T15:04:48.261+0000] {processor.py:183} INFO - Processing /home/airflow/.local/lib/python3.12/site-packages/airflow/example_dags/plugins/event_listener.py took 0.023 seconds
[2025-06-20T15:05:18.540+0000] {processor.py:161} INFO - Started process (PID=3625) to work on /home/airflow/.local/lib/python3.12/site-packages/airflow/example_dags/plugins/event_listener.py
[2025-06-20T15:05:18.541+0000] {processor.py:830} INFO - Processing file /home/airflow/.local/lib/python3.12/site-packages/airflow/example_dags/plugins/event_listener.py for tasks to queue
[2025-06-20T15:05:18.543+0000] {logging_mixin.py:188} INFO - [2025-06-20T15:05:18.542+0000] {dagbag.py:540} INFO - Filling up the DagBag from /home/airflow/.local/lib/python3.12/site-packages/airflow/example_dags/plugins/event_listener.py
[2025-06-20T15:05:18.545+0000] {processor.py:842} WARNING - No viable dags retrieved from /home/airflow/.local/lib/python3.12/site-packages/airflow/example_dags/plugins/event_listener.py
[2025-06-20T15:05:18.558+0000] {processor.py:183} INFO - Processing /home/airflow/.local/lib/python3.12/site-packages/airflow/example_dags/plugins/event_listener.py took 0.024 seconds
[2025-06-20T15:05:48.804+0000] {processor.py:161} INFO - Started process (PID=3684) to work on /home/airflow/.local/lib/python3.12/site-packages/airflow/example_dags/plugins/event_listener.py
[2025-06-20T15:05:48.804+0000] {processor.py:830} INFO - Processing file /home/airflow/.local/lib/python3.12/site-packages/airflow/example_dags/plugins/event_listener.py for tasks to queue
[2025-06-20T15:05:48.806+0000] {logging_mixin.py:188} INFO - [2025-06-20T15:05:48.806+0000] {dagbag.py:540} INFO - Filling up the DagBag from /home/airflow/.local/lib/python3.12/site-packages/airflow/example_dags/plugins/event_listener.py
[2025-06-20T15:05:48.808+0000] {processor.py:842} WARNING - No viable dags retrieved from /home/airflow/.local/lib/python3.12/site-packages/airflow/example_dags/plugins/event_listener.py
[2025-06-20T15:05:48.821+0000] {processor.py:183} INFO - Processing /home/airflow/.local/lib/python3.12/site-packages/airflow/example_dags/plugins/event_listener.py took 0.023 seconds
[2025-06-20T15:06:19.134+0000] {processor.py:161} INFO - Started process (PID=3743) to work on /home/airflow/.local/lib/python3.12/site-packages/airflow/example_dags/plugins/event_listener.py
[2025-06-20T15:06:19.135+0000] {processor.py:830} INFO - Processing file /home/airflow/.local/lib/python3.12/site-packages/airflow/example_dags/plugins/event_listener.py for tasks to queue
[2025-06-20T15:06:19.137+0000] {logging_mixin.py:188} INFO - [2025-06-20T15:06:19.137+0000] {dagbag.py:540} INFO - Filling up the DagBag from /home/airflow/.local/lib/python3.12/site-packages/airflow/example_dags/plugins/event_listener.py
[2025-06-20T15:06:19.139+0000] {processor.py:842} WARNING - No viable dags retrieved from /home/airflow/.local/lib/python3.12/site-packages/airflow/example_dags/plugins/event_listener.py
[2025-06-20T15:06:19.152+0000] {processor.py:183} INFO - Processing /home/airflow/.local/lib/python3.12/site-packages/airflow/example_dags/plugins/event_listener.py took 0.025 seconds
[2025-06-20T15:06:49.361+0000] {processor.py:161} INFO - Started process (PID=3802) to work on /home/airflow/.local/lib/python3.12/site-packages/airflow/example_dags/plugins/event_listener.py
[2025-06-20T15:06:49.361+0000] {processor.py:830} INFO - Processing file /home/airflow/.local/lib/python3.12/site-packages/airflow/example_dags/plugins/event_listener.py for tasks to queue
[2025-06-20T15:06:49.363+0000] {logging_mixin.py:188} INFO - [2025-06-20T15:06:49.363+0000] {dagbag.py:540} INFO - Filling up the DagBag from /home/airflow/.local/lib/python3.12/site-packages/airflow/example_dags/plugins/event_listener.py
[2025-06-20T15:06:49.365+0000] {processor.py:842} WARNING - No viable dags retrieved from /home/airflow/.local/lib/python3.12/site-packages/airflow/example_dags/plugins/event_listener.py
[2025-06-20T15:06:49.378+0000] {processor.py:183} INFO - Processing /home/airflow/.local/lib/python3.12/site-packages/airflow/example_dags/plugins/event_listener.py took 0.023 seconds
[2025-06-20T15:07:19.632+0000] {processor.py:161} INFO - Started process (PID=3861) to work on /home/airflow/.local/lib/python3.12/site-packages/airflow/example_dags/plugins/event_listener.py
[2025-06-20T15:07:19.633+0000] {processor.py:830} INFO - Processing file /home/airflow/.local/lib/python3.12/site-packages/airflow/example_dags/plugins/event_listener.py for tasks to queue
[2025-06-20T15:07:19.635+0000] {logging_mixin.py:188} INFO - [2025-06-20T15:07:19.635+0000] {dagbag.py:540} INFO - Filling up the DagBag from /home/airflow/.local/lib/python3.12/site-packages/airflow/example_dags/plugins/event_listener.py
[2025-06-20T15:07:19.637+0000] {processor.py:842} WARNING - No viable dags retrieved from /home/airflow/.local/lib/python3.12/site-packages/airflow/example_dags/plugins/event_listener.py
[2025-06-20T15:07:19.649+0000] {processor.py:183} INFO - Processing /home/airflow/.local/lib/python3.12/site-packages/airflow/example_dags/plugins/event_listener.py took 0.023 seconds
[2025-06-20T15:07:49.880+0000] {processor.py:161} INFO - Started process (PID=3920) to work on /home/airflow/.local/lib/python3.12/site-packages/airflow/example_dags/plugins/event_listener.py
[2025-06-20T15:07:49.881+0000] {processor.py:830} INFO - Processing file /home/airflow/.local/lib/python3.12/site-packages/airflow/example_dags/plugins/event_listener.py for tasks to queue
[2025-06-20T15:07:49.883+0000] {logging_mixin.py:188} INFO - [2025-06-20T15:07:49.882+0000] {dagbag.py:540} INFO - Filling up the DagBag from /home/airflow/.local/lib/python3.12/site-packages/airflow/example_dags/plugins/event_listener.py
[2025-06-20T15:07:49.885+0000] {processor.py:842} WARNING - No viable dags retrieved from /home/airflow/.local/lib/python3.12/site-packages/airflow/example_dags/plugins/event_listener.py
[2025-06-20T15:07:49.898+0000] {processor.py:183} INFO - Processing /home/airflow/.local/lib/python3.12/site-packages/airflow/example_dags/plugins/event_listener.py took 0.025 seconds
[2025-06-20T15:08:20.286+0000] {processor.py:161} INFO - Started process (PID=3979) to work on /home/airflow/.local/lib/python3.12/site-packages/airflow/example_dags/plugins/event_listener.py
[2025-06-20T15:08:20.287+0000] {processor.py:830} INFO - Processing file /home/airflow/.local/lib/python3.12/site-packages/airflow/example_dags/plugins/event_listener.py for tasks to queue
[2025-06-20T15:08:20.289+0000] {logging_mixin.py:188} INFO - [2025-06-20T15:08:20.288+0000] {dagbag.py:540} INFO - Filling up the DagBag from /home/airflow/.local/lib/python3.12/site-packages/airflow/example_dags/plugins/event_listener.py
[2025-06-20T15:08:20.291+0000] {processor.py:842} WARNING - No viable dags retrieved from /home/airflow/.local/lib/python3.12/site-packages/airflow/example_dags/plugins/event_listener.py
[2025-06-20T15:08:20.304+0000] {processor.py:183} INFO - Processing /home/airflow/.local/lib/python3.12/site-packages/airflow/example_dags/plugins/event_listener.py took 0.025 seconds
[2025-06-20T15:08:51.232+0000] {processor.py:161} INFO - Started process (PID=4038) to work on /home/airflow/.local/lib/python3.12/site-packages/airflow/example_dags/plugins/event_listener.py
[2025-06-20T15:08:51.233+0000] {processor.py:830} INFO - Processing file /home/airflow/.local/lib/python3.12/site-packages/airflow/example_dags/plugins/event_listener.py for tasks to queue
[2025-06-20T15:08:51.235+0000] {logging_mixin.py:188} INFO - [2025-06-20T15:08:51.235+0000] {dagbag.py:540} INFO - Filling up the DagBag from /home/airflow/.local/lib/python3.12/site-packages/airflow/example_dags/plugins/event_listener.py
[2025-06-20T15:08:51.237+0000] {processor.py:842} WARNING - No viable dags retrieved from /home/airflow/.local/lib/python3.12/site-packages/airflow/example_dags/plugins/event_listener.py
[2025-06-20T15:08:51.250+0000] {processor.py:183} INFO - Processing /home/airflow/.local/lib/python3.12/site-packages/airflow/example_dags/plugins/event_listener.py took 0.024 seconds
[2025-06-20T15:09:21.378+0000] {processor.py:161} INFO - Started process (PID=4097) to work on /home/airflow/.local/lib/python3.12/site-packages/airflow/example_dags/plugins/event_listener.py
[2025-06-20T15:09:21.379+0000] {processor.py:830} INFO - Processing file /home/airflow/.local/lib/python3.12/site-packages/airflow/example_dags/plugins/event_listener.py for tasks to queue
[2025-06-20T15:09:21.381+0000] {logging_mixin.py:188} INFO - [2025-06-20T15:09:21.381+0000] {dagbag.py:540} INFO - Filling up the DagBag from /home/airflow/.local/lib/python3.12/site-packages/airflow/example_dags/plugins/event_listener.py
[2025-06-20T15:09:21.383+0000] {processor.py:842} WARNING - No viable dags retrieved from /home/airflow/.local/lib/python3.12/site-packages/airflow/example_dags/plugins/event_listener.py
[2025-06-20T15:09:21.396+0000] {processor.py:183} INFO - Processing /home/airflow/.local/lib/python3.12/site-packages/airflow/example_dags/plugins/event_listener.py took 0.024 seconds
[2025-06-20T15:09:51.613+0000] {processor.py:161} INFO - Started process (PID=4156) to work on /home/airflow/.local/lib/python3.12/site-packages/airflow/example_dags/plugins/event_listener.py
[2025-06-20T15:09:51.614+0000] {processor.py:830} INFO - Processing file /home/airflow/.local/lib/python3.12/site-packages/airflow/example_dags/plugins/event_listener.py for tasks to queue
[2025-06-20T15:09:51.616+0000] {logging_mixin.py:188} INFO - [2025-06-20T15:09:51.616+0000] {dagbag.py:540} INFO - Filling up the DagBag from /home/airflow/.local/lib/python3.12/site-packages/airflow/example_dags/plugins/event_listener.py
[2025-06-20T15:09:51.618+0000] {processor.py:842} WARNING - No viable dags retrieved from /home/airflow/.local/lib/python3.12/site-packages/airflow/example_dags/plugins/event_listener.py
[2025-06-20T15:09:51.630+0000] {processor.py:183} INFO - Processing /home/airflow/.local/lib/python3.12/site-packages/airflow/example_dags/plugins/event_listener.py took 0.024 seconds
[2025-06-20T15:10:21.791+0000] {processor.py:161} INFO - Started process (PID=4215) to work on /home/airflow/.local/lib/python3.12/site-packages/airflow/example_dags/plugins/event_listener.py
[2025-06-20T15:10:21.791+0000] {processor.py:830} INFO - Processing file /home/airflow/.local/lib/python3.12/site-packages/airflow/example_dags/plugins/event_listener.py for tasks to queue
[2025-06-20T15:10:21.793+0000] {logging_mixin.py:188} INFO - [2025-06-20T15:10:21.793+0000] {dagbag.py:540} INFO - Filling up the DagBag from /home/airflow/.local/lib/python3.12/site-packages/airflow/example_dags/plugins/event_listener.py
[2025-06-20T15:10:21.795+0000] {processor.py:842} WARNING - No viable dags retrieved from /home/airflow/.local/lib/python3.12/site-packages/airflow/example_dags/plugins/event_listener.py
[2025-06-20T15:10:21.808+0000] {processor.py:183} INFO - Processing /home/airflow/.local/lib/python3.12/site-packages/airflow/example_dags/plugins/event_listener.py took 0.024 seconds
[2025-06-20T15:10:52.631+0000] {processor.py:161} INFO - Started process (PID=4274) to work on /home/airflow/.local/lib/python3.12/site-packages/airflow/example_dags/plugins/event_listener.py
[2025-06-20T15:10:52.632+0000] {processor.py:830} INFO - Processing file /home/airflow/.local/lib/python3.12/site-packages/airflow/example_dags/plugins/event_listener.py for tasks to queue
[2025-06-20T15:10:52.634+0000] {logging_mixin.py:188} INFO - [2025-06-20T15:10:52.633+0000] {dagbag.py:540} INFO - Filling up the DagBag from /home/airflow/.local/lib/python3.12/site-packages/airflow/example_dags/plugins/event_listener.py
[2025-06-20T15:10:52.636+0000] {processor.py:842} WARNING - No viable dags retrieved from /home/airflow/.local/lib/python3.12/site-packages/airflow/example_dags/plugins/event_listener.py
[2025-06-20T15:10:52.649+0000] {processor.py:183} INFO - Processing /home/airflow/.local/lib/python3.12/site-packages/airflow/example_dags/plugins/event_listener.py took 0.025 seconds
[2025-06-20T15:11:23.469+0000] {processor.py:161} INFO - Started process (PID=4333) to work on /home/airflow/.local/lib/python3.12/site-packages/airflow/example_dags/plugins/event_listener.py
[2025-06-20T15:11:23.470+0000] {processor.py:830} INFO - Processing file /home/airflow/.local/lib/python3.12/site-packages/airflow/example_dags/plugins/event_listener.py for tasks to queue
[2025-06-20T15:11:23.472+0000] {logging_mixin.py:188} INFO - [2025-06-20T15:11:23.471+0000] {dagbag.py:540} INFO - Filling up the DagBag from /home/airflow/.local/lib/python3.12/site-packages/airflow/example_dags/plugins/event_listener.py
[2025-06-20T15:11:23.474+0000] {processor.py:842} WARNING - No viable dags retrieved from /home/airflow/.local/lib/python3.12/site-packages/airflow/example_dags/plugins/event_listener.py
[2025-06-20T15:11:23.486+0000] {processor.py:183} INFO - Processing /home/airflow/.local/lib/python3.12/site-packages/airflow/example_dags/plugins/event_listener.py took 0.023 seconds
[2025-06-20T15:11:53.819+0000] {processor.py:161} INFO - Started process (PID=4398) to work on /home/airflow/.local/lib/python3.12/site-packages/airflow/example_dags/plugins/event_listener.py
[2025-06-20T15:11:53.820+0000] {processor.py:830} INFO - Processing file /home/airflow/.local/lib/python3.12/site-packages/airflow/example_dags/plugins/event_listener.py for tasks to queue
[2025-06-20T15:11:53.822+0000] {logging_mixin.py:188} INFO - [2025-06-20T15:11:53.821+0000] {dagbag.py:540} INFO - Filling up the DagBag from /home/airflow/.local/lib/python3.12/site-packages/airflow/example_dags/plugins/event_listener.py
[2025-06-20T15:11:53.824+0000] {processor.py:842} WARNING - No viable dags retrieved from /home/airflow/.local/lib/python3.12/site-packages/airflow/example_dags/plugins/event_listener.py
[2025-06-20T15:11:53.836+0000] {processor.py:183} INFO - Processing /home/airflow/.local/lib/python3.12/site-packages/airflow/example_dags/plugins/event_listener.py took 0.024 seconds
[2025-06-20T15:12:23.960+0000] {processor.py:161} INFO - Started process (PID=4457) to work on /home/airflow/.local/lib/python3.12/site-packages/airflow/example_dags/plugins/event_listener.py
[2025-06-20T15:12:23.961+0000] {processor.py:830} INFO - Processing file /home/airflow/.local/lib/python3.12/site-packages/airflow/example_dags/plugins/event_listener.py for tasks to queue
[2025-06-20T15:12:23.963+0000] {logging_mixin.py:188} INFO - [2025-06-20T15:12:23.963+0000] {dagbag.py:540} INFO - Filling up the DagBag from /home/airflow/.local/lib/python3.12/site-packages/airflow/example_dags/plugins/event_listener.py
[2025-06-20T15:12:23.965+0000] {processor.py:842} WARNING - No viable dags retrieved from /home/airflow/.local/lib/python3.12/site-packages/airflow/example_dags/plugins/event_listener.py
[2025-06-20T15:12:23.977+0000] {processor.py:183} INFO - Processing /home/airflow/.local/lib/python3.12/site-packages/airflow/example_dags/plugins/event_listener.py took 0.023 seconds
[2025-06-20T15:12:54.816+0000] {processor.py:161} INFO - Started process (PID=4516) to work on /home/airflow/.local/lib/python3.12/site-packages/airflow/example_dags/plugins/event_listener.py
[2025-06-20T15:12:54.817+0000] {processor.py:830} INFO - Processing file /home/airflow/.local/lib/python3.12/site-packages/airflow/example_dags/plugins/event_listener.py for tasks to queue
[2025-06-20T15:12:54.819+0000] {logging_mixin.py:188} INFO - [2025-06-20T15:12:54.818+0000] {dagbag.py:540} INFO - Filling up the DagBag from /home/airflow/.local/lib/python3.12/site-packages/airflow/example_dags/plugins/event_listener.py
[2025-06-20T15:12:54.821+0000] {processor.py:842} WARNING - No viable dags retrieved from /home/airflow/.local/lib/python3.12/site-packages/airflow/example_dags/plugins/event_listener.py
[2025-06-20T15:12:54.833+0000] {processor.py:183} INFO - Processing /home/airflow/.local/lib/python3.12/site-packages/airflow/example_dags/plugins/event_listener.py took 0.023 seconds
[2025-06-20T15:13:24.989+0000] {processor.py:161} INFO - Started process (PID=4575) to work on /home/airflow/.local/lib/python3.12/site-packages/airflow/example_dags/plugins/event_listener.py
[2025-06-20T15:13:24.990+0000] {processor.py:830} INFO - Processing file /home/airflow/.local/lib/python3.12/site-packages/airflow/example_dags/plugins/event_listener.py for tasks to queue
[2025-06-20T15:13:24.992+0000] {logging_mixin.py:188} INFO - [2025-06-20T15:13:24.991+0000] {dagbag.py:540} INFO - Filling up the DagBag from /home/airflow/.local/lib/python3.12/site-packages/airflow/example_dags/plugins/event_listener.py
[2025-06-20T15:13:24.994+0000] {processor.py:842} WARNING - No viable dags retrieved from /home/airflow/.local/lib/python3.12/site-packages/airflow/example_dags/plugins/event_listener.py
[2025-06-20T15:13:25.006+0000] {processor.py:183} INFO - Processing /home/airflow/.local/lib/python3.12/site-packages/airflow/example_dags/plugins/event_listener.py took 0.024 seconds
[2025-06-20T15:13:55.275+0000] {processor.py:161} INFO - Started process (PID=4634) to work on /home/airflow/.local/lib/python3.12/site-packages/airflow/example_dags/plugins/event_listener.py
[2025-06-20T15:13:55.276+0000] {processor.py:830} INFO - Processing file /home/airflow/.local/lib/python3.12/site-packages/airflow/example_dags/plugins/event_listener.py for tasks to queue
[2025-06-20T15:13:55.278+0000] {logging_mixin.py:188} INFO - [2025-06-20T15:13:55.278+0000] {dagbag.py:540} INFO - Filling up the DagBag from /home/airflow/.local/lib/python3.12/site-packages/airflow/example_dags/plugins/event_listener.py
[2025-06-20T15:13:55.280+0000] {processor.py:842} WARNING - No viable dags retrieved from /home/airflow/.local/lib/python3.12/site-packages/airflow/example_dags/plugins/event_listener.py
[2025-06-20T15:13:55.293+0000] {processor.py:183} INFO - Processing /home/airflow/.local/lib/python3.12/site-packages/airflow/example_dags/plugins/event_listener.py took 0.024 seconds
[2025-06-20T15:14:25.491+0000] {processor.py:161} INFO - Started process (PID=4693) to work on /home/airflow/.local/lib/python3.12/site-packages/airflow/example_dags/plugins/event_listener.py
[2025-06-20T15:14:25.492+0000] {processor.py:830} INFO - Processing file /home/airflow/.local/lib/python3.12/site-packages/airflow/example_dags/plugins/event_listener.py for tasks to queue
[2025-06-20T15:14:25.494+0000] {logging_mixin.py:188} INFO - [2025-06-20T15:14:25.493+0000] {dagbag.py:540} INFO - Filling up the DagBag from /home/airflow/.local/lib/python3.12/site-packages/airflow/example_dags/plugins/event_listener.py
[2025-06-20T15:14:25.496+0000] {processor.py:842} WARNING - No viable dags retrieved from /home/airflow/.local/lib/python3.12/site-packages/airflow/example_dags/plugins/event_listener.py
[2025-06-20T15:14:25.508+0000] {processor.py:183} INFO - Processing /home/airflow/.local/lib/python3.12/site-packages/airflow/example_dags/plugins/event_listener.py took 0.024 seconds
[2025-06-20T15:14:55.875+0000] {processor.py:161} INFO - Started process (PID=4752) to work on /home/airflow/.local/lib/python3.12/site-packages/airflow/example_dags/plugins/event_listener.py
[2025-06-20T15:14:55.876+0000] {processor.py:830} INFO - Processing file /home/airflow/.local/lib/python3.12/site-packages/airflow/example_dags/plugins/event_listener.py for tasks to queue
[2025-06-20T15:14:55.878+0000] {logging_mixin.py:188} INFO - [2025-06-20T15:14:55.877+0000] {dagbag.py:540} INFO - Filling up the DagBag from /home/airflow/.local/lib/python3.12/site-packages/airflow/example_dags/plugins/event_listener.py
[2025-06-20T15:14:55.880+0000] {processor.py:842} WARNING - No viable dags retrieved from /home/airflow/.local/lib/python3.12/site-packages/airflow/example_dags/plugins/event_listener.py
[2025-06-20T15:14:55.894+0000] {processor.py:183} INFO - Processing /home/airflow/.local/lib/python3.12/site-packages/airflow/example_dags/plugins/event_listener.py took 0.028 seconds
[2025-06-20T15:15:26.118+0000] {processor.py:161} INFO - Started process (PID=4811) to work on /home/airflow/.local/lib/python3.12/site-packages/airflow/example_dags/plugins/event_listener.py
[2025-06-20T15:15:26.119+0000] {processor.py:830} INFO - Processing file /home/airflow/.local/lib/python3.12/site-packages/airflow/example_dags/plugins/event_listener.py for tasks to queue
[2025-06-20T15:15:26.120+0000] {logging_mixin.py:188} INFO - [2025-06-20T15:15:26.120+0000] {dagbag.py:540} INFO - Filling up the DagBag from /home/airflow/.local/lib/python3.12/site-packages/airflow/example_dags/plugins/event_listener.py
[2025-06-20T15:15:26.123+0000] {processor.py:842} WARNING - No viable dags retrieved from /home/airflow/.local/lib/python3.12/site-packages/airflow/example_dags/plugins/event_listener.py
[2025-06-20T15:15:26.135+0000] {processor.py:183} INFO - Processing /home/airflow/.local/lib/python3.12/site-packages/airflow/example_dags/plugins/event_listener.py took 0.024 seconds
[2025-06-20T15:15:56.672+0000] {processor.py:161} INFO - Started process (PID=4870) to work on /home/airflow/.local/lib/python3.12/site-packages/airflow/example_dags/plugins/event_listener.py
[2025-06-20T15:15:56.673+0000] {processor.py:830} INFO - Processing file /home/airflow/.local/lib/python3.12/site-packages/airflow/example_dags/plugins/event_listener.py for tasks to queue
[2025-06-20T15:15:56.675+0000] {logging_mixin.py:188} INFO - [2025-06-20T15:15:56.674+0000] {dagbag.py:540} INFO - Filling up the DagBag from /home/airflow/.local/lib/python3.12/site-packages/airflow/example_dags/plugins/event_listener.py
[2025-06-20T15:15:56.677+0000] {processor.py:842} WARNING - No viable dags retrieved from /home/airflow/.local/lib/python3.12/site-packages/airflow/example_dags/plugins/event_listener.py
[2025-06-20T15:15:56.689+0000] {processor.py:183} INFO - Processing /home/airflow/.local/lib/python3.12/site-packages/airflow/example_dags/plugins/event_listener.py took 0.023 seconds
[2025-06-20T15:16:27.467+0000] {processor.py:161} INFO - Started process (PID=4929) to work on /home/airflow/.local/lib/python3.12/site-packages/airflow/example_dags/plugins/event_listener.py
[2025-06-20T15:16:27.468+0000] {processor.py:830} INFO - Processing file /home/airflow/.local/lib/python3.12/site-packages/airflow/example_dags/plugins/event_listener.py for tasks to queue
[2025-06-20T15:16:27.470+0000] {logging_mixin.py:188} INFO - [2025-06-20T15:16:27.470+0000] {dagbag.py:540} INFO - Filling up the DagBag from /home/airflow/.local/lib/python3.12/site-packages/airflow/example_dags/plugins/event_listener.py
[2025-06-20T15:16:27.472+0000] {processor.py:842} WARNING - No viable dags retrieved from /home/airflow/.local/lib/python3.12/site-packages/airflow/example_dags/plugins/event_listener.py
[2025-06-20T15:16:27.486+0000] {processor.py:183} INFO - Processing /home/airflow/.local/lib/python3.12/site-packages/airflow/example_dags/plugins/event_listener.py took 0.025 seconds
[2025-06-20T15:16:58.421+0000] {processor.py:161} INFO - Started process (PID=4988) to work on /home/airflow/.local/lib/python3.12/site-packages/airflow/example_dags/plugins/event_listener.py
[2025-06-20T15:16:58.422+0000] {processor.py:830} INFO - Processing file /home/airflow/.local/lib/python3.12/site-packages/airflow/example_dags/plugins/event_listener.py for tasks to queue
[2025-06-20T15:16:58.424+0000] {logging_mixin.py:188} INFO - [2025-06-20T15:16:58.423+0000] {dagbag.py:540} INFO - Filling up the DagBag from /home/airflow/.local/lib/python3.12/site-packages/airflow/example_dags/plugins/event_listener.py
[2025-06-20T15:16:58.426+0000] {processor.py:842} WARNING - No viable dags retrieved from /home/airflow/.local/lib/python3.12/site-packages/airflow/example_dags/plugins/event_listener.py
[2025-06-20T15:16:58.439+0000] {processor.py:183} INFO - Processing /home/airflow/.local/lib/python3.12/site-packages/airflow/example_dags/plugins/event_listener.py took 0.025 seconds
[2025-06-20T15:17:28.676+0000] {processor.py:161} INFO - Started process (PID=5047) to work on /home/airflow/.local/lib/python3.12/site-packages/airflow/example_dags/plugins/event_listener.py
[2025-06-20T15:17:28.677+0000] {processor.py:830} INFO - Processing file /home/airflow/.local/lib/python3.12/site-packages/airflow/example_dags/plugins/event_listener.py for tasks to queue
[2025-06-20T15:17:28.679+0000] {logging_mixin.py:188} INFO - [2025-06-20T15:17:28.678+0000] {dagbag.py:540} INFO - Filling up the DagBag from /home/airflow/.local/lib/python3.12/site-packages/airflow/example_dags/plugins/event_listener.py
[2025-06-20T15:17:28.681+0000] {processor.py:842} WARNING - No viable dags retrieved from /home/airflow/.local/lib/python3.12/site-packages/airflow/example_dags/plugins/event_listener.py
[2025-06-20T15:17:28.694+0000] {processor.py:183} INFO - Processing /home/airflow/.local/lib/python3.12/site-packages/airflow/example_dags/plugins/event_listener.py took 0.025 seconds
[2025-06-20T15:17:58.892+0000] {processor.py:161} INFO - Started process (PID=5106) to work on /home/airflow/.local/lib/python3.12/site-packages/airflow/example_dags/plugins/event_listener.py
[2025-06-20T15:17:58.893+0000] {processor.py:830} INFO - Processing file /home/airflow/.local/lib/python3.12/site-packages/airflow/example_dags/plugins/event_listener.py for tasks to queue
[2025-06-20T15:17:58.894+0000] {logging_mixin.py:188} INFO - [2025-06-20T15:17:58.894+0000] {dagbag.py:540} INFO - Filling up the DagBag from /home/airflow/.local/lib/python3.12/site-packages/airflow/example_dags/plugins/event_listener.py
[2025-06-20T15:17:58.897+0000] {processor.py:842} WARNING - No viable dags retrieved from /home/airflow/.local/lib/python3.12/site-packages/airflow/example_dags/plugins/event_listener.py
[2025-06-20T15:17:58.909+0000] {processor.py:183} INFO - Processing /home/airflow/.local/lib/python3.12/site-packages/airflow/example_dags/plugins/event_listener.py took 0.023 seconds
[2025-06-20T15:18:29.691+0000] {processor.py:161} INFO - Started process (PID=5166) to work on /home/airflow/.local/lib/python3.12/site-packages/airflow/example_dags/plugins/event_listener.py
[2025-06-20T15:18:29.692+0000] {processor.py:830} INFO - Processing file /home/airflow/.local/lib/python3.12/site-packages/airflow/example_dags/plugins/event_listener.py for tasks to queue
[2025-06-20T15:18:29.694+0000] {logging_mixin.py:188} INFO - [2025-06-20T15:18:29.694+0000] {dagbag.py:540} INFO - Filling up the DagBag from /home/airflow/.local/lib/python3.12/site-packages/airflow/example_dags/plugins/event_listener.py
[2025-06-20T15:18:29.696+0000] {processor.py:842} WARNING - No viable dags retrieved from /home/airflow/.local/lib/python3.12/site-packages/airflow/example_dags/plugins/event_listener.py
[2025-06-20T15:18:29.709+0000] {processor.py:183} INFO - Processing /home/airflow/.local/lib/python3.12/site-packages/airflow/example_dags/plugins/event_listener.py took 0.025 seconds
[2025-06-20T15:18:59.909+0000] {processor.py:161} INFO - Started process (PID=5225) to work on /home/airflow/.local/lib/python3.12/site-packages/airflow/example_dags/plugins/event_listener.py
[2025-06-20T15:18:59.910+0000] {processor.py:830} INFO - Processing file /home/airflow/.local/lib/python3.12/site-packages/airflow/example_dags/plugins/event_listener.py for tasks to queue
[2025-06-20T15:18:59.912+0000] {logging_mixin.py:188} INFO - [2025-06-20T15:18:59.911+0000] {dagbag.py:540} INFO - Filling up the DagBag from /home/airflow/.local/lib/python3.12/site-packages/airflow/example_dags/plugins/event_listener.py
[2025-06-20T15:18:59.914+0000] {processor.py:842} WARNING - No viable dags retrieved from /home/airflow/.local/lib/python3.12/site-packages/airflow/example_dags/plugins/event_listener.py
[2025-06-20T15:18:59.926+0000] {processor.py:183} INFO - Processing /home/airflow/.local/lib/python3.12/site-packages/airflow/example_dags/plugins/event_listener.py took 0.024 seconds
[2025-06-20T15:19:30.176+0000] {processor.py:161} INFO - Started process (PID=5284) to work on /home/airflow/.local/lib/python3.12/site-packages/airflow/example_dags/plugins/event_listener.py
[2025-06-20T15:19:30.177+0000] {processor.py:830} INFO - Processing file /home/airflow/.local/lib/python3.12/site-packages/airflow/example_dags/plugins/event_listener.py for tasks to queue
[2025-06-20T15:19:30.179+0000] {logging_mixin.py:188} INFO - [2025-06-20T15:19:30.179+0000] {dagbag.py:540} INFO - Filling up the DagBag from /home/airflow/.local/lib/python3.12/site-packages/airflow/example_dags/plugins/event_listener.py
[2025-06-20T15:19:30.181+0000] {processor.py:842} WARNING - No viable dags retrieved from /home/airflow/.local/lib/python3.12/site-packages/airflow/example_dags/plugins/event_listener.py
[2025-06-20T15:19:30.194+0000] {processor.py:183} INFO - Processing /home/airflow/.local/lib/python3.12/site-packages/airflow/example_dags/plugins/event_listener.py took 0.024 seconds
[2025-06-20T15:20:00.385+0000] {processor.py:161} INFO - Started process (PID=5343) to work on /home/airflow/.local/lib/python3.12/site-packages/airflow/example_dags/plugins/event_listener.py
[2025-06-20T15:20:00.386+0000] {processor.py:830} INFO - Processing file /home/airflow/.local/lib/python3.12/site-packages/airflow/example_dags/plugins/event_listener.py for tasks to queue
[2025-06-20T15:20:00.388+0000] {logging_mixin.py:188} INFO - [2025-06-20T15:20:00.388+0000] {dagbag.py:540} INFO - Filling up the DagBag from /home/airflow/.local/lib/python3.12/site-packages/airflow/example_dags/plugins/event_listener.py
[2025-06-20T15:20:00.390+0000] {processor.py:842} WARNING - No viable dags retrieved from /home/airflow/.local/lib/python3.12/site-packages/airflow/example_dags/plugins/event_listener.py
[2025-06-20T15:20:00.404+0000] {processor.py:183} INFO - Processing /home/airflow/.local/lib/python3.12/site-packages/airflow/example_dags/plugins/event_listener.py took 0.026 seconds
[2025-06-20T15:20:30.715+0000] {processor.py:161} INFO - Started process (PID=5402) to work on /home/airflow/.local/lib/python3.12/site-packages/airflow/example_dags/plugins/event_listener.py
[2025-06-20T15:20:30.716+0000] {processor.py:830} INFO - Processing file /home/airflow/.local/lib/python3.12/site-packages/airflow/example_dags/plugins/event_listener.py for tasks to queue
[2025-06-20T15:20:30.717+0000] {logging_mixin.py:188} INFO - [2025-06-20T15:20:30.717+0000] {dagbag.py:540} INFO - Filling up the DagBag from /home/airflow/.local/lib/python3.12/site-packages/airflow/example_dags/plugins/event_listener.py
[2025-06-20T15:20:30.720+0000] {processor.py:842} WARNING - No viable dags retrieved from /home/airflow/.local/lib/python3.12/site-packages/airflow/example_dags/plugins/event_listener.py
[2025-06-20T15:20:30.734+0000] {processor.py:183} INFO - Processing /home/airflow/.local/lib/python3.12/site-packages/airflow/example_dags/plugins/event_listener.py took 0.025 seconds
[2025-06-20T15:21:00.935+0000] {processor.py:161} INFO - Started process (PID=5461) to work on /home/airflow/.local/lib/python3.12/site-packages/airflow/example_dags/plugins/event_listener.py
[2025-06-20T15:21:00.936+0000] {processor.py:830} INFO - Processing file /home/airflow/.local/lib/python3.12/site-packages/airflow/example_dags/plugins/event_listener.py for tasks to queue
[2025-06-20T15:21:00.938+0000] {logging_mixin.py:188} INFO - [2025-06-20T15:21:00.938+0000] {dagbag.py:540} INFO - Filling up the DagBag from /home/airflow/.local/lib/python3.12/site-packages/airflow/example_dags/plugins/event_listener.py
[2025-06-20T15:21:00.940+0000] {processor.py:842} WARNING - No viable dags retrieved from /home/airflow/.local/lib/python3.12/site-packages/airflow/example_dags/plugins/event_listener.py
[2025-06-20T15:21:00.953+0000] {processor.py:183} INFO - Processing /home/airflow/.local/lib/python3.12/site-packages/airflow/example_dags/plugins/event_listener.py took 0.024 seconds
[2025-06-20T15:21:31.269+0000] {processor.py:161} INFO - Started process (PID=5520) to work on /home/airflow/.local/lib/python3.12/site-packages/airflow/example_dags/plugins/event_listener.py
[2025-06-20T15:21:31.270+0000] {processor.py:830} INFO - Processing file /home/airflow/.local/lib/python3.12/site-packages/airflow/example_dags/plugins/event_listener.py for tasks to queue
[2025-06-20T15:21:31.272+0000] {logging_mixin.py:188} INFO - [2025-06-20T15:21:31.271+0000] {dagbag.py:540} INFO - Filling up the DagBag from /home/airflow/.local/lib/python3.12/site-packages/airflow/example_dags/plugins/event_listener.py
[2025-06-20T15:21:31.274+0000] {processor.py:842} WARNING - No viable dags retrieved from /home/airflow/.local/lib/python3.12/site-packages/airflow/example_dags/plugins/event_listener.py
[2025-06-20T15:21:31.287+0000] {processor.py:183} INFO - Processing /home/airflow/.local/lib/python3.12/site-packages/airflow/example_dags/plugins/event_listener.py took 0.025 seconds
[2025-06-20T15:22:01.629+0000] {processor.py:161} INFO - Started process (PID=5579) to work on /home/airflow/.local/lib/python3.12/site-packages/airflow/example_dags/plugins/event_listener.py
[2025-06-20T15:22:01.630+0000] {processor.py:830} INFO - Processing file /home/airflow/.local/lib/python3.12/site-packages/airflow/example_dags/plugins/event_listener.py for tasks to queue
[2025-06-20T15:22:01.631+0000] {logging_mixin.py:188} INFO - [2025-06-20T15:22:01.631+0000] {dagbag.py:540} INFO - Filling up the DagBag from /home/airflow/.local/lib/python3.12/site-packages/airflow/example_dags/plugins/event_listener.py
[2025-06-20T15:22:01.634+0000] {processor.py:842} WARNING - No viable dags retrieved from /home/airflow/.local/lib/python3.12/site-packages/airflow/example_dags/plugins/event_listener.py
[2025-06-20T15:22:01.646+0000] {processor.py:183} INFO - Processing /home/airflow/.local/lib/python3.12/site-packages/airflow/example_dags/plugins/event_listener.py took 0.024 seconds
[2025-06-20T15:22:31.935+0000] {processor.py:161} INFO - Started process (PID=5638) to work on /home/airflow/.local/lib/python3.12/site-packages/airflow/example_dags/plugins/event_listener.py
[2025-06-20T15:22:31.936+0000] {processor.py:830} INFO - Processing file /home/airflow/.local/lib/python3.12/site-packages/airflow/example_dags/plugins/event_listener.py for tasks to queue
[2025-06-20T15:22:31.938+0000] {logging_mixin.py:188} INFO - [2025-06-20T15:22:31.938+0000] {dagbag.py:540} INFO - Filling up the DagBag from /home/airflow/.local/lib/python3.12/site-packages/airflow/example_dags/plugins/event_listener.py
[2025-06-20T15:22:31.940+0000] {processor.py:842} WARNING - No viable dags retrieved from /home/airflow/.local/lib/python3.12/site-packages/airflow/example_dags/plugins/event_listener.py
[2025-06-20T15:22:31.954+0000] {processor.py:183} INFO - Processing /home/airflow/.local/lib/python3.12/site-packages/airflow/example_dags/plugins/event_listener.py took 0.027 seconds
[2025-06-20T15:23:02.123+0000] {processor.py:161} INFO - Started process (PID=5697) to work on /home/airflow/.local/lib/python3.12/site-packages/airflow/example_dags/plugins/event_listener.py
[2025-06-20T15:23:02.124+0000] {processor.py:830} INFO - Processing file /home/airflow/.local/lib/python3.12/site-packages/airflow/example_dags/plugins/event_listener.py for tasks to queue
[2025-06-20T15:23:02.125+0000] {logging_mixin.py:188} INFO - [2025-06-20T15:23:02.125+0000] {dagbag.py:540} INFO - Filling up the DagBag from /home/airflow/.local/lib/python3.12/site-packages/airflow/example_dags/plugins/event_listener.py
[2025-06-20T15:23:02.127+0000] {processor.py:842} WARNING - No viable dags retrieved from /home/airflow/.local/lib/python3.12/site-packages/airflow/example_dags/plugins/event_listener.py
[2025-06-20T15:23:02.141+0000] {processor.py:183} INFO - Processing /home/airflow/.local/lib/python3.12/site-packages/airflow/example_dags/plugins/event_listener.py took 0.025 seconds
[2025-06-20T15:23:32.491+0000] {processor.py:161} INFO - Started process (PID=5756) to work on /home/airflow/.local/lib/python3.12/site-packages/airflow/example_dags/plugins/event_listener.py
[2025-06-20T15:23:32.492+0000] {processor.py:830} INFO - Processing file /home/airflow/.local/lib/python3.12/site-packages/airflow/example_dags/plugins/event_listener.py for tasks to queue
[2025-06-20T15:23:32.494+0000] {logging_mixin.py:188} INFO - [2025-06-20T15:23:32.494+0000] {dagbag.py:540} INFO - Filling up the DagBag from /home/airflow/.local/lib/python3.12/site-packages/airflow/example_dags/plugins/event_listener.py
[2025-06-20T15:23:32.496+0000] {processor.py:842} WARNING - No viable dags retrieved from /home/airflow/.local/lib/python3.12/site-packages/airflow/example_dags/plugins/event_listener.py
[2025-06-20T15:23:32.510+0000] {processor.py:183} INFO - Processing /home/airflow/.local/lib/python3.12/site-packages/airflow/example_dags/plugins/event_listener.py took 0.024 seconds
[2025-06-20T15:24:02.678+0000] {processor.py:161} INFO - Started process (PID=5815) to work on /home/airflow/.local/lib/python3.12/site-packages/airflow/example_dags/plugins/event_listener.py
[2025-06-20T15:24:02.679+0000] {processor.py:830} INFO - Processing file /home/airflow/.local/lib/python3.12/site-packages/airflow/example_dags/plugins/event_listener.py for tasks to queue
[2025-06-20T15:24:02.681+0000] {logging_mixin.py:188} INFO - [2025-06-20T15:24:02.680+0000] {dagbag.py:540} INFO - Filling up the DagBag from /home/airflow/.local/lib/python3.12/site-packages/airflow/example_dags/plugins/event_listener.py
[2025-06-20T15:24:02.683+0000] {processor.py:842} WARNING - No viable dags retrieved from /home/airflow/.local/lib/python3.12/site-packages/airflow/example_dags/plugins/event_listener.py
[2025-06-20T15:24:02.695+0000] {processor.py:183} INFO - Processing /home/airflow/.local/lib/python3.12/site-packages/airflow/example_dags/plugins/event_listener.py took 0.023 seconds
[2025-06-20T15:24:33.452+0000] {processor.py:161} INFO - Started process (PID=5874) to work on /home/airflow/.local/lib/python3.12/site-packages/airflow/example_dags/plugins/event_listener.py
[2025-06-20T15:24:33.453+0000] {processor.py:830} INFO - Processing file /home/airflow/.local/lib/python3.12/site-packages/airflow/example_dags/plugins/event_listener.py for tasks to queue
[2025-06-20T15:24:33.454+0000] {logging_mixin.py:188} INFO - [2025-06-20T15:24:33.454+0000] {dagbag.py:540} INFO - Filling up the DagBag from /home/airflow/.local/lib/python3.12/site-packages/airflow/example_dags/plugins/event_listener.py
[2025-06-20T15:24:33.456+0000] {processor.py:842} WARNING - No viable dags retrieved from /home/airflow/.local/lib/python3.12/site-packages/airflow/example_dags/plugins/event_listener.py
[2025-06-20T15:24:33.469+0000] {processor.py:183} INFO - Processing /home/airflow/.local/lib/python3.12/site-packages/airflow/example_dags/plugins/event_listener.py took 0.023 seconds
[2025-06-20T15:25:03.921+0000] {processor.py:161} INFO - Started process (PID=5933) to work on /home/airflow/.local/lib/python3.12/site-packages/airflow/example_dags/plugins/event_listener.py
[2025-06-20T15:25:03.922+0000] {processor.py:830} INFO - Processing file /home/airflow/.local/lib/python3.12/site-packages/airflow/example_dags/plugins/event_listener.py for tasks to queue
[2025-06-20T15:25:03.924+0000] {logging_mixin.py:188} INFO - [2025-06-20T15:25:03.924+0000] {dagbag.py:540} INFO - Filling up the DagBag from /home/airflow/.local/lib/python3.12/site-packages/airflow/example_dags/plugins/event_listener.py
[2025-06-20T15:25:03.926+0000] {processor.py:842} WARNING - No viable dags retrieved from /home/airflow/.local/lib/python3.12/site-packages/airflow/example_dags/plugins/event_listener.py
[2025-06-20T15:25:03.941+0000] {processor.py:183} INFO - Processing /home/airflow/.local/lib/python3.12/site-packages/airflow/example_dags/plugins/event_listener.py took 0.026 seconds
[2025-06-20T15:25:34.238+0000] {processor.py:161} INFO - Started process (PID=5990) to work on /home/airflow/.local/lib/python3.12/site-packages/airflow/example_dags/plugins/event_listener.py
[2025-06-20T15:25:34.239+0000] {processor.py:830} INFO - Processing file /home/airflow/.local/lib/python3.12/site-packages/airflow/example_dags/plugins/event_listener.py for tasks to queue
[2025-06-20T15:25:34.241+0000] {logging_mixin.py:188} INFO - [2025-06-20T15:25:34.240+0000] {dagbag.py:540} INFO - Filling up the DagBag from /home/airflow/.local/lib/python3.12/site-packages/airflow/example_dags/plugins/event_listener.py
[2025-06-20T15:25:34.243+0000] {processor.py:842} WARNING - No viable dags retrieved from /home/airflow/.local/lib/python3.12/site-packages/airflow/example_dags/plugins/event_listener.py
[2025-06-20T15:25:34.256+0000] {processor.py:183} INFO - Processing /home/airflow/.local/lib/python3.12/site-packages/airflow/example_dags/plugins/event_listener.py took 0.024 seconds
[2025-06-20T15:26:04.975+0000] {processor.py:161} INFO - Started process (PID=6049) to work on /home/airflow/.local/lib/python3.12/site-packages/airflow/example_dags/plugins/event_listener.py
[2025-06-20T15:26:04.976+0000] {processor.py:830} INFO - Processing file /home/airflow/.local/lib/python3.12/site-packages/airflow/example_dags/plugins/event_listener.py for tasks to queue
[2025-06-20T15:26:04.979+0000] {logging_mixin.py:188} INFO - [2025-06-20T15:26:04.979+0000] {dagbag.py:540} INFO - Filling up the DagBag from /home/airflow/.local/lib/python3.12/site-packages/airflow/example_dags/plugins/event_listener.py
[2025-06-20T15:26:04.982+0000] {processor.py:842} WARNING - No viable dags retrieved from /home/airflow/.local/lib/python3.12/site-packages/airflow/example_dags/plugins/event_listener.py
[2025-06-20T15:26:04.999+0000] {processor.py:183} INFO - Processing /home/airflow/.local/lib/python3.12/site-packages/airflow/example_dags/plugins/event_listener.py took 0.031 seconds
[2025-06-20T15:26:35.266+0000] {processor.py:161} INFO - Started process (PID=6108) to work on /home/airflow/.local/lib/python3.12/site-packages/airflow/example_dags/plugins/event_listener.py
[2025-06-20T15:26:35.267+0000] {processor.py:830} INFO - Processing file /home/airflow/.local/lib/python3.12/site-packages/airflow/example_dags/plugins/event_listener.py for tasks to queue
[2025-06-20T15:26:35.269+0000] {logging_mixin.py:188} INFO - [2025-06-20T15:26:35.269+0000] {dagbag.py:540} INFO - Filling up the DagBag from /home/airflow/.local/lib/python3.12/site-packages/airflow/example_dags/plugins/event_listener.py
[2025-06-20T15:26:35.271+0000] {processor.py:842} WARNING - No viable dags retrieved from /home/airflow/.local/lib/python3.12/site-packages/airflow/example_dags/plugins/event_listener.py
[2025-06-20T15:26:35.283+0000] {processor.py:183} INFO - Processing /home/airflow/.local/lib/python3.12/site-packages/airflow/example_dags/plugins/event_listener.py took 0.023 seconds
[2025-06-20T15:27:05.453+0000] {processor.py:161} INFO - Started process (PID=6167) to work on /home/airflow/.local/lib/python3.12/site-packages/airflow/example_dags/plugins/event_listener.py
[2025-06-20T15:27:05.454+0000] {processor.py:830} INFO - Processing file /home/airflow/.local/lib/python3.12/site-packages/airflow/example_dags/plugins/event_listener.py for tasks to queue
[2025-06-20T15:27:05.456+0000] {logging_mixin.py:188} INFO - [2025-06-20T15:27:05.455+0000] {dagbag.py:540} INFO - Filling up the DagBag from /home/airflow/.local/lib/python3.12/site-packages/airflow/example_dags/plugins/event_listener.py
[2025-06-20T15:27:05.458+0000] {processor.py:842} WARNING - No viable dags retrieved from /home/airflow/.local/lib/python3.12/site-packages/airflow/example_dags/plugins/event_listener.py
[2025-06-20T15:27:05.470+0000] {processor.py:183} INFO - Processing /home/airflow/.local/lib/python3.12/site-packages/airflow/example_dags/plugins/event_listener.py took 0.024 seconds
[2025-06-20T15:27:35.666+0000] {processor.py:161} INFO - Started process (PID=6226) to work on /home/airflow/.local/lib/python3.12/site-packages/airflow/example_dags/plugins/event_listener.py
[2025-06-20T15:27:35.667+0000] {processor.py:830} INFO - Processing file /home/airflow/.local/lib/python3.12/site-packages/airflow/example_dags/plugins/event_listener.py for tasks to queue
[2025-06-20T15:27:35.668+0000] {logging_mixin.py:188} INFO - [2025-06-20T15:27:35.668+0000] {dagbag.py:540} INFO - Filling up the DagBag from /home/airflow/.local/lib/python3.12/site-packages/airflow/example_dags/plugins/event_listener.py
[2025-06-20T15:27:35.671+0000] {processor.py:842} WARNING - No viable dags retrieved from /home/airflow/.local/lib/python3.12/site-packages/airflow/example_dags/plugins/event_listener.py
[2025-06-20T15:27:35.684+0000] {processor.py:183} INFO - Processing /home/airflow/.local/lib/python3.12/site-packages/airflow/example_dags/plugins/event_listener.py took 0.024 seconds
[2025-06-20T15:28:06.126+0000] {processor.py:161} INFO - Started process (PID=6285) to work on /home/airflow/.local/lib/python3.12/site-packages/airflow/example_dags/plugins/event_listener.py
[2025-06-20T15:28:06.127+0000] {processor.py:830} INFO - Processing file /home/airflow/.local/lib/python3.12/site-packages/airflow/example_dags/plugins/event_listener.py for tasks to queue
[2025-06-20T15:28:06.129+0000] {logging_mixin.py:188} INFO - [2025-06-20T15:28:06.129+0000] {dagbag.py:540} INFO - Filling up the DagBag from /home/airflow/.local/lib/python3.12/site-packages/airflow/example_dags/plugins/event_listener.py
[2025-06-20T15:28:06.131+0000] {processor.py:842} WARNING - No viable dags retrieved from /home/airflow/.local/lib/python3.12/site-packages/airflow/example_dags/plugins/event_listener.py
[2025-06-20T15:28:06.143+0000] {processor.py:183} INFO - Processing /home/airflow/.local/lib/python3.12/site-packages/airflow/example_dags/plugins/event_listener.py took 0.023 seconds
[2025-06-20T15:28:37.168+0000] {processor.py:161} INFO - Started process (PID=6344) to work on /home/airflow/.local/lib/python3.12/site-packages/airflow/example_dags/plugins/event_listener.py
[2025-06-20T15:28:37.169+0000] {processor.py:830} INFO - Processing file /home/airflow/.local/lib/python3.12/site-packages/airflow/example_dags/plugins/event_listener.py for tasks to queue
[2025-06-20T15:28:37.171+0000] {logging_mixin.py:188} INFO - [2025-06-20T15:28:37.171+0000] {dagbag.py:540} INFO - Filling up the DagBag from /home/airflow/.local/lib/python3.12/site-packages/airflow/example_dags/plugins/event_listener.py
[2025-06-20T15:28:37.173+0000] {processor.py:842} WARNING - No viable dags retrieved from /home/airflow/.local/lib/python3.12/site-packages/airflow/example_dags/plugins/event_listener.py
[2025-06-20T15:28:37.186+0000] {processor.py:183} INFO - Processing /home/airflow/.local/lib/python3.12/site-packages/airflow/example_dags/plugins/event_listener.py took 0.024 seconds
[2025-06-20T15:29:07.609+0000] {processor.py:161} INFO - Started process (PID=6403) to work on /home/airflow/.local/lib/python3.12/site-packages/airflow/example_dags/plugins/event_listener.py
[2025-06-20T15:29:07.610+0000] {processor.py:830} INFO - Processing file /home/airflow/.local/lib/python3.12/site-packages/airflow/example_dags/plugins/event_listener.py for tasks to queue
[2025-06-20T15:29:07.612+0000] {logging_mixin.py:188} INFO - [2025-06-20T15:29:07.612+0000] {dagbag.py:540} INFO - Filling up the DagBag from /home/airflow/.local/lib/python3.12/site-packages/airflow/example_dags/plugins/event_listener.py
[2025-06-20T15:29:07.615+0000] {processor.py:842} WARNING - No viable dags retrieved from /home/airflow/.local/lib/python3.12/site-packages/airflow/example_dags/plugins/event_listener.py
[2025-06-20T15:29:07.630+0000] {processor.py:183} INFO - Processing /home/airflow/.local/lib/python3.12/site-packages/airflow/example_dags/plugins/event_listener.py took 0.029 seconds
[2025-06-20T15:29:38.495+0000] {processor.py:161} INFO - Started process (PID=6462) to work on /home/airflow/.local/lib/python3.12/site-packages/airflow/example_dags/plugins/event_listener.py
[2025-06-20T15:29:38.496+0000] {processor.py:830} INFO - Processing file /home/airflow/.local/lib/python3.12/site-packages/airflow/example_dags/plugins/event_listener.py for tasks to queue
[2025-06-20T15:29:38.498+0000] {logging_mixin.py:188} INFO - [2025-06-20T15:29:38.498+0000] {dagbag.py:540} INFO - Filling up the DagBag from /home/airflow/.local/lib/python3.12/site-packages/airflow/example_dags/plugins/event_listener.py
[2025-06-20T15:29:38.500+0000] {processor.py:842} WARNING - No viable dags retrieved from /home/airflow/.local/lib/python3.12/site-packages/airflow/example_dags/plugins/event_listener.py
[2025-06-20T15:29:38.513+0000] {processor.py:183} INFO - Processing /home/airflow/.local/lib/python3.12/site-packages/airflow/example_dags/plugins/event_listener.py took 0.024 seconds
[2025-06-20T15:30:09.567+0000] {processor.py:161} INFO - Started process (PID=6521) to work on /home/airflow/.local/lib/python3.12/site-packages/airflow/example_dags/plugins/event_listener.py
[2025-06-20T15:30:09.568+0000] {processor.py:830} INFO - Processing file /home/airflow/.local/lib/python3.12/site-packages/airflow/example_dags/plugins/event_listener.py for tasks to queue
[2025-06-20T15:30:09.570+0000] {logging_mixin.py:188} INFO - [2025-06-20T15:30:09.569+0000] {dagbag.py:540} INFO - Filling up the DagBag from /home/airflow/.local/lib/python3.12/site-packages/airflow/example_dags/plugins/event_listener.py
[2025-06-20T15:30:09.572+0000] {processor.py:842} WARNING - No viable dags retrieved from /home/airflow/.local/lib/python3.12/site-packages/airflow/example_dags/plugins/event_listener.py
[2025-06-20T15:30:09.585+0000] {processor.py:183} INFO - Processing /home/airflow/.local/lib/python3.12/site-packages/airflow/example_dags/plugins/event_listener.py took 0.024 seconds
[2025-06-20T15:30:40.090+0000] {processor.py:161} INFO - Started process (PID=6580) to work on /home/airflow/.local/lib/python3.12/site-packages/airflow/example_dags/plugins/event_listener.py
[2025-06-20T15:30:40.091+0000] {processor.py:830} INFO - Processing file /home/airflow/.local/lib/python3.12/site-packages/airflow/example_dags/plugins/event_listener.py for tasks to queue
[2025-06-20T15:30:40.093+0000] {logging_mixin.py:188} INFO - [2025-06-20T15:30:40.092+0000] {dagbag.py:540} INFO - Filling up the DagBag from /home/airflow/.local/lib/python3.12/site-packages/airflow/example_dags/plugins/event_listener.py
[2025-06-20T15:30:40.095+0000] {processor.py:842} WARNING - No viable dags retrieved from /home/airflow/.local/lib/python3.12/site-packages/airflow/example_dags/plugins/event_listener.py
[2025-06-20T15:30:40.108+0000] {processor.py:183} INFO - Processing /home/airflow/.local/lib/python3.12/site-packages/airflow/example_dags/plugins/event_listener.py took 0.024 seconds
[2025-06-20T15:31:11.570+0000] {processor.py:161} INFO - Started process (PID=6639) to work on /home/airflow/.local/lib/python3.12/site-packages/airflow/example_dags/plugins/event_listener.py
[2025-06-20T15:31:11.571+0000] {processor.py:830} INFO - Processing file /home/airflow/.local/lib/python3.12/site-packages/airflow/example_dags/plugins/event_listener.py for tasks to queue
[2025-06-20T15:31:11.573+0000] {logging_mixin.py:188} INFO - [2025-06-20T15:31:11.572+0000] {dagbag.py:540} INFO - Filling up the DagBag from /home/airflow/.local/lib/python3.12/site-packages/airflow/example_dags/plugins/event_listener.py
[2025-06-20T15:31:11.575+0000] {processor.py:842} WARNING - No viable dags retrieved from /home/airflow/.local/lib/python3.12/site-packages/airflow/example_dags/plugins/event_listener.py
[2025-06-20T15:31:11.588+0000] {processor.py:183} INFO - Processing /home/airflow/.local/lib/python3.12/site-packages/airflow/example_dags/plugins/event_listener.py took 0.024 seconds
[2025-06-20T15:31:41.860+0000] {processor.py:161} INFO - Started process (PID=6698) to work on /home/airflow/.local/lib/python3.12/site-packages/airflow/example_dags/plugins/event_listener.py
[2025-06-20T15:31:41.861+0000] {processor.py:830} INFO - Processing file /home/airflow/.local/lib/python3.12/site-packages/airflow/example_dags/plugins/event_listener.py for tasks to queue
[2025-06-20T15:31:41.863+0000] {logging_mixin.py:188} INFO - [2025-06-20T15:31:41.863+0000] {dagbag.py:540} INFO - Filling up the DagBag from /home/airflow/.local/lib/python3.12/site-packages/airflow/example_dags/plugins/event_listener.py
[2025-06-20T15:31:41.865+0000] {processor.py:842} WARNING - No viable dags retrieved from /home/airflow/.local/lib/python3.12/site-packages/airflow/example_dags/plugins/event_listener.py
[2025-06-20T15:31:41.878+0000] {processor.py:183} INFO - Processing /home/airflow/.local/lib/python3.12/site-packages/airflow/example_dags/plugins/event_listener.py took 0.024 seconds
[2025-06-20T15:32:12.651+0000] {processor.py:161} INFO - Started process (PID=6757) to work on /home/airflow/.local/lib/python3.12/site-packages/airflow/example_dags/plugins/event_listener.py
[2025-06-20T15:32:12.652+0000] {processor.py:830} INFO - Processing file /home/airflow/.local/lib/python3.12/site-packages/airflow/example_dags/plugins/event_listener.py for tasks to queue
[2025-06-20T15:32:12.654+0000] {logging_mixin.py:188} INFO - [2025-06-20T15:32:12.653+0000] {dagbag.py:540} INFO - Filling up the DagBag from /home/airflow/.local/lib/python3.12/site-packages/airflow/example_dags/plugins/event_listener.py
[2025-06-20T15:32:12.656+0000] {processor.py:842} WARNING - No viable dags retrieved from /home/airflow/.local/lib/python3.12/site-packages/airflow/example_dags/plugins/event_listener.py
[2025-06-20T15:32:12.668+0000] {processor.py:183} INFO - Processing /home/airflow/.local/lib/python3.12/site-packages/airflow/example_dags/plugins/event_listener.py took 0.023 seconds
[2025-06-20T15:32:43.329+0000] {processor.py:161} INFO - Started process (PID=6816) to work on /home/airflow/.local/lib/python3.12/site-packages/airflow/example_dags/plugins/event_listener.py
[2025-06-20T15:32:43.330+0000] {processor.py:830} INFO - Processing file /home/airflow/.local/lib/python3.12/site-packages/airflow/example_dags/plugins/event_listener.py for tasks to queue
[2025-06-20T15:32:43.332+0000] {logging_mixin.py:188} INFO - [2025-06-20T15:32:43.331+0000] {dagbag.py:540} INFO - Filling up the DagBag from /home/airflow/.local/lib/python3.12/site-packages/airflow/example_dags/plugins/event_listener.py
[2025-06-20T15:32:43.334+0000] {processor.py:842} WARNING - No viable dags retrieved from /home/airflow/.local/lib/python3.12/site-packages/airflow/example_dags/plugins/event_listener.py
[2025-06-20T15:32:43.347+0000] {processor.py:183} INFO - Processing /home/airflow/.local/lib/python3.12/site-packages/airflow/example_dags/plugins/event_listener.py took 0.024 seconds
[2025-06-20T15:33:14.073+0000] {processor.py:161} INFO - Started process (PID=6875) to work on /home/airflow/.local/lib/python3.12/site-packages/airflow/example_dags/plugins/event_listener.py
[2025-06-20T15:33:14.074+0000] {processor.py:830} INFO - Processing file /home/airflow/.local/lib/python3.12/site-packages/airflow/example_dags/plugins/event_listener.py for tasks to queue
[2025-06-20T15:33:14.076+0000] {logging_mixin.py:188} INFO - [2025-06-20T15:33:14.076+0000] {dagbag.py:540} INFO - Filling up the DagBag from /home/airflow/.local/lib/python3.12/site-packages/airflow/example_dags/plugins/event_listener.py
[2025-06-20T15:33:14.078+0000] {processor.py:842} WARNING - No viable dags retrieved from /home/airflow/.local/lib/python3.12/site-packages/airflow/example_dags/plugins/event_listener.py
[2025-06-20T15:33:14.091+0000] {processor.py:183} INFO - Processing /home/airflow/.local/lib/python3.12/site-packages/airflow/example_dags/plugins/event_listener.py took 0.024 seconds
[2025-06-20T15:33:44.778+0000] {processor.py:161} INFO - Started process (PID=6934) to work on /home/airflow/.local/lib/python3.12/site-packages/airflow/example_dags/plugins/event_listener.py
[2025-06-20T15:33:44.779+0000] {processor.py:830} INFO - Processing file /home/airflow/.local/lib/python3.12/site-packages/airflow/example_dags/plugins/event_listener.py for tasks to queue
[2025-06-20T15:33:44.781+0000] {logging_mixin.py:188} INFO - [2025-06-20T15:33:44.781+0000] {dagbag.py:540} INFO - Filling up the DagBag from /home/airflow/.local/lib/python3.12/site-packages/airflow/example_dags/plugins/event_listener.py
[2025-06-20T15:33:44.783+0000] {processor.py:842} WARNING - No viable dags retrieved from /home/airflow/.local/lib/python3.12/site-packages/airflow/example_dags/plugins/event_listener.py
[2025-06-20T15:33:44.797+0000] {processor.py:183} INFO - Processing /home/airflow/.local/lib/python3.12/site-packages/airflow/example_dags/plugins/event_listener.py took 0.025 seconds
[2025-06-20T15:34:15.539+0000] {processor.py:161} INFO - Started process (PID=6993) to work on /home/airflow/.local/lib/python3.12/site-packages/airflow/example_dags/plugins/event_listener.py
[2025-06-20T15:34:15.540+0000] {processor.py:830} INFO - Processing file /home/airflow/.local/lib/python3.12/site-packages/airflow/example_dags/plugins/event_listener.py for tasks to queue
[2025-06-20T15:34:15.542+0000] {logging_mixin.py:188} INFO - [2025-06-20T15:34:15.542+0000] {dagbag.py:540} INFO - Filling up the DagBag from /home/airflow/.local/lib/python3.12/site-packages/airflow/example_dags/plugins/event_listener.py
[2025-06-20T15:34:15.544+0000] {processor.py:842} WARNING - No viable dags retrieved from /home/airflow/.local/lib/python3.12/site-packages/airflow/example_dags/plugins/event_listener.py
[2025-06-20T15:34:15.558+0000] {processor.py:183} INFO - Processing /home/airflow/.local/lib/python3.12/site-packages/airflow/example_dags/plugins/event_listener.py took 0.024 seconds
[2025-06-20T15:34:46.359+0000] {processor.py:161} INFO - Started process (PID=7052) to work on /home/airflow/.local/lib/python3.12/site-packages/airflow/example_dags/plugins/event_listener.py
[2025-06-20T15:34:46.360+0000] {processor.py:830} INFO - Processing file /home/airflow/.local/lib/python3.12/site-packages/airflow/example_dags/plugins/event_listener.py for tasks to queue
[2025-06-20T15:34:46.362+0000] {logging_mixin.py:188} INFO - [2025-06-20T15:34:46.361+0000] {dagbag.py:540} INFO - Filling up the DagBag from /home/airflow/.local/lib/python3.12/site-packages/airflow/example_dags/plugins/event_listener.py
[2025-06-20T15:34:46.364+0000] {processor.py:842} WARNING - No viable dags retrieved from /home/airflow/.local/lib/python3.12/site-packages/airflow/example_dags/plugins/event_listener.py
[2025-06-20T15:34:46.377+0000] {processor.py:183} INFO - Processing /home/airflow/.local/lib/python3.12/site-packages/airflow/example_dags/plugins/event_listener.py took 0.024 seconds
[2025-06-20T15:35:16.547+0000] {processor.py:161} INFO - Started process (PID=7111) to work on /home/airflow/.local/lib/python3.12/site-packages/airflow/example_dags/plugins/event_listener.py
[2025-06-20T15:35:16.548+0000] {processor.py:830} INFO - Processing file /home/airflow/.local/lib/python3.12/site-packages/airflow/example_dags/plugins/event_listener.py for tasks to queue
[2025-06-20T15:35:16.550+0000] {logging_mixin.py:188} INFO - [2025-06-20T15:35:16.550+0000] {dagbag.py:540} INFO - Filling up the DagBag from /home/airflow/.local/lib/python3.12/site-packages/airflow/example_dags/plugins/event_listener.py
[2025-06-20T15:35:16.552+0000] {processor.py:842} WARNING - No viable dags retrieved from /home/airflow/.local/lib/python3.12/site-packages/airflow/example_dags/plugins/event_listener.py
[2025-06-20T15:35:16.566+0000] {processor.py:183} INFO - Processing /home/airflow/.local/lib/python3.12/site-packages/airflow/example_dags/plugins/event_listener.py took 0.025 seconds
[2025-06-20T15:35:46.806+0000] {processor.py:161} INFO - Started process (PID=7170) to work on /home/airflow/.local/lib/python3.12/site-packages/airflow/example_dags/plugins/event_listener.py
[2025-06-20T15:35:46.808+0000] {processor.py:830} INFO - Processing file /home/airflow/.local/lib/python3.12/site-packages/airflow/example_dags/plugins/event_listener.py for tasks to queue
[2025-06-20T15:35:46.810+0000] {logging_mixin.py:188} INFO - [2025-06-20T15:35:46.809+0000] {dagbag.py:540} INFO - Filling up the DagBag from /home/airflow/.local/lib/python3.12/site-packages/airflow/example_dags/plugins/event_listener.py
[2025-06-20T15:35:46.813+0000] {processor.py:842} WARNING - No viable dags retrieved from /home/airflow/.local/lib/python3.12/site-packages/airflow/example_dags/plugins/event_listener.py
[2025-06-20T15:35:46.830+0000] {processor.py:183} INFO - Processing /home/airflow/.local/lib/python3.12/site-packages/airflow/example_dags/plugins/event_listener.py took 0.031 seconds
[2025-06-20T15:36:17.086+0000] {processor.py:161} INFO - Started process (PID=7229) to work on /home/airflow/.local/lib/python3.12/site-packages/airflow/example_dags/plugins/event_listener.py
[2025-06-20T15:36:17.087+0000] {processor.py:830} INFO - Processing file /home/airflow/.local/lib/python3.12/site-packages/airflow/example_dags/plugins/event_listener.py for tasks to queue
[2025-06-20T15:36:17.089+0000] {logging_mixin.py:188} INFO - [2025-06-20T15:36:17.089+0000] {dagbag.py:540} INFO - Filling up the DagBag from /home/airflow/.local/lib/python3.12/site-packages/airflow/example_dags/plugins/event_listener.py
[2025-06-20T15:36:17.091+0000] {processor.py:842} WARNING - No viable dags retrieved from /home/airflow/.local/lib/python3.12/site-packages/airflow/example_dags/plugins/event_listener.py
[2025-06-20T15:36:17.104+0000] {processor.py:183} INFO - Processing /home/airflow/.local/lib/python3.12/site-packages/airflow/example_dags/plugins/event_listener.py took 0.023 seconds
[2025-06-20T15:36:48.241+0000] {processor.py:161} INFO - Started process (PID=7288) to work on /home/airflow/.local/lib/python3.12/site-packages/airflow/example_dags/plugins/event_listener.py
[2025-06-20T15:36:48.242+0000] {processor.py:830} INFO - Processing file /home/airflow/.local/lib/python3.12/site-packages/airflow/example_dags/plugins/event_listener.py for tasks to queue
[2025-06-20T15:36:48.243+0000] {logging_mixin.py:188} INFO - [2025-06-20T15:36:48.243+0000] {dagbag.py:540} INFO - Filling up the DagBag from /home/airflow/.local/lib/python3.12/site-packages/airflow/example_dags/plugins/event_listener.py
[2025-06-20T15:36:48.246+0000] {processor.py:842} WARNING - No viable dags retrieved from /home/airflow/.local/lib/python3.12/site-packages/airflow/example_dags/plugins/event_listener.py
[2025-06-20T15:36:48.259+0000] {processor.py:183} INFO - Processing /home/airflow/.local/lib/python3.12/site-packages/airflow/example_dags/plugins/event_listener.py took 0.024 seconds
[2025-06-20T15:37:18.445+0000] {processor.py:161} INFO - Started process (PID=7347) to work on /home/airflow/.local/lib/python3.12/site-packages/airflow/example_dags/plugins/event_listener.py
[2025-06-20T15:37:18.446+0000] {processor.py:830} INFO - Processing file /home/airflow/.local/lib/python3.12/site-packages/airflow/example_dags/plugins/event_listener.py for tasks to queue
[2025-06-20T15:37:18.448+0000] {logging_mixin.py:188} INFO - [2025-06-20T15:37:18.447+0000] {dagbag.py:540} INFO - Filling up the DagBag from /home/airflow/.local/lib/python3.12/site-packages/airflow/example_dags/plugins/event_listener.py
[2025-06-20T15:37:18.450+0000] {processor.py:842} WARNING - No viable dags retrieved from /home/airflow/.local/lib/python3.12/site-packages/airflow/example_dags/plugins/event_listener.py
[2025-06-20T15:37:18.463+0000] {processor.py:183} INFO - Processing /home/airflow/.local/lib/python3.12/site-packages/airflow/example_dags/plugins/event_listener.py took 0.025 seconds
[2025-06-20T15:37:48.838+0000] {processor.py:161} INFO - Started process (PID=7406) to work on /home/airflow/.local/lib/python3.12/site-packages/airflow/example_dags/plugins/event_listener.py
[2025-06-20T15:37:48.839+0000] {processor.py:830} INFO - Processing file /home/airflow/.local/lib/python3.12/site-packages/airflow/example_dags/plugins/event_listener.py for tasks to queue
[2025-06-20T15:37:48.841+0000] {logging_mixin.py:188} INFO - [2025-06-20T15:37:48.841+0000] {dagbag.py:540} INFO - Filling up the DagBag from /home/airflow/.local/lib/python3.12/site-packages/airflow/example_dags/plugins/event_listener.py
[2025-06-20T15:37:48.844+0000] {processor.py:842} WARNING - No viable dags retrieved from /home/airflow/.local/lib/python3.12/site-packages/airflow/example_dags/plugins/event_listener.py
[2025-06-20T15:37:48.859+0000] {processor.py:183} INFO - Processing /home/airflow/.local/lib/python3.12/site-packages/airflow/example_dags/plugins/event_listener.py took 0.027 seconds
[2025-06-20T15:38:19.819+0000] {processor.py:161} INFO - Started process (PID=7465) to work on /home/airflow/.local/lib/python3.12/site-packages/airflow/example_dags/plugins/event_listener.py
[2025-06-20T15:38:19.820+0000] {processor.py:830} INFO - Processing file /home/airflow/.local/lib/python3.12/site-packages/airflow/example_dags/plugins/event_listener.py for tasks to queue
[2025-06-20T15:38:19.822+0000] {logging_mixin.py:188} INFO - [2025-06-20T15:38:19.822+0000] {dagbag.py:540} INFO - Filling up the DagBag from /home/airflow/.local/lib/python3.12/site-packages/airflow/example_dags/plugins/event_listener.py
[2025-06-20T15:38:19.824+0000] {processor.py:842} WARNING - No viable dags retrieved from /home/airflow/.local/lib/python3.12/site-packages/airflow/example_dags/plugins/event_listener.py
[2025-06-20T15:38:19.836+0000] {processor.py:183} INFO - Processing /home/airflow/.local/lib/python3.12/site-packages/airflow/example_dags/plugins/event_listener.py took 0.023 seconds
[2025-06-20T15:38:50.504+0000] {processor.py:161} INFO - Started process (PID=7524) to work on /home/airflow/.local/lib/python3.12/site-packages/airflow/example_dags/plugins/event_listener.py
[2025-06-20T15:38:50.505+0000] {processor.py:830} INFO - Processing file /home/airflow/.local/lib/python3.12/site-packages/airflow/example_dags/plugins/event_listener.py for tasks to queue
[2025-06-20T15:38:50.506+0000] {logging_mixin.py:188} INFO - [2025-06-20T15:38:50.506+0000] {dagbag.py:540} INFO - Filling up the DagBag from /home/airflow/.local/lib/python3.12/site-packages/airflow/example_dags/plugins/event_listener.py
[2025-06-20T15:38:50.509+0000] {processor.py:842} WARNING - No viable dags retrieved from /home/airflow/.local/lib/python3.12/site-packages/airflow/example_dags/plugins/event_listener.py
[2025-06-20T15:38:50.521+0000] {processor.py:183} INFO - Processing /home/airflow/.local/lib/python3.12/site-packages/airflow/example_dags/plugins/event_listener.py took 0.023 seconds
[2025-06-20T15:39:21.180+0000] {processor.py:161} INFO - Started process (PID=7583) to work on /home/airflow/.local/lib/python3.12/site-packages/airflow/example_dags/plugins/event_listener.py
[2025-06-20T15:39:21.181+0000] {processor.py:830} INFO - Processing file /home/airflow/.local/lib/python3.12/site-packages/airflow/example_dags/plugins/event_listener.py for tasks to queue
[2025-06-20T15:39:21.183+0000] {logging_mixin.py:188} INFO - [2025-06-20T15:39:21.183+0000] {dagbag.py:540} INFO - Filling up the DagBag from /home/airflow/.local/lib/python3.12/site-packages/airflow/example_dags/plugins/event_listener.py
[2025-06-20T15:39:21.185+0000] {processor.py:842} WARNING - No viable dags retrieved from /home/airflow/.local/lib/python3.12/site-packages/airflow/example_dags/plugins/event_listener.py
[2025-06-20T15:39:21.197+0000] {processor.py:183} INFO - Processing /home/airflow/.local/lib/python3.12/site-packages/airflow/example_dags/plugins/event_listener.py took 0.023 seconds
[2025-06-20T15:39:51.755+0000] {processor.py:161} INFO - Started process (PID=7642) to work on /home/airflow/.local/lib/python3.12/site-packages/airflow/example_dags/plugins/event_listener.py
[2025-06-20T15:39:51.756+0000] {processor.py:830} INFO - Processing file /home/airflow/.local/lib/python3.12/site-packages/airflow/example_dags/plugins/event_listener.py for tasks to queue
[2025-06-20T15:39:51.758+0000] {logging_mixin.py:188} INFO - [2025-06-20T15:39:51.758+0000] {dagbag.py:540} INFO - Filling up the DagBag from /home/airflow/.local/lib/python3.12/site-packages/airflow/example_dags/plugins/event_listener.py
[2025-06-20T15:39:51.760+0000] {processor.py:842} WARNING - No viable dags retrieved from /home/airflow/.local/lib/python3.12/site-packages/airflow/example_dags/plugins/event_listener.py
[2025-06-20T15:39:51.772+0000] {processor.py:183} INFO - Processing /home/airflow/.local/lib/python3.12/site-packages/airflow/example_dags/plugins/event_listener.py took 0.023 seconds
[2025-06-20T15:40:22.504+0000] {processor.py:161} INFO - Started process (PID=7701) to work on /home/airflow/.local/lib/python3.12/site-packages/airflow/example_dags/plugins/event_listener.py
[2025-06-20T15:40:22.505+0000] {processor.py:830} INFO - Processing file /home/airflow/.local/lib/python3.12/site-packages/airflow/example_dags/plugins/event_listener.py for tasks to queue
[2025-06-20T15:40:22.507+0000] {logging_mixin.py:188} INFO - [2025-06-20T15:40:22.507+0000] {dagbag.py:540} INFO - Filling up the DagBag from /home/airflow/.local/lib/python3.12/site-packages/airflow/example_dags/plugins/event_listener.py
[2025-06-20T15:40:22.509+0000] {processor.py:842} WARNING - No viable dags retrieved from /home/airflow/.local/lib/python3.12/site-packages/airflow/example_dags/plugins/event_listener.py
[2025-06-20T15:40:22.522+0000] {processor.py:183} INFO - Processing /home/airflow/.local/lib/python3.12/site-packages/airflow/example_dags/plugins/event_listener.py took 0.024 seconds
[2025-06-20T15:40:53.018+0000] {processor.py:161} INFO - Started process (PID=7760) to work on /home/airflow/.local/lib/python3.12/site-packages/airflow/example_dags/plugins/event_listener.py
[2025-06-20T15:40:53.018+0000] {processor.py:830} INFO - Processing file /home/airflow/.local/lib/python3.12/site-packages/airflow/example_dags/plugins/event_listener.py for tasks to queue
[2025-06-20T15:40:53.020+0000] {logging_mixin.py:188} INFO - [2025-06-20T15:40:53.020+0000] {dagbag.py:540} INFO - Filling up the DagBag from /home/airflow/.local/lib/python3.12/site-packages/airflow/example_dags/plugins/event_listener.py
[2025-06-20T15:40:53.022+0000] {processor.py:842} WARNING - No viable dags retrieved from /home/airflow/.local/lib/python3.12/site-packages/airflow/example_dags/plugins/event_listener.py
[2025-06-20T15:40:53.034+0000] {processor.py:183} INFO - Processing /home/airflow/.local/lib/python3.12/site-packages/airflow/example_dags/plugins/event_listener.py took 0.022 seconds
[2025-06-20T15:41:23.606+0000] {processor.py:161} INFO - Started process (PID=7819) to work on /home/airflow/.local/lib/python3.12/site-packages/airflow/example_dags/plugins/event_listener.py
[2025-06-20T15:41:23.606+0000] {processor.py:830} INFO - Processing file /home/airflow/.local/lib/python3.12/site-packages/airflow/example_dags/plugins/event_listener.py for tasks to queue
[2025-06-20T15:41:23.608+0000] {logging_mixin.py:188} INFO - [2025-06-20T15:41:23.608+0000] {dagbag.py:540} INFO - Filling up the DagBag from /home/airflow/.local/lib/python3.12/site-packages/airflow/example_dags/plugins/event_listener.py
[2025-06-20T15:41:23.610+0000] {processor.py:842} WARNING - No viable dags retrieved from /home/airflow/.local/lib/python3.12/site-packages/airflow/example_dags/plugins/event_listener.py
[2025-06-20T15:41:23.623+0000] {processor.py:183} INFO - Processing /home/airflow/.local/lib/python3.12/site-packages/airflow/example_dags/plugins/event_listener.py took 0.023 seconds
[2025-06-20T15:41:54.317+0000] {processor.py:161} INFO - Started process (PID=7878) to work on /home/airflow/.local/lib/python3.12/site-packages/airflow/example_dags/plugins/event_listener.py
[2025-06-20T15:41:54.318+0000] {processor.py:830} INFO - Processing file /home/airflow/.local/lib/python3.12/site-packages/airflow/example_dags/plugins/event_listener.py for tasks to queue
[2025-06-20T15:41:54.319+0000] {logging_mixin.py:188} INFO - [2025-06-20T15:41:54.319+0000] {dagbag.py:540} INFO - Filling up the DagBag from /home/airflow/.local/lib/python3.12/site-packages/airflow/example_dags/plugins/event_listener.py
[2025-06-20T15:41:54.322+0000] {processor.py:842} WARNING - No viable dags retrieved from /home/airflow/.local/lib/python3.12/site-packages/airflow/example_dags/plugins/event_listener.py
[2025-06-20T15:41:54.335+0000] {processor.py:183} INFO - Processing /home/airflow/.local/lib/python3.12/site-packages/airflow/example_dags/plugins/event_listener.py took 0.025 seconds
[2025-06-20T15:42:24.924+0000] {processor.py:161} INFO - Started process (PID=7937) to work on /home/airflow/.local/lib/python3.12/site-packages/airflow/example_dags/plugins/event_listener.py
[2025-06-20T15:42:24.925+0000] {processor.py:830} INFO - Processing file /home/airflow/.local/lib/python3.12/site-packages/airflow/example_dags/plugins/event_listener.py for tasks to queue
[2025-06-20T15:42:24.927+0000] {logging_mixin.py:188} INFO - [2025-06-20T15:42:24.927+0000] {dagbag.py:540} INFO - Filling up the DagBag from /home/airflow/.local/lib/python3.12/site-packages/airflow/example_dags/plugins/event_listener.py
[2025-06-20T15:42:24.929+0000] {processor.py:842} WARNING - No viable dags retrieved from /home/airflow/.local/lib/python3.12/site-packages/airflow/example_dags/plugins/event_listener.py
[2025-06-20T15:42:24.942+0000] {processor.py:183} INFO - Processing /home/airflow/.local/lib/python3.12/site-packages/airflow/example_dags/plugins/event_listener.py took 0.024 seconds
[2025-06-20T15:42:55.682+0000] {processor.py:161} INFO - Started process (PID=7996) to work on /home/airflow/.local/lib/python3.12/site-packages/airflow/example_dags/plugins/event_listener.py
[2025-06-20T15:42:55.683+0000] {processor.py:830} INFO - Processing file /home/airflow/.local/lib/python3.12/site-packages/airflow/example_dags/plugins/event_listener.py for tasks to queue
[2025-06-20T15:42:55.688+0000] {logging_mixin.py:188} INFO - [2025-06-20T15:42:55.688+0000] {dagbag.py:540} INFO - Filling up the DagBag from /home/airflow/.local/lib/python3.12/site-packages/airflow/example_dags/plugins/event_listener.py
[2025-06-20T15:42:55.690+0000] {processor.py:842} WARNING - No viable dags retrieved from /home/airflow/.local/lib/python3.12/site-packages/airflow/example_dags/plugins/event_listener.py
[2025-06-20T15:42:55.703+0000] {processor.py:183} INFO - Processing /home/airflow/.local/lib/python3.12/site-packages/airflow/example_dags/plugins/event_listener.py took 0.029 seconds
[2025-06-20T15:43:26.316+0000] {processor.py:161} INFO - Started process (PID=8055) to work on /home/airflow/.local/lib/python3.12/site-packages/airflow/example_dags/plugins/event_listener.py
[2025-06-20T15:43:26.317+0000] {processor.py:830} INFO - Processing file /home/airflow/.local/lib/python3.12/site-packages/airflow/example_dags/plugins/event_listener.py for tasks to queue
[2025-06-20T15:43:26.318+0000] {logging_mixin.py:188} INFO - [2025-06-20T15:43:26.318+0000] {dagbag.py:540} INFO - Filling up the DagBag from /home/airflow/.local/lib/python3.12/site-packages/airflow/example_dags/plugins/event_listener.py
[2025-06-20T15:43:26.320+0000] {processor.py:842} WARNING - No viable dags retrieved from /home/airflow/.local/lib/python3.12/site-packages/airflow/example_dags/plugins/event_listener.py
[2025-06-20T15:43:26.332+0000] {processor.py:183} INFO - Processing /home/airflow/.local/lib/python3.12/site-packages/airflow/example_dags/plugins/event_listener.py took 0.023 seconds
[2025-06-20T15:43:56.965+0000] {processor.py:161} INFO - Started process (PID=8114) to work on /home/airflow/.local/lib/python3.12/site-packages/airflow/example_dags/plugins/event_listener.py
[2025-06-20T15:43:56.966+0000] {processor.py:830} INFO - Processing file /home/airflow/.local/lib/python3.12/site-packages/airflow/example_dags/plugins/event_listener.py for tasks to queue
[2025-06-20T15:43:56.970+0000] {logging_mixin.py:188} INFO - [2025-06-20T15:43:56.970+0000] {dagbag.py:540} INFO - Filling up the DagBag from /home/airflow/.local/lib/python3.12/site-packages/airflow/example_dags/plugins/event_listener.py
[2025-06-20T15:43:56.972+0000] {processor.py:842} WARNING - No viable dags retrieved from /home/airflow/.local/lib/python3.12/site-packages/airflow/example_dags/plugins/event_listener.py
[2025-06-20T15:43:56.985+0000] {processor.py:183} INFO - Processing /home/airflow/.local/lib/python3.12/site-packages/airflow/example_dags/plugins/event_listener.py took 0.026 seconds
[2025-06-20T15:44:27.691+0000] {processor.py:161} INFO - Started process (PID=8173) to work on /home/airflow/.local/lib/python3.12/site-packages/airflow/example_dags/plugins/event_listener.py
[2025-06-20T15:44:27.691+0000] {processor.py:830} INFO - Processing file /home/airflow/.local/lib/python3.12/site-packages/airflow/example_dags/plugins/event_listener.py for tasks to queue
[2025-06-20T15:44:27.693+0000] {logging_mixin.py:188} INFO - [2025-06-20T15:44:27.693+0000] {dagbag.py:540} INFO - Filling up the DagBag from /home/airflow/.local/lib/python3.12/site-packages/airflow/example_dags/plugins/event_listener.py
[2025-06-20T15:44:27.695+0000] {processor.py:842} WARNING - No viable dags retrieved from /home/airflow/.local/lib/python3.12/site-packages/airflow/example_dags/plugins/event_listener.py
[2025-06-20T15:44:27.708+0000] {processor.py:183} INFO - Processing /home/airflow/.local/lib/python3.12/site-packages/airflow/example_dags/plugins/event_listener.py took 0.024 seconds
[2025-06-20T15:44:58.442+0000] {processor.py:161} INFO - Started process (PID=8232) to work on /home/airflow/.local/lib/python3.12/site-packages/airflow/example_dags/plugins/event_listener.py
[2025-06-20T15:44:58.443+0000] {processor.py:830} INFO - Processing file /home/airflow/.local/lib/python3.12/site-packages/airflow/example_dags/plugins/event_listener.py for tasks to queue
[2025-06-20T15:44:58.445+0000] {logging_mixin.py:188} INFO - [2025-06-20T15:44:58.444+0000] {dagbag.py:540} INFO - Filling up the DagBag from /home/airflow/.local/lib/python3.12/site-packages/airflow/example_dags/plugins/event_listener.py
[2025-06-20T15:44:58.447+0000] {processor.py:842} WARNING - No viable dags retrieved from /home/airflow/.local/lib/python3.12/site-packages/airflow/example_dags/plugins/event_listener.py
[2025-06-20T15:44:58.459+0000] {processor.py:183} INFO - Processing /home/airflow/.local/lib/python3.12/site-packages/airflow/example_dags/plugins/event_listener.py took 0.023 seconds
[2025-06-20T15:45:29.264+0000] {processor.py:161} INFO - Started process (PID=8297) to work on /home/airflow/.local/lib/python3.12/site-packages/airflow/example_dags/plugins/event_listener.py
[2025-06-20T15:45:29.265+0000] {processor.py:830} INFO - Processing file /home/airflow/.local/lib/python3.12/site-packages/airflow/example_dags/plugins/event_listener.py for tasks to queue
[2025-06-20T15:45:29.267+0000] {logging_mixin.py:188} INFO - [2025-06-20T15:45:29.266+0000] {dagbag.py:540} INFO - Filling up the DagBag from /home/airflow/.local/lib/python3.12/site-packages/airflow/example_dags/plugins/event_listener.py
[2025-06-20T15:45:29.269+0000] {processor.py:842} WARNING - No viable dags retrieved from /home/airflow/.local/lib/python3.12/site-packages/airflow/example_dags/plugins/event_listener.py
[2025-06-20T15:45:29.282+0000] {processor.py:183} INFO - Processing /home/airflow/.local/lib/python3.12/site-packages/airflow/example_dags/plugins/event_listener.py took 0.025 seconds
[2025-06-20T15:45:59.643+0000] {processor.py:161} INFO - Started process (PID=8356) to work on /home/airflow/.local/lib/python3.12/site-packages/airflow/example_dags/plugins/event_listener.py
[2025-06-20T15:45:59.644+0000] {processor.py:830} INFO - Processing file /home/airflow/.local/lib/python3.12/site-packages/airflow/example_dags/plugins/event_listener.py for tasks to queue
[2025-06-20T15:45:59.646+0000] {logging_mixin.py:188} INFO - [2025-06-20T15:45:59.645+0000] {dagbag.py:540} INFO - Filling up the DagBag from /home/airflow/.local/lib/python3.12/site-packages/airflow/example_dags/plugins/event_listener.py
[2025-06-20T15:45:59.648+0000] {processor.py:842} WARNING - No viable dags retrieved from /home/airflow/.local/lib/python3.12/site-packages/airflow/example_dags/plugins/event_listener.py
[2025-06-20T15:45:59.661+0000] {processor.py:183} INFO - Processing /home/airflow/.local/lib/python3.12/site-packages/airflow/example_dags/plugins/event_listener.py took 0.024 seconds
[2025-06-20T15:46:30.637+0000] {processor.py:161} INFO - Started process (PID=8415) to work on /home/airflow/.local/lib/python3.12/site-packages/airflow/example_dags/plugins/event_listener.py
[2025-06-20T15:46:30.638+0000] {processor.py:830} INFO - Processing file /home/airflow/.local/lib/python3.12/site-packages/airflow/example_dags/plugins/event_listener.py for tasks to queue
[2025-06-20T15:46:30.640+0000] {logging_mixin.py:188} INFO - [2025-06-20T15:46:30.639+0000] {dagbag.py:540} INFO - Filling up the DagBag from /home/airflow/.local/lib/python3.12/site-packages/airflow/example_dags/plugins/event_listener.py
[2025-06-20T15:46:30.642+0000] {processor.py:842} WARNING - No viable dags retrieved from /home/airflow/.local/lib/python3.12/site-packages/airflow/example_dags/plugins/event_listener.py
[2025-06-20T15:46:30.653+0000] {processor.py:183} INFO - Processing /home/airflow/.local/lib/python3.12/site-packages/airflow/example_dags/plugins/event_listener.py took 0.022 seconds
[2025-06-20T15:47:01.184+0000] {processor.py:161} INFO - Started process (PID=8474) to work on /home/airflow/.local/lib/python3.12/site-packages/airflow/example_dags/plugins/event_listener.py
[2025-06-20T15:47:01.185+0000] {processor.py:830} INFO - Processing file /home/airflow/.local/lib/python3.12/site-packages/airflow/example_dags/plugins/event_listener.py for tasks to queue
[2025-06-20T15:47:01.187+0000] {logging_mixin.py:188} INFO - [2025-06-20T15:47:01.186+0000] {dagbag.py:540} INFO - Filling up the DagBag from /home/airflow/.local/lib/python3.12/site-packages/airflow/example_dags/plugins/event_listener.py
[2025-06-20T15:47:01.189+0000] {processor.py:842} WARNING - No viable dags retrieved from /home/airflow/.local/lib/python3.12/site-packages/airflow/example_dags/plugins/event_listener.py
[2025-06-20T15:47:01.201+0000] {processor.py:183} INFO - Processing /home/airflow/.local/lib/python3.12/site-packages/airflow/example_dags/plugins/event_listener.py took 0.022 seconds
[2025-06-20T15:47:31.902+0000] {processor.py:161} INFO - Started process (PID=8533) to work on /home/airflow/.local/lib/python3.12/site-packages/airflow/example_dags/plugins/event_listener.py
[2025-06-20T15:47:31.903+0000] {processor.py:830} INFO - Processing file /home/airflow/.local/lib/python3.12/site-packages/airflow/example_dags/plugins/event_listener.py for tasks to queue
[2025-06-20T15:47:31.905+0000] {logging_mixin.py:188} INFO - [2025-06-20T15:47:31.904+0000] {dagbag.py:540} INFO - Filling up the DagBag from /home/airflow/.local/lib/python3.12/site-packages/airflow/example_dags/plugins/event_listener.py
[2025-06-20T15:47:31.907+0000] {processor.py:842} WARNING - No viable dags retrieved from /home/airflow/.local/lib/python3.12/site-packages/airflow/example_dags/plugins/event_listener.py
[2025-06-20T15:47:31.919+0000] {processor.py:183} INFO - Processing /home/airflow/.local/lib/python3.12/site-packages/airflow/example_dags/plugins/event_listener.py took 0.024 seconds
[2025-06-20T15:48:02.609+0000] {processor.py:161} INFO - Started process (PID=8592) to work on /home/airflow/.local/lib/python3.12/site-packages/airflow/example_dags/plugins/event_listener.py
[2025-06-20T15:48:02.610+0000] {processor.py:830} INFO - Processing file /home/airflow/.local/lib/python3.12/site-packages/airflow/example_dags/plugins/event_listener.py for tasks to queue
[2025-06-20T15:48:02.612+0000] {logging_mixin.py:188} INFO - [2025-06-20T15:48:02.612+0000] {dagbag.py:540} INFO - Filling up the DagBag from /home/airflow/.local/lib/python3.12/site-packages/airflow/example_dags/plugins/event_listener.py
[2025-06-20T15:48:02.614+0000] {processor.py:842} WARNING - No viable dags retrieved from /home/airflow/.local/lib/python3.12/site-packages/airflow/example_dags/plugins/event_listener.py
[2025-06-20T15:48:02.626+0000] {processor.py:183} INFO - Processing /home/airflow/.local/lib/python3.12/site-packages/airflow/example_dags/plugins/event_listener.py took 0.023 seconds
[2025-06-20T15:48:33.364+0000] {processor.py:161} INFO - Started process (PID=8651) to work on /home/airflow/.local/lib/python3.12/site-packages/airflow/example_dags/plugins/event_listener.py
[2025-06-20T15:48:33.365+0000] {processor.py:830} INFO - Processing file /home/airflow/.local/lib/python3.12/site-packages/airflow/example_dags/plugins/event_listener.py for tasks to queue
[2025-06-20T15:48:33.367+0000] {logging_mixin.py:188} INFO - [2025-06-20T15:48:33.367+0000] {dagbag.py:540} INFO - Filling up the DagBag from /home/airflow/.local/lib/python3.12/site-packages/airflow/example_dags/plugins/event_listener.py
[2025-06-20T15:48:33.369+0000] {processor.py:842} WARNING - No viable dags retrieved from /home/airflow/.local/lib/python3.12/site-packages/airflow/example_dags/plugins/event_listener.py
[2025-06-20T15:48:33.382+0000] {processor.py:183} INFO - Processing /home/airflow/.local/lib/python3.12/site-packages/airflow/example_dags/plugins/event_listener.py took 0.024 seconds
[2025-06-20T15:49:04.095+0000] {processor.py:161} INFO - Started process (PID=8710) to work on /home/airflow/.local/lib/python3.12/site-packages/airflow/example_dags/plugins/event_listener.py
[2025-06-20T15:49:04.096+0000] {processor.py:830} INFO - Processing file /home/airflow/.local/lib/python3.12/site-packages/airflow/example_dags/plugins/event_listener.py for tasks to queue
[2025-06-20T15:49:04.098+0000] {logging_mixin.py:188} INFO - [2025-06-20T15:49:04.098+0000] {dagbag.py:540} INFO - Filling up the DagBag from /home/airflow/.local/lib/python3.12/site-packages/airflow/example_dags/plugins/event_listener.py
[2025-06-20T15:49:04.100+0000] {processor.py:842} WARNING - No viable dags retrieved from /home/airflow/.local/lib/python3.12/site-packages/airflow/example_dags/plugins/event_listener.py
[2025-06-20T15:49:04.112+0000] {processor.py:183} INFO - Processing /home/airflow/.local/lib/python3.12/site-packages/airflow/example_dags/plugins/event_listener.py took 0.024 seconds
[2025-06-20T15:49:34.809+0000] {processor.py:161} INFO - Started process (PID=8769) to work on /home/airflow/.local/lib/python3.12/site-packages/airflow/example_dags/plugins/event_listener.py
[2025-06-20T15:49:34.810+0000] {processor.py:830} INFO - Processing file /home/airflow/.local/lib/python3.12/site-packages/airflow/example_dags/plugins/event_listener.py for tasks to queue
[2025-06-20T15:49:34.812+0000] {logging_mixin.py:188} INFO - [2025-06-20T15:49:34.812+0000] {dagbag.py:540} INFO - Filling up the DagBag from /home/airflow/.local/lib/python3.12/site-packages/airflow/example_dags/plugins/event_listener.py
[2025-06-20T15:49:34.814+0000] {processor.py:842} WARNING - No viable dags retrieved from /home/airflow/.local/lib/python3.12/site-packages/airflow/example_dags/plugins/event_listener.py
[2025-06-20T15:49:34.827+0000] {processor.py:183} INFO - Processing /home/airflow/.local/lib/python3.12/site-packages/airflow/example_dags/plugins/event_listener.py took 0.025 seconds
[2025-06-20T15:50:05.501+0000] {processor.py:161} INFO - Started process (PID=8828) to work on /home/airflow/.local/lib/python3.12/site-packages/airflow/example_dags/plugins/event_listener.py
[2025-06-20T15:50:05.502+0000] {processor.py:830} INFO - Processing file /home/airflow/.local/lib/python3.12/site-packages/airflow/example_dags/plugins/event_listener.py for tasks to queue
[2025-06-20T15:50:05.504+0000] {logging_mixin.py:188} INFO - [2025-06-20T15:50:05.503+0000] {dagbag.py:540} INFO - Filling up the DagBag from /home/airflow/.local/lib/python3.12/site-packages/airflow/example_dags/plugins/event_listener.py
[2025-06-20T15:50:05.506+0000] {processor.py:842} WARNING - No viable dags retrieved from /home/airflow/.local/lib/python3.12/site-packages/airflow/example_dags/plugins/event_listener.py
[2025-06-20T15:50:05.520+0000] {processor.py:183} INFO - Processing /home/airflow/.local/lib/python3.12/site-packages/airflow/example_dags/plugins/event_listener.py took 0.025 seconds
[2025-06-20T15:50:36.179+0000] {processor.py:161} INFO - Started process (PID=8887) to work on /home/airflow/.local/lib/python3.12/site-packages/airflow/example_dags/plugins/event_listener.py
[2025-06-20T15:50:36.180+0000] {processor.py:830} INFO - Processing file /home/airflow/.local/lib/python3.12/site-packages/airflow/example_dags/plugins/event_listener.py for tasks to queue
[2025-06-20T15:50:36.182+0000] {logging_mixin.py:188} INFO - [2025-06-20T15:50:36.181+0000] {dagbag.py:540} INFO - Filling up the DagBag from /home/airflow/.local/lib/python3.12/site-packages/airflow/example_dags/plugins/event_listener.py
[2025-06-20T15:50:36.184+0000] {processor.py:842} WARNING - No viable dags retrieved from /home/airflow/.local/lib/python3.12/site-packages/airflow/example_dags/plugins/event_listener.py
[2025-06-20T15:50:36.196+0000] {processor.py:183} INFO - Processing /home/airflow/.local/lib/python3.12/site-packages/airflow/example_dags/plugins/event_listener.py took 0.023 seconds
[2025-06-20T15:51:06.909+0000] {processor.py:161} INFO - Started process (PID=8946) to work on /home/airflow/.local/lib/python3.12/site-packages/airflow/example_dags/plugins/event_listener.py
[2025-06-20T15:51:06.910+0000] {processor.py:830} INFO - Processing file /home/airflow/.local/lib/python3.12/site-packages/airflow/example_dags/plugins/event_listener.py for tasks to queue
[2025-06-20T15:51:06.912+0000] {logging_mixin.py:188} INFO - [2025-06-20T15:51:06.912+0000] {dagbag.py:540} INFO - Filling up the DagBag from /home/airflow/.local/lib/python3.12/site-packages/airflow/example_dags/plugins/event_listener.py
[2025-06-20T15:51:06.914+0000] {processor.py:842} WARNING - No viable dags retrieved from /home/airflow/.local/lib/python3.12/site-packages/airflow/example_dags/plugins/event_listener.py
[2025-06-20T15:51:06.926+0000] {processor.py:183} INFO - Processing /home/airflow/.local/lib/python3.12/site-packages/airflow/example_dags/plugins/event_listener.py took 0.023 seconds
[2025-06-20T15:51:37.521+0000] {processor.py:161} INFO - Started process (PID=9005) to work on /home/airflow/.local/lib/python3.12/site-packages/airflow/example_dags/plugins/event_listener.py
[2025-06-20T15:51:37.522+0000] {processor.py:830} INFO - Processing file /home/airflow/.local/lib/python3.12/site-packages/airflow/example_dags/plugins/event_listener.py for tasks to queue
[2025-06-20T15:51:37.525+0000] {logging_mixin.py:188} INFO - [2025-06-20T15:51:37.524+0000] {dagbag.py:540} INFO - Filling up the DagBag from /home/airflow/.local/lib/python3.12/site-packages/airflow/example_dags/plugins/event_listener.py
[2025-06-20T15:51:37.528+0000] {processor.py:842} WARNING - No viable dags retrieved from /home/airflow/.local/lib/python3.12/site-packages/airflow/example_dags/plugins/event_listener.py
[2025-06-20T15:51:37.543+0000] {processor.py:183} INFO - Processing /home/airflow/.local/lib/python3.12/site-packages/airflow/example_dags/plugins/event_listener.py took 0.036 seconds
[2025-06-20T15:52:08.055+0000] {processor.py:161} INFO - Started process (PID=9064) to work on /home/airflow/.local/lib/python3.12/site-packages/airflow/example_dags/plugins/event_listener.py
[2025-06-20T15:52:08.056+0000] {processor.py:830} INFO - Processing file /home/airflow/.local/lib/python3.12/site-packages/airflow/example_dags/plugins/event_listener.py for tasks to queue
[2025-06-20T15:52:08.058+0000] {logging_mixin.py:188} INFO - [2025-06-20T15:52:08.058+0000] {dagbag.py:540} INFO - Filling up the DagBag from /home/airflow/.local/lib/python3.12/site-packages/airflow/example_dags/plugins/event_listener.py
[2025-06-20T15:52:08.060+0000] {processor.py:842} WARNING - No viable dags retrieved from /home/airflow/.local/lib/python3.12/site-packages/airflow/example_dags/plugins/event_listener.py
[2025-06-20T15:52:08.073+0000] {processor.py:183} INFO - Processing /home/airflow/.local/lib/python3.12/site-packages/airflow/example_dags/plugins/event_listener.py took 0.027 seconds
[2025-06-20T15:52:38.918+0000] {processor.py:161} INFO - Started process (PID=9123) to work on /home/airflow/.local/lib/python3.12/site-packages/airflow/example_dags/plugins/event_listener.py
[2025-06-20T15:52:38.919+0000] {processor.py:830} INFO - Processing file /home/airflow/.local/lib/python3.12/site-packages/airflow/example_dags/plugins/event_listener.py for tasks to queue
[2025-06-20T15:52:38.921+0000] {logging_mixin.py:188} INFO - [2025-06-20T15:52:38.920+0000] {dagbag.py:540} INFO - Filling up the DagBag from /home/airflow/.local/lib/python3.12/site-packages/airflow/example_dags/plugins/event_listener.py
[2025-06-20T15:52:38.923+0000] {processor.py:842} WARNING - No viable dags retrieved from /home/airflow/.local/lib/python3.12/site-packages/airflow/example_dags/plugins/event_listener.py
[2025-06-20T15:52:38.937+0000] {processor.py:183} INFO - Processing /home/airflow/.local/lib/python3.12/site-packages/airflow/example_dags/plugins/event_listener.py took 0.025 seconds
[2025-06-20T15:53:09.360+0000] {processor.py:161} INFO - Started process (PID=9182) to work on /home/airflow/.local/lib/python3.12/site-packages/airflow/example_dags/plugins/event_listener.py
[2025-06-20T15:53:09.361+0000] {processor.py:830} INFO - Processing file /home/airflow/.local/lib/python3.12/site-packages/airflow/example_dags/plugins/event_listener.py for tasks to queue
[2025-06-20T15:53:09.363+0000] {logging_mixin.py:188} INFO - [2025-06-20T15:53:09.363+0000] {dagbag.py:540} INFO - Filling up the DagBag from /home/airflow/.local/lib/python3.12/site-packages/airflow/example_dags/plugins/event_listener.py
[2025-06-20T15:53:09.366+0000] {processor.py:842} WARNING - No viable dags retrieved from /home/airflow/.local/lib/python3.12/site-packages/airflow/example_dags/plugins/event_listener.py
[2025-06-20T15:53:09.379+0000] {processor.py:183} INFO - Processing /home/airflow/.local/lib/python3.12/site-packages/airflow/example_dags/plugins/event_listener.py took 0.025 seconds
[2025-06-20T15:53:40.365+0000] {processor.py:161} INFO - Started process (PID=9241) to work on /home/airflow/.local/lib/python3.12/site-packages/airflow/example_dags/plugins/event_listener.py
[2025-06-20T15:53:40.366+0000] {processor.py:830} INFO - Processing file /home/airflow/.local/lib/python3.12/site-packages/airflow/example_dags/plugins/event_listener.py for tasks to queue
[2025-06-20T15:53:40.369+0000] {logging_mixin.py:188} INFO - [2025-06-20T15:53:40.368+0000] {dagbag.py:540} INFO - Filling up the DagBag from /home/airflow/.local/lib/python3.12/site-packages/airflow/example_dags/plugins/event_listener.py
[2025-06-20T15:53:40.371+0000] {processor.py:842} WARNING - No viable dags retrieved from /home/airflow/.local/lib/python3.12/site-packages/airflow/example_dags/plugins/event_listener.py
[2025-06-20T15:53:40.386+0000] {processor.py:183} INFO - Processing /home/airflow/.local/lib/python3.12/site-packages/airflow/example_dags/plugins/event_listener.py took 0.028 seconds
[2025-06-20T15:54:10.664+0000] {processor.py:161} INFO - Started process (PID=9300) to work on /home/airflow/.local/lib/python3.12/site-packages/airflow/example_dags/plugins/event_listener.py
[2025-06-20T15:54:10.665+0000] {processor.py:830} INFO - Processing file /home/airflow/.local/lib/python3.12/site-packages/airflow/example_dags/plugins/event_listener.py for tasks to queue
[2025-06-20T15:54:10.667+0000] {logging_mixin.py:188} INFO - [2025-06-20T15:54:10.667+0000] {dagbag.py:540} INFO - Filling up the DagBag from /home/airflow/.local/lib/python3.12/site-packages/airflow/example_dags/plugins/event_listener.py
[2025-06-20T15:54:10.670+0000] {processor.py:842} WARNING - No viable dags retrieved from /home/airflow/.local/lib/python3.12/site-packages/airflow/example_dags/plugins/event_listener.py
[2025-06-20T15:54:10.685+0000] {processor.py:183} INFO - Processing /home/airflow/.local/lib/python3.12/site-packages/airflow/example_dags/plugins/event_listener.py took 0.029 seconds
[2025-06-20T15:54:40.767+0000] {processor.py:161} INFO - Started process (PID=9359) to work on /home/airflow/.local/lib/python3.12/site-packages/airflow/example_dags/plugins/event_listener.py
[2025-06-20T15:54:40.768+0000] {processor.py:830} INFO - Processing file /home/airflow/.local/lib/python3.12/site-packages/airflow/example_dags/plugins/event_listener.py for tasks to queue
[2025-06-20T15:54:40.770+0000] {logging_mixin.py:188} INFO - [2025-06-20T15:54:40.769+0000] {dagbag.py:540} INFO - Filling up the DagBag from /home/airflow/.local/lib/python3.12/site-packages/airflow/example_dags/plugins/event_listener.py
[2025-06-20T15:54:40.772+0000] {processor.py:842} WARNING - No viable dags retrieved from /home/airflow/.local/lib/python3.12/site-packages/airflow/example_dags/plugins/event_listener.py
[2025-06-20T15:54:40.784+0000] {processor.py:183} INFO - Processing /home/airflow/.local/lib/python3.12/site-packages/airflow/example_dags/plugins/event_listener.py took 0.023 seconds
[2025-06-20T15:55:11.579+0000] {processor.py:161} INFO - Started process (PID=9418) to work on /home/airflow/.local/lib/python3.12/site-packages/airflow/example_dags/plugins/event_listener.py
[2025-06-20T15:55:11.580+0000] {processor.py:830} INFO - Processing file /home/airflow/.local/lib/python3.12/site-packages/airflow/example_dags/plugins/event_listener.py for tasks to queue
[2025-06-20T15:55:11.582+0000] {logging_mixin.py:188} INFO - [2025-06-20T15:55:11.582+0000] {dagbag.py:540} INFO - Filling up the DagBag from /home/airflow/.local/lib/python3.12/site-packages/airflow/example_dags/plugins/event_listener.py
[2025-06-20T15:55:11.584+0000] {processor.py:842} WARNING - No viable dags retrieved from /home/airflow/.local/lib/python3.12/site-packages/airflow/example_dags/plugins/event_listener.py
[2025-06-20T15:55:11.597+0000] {processor.py:183} INFO - Processing /home/airflow/.local/lib/python3.12/site-packages/airflow/example_dags/plugins/event_listener.py took 0.024 seconds
[2025-06-20T15:55:42.017+0000] {processor.py:161} INFO - Started process (PID=9477) to work on /home/airflow/.local/lib/python3.12/site-packages/airflow/example_dags/plugins/event_listener.py
[2025-06-20T15:55:42.018+0000] {processor.py:830} INFO - Processing file /home/airflow/.local/lib/python3.12/site-packages/airflow/example_dags/plugins/event_listener.py for tasks to queue
[2025-06-20T15:55:42.020+0000] {logging_mixin.py:188} INFO - [2025-06-20T15:55:42.019+0000] {dagbag.py:540} INFO - Filling up the DagBag from /home/airflow/.local/lib/python3.12/site-packages/airflow/example_dags/plugins/event_listener.py
[2025-06-20T15:55:42.022+0000] {processor.py:842} WARNING - No viable dags retrieved from /home/airflow/.local/lib/python3.12/site-packages/airflow/example_dags/plugins/event_listener.py
[2025-06-20T15:55:42.036+0000] {processor.py:183} INFO - Processing /home/airflow/.local/lib/python3.12/site-packages/airflow/example_dags/plugins/event_listener.py took 0.026 seconds
[2025-06-20T15:56:12.187+0000] {processor.py:161} INFO - Started process (PID=9536) to work on /home/airflow/.local/lib/python3.12/site-packages/airflow/example_dags/plugins/event_listener.py
[2025-06-20T15:56:12.188+0000] {processor.py:830} INFO - Processing file /home/airflow/.local/lib/python3.12/site-packages/airflow/example_dags/plugins/event_listener.py for tasks to queue
[2025-06-20T15:56:12.190+0000] {logging_mixin.py:188} INFO - [2025-06-20T15:56:12.190+0000] {dagbag.py:540} INFO - Filling up the DagBag from /home/airflow/.local/lib/python3.12/site-packages/airflow/example_dags/plugins/event_listener.py
[2025-06-20T15:56:12.192+0000] {processor.py:842} WARNING - No viable dags retrieved from /home/airflow/.local/lib/python3.12/site-packages/airflow/example_dags/plugins/event_listener.py
[2025-06-20T15:56:12.206+0000] {processor.py:183} INFO - Processing /home/airflow/.local/lib/python3.12/site-packages/airflow/example_dags/plugins/event_listener.py took 0.025 seconds
[2025-06-20T15:56:42.452+0000] {processor.py:161} INFO - Started process (PID=9595) to work on /home/airflow/.local/lib/python3.12/site-packages/airflow/example_dags/plugins/event_listener.py
[2025-06-20T15:56:42.453+0000] {processor.py:830} INFO - Processing file /home/airflow/.local/lib/python3.12/site-packages/airflow/example_dags/plugins/event_listener.py for tasks to queue
[2025-06-20T15:56:42.455+0000] {logging_mixin.py:188} INFO - [2025-06-20T15:56:42.454+0000] {dagbag.py:540} INFO - Filling up the DagBag from /home/airflow/.local/lib/python3.12/site-packages/airflow/example_dags/plugins/event_listener.py
[2025-06-20T15:56:42.457+0000] {processor.py:842} WARNING - No viable dags retrieved from /home/airflow/.local/lib/python3.12/site-packages/airflow/example_dags/plugins/event_listener.py
[2025-06-20T15:56:42.470+0000] {processor.py:183} INFO - Processing /home/airflow/.local/lib/python3.12/site-packages/airflow/example_dags/plugins/event_listener.py took 0.024 seconds
[2025-06-20T15:57:12.734+0000] {processor.py:161} INFO - Started process (PID=9654) to work on /home/airflow/.local/lib/python3.12/site-packages/airflow/example_dags/plugins/event_listener.py
[2025-06-20T15:57:12.735+0000] {processor.py:830} INFO - Processing file /home/airflow/.local/lib/python3.12/site-packages/airflow/example_dags/plugins/event_listener.py for tasks to queue
[2025-06-20T15:57:12.737+0000] {logging_mixin.py:188} INFO - [2025-06-20T15:57:12.736+0000] {dagbag.py:540} INFO - Filling up the DagBag from /home/airflow/.local/lib/python3.12/site-packages/airflow/example_dags/plugins/event_listener.py
[2025-06-20T15:57:12.739+0000] {processor.py:842} WARNING - No viable dags retrieved from /home/airflow/.local/lib/python3.12/site-packages/airflow/example_dags/plugins/event_listener.py
[2025-06-20T15:57:12.751+0000] {processor.py:183} INFO - Processing /home/airflow/.local/lib/python3.12/site-packages/airflow/example_dags/plugins/event_listener.py took 0.022 seconds
[2025-06-20T15:57:42.995+0000] {processor.py:161} INFO - Started process (PID=9713) to work on /home/airflow/.local/lib/python3.12/site-packages/airflow/example_dags/plugins/event_listener.py
[2025-06-20T15:57:42.996+0000] {processor.py:830} INFO - Processing file /home/airflow/.local/lib/python3.12/site-packages/airflow/example_dags/plugins/event_listener.py for tasks to queue
[2025-06-20T15:57:42.998+0000] {logging_mixin.py:188} INFO - [2025-06-20T15:57:42.997+0000] {dagbag.py:540} INFO - Filling up the DagBag from /home/airflow/.local/lib/python3.12/site-packages/airflow/example_dags/plugins/event_listener.py
[2025-06-20T15:57:43.000+0000] {processor.py:842} WARNING - No viable dags retrieved from /home/airflow/.local/lib/python3.12/site-packages/airflow/example_dags/plugins/event_listener.py
[2025-06-20T15:57:43.012+0000] {processor.py:183} INFO - Processing /home/airflow/.local/lib/python3.12/site-packages/airflow/example_dags/plugins/event_listener.py took 0.024 seconds
[2025-06-20T15:58:13.436+0000] {processor.py:161} INFO - Started process (PID=9772) to work on /home/airflow/.local/lib/python3.12/site-packages/airflow/example_dags/plugins/event_listener.py
[2025-06-20T15:58:13.437+0000] {processor.py:830} INFO - Processing file /home/airflow/.local/lib/python3.12/site-packages/airflow/example_dags/plugins/event_listener.py for tasks to queue
[2025-06-20T15:58:13.439+0000] {logging_mixin.py:188} INFO - [2025-06-20T15:58:13.439+0000] {dagbag.py:540} INFO - Filling up the DagBag from /home/airflow/.local/lib/python3.12/site-packages/airflow/example_dags/plugins/event_listener.py
[2025-06-20T15:58:13.441+0000] {processor.py:842} WARNING - No viable dags retrieved from /home/airflow/.local/lib/python3.12/site-packages/airflow/example_dags/plugins/event_listener.py
[2025-06-20T15:58:13.455+0000] {processor.py:183} INFO - Processing /home/airflow/.local/lib/python3.12/site-packages/airflow/example_dags/plugins/event_listener.py took 0.025 seconds
[2025-06-20T15:58:43.581+0000] {processor.py:161} INFO - Started process (PID=9831) to work on /home/airflow/.local/lib/python3.12/site-packages/airflow/example_dags/plugins/event_listener.py
[2025-06-20T15:58:43.582+0000] {processor.py:830} INFO - Processing file /home/airflow/.local/lib/python3.12/site-packages/airflow/example_dags/plugins/event_listener.py for tasks to queue
[2025-06-20T15:58:43.584+0000] {logging_mixin.py:188} INFO - [2025-06-20T15:58:43.584+0000] {dagbag.py:540} INFO - Filling up the DagBag from /home/airflow/.local/lib/python3.12/site-packages/airflow/example_dags/plugins/event_listener.py
[2025-06-20T15:58:43.586+0000] {processor.py:842} WARNING - No viable dags retrieved from /home/airflow/.local/lib/python3.12/site-packages/airflow/example_dags/plugins/event_listener.py
[2025-06-20T15:58:43.600+0000] {processor.py:183} INFO - Processing /home/airflow/.local/lib/python3.12/site-packages/airflow/example_dags/plugins/event_listener.py took 0.025 seconds
[2025-06-20T15:59:13.818+0000] {processor.py:161} INFO - Started process (PID=9889) to work on /home/airflow/.local/lib/python3.12/site-packages/airflow/example_dags/plugins/event_listener.py
[2025-06-20T15:59:13.822+0000] {processor.py:830} INFO - Processing file /home/airflow/.local/lib/python3.12/site-packages/airflow/example_dags/plugins/event_listener.py for tasks to queue
[2025-06-20T15:59:13.824+0000] {logging_mixin.py:188} INFO - [2025-06-20T15:59:13.823+0000] {dagbag.py:540} INFO - Filling up the DagBag from /home/airflow/.local/lib/python3.12/site-packages/airflow/example_dags/plugins/event_listener.py
[2025-06-20T15:59:13.826+0000] {processor.py:842} WARNING - No viable dags retrieved from /home/airflow/.local/lib/python3.12/site-packages/airflow/example_dags/plugins/event_listener.py
[2025-06-20T15:59:13.841+0000] {processor.py:183} INFO - Processing /home/airflow/.local/lib/python3.12/site-packages/airflow/example_dags/plugins/event_listener.py took 0.029 seconds
[2025-06-20T16:00:25.146+0000] {processor.py:161} INFO - Started process (PID=111) to work on /home/airflow/.local/lib/python3.12/site-packages/airflow/example_dags/plugins/event_listener.py
[2025-06-20T16:00:25.147+0000] {processor.py:830} INFO - Processing file /home/airflow/.local/lib/python3.12/site-packages/airflow/example_dags/plugins/event_listener.py for tasks to queue
[2025-06-20T16:00:25.149+0000] {logging_mixin.py:188} INFO - [2025-06-20T16:00:25.148+0000] {dagbag.py:540} INFO - Filling up the DagBag from /home/airflow/.local/lib/python3.12/site-packages/airflow/example_dags/plugins/event_listener.py
[2025-06-20T16:00:25.151+0000] {processor.py:842} WARNING - No viable dags retrieved from /home/airflow/.local/lib/python3.12/site-packages/airflow/example_dags/plugins/event_listener.py
[2025-06-20T16:00:25.164+0000] {processor.py:183} INFO - Processing /home/airflow/.local/lib/python3.12/site-packages/airflow/example_dags/plugins/event_listener.py took 0.025 seconds
[2025-06-20T16:00:56.307+0000] {processor.py:161} INFO - Started process (PID=170) to work on /home/airflow/.local/lib/python3.12/site-packages/airflow/example_dags/plugins/event_listener.py
[2025-06-20T16:00:56.308+0000] {processor.py:830} INFO - Processing file /home/airflow/.local/lib/python3.12/site-packages/airflow/example_dags/plugins/event_listener.py for tasks to queue
[2025-06-20T16:00:56.310+0000] {logging_mixin.py:188} INFO - [2025-06-20T16:00:56.310+0000] {dagbag.py:540} INFO - Filling up the DagBag from /home/airflow/.local/lib/python3.12/site-packages/airflow/example_dags/plugins/event_listener.py
[2025-06-20T16:00:56.312+0000] {processor.py:842} WARNING - No viable dags retrieved from /home/airflow/.local/lib/python3.12/site-packages/airflow/example_dags/plugins/event_listener.py
[2025-06-20T16:00:56.326+0000] {processor.py:183} INFO - Processing /home/airflow/.local/lib/python3.12/site-packages/airflow/example_dags/plugins/event_listener.py took 0.025 seconds
[2025-06-20T16:01:27.155+0000] {processor.py:161} INFO - Started process (PID=229) to work on /home/airflow/.local/lib/python3.12/site-packages/airflow/example_dags/plugins/event_listener.py
[2025-06-20T16:01:27.156+0000] {processor.py:830} INFO - Processing file /home/airflow/.local/lib/python3.12/site-packages/airflow/example_dags/plugins/event_listener.py for tasks to queue
[2025-06-20T16:01:27.158+0000] {logging_mixin.py:188} INFO - [2025-06-20T16:01:27.157+0000] {dagbag.py:540} INFO - Filling up the DagBag from /home/airflow/.local/lib/python3.12/site-packages/airflow/example_dags/plugins/event_listener.py
[2025-06-20T16:01:27.160+0000] {processor.py:842} WARNING - No viable dags retrieved from /home/airflow/.local/lib/python3.12/site-packages/airflow/example_dags/plugins/event_listener.py
[2025-06-20T16:01:27.174+0000] {processor.py:183} INFO - Processing /home/airflow/.local/lib/python3.12/site-packages/airflow/example_dags/plugins/event_listener.py took 0.026 seconds
[2025-06-20T16:01:57.356+0000] {processor.py:161} INFO - Started process (PID=288) to work on /home/airflow/.local/lib/python3.12/site-packages/airflow/example_dags/plugins/event_listener.py
[2025-06-20T16:01:57.357+0000] {processor.py:830} INFO - Processing file /home/airflow/.local/lib/python3.12/site-packages/airflow/example_dags/plugins/event_listener.py for tasks to queue
[2025-06-20T16:01:57.359+0000] {logging_mixin.py:188} INFO - [2025-06-20T16:01:57.359+0000] {dagbag.py:540} INFO - Filling up the DagBag from /home/airflow/.local/lib/python3.12/site-packages/airflow/example_dags/plugins/event_listener.py
[2025-06-20T16:01:57.361+0000] {processor.py:842} WARNING - No viable dags retrieved from /home/airflow/.local/lib/python3.12/site-packages/airflow/example_dags/plugins/event_listener.py
[2025-06-20T16:01:57.374+0000] {processor.py:183} INFO - Processing /home/airflow/.local/lib/python3.12/site-packages/airflow/example_dags/plugins/event_listener.py took 0.024 seconds
[2025-06-20T16:02:27.679+0000] {processor.py:161} INFO - Started process (PID=347) to work on /home/airflow/.local/lib/python3.12/site-packages/airflow/example_dags/plugins/event_listener.py
[2025-06-20T16:02:27.680+0000] {processor.py:830} INFO - Processing file /home/airflow/.local/lib/python3.12/site-packages/airflow/example_dags/plugins/event_listener.py for tasks to queue
[2025-06-20T16:02:27.683+0000] {logging_mixin.py:188} INFO - [2025-06-20T16:02:27.682+0000] {dagbag.py:540} INFO - Filling up the DagBag from /home/airflow/.local/lib/python3.12/site-packages/airflow/example_dags/plugins/event_listener.py
[2025-06-20T16:02:27.685+0000] {processor.py:842} WARNING - No viable dags retrieved from /home/airflow/.local/lib/python3.12/site-packages/airflow/example_dags/plugins/event_listener.py
[2025-06-20T16:02:27.704+0000] {processor.py:183} INFO - Processing /home/airflow/.local/lib/python3.12/site-packages/airflow/example_dags/plugins/event_listener.py took 0.031 seconds
[2025-06-20T16:02:57.850+0000] {processor.py:161} INFO - Started process (PID=406) to work on /home/airflow/.local/lib/python3.12/site-packages/airflow/example_dags/plugins/event_listener.py
[2025-06-20T16:02:57.851+0000] {processor.py:830} INFO - Processing file /home/airflow/.local/lib/python3.12/site-packages/airflow/example_dags/plugins/event_listener.py for tasks to queue
[2025-06-20T16:02:57.853+0000] {logging_mixin.py:188} INFO - [2025-06-20T16:02:57.853+0000] {dagbag.py:540} INFO - Filling up the DagBag from /home/airflow/.local/lib/python3.12/site-packages/airflow/example_dags/plugins/event_listener.py
[2025-06-20T16:02:57.855+0000] {processor.py:842} WARNING - No viable dags retrieved from /home/airflow/.local/lib/python3.12/site-packages/airflow/example_dags/plugins/event_listener.py
[2025-06-20T16:02:57.868+0000] {processor.py:183} INFO - Processing /home/airflow/.local/lib/python3.12/site-packages/airflow/example_dags/plugins/event_listener.py took 0.024 seconds
[2025-06-20T16:03:28.060+0000] {processor.py:161} INFO - Started process (PID=465) to work on /home/airflow/.local/lib/python3.12/site-packages/airflow/example_dags/plugins/event_listener.py
[2025-06-20T16:03:28.061+0000] {processor.py:830} INFO - Processing file /home/airflow/.local/lib/python3.12/site-packages/airflow/example_dags/plugins/event_listener.py for tasks to queue
[2025-06-20T16:03:28.064+0000] {logging_mixin.py:188} INFO - [2025-06-20T16:03:28.063+0000] {dagbag.py:540} INFO - Filling up the DagBag from /home/airflow/.local/lib/python3.12/site-packages/airflow/example_dags/plugins/event_listener.py
[2025-06-20T16:03:28.069+0000] {processor.py:842} WARNING - No viable dags retrieved from /home/airflow/.local/lib/python3.12/site-packages/airflow/example_dags/plugins/event_listener.py
[2025-06-20T16:03:28.086+0000] {processor.py:183} INFO - Processing /home/airflow/.local/lib/python3.12/site-packages/airflow/example_dags/plugins/event_listener.py took 0.034 seconds
[2025-06-20T16:03:58.374+0000] {processor.py:161} INFO - Started process (PID=524) to work on /home/airflow/.local/lib/python3.12/site-packages/airflow/example_dags/plugins/event_listener.py
[2025-06-20T16:03:58.375+0000] {processor.py:830} INFO - Processing file /home/airflow/.local/lib/python3.12/site-packages/airflow/example_dags/plugins/event_listener.py for tasks to queue
[2025-06-20T16:03:58.377+0000] {logging_mixin.py:188} INFO - [2025-06-20T16:03:58.377+0000] {dagbag.py:540} INFO - Filling up the DagBag from /home/airflow/.local/lib/python3.12/site-packages/airflow/example_dags/plugins/event_listener.py
[2025-06-20T16:03:58.379+0000] {processor.py:842} WARNING - No viable dags retrieved from /home/airflow/.local/lib/python3.12/site-packages/airflow/example_dags/plugins/event_listener.py
[2025-06-20T16:03:58.393+0000] {processor.py:183} INFO - Processing /home/airflow/.local/lib/python3.12/site-packages/airflow/example_dags/plugins/event_listener.py took 0.024 seconds
[2025-06-20T16:04:28.571+0000] {processor.py:161} INFO - Started process (PID=583) to work on /home/airflow/.local/lib/python3.12/site-packages/airflow/example_dags/plugins/event_listener.py
[2025-06-20T16:04:28.572+0000] {processor.py:830} INFO - Processing file /home/airflow/.local/lib/python3.12/site-packages/airflow/example_dags/plugins/event_listener.py for tasks to queue
[2025-06-20T16:04:28.573+0000] {logging_mixin.py:188} INFO - [2025-06-20T16:04:28.573+0000] {dagbag.py:540} INFO - Filling up the DagBag from /home/airflow/.local/lib/python3.12/site-packages/airflow/example_dags/plugins/event_listener.py
[2025-06-20T16:04:28.574+0000] {processor.py:842} WARNING - No viable dags retrieved from /home/airflow/.local/lib/python3.12/site-packages/airflow/example_dags/plugins/event_listener.py
[2025-06-20T16:04:28.586+0000] {processor.py:183} INFO - Processing /home/airflow/.local/lib/python3.12/site-packages/airflow/example_dags/plugins/event_listener.py took 0.022 seconds
[2025-06-20T16:04:59.466+0000] {processor.py:161} INFO - Started process (PID=642) to work on /home/airflow/.local/lib/python3.12/site-packages/airflow/example_dags/plugins/event_listener.py
[2025-06-20T16:04:59.467+0000] {processor.py:830} INFO - Processing file /home/airflow/.local/lib/python3.12/site-packages/airflow/example_dags/plugins/event_listener.py for tasks to queue
[2025-06-20T16:04:59.469+0000] {logging_mixin.py:188} INFO - [2025-06-20T16:04:59.468+0000] {dagbag.py:540} INFO - Filling up the DagBag from /home/airflow/.local/lib/python3.12/site-packages/airflow/example_dags/plugins/event_listener.py
[2025-06-20T16:04:59.471+0000] {processor.py:842} WARNING - No viable dags retrieved from /home/airflow/.local/lib/python3.12/site-packages/airflow/example_dags/plugins/event_listener.py
[2025-06-20T16:04:59.483+0000] {processor.py:183} INFO - Processing /home/airflow/.local/lib/python3.12/site-packages/airflow/example_dags/plugins/event_listener.py took 0.023 seconds
[2025-06-20T16:05:29.722+0000] {processor.py:161} INFO - Started process (PID=701) to work on /home/airflow/.local/lib/python3.12/site-packages/airflow/example_dags/plugins/event_listener.py
[2025-06-20T16:05:29.723+0000] {processor.py:830} INFO - Processing file /home/airflow/.local/lib/python3.12/site-packages/airflow/example_dags/plugins/event_listener.py for tasks to queue
[2025-06-20T16:05:29.725+0000] {logging_mixin.py:188} INFO - [2025-06-20T16:05:29.725+0000] {dagbag.py:540} INFO - Filling up the DagBag from /home/airflow/.local/lib/python3.12/site-packages/airflow/example_dags/plugins/event_listener.py
[2025-06-20T16:05:29.727+0000] {processor.py:842} WARNING - No viable dags retrieved from /home/airflow/.local/lib/python3.12/site-packages/airflow/example_dags/plugins/event_listener.py
[2025-06-20T16:05:29.740+0000] {processor.py:183} INFO - Processing /home/airflow/.local/lib/python3.12/site-packages/airflow/example_dags/plugins/event_listener.py took 0.023 seconds
[2025-06-20T16:06:00.129+0000] {processor.py:161} INFO - Started process (PID=760) to work on /home/airflow/.local/lib/python3.12/site-packages/airflow/example_dags/plugins/event_listener.py
[2025-06-20T16:06:00.130+0000] {processor.py:830} INFO - Processing file /home/airflow/.local/lib/python3.12/site-packages/airflow/example_dags/plugins/event_listener.py for tasks to queue
[2025-06-20T16:06:00.132+0000] {logging_mixin.py:188} INFO - [2025-06-20T16:06:00.132+0000] {dagbag.py:540} INFO - Filling up the DagBag from /home/airflow/.local/lib/python3.12/site-packages/airflow/example_dags/plugins/event_listener.py
[2025-06-20T16:06:00.134+0000] {processor.py:842} WARNING - No viable dags retrieved from /home/airflow/.local/lib/python3.12/site-packages/airflow/example_dags/plugins/event_listener.py
[2025-06-20T16:06:00.148+0000] {processor.py:183} INFO - Processing /home/airflow/.local/lib/python3.12/site-packages/airflow/example_dags/plugins/event_listener.py took 0.024 seconds
[2025-06-20T16:06:30.561+0000] {processor.py:161} INFO - Started process (PID=819) to work on /home/airflow/.local/lib/python3.12/site-packages/airflow/example_dags/plugins/event_listener.py
[2025-06-20T16:06:30.562+0000] {processor.py:830} INFO - Processing file /home/airflow/.local/lib/python3.12/site-packages/airflow/example_dags/plugins/event_listener.py for tasks to queue
[2025-06-20T16:06:30.563+0000] {logging_mixin.py:188} INFO - [2025-06-20T16:06:30.563+0000] {dagbag.py:540} INFO - Filling up the DagBag from /home/airflow/.local/lib/python3.12/site-packages/airflow/example_dags/plugins/event_listener.py
[2025-06-20T16:06:30.566+0000] {processor.py:842} WARNING - No viable dags retrieved from /home/airflow/.local/lib/python3.12/site-packages/airflow/example_dags/plugins/event_listener.py
[2025-06-20T16:06:30.578+0000] {processor.py:183} INFO - Processing /home/airflow/.local/lib/python3.12/site-packages/airflow/example_dags/plugins/event_listener.py took 0.023 seconds
[2025-06-20T16:07:00.767+0000] {processor.py:161} INFO - Started process (PID=878) to work on /home/airflow/.local/lib/python3.12/site-packages/airflow/example_dags/plugins/event_listener.py
[2025-06-20T16:07:00.768+0000] {processor.py:830} INFO - Processing file /home/airflow/.local/lib/python3.12/site-packages/airflow/example_dags/plugins/event_listener.py for tasks to queue
[2025-06-20T16:07:00.770+0000] {logging_mixin.py:188} INFO - [2025-06-20T16:07:00.770+0000] {dagbag.py:540} INFO - Filling up the DagBag from /home/airflow/.local/lib/python3.12/site-packages/airflow/example_dags/plugins/event_listener.py
[2025-06-20T16:07:00.772+0000] {processor.py:842} WARNING - No viable dags retrieved from /home/airflow/.local/lib/python3.12/site-packages/airflow/example_dags/plugins/event_listener.py
[2025-06-20T16:07:00.787+0000] {processor.py:183} INFO - Processing /home/airflow/.local/lib/python3.12/site-packages/airflow/example_dags/plugins/event_listener.py took 0.026 seconds
[2025-06-20T16:07:31.116+0000] {processor.py:161} INFO - Started process (PID=937) to work on /home/airflow/.local/lib/python3.12/site-packages/airflow/example_dags/plugins/event_listener.py
[2025-06-20T16:07:31.117+0000] {processor.py:830} INFO - Processing file /home/airflow/.local/lib/python3.12/site-packages/airflow/example_dags/plugins/event_listener.py for tasks to queue
[2025-06-20T16:07:31.119+0000] {logging_mixin.py:188} INFO - [2025-06-20T16:07:31.119+0000] {dagbag.py:540} INFO - Filling up the DagBag from /home/airflow/.local/lib/python3.12/site-packages/airflow/example_dags/plugins/event_listener.py
[2025-06-20T16:07:31.121+0000] {processor.py:842} WARNING - No viable dags retrieved from /home/airflow/.local/lib/python3.12/site-packages/airflow/example_dags/plugins/event_listener.py
[2025-06-20T16:07:31.134+0000] {processor.py:183} INFO - Processing /home/airflow/.local/lib/python3.12/site-packages/airflow/example_dags/plugins/event_listener.py took 0.024 seconds
[2025-06-20T16:08:01.348+0000] {processor.py:161} INFO - Started process (PID=996) to work on /home/airflow/.local/lib/python3.12/site-packages/airflow/example_dags/plugins/event_listener.py
[2025-06-20T16:08:01.349+0000] {processor.py:830} INFO - Processing file /home/airflow/.local/lib/python3.12/site-packages/airflow/example_dags/plugins/event_listener.py for tasks to queue
[2025-06-20T16:08:01.351+0000] {logging_mixin.py:188} INFO - [2025-06-20T16:08:01.351+0000] {dagbag.py:540} INFO - Filling up the DagBag from /home/airflow/.local/lib/python3.12/site-packages/airflow/example_dags/plugins/event_listener.py
[2025-06-20T16:08:01.354+0000] {processor.py:842} WARNING - No viable dags retrieved from /home/airflow/.local/lib/python3.12/site-packages/airflow/example_dags/plugins/event_listener.py
[2025-06-20T16:08:01.366+0000] {processor.py:183} INFO - Processing /home/airflow/.local/lib/python3.12/site-packages/airflow/example_dags/plugins/event_listener.py took 0.024 seconds
[2025-06-20T16:08:31.705+0000] {processor.py:161} INFO - Started process (PID=1055) to work on /home/airflow/.local/lib/python3.12/site-packages/airflow/example_dags/plugins/event_listener.py
[2025-06-20T16:08:31.706+0000] {processor.py:830} INFO - Processing file /home/airflow/.local/lib/python3.12/site-packages/airflow/example_dags/plugins/event_listener.py for tasks to queue
[2025-06-20T16:08:31.707+0000] {logging_mixin.py:188} INFO - [2025-06-20T16:08:31.707+0000] {dagbag.py:540} INFO - Filling up the DagBag from /home/airflow/.local/lib/python3.12/site-packages/airflow/example_dags/plugins/event_listener.py
[2025-06-20T16:08:31.710+0000] {processor.py:842} WARNING - No viable dags retrieved from /home/airflow/.local/lib/python3.12/site-packages/airflow/example_dags/plugins/event_listener.py
[2025-06-20T16:08:31.723+0000] {processor.py:183} INFO - Processing /home/airflow/.local/lib/python3.12/site-packages/airflow/example_dags/plugins/event_listener.py took 0.024 seconds
[2025-06-20T16:09:02.035+0000] {processor.py:161} INFO - Started process (PID=1114) to work on /home/airflow/.local/lib/python3.12/site-packages/airflow/example_dags/plugins/event_listener.py
[2025-06-20T16:09:02.036+0000] {processor.py:830} INFO - Processing file /home/airflow/.local/lib/python3.12/site-packages/airflow/example_dags/plugins/event_listener.py for tasks to queue
[2025-06-20T16:09:02.038+0000] {logging_mixin.py:188} INFO - [2025-06-20T16:09:02.037+0000] {dagbag.py:540} INFO - Filling up the DagBag from /home/airflow/.local/lib/python3.12/site-packages/airflow/example_dags/plugins/event_listener.py
[2025-06-20T16:09:02.040+0000] {processor.py:842} WARNING - No viable dags retrieved from /home/airflow/.local/lib/python3.12/site-packages/airflow/example_dags/plugins/event_listener.py
[2025-06-20T16:09:02.053+0000] {processor.py:183} INFO - Processing /home/airflow/.local/lib/python3.12/site-packages/airflow/example_dags/plugins/event_listener.py took 0.024 seconds
[2025-06-20T16:09:32.414+0000] {processor.py:161} INFO - Started process (PID=1174) to work on /home/airflow/.local/lib/python3.12/site-packages/airflow/example_dags/plugins/event_listener.py
[2025-06-20T16:09:32.415+0000] {processor.py:830} INFO - Processing file /home/airflow/.local/lib/python3.12/site-packages/airflow/example_dags/plugins/event_listener.py for tasks to queue
[2025-06-20T16:09:32.417+0000] {logging_mixin.py:188} INFO - [2025-06-20T16:09:32.417+0000] {dagbag.py:540} INFO - Filling up the DagBag from /home/airflow/.local/lib/python3.12/site-packages/airflow/example_dags/plugins/event_listener.py
[2025-06-20T16:09:32.419+0000] {processor.py:842} WARNING - No viable dags retrieved from /home/airflow/.local/lib/python3.12/site-packages/airflow/example_dags/plugins/event_listener.py
[2025-06-20T16:09:32.432+0000] {processor.py:183} INFO - Processing /home/airflow/.local/lib/python3.12/site-packages/airflow/example_dags/plugins/event_listener.py took 0.024 seconds
[2025-06-20T16:10:02.859+0000] {processor.py:161} INFO - Started process (PID=1233) to work on /home/airflow/.local/lib/python3.12/site-packages/airflow/example_dags/plugins/event_listener.py
[2025-06-20T16:10:02.861+0000] {processor.py:830} INFO - Processing file /home/airflow/.local/lib/python3.12/site-packages/airflow/example_dags/plugins/event_listener.py for tasks to queue
[2025-06-20T16:10:02.865+0000] {logging_mixin.py:188} INFO - [2025-06-20T16:10:02.864+0000] {dagbag.py:540} INFO - Filling up the DagBag from /home/airflow/.local/lib/python3.12/site-packages/airflow/example_dags/plugins/event_listener.py
[2025-06-20T16:10:02.867+0000] {processor.py:842} WARNING - No viable dags retrieved from /home/airflow/.local/lib/python3.12/site-packages/airflow/example_dags/plugins/event_listener.py
[2025-06-20T16:10:02.881+0000] {processor.py:183} INFO - Processing /home/airflow/.local/lib/python3.12/site-packages/airflow/example_dags/plugins/event_listener.py took 0.029 seconds
[2025-06-20T16:10:33.145+0000] {processor.py:161} INFO - Started process (PID=1292) to work on /home/airflow/.local/lib/python3.12/site-packages/airflow/example_dags/plugins/event_listener.py
[2025-06-20T16:10:33.146+0000] {processor.py:830} INFO - Processing file /home/airflow/.local/lib/python3.12/site-packages/airflow/example_dags/plugins/event_listener.py for tasks to queue
[2025-06-20T16:10:33.148+0000] {logging_mixin.py:188} INFO - [2025-06-20T16:10:33.148+0000] {dagbag.py:540} INFO - Filling up the DagBag from /home/airflow/.local/lib/python3.12/site-packages/airflow/example_dags/plugins/event_listener.py
[2025-06-20T16:10:33.150+0000] {processor.py:842} WARNING - No viable dags retrieved from /home/airflow/.local/lib/python3.12/site-packages/airflow/example_dags/plugins/event_listener.py
[2025-06-20T16:10:33.163+0000] {processor.py:183} INFO - Processing /home/airflow/.local/lib/python3.12/site-packages/airflow/example_dags/plugins/event_listener.py took 0.024 seconds
[2025-06-20T16:11:03.697+0000] {processor.py:161} INFO - Started process (PID=1351) to work on /home/airflow/.local/lib/python3.12/site-packages/airflow/example_dags/plugins/event_listener.py
[2025-06-20T16:11:03.697+0000] {processor.py:830} INFO - Processing file /home/airflow/.local/lib/python3.12/site-packages/airflow/example_dags/plugins/event_listener.py for tasks to queue
[2025-06-20T16:11:03.699+0000] {logging_mixin.py:188} INFO - [2025-06-20T16:11:03.699+0000] {dagbag.py:540} INFO - Filling up the DagBag from /home/airflow/.local/lib/python3.12/site-packages/airflow/example_dags/plugins/event_listener.py
[2025-06-20T16:11:03.701+0000] {processor.py:842} WARNING - No viable dags retrieved from /home/airflow/.local/lib/python3.12/site-packages/airflow/example_dags/plugins/event_listener.py
[2025-06-20T16:11:03.713+0000] {processor.py:183} INFO - Processing /home/airflow/.local/lib/python3.12/site-packages/airflow/example_dags/plugins/event_listener.py took 0.023 seconds
[2025-06-20T16:11:34.007+0000] {processor.py:161} INFO - Started process (PID=1410) to work on /home/airflow/.local/lib/python3.12/site-packages/airflow/example_dags/plugins/event_listener.py
[2025-06-20T16:11:34.008+0000] {processor.py:830} INFO - Processing file /home/airflow/.local/lib/python3.12/site-packages/airflow/example_dags/plugins/event_listener.py for tasks to queue
[2025-06-20T16:11:34.010+0000] {logging_mixin.py:188} INFO - [2025-06-20T16:11:34.009+0000] {dagbag.py:540} INFO - Filling up the DagBag from /home/airflow/.local/lib/python3.12/site-packages/airflow/example_dags/plugins/event_listener.py
[2025-06-20T16:11:34.012+0000] {processor.py:842} WARNING - No viable dags retrieved from /home/airflow/.local/lib/python3.12/site-packages/airflow/example_dags/plugins/event_listener.py
[2025-06-20T16:11:34.024+0000] {processor.py:183} INFO - Processing /home/airflow/.local/lib/python3.12/site-packages/airflow/example_dags/plugins/event_listener.py took 0.023 seconds
[2025-06-20T16:12:04.552+0000] {processor.py:161} INFO - Started process (PID=1469) to work on /home/airflow/.local/lib/python3.12/site-packages/airflow/example_dags/plugins/event_listener.py
[2025-06-20T16:12:04.553+0000] {processor.py:830} INFO - Processing file /home/airflow/.local/lib/python3.12/site-packages/airflow/example_dags/plugins/event_listener.py for tasks to queue
[2025-06-20T16:12:04.555+0000] {logging_mixin.py:188} INFO - [2025-06-20T16:12:04.554+0000] {dagbag.py:540} INFO - Filling up the DagBag from /home/airflow/.local/lib/python3.12/site-packages/airflow/example_dags/plugins/event_listener.py
[2025-06-20T16:12:04.557+0000] {processor.py:842} WARNING - No viable dags retrieved from /home/airflow/.local/lib/python3.12/site-packages/airflow/example_dags/plugins/event_listener.py
[2025-06-20T16:12:04.570+0000] {processor.py:183} INFO - Processing /home/airflow/.local/lib/python3.12/site-packages/airflow/example_dags/plugins/event_listener.py took 0.024 seconds
[2025-06-20T16:12:34.757+0000] {processor.py:161} INFO - Started process (PID=1528) to work on /home/airflow/.local/lib/python3.12/site-packages/airflow/example_dags/plugins/event_listener.py
[2025-06-20T16:12:34.758+0000] {processor.py:830} INFO - Processing file /home/airflow/.local/lib/python3.12/site-packages/airflow/example_dags/plugins/event_listener.py for tasks to queue
[2025-06-20T16:12:34.760+0000] {logging_mixin.py:188} INFO - [2025-06-20T16:12:34.759+0000] {dagbag.py:540} INFO - Filling up the DagBag from /home/airflow/.local/lib/python3.12/site-packages/airflow/example_dags/plugins/event_listener.py
[2025-06-20T16:12:34.762+0000] {processor.py:842} WARNING - No viable dags retrieved from /home/airflow/.local/lib/python3.12/site-packages/airflow/example_dags/plugins/event_listener.py
[2025-06-20T16:12:34.775+0000] {processor.py:183} INFO - Processing /home/airflow/.local/lib/python3.12/site-packages/airflow/example_dags/plugins/event_listener.py took 0.024 seconds
[2025-06-20T16:13:05.739+0000] {processor.py:161} INFO - Started process (PID=1587) to work on /home/airflow/.local/lib/python3.12/site-packages/airflow/example_dags/plugins/event_listener.py
[2025-06-20T16:13:05.740+0000] {processor.py:830} INFO - Processing file /home/airflow/.local/lib/python3.12/site-packages/airflow/example_dags/plugins/event_listener.py for tasks to queue
[2025-06-20T16:13:05.742+0000] {logging_mixin.py:188} INFO - [2025-06-20T16:13:05.741+0000] {dagbag.py:540} INFO - Filling up the DagBag from /home/airflow/.local/lib/python3.12/site-packages/airflow/example_dags/plugins/event_listener.py
[2025-06-20T16:13:05.744+0000] {processor.py:842} WARNING - No viable dags retrieved from /home/airflow/.local/lib/python3.12/site-packages/airflow/example_dags/plugins/event_listener.py
[2025-06-20T16:13:05.757+0000] {processor.py:183} INFO - Processing /home/airflow/.local/lib/python3.12/site-packages/airflow/example_dags/plugins/event_listener.py took 0.024 seconds
[2025-06-20T16:13:36.065+0000] {processor.py:161} INFO - Started process (PID=1646) to work on /home/airflow/.local/lib/python3.12/site-packages/airflow/example_dags/plugins/event_listener.py
[2025-06-20T16:13:36.066+0000] {processor.py:830} INFO - Processing file /home/airflow/.local/lib/python3.12/site-packages/airflow/example_dags/plugins/event_listener.py for tasks to queue
[2025-06-20T16:13:36.068+0000] {logging_mixin.py:188} INFO - [2025-06-20T16:13:36.068+0000] {dagbag.py:540} INFO - Filling up the DagBag from /home/airflow/.local/lib/python3.12/site-packages/airflow/example_dags/plugins/event_listener.py
[2025-06-20T16:13:36.070+0000] {processor.py:842} WARNING - No viable dags retrieved from /home/airflow/.local/lib/python3.12/site-packages/airflow/example_dags/plugins/event_listener.py
[2025-06-20T16:13:36.083+0000] {processor.py:183} INFO - Processing /home/airflow/.local/lib/python3.12/site-packages/airflow/example_dags/plugins/event_listener.py took 0.023 seconds
[2025-06-20T16:14:06.412+0000] {processor.py:161} INFO - Started process (PID=1705) to work on /home/airflow/.local/lib/python3.12/site-packages/airflow/example_dags/plugins/event_listener.py
[2025-06-20T16:14:06.413+0000] {processor.py:830} INFO - Processing file /home/airflow/.local/lib/python3.12/site-packages/airflow/example_dags/plugins/event_listener.py for tasks to queue
[2025-06-20T16:14:06.415+0000] {logging_mixin.py:188} INFO - [2025-06-20T16:14:06.415+0000] {dagbag.py:540} INFO - Filling up the DagBag from /home/airflow/.local/lib/python3.12/site-packages/airflow/example_dags/plugins/event_listener.py
[2025-06-20T16:14:06.417+0000] {processor.py:842} WARNING - No viable dags retrieved from /home/airflow/.local/lib/python3.12/site-packages/airflow/example_dags/plugins/event_listener.py
[2025-06-20T16:14:06.430+0000] {processor.py:183} INFO - Processing /home/airflow/.local/lib/python3.12/site-packages/airflow/example_dags/plugins/event_listener.py took 0.023 seconds
[2025-06-20T16:14:36.739+0000] {processor.py:161} INFO - Started process (PID=1764) to work on /home/airflow/.local/lib/python3.12/site-packages/airflow/example_dags/plugins/event_listener.py
[2025-06-20T16:14:36.740+0000] {processor.py:830} INFO - Processing file /home/airflow/.local/lib/python3.12/site-packages/airflow/example_dags/plugins/event_listener.py for tasks to queue
[2025-06-20T16:14:36.742+0000] {logging_mixin.py:188} INFO - [2025-06-20T16:14:36.742+0000] {dagbag.py:540} INFO - Filling up the DagBag from /home/airflow/.local/lib/python3.12/site-packages/airflow/example_dags/plugins/event_listener.py
[2025-06-20T16:14:36.744+0000] {processor.py:842} WARNING - No viable dags retrieved from /home/airflow/.local/lib/python3.12/site-packages/airflow/example_dags/plugins/event_listener.py
[2025-06-20T16:14:36.757+0000] {processor.py:183} INFO - Processing /home/airflow/.local/lib/python3.12/site-packages/airflow/example_dags/plugins/event_listener.py took 0.025 seconds
[2025-06-20T16:15:07.042+0000] {processor.py:161} INFO - Started process (PID=1823) to work on /home/airflow/.local/lib/python3.12/site-packages/airflow/example_dags/plugins/event_listener.py
[2025-06-20T16:15:07.043+0000] {processor.py:830} INFO - Processing file /home/airflow/.local/lib/python3.12/site-packages/airflow/example_dags/plugins/event_listener.py for tasks to queue
[2025-06-20T16:15:07.045+0000] {logging_mixin.py:188} INFO - [2025-06-20T16:15:07.044+0000] {dagbag.py:540} INFO - Filling up the DagBag from /home/airflow/.local/lib/python3.12/site-packages/airflow/example_dags/plugins/event_listener.py
[2025-06-20T16:15:07.047+0000] {processor.py:842} WARNING - No viable dags retrieved from /home/airflow/.local/lib/python3.12/site-packages/airflow/example_dags/plugins/event_listener.py
[2025-06-20T16:15:07.060+0000] {processor.py:183} INFO - Processing /home/airflow/.local/lib/python3.12/site-packages/airflow/example_dags/plugins/event_listener.py took 0.024 seconds
[2025-06-20T16:15:37.237+0000] {processor.py:161} INFO - Started process (PID=1881) to work on /home/airflow/.local/lib/python3.12/site-packages/airflow/example_dags/plugins/event_listener.py
[2025-06-20T16:15:37.238+0000] {processor.py:830} INFO - Processing file /home/airflow/.local/lib/python3.12/site-packages/airflow/example_dags/plugins/event_listener.py for tasks to queue
[2025-06-20T16:15:37.240+0000] {logging_mixin.py:188} INFO - [2025-06-20T16:15:37.240+0000] {dagbag.py:540} INFO - Filling up the DagBag from /home/airflow/.local/lib/python3.12/site-packages/airflow/example_dags/plugins/event_listener.py
[2025-06-20T16:15:37.242+0000] {processor.py:842} WARNING - No viable dags retrieved from /home/airflow/.local/lib/python3.12/site-packages/airflow/example_dags/plugins/event_listener.py
[2025-06-20T16:15:37.255+0000] {processor.py:183} INFO - Processing /home/airflow/.local/lib/python3.12/site-packages/airflow/example_dags/plugins/event_listener.py took 0.024 seconds
[2025-06-20T16:16:07.956+0000] {processor.py:161} INFO - Started process (PID=1940) to work on /home/airflow/.local/lib/python3.12/site-packages/airflow/example_dags/plugins/event_listener.py
[2025-06-20T16:16:07.957+0000] {processor.py:830} INFO - Processing file /home/airflow/.local/lib/python3.12/site-packages/airflow/example_dags/plugins/event_listener.py for tasks to queue
[2025-06-20T16:16:07.959+0000] {logging_mixin.py:188} INFO - [2025-06-20T16:16:07.958+0000] {dagbag.py:540} INFO - Filling up the DagBag from /home/airflow/.local/lib/python3.12/site-packages/airflow/example_dags/plugins/event_listener.py
[2025-06-20T16:16:07.961+0000] {processor.py:842} WARNING - No viable dags retrieved from /home/airflow/.local/lib/python3.12/site-packages/airflow/example_dags/plugins/event_listener.py
[2025-06-20T16:16:07.974+0000] {processor.py:183} INFO - Processing /home/airflow/.local/lib/python3.12/site-packages/airflow/example_dags/plugins/event_listener.py took 0.024 seconds
[2025-06-20T16:16:38.349+0000] {processor.py:161} INFO - Started process (PID=1999) to work on /home/airflow/.local/lib/python3.12/site-packages/airflow/example_dags/plugins/event_listener.py
[2025-06-20T16:16:38.350+0000] {processor.py:830} INFO - Processing file /home/airflow/.local/lib/python3.12/site-packages/airflow/example_dags/plugins/event_listener.py for tasks to queue
[2025-06-20T16:16:38.352+0000] {logging_mixin.py:188} INFO - [2025-06-20T16:16:38.351+0000] {dagbag.py:540} INFO - Filling up the DagBag from /home/airflow/.local/lib/python3.12/site-packages/airflow/example_dags/plugins/event_listener.py
[2025-06-20T16:16:38.354+0000] {processor.py:842} WARNING - No viable dags retrieved from /home/airflow/.local/lib/python3.12/site-packages/airflow/example_dags/plugins/event_listener.py
[2025-06-20T16:16:38.367+0000] {processor.py:183} INFO - Processing /home/airflow/.local/lib/python3.12/site-packages/airflow/example_dags/plugins/event_listener.py took 0.024 seconds
[2025-06-20T16:17:08.807+0000] {processor.py:161} INFO - Started process (PID=2059) to work on /home/airflow/.local/lib/python3.12/site-packages/airflow/example_dags/plugins/event_listener.py
[2025-06-20T16:17:08.808+0000] {processor.py:830} INFO - Processing file /home/airflow/.local/lib/python3.12/site-packages/airflow/example_dags/plugins/event_listener.py for tasks to queue
[2025-06-20T16:17:08.810+0000] {logging_mixin.py:188} INFO - [2025-06-20T16:17:08.809+0000] {dagbag.py:540} INFO - Filling up the DagBag from /home/airflow/.local/lib/python3.12/site-packages/airflow/example_dags/plugins/event_listener.py
[2025-06-20T16:17:08.813+0000] {processor.py:842} WARNING - No viable dags retrieved from /home/airflow/.local/lib/python3.12/site-packages/airflow/example_dags/plugins/event_listener.py
[2025-06-20T16:17:08.828+0000] {processor.py:183} INFO - Processing /home/airflow/.local/lib/python3.12/site-packages/airflow/example_dags/plugins/event_listener.py took 0.029 seconds
[2025-06-20T16:17:38.978+0000] {processor.py:161} INFO - Started process (PID=2118) to work on /home/airflow/.local/lib/python3.12/site-packages/airflow/example_dags/plugins/event_listener.py
[2025-06-20T16:17:38.979+0000] {processor.py:830} INFO - Processing file /home/airflow/.local/lib/python3.12/site-packages/airflow/example_dags/plugins/event_listener.py for tasks to queue
[2025-06-20T16:17:38.981+0000] {logging_mixin.py:188} INFO - [2025-06-20T16:17:38.981+0000] {dagbag.py:540} INFO - Filling up the DagBag from /home/airflow/.local/lib/python3.12/site-packages/airflow/example_dags/plugins/event_listener.py
[2025-06-20T16:17:38.983+0000] {processor.py:842} WARNING - No viable dags retrieved from /home/airflow/.local/lib/python3.12/site-packages/airflow/example_dags/plugins/event_listener.py
[2025-06-20T16:17:38.996+0000] {processor.py:183} INFO - Processing /home/airflow/.local/lib/python3.12/site-packages/airflow/example_dags/plugins/event_listener.py took 0.023 seconds
[2025-06-20T16:18:09.161+0000] {processor.py:161} INFO - Started process (PID=2177) to work on /home/airflow/.local/lib/python3.12/site-packages/airflow/example_dags/plugins/event_listener.py
[2025-06-20T16:18:09.162+0000] {processor.py:830} INFO - Processing file /home/airflow/.local/lib/python3.12/site-packages/airflow/example_dags/plugins/event_listener.py for tasks to queue
[2025-06-20T16:18:09.164+0000] {logging_mixin.py:188} INFO - [2025-06-20T16:18:09.163+0000] {dagbag.py:540} INFO - Filling up the DagBag from /home/airflow/.local/lib/python3.12/site-packages/airflow/example_dags/plugins/event_listener.py
[2025-06-20T16:18:09.166+0000] {processor.py:842} WARNING - No viable dags retrieved from /home/airflow/.local/lib/python3.12/site-packages/airflow/example_dags/plugins/event_listener.py
[2025-06-20T16:18:09.178+0000] {processor.py:183} INFO - Processing /home/airflow/.local/lib/python3.12/site-packages/airflow/example_dags/plugins/event_listener.py took 0.024 seconds
[2025-06-20T16:18:39.926+0000] {processor.py:161} INFO - Started process (PID=2236) to work on /home/airflow/.local/lib/python3.12/site-packages/airflow/example_dags/plugins/event_listener.py
[2025-06-20T16:18:39.927+0000] {processor.py:830} INFO - Processing file /home/airflow/.local/lib/python3.12/site-packages/airflow/example_dags/plugins/event_listener.py for tasks to queue
[2025-06-20T16:18:39.929+0000] {logging_mixin.py:188} INFO - [2025-06-20T16:18:39.928+0000] {dagbag.py:540} INFO - Filling up the DagBag from /home/airflow/.local/lib/python3.12/site-packages/airflow/example_dags/plugins/event_listener.py
[2025-06-20T16:18:39.931+0000] {processor.py:842} WARNING - No viable dags retrieved from /home/airflow/.local/lib/python3.12/site-packages/airflow/example_dags/plugins/event_listener.py
[2025-06-20T16:18:39.945+0000] {processor.py:183} INFO - Processing /home/airflow/.local/lib/python3.12/site-packages/airflow/example_dags/plugins/event_listener.py took 0.026 seconds
[2025-06-20T16:19:10.177+0000] {processor.py:161} INFO - Started process (PID=2295) to work on /home/airflow/.local/lib/python3.12/site-packages/airflow/example_dags/plugins/event_listener.py
[2025-06-20T16:19:10.178+0000] {processor.py:830} INFO - Processing file /home/airflow/.local/lib/python3.12/site-packages/airflow/example_dags/plugins/event_listener.py for tasks to queue
[2025-06-20T16:19:10.180+0000] {logging_mixin.py:188} INFO - [2025-06-20T16:19:10.180+0000] {dagbag.py:540} INFO - Filling up the DagBag from /home/airflow/.local/lib/python3.12/site-packages/airflow/example_dags/plugins/event_listener.py
[2025-06-20T16:19:10.182+0000] {processor.py:842} WARNING - No viable dags retrieved from /home/airflow/.local/lib/python3.12/site-packages/airflow/example_dags/plugins/event_listener.py
[2025-06-20T16:19:10.196+0000] {processor.py:183} INFO - Processing /home/airflow/.local/lib/python3.12/site-packages/airflow/example_dags/plugins/event_listener.py took 0.025 seconds
[2025-06-20T16:19:40.823+0000] {processor.py:161} INFO - Started process (PID=2352) to work on /home/airflow/.local/lib/python3.12/site-packages/airflow/example_dags/plugins/event_listener.py
[2025-06-20T16:19:40.824+0000] {processor.py:830} INFO - Processing file /home/airflow/.local/lib/python3.12/site-packages/airflow/example_dags/plugins/event_listener.py for tasks to queue
[2025-06-20T16:19:40.826+0000] {logging_mixin.py:188} INFO - [2025-06-20T16:19:40.825+0000] {dagbag.py:540} INFO - Filling up the DagBag from /home/airflow/.local/lib/python3.12/site-packages/airflow/example_dags/plugins/event_listener.py
[2025-06-20T16:19:40.828+0000] {processor.py:842} WARNING - No viable dags retrieved from /home/airflow/.local/lib/python3.12/site-packages/airflow/example_dags/plugins/event_listener.py
[2025-06-20T16:19:40.845+0000] {processor.py:183} INFO - Processing /home/airflow/.local/lib/python3.12/site-packages/airflow/example_dags/plugins/event_listener.py took 0.028 seconds
[2025-06-20T16:20:12.730+0000] {processor.py:161} INFO - Started process (PID=2411) to work on /home/airflow/.local/lib/python3.12/site-packages/airflow/example_dags/plugins/event_listener.py
[2025-06-20T16:20:12.730+0000] {processor.py:830} INFO - Processing file /home/airflow/.local/lib/python3.12/site-packages/airflow/example_dags/plugins/event_listener.py for tasks to queue
[2025-06-20T16:20:12.733+0000] {logging_mixin.py:188} INFO - [2025-06-20T16:20:12.732+0000] {dagbag.py:540} INFO - Filling up the DagBag from /home/airflow/.local/lib/python3.12/site-packages/airflow/example_dags/plugins/event_listener.py
[2025-06-20T16:20:12.735+0000] {processor.py:842} WARNING - No viable dags retrieved from /home/airflow/.local/lib/python3.12/site-packages/airflow/example_dags/plugins/event_listener.py
[2025-06-20T16:20:12.749+0000] {processor.py:183} INFO - Processing /home/airflow/.local/lib/python3.12/site-packages/airflow/example_dags/plugins/event_listener.py took 0.025 seconds
[2025-06-20T16:20:43.311+0000] {processor.py:161} INFO - Started process (PID=2470) to work on /home/airflow/.local/lib/python3.12/site-packages/airflow/example_dags/plugins/event_listener.py
[2025-06-20T16:20:43.312+0000] {processor.py:830} INFO - Processing file /home/airflow/.local/lib/python3.12/site-packages/airflow/example_dags/plugins/event_listener.py for tasks to queue
[2025-06-20T16:20:43.314+0000] {logging_mixin.py:188} INFO - [2025-06-20T16:20:43.313+0000] {dagbag.py:540} INFO - Filling up the DagBag from /home/airflow/.local/lib/python3.12/site-packages/airflow/example_dags/plugins/event_listener.py
[2025-06-20T16:20:43.316+0000] {processor.py:842} WARNING - No viable dags retrieved from /home/airflow/.local/lib/python3.12/site-packages/airflow/example_dags/plugins/event_listener.py
[2025-06-20T16:20:43.329+0000] {processor.py:183} INFO - Processing /home/airflow/.local/lib/python3.12/site-packages/airflow/example_dags/plugins/event_listener.py took 0.024 seconds
[2025-06-20T16:21:13.551+0000] {processor.py:161} INFO - Started process (PID=2529) to work on /home/airflow/.local/lib/python3.12/site-packages/airflow/example_dags/plugins/event_listener.py
[2025-06-20T16:21:13.552+0000] {processor.py:830} INFO - Processing file /home/airflow/.local/lib/python3.12/site-packages/airflow/example_dags/plugins/event_listener.py for tasks to queue
[2025-06-20T16:21:13.554+0000] {logging_mixin.py:188} INFO - [2025-06-20T16:21:13.553+0000] {dagbag.py:540} INFO - Filling up the DagBag from /home/airflow/.local/lib/python3.12/site-packages/airflow/example_dags/plugins/event_listener.py
[2025-06-20T16:21:13.556+0000] {processor.py:842} WARNING - No viable dags retrieved from /home/airflow/.local/lib/python3.12/site-packages/airflow/example_dags/plugins/event_listener.py
[2025-06-20T16:21:13.568+0000] {processor.py:183} INFO - Processing /home/airflow/.local/lib/python3.12/site-packages/airflow/example_dags/plugins/event_listener.py took 0.023 seconds
[2025-06-20T16:21:43.816+0000] {processor.py:161} INFO - Started process (PID=2589) to work on /home/airflow/.local/lib/python3.12/site-packages/airflow/example_dags/plugins/event_listener.py
[2025-06-20T16:21:43.817+0000] {processor.py:830} INFO - Processing file /home/airflow/.local/lib/python3.12/site-packages/airflow/example_dags/plugins/event_listener.py for tasks to queue
[2025-06-20T16:21:43.819+0000] {logging_mixin.py:188} INFO - [2025-06-20T16:21:43.818+0000] {dagbag.py:540} INFO - Filling up the DagBag from /home/airflow/.local/lib/python3.12/site-packages/airflow/example_dags/plugins/event_listener.py
[2025-06-20T16:21:43.821+0000] {processor.py:842} WARNING - No viable dags retrieved from /home/airflow/.local/lib/python3.12/site-packages/airflow/example_dags/plugins/event_listener.py
[2025-06-20T16:21:43.834+0000] {processor.py:183} INFO - Processing /home/airflow/.local/lib/python3.12/site-packages/airflow/example_dags/plugins/event_listener.py took 0.024 seconds
[2025-06-20T16:22:14.115+0000] {processor.py:161} INFO - Started process (PID=2648) to work on /home/airflow/.local/lib/python3.12/site-packages/airflow/example_dags/plugins/event_listener.py
[2025-06-20T16:22:14.115+0000] {processor.py:830} INFO - Processing file /home/airflow/.local/lib/python3.12/site-packages/airflow/example_dags/plugins/event_listener.py for tasks to queue
[2025-06-20T16:22:14.117+0000] {logging_mixin.py:188} INFO - [2025-06-20T16:22:14.117+0000] {dagbag.py:540} INFO - Filling up the DagBag from /home/airflow/.local/lib/python3.12/site-packages/airflow/example_dags/plugins/event_listener.py
[2025-06-20T16:22:14.119+0000] {processor.py:842} WARNING - No viable dags retrieved from /home/airflow/.local/lib/python3.12/site-packages/airflow/example_dags/plugins/event_listener.py
[2025-06-20T16:22:14.131+0000] {processor.py:183} INFO - Processing /home/airflow/.local/lib/python3.12/site-packages/airflow/example_dags/plugins/event_listener.py took 0.023 seconds
[2025-06-20T16:22:44.357+0000] {processor.py:161} INFO - Started process (PID=2707) to work on /home/airflow/.local/lib/python3.12/site-packages/airflow/example_dags/plugins/event_listener.py
[2025-06-20T16:22:44.358+0000] {processor.py:830} INFO - Processing file /home/airflow/.local/lib/python3.12/site-packages/airflow/example_dags/plugins/event_listener.py for tasks to queue
[2025-06-20T16:22:44.360+0000] {logging_mixin.py:188} INFO - [2025-06-20T16:22:44.359+0000] {dagbag.py:540} INFO - Filling up the DagBag from /home/airflow/.local/lib/python3.12/site-packages/airflow/example_dags/plugins/event_listener.py
[2025-06-20T16:22:44.362+0000] {processor.py:842} WARNING - No viable dags retrieved from /home/airflow/.local/lib/python3.12/site-packages/airflow/example_dags/plugins/event_listener.py
[2025-06-20T16:22:44.374+0000] {processor.py:183} INFO - Processing /home/airflow/.local/lib/python3.12/site-packages/airflow/example_dags/plugins/event_listener.py took 0.024 seconds
[2025-06-20T16:23:14.518+0000] {processor.py:161} INFO - Started process (PID=2766) to work on /home/airflow/.local/lib/python3.12/site-packages/airflow/example_dags/plugins/event_listener.py
[2025-06-20T16:23:14.519+0000] {processor.py:830} INFO - Processing file /home/airflow/.local/lib/python3.12/site-packages/airflow/example_dags/plugins/event_listener.py for tasks to queue
[2025-06-20T16:23:14.521+0000] {logging_mixin.py:188} INFO - [2025-06-20T16:23:14.520+0000] {dagbag.py:540} INFO - Filling up the DagBag from /home/airflow/.local/lib/python3.12/site-packages/airflow/example_dags/plugins/event_listener.py
[2025-06-20T16:23:14.523+0000] {processor.py:842} WARNING - No viable dags retrieved from /home/airflow/.local/lib/python3.12/site-packages/airflow/example_dags/plugins/event_listener.py
[2025-06-20T16:23:14.535+0000] {processor.py:183} INFO - Processing /home/airflow/.local/lib/python3.12/site-packages/airflow/example_dags/plugins/event_listener.py took 0.023 seconds
[2025-06-20T16:24:26.704+0000] {processor.py:161} INFO - Started process (PID=111) to work on /home/airflow/.local/lib/python3.12/site-packages/airflow/example_dags/plugins/event_listener.py
[2025-06-20T16:24:26.705+0000] {processor.py:830} INFO - Processing file /home/airflow/.local/lib/python3.12/site-packages/airflow/example_dags/plugins/event_listener.py for tasks to queue
[2025-06-20T16:24:26.707+0000] {logging_mixin.py:188} INFO - [2025-06-20T16:24:26.707+0000] {dagbag.py:540} INFO - Filling up the DagBag from /home/airflow/.local/lib/python3.12/site-packages/airflow/example_dags/plugins/event_listener.py
[2025-06-20T16:24:26.710+0000] {processor.py:842} WARNING - No viable dags retrieved from /home/airflow/.local/lib/python3.12/site-packages/airflow/example_dags/plugins/event_listener.py
[2025-06-20T16:24:26.728+0000] {processor.py:183} INFO - Processing /home/airflow/.local/lib/python3.12/site-packages/airflow/example_dags/plugins/event_listener.py took 0.029 seconds
[2025-06-20T16:24:58.848+0000] {processor.py:161} INFO - Started process (PID=170) to work on /home/airflow/.local/lib/python3.12/site-packages/airflow/example_dags/plugins/event_listener.py
[2025-06-20T16:24:58.849+0000] {processor.py:830} INFO - Processing file /home/airflow/.local/lib/python3.12/site-packages/airflow/example_dags/plugins/event_listener.py for tasks to queue
[2025-06-20T16:24:58.851+0000] {logging_mixin.py:188} INFO - [2025-06-20T16:24:58.851+0000] {dagbag.py:540} INFO - Filling up the DagBag from /home/airflow/.local/lib/python3.12/site-packages/airflow/example_dags/plugins/event_listener.py
[2025-06-20T16:24:58.853+0000] {processor.py:842} WARNING - No viable dags retrieved from /home/airflow/.local/lib/python3.12/site-packages/airflow/example_dags/plugins/event_listener.py
[2025-06-20T16:24:58.866+0000] {processor.py:183} INFO - Processing /home/airflow/.local/lib/python3.12/site-packages/airflow/example_dags/plugins/event_listener.py took 0.024 seconds
[2025-06-20T16:25:29.015+0000] {processor.py:161} INFO - Started process (PID=229) to work on /home/airflow/.local/lib/python3.12/site-packages/airflow/example_dags/plugins/event_listener.py
[2025-06-20T16:25:29.016+0000] {processor.py:830} INFO - Processing file /home/airflow/.local/lib/python3.12/site-packages/airflow/example_dags/plugins/event_listener.py for tasks to queue
[2025-06-20T16:25:29.018+0000] {logging_mixin.py:188} INFO - [2025-06-20T16:25:29.018+0000] {dagbag.py:540} INFO - Filling up the DagBag from /home/airflow/.local/lib/python3.12/site-packages/airflow/example_dags/plugins/event_listener.py
[2025-06-20T16:25:29.020+0000] {processor.py:842} WARNING - No viable dags retrieved from /home/airflow/.local/lib/python3.12/site-packages/airflow/example_dags/plugins/event_listener.py
[2025-06-20T16:25:29.033+0000] {processor.py:183} INFO - Processing /home/airflow/.local/lib/python3.12/site-packages/airflow/example_dags/plugins/event_listener.py took 0.024 seconds
[2025-06-20T16:25:59.953+0000] {processor.py:161} INFO - Started process (PID=288) to work on /home/airflow/.local/lib/python3.12/site-packages/airflow/example_dags/plugins/event_listener.py
[2025-06-20T16:25:59.954+0000] {processor.py:830} INFO - Processing file /home/airflow/.local/lib/python3.12/site-packages/airflow/example_dags/plugins/event_listener.py for tasks to queue
[2025-06-20T16:25:59.956+0000] {logging_mixin.py:188} INFO - [2025-06-20T16:25:59.955+0000] {dagbag.py:540} INFO - Filling up the DagBag from /home/airflow/.local/lib/python3.12/site-packages/airflow/example_dags/plugins/event_listener.py
[2025-06-20T16:25:59.958+0000] {processor.py:842} WARNING - No viable dags retrieved from /home/airflow/.local/lib/python3.12/site-packages/airflow/example_dags/plugins/event_listener.py
[2025-06-20T16:25:59.970+0000] {processor.py:183} INFO - Processing /home/airflow/.local/lib/python3.12/site-packages/airflow/example_dags/plugins/event_listener.py took 0.023 seconds
[2025-06-20T16:26:30.119+0000] {processor.py:161} INFO - Started process (PID=347) to work on /home/airflow/.local/lib/python3.12/site-packages/airflow/example_dags/plugins/event_listener.py
[2025-06-20T16:26:30.120+0000] {processor.py:830} INFO - Processing file /home/airflow/.local/lib/python3.12/site-packages/airflow/example_dags/plugins/event_listener.py for tasks to queue
[2025-06-20T16:26:30.121+0000] {logging_mixin.py:188} INFO - [2025-06-20T16:26:30.121+0000] {dagbag.py:540} INFO - Filling up the DagBag from /home/airflow/.local/lib/python3.12/site-packages/airflow/example_dags/plugins/event_listener.py
[2025-06-20T16:26:30.124+0000] {processor.py:842} WARNING - No viable dags retrieved from /home/airflow/.local/lib/python3.12/site-packages/airflow/example_dags/plugins/event_listener.py
[2025-06-20T16:26:30.136+0000] {processor.py:183} INFO - Processing /home/airflow/.local/lib/python3.12/site-packages/airflow/example_dags/plugins/event_listener.py took 0.023 seconds
[2025-06-20T16:27:00.303+0000] {processor.py:161} INFO - Started process (PID=406) to work on /home/airflow/.local/lib/python3.12/site-packages/airflow/example_dags/plugins/event_listener.py
[2025-06-20T16:27:00.304+0000] {processor.py:830} INFO - Processing file /home/airflow/.local/lib/python3.12/site-packages/airflow/example_dags/plugins/event_listener.py for tasks to queue
[2025-06-20T16:27:00.306+0000] {logging_mixin.py:188} INFO - [2025-06-20T16:27:00.306+0000] {dagbag.py:540} INFO - Filling up the DagBag from /home/airflow/.local/lib/python3.12/site-packages/airflow/example_dags/plugins/event_listener.py
[2025-06-20T16:27:00.308+0000] {processor.py:842} WARNING - No viable dags retrieved from /home/airflow/.local/lib/python3.12/site-packages/airflow/example_dags/plugins/event_listener.py
[2025-06-20T16:27:00.321+0000] {processor.py:183} INFO - Processing /home/airflow/.local/lib/python3.12/site-packages/airflow/example_dags/plugins/event_listener.py took 0.023 seconds
[2025-06-20T16:27:30.546+0000] {processor.py:161} INFO - Started process (PID=465) to work on /home/airflow/.local/lib/python3.12/site-packages/airflow/example_dags/plugins/event_listener.py
[2025-06-20T16:27:30.547+0000] {processor.py:830} INFO - Processing file /home/airflow/.local/lib/python3.12/site-packages/airflow/example_dags/plugins/event_listener.py for tasks to queue
[2025-06-20T16:27:30.549+0000] {logging_mixin.py:188} INFO - [2025-06-20T16:27:30.549+0000] {dagbag.py:540} INFO - Filling up the DagBag from /home/airflow/.local/lib/python3.12/site-packages/airflow/example_dags/plugins/event_listener.py
[2025-06-20T16:27:30.551+0000] {processor.py:842} WARNING - No viable dags retrieved from /home/airflow/.local/lib/python3.12/site-packages/airflow/example_dags/plugins/event_listener.py
[2025-06-20T16:27:30.564+0000] {processor.py:183} INFO - Processing /home/airflow/.local/lib/python3.12/site-packages/airflow/example_dags/plugins/event_listener.py took 0.024 seconds
[2025-06-20T16:28:00.737+0000] {processor.py:161} INFO - Started process (PID=524) to work on /home/airflow/.local/lib/python3.12/site-packages/airflow/example_dags/plugins/event_listener.py
[2025-06-20T16:28:00.738+0000] {processor.py:830} INFO - Processing file /home/airflow/.local/lib/python3.12/site-packages/airflow/example_dags/plugins/event_listener.py for tasks to queue
[2025-06-20T16:28:00.740+0000] {logging_mixin.py:188} INFO - [2025-06-20T16:28:00.739+0000] {dagbag.py:540} INFO - Filling up the DagBag from /home/airflow/.local/lib/python3.12/site-packages/airflow/example_dags/plugins/event_listener.py
[2025-06-20T16:28:00.742+0000] {processor.py:842} WARNING - No viable dags retrieved from /home/airflow/.local/lib/python3.12/site-packages/airflow/example_dags/plugins/event_listener.py
[2025-06-20T16:28:00.754+0000] {processor.py:183} INFO - Processing /home/airflow/.local/lib/python3.12/site-packages/airflow/example_dags/plugins/event_listener.py took 0.022 seconds
[2025-06-20T16:28:30.968+0000] {processor.py:161} INFO - Started process (PID=583) to work on /home/airflow/.local/lib/python3.12/site-packages/airflow/example_dags/plugins/event_listener.py
[2025-06-20T16:28:30.969+0000] {processor.py:830} INFO - Processing file /home/airflow/.local/lib/python3.12/site-packages/airflow/example_dags/plugins/event_listener.py for tasks to queue
[2025-06-20T16:28:30.971+0000] {logging_mixin.py:188} INFO - [2025-06-20T16:28:30.971+0000] {dagbag.py:540} INFO - Filling up the DagBag from /home/airflow/.local/lib/python3.12/site-packages/airflow/example_dags/plugins/event_listener.py
[2025-06-20T16:28:30.973+0000] {processor.py:842} WARNING - No viable dags retrieved from /home/airflow/.local/lib/python3.12/site-packages/airflow/example_dags/plugins/event_listener.py
[2025-06-20T16:28:30.986+0000] {processor.py:183} INFO - Processing /home/airflow/.local/lib/python3.12/site-packages/airflow/example_dags/plugins/event_listener.py took 0.023 seconds
[2025-06-20T16:29:01.708+0000] {processor.py:161} INFO - Started process (PID=642) to work on /home/airflow/.local/lib/python3.12/site-packages/airflow/example_dags/plugins/event_listener.py
[2025-06-20T16:29:01.709+0000] {processor.py:830} INFO - Processing file /home/airflow/.local/lib/python3.12/site-packages/airflow/example_dags/plugins/event_listener.py for tasks to queue
[2025-06-20T16:29:01.711+0000] {logging_mixin.py:188} INFO - [2025-06-20T16:29:01.711+0000] {dagbag.py:540} INFO - Filling up the DagBag from /home/airflow/.local/lib/python3.12/site-packages/airflow/example_dags/plugins/event_listener.py
[2025-06-20T16:29:01.713+0000] {processor.py:842} WARNING - No viable dags retrieved from /home/airflow/.local/lib/python3.12/site-packages/airflow/example_dags/plugins/event_listener.py
[2025-06-20T16:29:01.725+0000] {processor.py:183} INFO - Processing /home/airflow/.local/lib/python3.12/site-packages/airflow/example_dags/plugins/event_listener.py took 0.023 seconds
[2025-06-20T16:29:32.017+0000] {processor.py:161} INFO - Started process (PID=701) to work on /home/airflow/.local/lib/python3.12/site-packages/airflow/example_dags/plugins/event_listener.py
[2025-06-20T16:29:32.018+0000] {processor.py:830} INFO - Processing file /home/airflow/.local/lib/python3.12/site-packages/airflow/example_dags/plugins/event_listener.py for tasks to queue
[2025-06-20T16:29:32.020+0000] {logging_mixin.py:188} INFO - [2025-06-20T16:29:32.020+0000] {dagbag.py:540} INFO - Filling up the DagBag from /home/airflow/.local/lib/python3.12/site-packages/airflow/example_dags/plugins/event_listener.py
[2025-06-20T16:29:32.022+0000] {processor.py:842} WARNING - No viable dags retrieved from /home/airflow/.local/lib/python3.12/site-packages/airflow/example_dags/plugins/event_listener.py
[2025-06-20T16:29:32.035+0000] {processor.py:183} INFO - Processing /home/airflow/.local/lib/python3.12/site-packages/airflow/example_dags/plugins/event_listener.py took 0.024 seconds
[2025-06-20T16:30:02.303+0000] {processor.py:161} INFO - Started process (PID=760) to work on /home/airflow/.local/lib/python3.12/site-packages/airflow/example_dags/plugins/event_listener.py
[2025-06-20T16:30:02.304+0000] {processor.py:830} INFO - Processing file /home/airflow/.local/lib/python3.12/site-packages/airflow/example_dags/plugins/event_listener.py for tasks to queue
[2025-06-20T16:30:02.306+0000] {logging_mixin.py:188} INFO - [2025-06-20T16:30:02.306+0000] {dagbag.py:540} INFO - Filling up the DagBag from /home/airflow/.local/lib/python3.12/site-packages/airflow/example_dags/plugins/event_listener.py
[2025-06-20T16:30:02.308+0000] {processor.py:842} WARNING - No viable dags retrieved from /home/airflow/.local/lib/python3.12/site-packages/airflow/example_dags/plugins/event_listener.py
[2025-06-20T16:30:02.320+0000] {processor.py:183} INFO - Processing /home/airflow/.local/lib/python3.12/site-packages/airflow/example_dags/plugins/event_listener.py took 0.023 seconds
[2025-06-20T16:30:32.636+0000] {processor.py:161} INFO - Started process (PID=819) to work on /home/airflow/.local/lib/python3.12/site-packages/airflow/example_dags/plugins/event_listener.py
[2025-06-20T16:30:32.637+0000] {processor.py:830} INFO - Processing file /home/airflow/.local/lib/python3.12/site-packages/airflow/example_dags/plugins/event_listener.py for tasks to queue
[2025-06-20T16:30:32.639+0000] {logging_mixin.py:188} INFO - [2025-06-20T16:30:32.638+0000] {dagbag.py:540} INFO - Filling up the DagBag from /home/airflow/.local/lib/python3.12/site-packages/airflow/example_dags/plugins/event_listener.py
[2025-06-20T16:30:32.641+0000] {processor.py:842} WARNING - No viable dags retrieved from /home/airflow/.local/lib/python3.12/site-packages/airflow/example_dags/plugins/event_listener.py
[2025-06-20T16:30:32.653+0000] {processor.py:183} INFO - Processing /home/airflow/.local/lib/python3.12/site-packages/airflow/example_dags/plugins/event_listener.py took 0.023 seconds
[2025-06-20T16:31:02.985+0000] {processor.py:161} INFO - Started process (PID=878) to work on /home/airflow/.local/lib/python3.12/site-packages/airflow/example_dags/plugins/event_listener.py
[2025-06-20T16:31:02.986+0000] {processor.py:830} INFO - Processing file /home/airflow/.local/lib/python3.12/site-packages/airflow/example_dags/plugins/event_listener.py for tasks to queue
[2025-06-20T16:31:02.988+0000] {logging_mixin.py:188} INFO - [2025-06-20T16:31:02.988+0000] {dagbag.py:540} INFO - Filling up the DagBag from /home/airflow/.local/lib/python3.12/site-packages/airflow/example_dags/plugins/event_listener.py
[2025-06-20T16:31:02.990+0000] {processor.py:842} WARNING - No viable dags retrieved from /home/airflow/.local/lib/python3.12/site-packages/airflow/example_dags/plugins/event_listener.py
[2025-06-20T16:31:03.003+0000] {processor.py:183} INFO - Processing /home/airflow/.local/lib/python3.12/site-packages/airflow/example_dags/plugins/event_listener.py took 0.024 seconds
[2025-06-20T16:31:33.428+0000] {processor.py:161} INFO - Started process (PID=937) to work on /home/airflow/.local/lib/python3.12/site-packages/airflow/example_dags/plugins/event_listener.py
[2025-06-20T16:31:33.429+0000] {processor.py:830} INFO - Processing file /home/airflow/.local/lib/python3.12/site-packages/airflow/example_dags/plugins/event_listener.py for tasks to queue
[2025-06-20T16:31:33.431+0000] {logging_mixin.py:188} INFO - [2025-06-20T16:31:33.431+0000] {dagbag.py:540} INFO - Filling up the DagBag from /home/airflow/.local/lib/python3.12/site-packages/airflow/example_dags/plugins/event_listener.py
[2025-06-20T16:31:33.433+0000] {processor.py:842} WARNING - No viable dags retrieved from /home/airflow/.local/lib/python3.12/site-packages/airflow/example_dags/plugins/event_listener.py
[2025-06-20T16:31:33.446+0000] {processor.py:183} INFO - Processing /home/airflow/.local/lib/python3.12/site-packages/airflow/example_dags/plugins/event_listener.py took 0.023 seconds
[2025-06-20T16:32:03.698+0000] {processor.py:161} INFO - Started process (PID=996) to work on /home/airflow/.local/lib/python3.12/site-packages/airflow/example_dags/plugins/event_listener.py
[2025-06-20T16:32:03.699+0000] {processor.py:830} INFO - Processing file /home/airflow/.local/lib/python3.12/site-packages/airflow/example_dags/plugins/event_listener.py for tasks to queue
[2025-06-20T16:32:03.701+0000] {logging_mixin.py:188} INFO - [2025-06-20T16:32:03.701+0000] {dagbag.py:540} INFO - Filling up the DagBag from /home/airflow/.local/lib/python3.12/site-packages/airflow/example_dags/plugins/event_listener.py
[2025-06-20T16:32:03.703+0000] {processor.py:842} WARNING - No viable dags retrieved from /home/airflow/.local/lib/python3.12/site-packages/airflow/example_dags/plugins/event_listener.py
[2025-06-20T16:32:03.716+0000] {processor.py:183} INFO - Processing /home/airflow/.local/lib/python3.12/site-packages/airflow/example_dags/plugins/event_listener.py took 0.025 seconds
[2025-06-20T16:32:33.856+0000] {processor.py:161} INFO - Started process (PID=1055) to work on /home/airflow/.local/lib/python3.12/site-packages/airflow/example_dags/plugins/event_listener.py
[2025-06-20T16:32:33.857+0000] {processor.py:830} INFO - Processing file /home/airflow/.local/lib/python3.12/site-packages/airflow/example_dags/plugins/event_listener.py for tasks to queue
[2025-06-20T16:32:33.859+0000] {logging_mixin.py:188} INFO - [2025-06-20T16:32:33.859+0000] {dagbag.py:540} INFO - Filling up the DagBag from /home/airflow/.local/lib/python3.12/site-packages/airflow/example_dags/plugins/event_listener.py
[2025-06-20T16:32:33.861+0000] {processor.py:842} WARNING - No viable dags retrieved from /home/airflow/.local/lib/python3.12/site-packages/airflow/example_dags/plugins/event_listener.py
[2025-06-20T16:32:33.874+0000] {processor.py:183} INFO - Processing /home/airflow/.local/lib/python3.12/site-packages/airflow/example_dags/plugins/event_listener.py took 0.024 seconds
[2025-06-20T16:33:04.311+0000] {processor.py:161} INFO - Started process (PID=1114) to work on /home/airflow/.local/lib/python3.12/site-packages/airflow/example_dags/plugins/event_listener.py
[2025-06-20T16:33:04.312+0000] {processor.py:830} INFO - Processing file /home/airflow/.local/lib/python3.12/site-packages/airflow/example_dags/plugins/event_listener.py for tasks to queue
[2025-06-20T16:33:04.314+0000] {logging_mixin.py:188} INFO - [2025-06-20T16:33:04.314+0000] {dagbag.py:540} INFO - Filling up the DagBag from /home/airflow/.local/lib/python3.12/site-packages/airflow/example_dags/plugins/event_listener.py
[2025-06-20T16:33:04.317+0000] {processor.py:842} WARNING - No viable dags retrieved from /home/airflow/.local/lib/python3.12/site-packages/airflow/example_dags/plugins/event_listener.py
[2025-06-20T16:33:04.330+0000] {processor.py:183} INFO - Processing /home/airflow/.local/lib/python3.12/site-packages/airflow/example_dags/plugins/event_listener.py took 0.027 seconds
[2025-06-20T16:33:34.671+0000] {processor.py:161} INFO - Started process (PID=1173) to work on /home/airflow/.local/lib/python3.12/site-packages/airflow/example_dags/plugins/event_listener.py
[2025-06-20T16:33:34.672+0000] {processor.py:830} INFO - Processing file /home/airflow/.local/lib/python3.12/site-packages/airflow/example_dags/plugins/event_listener.py for tasks to queue
[2025-06-20T16:33:34.673+0000] {logging_mixin.py:188} INFO - [2025-06-20T16:33:34.673+0000] {dagbag.py:540} INFO - Filling up the DagBag from /home/airflow/.local/lib/python3.12/site-packages/airflow/example_dags/plugins/event_listener.py
[2025-06-20T16:33:34.676+0000] {processor.py:842} WARNING - No viable dags retrieved from /home/airflow/.local/lib/python3.12/site-packages/airflow/example_dags/plugins/event_listener.py
[2025-06-20T16:33:34.688+0000] {processor.py:183} INFO - Processing /home/airflow/.local/lib/python3.12/site-packages/airflow/example_dags/plugins/event_listener.py took 0.023 seconds
[2025-06-20T16:34:05.061+0000] {processor.py:161} INFO - Started process (PID=1232) to work on /home/airflow/.local/lib/python3.12/site-packages/airflow/example_dags/plugins/event_listener.py
[2025-06-20T16:34:05.062+0000] {processor.py:830} INFO - Processing file /home/airflow/.local/lib/python3.12/site-packages/airflow/example_dags/plugins/event_listener.py for tasks to queue
[2025-06-20T16:34:05.064+0000] {logging_mixin.py:188} INFO - [2025-06-20T16:34:05.063+0000] {dagbag.py:540} INFO - Filling up the DagBag from /home/airflow/.local/lib/python3.12/site-packages/airflow/example_dags/plugins/event_listener.py
[2025-06-20T16:34:05.066+0000] {processor.py:842} WARNING - No viable dags retrieved from /home/airflow/.local/lib/python3.12/site-packages/airflow/example_dags/plugins/event_listener.py
[2025-06-20T16:34:05.078+0000] {processor.py:183} INFO - Processing /home/airflow/.local/lib/python3.12/site-packages/airflow/example_dags/plugins/event_listener.py took 0.023 seconds
[2025-06-20T16:34:35.300+0000] {processor.py:161} INFO - Started process (PID=1291) to work on /home/airflow/.local/lib/python3.12/site-packages/airflow/example_dags/plugins/event_listener.py
[2025-06-20T16:34:35.301+0000] {processor.py:830} INFO - Processing file /home/airflow/.local/lib/python3.12/site-packages/airflow/example_dags/plugins/event_listener.py for tasks to queue
[2025-06-20T16:34:35.303+0000] {logging_mixin.py:188} INFO - [2025-06-20T16:34:35.302+0000] {dagbag.py:540} INFO - Filling up the DagBag from /home/airflow/.local/lib/python3.12/site-packages/airflow/example_dags/plugins/event_listener.py
[2025-06-20T16:34:35.305+0000] {processor.py:842} WARNING - No viable dags retrieved from /home/airflow/.local/lib/python3.12/site-packages/airflow/example_dags/plugins/event_listener.py
[2025-06-20T16:34:35.317+0000] {processor.py:183} INFO - Processing /home/airflow/.local/lib/python3.12/site-packages/airflow/example_dags/plugins/event_listener.py took 0.023 seconds
[2025-06-20T16:35:05.785+0000] {processor.py:161} INFO - Started process (PID=1350) to work on /home/airflow/.local/lib/python3.12/site-packages/airflow/example_dags/plugins/event_listener.py
[2025-06-20T16:35:05.786+0000] {processor.py:830} INFO - Processing file /home/airflow/.local/lib/python3.12/site-packages/airflow/example_dags/plugins/event_listener.py for tasks to queue
[2025-06-20T16:35:05.788+0000] {logging_mixin.py:188} INFO - [2025-06-20T16:35:05.788+0000] {dagbag.py:540} INFO - Filling up the DagBag from /home/airflow/.local/lib/python3.12/site-packages/airflow/example_dags/plugins/event_listener.py
[2025-06-20T16:35:05.790+0000] {processor.py:842} WARNING - No viable dags retrieved from /home/airflow/.local/lib/python3.12/site-packages/airflow/example_dags/plugins/event_listener.py
[2025-06-20T16:35:05.803+0000] {processor.py:183} INFO - Processing /home/airflow/.local/lib/python3.12/site-packages/airflow/example_dags/plugins/event_listener.py took 0.023 seconds
[2025-06-20T16:35:35.938+0000] {processor.py:161} INFO - Started process (PID=1409) to work on /home/airflow/.local/lib/python3.12/site-packages/airflow/example_dags/plugins/event_listener.py
[2025-06-20T16:35:35.938+0000] {processor.py:830} INFO - Processing file /home/airflow/.local/lib/python3.12/site-packages/airflow/example_dags/plugins/event_listener.py for tasks to queue
[2025-06-20T16:35:35.940+0000] {logging_mixin.py:188} INFO - [2025-06-20T16:35:35.940+0000] {dagbag.py:540} INFO - Filling up the DagBag from /home/airflow/.local/lib/python3.12/site-packages/airflow/example_dags/plugins/event_listener.py
[2025-06-20T16:35:35.942+0000] {processor.py:842} WARNING - No viable dags retrieved from /home/airflow/.local/lib/python3.12/site-packages/airflow/example_dags/plugins/event_listener.py
[2025-06-20T16:35:35.955+0000] {processor.py:183} INFO - Processing /home/airflow/.local/lib/python3.12/site-packages/airflow/example_dags/plugins/event_listener.py took 0.023 seconds
[2025-06-20T16:36:06.371+0000] {processor.py:161} INFO - Started process (PID=1468) to work on /home/airflow/.local/lib/python3.12/site-packages/airflow/example_dags/plugins/event_listener.py
[2025-06-20T16:36:06.371+0000] {processor.py:830} INFO - Processing file /home/airflow/.local/lib/python3.12/site-packages/airflow/example_dags/plugins/event_listener.py for tasks to queue
[2025-06-20T16:36:06.373+0000] {logging_mixin.py:188} INFO - [2025-06-20T16:36:06.373+0000] {dagbag.py:540} INFO - Filling up the DagBag from /home/airflow/.local/lib/python3.12/site-packages/airflow/example_dags/plugins/event_listener.py
[2025-06-20T16:36:06.375+0000] {processor.py:842} WARNING - No viable dags retrieved from /home/airflow/.local/lib/python3.12/site-packages/airflow/example_dags/plugins/event_listener.py
[2025-06-20T16:36:06.388+0000] {processor.py:183} INFO - Processing /home/airflow/.local/lib/python3.12/site-packages/airflow/example_dags/plugins/event_listener.py took 0.023 seconds
[2025-06-20T16:36:36.607+0000] {processor.py:161} INFO - Started process (PID=1527) to work on /home/airflow/.local/lib/python3.12/site-packages/airflow/example_dags/plugins/event_listener.py
[2025-06-20T16:36:36.609+0000] {processor.py:830} INFO - Processing file /home/airflow/.local/lib/python3.12/site-packages/airflow/example_dags/plugins/event_listener.py for tasks to queue
[2025-06-20T16:36:36.611+0000] {logging_mixin.py:188} INFO - [2025-06-20T16:36:36.611+0000] {dagbag.py:540} INFO - Filling up the DagBag from /home/airflow/.local/lib/python3.12/site-packages/airflow/example_dags/plugins/event_listener.py
[2025-06-20T16:36:36.614+0000] {processor.py:842} WARNING - No viable dags retrieved from /home/airflow/.local/lib/python3.12/site-packages/airflow/example_dags/plugins/event_listener.py
[2025-06-20T16:36:36.627+0000] {processor.py:183} INFO - Processing /home/airflow/.local/lib/python3.12/site-packages/airflow/example_dags/plugins/event_listener.py took 0.029 seconds
[2025-06-20T16:37:07.015+0000] {processor.py:161} INFO - Started process (PID=1586) to work on /home/airflow/.local/lib/python3.12/site-packages/airflow/example_dags/plugins/event_listener.py
[2025-06-20T16:37:07.016+0000] {processor.py:830} INFO - Processing file /home/airflow/.local/lib/python3.12/site-packages/airflow/example_dags/plugins/event_listener.py for tasks to queue
[2025-06-20T16:37:07.018+0000] {logging_mixin.py:188} INFO - [2025-06-20T16:37:07.017+0000] {dagbag.py:540} INFO - Filling up the DagBag from /home/airflow/.local/lib/python3.12/site-packages/airflow/example_dags/plugins/event_listener.py
[2025-06-20T16:37:07.020+0000] {processor.py:842} WARNING - No viable dags retrieved from /home/airflow/.local/lib/python3.12/site-packages/airflow/example_dags/plugins/event_listener.py
[2025-06-20T16:37:07.032+0000] {processor.py:183} INFO - Processing /home/airflow/.local/lib/python3.12/site-packages/airflow/example_dags/plugins/event_listener.py took 0.023 seconds
[2025-06-20T16:37:37.342+0000] {processor.py:161} INFO - Started process (PID=1645) to work on /home/airflow/.local/lib/python3.12/site-packages/airflow/example_dags/plugins/event_listener.py
[2025-06-20T16:37:37.343+0000] {processor.py:830} INFO - Processing file /home/airflow/.local/lib/python3.12/site-packages/airflow/example_dags/plugins/event_listener.py for tasks to queue
[2025-06-20T16:37:37.345+0000] {logging_mixin.py:188} INFO - [2025-06-20T16:37:37.345+0000] {dagbag.py:540} INFO - Filling up the DagBag from /home/airflow/.local/lib/python3.12/site-packages/airflow/example_dags/plugins/event_listener.py
[2025-06-20T16:37:37.347+0000] {processor.py:842} WARNING - No viable dags retrieved from /home/airflow/.local/lib/python3.12/site-packages/airflow/example_dags/plugins/event_listener.py
[2025-06-20T16:37:37.360+0000] {processor.py:183} INFO - Processing /home/airflow/.local/lib/python3.12/site-packages/airflow/example_dags/plugins/event_listener.py took 0.024 seconds
[2025-06-20T16:38:07.552+0000] {processor.py:161} INFO - Started process (PID=1704) to work on /home/airflow/.local/lib/python3.12/site-packages/airflow/example_dags/plugins/event_listener.py
[2025-06-20T16:38:07.553+0000] {processor.py:830} INFO - Processing file /home/airflow/.local/lib/python3.12/site-packages/airflow/example_dags/plugins/event_listener.py for tasks to queue
[2025-06-20T16:38:07.555+0000] {logging_mixin.py:188} INFO - [2025-06-20T16:38:07.555+0000] {dagbag.py:540} INFO - Filling up the DagBag from /home/airflow/.local/lib/python3.12/site-packages/airflow/example_dags/plugins/event_listener.py
[2025-06-20T16:38:07.557+0000] {processor.py:842} WARNING - No viable dags retrieved from /home/airflow/.local/lib/python3.12/site-packages/airflow/example_dags/plugins/event_listener.py
[2025-06-20T16:38:07.569+0000] {processor.py:183} INFO - Processing /home/airflow/.local/lib/python3.12/site-packages/airflow/example_dags/plugins/event_listener.py took 0.022 seconds
[2025-06-20T16:38:38.150+0000] {processor.py:161} INFO - Started process (PID=1763) to work on /home/airflow/.local/lib/python3.12/site-packages/airflow/example_dags/plugins/event_listener.py
[2025-06-20T16:38:38.151+0000] {processor.py:830} INFO - Processing file /home/airflow/.local/lib/python3.12/site-packages/airflow/example_dags/plugins/event_listener.py for tasks to queue
[2025-06-20T16:38:38.153+0000] {logging_mixin.py:188} INFO - [2025-06-20T16:38:38.152+0000] {dagbag.py:540} INFO - Filling up the DagBag from /home/airflow/.local/lib/python3.12/site-packages/airflow/example_dags/plugins/event_listener.py
[2025-06-20T16:38:38.155+0000] {processor.py:842} WARNING - No viable dags retrieved from /home/airflow/.local/lib/python3.12/site-packages/airflow/example_dags/plugins/event_listener.py
[2025-06-20T16:38:38.167+0000] {processor.py:183} INFO - Processing /home/airflow/.local/lib/python3.12/site-packages/airflow/example_dags/plugins/event_listener.py took 0.023 seconds
[2025-06-20T16:39:08.327+0000] {processor.py:161} INFO - Started process (PID=1822) to work on /home/airflow/.local/lib/python3.12/site-packages/airflow/example_dags/plugins/event_listener.py
[2025-06-20T16:39:08.328+0000] {processor.py:830} INFO - Processing file /home/airflow/.local/lib/python3.12/site-packages/airflow/example_dags/plugins/event_listener.py for tasks to queue
[2025-06-20T16:39:08.330+0000] {logging_mixin.py:188} INFO - [2025-06-20T16:39:08.330+0000] {dagbag.py:540} INFO - Filling up the DagBag from /home/airflow/.local/lib/python3.12/site-packages/airflow/example_dags/plugins/event_listener.py
[2025-06-20T16:39:08.332+0000] {processor.py:842} WARNING - No viable dags retrieved from /home/airflow/.local/lib/python3.12/site-packages/airflow/example_dags/plugins/event_listener.py
[2025-06-20T16:39:08.344+0000] {processor.py:183} INFO - Processing /home/airflow/.local/lib/python3.12/site-packages/airflow/example_dags/plugins/event_listener.py took 0.022 seconds
[2025-06-20T16:39:38.598+0000] {processor.py:161} INFO - Started process (PID=1881) to work on /home/airflow/.local/lib/python3.12/site-packages/airflow/example_dags/plugins/event_listener.py
[2025-06-20T16:39:38.599+0000] {processor.py:830} INFO - Processing file /home/airflow/.local/lib/python3.12/site-packages/airflow/example_dags/plugins/event_listener.py for tasks to queue
[2025-06-20T16:39:38.602+0000] {logging_mixin.py:188} INFO - [2025-06-20T16:39:38.601+0000] {dagbag.py:540} INFO - Filling up the DagBag from /home/airflow/.local/lib/python3.12/site-packages/airflow/example_dags/plugins/event_listener.py
[2025-06-20T16:39:38.604+0000] {processor.py:842} WARNING - No viable dags retrieved from /home/airflow/.local/lib/python3.12/site-packages/airflow/example_dags/plugins/event_listener.py
[2025-06-20T16:39:38.620+0000] {processor.py:183} INFO - Processing /home/airflow/.local/lib/python3.12/site-packages/airflow/example_dags/plugins/event_listener.py took 0.029 seconds
[2025-06-20T16:40:08.810+0000] {processor.py:161} INFO - Started process (PID=1939) to work on /home/airflow/.local/lib/python3.12/site-packages/airflow/example_dags/plugins/event_listener.py
[2025-06-20T16:40:08.811+0000] {processor.py:830} INFO - Processing file /home/airflow/.local/lib/python3.12/site-packages/airflow/example_dags/plugins/event_listener.py for tasks to queue
[2025-06-20T16:40:08.813+0000] {logging_mixin.py:188} INFO - [2025-06-20T16:40:08.813+0000] {dagbag.py:540} INFO - Filling up the DagBag from /home/airflow/.local/lib/python3.12/site-packages/airflow/example_dags/plugins/event_listener.py
[2025-06-20T16:40:08.815+0000] {processor.py:842} WARNING - No viable dags retrieved from /home/airflow/.local/lib/python3.12/site-packages/airflow/example_dags/plugins/event_listener.py
[2025-06-20T16:40:08.827+0000] {processor.py:183} INFO - Processing /home/airflow/.local/lib/python3.12/site-packages/airflow/example_dags/plugins/event_listener.py took 0.023 seconds
[2025-06-20T16:40:39.836+0000] {processor.py:161} INFO - Started process (PID=1999) to work on /home/airflow/.local/lib/python3.12/site-packages/airflow/example_dags/plugins/event_listener.py
[2025-06-20T16:40:39.837+0000] {processor.py:830} INFO - Processing file /home/airflow/.local/lib/python3.12/site-packages/airflow/example_dags/plugins/event_listener.py for tasks to queue
[2025-06-20T16:40:39.839+0000] {logging_mixin.py:188} INFO - [2025-06-20T16:40:39.839+0000] {dagbag.py:540} INFO - Filling up the DagBag from /home/airflow/.local/lib/python3.12/site-packages/airflow/example_dags/plugins/event_listener.py
[2025-06-20T16:40:39.841+0000] {processor.py:842} WARNING - No viable dags retrieved from /home/airflow/.local/lib/python3.12/site-packages/airflow/example_dags/plugins/event_listener.py
[2025-06-20T16:40:39.854+0000] {processor.py:183} INFO - Processing /home/airflow/.local/lib/python3.12/site-packages/airflow/example_dags/plugins/event_listener.py took 0.024 seconds
[2025-06-20T16:41:10.808+0000] {processor.py:161} INFO - Started process (PID=2058) to work on /home/airflow/.local/lib/python3.12/site-packages/airflow/example_dags/plugins/event_listener.py
[2025-06-20T16:41:10.809+0000] {processor.py:830} INFO - Processing file /home/airflow/.local/lib/python3.12/site-packages/airflow/example_dags/plugins/event_listener.py for tasks to queue
[2025-06-20T16:41:10.811+0000] {logging_mixin.py:188} INFO - [2025-06-20T16:41:10.811+0000] {dagbag.py:540} INFO - Filling up the DagBag from /home/airflow/.local/lib/python3.12/site-packages/airflow/example_dags/plugins/event_listener.py
[2025-06-20T16:41:10.814+0000] {processor.py:842} WARNING - No viable dags retrieved from /home/airflow/.local/lib/python3.12/site-packages/airflow/example_dags/plugins/event_listener.py
[2025-06-20T16:41:10.828+0000] {processor.py:183} INFO - Processing /home/airflow/.local/lib/python3.12/site-packages/airflow/example_dags/plugins/event_listener.py took 0.027 seconds
[2025-06-20T16:41:41.792+0000] {processor.py:161} INFO - Started process (PID=2117) to work on /home/airflow/.local/lib/python3.12/site-packages/airflow/example_dags/plugins/event_listener.py
[2025-06-20T16:41:41.793+0000] {processor.py:830} INFO - Processing file /home/airflow/.local/lib/python3.12/site-packages/airflow/example_dags/plugins/event_listener.py for tasks to queue
[2025-06-20T16:41:41.795+0000] {logging_mixin.py:188} INFO - [2025-06-20T16:41:41.794+0000] {dagbag.py:540} INFO - Filling up the DagBag from /home/airflow/.local/lib/python3.12/site-packages/airflow/example_dags/plugins/event_listener.py
[2025-06-20T16:41:41.797+0000] {processor.py:842} WARNING - No viable dags retrieved from /home/airflow/.local/lib/python3.12/site-packages/airflow/example_dags/plugins/event_listener.py
[2025-06-20T16:41:41.810+0000] {processor.py:183} INFO - Processing /home/airflow/.local/lib/python3.12/site-packages/airflow/example_dags/plugins/event_listener.py took 0.024 seconds
[2025-06-20T16:42:11.958+0000] {processor.py:161} INFO - Started process (PID=2176) to work on /home/airflow/.local/lib/python3.12/site-packages/airflow/example_dags/plugins/event_listener.py
[2025-06-20T16:42:11.959+0000] {processor.py:830} INFO - Processing file /home/airflow/.local/lib/python3.12/site-packages/airflow/example_dags/plugins/event_listener.py for tasks to queue
[2025-06-20T16:42:11.961+0000] {logging_mixin.py:188} INFO - [2025-06-20T16:42:11.960+0000] {dagbag.py:540} INFO - Filling up the DagBag from /home/airflow/.local/lib/python3.12/site-packages/airflow/example_dags/plugins/event_listener.py
[2025-06-20T16:42:11.963+0000] {processor.py:842} WARNING - No viable dags retrieved from /home/airflow/.local/lib/python3.12/site-packages/airflow/example_dags/plugins/event_listener.py
[2025-06-20T16:42:11.976+0000] {processor.py:183} INFO - Processing /home/airflow/.local/lib/python3.12/site-packages/airflow/example_dags/plugins/event_listener.py took 0.024 seconds
[2025-06-20T16:42:42.162+0000] {processor.py:161} INFO - Started process (PID=2233) to work on /home/airflow/.local/lib/python3.12/site-packages/airflow/example_dags/plugins/event_listener.py
[2025-06-20T16:42:42.163+0000] {processor.py:830} INFO - Processing file /home/airflow/.local/lib/python3.12/site-packages/airflow/example_dags/plugins/event_listener.py for tasks to queue
[2025-06-20T16:42:42.165+0000] {logging_mixin.py:188} INFO - [2025-06-20T16:42:42.165+0000] {dagbag.py:540} INFO - Filling up the DagBag from /home/airflow/.local/lib/python3.12/site-packages/airflow/example_dags/plugins/event_listener.py
[2025-06-20T16:42:42.167+0000] {processor.py:842} WARNING - No viable dags retrieved from /home/airflow/.local/lib/python3.12/site-packages/airflow/example_dags/plugins/event_listener.py
[2025-06-20T16:42:42.181+0000] {processor.py:183} INFO - Processing /home/airflow/.local/lib/python3.12/site-packages/airflow/example_dags/plugins/event_listener.py took 0.025 seconds
[2025-06-20T16:43:12.782+0000] {processor.py:161} INFO - Started process (PID=2291) to work on /home/airflow/.local/lib/python3.12/site-packages/airflow/example_dags/plugins/event_listener.py
[2025-06-20T16:43:12.783+0000] {processor.py:830} INFO - Processing file /home/airflow/.local/lib/python3.12/site-packages/airflow/example_dags/plugins/event_listener.py for tasks to queue
[2025-06-20T16:43:12.785+0000] {logging_mixin.py:188} INFO - [2025-06-20T16:43:12.785+0000] {dagbag.py:540} INFO - Filling up the DagBag from /home/airflow/.local/lib/python3.12/site-packages/airflow/example_dags/plugins/event_listener.py
[2025-06-20T16:43:12.787+0000] {processor.py:842} WARNING - No viable dags retrieved from /home/airflow/.local/lib/python3.12/site-packages/airflow/example_dags/plugins/event_listener.py
[2025-06-20T16:43:12.801+0000] {processor.py:183} INFO - Processing /home/airflow/.local/lib/python3.12/site-packages/airflow/example_dags/plugins/event_listener.py took 0.024 seconds
[2025-06-20T16:44:16.334+0000] {processor.py:161} INFO - Started process (PID=111) to work on /home/airflow/.local/lib/python3.12/site-packages/airflow/example_dags/plugins/event_listener.py
[2025-06-20T16:44:16.335+0000] {processor.py:830} INFO - Processing file /home/airflow/.local/lib/python3.12/site-packages/airflow/example_dags/plugins/event_listener.py for tasks to queue
[2025-06-20T16:44:16.338+0000] {logging_mixin.py:188} INFO - [2025-06-20T16:44:16.337+0000] {dagbag.py:540} INFO - Filling up the DagBag from /home/airflow/.local/lib/python3.12/site-packages/airflow/example_dags/plugins/event_listener.py
[2025-06-20T16:44:16.340+0000] {processor.py:842} WARNING - No viable dags retrieved from /home/airflow/.local/lib/python3.12/site-packages/airflow/example_dags/plugins/event_listener.py
[2025-06-20T16:44:16.356+0000] {processor.py:183} INFO - Processing /home/airflow/.local/lib/python3.12/site-packages/airflow/example_dags/plugins/event_listener.py took 0.030 seconds
[2025-06-20T16:44:46.447+0000] {processor.py:161} INFO - Started process (PID=170) to work on /home/airflow/.local/lib/python3.12/site-packages/airflow/example_dags/plugins/event_listener.py
[2025-06-20T16:44:46.448+0000] {processor.py:830} INFO - Processing file /home/airflow/.local/lib/python3.12/site-packages/airflow/example_dags/plugins/event_listener.py for tasks to queue
[2025-06-20T16:44:46.450+0000] {logging_mixin.py:188} INFO - [2025-06-20T16:44:46.450+0000] {dagbag.py:540} INFO - Filling up the DagBag from /home/airflow/.local/lib/python3.12/site-packages/airflow/example_dags/plugins/event_listener.py
[2025-06-20T16:44:46.452+0000] {processor.py:842} WARNING - No viable dags retrieved from /home/airflow/.local/lib/python3.12/site-packages/airflow/example_dags/plugins/event_listener.py
[2025-06-20T16:44:46.465+0000] {processor.py:183} INFO - Processing /home/airflow/.local/lib/python3.12/site-packages/airflow/example_dags/plugins/event_listener.py took 0.025 seconds
[2025-06-20T16:45:16.864+0000] {processor.py:161} INFO - Started process (PID=229) to work on /home/airflow/.local/lib/python3.12/site-packages/airflow/example_dags/plugins/event_listener.py
[2025-06-20T16:45:16.865+0000] {processor.py:830} INFO - Processing file /home/airflow/.local/lib/python3.12/site-packages/airflow/example_dags/plugins/event_listener.py for tasks to queue
[2025-06-20T16:45:16.867+0000] {logging_mixin.py:188} INFO - [2025-06-20T16:45:16.867+0000] {dagbag.py:540} INFO - Filling up the DagBag from /home/airflow/.local/lib/python3.12/site-packages/airflow/example_dags/plugins/event_listener.py
[2025-06-20T16:45:16.869+0000] {processor.py:842} WARNING - No viable dags retrieved from /home/airflow/.local/lib/python3.12/site-packages/airflow/example_dags/plugins/event_listener.py
[2025-06-20T16:45:16.882+0000] {processor.py:183} INFO - Processing /home/airflow/.local/lib/python3.12/site-packages/airflow/example_dags/plugins/event_listener.py took 0.024 seconds
[2025-06-20T16:45:47.351+0000] {processor.py:161} INFO - Started process (PID=288) to work on /home/airflow/.local/lib/python3.12/site-packages/airflow/example_dags/plugins/event_listener.py
[2025-06-20T16:45:47.352+0000] {processor.py:830} INFO - Processing file /home/airflow/.local/lib/python3.12/site-packages/airflow/example_dags/plugins/event_listener.py for tasks to queue
[2025-06-20T16:45:47.354+0000] {logging_mixin.py:188} INFO - [2025-06-20T16:45:47.354+0000] {dagbag.py:540} INFO - Filling up the DagBag from /home/airflow/.local/lib/python3.12/site-packages/airflow/example_dags/plugins/event_listener.py
[2025-06-20T16:45:47.356+0000] {processor.py:842} WARNING - No viable dags retrieved from /home/airflow/.local/lib/python3.12/site-packages/airflow/example_dags/plugins/event_listener.py
[2025-06-20T16:45:47.369+0000] {processor.py:183} INFO - Processing /home/airflow/.local/lib/python3.12/site-packages/airflow/example_dags/plugins/event_listener.py took 0.024 seconds
[2025-06-20T16:46:17.683+0000] {processor.py:161} INFO - Started process (PID=347) to work on /home/airflow/.local/lib/python3.12/site-packages/airflow/example_dags/plugins/event_listener.py
[2025-06-20T16:46:17.684+0000] {processor.py:830} INFO - Processing file /home/airflow/.local/lib/python3.12/site-packages/airflow/example_dags/plugins/event_listener.py for tasks to queue
[2025-06-20T16:46:17.686+0000] {logging_mixin.py:188} INFO - [2025-06-20T16:46:17.685+0000] {dagbag.py:540} INFO - Filling up the DagBag from /home/airflow/.local/lib/python3.12/site-packages/airflow/example_dags/plugins/event_listener.py
[2025-06-20T16:46:17.688+0000] {processor.py:842} WARNING - No viable dags retrieved from /home/airflow/.local/lib/python3.12/site-packages/airflow/example_dags/plugins/event_listener.py
[2025-06-20T16:46:17.702+0000] {processor.py:183} INFO - Processing /home/airflow/.local/lib/python3.12/site-packages/airflow/example_dags/plugins/event_listener.py took 0.025 seconds
[2025-06-20T16:46:47.933+0000] {processor.py:161} INFO - Started process (PID=406) to work on /home/airflow/.local/lib/python3.12/site-packages/airflow/example_dags/plugins/event_listener.py
[2025-06-20T16:46:47.934+0000] {processor.py:830} INFO - Processing file /home/airflow/.local/lib/python3.12/site-packages/airflow/example_dags/plugins/event_listener.py for tasks to queue
[2025-06-20T16:46:47.935+0000] {logging_mixin.py:188} INFO - [2025-06-20T16:46:47.935+0000] {dagbag.py:540} INFO - Filling up the DagBag from /home/airflow/.local/lib/python3.12/site-packages/airflow/example_dags/plugins/event_listener.py
[2025-06-20T16:46:47.938+0000] {processor.py:842} WARNING - No viable dags retrieved from /home/airflow/.local/lib/python3.12/site-packages/airflow/example_dags/plugins/event_listener.py
[2025-06-20T16:46:47.951+0000] {processor.py:183} INFO - Processing /home/airflow/.local/lib/python3.12/site-packages/airflow/example_dags/plugins/event_listener.py took 0.024 seconds
[2025-06-20T16:47:18.289+0000] {processor.py:161} INFO - Started process (PID=465) to work on /home/airflow/.local/lib/python3.12/site-packages/airflow/example_dags/plugins/event_listener.py
[2025-06-20T16:47:18.290+0000] {processor.py:830} INFO - Processing file /home/airflow/.local/lib/python3.12/site-packages/airflow/example_dags/plugins/event_listener.py for tasks to queue
[2025-06-20T16:47:18.292+0000] {logging_mixin.py:188} INFO - [2025-06-20T16:47:18.292+0000] {dagbag.py:540} INFO - Filling up the DagBag from /home/airflow/.local/lib/python3.12/site-packages/airflow/example_dags/plugins/event_listener.py
[2025-06-20T16:47:18.294+0000] {processor.py:842} WARNING - No viable dags retrieved from /home/airflow/.local/lib/python3.12/site-packages/airflow/example_dags/plugins/event_listener.py
[2025-06-20T16:47:18.307+0000] {processor.py:183} INFO - Processing /home/airflow/.local/lib/python3.12/site-packages/airflow/example_dags/plugins/event_listener.py took 0.023 seconds
[2025-06-20T16:47:48.632+0000] {processor.py:161} INFO - Started process (PID=524) to work on /home/airflow/.local/lib/python3.12/site-packages/airflow/example_dags/plugins/event_listener.py
[2025-06-20T16:47:48.632+0000] {processor.py:830} INFO - Processing file /home/airflow/.local/lib/python3.12/site-packages/airflow/example_dags/plugins/event_listener.py for tasks to queue
[2025-06-20T16:47:48.638+0000] {logging_mixin.py:188} INFO - [2025-06-20T16:47:48.638+0000] {dagbag.py:540} INFO - Filling up the DagBag from /home/airflow/.local/lib/python3.12/site-packages/airflow/example_dags/plugins/event_listener.py
[2025-06-20T16:47:48.640+0000] {processor.py:842} WARNING - No viable dags retrieved from /home/airflow/.local/lib/python3.12/site-packages/airflow/example_dags/plugins/event_listener.py
[2025-06-20T16:47:48.652+0000] {processor.py:183} INFO - Processing /home/airflow/.local/lib/python3.12/site-packages/airflow/example_dags/plugins/event_listener.py took 0.027 seconds
[2025-06-20T16:48:19.020+0000] {processor.py:161} INFO - Started process (PID=583) to work on /home/airflow/.local/lib/python3.12/site-packages/airflow/example_dags/plugins/event_listener.py
[2025-06-20T16:48:19.021+0000] {processor.py:830} INFO - Processing file /home/airflow/.local/lib/python3.12/site-packages/airflow/example_dags/plugins/event_listener.py for tasks to queue
[2025-06-20T16:48:19.022+0000] {logging_mixin.py:188} INFO - [2025-06-20T16:48:19.022+0000] {dagbag.py:540} INFO - Filling up the DagBag from /home/airflow/.local/lib/python3.12/site-packages/airflow/example_dags/plugins/event_listener.py
[2025-06-20T16:48:19.024+0000] {processor.py:842} WARNING - No viable dags retrieved from /home/airflow/.local/lib/python3.12/site-packages/airflow/example_dags/plugins/event_listener.py
[2025-06-20T16:48:19.038+0000] {processor.py:183} INFO - Processing /home/airflow/.local/lib/python3.12/site-packages/airflow/example_dags/plugins/event_listener.py took 0.024 seconds
[2025-06-20T16:48:49.348+0000] {processor.py:161} INFO - Started process (PID=642) to work on /home/airflow/.local/lib/python3.12/site-packages/airflow/example_dags/plugins/event_listener.py
[2025-06-20T16:48:49.349+0000] {processor.py:830} INFO - Processing file /home/airflow/.local/lib/python3.12/site-packages/airflow/example_dags/plugins/event_listener.py for tasks to queue
[2025-06-20T16:48:49.350+0000] {logging_mixin.py:188} INFO - [2025-06-20T16:48:49.350+0000] {dagbag.py:540} INFO - Filling up the DagBag from /home/airflow/.local/lib/python3.12/site-packages/airflow/example_dags/plugins/event_listener.py
[2025-06-20T16:48:49.353+0000] {processor.py:842} WARNING - No viable dags retrieved from /home/airflow/.local/lib/python3.12/site-packages/airflow/example_dags/plugins/event_listener.py
[2025-06-20T16:48:49.366+0000] {processor.py:183} INFO - Processing /home/airflow/.local/lib/python3.12/site-packages/airflow/example_dags/plugins/event_listener.py took 0.024 seconds
[2025-06-20T16:49:19.801+0000] {processor.py:161} INFO - Started process (PID=701) to work on /home/airflow/.local/lib/python3.12/site-packages/airflow/example_dags/plugins/event_listener.py
[2025-06-20T16:49:19.802+0000] {processor.py:830} INFO - Processing file /home/airflow/.local/lib/python3.12/site-packages/airflow/example_dags/plugins/event_listener.py for tasks to queue
[2025-06-20T16:49:19.804+0000] {logging_mixin.py:188} INFO - [2025-06-20T16:49:19.804+0000] {dagbag.py:540} INFO - Filling up the DagBag from /home/airflow/.local/lib/python3.12/site-packages/airflow/example_dags/plugins/event_listener.py
[2025-06-20T16:49:19.807+0000] {processor.py:842} WARNING - No viable dags retrieved from /home/airflow/.local/lib/python3.12/site-packages/airflow/example_dags/plugins/event_listener.py
[2025-06-20T16:49:19.822+0000] {processor.py:183} INFO - Processing /home/airflow/.local/lib/python3.12/site-packages/airflow/example_dags/plugins/event_listener.py took 0.028 seconds
[2025-06-20T16:49:50.136+0000] {processor.py:161} INFO - Started process (PID=760) to work on /home/airflow/.local/lib/python3.12/site-packages/airflow/example_dags/plugins/event_listener.py
[2025-06-20T16:49:50.137+0000] {processor.py:830} INFO - Processing file /home/airflow/.local/lib/python3.12/site-packages/airflow/example_dags/plugins/event_listener.py for tasks to queue
[2025-06-20T16:49:50.139+0000] {logging_mixin.py:188} INFO - [2025-06-20T16:49:50.139+0000] {dagbag.py:540} INFO - Filling up the DagBag from /home/airflow/.local/lib/python3.12/site-packages/airflow/example_dags/plugins/event_listener.py
[2025-06-20T16:49:50.141+0000] {processor.py:842} WARNING - No viable dags retrieved from /home/airflow/.local/lib/python3.12/site-packages/airflow/example_dags/plugins/event_listener.py
[2025-06-20T16:49:50.154+0000] {processor.py:183} INFO - Processing /home/airflow/.local/lib/python3.12/site-packages/airflow/example_dags/plugins/event_listener.py took 0.024 seconds
[2025-06-20T16:50:20.619+0000] {processor.py:161} INFO - Started process (PID=819) to work on /home/airflow/.local/lib/python3.12/site-packages/airflow/example_dags/plugins/event_listener.py
[2025-06-20T16:50:20.620+0000] {processor.py:830} INFO - Processing file /home/airflow/.local/lib/python3.12/site-packages/airflow/example_dags/plugins/event_listener.py for tasks to queue
[2025-06-20T16:50:20.622+0000] {logging_mixin.py:188} INFO - [2025-06-20T16:50:20.622+0000] {dagbag.py:540} INFO - Filling up the DagBag from /home/airflow/.local/lib/python3.12/site-packages/airflow/example_dags/plugins/event_listener.py
[2025-06-20T16:50:20.624+0000] {processor.py:842} WARNING - No viable dags retrieved from /home/airflow/.local/lib/python3.12/site-packages/airflow/example_dags/plugins/event_listener.py
[2025-06-20T16:50:20.638+0000] {processor.py:183} INFO - Processing /home/airflow/.local/lib/python3.12/site-packages/airflow/example_dags/plugins/event_listener.py took 0.025 seconds
[2025-06-20T16:50:51.000+0000] {processor.py:161} INFO - Started process (PID=878) to work on /home/airflow/.local/lib/python3.12/site-packages/airflow/example_dags/plugins/event_listener.py
[2025-06-20T16:50:51.002+0000] {processor.py:830} INFO - Processing file /home/airflow/.local/lib/python3.12/site-packages/airflow/example_dags/plugins/event_listener.py for tasks to queue
[2025-06-20T16:50:51.004+0000] {logging_mixin.py:188} INFO - [2025-06-20T16:50:51.003+0000] {dagbag.py:540} INFO - Filling up the DagBag from /home/airflow/.local/lib/python3.12/site-packages/airflow/example_dags/plugins/event_listener.py
[2025-06-20T16:50:51.006+0000] {processor.py:842} WARNING - No viable dags retrieved from /home/airflow/.local/lib/python3.12/site-packages/airflow/example_dags/plugins/event_listener.py
[2025-06-20T16:50:51.019+0000] {processor.py:183} INFO - Processing /home/airflow/.local/lib/python3.12/site-packages/airflow/example_dags/plugins/event_listener.py took 0.028 seconds
